{"type":"FeatureCollection","features":[{"type":"Feature","properties":{"k":"motorway"},"geometry":{"type":"MultiLineString","coordinates":[[[-103.90844,26.33937],[-103.88705,26.30214]],[[-103.88669,26.30231],[-103.90825,26.33944]],[[-103.88705,26.30214],[-103.88669,26.30231]],[[-103.88705,26.30214],[-103.87032,26.27318],[-103.84945,26.24125],[-103.81765,26.20881],[-103.8166,26.20788],[-103.81532,26.20721],[-103.77577,26.19118]],[[-103.77555,26.19149],[-103.81525,26.20758],[-103.81636,26.20817],[-103.81775,26.20945],[-103.84915,26.2415],[-103.86984,26.27318],[-103.88669,26.30231]],[[-103.77577,26.19118],[-103.77555,26.19149]],[[-103.77577,26.19118],[-103.75238,26.18162],[-103.75096,26.18059],[-103.74879,26.17783]],[[-103.74862,26.1779],[-103.75096,26.1809],[-103.75256,26.18209],[-103.77555,26.19149]],[[-103.74879,26.17783],[-103.74862,26.1779]],[[-103.74879,26.17783],[-103.74191,26.16855],[-103.67726,26.08394],[-103.67651,26.08251],[-103.67455,26.07757]],[[-103.67414,26.0777],[-103.67614,26.08265],[-103.67706,26.08435],[-103.74862,26.1779]],[[-103.75799,25.14134],[-103.75809,25.14094],[-103.75806,25.13974],[-103.7585,25.13862],[-103.75823,25.13691]],[[-103.75822,25.13471],[-103.75712,25.13649],[-103.75659,25.1365],[-103.75619,25.136]],[[-103.69423,25.20264],[-103.69835,25.202],[-103.69955,25.20166],[-103.70148,25.20067],[-103.70271,25.19958],[-103.71291,25.18692],[-103.71374,25.18551],[-103.71932,25.17425],[-103.72037,25.17261],[-103.72209,25.17059],[-103.72403,25.16899],[-103.73219,25.1631],[-103.73445,25.16125],[-103.73687,25.15897],[-103.74295,25.15273],[-103.75645,25.14406],[-103.75746,25.1429],[-103.75786,25.142],[-103.75799,25.14134]],[[-103.75799,25.14134],[-103.75794,25.14016],[-103.75742,25.1387]],[[-103.75788,25.14036],[-103.75775,25.14207],[-103.75724,25.14309],[-103.75669,25.14374],[-103.74293,25.15264],[-103.73436,25.16122],[-103.7317,25.16336],[-103.72328,25.16945],[-103.72133,25.17122],[-103.7194,25.17389],[-103.7128,25.18693],[-103.7023,25.19987],[-103.70099,25.20089],[-103.6993,25.20165],[-103.69413,25.20257]],[[-103.75757,25.13927],[-103.75788,25.14036]],[[-103.75544,25.14059],[-103.75594,25.14027],[-103.75734,25.13995],[-103.75766,25.14001],[-103.75788,25.14036]],[[-103.75701,25.13779],[-103.75713,25.13728],[-103.75766,25.13722],[-103.75792,25.13758],[-103.75775,25.13803]],[[-103.75757,25.13927],[-103.75751,25.13972],[-103.75702,25.13986],[-103.7567,25.13962],[-103.75675,25.13914]],[[-103.75717,25.13835],[-103.75757,25.13927]],[[-103.75755,25.13825],[-103.75815,25.1382],[-103.75834,25.1387],[-103.75788,25.13897],[-103.75742,25.1387]],[[-103.75742,25.1387],[-103.75701,25.13779]],[[-103.75653,25.13691],[-103.75717,25.13835]],[[-103.75706,25.13878],[-103.75645,25.13885],[-103.75624,25.13842],[-103.75663,25.13806],[-103.75717,25.13835]],[[-103.75701,25.13779],[-103.75619,25.136]],[[-103.75653,25.13691],[-103.75652,25.13766],[-103.75394,25.1422]],[[-103.72267,25.05472],[-103.73209,25.07874],[-103.74658,25.11063],[-103.74763,25.11353],[-103.75095,25.12445],[-103.75653,25.13691]],[[-103.75619,25.136],[-103.75105,25.12447],[-103.74678,25.11063],[-103.73197,25.07793],[-103.72285,25.05467]],[[-103.69423,25.20264],[-103.69521,25.20285],[-103.69683,25.20412]],[[-103.62423,25.26393],[-103.6313,25.24933],[-103.63951,25.23407],[-103.64234,25.22919],[-103.64509,25.22577],[-103.65598,25.21459],[-103.66126,25.2087],[-103.66334,25.20739],[-103.6659,25.20657],[-103.67689,25.20536],[-103.69423,25.20264]],[[-103.69419,25.20078],[-103.69478,25.20205],[-103.69461,25.20236],[-103.69413,25.20257]],[[-103.69413,25.20257],[-103.67591,25.20542],[-103.66583,25.2065],[-103.6632,25.20735],[-103.66111,25.20871],[-103.65564,25.21478],[-103.64447,25.22632],[-103.64234,25.22902],[-103.63763,25.23724],[-103.63312,25.24566],[-103.63088,25.24998],[-103.62415,25.2639]],[[-103.67455,26.07757],[-103.67414,26.0777]],[[-103.67455,26.07757],[-103.63878,25.98834],[-103.63516,25.9799],[-103.63305,25.97402],[-103.62706,25.95899],[-103.62676,25.95717],[-103.62782,25.94526],[-103.62757,25.94424],[-103.624,25.93501],[-103.62239,25.92491]],[[-103.6222,25.92495],[-103.62317,25.93423],[-103.62754,25.94515],[-103.62756,25.94651],[-103.62647,25.95761],[-103.62671,25.95917],[-103.67414,26.0777]],[[-103.64106,25.51973],[-103.64035,25.52026]],[[-103.64064,25.5205],[-103.64035,25.52026]],[[-103.64033,25.52042],[-103.64061,25.52056]],[[-103.64035,25.52026],[-103.63973,25.51984],[-103.63978,25.51878]],[[-103.64033,25.52042],[-103.64032,25.52135]],[[-103.6395,25.52204],[-103.63972,25.52031],[-103.63996,25.5202],[-103.64033,25.52042]],[[-103.63959,25.51992],[-103.63978,25.51878]],[[-103.63978,25.51878],[-103.64008,25.51301],[-103.63954,25.49048],[-103.63965,25.48846],[-103.64015,25.4872],[-103.64082,25.48625],[-103.65138,25.47526],[-103.65279,25.47299],[-103.6532,25.47147],[-103.65355,25.46873],[-103.65367,25.46643],[-103.65561,25.44991],[-103.65558,25.44809],[-103.65515,25.44613],[-103.64645,25.42147],[-103.64609,25.41924],[-103.64624,25.41722],[-103.64682,25.41529],[-103.65487,25.39432],[-103.66738,25.37006],[-103.66806,25.36796],[-103.66821,25.36574],[-103.66801,25.36414],[-103.66744,25.36236],[-103.66012,25.34808],[-103.65221,25.3301],[-103.65013,25.32626],[-103.63311,25.29682],[-103.62259,25.27377],[-103.62191,25.2715],[-103.6219,25.26978],[-103.62253,25.26754],[-103.62423,25.26393]],[[-103.63947,25.52161],[-103.63959,25.51992]],[[-103.63947,25.52161],[-103.63952,25.52125],[-103.63959,25.51992]],[[-103.63844,25.54949],[-103.63873,25.53211],[-103.6395,25.52204]],[[-103.6395,25.52204],[-103.63947,25.52161]],[[-103.63946,25.51873],[-103.63927,25.51985],[-103.63874,25.52027],[-103.63843,25.52351],[-103.63791,25.52454]],[[-103.63946,25.51873],[-103.63941,25.52001]],[[-103.62415,25.2639],[-103.62245,25.26748],[-103.62182,25.26974],[-103.62181,25.27141],[-103.62264,25.27409],[-103.63303,25.29686],[-103.65214,25.33015],[-103.66041,25.34892],[-103.66723,25.36215],[-103.66793,25.36425],[-103.66813,25.36599],[-103.66797,25.36792],[-103.66731,25.37001],[-103.65478,25.39429],[-103.64667,25.41543],[-103.64611,25.4174],[-103.646,25.41935],[-103.64634,25.42142],[-103.65506,25.44614],[-103.6555,25.44816],[-103.65552,25.44985],[-103.65355,25.46647],[-103.65342,25.46899],[-103.65308,25.47153],[-103.65264,25.47305],[-103.65105,25.47549],[-103.64059,25.48638],[-103.63995,25.48737],[-103.63959,25.48832],[-103.63943,25.48986],[-103.64,25.51275],[-103.63946,25.51873]],[[-103.63941,25.52001],[-103.63925,25.52063],[-103.63926,25.52159]],[[-103.63941,25.52001],[-103.63926,25.52159]],[[-103.63926,25.52159],[-103.63915,25.52314]],[[-103.63915,25.52314],[-103.63844,25.53216],[-103.63814,25.54949]],[[-103.63842,25.52405],[-103.63866,25.52182],[-103.63882,25.52169],[-103.63909,25.52183],[-103.63915,25.52314]],[[-103.63874,25.5243],[-103.63842,25.52405]],[[-103.63814,25.54949],[-103.63844,25.54949]],[[-103.59372,25.57165],[-103.61703,25.56661],[-103.61866,25.566],[-103.63593,25.55797],[-103.63732,25.55698],[-103.63812,25.55563],[-103.63834,25.55427],[-103.63844,25.54949]],[[-103.63814,25.54949],[-103.63806,25.55421],[-103.63785,25.55551],[-103.63717,25.55674],[-103.63549,25.55789],[-103.61713,25.56629],[-103.59365,25.57139]],[[-103.63832,25.52464],[-103.63842,25.52405]],[[-103.63791,25.52454],[-103.63816,25.52474]],[[-103.63791,25.52454],[-103.63691,25.52542]],[[-103.62239,25.92491],[-103.62215,25.92324]],[[-103.62239,25.92491],[-103.62216,25.9237],[-103.62215,25.92324]],[[-103.62195,25.92287],[-103.6222,25.92495]],[[-103.62195,25.92287],[-103.62214,25.92473],[-103.6222,25.92495]],[[-103.62215,25.92324],[-103.62177,25.92078],[-103.61091,25.89375]],[[-103.61058,25.89365],[-103.62154,25.92082],[-103.62195,25.92287]],[[-103.62423,25.26393],[-103.62415,25.2639]],[[-103.61071,25.88428],[-103.61436,25.87101],[-103.61436,25.86986],[-103.61389,25.86857]],[[-103.61237,25.86596],[-103.61396,25.86926],[-103.6142,25.87085],[-103.61037,25.88487]],[[-103.61091,25.89375],[-103.61067,25.89222],[-103.61102,25.89038],[-103.61111,25.88804],[-103.61061,25.88563],[-103.61071,25.88428]],[[-103.61091,25.89375],[-103.61019,25.89138],[-103.61028,25.88631],[-103.61071,25.88428]],[[-103.61037,25.88487],[-103.61018,25.8862],[-103.61009,25.89168],[-103.61058,25.89365]],[[-103.61037,25.88487],[-103.60933,25.88761],[-103.60922,25.88956],[-103.60954,25.89128],[-103.61058,25.89365]],[[-103.52196,25.62062],[-103.52622,25.6165],[-103.52856,25.61345],[-103.54411,25.58759],[-103.54606,25.58555],[-103.55271,25.57988],[-103.55421,25.57913],[-103.55605,25.57867],[-103.56831,25.57761],[-103.57166,25.57714],[-103.58831,25.57282],[-103.59372,25.57165]],[[-103.59372,25.57165],[-103.59365,25.57139]],[[-103.59365,25.57139],[-103.58823,25.57257],[-103.5717,25.57686],[-103.56855,25.57731],[-103.55564,25.57846],[-103.554,25.57892],[-103.55236,25.5798],[-103.54516,25.58625],[-103.54385,25.5878],[-103.52884,25.61283],[-103.52709,25.61535],[-103.52053,25.62186],[-103.51924,25.62249],[-103.51777,25.62257]],[[-103.51903,25.62311],[-103.52039,25.62208],[-103.52196,25.62062]],[[-103.51852,25.62392],[-103.52196,25.62062]],[[-103.51984,25.63008],[-103.51905,25.62861],[-103.51727,25.62626],[-103.51719,25.62551],[-103.51766,25.62474]],[[-103.51725,25.62433],[-103.51903,25.62311]],[[-103.51852,25.62392],[-103.51903,25.62311]],[[-103.51903,25.62311],[-103.51869,25.62273],[-103.51777,25.62257]],[[-103.51766,25.62474],[-103.51852,25.62392]],[[-103.51777,25.62257],[-103.51697,25.6225]],[[-103.51634,25.62476],[-103.51699,25.62501],[-103.51766,25.62474]],[[-103.51634,25.62476],[-103.51725,25.62433]],[[-103.51725,25.62433],[-103.5175,25.62369],[-103.51697,25.6225]],[[-103.51697,25.6225],[-103.51623,25.62101]],[[-103.51697,25.6225],[-103.51687,25.62249]],[[-103.51687,25.62249],[-103.51594,25.62218],[-103.51545,25.62155],[-103.51523,25.61912],[-103.51484,25.61744]],[[-103.51687,25.62249],[-103.51675,25.62249],[-103.51663,25.62249],[-103.5165,25.6225],[-103.51619,25.62252],[-103.51566,25.6227]],[[-103.51308,25.6261],[-103.51572,25.62513],[-103.51625,25.62527],[-103.5167,25.62578]],[[-103.51308,25.6261],[-103.51634,25.62476]],[[-103.51566,25.6227],[-103.51536,25.62303],[-103.51533,25.62346],[-103.51634,25.62476]],[[-103.51566,25.6227],[-103.51508,25.62313],[-103.51406,25.62487]],[[-103.5152,25.62127],[-103.51498,25.62242],[-103.51406,25.62487]],[[-103.51406,25.62487],[-103.5134,25.62568],[-103.51194,25.62677]],[[-103.51194,25.62677],[-103.51308,25.6261]],[[-103.37265,25.65116],[-103.37553,25.65175],[-103.37848,25.65306],[-103.39148,25.66274],[-103.39371,25.66392],[-103.41,25.66806],[-103.41195,25.6682],[-103.41342,25.66779],[-103.42257,25.66359],[-103.43322,25.66013],[-103.43789,25.6569],[-103.44346,25.6539],[-103.44997,25.64961],[-103.46393,25.64323],[-103.47859,25.6357],[-103.48045,25.63526],[-103.48819,25.63409],[-103.4896,25.63402],[-103.49153,25.63431],[-103.49975,25.6369],[-103.50123,25.63699],[-103.50246,25.63668],[-103.50355,25.63605],[-103.50407,25.63552],[-103.50883,25.62926],[-103.51022,25.62799],[-103.51194,25.62677]],[[-103.44805,25.57618],[-103.4498,25.57563],[-103.45463,25.57459]],[[-103.45462,25.57447],[-103.44977,25.57553],[-103.44843,25.57567]],[[-103.44859,25.57554],[-103.44843,25.57567]],[[-103.44843,25.57567],[-103.44788,25.57575]],[[-103.44502,25.57684],[-103.44805,25.57618]],[[-103.44805,25.57618],[-103.4481,25.57589],[-103.44788,25.57575]],[[-103.44788,25.57575],[-103.44488,25.57643]],[[-103.43977,25.57784],[-103.44502,25.57684]],[[-103.44373,25.57718],[-103.44502,25.57684]],[[-103.44488,25.57643],[-103.44481,25.57664],[-103.44502,25.57684]],[[-103.44488,25.57643],[-103.44447,25.57653]],[[-103.44447,25.57653],[-103.44316,25.57679]],[[-103.44447,25.57653],[-103.44285,25.57705],[-103.43893,25.57791]],[[-103.43977,25.57784],[-103.44163,25.5776]],[[-103.44054,25.57737],[-103.43893,25.57791]],[[-103.4376,25.57833],[-103.43977,25.57784]],[[-103.43893,25.57791],[-103.43775,25.57817]],[[-103.43775,25.57817],[-103.4361,25.57836]],[[-103.43775,25.57817],[-103.42764,25.58037]],[[-103.42807,25.58039],[-103.4376,25.57833]],[[-103.43602,25.57882],[-103.4376,25.57833]],[[-103.42807,25.58039],[-103.42985,25.58018]],[[-103.42908,25.57988],[-103.42764,25.58037]],[[-103.42792,25.58042],[-103.42807,25.58039]],[[-103.41857,25.58243],[-103.42792,25.58042]],[[-103.42732,25.58074],[-103.42792,25.58042]],[[-103.42764,25.58037],[-103.42129,25.58175]],[[-103.42129,25.58175],[-103.41999,25.58187]],[[-103.42129,25.58175],[-103.41732,25.58273],[-103.41297,25.58497]],[[-103.41857,25.58243],[-103.41993,25.58233]],[[-103.41303,25.58505],[-103.41736,25.5828],[-103.41857,25.58243]],[[-103.41439,25.584],[-103.41297,25.58497]],[[-103.41303,25.58505],[-103.41392,25.58476]],[[-103.40553,25.58381],[-103.40871,25.58529],[-103.40978,25.58563],[-103.41132,25.58562],[-103.41303,25.58505]],[[-103.41297,25.58497],[-103.41129,25.58554],[-103.4098,25.58554],[-103.40868,25.58519],[-103.40572,25.58377]],[[-103.40665,25.58401],[-103.40572,25.58377]],[[-103.40553,25.58381],[-103.40651,25.58442]],[[-103.40572,25.58377],[-103.40342,25.58262]],[[-103.40345,25.58277],[-103.40553,25.58381]],[[-103.39612,25.57918],[-103.40345,25.58277]],[[-103.4028,25.58262],[-103.40345,25.58277]],[[-103.40342,25.58262],[-103.40285,25.58216]],[[-103.40342,25.58262],[-103.39662,25.57931]],[[-103.39716,25.5794],[-103.39662,25.57931]],[[-103.39662,25.57931],[-103.39574,25.57889]],[[-103.39612,25.57918],[-103.39659,25.57961]],[[-103.39446,25.57839],[-103.39612,25.57918]],[[-103.39574,25.57889],[-103.39496,25.57834]],[[-103.39574,25.57889],[-103.39263,25.57738],[-103.39171,25.57675],[-103.39085,25.57582],[-103.38895,25.57304]],[[-103.389,25.57335],[-103.39143,25.57661],[-103.39241,25.57735],[-103.39446,25.57839]],[[-103.39409,25.57838],[-103.39446,25.57839]],[[-103.38962,25.57377],[-103.38895,25.57304]],[[-103.3807,25.5606],[-103.389,25.57335]],[[-103.38831,25.57257],[-103.389,25.57335]],[[-103.38895,25.57304],[-103.38135,25.56144]],[[-103.38135,25.56144],[-103.38092,25.56042]],[[-103.38135,25.56144],[-103.37747,25.55518]],[[-103.3807,25.5606],[-103.38106,25.56149]],[[-103.3771,25.5548],[-103.3807,25.5606]],[[-103.37828,25.55608],[-103.37747,25.55518]],[[-103.3771,25.5548],[-103.37752,25.55576]],[[-103.37747,25.55518],[-103.37301,25.54791]],[[-103.37059,25.54322],[-103.3713,25.54532],[-103.3771,25.5548]],[[-103.37265,25.65116],[-103.37084,25.65078]],[[-103.37076,25.6509],[-103.37265,25.65116]],[[-103.37301,25.54791],[-103.37241,25.5466]],[[-103.37301,25.54791],[-103.37118,25.54484],[-103.37089,25.54321]],[[-103.37084,25.65078],[-103.36779,25.65015]],[[-103.37084,25.65078],[-103.3607,25.64897]],[[-103.36033,25.649],[-103.37076,25.6509]],[[-103.36742,25.65037],[-103.37076,25.6509]],[[-103.36779,25.65015],[-103.36671,25.64963],[-103.36595,25.64862],[-103.36637,25.64609]],[[-103.36779,25.65015],[-103.36593,25.64982]],[[-103.36441,25.65223],[-103.36495,25.6514],[-103.3655,25.65096],[-103.36646,25.65047],[-103.36742,25.65037]],[[-103.36591,25.6501],[-103.36742,25.65037]],[[-103.36537,25.6492],[-103.3657,25.64896],[-103.36615,25.64919],[-103.36628,25.64963],[-103.36593,25.64982]],[[-103.36593,25.64982],[-103.36443,25.64954]],[[-103.36591,25.6501],[-103.36601,25.65055],[-103.36546,25.65082],[-103.36511,25.65075],[-103.36499,25.65041]],[[-103.3644,25.64982],[-103.36591,25.6501]],[[-103.36585,25.64738],[-103.36505,25.64845],[-103.36417,25.64897],[-103.36328,25.64917],[-103.36213,25.64913]],[[-103.36443,25.64954],[-103.36418,25.64923],[-103.36457,25.64885],[-103.36513,25.64881],[-103.36526,25.64921]],[[-103.36486,25.65044],[-103.3645,25.65066],[-103.364,25.65029],[-103.36401,25.64991],[-103.3644,25.64982]],[[-103.36443,25.64954],[-103.36213,25.64913]],[[-103.36199,25.64936],[-103.36316,25.64972],[-103.36374,25.65016],[-103.36436,25.65108],[-103.36439,25.65195]],[[-103.36199,25.64936],[-103.3644,25.64982]],[[-103.36213,25.64913],[-103.3607,25.64897]],[[-103.36033,25.649],[-103.36199,25.64936]],[[-103.3607,25.64897],[-103.36,25.64888]],[[-103.36,25.64888],[-103.36033,25.649]],[[-103.21728,25.54214],[-103.21862,25.54473],[-103.21934,25.54544],[-103.22022,25.54597],[-103.23173,25.54877],[-103.23983,25.55186],[-103.24089,25.55262],[-103.24138,25.55322],[-103.24198,25.55445],[-103.24687,25.57016],[-103.24837,25.5738],[-103.24928,25.57792],[-103.25816,25.60721],[-103.25858,25.60827],[-103.25976,25.60962],[-103.2609,25.61024],[-103.26195,25.6105],[-103.29655,25.61521],[-103.29826,25.61525],[-103.30594,25.61454],[-103.30771,25.61456],[-103.30927,25.61489],[-103.31897,25.6181],[-103.32664,25.61937],[-103.32795,25.62002],[-103.32888,25.62093],[-103.33378,25.62941],[-103.3394,25.63662],[-103.3414,25.64067],[-103.34277,25.64244],[-103.34652,25.64548],[-103.34875,25.6467],[-103.35026,25.64712],[-103.36,25.64888]],[[-103.21806,25.53799],[-103.22172,25.53769],[-103.22303,25.53775]],[[-103.22273,25.53719],[-103.22137,25.53683],[-103.22003,25.53719]],[[-103.22072,25.5351],[-103.22079,25.53637],[-103.22003,25.53719]],[[-103.22003,25.53719],[-103.21846,25.53769],[-103.21486,25.53801]],[[-103.21517,25.53823],[-103.21806,25.53799]],[[-103.21709,25.54165],[-103.21637,25.5397],[-103.21636,25.53918],[-103.21697,25.53834],[-103.21806,25.53799]],[[-103.21728,25.54214],[-103.21709,25.54165]],[[-103.217,25.5416],[-103.21728,25.54214]],[[-103.21709,25.54165],[-103.21587,25.53905],[-103.21517,25.53823]],[[-103.21506,25.53824],[-103.21579,25.53909],[-103.217,25.5416]],[[-103.21231,25.53849],[-103.21395,25.53867],[-103.21522,25.53925],[-103.21617,25.54017],[-103.217,25.5416]],[[-103.21506,25.53824],[-103.21517,25.53823]],[[-103.21517,25.53823],[-103.21486,25.53801]],[[-103.21231,25.53849],[-103.21506,25.53824]],[[-103.21474,25.53802],[-103.21506,25.53824]],[[-103.21486,25.53801],[-103.21474,25.53802]],[[-103.21486,25.53801],[-103.21383,25.53755],[-103.21255,25.53741],[-103.20743,25.53859]],[[-103.21474,25.53802],[-103.21272,25.53819]],[[-103.21272,25.53819],[-103.21218,25.53799],[-103.21231,25.53753],[-103.21356,25.53756],[-103.21474,25.53802]],[[-103.21272,25.53819],[-103.20743,25.53859]],[[-103.0482,25.54889],[-103.05561,25.54551],[-103.05783,25.545],[-103.14848,25.54209],[-103.19269,25.54005],[-103.21231,25.53849]],[[-103.20743,25.53859],[-103.19265,25.5398],[-103.148,25.54186],[-103.09786,25.54358],[-103.05789,25.54472],[-103.05518,25.5454],[-103.01543,25.56363]],[[-103.04232,25.55158],[-103.0482,25.54889]],[[-103.04232,25.55158],[-103.04411,25.55089],[-103.0482,25.54889]],[[-103.01555,25.56387],[-103.04232,25.55158]],[[-102.96564,25.58672],[-103.01555,25.56387]],[[-103.01555,25.56387],[-103.01543,25.56363]],[[-103.01543,25.56363],[-102.96552,25.58651]],[[-102.87929,25.62664],[-102.91234,25.61157],[-102.96564,25.58672]],[[-102.96564,25.58672],[-102.96552,25.58651]],[[-102.96552,25.58651],[-102.91222,25.61143],[-102.87857,25.62683]],[[-102.87976,25.62683],[-102.87982,25.6275],[-102.87924,25.62764],[-102.87894,25.62741],[-102.8789,25.62711],[-102.87929,25.62664]],[[-102.86889,25.63132],[-102.87929,25.62664]],[[-102.87857,25.62683],[-102.87804,25.62668],[-102.87794,25.62617],[-102.87819,25.62599],[-102.87876,25.62605]],[[-102.87857,25.62683],[-102.87743,25.62733]],[[-102.87743,25.62733],[-102.8714,25.62997],[-102.871,25.6298],[-102.87101,25.62919]],[[-102.87566,25.62589],[-102.87712,25.62574],[-102.87751,25.62588],[-102.87784,25.62653],[-102.87743,25.62733]]]}},{"type":"Feature","properties":{"k":"trunk"},"geometry":{"type":"MultiLineString","coordinates":[[[-103.64106,25.51973],[-103.64042,25.52101]],[[-103.64042,25.52101],[-103.64002,25.52336],[-103.63775,25.52496],[-103.63149,25.52757],[-103.63036,25.52783],[-103.62915,25.52785],[-103.5681,25.52141],[-103.56235,25.51931],[-103.55842,25.51853],[-103.55546,25.51692],[-103.55385,25.51564],[-103.55264,25.51486],[-103.54626,25.51198],[-103.5446,25.51169],[-103.5407,25.512],[-103.53845,25.5118]],[[-103.53472,25.5121],[-103.53728,25.51185],[-103.54065,25.51213],[-103.54443,25.51177],[-103.5458,25.51193],[-103.55251,25.51488],[-103.55546,25.51703],[-103.558,25.51844],[-103.55897,25.5188],[-103.56211,25.51935],[-103.56688,25.52116],[-103.56829,25.52154],[-103.62905,25.52794],[-103.63043,25.52791],[-103.63146,25.52768],[-103.63739,25.52523],[-103.64001,25.52347],[-103.64025,25.52281],[-103.64042,25.52101]],[[-103.61389,25.86857],[-103.60066,25.84102]],[[-103.60047,25.84109],[-103.61237,25.86596]],[[-103.60066,25.84102],[-103.60047,25.84109]],[[-103.60066,25.84102],[-103.59921,25.83796]],[[-103.59903,25.83801],[-103.60047,25.84109]],[[-103.59921,25.83796],[-103.59903,25.83801]],[[-103.59921,25.83796],[-103.58355,25.78982],[-103.52579,25.64495]],[[-103.53288,25.66312],[-103.58342,25.79003],[-103.59903,25.83801]],[[-103.53845,25.5118],[-103.53739,25.51167],[-103.53634,25.51171],[-103.53333,25.51206]],[[-103.53845,25.5118],[-103.53721,25.51174],[-103.53333,25.51206]],[[-103.53064,25.65756],[-103.53288,25.66312]],[[-103.53184,25.6613],[-103.53202,25.66138],[-103.53288,25.66312]],[[-103.53308,25.51214],[-103.53472,25.5121]],[[-103.53038,25.51725],[-103.53071,25.5155],[-103.53178,25.51316],[-103.5328,25.51245],[-103.53472,25.5121]],[[-103.53064,25.65756],[-103.53163,25.66059]],[[-103.53333,25.51206],[-103.52841,25.5121]],[[-103.53333,25.51206],[-103.53308,25.51214]],[[-103.53172,25.51217],[-103.53308,25.51214]],[[-103.53308,25.51214],[-103.53185,25.5128],[-103.53123,25.51365]],[[-103.52515,25.64378],[-103.53064,25.65756]],[[-103.53172,25.51217],[-103.53187,25.51251],[-103.53123,25.51365]],[[-103.52759,25.51244],[-103.52826,25.5122],[-103.52852,25.51219],[-103.53168,25.51216],[-103.53172,25.51217]],[[-103.5311,25.53016],[-103.53433,25.53708],[-103.53493,25.53875],[-103.535,25.53994],[-103.5345,25.54141],[-103.52986,25.5495]],[[-103.53093,25.52983],[-103.5311,25.53016]],[[-103.53093,25.52983],[-103.53082,25.53007],[-103.5311,25.53016]],[[-103.53123,25.51365],[-103.53048,25.51605]],[[-103.52961,25.52331],[-103.53003,25.52733],[-103.53035,25.5286],[-103.53093,25.52983]],[[-103.52703,25.55536],[-103.5302,25.54967]],[[-103.5302,25.54967],[-103.53475,25.54113],[-103.53506,25.54019],[-103.53511,25.5394],[-103.53489,25.53828],[-103.5332,25.53374],[-103.53042,25.5283],[-103.53017,25.52726],[-103.53012,25.52569]],[[-103.5302,25.54967],[-103.52986,25.5495]],[[-103.53048,25.51605],[-103.5301,25.51713]],[[-103.53038,25.51725],[-103.53048,25.51605]],[[-103.53048,25.51605],[-103.53071,25.5146],[-103.53035,25.51406]],[[-103.53012,25.52569],[-103.53035,25.52371]],[[-103.53012,25.52569],[-103.53112,25.52299],[-103.53029,25.51951],[-103.53038,25.51725]],[[-103.53035,25.51406],[-103.53026,25.51415]],[[-103.53035,25.51406],[-103.52893,25.51294],[-103.52762,25.51319],[-103.52738,25.51298],[-103.52743,25.51269]],[[-103.52986,25.5495],[-103.52332,25.56131]],[[-103.53026,25.51415],[-103.53055,25.5146],[-103.5301,25.51713]],[[-103.5291,25.51333],[-103.53026,25.51415]],[[-103.5301,25.51713],[-103.52934,25.51978],[-103.52961,25.52331]],[[-103.52961,25.52331],[-103.52928,25.52375]],[[-103.52841,25.5121],[-103.52723,25.5112],[-103.52705,25.51087]],[[-103.52841,25.5121],[-103.5276,25.51188]],[[-103.52703,25.55536],[-103.52732,25.55535]],[[-103.52759,25.51244],[-103.5276,25.51188]],[[-103.5276,25.51188],[-103.52722,25.51165],[-103.52675,25.51177],[-103.52655,25.51215],[-103.52676,25.51253]],[[-103.52751,25.51252],[-103.52759,25.51244]],[[-103.52328,25.56212],[-103.52703,25.55536]],[[-103.52676,25.51253],[-103.52717,25.51264],[-103.52751,25.51252]],[[-103.52743,25.51269],[-103.52751,25.51252]],[[-103.50756,25.53595],[-103.51035,25.53494],[-103.51345,25.53326],[-103.51584,25.53157],[-103.51784,25.52951],[-103.51902,25.52784],[-103.52575,25.51596],[-103.52722,25.51394],[-103.52728,25.51299],[-103.52743,25.51269]],[[-103.52579,25.64495],[-103.52516,25.64296],[-103.52532,25.64256],[-103.52575,25.64222]],[[-103.52579,25.64495],[-103.52404,25.64054]],[[-103.52561,25.64218],[-103.52479,25.642],[-103.52404,25.64054]],[[-103.52676,25.51253],[-103.52713,25.51302],[-103.52709,25.51394],[-103.52567,25.51586],[-103.52353,25.51986],[-103.52059,25.52466],[-103.51891,25.52779],[-103.51777,25.52942],[-103.51604,25.53125],[-103.51393,25.53284],[-103.51103,25.53451],[-103.50753,25.53587]],[[-103.52439,25.64184],[-103.52515,25.64378]],[[-103.52125,25.64397],[-103.52426,25.64302],[-103.52475,25.64316],[-103.52515,25.64378]],[[-103.52439,25.64184],[-103.52432,25.64231],[-103.52405,25.64262],[-103.52164,25.64371]],[[-103.51322,25.61399],[-103.51484,25.61805],[-103.51535,25.62246],[-103.51612,25.62471],[-103.5167,25.62578],[-103.51871,25.62837],[-103.51951,25.62975],[-103.52439,25.64184]],[[-103.52404,25.64054],[-103.51507,25.61793],[-103.5056,25.59594]],[[-103.52332,25.56131],[-103.52289,25.56135]],[[-103.52332,25.56131],[-103.52295,25.56196]],[[-103.52048,25.56926],[-103.52042,25.56823],[-103.52069,25.56689],[-103.52328,25.56212]],[[-103.52328,25.56212],[-103.52295,25.56196]],[[-103.52295,25.56196],[-103.52036,25.56663],[-103.52007,25.56785],[-103.52014,25.56927]],[[-103.52284,25.56141],[-103.52295,25.56196]],[[-103.52089,25.57787],[-103.52109,25.57808],[-103.52126,25.57777]],[[-103.5202,25.58243],[-103.52125,25.57947],[-103.52126,25.57777]],[[-103.52126,25.57777],[-103.52048,25.56926]],[[-103.52089,25.57787],[-103.52084,25.57955],[-103.51989,25.58205]],[[-103.52014,25.56927],[-103.52089,25.57787]],[[-103.52048,25.56926],[-103.5203,25.56919],[-103.52014,25.56927]],[[-103.52004,25.58289],[-103.5202,25.58243]],[[-103.52004,25.58289],[-103.52035,25.58285],[-103.52235,25.58427],[-103.5202,25.58243]],[[-103.51938,25.58457],[-103.52004,25.58289]],[[-103.51989,25.58205],[-103.51954,25.58211],[-103.51834,25.58133],[-103.5195,25.58228],[-103.51966,25.58264]],[[-103.51989,25.58205],[-103.51966,25.58264]],[[-103.51966,25.58264],[-103.51902,25.58445]],[[-103.50536,25.5954],[-103.50977,25.59309],[-103.51035,25.59245],[-103.51236,25.58906],[-103.513,25.58834],[-103.51399,25.5878],[-103.51775,25.58669],[-103.51869,25.58588],[-103.51938,25.58457]],[[-103.51902,25.58445],[-103.51938,25.58457]],[[-103.51902,25.58445],[-103.51833,25.58578],[-103.51757,25.58642],[-103.51382,25.58747],[-103.51286,25.588],[-103.51207,25.58883],[-103.50943,25.59304],[-103.50882,25.59353],[-103.50532,25.59529]],[[-103.51304,25.61352],[-103.51322,25.61399]],[[-103.51292,25.61395],[-103.51322,25.61399]],[[-103.51304,25.61352],[-103.51254,25.61387]],[[-103.5055,25.59603],[-103.51304,25.61352]],[[-103.50684,25.55498],[-103.50844,25.55369]],[[-103.50719,25.55437],[-103.50743,25.5544]],[[-103.50741,25.55432],[-103.50733,25.55433]],[[-103.50733,25.55433],[-103.50719,25.55437]],[[-103.50733,25.55433],[-103.50687,25.55399]],[[-103.5013,25.53746],[-103.50756,25.53595]],[[-103.50756,25.53595],[-103.50753,25.53587]],[[-103.50753,25.53587],[-103.50107,25.53752]],[[-103.50719,25.55437],[-103.50699,25.55447]],[[-103.50692,25.55412],[-103.50719,25.55437]],[[-103.50702,25.55465],[-103.50696,25.5547]],[[-103.50697,25.55479],[-103.50702,25.55465]],[[-103.50702,25.55465],[-103.50699,25.55451]],[[-103.50694,25.55458],[-103.50699,25.55451]],[[-103.50699,25.55451],[-103.50699,25.55447]],[[-103.50699,25.55447],[-103.50692,25.55451]],[[-103.50699,25.55447],[-103.50692,25.55412]],[[-103.50676,25.55493],[-103.50697,25.55479]],[[-103.50696,25.5547],[-103.50697,25.55479]],[[-103.50696,25.5547],[-103.50669,25.55489]],[[-103.50694,25.55458],[-103.50696,25.5547]],[[-103.5062,25.555],[-103.50694,25.55458]],[[-103.50692,25.55451],[-103.50694,25.55458]],[[-103.50692,25.55451],[-103.50681,25.55457]],[[-103.50672,25.55403],[-103.50692,25.55451]],[[-103.50692,25.55412],[-103.50687,25.55399]],[[-103.50666,25.55393],[-103.50692,25.55412]],[[-103.50687,25.55399],[-103.50607,25.55332]],[[-103.50649,25.55509],[-103.50684,25.55498]],[[-103.50678,25.55609],[-103.50684,25.55498]],[[-103.50684,25.55498],[-103.50676,25.55493]],[[-103.50681,25.55457],[-103.50623,25.55488]],[[-103.50672,25.55403],[-103.50681,25.55457]],[[-103.50649,25.55509],[-103.50676,25.55493]],[[-103.50676,25.55493],[-103.50669,25.55489]],[[-103.50666,25.55393],[-103.50672,25.55403]],[[-103.50669,25.55489],[-103.5056,25.55522]],[[-103.50607,25.55332],[-103.50666,25.55393]],[[-103.505,25.55544],[-103.50649,25.55509]],[[-103.50623,25.55488],[-103.50391,25.55534]],[[-103.5062,25.555],[-103.50623,25.55488]],[[-103.5056,25.55522],[-103.5062,25.555]],[[-103.5056,25.59594],[-103.50569,25.59544]],[[-103.5056,25.59594],[-103.50536,25.5954]],[[-103.50607,25.55332],[-103.50289,25.55029]],[[-103.50525,25.59546],[-103.5055,25.59603]],[[-103.50497,25.5958],[-103.5055,25.59603]],[[-103.50525,25.59546],[-103.50536,25.5954]],[[-103.50536,25.5954],[-103.50532,25.59529]],[[-103.50532,25.59529],[-103.5052,25.59534]],[[-103.50532,25.59529],[-103.50525,25.59513]],[[-103.45463,25.57459],[-103.46653,25.57221],[-103.4681,25.57247],[-103.47368,25.57455],[-103.47478,25.57531],[-103.47545,25.57621],[-103.4763,25.5782],[-103.47995,25.5852],[-103.48182,25.58829],[-103.48448,25.5936],[-103.48523,25.59441],[-103.48675,25.59515],[-103.49584,25.59863],[-103.49726,25.59898],[-103.49915,25.59867],[-103.50525,25.59546]],[[-103.5052,25.59534],[-103.50525,25.59546]],[[-103.5052,25.59534],[-103.49901,25.5983],[-103.49743,25.59853],[-103.49601,25.59824],[-103.48583,25.59427],[-103.48484,25.59338],[-103.48364,25.59154],[-103.47792,25.58033],[-103.47517,25.57563],[-103.4745,25.57497],[-103.47371,25.57449],[-103.46965,25.57282]],[[-103.50514,25.59518],[-103.5052,25.59534]],[[-103.5056,25.55522],[-103.50391,25.55534]],[[-103.505,25.55544],[-103.5056,25.55522]],[[-103.50187,25.55515],[-103.50374,25.55547],[-103.505,25.55544]],[[-103.50391,25.55534],[-103.50263,25.55515]],[[-103.50289,25.55029],[-103.50211,25.54888]],[[-103.50211,25.54888],[-103.50221,25.54925],[-103.50289,25.55029]],[[-103.50187,25.55515],[-103.50263,25.55515]],[[-103.50263,25.55515],[-103.50155,25.55493]],[[-103.50232,25.54692],[-103.50199,25.54683]],[[-103.50211,25.54888],[-103.50199,25.54727]],[[-103.50199,25.54727],[-103.50211,25.54706]],[[-103.50199,25.54727],[-103.50197,25.54693]],[[-103.50197,25.54693],[-103.50199,25.54683]],[[-103.50199,25.54683],[-103.5012,25.53812]],[[-103.50193,25.54675],[-103.50197,25.54693]],[[-103.50101,25.55497],[-103.50187,25.55515]],[[-103.50113,25.53812],[-103.50193,25.54675]],[[-103.50181,25.5466],[-103.50193,25.54675]],[[-103.50155,25.55493],[-103.50101,25.55497]],[[-103.50155,25.55493],[-103.49417,25.55342]],[[-103.50107,25.53752],[-103.5013,25.53746]],[[-103.5012,25.53812],[-103.50138,25.53792],[-103.5013,25.53746]],[[-103.49348,25.55346],[-103.50101,25.55497]],[[-103.5012,25.53812],[-103.5011,25.53786]],[[-103.5011,25.53786],[-103.50113,25.53812]],[[-103.50092,25.53803],[-103.50113,25.53812]],[[-103.5011,25.53786],[-103.50107,25.53752]],[[-103.49417,25.55342],[-103.49348,25.55346]],[[-103.49417,25.55342],[-103.49013,25.55259]],[[-103.48973,25.55268],[-103.49348,25.55346]],[[-103.49013,25.55259],[-103.48973,25.55268]],[[-103.49013,25.55259],[-103.48963,25.55248]],[[-103.48973,25.55268],[-103.48969,25.55279]],[[-103.48942,25.5526],[-103.48973,25.55268]],[[-103.48942,25.5526],[-103.48963,25.55248]],[[-103.48963,25.55248],[-103.48531,25.55158]],[[-103.4853,25.55171],[-103.48942,25.5526]],[[-103.4853,25.55171],[-103.48531,25.55158]],[[-103.48531,25.55158],[-103.48338,25.55114]],[[-103.48531,25.55158],[-103.48398,25.55129]],[[-103.48376,25.55151],[-103.48511,25.5518],[-103.4853,25.55171]],[[-103.48404,25.55143],[-103.4853,25.55171]],[[-103.48376,25.55151],[-103.48404,25.55143]],[[-103.48338,25.55126],[-103.48404,25.55143]],[[-103.48398,25.55129],[-103.48338,25.55114]],[[-103.48398,25.55129],[-103.48338,25.55126]],[[-103.48264,25.55128],[-103.48376,25.55151]],[[-103.48338,25.55114],[-103.48282,25.55103]],[[-103.48338,25.55126],[-103.48314,25.55127],[-103.4822,25.55118]],[[-103.48115,25.55088],[-103.48338,25.55126]],[[-103.48282,25.55103],[-103.48231,25.5508]],[[-103.48282,25.55103],[-103.48053,25.55064]],[[-103.48231,25.5516],[-103.48264,25.55128]],[[-103.48194,25.55119],[-103.48264,25.55128]],[[-103.48231,25.5508],[-103.48187,25.55081]],[[-103.48231,25.5508],[-103.48216,25.55055]],[[-103.48194,25.55119],[-103.48222,25.55154]],[[-103.4821,25.55052],[-103.48187,25.55081]],[[-103.48115,25.55088],[-103.48194,25.55119]],[[-103.48187,25.55081],[-103.48053,25.55064]],[[-103.47874,25.5504],[-103.48115,25.55088]],[[-103.48053,25.55064],[-103.47892,25.55029]],[[-103.47892,25.55029],[-103.47874,25.5504]],[[-103.47892,25.55029],[-103.47876,25.55026]],[[-103.47874,25.5504],[-103.47877,25.55051]],[[-103.47862,25.55037],[-103.47876,25.55026]],[[-103.47876,25.55026],[-103.4781,25.55014]],[[-103.47862,25.55037],[-103.47874,25.5504]],[[-103.47846,25.55046],[-103.47862,25.55037]],[[-103.47654,25.54995],[-103.47862,25.55037]],[[-103.47809,25.54991],[-103.4781,25.55014]],[[-103.4781,25.55014],[-103.47413,25.54934],[-103.47257,25.54869]],[[-103.47654,25.54995],[-103.47779,25.55032]],[[-103.47265,25.54887],[-103.4737,25.54933],[-103.47654,25.54995]],[[-103.47026,25.54708],[-103.47034,25.54743],[-103.47084,25.54765],[-103.472,25.54862],[-103.47244,25.54886],[-103.47253,25.54887],[-103.47265,25.54887]],[[-103.47028,25.54706],[-103.47265,25.54887]],[[-103.47257,25.54869],[-103.47064,25.54685]],[[-103.47257,25.54869],[-103.47156,25.54796],[-103.47061,25.54686]],[[-103.47195,25.57357],[-103.46965,25.57282]],[[-103.47064,25.54685],[-103.47061,25.54686]],[[-103.47064,25.54685],[-103.47059,25.54684]],[[-103.47061,25.54686],[-103.47028,25.54706]],[[-103.47061,25.54686],[-103.47059,25.54684]],[[-103.47059,25.54684],[-103.46895,25.54484],[-103.46872,25.54425]],[[-103.47059,25.54684],[-103.47008,25.54651]],[[-103.47028,25.54706],[-103.47026,25.54708]],[[-103.47027,25.54704],[-103.47028,25.54706]],[[-103.47027,25.54704],[-103.47026,25.54708]],[[-103.47008,25.54651],[-103.47027,25.54704]],[[-103.46508,25.5349],[-103.46777,25.54487],[-103.47027,25.54704]],[[-103.47008,25.54651],[-103.46935,25.54565]],[[-103.46965,25.57282],[-103.46744,25.57199],[-103.46615,25.57192],[-103.45895,25.57336],[-103.45462,25.57447]],[[-103.46935,25.54565],[-103.46883,25.54495],[-103.46872,25.54425]],[[-103.46886,25.54557],[-103.46935,25.54565]],[[-103.46872,25.54425],[-103.46807,25.54193]],[[-103.46807,25.54193],[-103.46847,25.54156]],[[-103.46807,25.54193],[-103.46623,25.5353],[-103.46559,25.5347],[-103.46396,25.53496]],[[-103.3742,25.53497],[-103.37152,25.53501],[-103.37082,25.5354]],[[-103.37101,25.53636],[-103.37127,25.53519],[-103.37345,25.53516]],[[-103.37122,25.53774],[-103.37327,25.5377]],[[-103.37326,25.53762],[-103.37122,25.53756]],[[-103.37099,25.53793],[-103.37122,25.53774]],[[-103.37122,25.53756],[-103.37122,25.53774]],[[-103.37122,25.53756],[-103.371,25.53745]],[[-103.37089,25.54321],[-103.37099,25.53793]],[[-103.37099,25.53793],[-103.371,25.53745]],[[-103.371,25.53745],[-103.37101,25.53636]],[[-103.37101,25.53636],[-103.371,25.53601]],[[-103.371,25.53601],[-103.37082,25.5354]],[[-103.371,25.53601],[-103.37066,25.5357]],[[-103.37082,25.5354],[-103.37066,25.5357]],[[-103.37082,25.5354],[-103.37014,25.53502],[-103.36873,25.53495]],[[-103.37053,25.54105],[-103.37059,25.54322]],[[-103.37066,25.5357],[-103.3705,25.53593]],[[-103.37066,25.5357],[-103.37053,25.539]],[[-103.37053,25.53937],[-103.37053,25.54105]],[[-103.37001,25.54053],[-103.37053,25.54105]],[[-103.37053,25.53937],[-103.37041,25.54024],[-103.3702,25.54042]],[[-103.37053,25.539],[-103.37053,25.53937]],[[-103.37054,25.53816],[-103.37053,25.539]],[[-103.37052,25.53729],[-103.37054,25.53816]],[[-103.37033,25.5379],[-103.37054,25.53816]],[[-103.37052,25.53729],[-103.37026,25.53764]],[[-103.37051,25.53687],[-103.37052,25.53729]],[[-103.37049,25.536],[-103.37051,25.53687]],[[-103.37042,25.53584],[-103.37026,25.53647],[-103.37051,25.53687]],[[-103.3705,25.53593],[-103.37049,25.536]],[[-103.36812,25.53522],[-103.37,25.53511],[-103.37038,25.53543],[-103.3705,25.53593]],[[-103.37042,25.53584],[-103.37049,25.536]],[[-103.36325,25.53505],[-103.3698,25.53538],[-103.3702,25.53553],[-103.37042,25.53584]],[[-103.36853,25.53876],[-103.36919,25.53864],[-103.37033,25.5379]],[[-103.37033,25.5379],[-103.37026,25.53764]],[[-103.37026,25.53764],[-103.36911,25.53841],[-103.36846,25.53863]],[[-103.36873,25.53495],[-103.36607,25.53494]],[[-103.36873,25.53495],[-103.36836,25.53505],[-103.36607,25.53494]],[[-103.36607,25.53494],[-103.36594,25.5346],[-103.36598,25.53427],[-103.36605,25.53467],[-103.3663,25.53484],[-103.36873,25.53495]],[[-103.36607,25.53494],[-103.36561,25.53492]],[[-103.36551,25.53473],[-103.36581,25.53427],[-103.36599,25.53169]],[[-103.36565,25.53428],[-103.36535,25.53471]],[[-103.36325,25.53505],[-103.36544,25.53508],[-103.36561,25.53492]],[[-103.36561,25.53492],[-103.36551,25.53473]],[[-103.36561,25.53492],[-103.36524,25.5349]],[[-103.36524,25.5349],[-103.36551,25.53473]],[[-103.36551,25.53473],[-103.36535,25.53471]],[[-103.36535,25.53471],[-103.36353,25.53485]],[[-103.36245,25.53504],[-103.36524,25.5349]],[[-103.36524,25.5349],[-103.36353,25.53485]],[[-103.36353,25.53485],[-103.36005,25.53487]],[[-103.36245,25.53504],[-103.36325,25.53505]],[[-103.36008,25.53503],[-103.36245,25.53504]],[[-103.3579,25.53508],[-103.36008,25.53503]],[[-103.35786,25.53499],[-103.36008,25.53503]],[[-103.36005,25.53487],[-103.35787,25.53487]],[[-103.36005,25.53487],[-103.35825,25.53479]],[[-103.35825,25.53479],[-103.3576,25.53436]],[[-103.35825,25.53479],[-103.35795,25.53478]],[[-103.35795,25.53478],[-103.35787,25.53487]],[[-103.35795,25.53478],[-103.35713,25.53477]],[[-103.35784,25.53508],[-103.3579,25.53508]],[[-103.35786,25.53499],[-103.3579,25.53508]],[[-103.35787,25.53487],[-103.35721,25.53487]],[[-103.35787,25.53487],[-103.35786,25.53499]],[[-103.35724,25.53498],[-103.35786,25.53499]],[[-103.35762,25.53526],[-103.35784,25.53508]],[[-103.35729,25.53507],[-103.35761,25.53507],[-103.35784,25.53508]],[[-103.35729,25.53507],[-103.35746,25.53526]],[[-103.35745,25.53432],[-103.35705,25.53477]],[[-103.35721,25.53507],[-103.35729,25.53507]],[[-103.35721,25.53507],[-103.35724,25.53498]],[[-103.35724,25.53498],[-103.35721,25.53487]],[[-103.35493,25.53497],[-103.35545,25.53495],[-103.35724,25.53498]],[[-103.35493,25.53497],[-103.35721,25.53507]],[[-103.35721,25.53487],[-103.35506,25.53485]],[[-103.35721,25.53487],[-103.35713,25.53477]],[[-103.35713,25.53477],[-103.35705,25.53477]],[[-103.35705,25.53477],[-103.35506,25.53485]],[[-103.35506,25.53485],[-103.35065,25.53479]],[[-103.35173,25.53495],[-103.35493,25.53497]],[[-103.34948,25.53494],[-103.35173,25.53495]],[[-103.35065,25.53479],[-103.35173,25.53495]],[[-103.34948,25.53494],[-103.35065,25.53479]],[[-103.35065,25.53479],[-103.34742,25.53476],[-103.34281,25.53472]],[[-103.34381,25.53489],[-103.34948,25.53494]],[[-103.34111,25.53491],[-103.34381,25.53489]],[[-103.34109,25.53486],[-103.34321,25.53488],[-103.34381,25.53489]],[[-103.34281,25.53472],[-103.33945,25.53471]],[[-103.34281,25.53472],[-103.34115,25.53478]],[[-103.34115,25.53478],[-103.34088,25.53478]],[[-103.34115,25.53478],[-103.34109,25.53486]],[[-103.34109,25.53486],[-103.34111,25.53491]],[[-103.34086,25.53491],[-103.34111,25.53491]],[[-103.34083,25.53486],[-103.34109,25.53486]],[[-103.34088,25.53478],[-103.34066,25.53478]],[[-103.34088,25.53478],[-103.34077,25.53483]],[[-103.34068,25.53491],[-103.34086,25.53491]],[[-103.34086,25.53491],[-103.34083,25.53486]],[[-103.3407,25.53486],[-103.34083,25.53486]],[[-103.34083,25.53486],[-103.34077,25.53483]],[[-103.34077,25.53483],[-103.3407,25.53486]],[[-103.34077,25.53483],[-103.34066,25.53478]],[[-103.34052,25.53486],[-103.3407,25.53486]],[[-103.3407,25.53486],[-103.34068,25.53491]],[[-103.34049,25.53491],[-103.34068,25.53491]],[[-103.34066,25.53478],[-103.34046,25.53478]],[[-103.3379,25.53484],[-103.34052,25.53486]],[[-103.34049,25.53491],[-103.34052,25.53486]],[[-103.34052,25.53486],[-103.34046,25.53478]],[[-103.3379,25.53484],[-103.33839,25.5349],[-103.34049,25.53491]],[[-103.34046,25.53478],[-103.33945,25.53471]],[[-103.33945,25.53471],[-103.33775,25.5347]],[[-103.3365,25.53485],[-103.3379,25.53484]],[[-103.33775,25.5347],[-103.33441,25.53467]],[[-103.33775,25.5347],[-103.3365,25.53485]],[[-103.33065,25.5348],[-103.3365,25.53485]],[[-103.33441,25.53467],[-103.33225,25.53466]],[[-103.33441,25.53467],[-103.33416,25.53454],[-103.33225,25.53466]],[[-103.33225,25.53466],[-103.3291,25.53464]],[[-103.32758,25.53478],[-103.33065,25.5348]],[[-103.32879,25.53464],[-103.33065,25.5348]],[[-103.3291,25.53464],[-103.32874,25.53426],[-103.3287,25.53454]],[[-103.3291,25.53464],[-103.32879,25.53464]],[[-103.3287,25.53454],[-103.32879,25.53464]],[[-103.32879,25.53464],[-103.3287,25.53463],[-103.32864,25.53464]],[[-103.32874,25.53298],[-103.32862,25.53307]],[[-103.32864,25.53464],[-103.3287,25.53454]],[[-103.32862,25.53307],[-103.3287,25.53454]],[[-103.32758,25.53478],[-103.32864,25.53464]],[[-103.32864,25.53464],[-103.32827,25.53463]],[[-103.32862,25.53307],[-103.32853,25.53439],[-103.32827,25.53463]],[[-103.32827,25.53463],[-103.32057,25.53456]],[[-103.32069,25.53468],[-103.32366,25.53474],[-103.32758,25.53478]],[[-103.31713,25.53469],[-103.32069,25.53468]],[[-103.31722,25.53476],[-103.32069,25.53468]],[[-103.32057,25.53456],[-103.31711,25.53459]],[[-103.32057,25.53456],[-103.31716,25.53449]],[[-103.31631,25.53477],[-103.31722,25.53476]],[[-103.31707,25.53522],[-103.31722,25.53476]],[[-103.31713,25.53469],[-103.31722,25.53476]],[[-103.31716,25.53449],[-103.31615,25.5345]],[[-103.31716,25.53449],[-103.31711,25.53459]],[[-103.31716,25.53449],[-103.3166,25.53417]],[[-103.31635,25.5347],[-103.31713,25.53469]],[[-103.31711,25.53459],[-103.31713,25.53469]],[[-103.31711,25.53459],[-103.31633,25.53459]],[[-103.31631,25.53477],[-103.31667,25.53489],[-103.31694,25.53529]],[[-103.3138,25.53472],[-103.31635,25.5347]],[[-103.31631,25.53477],[-103.31635,25.5347]],[[-103.31635,25.5347],[-103.31633,25.53459]],[[-103.31633,25.53459],[-103.31366,25.53461]],[[-103.31633,25.53459],[-103.31615,25.5345]],[[-103.3138,25.53472],[-103.31451,25.53478],[-103.31631,25.53477]],[[-103.31625,25.53403],[-103.31615,25.5345]],[[-103.31615,25.5345],[-103.31366,25.53461]],[[-103.30873,25.53482],[-103.3138,25.53472]],[[-103.31366,25.53461],[-103.30955,25.53465]],[[-103.30955,25.53465],[-103.30869,25.53466]],[[-103.30955,25.53465],[-103.30873,25.53482]],[[-103.30776,25.53484],[-103.30873,25.53482]],[[-103.30869,25.53466],[-103.30425,25.53472]],[[-103.30776,25.53484],[-103.30869,25.53466]],[[-103.30314,25.53487],[-103.30776,25.53484]],[[-103.30425,25.53472],[-103.30111,25.53475]],[[-103.30425,25.53472],[-103.30314,25.53487]],[[-103.30154,25.5349],[-103.30314,25.53487]],[[-103.30036,25.5349],[-103.30154,25.5349]],[[-103.30111,25.53475],[-103.30154,25.5349]],[[-103.30111,25.53475],[-103.29526,25.53487]],[[-103.30036,25.5349],[-103.30111,25.53475]],[[-103.29525,25.53501],[-103.30036,25.5349]],[[-103.29526,25.53487],[-103.29511,25.53487]],[[-103.29525,25.53501],[-103.29526,25.53487]],[[-103.28565,25.53512],[-103.29525,25.53501]],[[-103.29511,25.53487],[-103.29456,25.53488]],[[-103.29511,25.53487],[-103.29448,25.53453]],[[-103.29456,25.53488],[-103.28566,25.53499]],[[-103.29456,25.53488],[-103.29439,25.53469]],[[-103.28566,25.53499],[-103.28147,25.53503]],[[-103.28565,25.53512],[-103.28566,25.53499]],[[-103.28147,25.53517],[-103.28565,25.53512]],[[-103.24979,25.53579],[-103.25235,25.53538],[-103.28147,25.53517]],[[-103.28147,25.53517],[-103.28147,25.53503]],[[-103.28147,25.53503],[-103.25257,25.53525],[-103.24984,25.53569]],[[-103.25177,25.53522],[-103.24974,25.53563]],[[-103.24984,25.53569],[-103.24773,25.53612]],[[-103.24979,25.53579],[-103.24984,25.53569]],[[-103.24984,25.53569],[-103.24974,25.53563]],[[-103.22371,25.53795],[-103.22789,25.53916],[-103.23403,25.53902],[-103.24979,25.53579]],[[-103.24974,25.53563],[-103.24948,25.53568]],[[-103.24948,25.53568],[-103.24773,25.53612]],[[-103.24944,25.53536],[-103.24948,25.53568]],[[-103.24773,25.53612],[-103.2339,25.53894],[-103.22814,25.53906],[-103.22465,25.53802]],[[-103.22465,25.53802],[-103.22273,25.53719]],[[-103.22465,25.53802],[-103.22394,25.53783],[-103.22371,25.53795]],[[-103.22371,25.53795],[-103.22357,25.53821]],[[-103.22329,25.53783],[-103.22371,25.53795]],[[-103.22357,25.53821],[-103.22325,25.53914],[-103.22309,25.54047]],[[-103.22329,25.53783],[-103.22357,25.53821]],[[-103.22303,25.53775],[-103.22329,25.53783]],[[-102.87251,25.62666],[-102.87311,25.62601],[-102.87412,25.62566]],[[-102.5052,25.67115],[-102.52094,25.67092],[-102.52415,25.67074],[-102.56425,25.66642],[-102.83155,25.64802],[-102.83321,25.64771],[-102.83497,25.6471],[-102.86889,25.63132],[-102.86953,25.63095],[-102.87049,25.62999],[-102.87251,25.62666]],[[-102.87251,25.62666],[-102.87248,25.6259],[-102.87182,25.62564],[-102.85732,25.62482],[-102.83894,25.62188],[-102.81911,25.61791],[-102.7942,25.60909],[-102.74954,25.58737],[-102.74814,25.5871],[-102.74605,25.5873],[-102.74451,25.5871],[-102.74068,25.58566],[-102.73666,25.58313],[-102.73449,25.58223],[-102.72888,25.58142],[-102.72291,25.57951],[-102.71097,25.57845],[-102.70969,25.5785],[-102.70756,25.57912],[-102.60877,25.6281],[-102.59592,25.63138],[-102.56847,25.63799],[-102.56515,25.63899],[-102.50559,25.66397]]]}},{"type":"Feature","properties":{"k":"primary"},"geometry":{"type":"MultiLineString","coordinates":[[[-103.84113,25.83519],[-103.8472,25.83447],[-103.84852,25.8341],[-103.85158,25.83384],[-103.85299,25.83348],[-103.85435,25.83351],[-103.85818,25.83531],[-103.85992,25.83574],[-104.05706,25.865],[-104.05803,25.86528],[-104.05884,25.86584],[-104.06168,25.87032],[-104.0632,25.87169],[-104.06476,25.87237],[-104.07146,25.87377],[-104.07299,25.87377],[-104.08454,25.87237],[-104.08961,25.87242],[-104.09215,25.87175],[-104.09407,25.87164],[-104.09493,25.87166],[-104.09616,25.87217],[-104.09924,25.87211],[-104.10031,25.87228],[-104.10232,25.87213],[-104.10519,25.8727],[-104.10769,25.87253],[-104.15711,25.87172]],[[-103.77072,25.08954],[-103.77703,25.09425],[-103.77761,25.09489],[-103.7891,25.11376],[-103.78729,25.11585],[-103.78836,25.11663],[-103.78873,25.11732],[-103.78976,25.11809],[-103.79137,25.11857],[-103.82549,25.14209],[-103.84414,25.1502],[-103.84527,25.15093],[-103.84586,25.15182],[-103.84935,25.16372],[-103.85004,25.16497],[-103.85642,25.16987],[-103.85816,25.17097],[-103.85949,25.17165],[-103.86492,25.17332],[-103.8657,25.17378],[-103.86633,25.17454],[-103.86662,25.17553],[-103.86646,25.18364],[-103.86686,25.18754],[-103.86777,25.18928],[-103.86828,25.19165],[-103.8689,25.19316],[-103.8715,25.19645],[-103.88621,25.20575],[-103.93694,25.25276],[-103.93758,25.25365],[-103.9388,25.25677],[-103.93938,25.25751],[-103.94332,25.26043],[-103.94768,25.26164],[-103.94904,25.26434],[-103.95095,25.26575],[-103.95399,25.26725],[-103.95577,25.26736],[-103.95908,25.26702],[-103.96011,25.26738],[-103.96079,25.26743],[-103.97055,25.26575],[-103.97518,25.26421],[-103.98134,25.26427],[-103.98776,25.26335],[-104.01258,25.26397],[-104.01605,25.2646],[-104.01898,25.26493],[-104.02134,25.2649],[-104.05004,25.26095]],[[-103.95335,26.33461],[-103.8454,26.21842],[-103.77013,26.14856],[-103.76774,26.14622],[-103.76403,26.14188],[-103.76202,26.13986],[-103.70021,26.0823],[-103.67099,26.00994],[-103.66097,25.98483],[-103.6583,25.97756],[-103.65581,25.97193],[-103.62546,25.89587]],[[-103.83563,25.83573],[-103.83788,25.83485],[-103.84006,25.83526],[-103.84113,25.83519]],[[-103.84113,25.83519],[-103.84101,25.83516],[-103.84007,25.83519],[-103.83792,25.83477],[-103.83559,25.83567]],[[-103.83524,25.83585],[-103.83563,25.83573]],[[-103.83563,25.83573],[-103.83559,25.83567]],[[-103.83559,25.83567],[-103.83524,25.83585]],[[-103.62782,25.89401],[-103.62813,25.89298],[-103.62852,25.89268],[-103.65093,25.88969],[-103.70155,25.87436],[-103.77376,25.85441],[-103.78909,25.85355],[-103.78988,25.85378],[-103.79203,25.8549],[-103.79398,25.85635],[-103.79514,25.85654],[-103.79957,25.85368],[-103.80507,25.85109],[-103.80711,25.84898],[-103.80771,25.84858],[-103.81078,25.84742],[-103.81395,25.84654],[-103.81432,25.84596],[-103.81527,25.84313],[-103.81572,25.84256],[-103.82944,25.83845],[-103.83524,25.83585]],[[-103.77004,25.0972],[-103.77125,25.10412],[-103.77155,25.10847],[-103.77143,25.10925],[-103.77031,25.11153],[-103.76762,25.11555],[-103.76595,25.12116],[-103.75822,25.13471],[-103.75804,25.13553],[-103.75823,25.13708],[-103.75804,25.13769],[-103.75415,25.142],[-103.75245,25.14341],[-103.75163,25.14508],[-103.75121,25.14556],[-103.75023,25.14592],[-103.74751,25.14577],[-103.74672,25.14598],[-103.74625,25.14631],[-103.73656,25.15788],[-103.73535,25.15896],[-103.73353,25.15977],[-103.72153,25.16309],[-103.72031,25.16328],[-103.71885,25.16324],[-103.71815,25.16357],[-103.71772,25.16548],[-103.71651,25.16876],[-103.71634,25.17229],[-103.71567,25.17805],[-103.71593,25.17942],[-103.71582,25.18015],[-103.70176,25.19468],[-103.70091,25.19536],[-103.70008,25.19574],[-103.66918,25.20529],[-103.66352,25.20662],[-103.66237,25.20709],[-103.66134,25.20779],[-103.65735,25.21157],[-103.65622,25.21236],[-103.62361,25.22838],[-103.62234,25.22978],[-103.61904,25.23687],[-103.61852,25.26585],[-103.62151,25.27802],[-103.63805,25.30941],[-103.63882,25.31005],[-103.64827,25.31564],[-103.64945,25.31673],[-103.65097,25.3176],[-103.65709,25.32315],[-103.6577,25.32403],[-103.65823,25.33077],[-103.67048,25.36521],[-103.67058,25.36645],[-103.66994,25.37663],[-103.67151,25.38411],[-103.67757,25.39504],[-103.67786,25.39587],[-103.69361,25.46311],[-103.69257,25.47814],[-103.69062,25.48457],[-103.68987,25.48622],[-103.68912,25.48665],[-103.66749,25.49228],[-103.66643,25.49258],[-103.66561,25.49302],[-103.64429,25.5152],[-103.64106,25.51973]],[[-103.62822,25.895],[-103.62782,25.89463],[-103.62782,25.89401]],[[-103.62729,25.89519],[-103.62817,25.89498]],[[-103.62729,25.89519],[-103.62782,25.89401]],[[-103.62546,25.89587],[-103.62729,25.89519]],[[-103.62546,25.89587],[-103.62145,25.88577]],[[-103.62145,25.88577],[-103.61942,25.88057],[-103.61786,25.87726]],[[-103.61773,25.87731],[-103.61932,25.88059],[-103.62145,25.88577]],[[-103.61773,25.87731],[-103.61786,25.87726]],[[-103.61786,25.87726],[-103.61779,25.8771]],[[-103.61779,25.8771],[-103.61766,25.87715]],[[-103.61779,25.8771],[-103.61696,25.87549]],[[-103.61766,25.87715],[-103.61773,25.87731]],[[-103.61696,25.87549],[-103.61766,25.87715]],[[-103.61646,25.87444],[-103.61696,25.87549]],[[-103.61646,25.87444],[-103.61389,25.86857]],[[-103.61237,25.86596],[-103.61258,25.86698],[-103.61272,25.87087],[-103.61325,25.87148],[-103.61468,25.87193],[-103.61526,25.87237],[-103.61646,25.87444]],[[-103.53269,25.5444],[-103.53119,25.54405],[-103.53076,25.54484],[-103.52165,25.54289]],[[-103.52967,25.52376],[-103.53105,25.52352]],[[-103.52719,25.52411],[-103.52967,25.52376]],[[-103.52967,25.52376],[-103.52954,25.52373],[-103.5272,25.52393]],[[-103.5272,25.52393],[-103.526,25.52411],[-103.52146,25.52556],[-103.52096,25.52586],[-103.52055,25.52634]],[[-103.5272,25.52393],[-103.52719,25.52411]],[[-103.52543,25.52436],[-103.52646,25.52409],[-103.5266,25.52408],[-103.527,25.52412],[-103.52719,25.52411]],[[-103.52063,25.54343],[-103.52613,25.52577],[-103.52653,25.52474],[-103.52719,25.52411]],[[-103.52543,25.52436],[-103.52558,25.52449]],[[-103.52062,25.52637],[-103.52145,25.52564],[-103.52543,25.52436]],[[-103.52125,25.54302],[-103.52165,25.54289]],[[-103.52165,25.54289],[-103.52147,25.54285]],[[-103.52125,25.54302],[-103.52147,25.54285]],[[-103.52147,25.54285],[-103.52063,25.54343]],[[-103.52061,25.54356],[-103.52125,25.54302]],[[-103.51996,25.57096],[-103.52031,25.57122]],[[-103.52063,25.54343],[-103.51501,25.54814]],[[-103.52061,25.54356],[-103.52063,25.54343]],[[-103.51043,25.55205],[-103.52061,25.54356]],[[-103.52025,25.57047],[-103.51996,25.57096]],[[-103.51756,25.53515],[-103.51878,25.53435],[-103.51913,25.53384],[-103.51939,25.53058],[-103.52062,25.52637]],[[-103.52055,25.52634],[-103.52062,25.52637]],[[-103.52055,25.52634],[-103.51934,25.53036],[-103.51909,25.53367],[-103.5189,25.53414],[-103.51585,25.53611],[-103.51272,25.53723],[-103.50962,25.53984]],[[-103.52033,25.52626],[-103.52055,25.52634]],[[-103.5192,25.57109],[-103.51996,25.57096]],[[-103.51682,25.57151],[-103.5192,25.57109]],[[-103.5192,25.57109],[-103.51911,25.57108],[-103.5168,25.57144]],[[-103.51834,25.58133],[-103.51816,25.58121]],[[-103.51816,25.58121],[-103.51257,25.57874],[-103.50902,25.57869]],[[-103.50902,25.57869],[-103.51253,25.57885],[-103.51816,25.58121]],[[-103.51775,25.53544],[-103.51756,25.53515]],[[-103.50965,25.53993],[-103.51273,25.53731],[-103.51564,25.5363],[-103.51756,25.53515]],[[-103.51529,25.57298],[-103.51593,25.57171],[-103.51682,25.57151]],[[-103.51682,25.57151],[-103.5168,25.57144]],[[-103.5168,25.57144],[-103.51586,25.57166],[-103.51529,25.57298]],[[-103.51251,25.57327],[-103.51529,25.57298]],[[-103.5152,25.54778],[-103.51501,25.54814]],[[-103.51501,25.54814],[-103.50949,25.55273]],[[-103.50485,25.57461],[-103.50657,25.57388],[-103.51251,25.57327]],[[-103.51239,25.57349],[-103.51251,25.57327]],[[-103.50844,25.55369],[-103.51043,25.55205]],[[-103.51026,25.55238],[-103.51043,25.55205]],[[-103.50598,25.54436],[-103.50838,25.54189],[-103.50965,25.53993]],[[-103.50965,25.53993],[-103.50962,25.53984]],[[-103.50949,25.55273],[-103.50838,25.55347],[-103.50702,25.55465]],[[-103.50949,25.55273],[-103.50812,25.55388]],[[-103.50962,25.53984],[-103.50953,25.53995]],[[-103.50962,25.53984],[-103.50949,25.53971]],[[-103.50953,25.53995],[-103.50835,25.54177],[-103.50597,25.54426]],[[-103.5094,25.53971],[-103.50953,25.53995]],[[-103.50701,25.57865],[-103.50902,25.57869]],[[-103.50844,25.55369],[-103.50866,25.55368]],[[-103.50812,25.55388],[-103.50844,25.55369]],[[-103.50703,25.55473],[-103.50812,25.55388]],[[-103.50812,25.55388],[-103.50805,25.55398]],[[-103.50805,25.55398],[-103.50808,25.55405]],[[-103.50805,25.55398],[-103.50697,25.55493]],[[-103.50485,25.57461],[-103.50701,25.57865]],[[-103.50591,25.57864],[-103.50701,25.57865]],[[-103.5057,25.58784],[-103.50589,25.58767]],[[-103.50463,25.57874],[-103.5073,25.58658],[-103.50663,25.5869],[-103.50589,25.58767]],[[-103.50571,25.58762],[-103.50589,25.58767]],[[-103.50591,25.57864],[-103.50395,25.575]],[[-103.50591,25.57864],[-103.5049,25.57862],[-103.50463,25.57874]],[[-103.50571,25.58762],[-103.5057,25.58784]],[[-103.50222,25.5798],[-103.5056,25.58603],[-103.50579,25.58678],[-103.50571,25.58762]],[[-103.50421,25.58966],[-103.5057,25.58784]],[[-103.50553,25.59498],[-103.50515,25.5949]],[[-103.50588,25.54447],[-103.50598,25.54436]],[[-103.50598,25.54436],[-103.50592,25.54432]],[[-103.50597,25.54426],[-103.50592,25.54432]],[[-103.50597,25.54426],[-103.50571,25.54426]],[[-103.50592,25.54432],[-103.50582,25.54442]],[[-103.50592,25.54432],[-103.50571,25.54426]],[[-103.50229,25.54913],[-103.50223,25.54852],[-103.50246,25.54801],[-103.50588,25.54447]],[[-103.50582,25.54442],[-103.50588,25.54447]],[[-103.50525,25.59513],[-103.50515,25.5949]],[[-103.50582,25.54442],[-103.5057,25.54454]],[[-103.50571,25.54426],[-103.50582,25.54442]],[[-103.50515,25.5949],[-103.50362,25.59133],[-103.50369,25.59041],[-103.50421,25.58966]],[[-103.50505,25.59497],[-103.50514,25.59518]],[[-103.50571,25.54426],[-103.5057,25.54454]],[[-103.5057,25.54454],[-103.50363,25.54666]],[[-103.50505,25.59497],[-103.50487,25.5953]],[[-103.50424,25.59307],[-103.50505,25.59497]],[[-103.50395,25.575],[-103.50485,25.57461]],[[-103.49692,25.5598],[-103.50485,25.57461]],[[-103.50463,25.57874],[-103.50222,25.5798]],[[-103.504,25.59252],[-103.50424,25.59307]],[[-103.504,25.59252],[-103.50381,25.59293],[-103.50424,25.59307]],[[-103.50421,25.58966],[-103.50372,25.59015],[-103.5035,25.59083],[-103.50356,25.59149],[-103.504,25.59252]],[[-103.5006,25.57682],[-103.50044,25.57654],[-103.50395,25.575]],[[-103.50395,25.575],[-103.5022,25.57147],[-103.49604,25.5602]],[[-103.5006,25.57682],[-103.50222,25.5798]],[[-103.5006,25.57682],[-103.49597,25.5793]],[[-103.49881,25.59837],[-103.49669,25.59286],[-103.49505,25.58991]],[[-103.49495,25.58995],[-103.49657,25.59292],[-103.49865,25.59841]],[[-103.49604,25.5602],[-103.49692,25.5598]],[[-103.49348,25.55346],[-103.49692,25.5598]],[[-103.49605,25.57941],[-103.49597,25.5793]],[[-103.49597,25.5793],[-103.49461,25.58002]],[[-103.49217,25.56197],[-103.49604,25.5602]],[[-103.49604,25.5602],[-103.49209,25.553]],[[-103.49495,25.58995],[-103.49505,25.58991]],[[-103.49505,25.58991],[-103.49344,25.58676],[-103.49516,25.58156],[-103.49509,25.58086],[-103.49461,25.58002]],[[-103.49451,25.58007],[-103.495,25.5809],[-103.49506,25.58151],[-103.49334,25.5868],[-103.49495,25.58995]],[[-103.49461,25.58002],[-103.49451,25.58007]],[[-103.49451,25.58007],[-103.49445,25.5801]],[[-103.49445,25.5801],[-103.49227,25.58122],[-103.49049,25.58105],[-103.48994,25.58117],[-103.48946,25.58153],[-103.48691,25.5842]],[[-103.49403,25.58039],[-103.49445,25.5801]],[[-103.49408,25.5805],[-103.49403,25.58039]],[[-103.4869,25.58434],[-103.48988,25.58129],[-103.49049,25.58113],[-103.49211,25.58134],[-103.49403,25.58039]],[[-103.49217,25.56197],[-103.49262,25.5621]],[[-103.49234,25.56158],[-103.49227,25.56186],[-103.48348,25.56581],[-103.48281,25.56597],[-103.48211,25.56569]],[[-103.48427,25.56553],[-103.49217,25.56197]],[[-103.48691,25.5842],[-103.48678,25.58434]],[[-103.48691,25.5842],[-103.4869,25.58434]],[[-103.48247,25.58893],[-103.4869,25.58434]],[[-103.4869,25.58434],[-103.48683,25.58433],[-103.48678,25.58434]],[[-103.48678,25.58434],[-103.48294,25.58834]],[[-103.48427,25.56553],[-103.48468,25.56555],[-103.48497,25.56578]],[[-103.47816,25.56385],[-103.48266,25.56611],[-103.48297,25.56611],[-103.48427,25.56553]],[[-103.48294,25.58834],[-103.48226,25.58847]],[[-103.48294,25.58834],[-103.48247,25.58893]],[[-103.48247,25.58893],[-103.48222,25.58919]],[[-103.48163,25.58983],[-103.48208,25.58966],[-103.48241,25.58984]],[[-103.48207,25.58919],[-103.48222,25.58919]],[[-103.48222,25.58919],[-103.48163,25.58983]],[[-103.48217,25.56559],[-103.48211,25.56569]],[[-103.48185,25.58877],[-103.48183,25.58929],[-103.48144,25.58998]],[[-103.48211,25.56569],[-103.4782,25.56373]],[[-103.48223,25.55138],[-103.48206,25.55212]],[[-103.4822,25.55215],[-103.48223,25.55138]],[[-103.48223,25.55138],[-103.48217,25.55098]],[[-103.4808,25.55617],[-103.4822,25.55215]],[[-103.4822,25.55215],[-103.48206,25.55212]],[[-103.48163,25.58983],[-103.48144,25.58998]],[[-103.48206,25.55212],[-103.48085,25.55568]],[[-103.48144,25.58998],[-103.46033,25.61184]],[[-103.48085,25.55568],[-103.47912,25.5604]],[[-103.48085,25.55568],[-103.4808,25.55617]],[[-103.47917,25.56081],[-103.4808,25.55617]],[[-103.47884,25.56178],[-103.47917,25.56081]],[[-103.47917,25.56081],[-103.47912,25.5604]],[[-103.47912,25.5604],[-103.4788,25.56142]],[[-103.4782,25.56373],[-103.47884,25.56178]],[[-103.4788,25.56142],[-103.47884,25.56178]],[[-103.4788,25.56142],[-103.47801,25.56364]],[[-103.47264,25.55881],[-103.47701,25.55159],[-103.47847,25.55021]],[[-103.47816,25.56385],[-103.4782,25.56373]],[[-103.4782,25.56373],[-103.47801,25.56364]],[[-103.47754,25.56568],[-103.47816,25.56385]],[[-103.47796,25.56376],[-103.47816,25.56385]],[[-103.47832,25.55018],[-103.47797,25.55057]],[[-103.47801,25.56364],[-103.47796,25.56376]],[[-103.47801,25.56364],[-103.47339,25.56133]],[[-103.47796,25.56376],[-103.47746,25.56511]],[[-103.47332,25.56146],[-103.47796,25.56376]],[[-103.47797,25.55057],[-103.47691,25.55152],[-103.47254,25.55875]],[[-103.47797,25.55036],[-103.47797,25.55057]],[[-103.45822,25.55334],[-103.46375,25.55026],[-103.46794,25.54622],[-103.46994,25.54497],[-103.47643,25.54267],[-103.47997,25.54181],[-103.47987,25.54129],[-103.47798,25.53791]],[[-103.47798,25.53791],[-103.4775,25.53714],[-103.47595,25.53603],[-103.47454,25.53553],[-103.47262,25.53531]],[[-103.47262,25.53531],[-103.47476,25.53591],[-103.47665,25.5367],[-103.47798,25.53791]],[[-103.47588,25.57044],[-103.47754,25.56568]],[[-103.47754,25.56568],[-103.47762,25.56522],[-103.47746,25.56511]],[[-103.47746,25.56511],[-103.47588,25.5697]],[[-103.47523,25.57245],[-103.47588,25.57044]],[[-103.47588,25.57044],[-103.47588,25.5697]],[[-103.47588,25.5697],[-103.47529,25.57132]],[[-103.47529,25.57132],[-103.4743,25.57407],[-103.47413,25.57502]],[[-103.47529,25.57132],[-103.47512,25.57222],[-103.47523,25.57245]],[[-103.4743,25.57514],[-103.47523,25.57245]],[[-103.47339,25.56133],[-103.47332,25.56146]],[[-103.47339,25.56133],[-103.47163,25.56046]],[[-103.47157,25.56057],[-103.47332,25.56146]],[[-103.47225,25.55948],[-103.47264,25.55881]],[[-103.47254,25.55875],[-103.47264,25.55881]],[[-103.47254,25.55875],[-103.47214,25.55943]],[[-103.46962,25.53499],[-103.47262,25.53531]],[[-103.47163,25.56046],[-103.47225,25.55948]],[[-103.47225,25.55948],[-103.47214,25.55943]],[[-103.47214,25.55943],[-103.47154,25.56041]],[[-103.47157,25.56057],[-103.47163,25.56046]],[[-103.47163,25.56046],[-103.47154,25.56041]],[[-103.47147,25.56052],[-103.47157,25.56057]],[[-103.47154,25.56041],[-103.47147,25.56052]],[[-103.47154,25.56041],[-103.47081,25.56004]],[[-103.47074,25.56017],[-103.47147,25.56052]],[[-103.47081,25.56004],[-103.47074,25.56017]],[[-103.47081,25.56004],[-103.46981,25.55952]],[[-103.46972,25.55966],[-103.47074,25.56017]],[[-103.46981,25.55952],[-103.46972,25.55966]],[[-103.46981,25.55952],[-103.46909,25.55896],[-103.46636,25.55759]],[[-103.46598,25.55799],[-103.46872,25.55937],[-103.46972,25.55966]],[[-103.46948,25.53499],[-103.46962,25.53499]],[[-103.46962,25.53499],[-103.46947,25.53493]],[[-103.46741,25.53482],[-103.46911,25.535],[-103.46948,25.53499]],[[-103.46739,25.53467],[-103.46788,25.53481],[-103.46948,25.53499]],[[-103.46947,25.53493],[-103.46755,25.53467]],[[-103.46947,25.53493],[-103.46789,25.53476],[-103.46755,25.53467]],[[-103.46869,25.54415],[-103.46006,25.54301],[-103.45508,25.54473]],[[-103.46849,25.53441],[-103.46723,25.53434],[-103.46659,25.53406],[-103.46493,25.53178]],[[-103.46477,25.54173],[-103.46797,25.54153]],[[-103.4679,25.54135],[-103.46517,25.54154]],[[-103.45343,25.54609],[-103.45509,25.54483],[-103.45983,25.54319],[-103.46755,25.54425]],[[-103.46755,25.53467],[-103.46667,25.5342],[-103.46601,25.53347]],[[-103.46755,25.53467],[-103.46738,25.53466]],[[-103.46741,25.53482],[-103.46739,25.53467]],[[-103.46359,25.53518],[-103.46579,25.53472],[-103.46741,25.53482]],[[-103.46739,25.53467],[-103.46738,25.53466]],[[-103.46735,25.53466],[-103.46739,25.53467]],[[-103.46738,25.53466],[-103.46735,25.53466]],[[-103.46666,25.53428],[-103.46735,25.53466]],[[-103.46735,25.53466],[-103.46669,25.53461]],[[-103.46669,25.53461],[-103.46566,25.53462]],[[-103.46666,25.53428],[-103.46669,25.53461]],[[-103.46669,25.53461],[-103.46578,25.53455]],[[-103.46598,25.55799],[-103.46636,25.55759]],[[-103.46636,25.55759],[-103.45816,25.55369]],[[-103.4662,25.53386],[-103.46666,25.53428]],[[-103.45805,25.55378],[-103.46598,25.55799]],[[-103.46601,25.5336],[-103.4662,25.53386]],[[-103.46603,25.53382],[-103.4662,25.53386]],[[-103.46602,25.53404],[-103.46602,25.53402]],[[-103.46602,25.53404],[-103.46607,25.53404],[-103.46602,25.53402]],[[-103.46602,25.53402],[-103.46603,25.53382]],[[-103.46602,25.53402],[-103.46593,25.53386]],[[-103.46593,25.53386],[-103.46603,25.53382]],[[-103.46603,25.53382],[-103.46602,25.53376]],[[-103.46578,25.53455],[-103.46602,25.53404]],[[-103.46571,25.53316],[-103.46511,25.53359],[-103.46505,25.53378],[-103.4652,25.53391],[-103.46602,25.53404]],[[-103.46602,25.53376],[-103.46601,25.5336]],[[-103.46602,25.53376],[-103.46558,25.53343],[-103.46514,25.53372],[-103.46526,25.53387],[-103.46593,25.53386]],[[-103.46601,25.5336],[-103.46601,25.53347]],[[-103.46571,25.53316],[-103.46601,25.5336]],[[-103.46601,25.53347],[-103.46493,25.53178]],[[-103.46578,25.53455],[-103.46513,25.53468]],[[-103.46566,25.53462],[-103.46578,25.53455]],[[-103.46359,25.52956],[-103.46398,25.53052],[-103.46571,25.53316]],[[-103.46566,25.53462],[-103.46513,25.53468]],[[-103.46359,25.53518],[-103.46566,25.53462]],[[-103.46517,25.54154],[-103.46366,25.54164]],[[-103.46517,25.54154],[-103.46477,25.54173]],[[-103.46513,25.53468],[-103.46053,25.53575],[-103.4488,25.5357]],[[-103.46493,25.53178],[-103.46399,25.53031],[-103.46377,25.5296]],[[-103.46318,25.54184],[-103.46477,25.54173]],[[-103.46416,25.52969],[-103.46377,25.5296]],[[-103.46366,25.54164],[-103.46178,25.54184],[-103.45901,25.54266]],[[-103.46318,25.54184],[-103.46366,25.54164]],[[-103.46377,25.5296],[-103.46351,25.52898]],[[-103.44882,25.53582],[-103.46056,25.53588],[-103.46359,25.53518]],[[-103.4633,25.52908],[-103.46359,25.52956]],[[-103.4633,25.52908],[-103.46327,25.52932],[-103.46359,25.52956]],[[-103.46351,25.52898],[-103.4633,25.52908]],[[-103.46351,25.52898],[-103.46299,25.52826],[-103.46174,25.52563],[-103.46183,25.52489],[-103.46255,25.52362],[-103.46242,25.52266],[-103.46256,25.52062],[-103.46209,25.5199],[-103.46118,25.51944],[-103.46027,25.51944],[-103.4581,25.52071],[-103.45679,25.52091],[-103.45219,25.52014],[-103.45035,25.52065],[-103.4493,25.52068],[-103.44827,25.5203],[-103.44689,25.51931],[-103.44627,25.5192],[-103.44334,25.52007],[-103.44191,25.52169]],[[-103.4584,25.54303],[-103.46173,25.54201],[-103.46318,25.54184]],[[-103.44183,25.52194],[-103.44341,25.52014],[-103.44625,25.51932],[-103.44684,25.51943],[-103.44852,25.52056],[-103.44924,25.52077],[-103.4504,25.52075],[-103.45215,25.52025],[-103.45666,25.52099],[-103.45806,25.52082],[-103.46053,25.51948],[-103.46151,25.51964],[-103.46214,25.52007],[-103.46246,25.52084],[-103.46235,25.52266],[-103.46242,25.52375],[-103.46183,25.52465],[-103.46165,25.52566],[-103.4633,25.52908]],[[-103.46053,25.61213],[-103.46033,25.61184]],[[-103.46022,25.61185],[-103.46043,25.61216]],[[-103.46022,25.61185],[-103.46033,25.61184]],[[-103.45729,25.6145],[-103.45894,25.61281],[-103.45936,25.6119],[-103.45972,25.61177],[-103.46022,25.61185]],[[-103.45901,25.54266],[-103.45516,25.54398],[-103.4527,25.5452]],[[-103.4584,25.54303],[-103.45901,25.54266]],[[-103.45237,25.54553],[-103.45529,25.54409],[-103.4584,25.54303]],[[-103.45805,25.55343],[-103.45822,25.55334]],[[-103.45816,25.55369],[-103.45822,25.55334]],[[-103.45816,25.55369],[-103.45794,25.55353]],[[-103.45729,25.6145],[-103.45687,25.61488]],[[-103.43207,25.64088],[-103.45729,25.6145]],[[-103.45778,25.55362],[-103.45805,25.55378]],[[-103.45748,25.55378],[-103.4578,25.55375],[-103.45805,25.55378]],[[-103.45805,25.55343],[-103.45789,25.55346]],[[-103.45794,25.55353],[-103.45805,25.55343]],[[-103.45778,25.55362],[-103.45794,25.55353]],[[-103.45794,25.55353],[-103.45789,25.55346]],[[-103.45789,25.55346],[-103.45765,25.55356]],[[-103.45748,25.55378],[-103.45778,25.55362]],[[-103.45765,25.55356],[-103.45778,25.55362]],[[-103.45687,25.61488],[-103.45647,25.61489],[-103.45413,25.61272]],[[-103.45687,25.61488],[-103.45602,25.61579]],[[-103.45765,25.55356],[-103.45495,25.55522],[-103.45367,25.55644]],[[-103.4542,25.55604],[-103.45621,25.5545],[-103.45748,25.55378]],[[-103.45602,25.61579],[-103.43203,25.64083]],[[-103.45391,25.61269],[-103.45624,25.6151],[-103.45628,25.61538],[-103.45602,25.61579]],[[-103.45508,25.54473],[-103.45117,25.54771],[-103.44857,25.55055]],[[-103.45508,25.54473],[-103.4548,25.54458]],[[-103.45376,25.55665],[-103.45386,25.55641],[-103.4542,25.55604]],[[-103.45292,25.55768],[-103.45369,25.55684],[-103.4542,25.55604]],[[-103.45364,25.55662],[-103.45368,25.55667],[-103.45376,25.55665]],[[-103.45369,25.55675],[-103.45376,25.55665]],[[-103.45309,25.55745],[-103.45369,25.55675]],[[-103.45369,25.55675],[-103.45359,25.55668]],[[-103.45367,25.55644],[-103.4524,25.55792]],[[-103.45367,25.55644],[-103.45364,25.55662]],[[-103.45364,25.55662],[-103.45359,25.55668]],[[-103.45359,25.55668],[-103.45298,25.55734]],[[-103.45343,25.54609],[-103.45372,25.54604]],[[-103.44856,25.55081],[-103.45073,25.54826],[-103.45343,25.54609]],[[-103.45221,25.55834],[-103.45312,25.55813]],[[-103.45302,25.55751],[-103.45309,25.55745]],[[-103.45298,25.55734],[-103.45309,25.55745]],[[-103.45264,25.55791],[-103.45302,25.55751]],[[-103.45302,25.55751],[-103.45289,25.55744]],[[-103.453,25.55802],[-103.45292,25.55768]],[[-103.45298,25.55734],[-103.45289,25.55744]],[[-103.45264,25.55791],[-103.45292,25.55768]],[[-103.45289,25.55744],[-103.4524,25.55792]],[[-103.45249,25.57533],[-103.45245,25.5746],[-103.45212,25.57449],[-103.45151,25.5747]],[[-103.45151,25.5747],[-103.45214,25.57466],[-103.45244,25.57535]],[[-103.45221,25.55834],[-103.45264,25.55791]],[[-103.4527,25.5452],[-103.44996,25.54621],[-103.44871,25.54709]],[[-103.45237,25.54553],[-103.4527,25.5452]],[[-103.4524,25.55792],[-103.4508,25.55988],[-103.44924,25.56256]],[[-103.45208,25.57542],[-103.45214,25.57491],[-103.45151,25.5747]],[[-103.44977,25.56191],[-103.45094,25.55995],[-103.45221,25.55834]],[[-103.44868,25.54735],[-103.44995,25.54641],[-103.45237,25.54553]],[[-103.45151,25.5747],[-103.45095,25.57474],[-103.45072,25.57455]],[[-103.45067,25.57501],[-103.45151,25.5747]],[[-103.45067,25.57501],[-103.45072,25.57455]],[[-103.45072,25.57455],[-103.44967,25.571]],[[-103.45032,25.57423],[-103.4503,25.57486],[-103.45051,25.57501],[-103.45067,25.57501]],[[-103.45032,25.57423],[-103.44968,25.5752],[-103.44924,25.57545]],[[-103.44952,25.57111],[-103.45031,25.5736],[-103.45032,25.57423]],[[-103.44967,25.571],[-103.44958,25.56992],[-103.44934,25.56891]],[[-103.44967,25.571],[-103.44957,25.57049]],[[-103.44928,25.56305],[-103.44953,25.5622],[-103.44977,25.56191]],[[-103.44904,25.56471],[-103.44944,25.56267],[-103.44977,25.56191]],[[-103.44957,25.57049],[-103.44955,25.57036]],[[-103.44957,25.57049],[-103.44949,25.57045],[-103.44944,25.57049]],[[-103.44942,25.57038],[-103.44955,25.57036]],[[-103.44955,25.57036],[-103.44942,25.56953]],[[-103.44944,25.57049],[-103.44952,25.57111]],[[-103.44915,25.5687],[-103.44923,25.56994],[-103.44952,25.57111]],[[-103.44958,25.56643],[-103.44907,25.56563]],[[-103.44917,25.56689],[-103.4493,25.5666],[-103.44956,25.56651]],[[-103.44942,25.57038],[-103.44944,25.57049]],[[-103.44926,25.56955],[-103.44942,25.57038]],[[-103.44942,25.56953],[-103.4494,25.56942]],[[-103.44942,25.56953],[-103.44932,25.56951],[-103.44926,25.56955]],[[-103.44925,25.56943],[-103.4494,25.56942]],[[-103.4494,25.56942],[-103.44934,25.56891]],[[-103.44934,25.56891],[-103.44917,25.56689]],[[-103.44925,25.56943],[-103.44926,25.56955]],[[-103.44915,25.5687],[-103.44925,25.56943]],[[-103.44912,25.56301],[-103.44919,25.56307],[-103.44928,25.56305]],[[-103.44925,25.56322],[-103.44928,25.56305]],[[-103.44909,25.564],[-103.44925,25.56322]],[[-103.44925,25.56322],[-103.44907,25.56314]],[[-103.44924,25.56256],[-103.44887,25.56364],[-103.44884,25.56458]],[[-103.44924,25.56256],[-103.44912,25.56301]],[[-103.44917,25.56689],[-103.44907,25.56563]],[[-103.44884,25.56458],[-103.44915,25.5687]],[[-103.44912,25.56301],[-103.44907,25.56314]],[[-103.44907,25.56563],[-103.44904,25.56471]],[[-103.4489,25.564],[-103.449,25.56405],[-103.44909,25.564]],[[-103.44907,25.56414],[-103.44909,25.564]],[[-103.44904,25.56471],[-103.44907,25.56414]],[[-103.44907,25.56414],[-103.44889,25.56413]],[[-103.44907,25.56314],[-103.4489,25.564]],[[-103.4489,25.564],[-103.44889,25.56413]],[[-103.44889,25.56413],[-103.44884,25.56458]],[[-103.44871,25.54709],[-103.44855,25.54722]],[[-103.44868,25.54735],[-103.44871,25.54709]],[[-103.44871,25.54709],[-103.44882,25.53582]],[[-103.44858,25.55664],[-103.44826,25.55664]],[[-103.44867,25.54868],[-103.44867,25.54849]],[[-103.44865,25.54891],[-103.44891,25.54868],[-103.44867,25.54849]],[[-103.44867,25.54849],[-103.44868,25.54735]],[[-103.44865,25.54891],[-103.44867,25.54868]],[[-103.44858,25.54821],[-103.44867,25.54868]],[[-103.44857,25.54743],[-103.44868,25.54735]],[[-103.44882,25.53582],[-103.4488,25.5357]],[[-103.4486,25.53582],[-103.44882,25.53582]],[[-103.4486,25.54929],[-103.44865,25.54891]],[[-103.4488,25.5357],[-103.44861,25.5357]],[[-103.4486,25.54929],[-103.44857,25.55055]],[[-103.44858,25.54821],[-103.4486,25.54929]],[[-103.44833,25.55107],[-103.44856,25.55114]],[[-103.44857,25.55055],[-103.44764,25.55166],[-103.44745,25.55227],[-103.44747,25.55374],[-103.44781,25.55526]],[[-103.44857,25.55055],[-103.44856,25.55081]],[[-103.44833,25.55107],[-103.44856,25.55081]],[[-103.44857,25.54743],[-103.44858,25.54821]],[[-103.44197,25.55349],[-103.44568,25.55037],[-103.44857,25.54743]],[[-103.44855,25.54722],[-103.44857,25.54743]],[[-103.44855,25.54722],[-103.44537,25.5504],[-103.4422,25.5531]],[[-103.4486,25.53582],[-103.44855,25.54722]],[[-103.44861,25.5357],[-103.44198,25.53566]],[[-103.44861,25.5357],[-103.4486,25.53582]],[[-103.43539,25.53568],[-103.4486,25.53582]],[[-103.44805,25.5556],[-103.44764,25.55365],[-103.44764,25.55223],[-103.44788,25.55159],[-103.44833,25.55107]],[[-103.43566,25.56663],[-103.43762,25.5649],[-103.44446,25.56289],[-103.44602,25.56135],[-103.4475,25.55939],[-103.44826,25.55664]],[[-103.44826,25.55664],[-103.44805,25.5556]],[[-103.44805,25.5556],[-103.44781,25.55526]],[[-103.44781,25.55526],[-103.44811,25.55679],[-103.44743,25.55917],[-103.44581,25.56137],[-103.44425,25.56283],[-103.43751,25.56477],[-103.43593,25.56617]],[[-103.4422,25.5531],[-103.43574,25.55857]],[[-103.44197,25.55349],[-103.4422,25.5531]],[[-103.44232,25.53545],[-103.44198,25.53566]],[[-103.43575,25.5587],[-103.44197,25.55349]],[[-103.44198,25.53566],[-103.43539,25.53564]],[[-103.44191,25.52169],[-103.44146,25.52172]],[[-103.44191,25.52169],[-103.44173,25.52188]],[[-103.44161,25.52197],[-103.44183,25.52194]],[[-103.44183,25.52194],[-103.44173,25.52188]],[[-103.44173,25.52188],[-103.44161,25.52197]],[[-103.44173,25.52188],[-103.44146,25.52172]],[[-103.44118,25.52171],[-103.44161,25.52197]],[[-103.44146,25.52172],[-103.43918,25.5202]],[[-103.43903,25.52033],[-103.43947,25.52046],[-103.44118,25.52171]],[[-103.43904,25.52034],[-103.44118,25.52171]],[[-103.43918,25.5202],[-103.43777,25.51928],[-103.43648,25.51855]],[[-103.43918,25.5202],[-103.43904,25.5202],[-103.43903,25.52033]],[[-103.43903,25.52033],[-103.43904,25.52034]],[[-103.43903,25.52033],[-103.43904,25.52034]],[[-103.43863,25.52056],[-103.43903,25.52033]],[[-103.43869,25.52011],[-103.43903,25.52033]],[[-103.43787,25.52292],[-103.43869,25.52064]],[[-103.43863,25.52056],[-103.43869,25.52011]],[[-103.43869,25.52011],[-103.4386,25.51991],[-103.43841,25.51974],[-103.43648,25.51855]],[[-103.43865,25.52008],[-103.43869,25.52011]],[[-103.43865,25.52008],[-103.43783,25.52275]],[[-103.4364,25.51857],[-103.4384,25.51976],[-103.43865,25.52008]],[[-103.4364,25.51857],[-103.43865,25.52008]],[[-103.43787,25.52292],[-103.43863,25.52056]],[[-103.4385,25.52053],[-103.43749,25.5237]],[[-103.43784,25.52299],[-103.43787,25.52292]],[[-103.43749,25.52378],[-103.43784,25.52299]],[[-103.43783,25.52275],[-103.43784,25.52299]],[[-103.43783,25.52275],[-103.43749,25.5237]],[[-103.43749,25.5237],[-103.43749,25.52378]],[[-103.43749,25.52378],[-103.43597,25.52824]],[[-103.43593,25.56617],[-103.43369,25.56823],[-103.43162,25.56913]],[[-103.43593,25.56617],[-103.43566,25.56663]],[[-103.43648,25.51855],[-103.43502,25.51758],[-103.43409,25.51642],[-103.43323,25.51305],[-103.42561,25.50804],[-103.41074,25.49649]],[[-103.41095,25.49686],[-103.42505,25.50782],[-103.42665,25.50888],[-103.42714,25.51027],[-103.43328,25.51424],[-103.43355,25.51464],[-103.43409,25.51672],[-103.43512,25.51782],[-103.4364,25.51857]],[[-103.43129,25.56937],[-103.4338,25.56834],[-103.43566,25.56663]],[[-103.42561,25.56706],[-103.43575,25.5587]],[[-103.43572,25.55882],[-103.43575,25.5587]],[[-103.43575,25.5587],[-103.43574,25.55857]],[[-103.43574,25.55857],[-103.42603,25.56652]],[[-103.43574,25.55857],[-103.43527,25.55782],[-103.43523,25.55675],[-103.43539,25.53568]],[[-103.43597,25.52824],[-103.4359,25.52839]],[[-103.43597,25.52824],[-103.43535,25.52793],[-103.43467,25.52723],[-103.43278,25.52587],[-103.4201,25.51876],[-103.41891,25.51829],[-103.41549,25.51637]],[[-103.4359,25.52839],[-103.43437,25.53291],[-103.43434,25.53524]],[[-103.42004,25.51884],[-103.43275,25.52598],[-103.4359,25.52839]],[[-103.4343,25.53568],[-103.43539,25.53568]],[[-103.43539,25.53568],[-103.43539,25.53564]],[[-103.43539,25.53564],[-103.4343,25.53564]],[[-103.43539,25.53564],[-103.43539,25.53559]],[[-103.43461,25.53558],[-103.43434,25.53524]],[[-103.43457,25.53825],[-103.4343,25.53843]],[[-103.43305,25.55853],[-103.43412,25.55852]],[[-103.43412,25.55834],[-103.43412,25.55852]],[[-103.43399,25.55842],[-103.43412,25.55852]],[[-103.43412,25.55834],[-103.43399,25.55842]],[[-103.4343,25.53843],[-103.43412,25.55834]],[[-103.43412,25.55834],[-103.43311,25.55745]],[[-103.4343,25.53819],[-103.4343,25.53843]],[[-103.43271,25.5383],[-103.4343,25.53843]],[[-103.4343,25.53568],[-103.4343,25.53819]],[[-103.4343,25.53819],[-103.43272,25.53817]],[[-103.43434,25.53524],[-103.4343,25.53564]],[[-103.41532,25.53559],[-103.4343,25.53568]],[[-103.4343,25.53564],[-103.4343,25.53568]],[[-103.4343,25.53564],[-103.41532,25.53548]],[[-103.43399,25.55842],[-103.43291,25.55846]],[[-103.43247,25.55717],[-103.43399,25.55842]],[[-103.34683,25.75557],[-103.3479,25.75438],[-103.3514,25.74947],[-103.35277,25.74752],[-103.35352,25.74613],[-103.3631,25.71412],[-103.36395,25.71224],[-103.36463,25.71122],[-103.43207,25.64088]],[[-103.43207,25.64088],[-103.43203,25.64083]],[[-103.43203,25.64083],[-103.36457,25.71116],[-103.36386,25.71221],[-103.36307,25.71392],[-103.35344,25.74606],[-103.35268,25.74748],[-103.34683,25.75557]],[[-103.43311,25.55745],[-103.42715,25.5526]],[[-103.43247,25.55717],[-103.43311,25.55745]],[[-103.43258,25.5585],[-103.43279,25.55853],[-103.43305,25.55853]],[[-103.43305,25.55853],[-103.43291,25.55846]],[[-103.43291,25.55846],[-103.43258,25.5585]],[[-103.42034,25.55842],[-103.43258,25.5585]],[[-103.4265,25.55227],[-103.43247,25.55717]],[[-103.43271,25.5383],[-103.43272,25.53817]],[[-103.43272,25.53817],[-103.40924,25.53799]],[[-103.40975,25.53811],[-103.43271,25.5383]],[[-103.43162,25.56913],[-103.4281,25.57031],[-103.42518,25.57213]],[[-103.43162,25.56913],[-103.43129,25.56937]],[[-103.42476,25.57253],[-103.42784,25.57061],[-103.43129,25.56937]],[[-103.42715,25.5526],[-103.42644,25.55201]],[[-103.42715,25.5526],[-103.4265,25.55227]],[[-103.42611,25.55195],[-103.4265,25.55227]],[[-103.42644,25.55201],[-103.4264,25.55166]],[[-103.42644,25.55201],[-103.42623,25.55184]],[[-103.42611,25.55195],[-103.42623,25.55184]],[[-103.42623,25.55184],[-103.42614,25.55177]],[[-103.42603,25.56652],[-103.42033,25.57119]],[[-103.42561,25.56706],[-103.42603,25.56652]],[[-103.42614,25.55177],[-103.42602,25.55188]],[[-103.42614,25.55177],[-103.4195,25.54637]],[[-103.4245,25.55358],[-103.42611,25.55195]],[[-103.42602,25.55188],[-103.42611,25.55195]],[[-103.42602,25.55188],[-103.42442,25.5535]],[[-103.41872,25.54592],[-103.42602,25.55188]],[[-103.42033,25.57137],[-103.42561,25.56706]],[[-103.42518,25.57213],[-103.42501,25.57223]],[[-103.42476,25.57253],[-103.42518,25.57213]],[[-103.42501,25.57223],[-103.42344,25.57305],[-103.42033,25.57372]],[[-103.42501,25.57223],[-103.42476,25.57253]],[[-103.42034,25.57377],[-103.42345,25.57318],[-103.42476,25.57253]],[[-103.42032,25.55787],[-103.4245,25.55358]],[[-103.4245,25.55358],[-103.42442,25.5535]],[[-103.42442,25.5535],[-103.42038,25.55756]],[[-103.42065,25.57359],[-103.42033,25.57342]],[[-103.42034,25.57396],[-103.42054,25.57379]],[[-103.42035,25.57417],[-103.42022,25.57431]],[[-103.41616,25.58047],[-103.41635,25.57927],[-103.41666,25.57862],[-103.42003,25.57551],[-103.42034,25.57487],[-103.42035,25.57417]],[[-103.42035,25.57417],[-103.42034,25.57396]],[[-103.42034,25.57396],[-103.42034,25.57377]],[[-103.42023,25.57379],[-103.42034,25.57377]],[[-103.42034,25.57377],[-103.42033,25.57372]],[[-103.42033,25.57372],[-103.42023,25.57374]],[[-103.42033,25.57372],[-103.42033,25.57342]],[[-103.42033,25.57342],[-103.42033,25.57137]],[[-103.42024,25.57142],[-103.42033,25.57137]],[[-103.42033,25.57137],[-103.42033,25.57119]],[[-103.42033,25.57119],[-103.42024,25.57126]],[[-103.42033,25.57119],[-103.42029,25.57108]],[[-103.42029,25.57108],[-103.42024,25.57126]],[[-103.42034,25.55842],[-103.42029,25.57108]],[[-103.42023,25.57374],[-103.41759,25.57389]],[[-103.42023,25.57374],[-103.42023,25.57379]],[[-103.42024,25.57329],[-103.42023,25.57374]],[[-103.42024,25.57329],[-103.41981,25.5737]],[[-103.42024,25.57142],[-103.42024,25.57329]],[[-103.41734,25.57402],[-103.42023,25.57379]],[[-103.42023,25.57379],[-103.42022,25.57431]],[[-103.42022,25.57431],[-103.42015,25.57502],[-103.41989,25.57548],[-103.41646,25.57868],[-103.41602,25.58046]],[[-103.41867,25.5726],[-103.42024,25.57142]],[[-103.42024,25.57126],[-103.42024,25.57142]],[[-103.42024,25.57126],[-103.41762,25.57322]],[[-103.42038,25.55756],[-103.41947,25.55842]],[[-103.42038,25.55756],[-103.42032,25.55787]],[[-103.41947,25.55842],[-103.42034,25.55842]],[[-103.42032,25.55787],[-103.42034,25.55842]],[[-103.41922,25.59023],[-103.41916,25.59032]],[[-103.41819,25.60014],[-103.41908,25.59933],[-103.42009,25.59735],[-103.42048,25.59633],[-103.42117,25.59307],[-103.42116,25.59209],[-103.42082,25.59133],[-103.42015,25.59072],[-103.41922,25.59023]],[[-103.41922,25.59023],[-103.41786,25.58914],[-103.41603,25.58647],[-103.41574,25.58574],[-103.4156,25.58457]],[[-103.41916,25.59032],[-103.42013,25.59083],[-103.42078,25.59148],[-103.42107,25.5923],[-103.42104,25.59314],[-103.42056,25.59563],[-103.41998,25.59737],[-103.41905,25.59916],[-103.41812,25.60006]],[[-103.4155,25.58459],[-103.41565,25.58578],[-103.41594,25.5865],[-103.41792,25.5894],[-103.41916,25.59032]],[[-103.41962,25.51937],[-103.42004,25.51884]],[[-103.41902,25.51847],[-103.42004,25.51884]],[[-103.40567,25.55836],[-103.41947,25.55842]],[[-103.41872,25.54592],[-103.4195,25.54637]],[[-103.4195,25.54637],[-103.41692,25.54426]],[[-103.41902,25.51847],[-103.41969,25.51897]],[[-103.41732,25.57363],[-103.41749,25.57342],[-103.41867,25.5726]],[[-103.41732,25.57363],[-103.41867,25.5726]],[[-103.41748,25.57412],[-103.41861,25.57396]],[[-103.4154,25.60324],[-103.41672,25.60149],[-103.41819,25.60014]],[[-103.41812,25.60006],[-103.41819,25.60014]],[[-103.41812,25.60006],[-103.41683,25.6012],[-103.41542,25.60303]],[[-103.41628,25.54393],[-103.41872,25.54592]],[[-103.41548,25.51649],[-103.41902,25.51847]],[[-103.41762,25.57322],[-103.41613,25.57427]],[[-103.41762,25.57322],[-103.41685,25.57391]],[[-103.41759,25.57389],[-103.41734,25.57392]],[[-103.41759,25.57389],[-103.41736,25.57389]],[[-103.41752,25.57381],[-103.41736,25.57389]],[[-103.416,25.57594],[-103.41707,25.57441],[-103.41748,25.57412]],[[-103.41734,25.57402],[-103.41748,25.57412]],[[-103.41727,25.57379],[-103.41748,25.57361]],[[-103.41736,25.57389],[-103.41734,25.57392]],[[-103.41736,25.57389],[-103.41724,25.57388]],[[-103.41714,25.57414],[-103.41734,25.57402]],[[-103.41734,25.57392],[-103.41734,25.57402]],[[-103.41734,25.57392],[-103.41721,25.57396]],[[-103.41702,25.57388],[-103.41732,25.57363]],[[-103.41727,25.57379],[-103.41732,25.57363]],[[-103.41724,25.57388],[-103.41727,25.57379]],[[-103.41721,25.57396],[-103.41724,25.57388]],[[-103.41724,25.57388],[-103.41712,25.57387],[-103.41702,25.57388]],[[-103.41721,25.57396],[-103.41682,25.57434]],[[-103.41714,25.57414],[-103.41721,25.57396]],[[-103.41682,25.57434],[-103.41714,25.57414]],[[-103.416,25.57594],[-103.41714,25.57414]],[[-103.41702,25.57388],[-103.41685,25.57391]],[[-103.41675,25.57415],[-103.41702,25.57388]],[[-103.41685,25.57391],[-103.41643,25.5742]],[[-103.41685,25.57391],[-103.41675,25.57415]],[[-103.41671,25.57437],[-103.41682,25.57434]],[[-103.41682,25.57434],[-103.41668,25.57473],[-103.41643,25.57507]],[[-103.41654,25.57428],[-103.41675,25.57415]],[[-103.41675,25.57415],[-103.41671,25.57437]],[[-103.41653,25.57439],[-103.41671,25.57437]],[[-103.41671,25.57437],[-103.41643,25.57507]],[[-103.41633,25.57439],[-103.41654,25.57428]],[[-103.41653,25.57439],[-103.41654,25.57428]],[[-103.41654,25.57428],[-103.41643,25.5742]],[[-103.41633,25.57439],[-103.41644,25.57439],[-103.41653,25.57439]],[[-103.41641,25.57447],[-103.41653,25.57439]],[[-103.41692,25.54426],[-103.41628,25.54393]],[[-103.41692,25.54426],[-103.41165,25.53996]],[[-103.41639,25.58295],[-103.41599,25.58297],[-103.41586,25.5826]],[[-103.41643,25.57507],[-103.41627,25.5753]],[[-103.41643,25.5742],[-103.41473,25.57489]],[[-103.41643,25.5742],[-103.41638,25.57419],[-103.41613,25.57427]],[[-103.41474,25.57501],[-103.41641,25.57447]],[[-103.41641,25.57447],[-103.41657,25.57464],[-103.41627,25.5753]],[[-103.41474,25.57501],[-103.41633,25.57439]],[[-103.41627,25.5753],[-103.41115,25.58341]],[[-103.41586,25.5826],[-103.41616,25.58047]],[[-103.41616,25.58047],[-103.41602,25.58046]],[[-103.41613,25.57427],[-103.41473,25.57489]],[[-103.41602,25.58046],[-103.41569,25.58288]],[[-103.411,25.58388],[-103.416,25.57594]],[[-103.4156,25.58457],[-103.41586,25.5826]],[[-103.41107,25.53966],[-103.41628,25.54393]],[[-103.41569,25.58288],[-103.41521,25.58357]],[[-103.41569,25.58288],[-103.41549,25.58444]],[[-103.41542,25.60303],[-103.41523,25.60331]],[[-103.41542,25.60303],[-103.4154,25.60324]],[[-103.4154,25.60324],[-103.41523,25.60331]],[[-103.41516,25.60364],[-103.4154,25.60324]],[[-103.4156,25.58457],[-103.4155,25.58459]],[[-103.41549,25.58444],[-103.4155,25.58459]],[[-103.41502,25.5842],[-103.41536,25.58418],[-103.41549,25.58444]],[[-103.41523,25.60331],[-103.41489,25.6038]],[[-103.41516,25.60364],[-103.41489,25.6038]],[[-103.41178,25.6076],[-103.41312,25.60666],[-103.41516,25.60364]],[[-103.41489,25.6038],[-103.413,25.60659],[-103.41171,25.60751]],[[-103.41521,25.53559],[-103.41532,25.53559]],[[-103.41532,25.53559],[-103.41532,25.53548]],[[-103.41532,25.53548],[-103.41521,25.53548]],[[-103.41532,25.53548],[-103.41548,25.51649]],[[-103.40837,25.57748],[-103.41474,25.57501]],[[-103.41473,25.57489],[-103.40886,25.57715]],[[-103.41548,25.51649],[-103.41549,25.51637]],[[-103.41549,25.51637],[-103.41539,25.51632]],[[-103.41539,25.51644],[-103.41548,25.51649]],[[-103.40619,25.53555],[-103.41521,25.53559]],[[-103.41521,25.53548],[-103.41521,25.53559]],[[-103.41521,25.53548],[-103.41016,25.53544],[-103.40726,25.53531],[-103.40611,25.53534]],[[-103.41539,25.51644],[-103.41521,25.53548]],[[-103.41539,25.51632],[-103.41539,25.51644]],[[-103.40613,25.51127],[-103.41539,25.51644]],[[-103.41539,25.51632],[-103.40613,25.51114]],[[-103.41109,25.60805],[-103.41178,25.6076]],[[-103.41178,25.6076],[-103.41171,25.60751]],[[-103.41171,25.60751],[-103.40993,25.60866]],[[-103.41152,25.58527],[-103.41096,25.58518],[-103.4107,25.58489],[-103.411,25.58388]],[[-103.41039,25.60851],[-103.41109,25.60805]],[[-103.41098,25.60851],[-103.41109,25.60805]],[[-103.41039,25.60851],[-103.41086,25.60858]],[[-103.41115,25.58341],[-103.41026,25.58469]],[[-103.41115,25.58341],[-103.41005,25.5852]],[[-103.41165,25.53996],[-103.40971,25.53839]],[[-103.41165,25.53996],[-103.41107,25.53966]],[[-103.41061,25.58452],[-103.411,25.58388]],[[-103.40967,25.60896],[-103.41039,25.60851]],[[-103.41012,25.58524],[-103.41061,25.58452]],[[-103.41012,25.58524],[-103.41024,25.58522],[-103.41061,25.58452]],[[-103.40919,25.5381],[-103.41107,25.53966]],[[-103.41026,25.58469],[-103.40975,25.58502],[-103.40916,25.58511]],[[-103.41026,25.58469],[-103.41002,25.5851]],[[-103.40993,25.60866],[-103.40703,25.61033],[-103.40072,25.61173]],[[-103.40967,25.60896],[-103.40993,25.60866]],[[-103.41003,25.58537],[-103.41012,25.58524]],[[-103.41005,25.5852],[-103.41012,25.58524]],[[-103.41003,25.58537],[-103.41005,25.58547]],[[-103.41005,25.5852],[-103.41001,25.58527]],[[-103.41002,25.5851],[-103.41005,25.5852]],[[-103.40971,25.5859],[-103.41003,25.58537]],[[-103.41001,25.58527],[-103.41003,25.58537]],[[-103.41002,25.5851],[-103.41001,25.58527]],[[-103.41001,25.58527],[-103.40986,25.5855]],[[-103.408,25.61003],[-103.40967,25.60896]],[[-103.40986,25.5855],[-103.4095,25.58608]],[[-103.40971,25.5859],[-103.40986,25.5855]],[[-103.40986,25.5855],[-103.40937,25.58521]],[[-103.41064,25.49661],[-103.41095,25.49686]],[[-103.41037,25.49694],[-103.4107,25.49682],[-103.41095,25.49686]],[[-103.40958,25.58612],[-103.40971,25.5859]],[[-103.4096,25.58624],[-103.40971,25.5859]],[[-103.40872,25.5875],[-103.4096,25.58624]],[[-103.4096,25.58624],[-103.40958,25.58612]],[[-103.40872,25.5875],[-103.40958,25.58612]],[[-103.40958,25.58612],[-103.4095,25.58608]],[[-103.41064,25.49661],[-103.41074,25.49649]],[[-103.41074,25.49649],[-103.41063,25.4964]],[[-103.4095,25.58608],[-103.40855,25.58755]],[[-103.4095,25.58608],[-103.40944,25.58608],[-103.40938,25.58611],[-103.40864,25.58728]],[[-103.41037,25.49694],[-103.41064,25.49661]],[[-103.41053,25.49653],[-103.41064,25.49661]],[[-103.41063,25.4964],[-103.41053,25.49653]],[[-103.41063,25.4964],[-103.40304,25.49042],[-103.40208,25.49],[-103.40148,25.49003],[-103.4008,25.4903],[-103.39757,25.49305],[-103.39661,25.49364],[-103.39324,25.49431]],[[-103.41053,25.49653],[-103.4103,25.49679]],[[-103.41015,25.49624],[-103.41053,25.49653]],[[-103.40983,25.49762],[-103.41037,25.49694]],[[-103.4103,25.49679],[-103.40995,25.49725]],[[-103.41015,25.49624],[-103.4103,25.49679]],[[-103.40938,25.53811],[-103.40975,25.53811]],[[-103.40971,25.53839],[-103.40975,25.53811]],[[-103.40971,25.53839],[-103.40938,25.53811]],[[-103.37987,25.4965],[-103.39576,25.49405],[-103.39717,25.49348],[-103.40069,25.4905],[-103.40181,25.49011],[-103.40283,25.49044],[-103.41015,25.49624]],[[-103.40995,25.49725],[-103.40892,25.4986]],[[-103.40995,25.49725],[-103.40983,25.49762]],[[-103.40919,25.5381],[-103.40938,25.53811]],[[-103.40938,25.53811],[-103.40924,25.53799]],[[-103.40718,25.59004],[-103.40872,25.5875]],[[-103.40875,25.58559],[-103.40905,25.58636],[-103.40864,25.58728]],[[-103.40886,25.57715],[-103.40832,25.57736]],[[-103.40886,25.57715],[-103.40837,25.57748]],[[-103.409,25.49867],[-103.40983,25.49762]],[[-103.40864,25.58728],[-103.40855,25.58755]],[[-103.40924,25.53799],[-103.40905,25.53798]],[[-103.40924,25.53799],[-103.40619,25.53555]],[[-103.40855,25.58755],[-103.40569,25.5922],[-103.40417,25.59505]],[[-103.40237,25.53807],[-103.40919,25.5381]],[[-103.40905,25.53798],[-103.40919,25.5381]],[[-103.40905,25.53798],[-103.40254,25.53797]],[[-103.4061,25.53555],[-103.40905,25.53798]],[[-103.40741,25.6103],[-103.408,25.61003]],[[-103.40785,25.61032],[-103.408,25.61003]],[[-103.40781,25.57769],[-103.40837,25.57748]],[[-103.40832,25.57736],[-103.40616,25.57818]],[[-103.40781,25.57769],[-103.40832,25.57736]],[[-103.40741,25.6103],[-103.40771,25.61047]],[[-103.40865,25.49903],[-103.409,25.49867]],[[-103.40755,25.50033],[-103.40792,25.50008],[-103.409,25.49867]],[[-103.40892,25.4986],[-103.40755,25.50033]],[[-103.40892,25.4986],[-103.40865,25.49903]],[[-103.40037,25.61191],[-103.40741,25.6103]],[[-103.40582,25.57846],[-103.40781,25.57769]],[[-103.40865,25.49903],[-103.40755,25.50033]],[[-103.40662,25.59094],[-103.40718,25.59004]],[[-103.40714,25.59039],[-103.40718,25.59004]],[[-103.40662,25.59094],[-103.40701,25.59059]],[[-103.4046,25.59455],[-103.40662,25.59094]],[[-103.40755,25.50033],[-103.4073,25.50055]],[[-103.4073,25.50055],[-103.40615,25.50183]],[[-103.40602,25.50209],[-103.4073,25.50055]],[[-103.4073,25.50055],[-103.40718,25.50051],[-103.40669,25.501],[-103.40595,25.50202]],[[-103.40616,25.57818],[-103.40571,25.57835]],[[-103.40616,25.57818],[-103.40582,25.57846]],[[-103.40522,25.57869],[-103.40582,25.57846]],[[-103.40571,25.57835],[-103.40311,25.57935]],[[-103.40522,25.57869],[-103.40571,25.57835]],[[-103.4061,25.53555],[-103.40619,25.53555]],[[-103.40619,25.53555],[-103.40603,25.53536]],[[-103.40603,25.53536],[-103.40611,25.53534]],[[-103.40611,25.53534],[-103.40602,25.53534]],[[-103.4052,25.5355],[-103.40537,25.53553],[-103.40597,25.53555],[-103.4061,25.53555]],[[-103.40598,25.53539],[-103.4061,25.53555]],[[-103.40598,25.53539],[-103.40603,25.53536]],[[-103.40603,25.53536],[-103.40602,25.53534]],[[-103.40602,25.53534],[-103.40594,25.53508]],[[-103.40602,25.53534],[-103.40595,25.53533]],[[-103.40594,25.53508],[-103.40599,25.53505]],[[-103.4052,25.5355],[-103.40598,25.53539]],[[-103.40595,25.53533],[-103.40598,25.53539]],[[-103.40598,25.53492],[-103.40593,25.53488]],[[-103.40546,25.55834],[-103.40552,25.55835],[-103.40562,25.55836],[-103.40567,25.55836]],[[-103.40567,25.55836],[-103.40546,25.55815]],[[-103.40587,25.53508],[-103.40595,25.53533]],[[-103.40595,25.53533],[-103.40557,25.53533]],[[-103.40587,25.53508],[-103.40594,25.53508]],[[-103.40594,25.53508],[-103.40593,25.53488]],[[-103.40593,25.53488],[-103.40613,25.51127]],[[-103.40593,25.53488],[-103.40586,25.53486]],[[-103.40586,25.53486],[-103.40587,25.53508]],[[-103.40578,25.53503],[-103.40587,25.53508]],[[-103.40586,25.53486],[-103.40577,25.5349]],[[-103.40585,25.53368],[-103.40586,25.53486]],[[-103.40585,25.53368],[-103.40577,25.5349]],[[-103.40603,25.51121],[-103.40585,25.53368]],[[-103.40613,25.51127],[-103.40613,25.51114]],[[-103.40603,25.51121],[-103.40613,25.51127]],[[-103.40613,25.51114],[-103.40604,25.51108]],[[-103.4028,25.57961],[-103.40522,25.57869]],[[-103.40578,25.53503],[-103.40557,25.53533]],[[-103.40577,25.5349],[-103.40578,25.53503]],[[-103.40546,25.55834],[-103.39908,25.55304]],[[-103.39871,25.55288],[-103.40546,25.55834]],[[-103.40604,25.51108],[-103.40603,25.51121]],[[-103.40604,25.51108],[-103.40372,25.50979]],[[-103.40367,25.50988],[-103.40603,25.51121]],[[-103.40615,25.50183],[-103.40595,25.50202]],[[-103.40602,25.50209],[-103.40615,25.50183]],[[-103.40381,25.50454],[-103.40492,25.50356],[-103.40602,25.50209]],[[-103.40557,25.53533],[-103.401,25.53515]],[[-103.40595,25.50202],[-103.40476,25.50352],[-103.4037,25.50443]],[[-103.40331,25.59703],[-103.4046,25.59455]],[[-103.40341,25.597],[-103.4046,25.59455]],[[-103.4005,25.53532],[-103.40388,25.53534],[-103.4052,25.5355]],[[-103.40417,25.59505],[-103.40309,25.59688]],[[-103.40417,25.59505],[-103.4032,25.59702]],[[-103.40364,25.59727],[-103.40339,25.59705]],[[-103.40331,25.59703],[-103.40341,25.597]],[[-103.40339,25.59705],[-103.40341,25.597]],[[-103.40313,25.59764],[-103.40339,25.59705]],[[-103.4032,25.59702],[-103.40328,25.59704],[-103.40331,25.59703]],[[-103.40306,25.59757],[-103.40331,25.59703]],[[-103.4032,25.59702],[-103.40296,25.59753]],[[-103.40309,25.59688],[-103.4032,25.59702]],[[-103.4021,25.60001],[-103.40313,25.59764]],[[-103.40313,25.59764],[-103.40306,25.59757]],[[-103.40309,25.59688],[-103.4028,25.59756]],[[-103.4021,25.60001],[-103.40306,25.59757]],[[-103.40306,25.59757],[-103.40296,25.59753]],[[-103.40296,25.59753],[-103.40197,25.6]],[[-103.40296,25.59753],[-103.40294,25.59752],[-103.40286,25.59753],[-103.4028,25.59756]],[[-103.40311,25.57935],[-103.40033,25.58043]],[[-103.40311,25.57935],[-103.40266,25.57958],[-103.40271,25.57963],[-103.4028,25.57961]],[[-103.4028,25.59756],[-103.40276,25.59765]],[[-103.40276,25.59765],[-103.40197,25.6]],[[-103.40265,25.5973],[-103.40276,25.59765]],[[-103.4003,25.50743],[-103.40381,25.50454]],[[-103.40381,25.50454],[-103.4037,25.50443]],[[-103.40152,25.58013],[-103.4028,25.57961]],[[-103.40367,25.50988],[-103.40372,25.50979]],[[-103.40372,25.50979],[-103.40205,25.50882]],[[-103.40192,25.50884],[-103.40367,25.50988]],[[-103.4037,25.50443],[-103.40015,25.5074]],[[-103.40022,25.60741],[-103.40094,25.60326],[-103.4021,25.60001]],[[-103.40197,25.6],[-103.40081,25.60319],[-103.40011,25.60727]],[[-103.40254,25.53797],[-103.40237,25.53807]],[[-103.40254,25.53797],[-103.40071,25.53794]],[[-103.40077,25.53806],[-103.40237,25.53807]],[[-103.40089,25.58038],[-103.40152,25.58013]],[[-103.40138,25.58042],[-103.40152,25.58013]],[[-103.40089,25.58038],[-103.40135,25.58053]],[[-103.40072,25.61173],[-103.40011,25.61167],[-103.39971,25.61112]],[[-103.40072,25.61173],[-103.39956,25.6118]],[[-103.40205,25.50882],[-103.40042,25.50785]],[[-103.40205,25.50882],[-103.40019,25.50778]],[[-103.40014,25.50783],[-103.40192,25.50884]],[[-103.40014,25.5079],[-103.40192,25.50884]],[[-103.40056,25.58057],[-103.40089,25.58038]],[[-103.39954,25.61187],[-103.39988,25.61193],[-103.40037,25.61191]],[[-103.39916,25.61252],[-103.40037,25.61191]],[[-103.40067,25.58108],[-103.40056,25.58057]],[[-103.39952,25.6116],[-103.40022,25.60741]],[[-103.39971,25.61112],[-103.40022,25.60741]],[[-103.40052,25.58061],[-103.40056,25.58057]],[[-103.40032,25.58085],[-103.40052,25.58061]],[[-103.40033,25.58043],[-103.40052,25.58061]],[[-103.40011,25.60727],[-103.39931,25.61139]],[[-103.40011,25.60727],[-103.3994,25.61157]],[[-103.4005,25.53532],[-103.401,25.53515]],[[-103.401,25.53515],[-103.39995,25.53514]],[[-103.40033,25.58043],[-103.39996,25.58054]],[[-103.39996,25.58054],[-103.39945,25.58072],[-103.39936,25.58101],[-103.39952,25.58132],[-103.39986,25.58142],[-103.40019,25.5813],[-103.40032,25.58085]],[[-103.40032,25.58085],[-103.39996,25.58054]],[[-103.40015,25.53806],[-103.40077,25.53806]],[[-103.40071,25.53794],[-103.40077,25.53806]],[[-103.40071,25.53794],[-103.39841,25.53794]],[[-103.40015,25.53806],[-103.40071,25.53794]],[[-103.39964,25.61155],[-103.39971,25.61112]],[[-103.39952,25.6116],[-103.39964,25.61155]],[[-103.39956,25.6118],[-103.39964,25.61155]],[[-103.39954,25.61187],[-103.39956,25.6118]],[[-103.39956,25.6118],[-103.39946,25.61177]],[[-103.39939,25.61216],[-103.39954,25.61187]],[[-103.39943,25.61184],[-103.39954,25.61187]],[[-103.3994,25.61157],[-103.39949,25.6116],[-103.39952,25.6116]],[[-103.39946,25.61177],[-103.39952,25.6116]],[[-103.39942,25.53532],[-103.4005,25.53532]],[[-103.39943,25.61184],[-103.39946,25.61177]],[[-103.39946,25.61177],[-103.39935,25.61172]],[[-103.39935,25.61202],[-103.39943,25.61184]],[[-103.39932,25.6118],[-103.39943,25.61184]],[[-103.3994,25.61157],[-103.39935,25.61172]],[[-103.39931,25.61139],[-103.3994,25.61157]],[[-103.39916,25.61252],[-103.39939,25.61216]],[[-103.39939,25.61216],[-103.39935,25.61202]],[[-103.3971,25.6144],[-103.39935,25.61202]],[[-103.39935,25.61202],[-103.39924,25.61195]],[[-103.39935,25.61172],[-103.39932,25.6118]],[[-103.39935,25.61172],[-103.39921,25.61165]],[[-103.39932,25.6118],[-103.39924,25.61195]],[[-103.39916,25.61175],[-103.39932,25.6118]],[[-103.39931,25.61139],[-103.3993,25.61143]],[[-103.3993,25.61143],[-103.39903,25.61152]],[[-103.3993,25.61143],[-103.39921,25.61165]],[[-103.39924,25.61195],[-103.39869,25.61268],[-103.3968,25.61444]],[[-103.39924,25.61195],[-103.39917,25.61195],[-103.3991,25.61197],[-103.39904,25.61201]],[[-103.39921,25.61165],[-103.39916,25.61175]],[[-103.3971,25.6144],[-103.39916,25.61252]],[[-103.39841,25.53804],[-103.40015,25.53806]],[[-103.39916,25.61175],[-103.3991,25.61188]],[[-103.3991,25.61188],[-103.39904,25.61201]],[[-103.39904,25.61168],[-103.3991,25.61188]],[[-103.40042,25.50785],[-103.4003,25.50743]],[[-103.40042,25.50785],[-103.40026,25.50776]],[[-103.39904,25.61201],[-103.3968,25.61444]],[[-103.39995,25.53514],[-103.39848,25.53513]],[[-103.39995,25.53514],[-103.39942,25.53532]],[[-103.40005,25.50765],[-103.4003,25.50743]],[[-103.40026,25.50776],[-103.40019,25.50778]],[[-103.40026,25.50776],[-103.40005,25.50765]],[[-103.40019,25.50778],[-103.40014,25.50783]],[[-103.40019,25.50778],[-103.40001,25.50768]],[[-103.40015,25.5074],[-103.39968,25.50744]],[[-103.40015,25.5074],[-103.39994,25.50758]],[[-103.40014,25.50783],[-103.40014,25.5079]],[[-103.39996,25.50773],[-103.40014,25.50783]],[[-103.40007,25.50786],[-103.40014,25.5079]],[[-103.39991,25.50778],[-103.40007,25.50786]],[[-103.39979,25.50789],[-103.39996,25.50786],[-103.40001,25.50786],[-103.40007,25.50786]],[[-103.40001,25.50768],[-103.40005,25.50765]],[[-103.40005,25.50765],[-103.39994,25.50758]],[[-103.39996,25.50773],[-103.40001,25.50768]],[[-103.40001,25.50768],[-103.39989,25.50762]],[[-103.39991,25.50778],[-103.39996,25.50773]],[[-103.39984,25.50767],[-103.39996,25.50773]],[[-103.39994,25.50758],[-103.39989,25.50762]],[[-103.39994,25.50758],[-103.39968,25.50744]],[[-103.39979,25.50789],[-103.39991,25.50778]],[[-103.39979,25.50771],[-103.39991,25.50778]],[[-103.39989,25.50762],[-103.39984,25.50767]],[[-103.39989,25.50762],[-103.39968,25.50751]],[[-103.39984,25.50767],[-103.39979,25.50771]],[[-103.39965,25.50757],[-103.39984,25.50767]],[[-103.39853,25.50906],[-103.39979,25.50789]],[[-103.39795,25.53526],[-103.39942,25.53532]],[[-103.39979,25.50771],[-103.39953,25.50793]],[[-103.39957,25.50759],[-103.39979,25.50771]],[[-103.39965,25.50757],[-103.39968,25.50751]],[[-103.39968,25.50751],[-103.39966,25.50743]],[[-103.39968,25.50751],[-103.39762,25.50633]],[[-103.39908,25.55304],[-103.39831,25.5524]],[[-103.39871,25.55288],[-103.39908,25.55304]],[[-103.39968,25.50744],[-103.39966,25.50743]],[[-103.39966,25.50743],[-103.39762,25.50633]],[[-103.39957,25.50759],[-103.39965,25.50757]],[[-103.39755,25.50642],[-103.39965,25.50757]],[[-103.39949,25.50755],[-103.39957,25.50759]],[[-103.39953,25.50793],[-103.39879,25.50864]],[[-103.39949,25.50755],[-103.39953,25.50793]],[[-103.39755,25.50642],[-103.39949,25.50755]],[[-103.39791,25.55221],[-103.39871,25.55288]],[[-103.39831,25.5524],[-103.3951,25.54977]],[[-103.39831,25.5524],[-103.39791,25.55221]],[[-103.39848,25.53513],[-103.39639,25.53512]],[[-103.39848,25.53513],[-103.39795,25.53526]],[[-103.39222,25.538],[-103.39841,25.53804]],[[-103.39841,25.53804],[-103.39841,25.53794]],[[-103.39841,25.53794],[-103.39274,25.53791]],[[-103.39879,25.50864],[-103.39815,25.50925]],[[-103.39853,25.50906],[-103.39879,25.50864]],[[-103.39784,25.56274],[-103.39741,25.56365]],[[-103.39784,25.56274],[-103.39781,25.56314]],[[-103.39548,25.55831],[-103.39833,25.56099],[-103.39835,25.56159],[-103.39784,25.56274]],[[-103.39801,25.50956],[-103.39853,25.50906]],[[-103.39733,25.56417],[-103.39781,25.56314]],[[-103.39781,25.56314],[-103.39851,25.56157],[-103.39847,25.56092],[-103.3957,25.55829]],[[-103.39086,25.62063],[-103.3971,25.6144]],[[-103.39457,25.54948],[-103.39791,25.55221]],[[-103.39795,25.53526],[-103.39606,25.53536]],[[-103.39385,25.5353],[-103.39641,25.53522],[-103.39795,25.53526]],[[-103.3968,25.61444],[-103.39095,25.62032]],[[-103.39815,25.50925],[-103.39582,25.51144]],[[-103.39801,25.50956],[-103.39815,25.50925]],[[-103.39741,25.56365],[-103.39674,25.5651]],[[-103.39733,25.56417],[-103.39741,25.56365]],[[-103.39667,25.56563],[-103.39733,25.56417]],[[-103.39544,25.51199],[-103.39801,25.50956]],[[-103.39762,25.50633],[-103.39232,25.50332]],[[-103.39163,25.50314],[-103.39755,25.50642]],[[-103.39674,25.5651],[-103.39575,25.56727]],[[-103.39674,25.5651],[-103.39667,25.56563]],[[-103.39564,25.56785],[-103.39667,25.56563]],[[-103.39639,25.53512],[-103.39462,25.53511]],[[-103.39639,25.53512],[-103.39606,25.53487]],[[-103.39575,25.56727],[-103.39232,25.57469]],[[-103.39564,25.56785],[-103.39575,25.56727]],[[-103.39235,25.57496],[-103.39564,25.56785]],[[-103.39462,25.53511],[-103.39606,25.53492]],[[-103.39548,25.55831],[-103.3957,25.55829]],[[-103.3957,25.55829],[-103.39558,25.5582]],[[-103.39558,25.5582],[-103.39538,25.55821]],[[-103.39558,25.5582],[-103.39159,25.55482],[-103.39142,25.55419],[-103.39142,25.55227]],[[-103.39268,25.55832],[-103.39548,25.55831]],[[-103.39538,25.55821],[-103.39548,25.55831]],[[-103.39538,25.55821],[-103.39492,25.55823]],[[-103.39505,25.55795],[-103.39538,25.55821]],[[-103.39582,25.51144],[-103.39115,25.51588]],[[-103.39582,25.51144],[-103.39544,25.51199]],[[-103.39505,25.55795],[-103.39492,25.55823]],[[-103.39126,25.55185],[-103.39127,25.5543],[-103.39145,25.55489],[-103.39505,25.55795]],[[-103.3951,25.54977],[-103.39411,25.54895]],[[-103.3951,25.54977],[-103.39457,25.54948]],[[-103.39492,25.55823],[-103.39329,25.5582]],[[-103.39105,25.51614],[-103.39544,25.51199]],[[-103.39378,25.54883],[-103.39457,25.54948]],[[-103.39385,25.5353],[-103.39462,25.53511]],[[-103.39462,25.53511],[-103.39385,25.5351],[-103.39198,25.53511]],[[-103.39378,25.54883],[-103.39411,25.54895]],[[-103.39411,25.54895],[-103.39121,25.54667]],[[-103.39118,25.54709],[-103.39171,25.54714],[-103.39378,25.54883]],[[-103.39149,25.53528],[-103.39311,25.5353],[-103.39385,25.5353]],[[-103.39329,25.5582],[-103.39243,25.5582]],[[-103.39268,25.55832],[-103.39329,25.5582]],[[-103.39206,25.55831],[-103.39268,25.55832]],[[-103.39181,25.57614],[-103.39235,25.57496]],[[-103.39232,25.57469],[-103.39235,25.57496]],[[-103.39232,25.57469],[-103.39179,25.57586]],[[-103.39274,25.53791],[-103.38418,25.53781]],[[-103.39274,25.53791],[-103.39222,25.538]],[[-103.39243,25.5582],[-103.3909,25.55818]],[[-103.39243,25.5582],[-103.39206,25.55831]],[[-103.39324,25.49431],[-103.3918,25.49403]],[[-103.39324,25.49431],[-103.39196,25.49451]],[[-103.39213,25.57692],[-103.39181,25.57614]],[[-103.39114,25.57761],[-103.39153,25.57732],[-103.39211,25.57735]],[[-103.39058,25.55829],[-103.39206,25.55831]],[[-103.39114,25.57761],[-103.39181,25.57614]],[[-103.39179,25.57586],[-103.39141,25.57602],[-103.39108,25.57589]],[[-103.39179,25.57586],[-103.39118,25.5772]],[[-103.38418,25.53793],[-103.39222,25.538]],[[-103.39095,25.62032],[-103.39045,25.62063],[-103.38966,25.62144],[-103.38901,25.6223]],[[-103.39095,25.62032],[-103.39074,25.62054]],[[-103.38968,25.6218],[-103.39086,25.62063]],[[-103.38968,25.6218],[-103.38979,25.62179],[-103.39086,25.62063]],[[-103.39198,25.53511],[-103.38413,25.53511]],[[-103.39149,25.53528],[-103.39198,25.53511]],[[-103.39232,25.50332],[-103.39064,25.5024]],[[-103.39232,25.50332],[-103.39163,25.50314]],[[-103.39074,25.62054],[-103.38959,25.62173]],[[-103.39074,25.62054],[-103.39045,25.62087],[-103.38959,25.62173]],[[-103.39118,25.5772],[-103.3898,25.58021]],[[-103.39106,25.57653],[-103.39118,25.5772]],[[-103.38977,25.58056],[-103.39114,25.57761]],[[-103.39142,25.55227],[-103.39143,25.55155]],[[-103.39142,25.55227],[-103.39126,25.55185]],[[-103.39143,25.55155],[-103.39137,25.55035],[-103.391,25.54929],[-103.39111,25.54714]],[[-103.39126,25.55111],[-103.39143,25.55155]],[[-103.38413,25.53519],[-103.38749,25.53524],[-103.39149,25.53528]],[[-103.39126,25.55111],[-103.39126,25.55185]],[[-103.39075,25.54712],[-103.39084,25.54931],[-103.39121,25.55038],[-103.39126,25.55111]],[[-103.39196,25.49451],[-103.37971,25.49641]],[[-103.39171,25.49405],[-103.39196,25.49451]],[[-103.39118,25.54709],[-103.39121,25.54667]],[[-103.39121,25.54667],[-103.39107,25.54658]],[[-103.39111,25.54714],[-103.39118,25.54709]],[[-103.39075,25.54712],[-103.39096,25.54718],[-103.39111,25.54714]],[[-103.39107,25.54658],[-103.3842,25.54078],[-103.38418,25.53793]],[[-103.39107,25.54658],[-103.39098,25.54655],[-103.39078,25.54659],[-103.39064,25.54671]],[[-103.3909,25.55818],[-103.39058,25.55829]],[[-103.3909,25.55818],[-103.3898,25.55817],[-103.38846,25.55815],[-103.3824,25.55812],[-103.38079,25.55813]],[[-103.38999,25.50221],[-103.39163,25.50314]],[[-103.39064,25.54671],[-103.39075,25.54712]],[[-103.39115,25.51588],[-103.39035,25.51663]],[[-103.39115,25.51588],[-103.39105,25.51614]],[[-103.38098,25.55823],[-103.39058,25.55829]],[[-103.37998,25.63161],[-103.38968,25.6218]],[[-103.38959,25.62173],[-103.38968,25.6218]],[[-103.39045,25.51672],[-103.39105,25.51614]],[[-103.38406,25.53793],[-103.38413,25.54088],[-103.39044,25.54613],[-103.39064,25.54671]],[[-103.38959,25.62173],[-103.38901,25.6223]],[[-103.3898,25.58021],[-103.38948,25.5809]],[[-103.3898,25.58021],[-103.38972,25.5806]],[[-103.38977,25.58056],[-103.38972,25.5806]],[[-103.38972,25.58068],[-103.38977,25.58056]],[[-103.38972,25.5806],[-103.38948,25.5809]],[[-103.38972,25.5806],[-103.38972,25.58068]],[[-103.38522,25.59046],[-103.38972,25.58068]],[[-103.39064,25.5024],[-103.38993,25.50206]],[[-103.39064,25.5024],[-103.38999,25.50221]],[[-103.39002,25.51713],[-103.39045,25.51672]],[[-103.39045,25.51672],[-103.39035,25.51663]],[[-103.38901,25.6223],[-103.38177,25.62958]],[[-103.39035,25.51663],[-103.38992,25.51704]],[[-103.38948,25.5809],[-103.38508,25.59041]],[[-103.38527,25.52164],[-103.39002,25.51713]],[[-103.38992,25.51704],[-103.39002,25.51713]],[[-103.38992,25.51704],[-103.38516,25.52155]],[[-103.38948,25.502],[-103.38999,25.50221]],[[-103.38948,25.502],[-103.38993,25.50206]],[[-103.38993,25.50206],[-103.38835,25.50134],[-103.37987,25.4965]],[[-103.37969,25.49653],[-103.38948,25.502]],[[-103.38199,25.5975],[-103.38522,25.59046]],[[-103.38508,25.59041],[-103.38522,25.59046]],[[-103.38508,25.59041],[-103.38181,25.59761]],[[-103.38233,25.598],[-103.38461,25.59785]],[[-103.38429,25.59777],[-103.38227,25.59781]],[[-103.38401,25.52285],[-103.38527,25.52164]],[[-103.38527,25.52164],[-103.38516,25.52155]],[[-103.38516,25.52155],[-103.38442,25.52226]],[[-103.38442,25.52226],[-103.38399,25.52268]],[[-103.38426,25.52199],[-103.38442,25.52226]],[[-103.38418,25.53781],[-103.38406,25.53781]],[[-103.38418,25.53793],[-103.38418,25.53781]],[[-103.38418,25.53781],[-103.38413,25.53519]],[[-103.38406,25.53793],[-103.38418,25.53793]],[[-103.38401,25.53519],[-103.38413,25.53519]],[[-103.38413,25.53519],[-103.38413,25.53511]],[[-103.38413,25.53511],[-103.38401,25.53511]],[[-103.38413,25.53511],[-103.38412,25.53431]],[[-103.38412,25.53431],[-103.38401,25.53431]],[[-103.38412,25.53431],[-103.38395,25.52986],[-103.38401,25.52285]],[[-103.38406,25.53781],[-103.3761,25.53763]],[[-103.38406,25.53781],[-103.38406,25.53793]],[[-103.38401,25.53519],[-103.38406,25.53781]],[[-103.37609,25.53774],[-103.38406,25.53793]],[[-103.37077,25.53514],[-103.38401,25.53519]],[[-103.38401,25.53511],[-103.38401,25.53519]],[[-103.38401,25.53511],[-103.37579,25.53503],[-103.37097,25.53492]],[[-103.38401,25.53431],[-103.38401,25.53511]],[[-103.38388,25.52296],[-103.38382,25.52974],[-103.38401,25.53431]],[[-103.38388,25.52296],[-103.38401,25.52285]],[[-103.38401,25.52285],[-103.38399,25.52268]],[[-103.38399,25.52268],[-103.38386,25.52281]],[[-103.38218,25.52455],[-103.38388,25.52296]],[[-103.38386,25.52281],[-103.38388,25.52296]],[[-103.38386,25.52281],[-103.38208,25.52447]],[[-103.38176,25.59802],[-103.38233,25.598]],[[-103.38227,25.59781],[-103.38233,25.598]],[[-103.38227,25.59781],[-103.38184,25.59783]],[[-103.38227,25.59781],[-103.38199,25.5975]],[[-103.38177,25.62958],[-103.38027,25.63097]],[[-103.38177,25.62958],[-103.37983,25.63157]],[[-103.38184,25.59783],[-103.38199,25.5975]],[[-103.38184,25.59783],[-103.38171,25.59784]],[[-103.38176,25.59802],[-103.38184,25.59783]],[[-103.38181,25.59761],[-103.38146,25.59785]],[[-103.38181,25.59761],[-103.38171,25.59784]],[[-103.38163,25.59802],[-103.38176,25.59802]],[[-103.38019,25.60154],[-103.38176,25.59802]],[[-103.38171,25.59784],[-103.38146,25.59785]],[[-103.38171,25.59784],[-103.38163,25.59802]],[[-103.38127,25.59803],[-103.38163,25.59802]],[[-103.38163,25.59802],[-103.38154,25.59825]],[[-103.38154,25.59825],[-103.38036,25.60095]],[[-103.38127,25.59803],[-103.38154,25.59825]],[[-103.38146,25.59785],[-103.38135,25.59786]],[[-103.38135,25.59786],[-103.37897,25.59803]],[[-103.38127,25.59803],[-103.38135,25.59786]],[[-103.37896,25.59812],[-103.38127,25.59803]],[[-103.3787,25.52787],[-103.38218,25.52455]],[[-103.38218,25.52455],[-103.38208,25.52447]],[[-103.38208,25.52447],[-103.37859,25.52776]],[[-103.38027,25.63097],[-103.37965,25.63097],[-103.37919,25.6307]],[[-103.38027,25.63097],[-103.37981,25.63145]],[[-103.38064,25.55823],[-103.38098,25.55823]],[[-103.38079,25.55813],[-103.38098,25.55823]],[[-103.37983,25.63157],[-103.37989,25.63161],[-103.37998,25.63161]],[[-103.37977,25.63182],[-103.37998,25.63161]],[[-103.38036,25.60095],[-103.37995,25.60161]],[[-103.38036,25.60095],[-103.37978,25.60218]],[[-103.37945,25.63214],[-103.37984,25.63219]],[[-103.37983,25.63157],[-103.37971,25.63169]],[[-103.37981,25.63145],[-103.37983,25.63157]],[[-103.37981,25.63145],[-103.37966,25.6316]],[[-103.38079,25.55813],[-103.37862,25.55813]],[[-103.38064,25.55823],[-103.38079,25.55813]],[[-103.37979,25.60238],[-103.38019,25.60154]],[[-103.37979,25.60238],[-103.38005,25.60185],[-103.38019,25.60154]],[[-103.37965,25.63194],[-103.37977,25.63182]],[[-103.37977,25.63182],[-103.37971,25.63169]],[[-103.37971,25.63169],[-103.37958,25.63182]],[[-103.37971,25.63169],[-103.37966,25.6316]],[[-103.37966,25.6316],[-103.37954,25.63173]],[[-103.37966,25.6316],[-103.37957,25.63139]],[[-103.37945,25.63214],[-103.37965,25.63194]],[[-103.37958,25.63182],[-103.37965,25.63194]],[[-103.37993,25.55824],[-103.38064,25.55823]],[[-103.37958,25.63182],[-103.37944,25.63197]],[[-103.37954,25.63173],[-103.37958,25.63182]],[[-103.37957,25.63139],[-103.37974,25.63117],[-103.3793,25.6309]],[[-103.37957,25.63139],[-103.3793,25.6309]],[[-103.37933,25.63124],[-103.37957,25.63139]],[[-103.37995,25.60161],[-103.37965,25.60175],[-103.37978,25.60218]],[[-103.37995,25.60161],[-103.37983,25.60176]],[[-103.37954,25.63173],[-103.37938,25.6319]],[[-103.37933,25.63124],[-103.37954,25.63173]],[[-103.37826,25.63336],[-103.37945,25.63214]],[[-103.37945,25.63214],[-103.37944,25.63197]],[[-103.37944,25.63197],[-103.37764,25.63379]],[[-103.37944,25.63197],[-103.37938,25.6319]],[[-103.37963,25.60264],[-103.37979,25.60238]],[[-103.37978,25.60218],[-103.37963,25.60264]],[[-103.37938,25.6319],[-103.37764,25.63379]],[[-103.3748,25.6222],[-103.37933,25.63124]],[[-103.3793,25.6309],[-103.37919,25.6307]],[[-103.37318,25.61922],[-103.37284,25.61815],[-103.37294,25.61719],[-103.37963,25.60264]],[[-103.37919,25.6307],[-103.37457,25.62147],[-103.37318,25.61922]],[[-103.37925,25.55824],[-103.37993,25.55824]],[[-103.37983,25.55863],[-103.37993,25.55824]],[[-103.37826,25.63336],[-103.37866,25.63332]],[[-103.37034,25.64139],[-103.37826,25.63336]],[[-103.37925,25.55824],[-103.37916,25.55846]],[[-103.33813,25.55791],[-103.35983,25.55807],[-103.37848,25.55822],[-103.37925,25.55824]],[[-103.37969,25.49653],[-103.37987,25.4965]],[[-103.37987,25.4965],[-103.37971,25.49641]],[[-103.37971,25.49641],[-103.37084,25.4976]],[[-103.37971,25.49641],[-103.37969,25.49653]],[[-103.37971,25.49641],[-103.37971,25.49605]],[[-103.37086,25.49774],[-103.37969,25.49653]],[[-103.37874,25.55777],[-103.37862,25.55813]],[[-103.37764,25.63379],[-103.37021,25.6413]],[[-103.37862,25.55813],[-103.36011,25.55801]],[[-103.37596,25.53496],[-103.37601,25.53045],[-103.3787,25.52787]],[[-103.3787,25.52787],[-103.37859,25.52776]],[[-103.37859,25.52776],[-103.37589,25.5304],[-103.3758,25.53496]],[[-103.3761,25.53763],[-103.37609,25.53774]],[[-103.3761,25.53763],[-103.37581,25.53762]],[[-103.37579,25.53773],[-103.37609,25.53774]],[[-103.37437,25.62139],[-103.3748,25.6222]],[[-103.37437,25.62139],[-103.37437,25.62197],[-103.3748,25.6222]],[[-103.37579,25.53773],[-103.37581,25.53762]],[[-103.37581,25.53762],[-103.37565,25.53761]],[[-103.37564,25.53773],[-103.37579,25.53773]],[[-103.37565,25.53761],[-103.37067,25.53762],[-103.37011,25.53779],[-103.36866,25.53863],[-103.36176,25.53853],[-103.35774,25.53963],[-103.35105,25.53959]],[[-103.37565,25.53761],[-103.37564,25.53773]],[[-103.36347,25.5387],[-103.36853,25.53876],[-103.37069,25.5377],[-103.37366,25.5377],[-103.37564,25.53773]],[[-103.37318,25.61922],[-103.37437,25.62139]],[[-103.36581,25.64782],[-103.36695,25.64494],[-103.37034,25.64139]],[[-103.37034,25.64139],[-103.37021,25.6413]],[[-103.37021,25.6413],[-103.3674,25.64418],[-103.36647,25.64551],[-103.36366,25.65423]],[[-103.37077,25.53514],[-103.37127,25.53519]],[[-103.37097,25.53492],[-103.36981,25.53498]],[[-103.37097,25.53492],[-103.37077,25.53514]],[[-103.367,25.53521],[-103.37077,25.53514]],[[-103.37086,25.49807],[-103.37086,25.49774]],[[-103.37055,25.49775],[-103.37086,25.49774]],[[-103.37084,25.4976],[-103.37036,25.49761]],[[-103.37084,25.4976],[-103.37052,25.49772]],[[-103.37051,25.49775],[-103.37055,25.49775]],[[-103.37055,25.49775],[-103.37052,25.49772]],[[-103.37025,25.49775],[-103.37053,25.49788]],[[-103.37052,25.49772],[-103.37051,25.49775]],[[-103.37052,25.49772],[-103.37036,25.49761]],[[-103.37025,25.49775],[-103.37051,25.49775]],[[-103.37036,25.49761],[-103.36805,25.49758]],[[-103.36806,25.49771],[-103.36921,25.49774],[-103.37025,25.49775]],[[-103.36581,25.64782],[-103.36604,25.64764]],[[-103.36636,25.49769],[-103.36806,25.49771]],[[-103.36635,25.49901],[-103.3668,25.49801],[-103.36806,25.49771]],[[-103.36805,25.49758],[-103.36693,25.4973],[-103.36634,25.49642]],[[-103.36805,25.49758],[-103.36635,25.49755]],[[-103.36381,25.65407],[-103.36581,25.64782]],[[-103.36567,25.5352],[-103.367,25.53521]],[[-103.36565,25.53445],[-103.36572,25.53481],[-103.36595,25.53504],[-103.367,25.53521]],[[-103.366,25.52832],[-103.36636,25.52808]],[[-103.36645,25.52155],[-103.36618,25.52138],[-103.36606,25.52102]],[[-103.36605,25.5223],[-103.36642,25.52191]],[[-103.36634,25.52794],[-103.36601,25.52761]],[[-103.36609,25.51763],[-103.36647,25.51703]],[[-103.36645,25.51685],[-103.3661,25.51641]],[[-103.36661,25.50425],[-103.36622,25.50397]],[[-103.36621,25.5047],[-103.36654,25.50436]],[[-103.36598,25.53427],[-103.366,25.52832]],[[-103.36565,25.53445],[-103.36594,25.53451]],[[-103.366,25.52832],[-103.36601,25.52761]],[[-103.36601,25.52761],[-103.36605,25.5223]],[[-103.36605,25.5223],[-103.36606,25.52102]],[[-103.36606,25.52102],[-103.36609,25.51763]],[[-103.36635,25.49901],[-103.36636,25.49796]],[[-103.36636,25.49796],[-103.36636,25.49769]],[[-103.36636,25.49796],[-103.36623,25.4979],[-103.3661,25.49795]],[[-103.36623,25.50097],[-103.36635,25.49901]],[[-103.36609,25.51763],[-103.3661,25.51641]],[[-103.3661,25.4977],[-103.36636,25.49769]],[[-103.36636,25.49769],[-103.36635,25.49755]],[[-103.36635,25.49755],[-103.3661,25.49755],[-103.3661,25.4977]],[[-103.3661,25.51641],[-103.36615,25.5078]],[[-103.36618,25.50398],[-103.36622,25.50394]],[[-103.36622,25.50397],[-103.36622,25.50394]],[[-103.36622,25.50394],[-103.36623,25.50097]],[[-103.36621,25.5047],[-103.36622,25.50397]],[[-103.36615,25.5078],[-103.36621,25.50475]],[[-103.36621,25.50475],[-103.36621,25.5047]],[[-103.36621,25.50475],[-103.36617,25.50473]],[[-103.36615,25.5078],[-103.36617,25.50473]],[[-103.36618,25.50398],[-103.36623,25.50097]],[[-103.36586,25.52794],[-103.36565,25.53445]],[[-103.36587,25.52688],[-103.36586,25.52794]],[[-103.36542,25.52747],[-103.36586,25.52794]],[[-103.36587,25.52688],[-103.36543,25.52733]],[[-103.36605,25.5078],[-103.36587,25.52688]],[[-103.36617,25.50473],[-103.36618,25.50398]],[[-103.36617,25.50473],[-103.36611,25.50472],[-103.36607,25.50472]],[[-103.36608,25.50399],[-103.36618,25.50398]],[[-103.36607,25.50472],[-103.36605,25.5078]],[[-103.36602,25.50475],[-103.36605,25.5078]],[[-103.36612,25.50097],[-103.36602,25.50395]],[[-103.36612,25.50097],[-103.36608,25.50399]],[[-103.3661,25.49795],[-103.36612,25.50097]],[[-103.36607,25.50472],[-103.36602,25.50475]],[[-103.36608,25.50399],[-103.36607,25.50472]],[[-103.36602,25.50395],[-103.36608,25.50399]],[[-103.36602,25.50467],[-103.36602,25.50475]],[[-103.36602,25.50403],[-103.36602,25.50467]],[[-103.36553,25.50442],[-103.36589,25.50447],[-103.36602,25.50467]],[[-103.3661,25.4977],[-103.3661,25.49795]],[[-103.36602,25.50403],[-103.36554,25.50427]],[[-103.36602,25.50395],[-103.36602,25.50403]],[[-103.36232,25.65871],[-103.36381,25.65407]],[[-103.36335,25.65607],[-103.36381,25.65407]],[[-103.36376,25.65646],[-103.36335,25.65607]],[[-103.36366,25.65423],[-103.36274,25.65644],[-103.36232,25.65842]],[[-103.36366,25.65423],[-103.36232,25.65842]],[[-103.3631,25.6568],[-103.36349,25.65657]],[[-103.3631,25.6568],[-103.36335,25.65607]],[[-103.36232,25.65871],[-103.3631,25.6568]],[[-103.33193,25.69282],[-103.33836,25.68745],[-103.34484,25.68157],[-103.34817,25.67312],[-103.34847,25.67272],[-103.35895,25.66614],[-103.35981,25.66546],[-103.36049,25.66442],[-103.36232,25.65871]],[[-103.36232,25.65842],[-103.3604,25.66439],[-103.35968,25.66546],[-103.34952,25.67191]],[[-103.36347,25.5387],[-103.36381,25.53911]],[[-103.35105,25.53971],[-103.35778,25.53974],[-103.36171,25.53866],[-103.36347,25.5387]],[[-103.36011,25.55801],[-103.35962,25.558]],[[-103.36011,25.55801],[-103.3599,25.5578]],[[-103.35982,25.55774],[-103.35962,25.558]],[[-103.35962,25.558],[-103.33847,25.55784],[-103.33105,25.55752],[-103.32927,25.55705],[-103.32716,25.55593],[-103.32428,25.55585],[-103.32205,25.55533],[-103.32127,25.55475],[-103.3209,25.55397],[-103.32073,25.55027],[-103.31918,25.54161],[-103.31874,25.54021]],[[-103.34952,25.67191],[-103.34884,25.67186],[-103.34822,25.67133]],[[-103.34952,25.67191],[-103.34858,25.67253],[-103.34809,25.67309],[-103.34477,25.68152],[-103.3383,25.68737],[-103.33186,25.69275]],[[-103.35105,25.53971],[-103.35105,25.53959]],[[-103.34428,25.53841],[-103.34856,25.53952],[-103.35105,25.53971]],[[-103.35105,25.53959],[-103.34836,25.53936],[-103.34432,25.5383]],[[-103.27606,25.76861],[-103.27371,25.77251],[-103.27354,25.77305],[-103.27392,25.77351],[-103.32025,25.77109],[-103.32106,25.77083],[-103.32276,25.76928],[-103.32367,25.76905],[-103.32871,25.77026],[-103.32997,25.77032],[-103.33251,25.76931],[-103.33471,25.76775],[-103.34683,25.75557]],[[-103.34428,25.53841],[-103.34432,25.5383]],[[-103.34432,25.5383],[-103.34163,25.53788]],[[-103.34162,25.538],[-103.34428,25.53841]],[[-103.34163,25.53788],[-103.34117,25.53789]],[[-103.34163,25.53788],[-103.34109,25.53751]],[[-103.3412,25.53801],[-103.34162,25.538]],[[-103.34137,25.53844],[-103.34137,25.53817],[-103.34162,25.538]],[[-103.34096,25.5379],[-103.34098,25.53801],[-103.3412,25.53801]],[[-103.3412,25.53801],[-103.34117,25.53789]],[[-103.34117,25.53789],[-103.34096,25.5379]],[[-103.34117,25.53789],[-103.34109,25.53751]],[[-103.34109,25.53751],[-103.34086,25.53491]],[[-103.34087,25.53751],[-103.34096,25.5379]],[[-103.34087,25.53751],[-103.34065,25.53791]],[[-103.34068,25.53491],[-103.34087,25.53751]],[[-103.33712,25.55825],[-103.33813,25.55791]],[[-103.33686,25.55789],[-103.33813,25.55791]],[[-103.33686,25.55789],[-103.33708,25.55805],[-103.33703,25.55831]],[[-103.31952,25.54597],[-103.32034,25.55052],[-103.32049,25.55411],[-103.32076,25.55477],[-103.32121,25.55525],[-103.32217,25.55566],[-103.32401,25.55606],[-103.32727,25.55622],[-103.32926,25.55725],[-103.33046,25.55764],[-103.33361,25.55785],[-103.33564,25.55791],[-103.33686,25.55789]],[[-103.3294,25.69491],[-103.33193,25.69282]],[[-103.33193,25.69282],[-103.33186,25.69275]],[[-103.33186,25.69275],[-103.32853,25.69551]],[[-103.32726,25.69675],[-103.3294,25.69491]],[[-103.32661,25.69799],[-103.32824,25.69685],[-103.32847,25.6959],[-103.3294,25.69491]],[[-103.32853,25.69551],[-103.32714,25.69656],[-103.32601,25.69765],[-103.32525,25.69888]],[[-103.32853,25.69551],[-103.32721,25.69666],[-103.32649,25.69799]],[[-103.32663,25.69789],[-103.32726,25.69675]],[[-103.32726,25.69675],[-103.32791,25.69632],[-103.32826,25.69651],[-103.32818,25.69681],[-103.32663,25.69789]],[[-103.32663,25.69789],[-103.32649,25.69799]],[[-103.32661,25.69799],[-103.32663,25.69789]],[[-103.32647,25.69808],[-103.32661,25.69799]],[[-103.28708,25.75784],[-103.28948,25.75538],[-103.30103,25.74656],[-103.30212,25.74545],[-103.31107,25.7315],[-103.32559,25.71311],[-103.3288,25.70655],[-103.32919,25.70544],[-103.32908,25.7047],[-103.32655,25.69946],[-103.32661,25.69799]],[[-103.32649,25.69799],[-103.32525,25.69888]],[[-103.32649,25.69799],[-103.32647,25.69808]],[[-103.32525,25.69888],[-103.32516,25.69902],[-103.32647,25.69808]],[[-103.32647,25.69808],[-103.32645,25.69949],[-103.3289,25.70451],[-103.32909,25.70543],[-103.3254,25.71322],[-103.31052,25.73202],[-103.30298,25.74406],[-103.30181,25.74564],[-103.30097,25.74646],[-103.28939,25.75527],[-103.28537,25.75949],[-103.28446,25.76019]],[[-103.31952,25.54597],[-103.31937,25.5462]],[[-103.31839,25.54029],[-103.31878,25.5416],[-103.31952,25.54597]],[[-103.31874,25.54021],[-103.31856,25.53968]],[[-103.31874,25.54021],[-103.31853,25.54015],[-103.31839,25.54029]],[[-103.3182,25.53976],[-103.31856,25.53968]],[[-103.31856,25.53968],[-103.31748,25.53651]],[[-103.3182,25.53976],[-103.31839,25.54029]],[[-103.31726,25.53657],[-103.3182,25.53976]],[[-103.31748,25.53651],[-103.31726,25.53657]],[[-103.31748,25.53651],[-103.31682,25.5345]],[[-103.31668,25.53449],[-103.31726,25.53657]],[[-103.28434,25.76041],[-103.28545,25.75957],[-103.28708,25.75784]],[[-103.28439,25.76072],[-103.28708,25.75784]],[[-103.28446,25.76019],[-103.28404,25.76043]],[[-103.28446,25.76019],[-103.28434,25.76041]],[[-103.28169,25.76298],[-103.28289,25.76223],[-103.28439,25.76072]],[[-103.28439,25.76072],[-103.28431,25.7605]],[[-103.28426,25.76046],[-103.28434,25.76041]],[[-103.28434,25.76041],[-103.28431,25.7605]],[[-103.28431,25.7605],[-103.28421,25.76068]],[[-103.28431,25.7605],[-103.28426,25.76046]],[[-103.27985,25.76157],[-103.28273,25.76107],[-103.28426,25.76046]],[[-103.28426,25.76046],[-103.28404,25.76043]],[[-103.28421,25.76068],[-103.28285,25.76216],[-103.28169,25.76298]],[[-103.27985,25.76157],[-103.28259,25.76117],[-103.28409,25.76066],[-103.28421,25.76068]],[[-103.28404,25.76043],[-103.28251,25.761],[-103.27756,25.76179],[-103.26818,25.76155]],[[-103.28169,25.76298],[-103.27954,25.76433]],[[-103.24448,25.76114],[-103.24645,25.7609],[-103.2765,25.76193],[-103.27985,25.76157]],[[-103.27954,25.76433],[-103.27865,25.76466]],[[-103.2784,25.76482],[-103.27954,25.76433]],[[-103.27865,25.76466],[-103.27815,25.76474]],[[-103.27865,25.76466],[-103.27852,25.76456]],[[-103.27817,25.76485],[-103.2784,25.76482]],[[-103.27817,25.76519],[-103.2784,25.76482]],[[-103.27733,25.76658],[-103.27817,25.76519]],[[-103.27817,25.76519],[-103.27817,25.76485]],[[-103.27799,25.76486],[-103.27817,25.76485]],[[-103.27817,25.76485],[-103.27815,25.76474]],[[-103.27815,25.76474],[-103.27799,25.76475]],[[-103.27776,25.76489],[-103.27799,25.76486]],[[-103.27799,25.76486],[-103.27795,25.76522]],[[-103.27799,25.76475],[-103.27799,25.76486]],[[-103.27799,25.76475],[-103.27707,25.76475],[-103.27682,25.76474],[-103.27075,25.7642],[-103.26373,25.76424],[-103.26023,25.76364]],[[-103.27795,25.76522],[-103.27723,25.76653]],[[-103.27776,25.76489],[-103.27795,25.76522]],[[-103.26023,25.76364],[-103.26376,25.76434],[-103.27073,25.76431],[-103.27776,25.76489]],[[-103.27694,25.76726],[-103.27733,25.76658]],[[-103.27723,25.76653],[-103.27733,25.76658]],[[-103.27723,25.76653],[-103.27682,25.7672]],[[-103.27606,25.76861],[-103.27694,25.76726]],[[-103.27694,25.76726],[-103.27682,25.7672]],[[-103.27682,25.7672],[-103.27606,25.76861]],[[-103.26818,25.76155],[-103.26782,25.76126]],[[-103.26818,25.76155],[-103.24649,25.76081],[-103.24432,25.76109]],[[-103.26023,25.76364],[-103.25393,25.76337],[-103.25155,25.76348],[-103.24448,25.76114]],[[-103.25316,25.53524],[-103.24901,25.53515],[-103.23344,25.53151]],[[-103.23344,25.53151],[-103.25056,25.53563]],[[-103.19269,25.76059],[-103.20002,25.759],[-103.2016,25.75904],[-103.20825,25.76007],[-103.22019,25.75909],[-103.22159,25.75956],[-103.22334,25.76081],[-103.22452,25.76137],[-103.22897,25.76239],[-103.23504,25.76433],[-103.23606,25.76448],[-103.23703,25.76439],[-103.23789,25.76413],[-103.24448,25.76114]],[[-103.24448,25.76114],[-103.24432,25.76109]],[[-103.24432,25.76109],[-103.23784,25.76403],[-103.23608,25.76438],[-103.23477,25.76415],[-103.22845,25.76214],[-103.22457,25.76128],[-103.2234,25.76073],[-103.22142,25.75937],[-103.21997,25.75898],[-103.20825,25.75998],[-103.20162,25.75896],[-103.20001,25.75891],[-103.18068,25.76328],[-103.1791,25.7635],[-103.17724,25.76339],[-103.17287,25.76228],[-103.17095,25.76197],[-103.15889,25.7618],[-103.15786,25.76203],[-103.15586,25.76286],[-103.14711,25.76699],[-103.13427,25.77377],[-103.13225,25.77429],[-103.13052,25.77422],[-103.10221,25.77105]],[[-103.23344,25.53151],[-103.21913,25.528]],[[-103.22053,25.53454],[-103.22127,25.53706],[-103.22181,25.53748],[-103.22303,25.53775]],[[-103.22273,25.53719],[-103.22156,25.53627],[-103.22053,25.53454]],[[-103.22053,25.53454],[-103.21732,25.52863]],[[-103.21765,25.52765],[-103.21913,25.528]],[[-103.21913,25.528],[-103.21768,25.52756]],[[-103.21765,25.52765],[-103.21768,25.52756]],[[-103.21768,25.52756],[-103.21706,25.52746]],[[-103.21719,25.52755],[-103.21765,25.52765]],[[-103.21732,25.52863],[-103.21694,25.52785]],[[-103.21663,25.52783],[-103.21732,25.52863]],[[-103.21694,25.52785],[-103.21719,25.52755]],[[-103.21706,25.52746],[-103.21719,25.52755]],[[-103.21706,25.52746],[-103.21669,25.52739]],[[-103.21694,25.52785],[-103.21669,25.52739]],[[-103.21669,25.52739],[-103.21654,25.52758],[-103.21663,25.52783]],[[-103.21669,25.52739],[-103.21528,25.52705]],[[-103.21528,25.52705],[-103.21663,25.52783]],[[-102.87738,25.62563],[-102.88041,25.62553],[-102.88213,25.62506],[-102.9113,25.61173],[-102.91231,25.61102],[-102.91304,25.60995],[-102.94076,25.52324],[-102.94312,25.49949],[-102.94328,25.48934],[-102.94382,25.48885],[-102.96453,25.48926],[-102.9671,25.48917],[-103.04414,25.47781],[-103.0466,25.47772],[-103.13312,25.50655],[-103.21528,25.52705]],[[-103.19141,25.76089],[-103.19269,25.76059]],[[-103.19205,25.76128],[-103.19269,25.76059]],[[-103.19141,25.76089],[-103.19207,25.76135]],[[-103.13194,25.77439],[-103.13318,25.77423],[-103.13433,25.77384],[-103.14696,25.76717],[-103.15371,25.76392],[-103.15824,25.76201],[-103.15934,25.76186],[-103.17096,25.76206],[-103.1728,25.76235],[-103.17717,25.76346],[-103.17911,25.76359],[-103.1807,25.76335],[-103.19141,25.76089]],[[-103.13218,25.77485],[-103.13194,25.77439]],[[-102.99055,25.75857],[-102.99581,25.75843],[-103.00106,25.75727],[-103.00751,25.75783],[-103.0187,25.7572],[-103.05123,25.75182],[-103.05267,25.75174],[-103.05395,25.75208],[-103.09136,25.76871],[-103.09527,25.7702],[-103.09728,25.77058],[-103.10458,25.77144],[-103.1304,25.7743],[-103.13141,25.77438],[-103.13169,25.77439],[-103.13194,25.77439]],[[-103.10221,25.77105],[-103.10182,25.77075]],[[-103.10221,25.77105],[-103.10132,25.77095]],[[-103.10175,25.77067],[-103.10132,25.77095]],[[-103.10132,25.77095],[-103.09654,25.77039],[-103.09405,25.76971],[-103.0531,25.75168],[-103.05122,25.75173],[-103.01872,25.7571],[-103.0082,25.75773],[-103.00102,25.7572],[-102.99618,25.7583],[-102.99053,25.75846]],[[-102.99025,25.75858],[-102.99055,25.75857]],[[-102.99055,25.75857],[-102.99053,25.75846]],[[-102.99053,25.75846],[-102.99025,25.75846]],[[-102.98923,25.75859],[-102.99025,25.75858]],[[-102.99025,25.75858],[-102.99025,25.75846]],[[-102.99025,25.75846],[-102.98925,25.75848]],[[-102.98925,25.75848],[-102.98866,25.75849]],[[-102.98925,25.75848],[-102.98923,25.75859]],[[-102.9888,25.75859],[-102.98923,25.75859]],[[-102.98868,25.75862],[-102.9888,25.75859]],[[-102.98866,25.75849],[-102.9888,25.75859]],[[-102.97885,25.75976],[-102.98873,25.75955],[-102.98868,25.75862]],[[-102.98868,25.75862],[-102.98866,25.75849]],[[-102.98866,25.75849],[-102.97878,25.75869]],[[-102.94716,25.84734],[-102.97838,25.82015],[-102.97975,25.81845],[-102.9801,25.81655],[-102.97942,25.78824],[-102.97881,25.77282]],[[-102.97881,25.77282],[-102.97853,25.76417],[-102.9789,25.76294]],[[-102.97871,25.77279],[-102.97881,25.77282]],[[-102.97864,25.76257],[-102.97892,25.76253]],[[-102.9789,25.76294],[-102.97892,25.76253]],[[-102.97892,25.76253],[-102.97885,25.75976]],[[-102.9789,25.76294],[-102.97867,25.76263]],[[-102.97871,25.77279],[-102.97926,25.7863],[-102.97988,25.81218],[-102.97997,25.81674],[-102.97972,25.81816],[-102.97926,25.81903],[-102.97823,25.8201],[-102.94716,25.84734]],[[-102.97867,25.76263],[-102.97873,25.76299],[-102.97838,25.7642],[-102.97871,25.77279]],[[-102.97838,25.75977],[-102.97885,25.75976]],[[-102.97885,25.75976],[-102.97878,25.75869]],[[-102.97878,25.75869],[-102.97815,25.7587]],[[-102.97864,25.76257],[-102.97867,25.76263]],[[-102.97838,25.75977],[-102.97864,25.76257]],[[-102.9741,25.75524],[-102.97552,25.75782],[-102.97634,25.75871],[-102.97638,25.75984],[-102.97838,25.75977]],[[-102.97815,25.7587],[-102.97838,25.75977]],[[-102.97815,25.7587],[-102.97688,25.75869],[-102.9759,25.75814],[-102.97422,25.75519]],[[-102.97422,25.75519],[-102.9741,25.75524]],[[-102.97422,25.75519],[-102.97033,25.74822]],[[-102.97022,25.74826],[-102.9741,25.75524]],[[-102.97033,25.74822],[-102.97022,25.74826]],[[-102.97033,25.74822],[-102.96751,25.7433]],[[-102.96751,25.7433],[-102.97022,25.74826]],[[-102.96751,25.7433],[-102.95196,25.7154],[-102.95175,25.71451],[-102.9515,25.70011],[-102.95136,25.69779],[-102.95093,25.69678],[-102.88654,25.62648],[-102.88576,25.62597],[-102.88478,25.62588],[-102.88187,25.6271]],[[-102.64932,26.34725],[-102.65594,26.34023],[-102.65689,26.33888],[-102.74302,26.17731],[-102.74663,26.17045],[-102.74717,26.16893],[-102.74662,26.1471],[-102.74334,26.1359],[-102.74258,26.12769],[-102.74027,26.12265],[-102.73881,26.1209],[-102.7376,26.11985],[-102.72985,26.11504],[-102.72869,26.11385],[-102.72798,26.11246],[-102.72677,26.10466],[-102.72687,26.09011],[-102.71696,26.06718],[-102.71635,26.06542],[-102.71242,26.04432],[-102.71257,26.04166],[-102.71289,26.04046],[-102.71383,26.03845],[-102.71471,26.03725],[-102.71596,26.03599],[-102.71743,26.03494],[-102.71908,26.03412],[-102.73797,26.0289],[-102.73989,26.02806],[-102.74138,26.02695],[-102.94716,25.84734]],[[-102.88187,25.6271],[-102.88116,25.62726],[-102.88047,25.62719],[-102.87838,25.62581],[-102.87738,25.62563]],[[-102.87729,25.62753],[-102.87799,25.62742],[-102.88018,25.62773],[-102.88187,25.6271]],[[-102.87738,25.62563],[-102.87588,25.62564]],[[-102.87588,25.62564],[-102.87585,25.62564]],[[-102.87469,25.62565],[-102.87502,25.62596],[-102.87588,25.62564]],[[-102.87585,25.62564],[-102.87469,25.62565]],[[-102.87585,25.62564],[-102.87507,25.62537],[-102.87469,25.62565]],[[-102.87469,25.62565],[-102.87182,25.62564]]]}},{"type":"Feature","properties":{"k":"secondary"},"geometry":{"type":"MultiLineString","coordinates":[[[-104.04672,25.28573],[-104.05067,25.28553]],[[-104.05067,25.28546],[-104.04672,25.28573]],[[-104.04672,25.28573],[-104.02946,25.28849],[-104.02864,25.28902],[-104.02553,25.29244],[-104.02502,25.29277],[-104.0181,25.29275],[-104.01628,25.29211],[-104.01189,25.29165],[-104.00494,25.29302],[-104.00436,25.29288],[-104.00164,25.28976],[-104.00296,25.28892],[-104.00326,25.28327],[-104.00647,25.28191],[-104.00809,25.28152],[-104.01092,25.28041],[-104.01353,25.28038],[-104.01386,25.2802],[-104.01416,25.27857],[-104.01798,25.27478],[-104.01964,25.27219],[-104.01962,25.2715],[-104.01792,25.26782],[-104.01833,25.26481]],[[-103.44495,26.11683],[-103.44676,26.11843],[-103.45028,26.12061],[-103.45133,26.12101],[-103.49255,26.12744],[-103.49351,26.12725],[-103.49523,26.12528],[-103.49675,26.12479],[-103.49942,26.1256],[-103.50467,26.12529],[-103.50561,26.12544],[-103.67621,26.18783],[-103.67749,26.18774],[-103.67881,26.18698],[-103.68901,26.17476],[-103.68944,26.17436],[-103.6902,26.17407],[-103.69113,26.17411],[-103.69182,26.17444],[-103.70763,26.18511],[-103.70836,26.18525],[-103.70924,26.18527],[-103.74982,26.17781],[-103.75198,26.17695],[-103.75344,26.17589],[-103.77713,26.15506]],[[-103.6912,25.45254],[-103.6873,25.45466],[-103.68532,25.45708],[-103.67753,25.46449]],[[-103.67753,25.46449],[-103.67544,25.46473]],[[-103.67544,25.46473],[-103.67743,25.46457],[-103.67753,25.46449]],[[-103.67544,25.46473],[-103.67533,25.46385],[-103.66768,25.46479],[-103.66282,25.46719],[-103.65967,25.46965],[-103.65642,25.47116],[-103.6539,25.47335],[-103.65216,25.47559],[-103.65113,25.47607],[-103.64847,25.47876],[-103.64822,25.47883],[-103.6476,25.47857],[-103.64679,25.47891],[-103.64299,25.48323],[-103.62999,25.49011],[-103.62888,25.4911],[-103.6276,25.49177],[-103.62579,25.49353],[-103.62451,25.49551],[-103.6231,25.49695],[-103.62289,25.49811],[-103.62226,25.49853],[-103.6204,25.49895],[-103.61851,25.49879],[-103.61739,25.49846],[-103.61711,25.49804],[-103.61623,25.49754],[-103.61572,25.49798],[-103.615,25.49792],[-103.61246,25.49829],[-103.61062,25.49823],[-103.60897,25.49791],[-103.6072,25.49721],[-103.60563,25.49683],[-103.60048,25.49636],[-103.58557,25.4968]],[[-103.57958,25.49703],[-103.58557,25.4968]],[[-103.58557,25.4968],[-103.57957,25.49692]],[[-103.51784,25.74886],[-103.53456,25.75665],[-103.53526,25.75723],[-103.53573,25.78482],[-103.53602,25.78522],[-103.54313,25.78516],[-103.54313,25.77853],[-103.54351,25.77812],[-103.55099,25.77796],[-103.56429,25.77666],[-103.56871,25.77649],[-103.56982,25.77605],[-103.57654,25.77222]],[[-103.55228,25.49869],[-103.55738,25.49765],[-103.57958,25.49703]],[[-103.57958,25.49703],[-103.57957,25.49692]],[[-103.57957,25.49692],[-103.55736,25.49755],[-103.55226,25.49858]],[[-103.54863,25.50092],[-103.54927,25.49969],[-103.54974,25.49931],[-103.55228,25.49869]],[[-103.55228,25.49869],[-103.55226,25.49858]],[[-103.55226,25.49858],[-103.54963,25.49924],[-103.54916,25.49965],[-103.54851,25.50089]],[[-103.54704,25.50201],[-103.54791,25.50169],[-103.54863,25.50092]],[[-103.54863,25.50092],[-103.54851,25.50089]],[[-103.54851,25.50089],[-103.54782,25.50163],[-103.54694,25.50192]],[[-103.54284,25.50317],[-103.54566,25.50213],[-103.54704,25.50201]],[[-103.54694,25.50192],[-103.54704,25.50201]],[[-103.54694,25.50192],[-103.54559,25.50204],[-103.54281,25.50307]],[[-103.53886,25.50447],[-103.53972,25.50433],[-103.54284,25.50317]],[[-103.54281,25.50307],[-103.54284,25.50317]],[[-103.54281,25.50307],[-103.53988,25.50417],[-103.53885,25.50435]],[[-103.5291,25.50506],[-103.53886,25.50447]],[[-103.53885,25.50435],[-103.53886,25.50447]],[[-103.53885,25.50435],[-103.5291,25.50497]],[[-103.53512,25.54059],[-103.53545,25.54033]],[[-103.53512,25.54059],[-103.53527,25.53902]],[[-103.53527,25.53902],[-103.53546,25.53864],[-103.53702,25.53901],[-103.53717,25.53895],[-103.53519,25.53859]],[[-103.53527,25.53902],[-103.53519,25.53859]],[[-103.53519,25.53859],[-103.53477,25.53862]],[[-103.53519,25.53859],[-103.53481,25.53875]],[[-103.53519,25.53859],[-103.53517,25.53848]],[[-103.53517,25.53848],[-103.53516,25.53842]],[[-103.5347,25.53838],[-103.53517,25.53848]],[[-103.53516,25.53842],[-103.535,25.53803]],[[-103.53516,25.53842],[-103.53466,25.53831]],[[-103.53333,25.54399],[-103.53512,25.54059]],[[-103.53461,25.53815],[-103.535,25.53803]],[[-103.535,25.53803],[-103.5335,25.5345]],[[-103.53489,25.53925],[-103.53473,25.54058],[-103.53327,25.54337]],[[-103.53481,25.53875],[-103.53489,25.53925]],[[-103.53406,25.53824],[-103.53453,25.53856],[-103.53489,25.53925]],[[-103.53477,25.53862],[-103.53481,25.53875]],[[-103.5347,25.53838],[-103.53477,25.53862]],[[-103.53466,25.53831],[-103.5347,25.53838]],[[-103.53406,25.53824],[-103.5347,25.53838]],[[-103.53461,25.53815],[-103.53466,25.53831]],[[-103.53466,25.53831],[-103.53394,25.53818]],[[-103.53394,25.53818],[-103.53461,25.53815]],[[-103.53448,25.53782],[-103.53461,25.53815]],[[-103.53448,25.53782],[-103.53394,25.53818]],[[-103.53322,25.53475],[-103.53448,25.53782]],[[-103.53301,25.63938],[-103.53221,25.63965]],[[-103.53225,25.63974],[-103.53301,25.63938]],[[-103.53301,25.63938],[-103.54151,25.63611],[-103.5424,25.63602],[-103.5432,25.63653],[-103.54769,25.64089],[-103.56063,25.6463],[-103.56213,25.64639],[-103.56808,25.6451],[-103.57391,25.64311],[-103.58246,25.63738],[-103.58357,25.63626],[-103.58543,25.6362],[-103.58659,25.63693],[-103.60179,25.62505],[-103.60252,25.62404],[-103.60252,25.623],[-103.60186,25.62176],[-103.58702,25.59952],[-103.58608,25.59856],[-103.58501,25.59824],[-103.5786,25.59786],[-103.56815,25.5996],[-103.55432,25.60019],[-103.55291,25.59993],[-103.54961,25.59882],[-103.54922,25.59828],[-103.54884,25.59631],[-103.54842,25.59601],[-103.54597,25.59659],[-103.5415,25.59625],[-103.53854,25.59624],[-103.5364,25.59585],[-103.53315,25.59556],[-103.53178,25.595],[-103.5307,25.59397],[-103.52868,25.58987],[-103.52887,25.58911],[-103.51834,25.58133]],[[-103.53394,25.53818],[-103.53406,25.53824]],[[-103.53388,25.53818],[-103.53394,25.53818]],[[-103.53388,25.53818],[-103.53254,25.53886],[-103.52464,25.53702]],[[-103.5249,25.53608],[-103.53388,25.53818]],[[-103.52623,25.64203],[-103.53225,25.63974]],[[-103.53225,25.63974],[-103.53221,25.63965]],[[-103.53221,25.63965],[-103.52619,25.64195]],[[-103.52919,25.51322],[-103.52731,25.51471],[-103.52586,25.51661],[-103.5217,25.52451],[-103.52072,25.52551],[-103.51959,25.52769],[-103.51848,25.52934],[-103.51645,25.53156],[-103.51303,25.53399],[-103.50951,25.53569],[-103.50697,25.53652],[-103.5012,25.53794]],[[-103.52798,25.50513],[-103.5291,25.50506]],[[-103.5291,25.50506],[-103.5291,25.50497]],[[-103.5291,25.50497],[-103.52794,25.50502]],[[-103.5249,25.53608],[-103.52815,25.52459],[-103.52818,25.52385]],[[-103.52772,25.50515],[-103.52798,25.50513]],[[-103.52774,25.50552],[-103.52798,25.50513]],[[-103.52794,25.50502],[-103.52695,25.50512],[-103.52594,25.50545]],[[-103.52794,25.50502],[-103.52772,25.50515]],[[-103.52066,25.64418],[-103.52623,25.64203]],[[-103.52623,25.64203],[-103.52619,25.64195]],[[-103.52619,25.64195],[-103.52061,25.6441]],[[-103.52724,25.50518],[-103.52772,25.50515]],[[-103.52724,25.50518],[-103.52762,25.50553]],[[-103.52743,25.51172],[-103.52707,25.5111],[-103.52676,25.50809],[-103.52573,25.50584]],[[-103.52719,25.52411],[-103.52397,25.53586]],[[-103.52587,25.50558],[-103.52724,25.50518]],[[-103.52564,25.50587],[-103.52666,25.50818],[-103.52694,25.5112],[-103.52675,25.51177]],[[-103.51086,25.64626],[-103.51042,25.64499],[-103.51052,25.64447],[-103.51086,25.64404],[-103.51709,25.6413],[-103.51803,25.64113],[-103.52444,25.64162]],[[-103.52594,25.50545],[-103.52509,25.50578]],[[-103.52594,25.50545],[-103.52575,25.50562]],[[-103.52575,25.50562],[-103.52587,25.50558]],[[-103.52573,25.50584],[-103.52587,25.50558]],[[-103.52541,25.50575],[-103.52575,25.50562]],[[-103.52575,25.50562],[-103.52566,25.50581]],[[-103.52573,25.50584],[-103.52566,25.50581]],[[-103.52566,25.50581],[-103.52564,25.50587]],[[-103.52566,25.50581],[-103.52541,25.50575]],[[-103.52531,25.50579],[-103.52564,25.50587]],[[-103.52531,25.50579],[-103.52541,25.50575]],[[-103.52541,25.50575],[-103.52528,25.50575],[-103.52509,25.50578]],[[-103.48922,25.52084],[-103.48961,25.5199],[-103.49042,25.51932],[-103.52531,25.50579]],[[-103.52464,25.53702],[-103.5249,25.53608]],[[-103.52397,25.53586],[-103.5249,25.53608]],[[-103.52509,25.50578],[-103.49209,25.51854],[-103.48993,25.51949],[-103.48953,25.51986],[-103.48923,25.52044]],[[-103.52216,25.54228],[-103.52253,25.54141],[-103.52336,25.54155],[-103.52464,25.53702]],[[-103.52464,25.53702],[-103.5237,25.53679]],[[-103.52397,25.53586],[-103.5237,25.53679]],[[-103.52079,25.53609],[-103.52106,25.53517],[-103.52397,25.53586]],[[-103.5237,25.53679],[-103.52219,25.54213]],[[-103.5237,25.53679],[-103.52079,25.53609]],[[-103.52219,25.54213],[-103.52137,25.54282]],[[-103.52219,25.54213],[-103.52216,25.54228]],[[-103.52147,25.54285],[-103.52216,25.54228]],[[-103.52216,25.54228],[-103.52128,25.54497],[-103.52046,25.54631],[-103.51095,25.55721],[-103.51052,25.55741]],[[-103.51855,25.64502],[-103.52066,25.64418]],[[-103.51855,25.64502],[-103.51874,25.64534],[-103.51908,25.64539],[-103.52066,25.64418]],[[-103.52061,25.6441],[-103.51854,25.64432],[-103.51838,25.64458],[-103.5185,25.64492]],[[-103.52061,25.6441],[-103.5185,25.64492]],[[-103.52079,25.53609],[-103.51752,25.53542]],[[-103.51765,25.56527],[-103.51798,25.56526],[-103.51978,25.56728],[-103.52013,25.56742]],[[-103.48802,25.69272],[-103.48811,25.6934],[-103.50015,25.71122],[-103.50277,25.71342],[-103.5124,25.72746],[-103.51745,25.74816],[-103.51784,25.74886]],[[-103.42923,25.74913],[-103.43159,25.74933],[-103.48777,25.7512],[-103.51655,25.74883],[-103.51784,25.74886]],[[-103.51977,25.57099],[-103.51873,25.56789],[-103.51765,25.56527]],[[-103.51765,25.56527],[-103.51972,25.571]],[[-103.51091,25.64639],[-103.51491,25.64624],[-103.51855,25.64502]],[[-103.5185,25.64492],[-103.51855,25.64502]],[[-103.5185,25.64492],[-103.51488,25.64613],[-103.51086,25.64626]],[[-103.51283,25.56722],[-103.51332,25.56724],[-103.51541,25.56661],[-103.51629,25.56576],[-103.51765,25.56527]],[[-103.5171,25.53534],[-103.51726,25.53542],[-103.51752,25.53542]],[[-103.51752,25.53542],[-103.51718,25.53529]],[[-103.5068,25.62418],[-103.51321,25.61349]],[[-103.51314,25.61333],[-103.50691,25.6237]],[[-103.51283,25.56722],[-103.512,25.5649]],[[-103.50295,25.57019],[-103.51005,25.567],[-103.51283,25.56722]],[[-103.512,25.5649],[-103.5118,25.5643],[-103.51085,25.56358]],[[-103.5108,25.56363],[-103.51181,25.56441],[-103.512,25.5649]],[[-103.48802,25.69272],[-103.48834,25.69218],[-103.51032,25.67989],[-103.51093,25.67927],[-103.51101,25.67882],[-103.51084,25.67827],[-103.5041,25.66899],[-103.50376,25.66812],[-103.50384,25.66747],[-103.50432,25.66677],[-103.51447,25.65733],[-103.5148,25.65684],[-103.51481,25.65622],[-103.51091,25.64639]],[[-103.51091,25.64639],[-103.51086,25.64626]],[[-103.51069,25.64639],[-103.51091,25.64639]],[[-103.51086,25.64626],[-103.51064,25.64626]],[[-103.51069,25.64639],[-103.51064,25.64626]],[[-103.49068,25.64002],[-103.5006,25.64324],[-103.50805,25.64614],[-103.51069,25.64639]],[[-103.51064,25.64626],[-103.50935,25.64625],[-103.50787,25.64595],[-103.50045,25.64301],[-103.49074,25.63993]],[[-103.5108,25.56363],[-103.51085,25.56358]],[[-103.51085,25.56358],[-103.50657,25.56048]],[[-103.50313,25.56707],[-103.5108,25.56363]],[[-103.50652,25.56054],[-103.5108,25.56363]],[[-103.51052,25.55741],[-103.50982,25.55699]],[[-103.50982,25.55699],[-103.51031,25.55755],[-103.51052,25.55741]],[[-103.50779,25.55911],[-103.50976,25.55695],[-103.50982,25.55699]],[[-103.50657,25.56048],[-103.50779,25.55911]],[[-103.50614,25.55861],[-103.5068,25.55842],[-103.50779,25.55911]],[[-103.50691,25.6237],[-103.50639,25.62387],[-103.50598,25.62381]],[[-103.50691,25.6237],[-103.50667,25.6241]],[[-103.50628,25.62433],[-103.50639,25.62457],[-103.50668,25.62462],[-103.50687,25.62445],[-103.5068,25.62418]],[[-103.5068,25.62418],[-103.50667,25.6241]],[[-103.50667,25.6241],[-103.50638,25.62416]],[[-103.50638,25.62416],[-103.50628,25.62433]],[[-103.50638,25.62416],[-103.50598,25.62381]],[[-103.4992,25.61858],[-103.50628,25.62433]],[[-103.50654,25.55696],[-103.50702,25.55516],[-103.50703,25.55473]],[[-103.50697,25.55479],[-103.50661,25.55614]],[[-103.50659,25.57786],[-103.5049,25.57862]],[[-103.50598,25.62381],[-103.49935,25.61846]],[[-103.50664,25.55507],[-103.50661,25.55614]],[[-103.50652,25.56054],[-103.50657,25.56048]],[[-103.50661,25.55614],[-103.50642,25.55694]],[[-103.50549,25.56091],[-103.50609,25.56104],[-103.50652,25.56054]],[[-103.50614,25.55861],[-103.50654,25.55696]],[[-103.50654,25.55696],[-103.50642,25.55694]],[[-103.50642,25.55694],[-103.506,25.55867]],[[-103.50614,25.55861],[-103.506,25.55867]],[[-103.50549,25.56091],[-103.50614,25.55861]],[[-103.506,25.55867],[-103.50538,25.56087]],[[-103.50548,25.56094],[-103.50549,25.56091]],[[-103.50549,25.56091],[-103.50538,25.56087]],[[-103.50532,25.56101],[-103.50548,25.56094]],[[-103.5037,25.56558],[-103.50548,25.56094]],[[-103.50538,25.56087],[-103.50532,25.56101]],[[-103.49555,25.56546],[-103.50532,25.56101]],[[-103.50532,25.56101],[-103.50342,25.56603]],[[-103.5038,25.56573],[-103.5037,25.56558]],[[-103.50354,25.566],[-103.5037,25.56558]],[[-103.50387,25.54656],[-103.50198,25.54701]],[[-103.50354,25.566],[-103.50342,25.56603]],[[-103.50313,25.56707],[-103.50354,25.566]],[[-103.50198,25.5471],[-103.50376,25.54667]],[[-103.50342,25.56603],[-103.50313,25.56707]],[[-103.50314,25.5794],[-103.49909,25.57192]],[[-103.50313,25.56707],[-103.49776,25.56951]],[[-103.49909,25.57192],[-103.50295,25.57019]],[[-103.50295,25.57019],[-103.50276,25.57009]],[[-103.48211,25.55062],[-103.48432,25.54724],[-103.48488,25.54572],[-103.48611,25.54351],[-103.48811,25.54126],[-103.48909,25.54077],[-103.5012,25.53794]],[[-103.5012,25.53794],[-103.50093,25.53795]],[[-103.50106,25.53741],[-103.50087,25.53571],[-103.50045,25.53495],[-103.50003,25.53467],[-103.4976,25.53409],[-103.4966,25.53325],[-103.48935,25.52105]],[[-103.50093,25.53795],[-103.48907,25.54069],[-103.48802,25.54121],[-103.48601,25.54351],[-103.4848,25.54569],[-103.48424,25.54721],[-103.48211,25.55062]],[[-103.50091,25.53755],[-103.50093,25.53795]],[[-103.49817,25.57235],[-103.50044,25.57654]],[[-103.4992,25.61858],[-103.49935,25.61846]],[[-103.49935,25.61846],[-103.49794,25.6173]],[[-103.49778,25.61741],[-103.4992,25.61858]],[[-103.4973,25.60166],[-103.4991,25.59948],[-103.49889,25.59876]],[[-103.4988,25.59879],[-103.49899,25.59943],[-103.49719,25.60158]],[[-103.49817,25.57235],[-103.49909,25.57192]],[[-103.49909,25.57192],[-103.49776,25.56951]],[[-103.49778,25.61741],[-103.49794,25.6173]],[[-103.49794,25.6173],[-103.49734,25.61681]],[[-103.49719,25.61693],[-103.49778,25.61741]],[[-103.49189,25.57874],[-103.49625,25.57419],[-103.49676,25.57303],[-103.49817,25.57235]],[[-103.49684,25.56991],[-103.49817,25.57235]],[[-103.49719,25.61693],[-103.49734,25.61681]],[[-103.49734,25.61681],[-103.49154,25.61215]],[[-103.4914,25.61226],[-103.49719,25.61693]],[[-103.49776,25.56951],[-103.49684,25.56991]],[[-103.49776,25.56951],[-103.49555,25.56546]],[[-103.49512,25.60445],[-103.4973,25.60166]],[[-103.4973,25.60166],[-103.49719,25.60158]],[[-103.49719,25.60158],[-103.49498,25.60439]],[[-103.49465,25.56587],[-103.49684,25.56991]],[[-103.49237,25.60904],[-103.49512,25.60445]],[[-103.49512,25.60445],[-103.49498,25.60439]],[[-103.49465,25.56587],[-103.49555,25.56546]],[[-103.49555,25.56546],[-103.48989,25.55517]],[[-103.49498,25.60439],[-103.49225,25.60898]],[[-103.48685,25.56927],[-103.49465,25.56587]],[[-103.48888,25.55532],[-103.49465,25.56587]],[[-103.4944,25.55514],[-103.48989,25.55517]],[[-103.49307,25.58091],[-103.49195,25.57887]],[[-103.49232,25.60924],[-103.49237,25.60904]],[[-103.49237,25.60904],[-103.49225,25.60898]],[[-103.49219,25.60925],[-103.49232,25.60924]],[[-103.49231,25.60949],[-103.49232,25.60924]],[[-103.49154,25.61215],[-103.49258,25.61188],[-103.49354,25.61139],[-103.49231,25.60949]],[[-103.49219,25.60925],[-103.49231,25.60949]],[[-103.49225,25.60898],[-103.49209,25.60912],[-103.49219,25.60925]],[[-103.4914,25.61226],[-103.49154,25.61215]],[[-103.49154,25.61215],[-103.49138,25.61203]],[[-103.49195,25.57887],[-103.49189,25.57874]],[[-103.49178,25.57884],[-103.49195,25.57887]],[[-103.49178,25.57884],[-103.49189,25.57874]],[[-103.49189,25.57874],[-103.48685,25.56927]],[[-103.49125,25.61214],[-103.4914,25.61226]],[[-103.49138,25.61203],[-103.49125,25.61214]],[[-103.49138,25.61203],[-103.48705,25.60851]],[[-103.48784,25.58272],[-103.49178,25.57884]],[[-103.4869,25.60866],[-103.49125,25.61214]],[[-103.49068,25.64002],[-103.49074,25.63993]],[[-103.49074,25.63993],[-103.4834,25.63757],[-103.48141,25.63664],[-103.47979,25.6355],[-103.47439,25.63032]],[[-103.47429,25.6304],[-103.47985,25.63571],[-103.48115,25.63662],[-103.48341,25.63769],[-103.49068,25.64002]],[[-103.48989,25.55517],[-103.48918,25.55517]],[[-103.48761,25.69254],[-103.48802,25.69272]],[[-103.48888,25.55532],[-103.48918,25.55517]],[[-103.48918,25.55517],[-103.48913,25.55498],[-103.48887,25.55492],[-103.48872,25.55512],[-103.48888,25.55532]],[[-103.48935,25.52105],[-103.48922,25.52084]],[[-103.48912,25.52104],[-103.48935,25.52105]],[[-103.48923,25.52044],[-103.48902,25.52047]],[[-103.48923,25.52044],[-103.48917,25.52074]],[[-103.48916,25.52091],[-103.48922,25.52084]],[[-103.48922,25.52084],[-103.48917,25.52074]],[[-103.48917,25.52074],[-103.48916,25.52091]],[[-103.48917,25.52074],[-103.48902,25.52047]],[[-103.48912,25.52104],[-103.48916,25.52091]],[[-103.47204,25.53434],[-103.47449,25.53424],[-103.47514,25.534],[-103.47498,25.53345],[-103.478,25.53258],[-103.48032,25.53092],[-103.48127,25.53068],[-103.48319,25.52982],[-103.48719,25.52677],[-103.48784,25.52589],[-103.48912,25.52104]],[[-103.48902,25.52047],[-103.48,25.50531],[-103.47967,25.50392],[-103.47905,25.49692]],[[-103.48784,25.58272],[-103.48768,25.58278],[-103.48226,25.58847],[-103.48244,25.58842],[-103.48784,25.58272]],[[-103.48705,25.60851],[-103.4869,25.60866]],[[-103.48705,25.60851],[-103.48654,25.60809]],[[-103.48639,25.60824],[-103.4869,25.60866]],[[-103.48654,25.60809],[-103.48639,25.60824]],[[-103.48654,25.60809],[-103.48596,25.60764]],[[-103.48639,25.60824],[-103.48588,25.60782],[-103.48596,25.60764]],[[-103.48685,25.56927],[-103.48467,25.56524]],[[-103.48596,25.60764],[-103.48608,25.60719],[-103.48569,25.60617],[-103.4864,25.60442],[-103.48627,25.60424],[-103.48591,25.60435],[-103.48619,25.60351]],[[-103.48619,25.60351],[-103.48626,25.60327],[-103.48237,25.59355]],[[-103.48567,25.60218],[-103.48619,25.60351]],[[-103.48567,25.60218],[-103.4855,25.60228]],[[-103.48229,25.59368],[-103.48567,25.60218]],[[-103.48359,25.59213],[-103.48412,25.59295]],[[-103.48333,25.59163],[-103.48359,25.59213]],[[-103.48328,25.59216],[-103.48343,25.59209],[-103.48359,25.59213]],[[-103.48333,25.59163],[-103.48319,25.5921]],[[-103.48185,25.58877],[-103.48333,25.59163]],[[-103.48237,25.59355],[-103.48328,25.59216]],[[-103.48328,25.59216],[-103.48319,25.5921]],[[-103.48319,25.5921],[-103.48231,25.59341]],[[-103.48229,25.59368],[-103.48237,25.59355]],[[-103.48237,25.59355],[-103.48231,25.59341]],[[-103.48231,25.59341],[-103.48229,25.59368]],[[-103.48217,25.55098],[-103.48211,25.55062]],[[-103.47793,25.59362],[-103.47493,25.59122],[-103.47242,25.59033]],[[-103.47243,25.59047],[-103.47485,25.59138],[-103.47785,25.59371]],[[-103.47905,25.49692],[-103.47893,25.49561],[-103.47844,25.49495],[-103.47386,25.49257],[-103.47329,25.49207],[-103.47314,25.49113],[-103.47384,25.48924],[-103.47368,25.48861],[-103.47326,25.4885],[-103.473,25.4886],[-103.47198,25.48943],[-103.47081,25.48997],[-103.46841,25.48983],[-103.46673,25.4901],[-103.46631,25.48999]],[[-103.46631,25.48999],[-103.46721,25.49117],[-103.46817,25.49186],[-103.46936,25.49211],[-103.47069,25.4928],[-103.4725,25.49277],[-103.47805,25.49484],[-103.47881,25.49563],[-103.47905,25.49692]],[[-103.47439,25.63032],[-103.47429,25.6304]],[[-103.47439,25.63032],[-103.4644,25.62077],[-103.46306,25.61927]],[[-103.46283,25.61922],[-103.46429,25.62084],[-103.47429,25.6304]],[[-103.47353,25.57467],[-103.47402,25.57449],[-103.47486,25.57349]],[[-103.47445,25.57372],[-103.47402,25.57407],[-103.4735,25.57419]],[[-103.47392,25.57595],[-103.4743,25.57514]],[[-103.47413,25.57502],[-103.4738,25.57591]],[[-103.47356,25.57702],[-103.47392,25.57595]],[[-103.47392,25.57595],[-103.4738,25.57591]],[[-103.4738,25.57591],[-103.47342,25.57698]],[[-103.47195,25.58156],[-103.47356,25.57702]],[[-103.47356,25.57702],[-103.47342,25.57698]],[[-103.4735,25.57419],[-103.47291,25.57477]],[[-103.46992,25.57924],[-103.47304,25.57475],[-103.47353,25.57448],[-103.4735,25.57419]],[[-103.47342,25.57698],[-103.47195,25.58156]],[[-103.47291,25.57477],[-103.46985,25.5792]],[[-103.47284,25.57436],[-103.47291,25.57477]],[[-103.47243,25.59047],[-103.47242,25.59033]],[[-103.4722,25.59028],[-103.47243,25.59047]],[[-103.47242,25.59033],[-103.47228,25.58797]],[[-103.47242,25.59033],[-103.4722,25.59028]],[[-103.47209,25.58799],[-103.47228,25.58797]],[[-103.47228,25.58797],[-103.4722,25.58647]],[[-103.47209,25.58799],[-103.4722,25.59028]],[[-103.4722,25.58647],[-103.47203,25.58647]],[[-103.4722,25.58647],[-103.47201,25.58289]],[[-103.47093,25.55176],[-103.47265,25.54887]],[[-103.47203,25.58647],[-103.47209,25.58799]],[[-103.47188,25.58289],[-103.47203,25.58647]],[[-103.47249,25.54879],[-103.47073,25.55166]],[[-103.47188,25.58289],[-103.47201,25.58289]],[[-103.47201,25.58289],[-103.47192,25.58201]],[[-103.47195,25.58156],[-103.47192,25.58201]],[[-103.47192,25.58201],[-103.47188,25.58289]],[[-103.47204,25.53434],[-103.46773,25.53447],[-103.46607,25.53404]],[[-103.47202,25.53523],[-103.47204,25.53434]],[[-103.47088,25.56173],[-103.47157,25.56057]],[[-103.47147,25.56052],[-103.47078,25.56168]],[[-103.46932,25.56427],[-103.47088,25.56173]],[[-103.47088,25.56173],[-103.47078,25.56168]],[[-103.46879,25.55481],[-103.46965,25.55385],[-103.47093,25.55176]],[[-103.47093,25.55176],[-103.47073,25.55166]],[[-103.47078,25.56168],[-103.46923,25.56422]],[[-103.47073,25.55166],[-103.46949,25.55377],[-103.46865,25.5547]],[[-103.46303,25.58904],[-103.46992,25.57924]],[[-103.46992,25.57924],[-103.46985,25.5792]],[[-103.46985,25.5792],[-103.46974,25.57934]],[[-103.46974,25.57934],[-103.46927,25.57963]],[[-103.46974,25.57934],[-103.46303,25.58904]],[[-103.46839,25.56584],[-103.46932,25.56427]],[[-103.46923,25.56422],[-103.46932,25.56427]],[[-103.46923,25.56422],[-103.46826,25.56583]],[[-103.46831,25.55536],[-103.46879,25.55481]],[[-103.46879,25.55481],[-103.46865,25.5547]],[[-103.46865,25.5547],[-103.46816,25.55526]],[[-103.46752,25.5673],[-103.46839,25.56584]],[[-103.46839,25.56584],[-103.46826,25.56583]],[[-103.46826,25.56583],[-103.46741,25.56724]],[[-103.46826,25.56583],[-103.46635,25.56559],[-103.46578,25.56537],[-103.46179,25.56209]],[[-103.46755,25.55623],[-103.46831,25.55536]],[[-103.46831,25.55536],[-103.46816,25.55526]],[[-103.46816,25.55526],[-103.46741,25.55612]],[[-103.46731,25.56765],[-103.46752,25.5673]],[[-103.46752,25.5673],[-103.46741,25.56724]],[[-103.46741,25.56724],[-103.4672,25.5676]],[[-103.4669,25.55697],[-103.46755,25.55623]],[[-103.46755,25.55623],[-103.46741,25.55612]],[[-103.46642,25.56891],[-103.46731,25.56765]],[[-103.46731,25.56765],[-103.4672,25.5676]],[[-103.46741,25.55612],[-103.46675,25.55686]],[[-103.4672,25.5676],[-103.46642,25.56891]],[[-103.46636,25.55759],[-103.4669,25.55697]],[[-103.4669,25.55697],[-103.46675,25.55686]],[[-103.46675,25.55686],[-103.46232,25.56138]],[[-103.46642,25.56891],[-103.4656,25.56959],[-103.46473,25.57004],[-103.46001,25.5711],[-103.45424,25.56857]],[[-103.46245,25.56149],[-103.46598,25.55799]],[[-103.46631,25.48999],[-103.46579,25.48879],[-103.46547,25.48854],[-103.46489,25.48842],[-103.4639,25.4888],[-103.46299,25.48807],[-103.46302,25.48641],[-103.46278,25.48491],[-103.46248,25.48426],[-103.46094,25.48244],[-103.46037,25.48137],[-103.45868,25.47985],[-103.44762,25.46687],[-103.4453,25.46375],[-103.42941,25.4242],[-103.42668,25.41234],[-103.42011,25.3975],[-103.42979,25.39402],[-103.43147,25.3939],[-103.43267,25.39427],[-103.44448,25.40045],[-103.44551,25.40077],[-103.44721,25.40094],[-103.44973,25.4005],[-103.45122,25.39974],[-103.4525,25.39866],[-103.47526,25.37651],[-103.47581,25.37575],[-103.47953,25.36839],[-103.48098,25.36605],[-103.48844,25.35132],[-103.48855,25.35038],[-103.48839,25.34929],[-103.48669,25.34574],[-103.48636,25.34391],[-103.48696,25.33825],[-103.48947,25.33324],[-103.4899,25.33167],[-103.48899,25.32325],[-103.48795,25.3235],[-103.48617,25.32351],[-103.48618,25.32548],[-103.4813,25.32558],[-103.48091,25.32637],[-103.4801,25.32723],[-103.47417,25.32716],[-103.47373,25.32772],[-103.46769,25.32821],[-103.46699,25.32858],[-103.46508,25.33349],[-103.46458,25.33425],[-103.4637,25.33495],[-103.46188,25.33557],[-103.46093,25.33621],[-103.44475,25.35227],[-103.44481,25.35269],[-103.45239,25.35886],[-103.45257,25.35925],[-103.42737,25.3702],[-103.42733,25.37053],[-103.42816,25.37113],[-103.42853,25.37191],[-103.42813,25.37415],[-103.42662,25.37734],[-103.4222,25.38502],[-103.42123,25.38772],[-103.42013,25.38859],[-103.41823,25.3918],[-103.4183,25.39272]],[[-103.46306,25.61927],[-103.46263,25.61878],[-103.46201,25.61839],[-103.46034,25.61782]],[[-103.46306,25.61927],[-103.46174,25.61835],[-103.45999,25.61782]],[[-103.45998,25.61793],[-103.46167,25.61846],[-103.46283,25.61922]],[[-103.46082,25.61827],[-103.46283,25.61922]],[[-103.46303,25.58904],[-103.44882,25.60944]],[[-103.46179,25.56209],[-103.46245,25.56149]],[[-103.46245,25.56149],[-103.46232,25.56138]],[[-103.46232,25.56138],[-103.46168,25.562]],[[-103.4616,25.56216],[-103.46179,25.56209]],[[-103.46179,25.56209],[-103.46168,25.562]],[[-103.46168,25.562],[-103.4616,25.56216]],[[-103.46168,25.562],[-103.45704,25.55818]],[[-103.4616,25.56216],[-103.45894,25.56467],[-103.45424,25.56857]],[[-103.45991,25.61869],[-103.46024,25.61839],[-103.46082,25.61827]],[[-103.45997,25.61804],[-103.46082,25.61827]],[[-103.46037,25.61349],[-103.46075,25.61156]],[[-103.46059,25.61171],[-103.46024,25.61349]],[[-103.46034,25.61782],[-103.46003,25.61737]],[[-103.46034,25.61782],[-103.46,25.61773]],[[-103.46003,25.61737],[-103.46037,25.61349]],[[-103.46037,25.61349],[-103.46024,25.61349]],[[-103.46024,25.61349],[-103.45991,25.6172]],[[-103.46,25.61773],[-103.46003,25.61737]],[[-103.45999,25.61782],[-103.46,25.61773]],[[-103.46,25.61773],[-103.45988,25.61769]],[[-103.45998,25.61793],[-103.45999,25.61782]],[[-103.45999,25.61782],[-103.45987,25.61778]],[[-103.45997,25.61804],[-103.45998,25.61793]],[[-103.45986,25.61789],[-103.45998,25.61793]],[[-103.45991,25.61869],[-103.45997,25.61804]],[[-103.45985,25.618],[-103.45997,25.61804]],[[-103.45954,25.622],[-103.45991,25.61869]],[[-103.45991,25.6172],[-103.45944,25.6175]],[[-103.45991,25.6172],[-103.45988,25.61769]],[[-103.45988,25.61769],[-103.45987,25.61778]],[[-103.45988,25.61769],[-103.45944,25.6175]],[[-103.45987,25.61778],[-103.45986,25.61789]],[[-103.45987,25.61778],[-103.4585,25.61711],[-103.45739,25.61613]],[[-103.45986,25.61789],[-103.45985,25.618]],[[-103.4573,25.61619],[-103.45845,25.6172],[-103.45986,25.61789]],[[-103.45985,25.618],[-103.45981,25.61843]],[[-103.4595,25.61786],[-103.45985,25.618]],[[-103.45981,25.61843],[-103.45954,25.622]],[[-103.4595,25.61786],[-103.45981,25.61843]],[[-103.45954,25.622],[-103.4588,25.62898],[-103.45683,25.63297],[-103.45641,25.63441],[-103.45621,25.63941],[-103.45794,25.64896],[-103.45804,25.65045],[-103.4555,25.6723],[-103.45518,25.67277],[-103.45467,25.67298],[-103.44642,25.67219],[-103.44573,25.67242],[-103.44541,25.67287],[-103.44106,25.70959],[-103.44058,25.71082],[-103.43733,25.71585],[-103.4369,25.71694],[-103.43013,25.74527],[-103.42996,25.74563],[-103.42912,25.74634],[-103.42902,25.74781],[-103.42923,25.74913]],[[-103.4573,25.61619],[-103.45826,25.61713],[-103.4595,25.61786]],[[-103.45944,25.6175],[-103.4586,25.6171],[-103.45739,25.61613]],[[-103.46014,25.53577],[-103.46006,25.54316]],[[-103.45739,25.61613],[-103.45561,25.61409],[-103.45354,25.61224],[-103.44882,25.60944]],[[-103.44879,25.60955],[-103.4534,25.61226],[-103.45528,25.6139],[-103.4573,25.61619]],[[-103.45704,25.55818],[-103.45675,25.55803],[-103.45595,25.55839],[-103.45227,25.55792]],[[-103.45611,25.55848],[-103.45669,25.55816],[-103.45704,25.55818]],[[-103.45661,25.5739],[-103.45503,25.5742]],[[-103.45366,25.57506],[-103.45654,25.57426]],[[-103.45611,25.55848],[-103.45647,25.55881]],[[-103.45227,25.55792],[-103.45611,25.55848]],[[-103.45503,25.5742],[-103.45352,25.57446]],[[-103.45424,25.56857],[-103.45425,25.57094],[-103.45503,25.5742]],[[-103.45424,25.56857],[-103.45337,25.56816]],[[-103.43342,25.57937],[-103.45366,25.57506]],[[-103.45352,25.57446],[-103.45333,25.57487],[-103.45366,25.57506]],[[-103.45352,25.57446],[-103.44648,25.57597]],[[-103.45356,25.56734],[-103.45324,25.56779],[-103.4528,25.56787]],[[-103.45337,25.56816],[-103.4528,25.56787]],[[-103.44453,25.56493],[-103.44732,25.56634],[-103.44763,25.56642],[-103.44912,25.5663],[-103.45337,25.56816]],[[-103.4528,25.56787],[-103.44912,25.56622],[-103.44753,25.56632],[-103.44459,25.56484]],[[-103.45276,25.53508],[-103.45276,25.53584]],[[-103.45276,25.53508],[-103.4489,25.53239]],[[-103.44882,25.53245],[-103.45276,25.53508]],[[-103.44158,25.55362],[-103.44794,25.55672],[-103.45227,25.55792]],[[-103.44496,26.11238],[-103.44502,26.11231]],[[-103.44502,26.11231],[-103.44494,26.11224]],[[-103.44493,26.11229],[-103.44502,26.11231]],[[-103.44495,26.11683],[-103.44424,26.11672]],[[-103.44424,26.11672],[-103.44423,26.11677],[-103.44495,26.11683]],[[-103.44496,26.11238],[-103.44424,26.11672]],[[-103.44493,26.11229],[-103.44496,26.11238]],[[-103.44494,26.11224],[-103.44493,26.11229]],[[-103.44494,26.11224],[-103.43733,26.11133]],[[-103.43732,26.11138],[-103.44493,26.11229]],[[-103.44882,25.60944],[-103.44868,25.6095]],[[-103.44879,25.60955],[-103.44882,25.60944]],[[-103.44882,25.60944],[-103.44775,25.60882]],[[-103.44868,25.6095],[-103.44879,25.60955]],[[-103.44769,25.60891],[-103.44868,25.6095]],[[-103.44882,25.53245],[-103.4489,25.53239]],[[-103.4489,25.53239],[-103.44875,25.53229]],[[-103.4488,25.5357],[-103.44882,25.53245]],[[-103.44867,25.53235],[-103.44882,25.53245]],[[-103.44875,25.53229],[-103.44867,25.53235]],[[-103.44875,25.53229],[-103.44469,25.5295]],[[-103.44775,25.60882],[-103.44769,25.60891]],[[-103.44775,25.60882],[-103.44655,25.60813]],[[-103.44648,25.60823],[-103.44769,25.60891]],[[-103.44867,25.53235],[-103.44861,25.5357]],[[-103.44434,25.52939],[-103.44867,25.53235]],[[-103.44096,25.55495],[-103.44152,25.55539],[-103.44771,25.55841]],[[-103.44801,25.52012],[-103.44653,25.52213],[-103.44668,25.52309]],[[-103.44655,25.60813],[-103.44648,25.60823]],[[-103.44655,25.60813],[-103.43998,25.60438],[-103.43475,25.60104]],[[-103.44079,25.60497],[-103.44648,25.60823]],[[-103.44667,25.57584],[-103.44648,25.57597]],[[-103.44648,25.57597],[-103.43344,25.57893]],[[-103.44665,25.52375],[-103.44683,25.52369]],[[-103.44545,25.52607],[-103.44688,25.52415],[-103.44683,25.52369]],[[-103.44683,25.52369],[-103.44681,25.52361]],[[-103.44681,25.52361],[-103.44668,25.52309]],[[-103.44681,25.52361],[-103.44665,25.52358]],[[-103.44668,25.52309],[-103.44664,25.52328]],[[-103.44665,25.52375],[-103.4468,25.52411],[-103.44545,25.52607]],[[-103.44665,25.52358],[-103.44665,25.52375]],[[-103.44664,25.52328],[-103.44665,25.52358]],[[-103.44664,25.52328],[-103.44641,25.52343]],[[-103.44545,25.52607],[-103.44456,25.52874]],[[-103.44459,25.56484],[-103.44453,25.56493]],[[-103.44459,25.56484],[-103.44354,25.56432]],[[-103.44349,25.5644],[-103.44453,25.56493]],[[-103.43733,26.11133],[-103.43732,26.11138]],[[-103.43733,26.11133],[-103.43544,26.1111],[-103.43398,26.11106],[-103.42855,26.11025]],[[-103.42854,26.11031],[-103.4338,26.11112],[-103.43732,26.11138]],[[-103.44469,25.5295],[-103.44456,25.52874]],[[-103.44469,25.5295],[-103.44437,25.52928]],[[-103.44456,25.52874],[-103.44437,25.52928]],[[-103.44437,25.52928],[-103.44434,25.52939]],[[-103.4422,25.5531],[-103.44233,25.53525],[-103.44434,25.52939]],[[-103.44349,25.5644],[-103.44354,25.56432]],[[-103.44354,25.56432],[-103.44343,25.56426]],[[-103.44084,25.56821],[-103.44349,25.5644]],[[-103.44338,25.56435],[-103.44349,25.5644]],[[-103.44343,25.56426],[-103.44338,25.56435]],[[-103.44343,25.56426],[-103.44202,25.56354]],[[-103.44338,25.56435],[-103.43805,25.57195]],[[-103.44194,25.56356],[-103.44338,25.56435]],[[-103.43965,25.6043],[-103.44079,25.60497]],[[-103.43965,25.6043],[-103.43987,25.60453],[-103.44079,25.60497]],[[-103.44084,25.56821],[-103.44113,25.56809]],[[-103.43582,25.57517],[-103.44084,25.56821]],[[-103.43593,25.5618],[-103.43812,25.55949],[-103.44096,25.55495]],[[-103.44096,25.55495],[-103.44087,25.55488]],[[-103.44087,25.55488],[-103.43803,25.55944],[-103.43585,25.56172]],[[-103.44087,25.55488],[-103.44051,25.55454]],[[-103.43468,25.60112],[-103.43965,25.6043]],[[-103.43593,25.5618],[-103.43772,25.56355],[-103.43793,25.5633],[-103.4399,25.56427]],[[-103.43805,25.57195],[-103.43744,25.57215]],[[-103.43805,25.57195],[-103.43582,25.57517]],[[-103.43373,25.53573],[-103.4379,25.53572]],[[-103.4379,25.53563],[-103.43373,25.53558]],[[-103.43559,25.57552],[-103.43582,25.57517]],[[-103.43132,25.5657],[-103.43593,25.5618]],[[-103.43585,25.56172],[-103.43593,25.5618]],[[-103.43574,25.57569],[-103.43558,25.57555]],[[-103.43585,25.56172],[-103.43126,25.56563]],[[-103.43418,25.56009],[-103.43585,25.56172]],[[-103.42855,26.11025],[-103.42854,26.11031]],[[-103.42855,26.11025],[-103.4273,26.1101]],[[-103.4273,26.1101],[-103.42854,26.11031]],[[-103.43559,25.57552],[-103.43532,25.57558]],[[-103.43558,25.57555],[-103.43559,25.57552]],[[-103.43558,25.57555],[-103.4345,25.57721],[-103.4332,25.5787]],[[-103.43468,25.60112],[-103.43475,25.60104]],[[-103.43475,25.60104],[-103.43473,25.60089],[-103.43423,25.60068]],[[-103.43475,25.60104],[-103.43423,25.60068]],[[-103.42914,25.59749],[-103.43468,25.60112]],[[-103.43464,25.5937],[-103.43453,25.59371]],[[-103.42964,25.59733],[-103.43237,25.59691],[-103.43311,25.59656],[-103.43382,25.59582],[-103.43448,25.59461],[-103.43464,25.5937]],[[-103.43464,25.5937],[-103.43434,25.59271],[-103.43157,25.58892],[-103.43131,25.58807],[-103.43137,25.58714],[-103.43248,25.58316],[-103.4334,25.58209],[-103.43352,25.58175],[-103.43306,25.57978]],[[-103.43453,25.59371],[-103.43431,25.59471],[-103.43366,25.59587],[-103.433,25.59651],[-103.43193,25.59692],[-103.42908,25.59734]],[[-103.43298,25.57986],[-103.43341,25.5818],[-103.43236,25.58323],[-103.43126,25.58716],[-103.43119,25.58808],[-103.4315,25.589],[-103.43423,25.59271],[-103.43453,25.59371]],[[-103.43423,25.60068],[-103.42948,25.59758]],[[-103.3534,25.75866],[-103.3531,25.76127],[-103.3514,25.76312],[-103.35239,25.77177],[-103.35131,25.77799],[-103.35124,25.77939],[-103.35271,25.79935],[-103.35329,25.80408],[-103.35363,25.80618],[-103.35497,25.80836],[-103.35519,25.80918],[-103.3543,25.82376],[-103.35451,25.82494],[-103.35536,25.82618],[-103.35727,25.82769],[-103.36113,25.83061],[-103.36292,25.83143],[-103.38344,25.8332],[-103.38392,25.83327],[-103.38422,25.83353],[-103.38439,25.83479],[-103.39658,25.87039],[-103.39699,25.87094],[-103.40248,25.87557],[-103.40306,25.87633],[-103.40374,25.87825],[-103.40376,25.87967],[-103.40169,25.88336],[-103.40154,25.8843],[-103.40165,25.88494],[-103.41805,25.93279],[-103.41809,25.93327],[-103.41771,25.93406],[-103.41777,25.93455],[-103.42697,25.96148],[-103.427,25.96242],[-103.42673,25.9632],[-103.40096,26.01917],[-103.4009,26.02084],[-103.40714,26.05006],[-103.40723,26.05134],[-103.3966,26.10427],[-103.39686,26.10504],[-103.39776,26.10557],[-103.4273,26.1101]],[[-103.43433,25.53419],[-103.43424,25.53419]],[[-103.4338,25.56834],[-103.43132,25.5657]],[[-103.43125,25.56576],[-103.4337,25.5684]],[[-103.43344,25.57893],[-103.43328,25.57896]],[[-103.43344,25.57893],[-103.4332,25.5787]],[[-103.43298,25.57946],[-103.43342,25.57937]],[[-103.43306,25.57978],[-103.43342,25.57937]],[[-103.43328,25.57896],[-103.43321,25.5792],[-103.43342,25.57937]],[[-103.43328,25.57896],[-103.43303,25.57902]],[[-103.4332,25.5787],[-103.43309,25.57887]],[[-103.43159,25.53571],[-103.43373,25.53573]],[[-103.43373,25.53573],[-103.43373,25.53558]],[[-103.43373,25.53558],[-103.43159,25.53559]],[[-103.43309,25.57887],[-103.43295,25.57904]],[[-103.43303,25.57902],[-103.43309,25.57887]],[[-103.43306,25.57978],[-103.43298,25.57946]],[[-103.43303,25.57902],[-103.43295,25.57904]],[[-103.43298,25.57946],[-103.43303,25.57902]],[[-103.43288,25.57949],[-103.43298,25.57986]],[[-103.43229,25.57961],[-103.43298,25.57986]],[[-103.43288,25.57949],[-103.43298,25.57946]],[[-103.43295,25.57904],[-103.43234,25.57917]],[[-103.43295,25.57904],[-103.43288,25.57949]],[[-103.43246,25.57958],[-103.43288,25.57949]],[[-103.43229,25.57961],[-103.43246,25.57958]],[[-103.43246,25.57958],[-103.43253,25.5793],[-103.43234,25.57917]],[[-103.43234,25.57917],[-103.41729,25.58258]],[[-103.41618,25.58357],[-103.41828,25.58266],[-103.43229,25.57961]],[[-103.42923,25.74913],[-103.4249,25.74809],[-103.4238,25.74812],[-103.38077,25.75921],[-103.37903,25.75984],[-103.37831,25.76056],[-103.37731,25.76209],[-103.3756,25.76324],[-103.37333,25.76249],[-103.3669,25.76088],[-103.3534,25.75866]],[[-103.43125,25.56576],[-103.43132,25.5657]],[[-103.43132,25.5657],[-103.43126,25.56563]],[[-103.43126,25.56563],[-103.43118,25.56569]],[[-103.43126,25.56563],[-103.42948,25.5639]],[[-103.42911,25.56757],[-103.43125,25.56576]],[[-103.43118,25.56569],[-103.43125,25.56576]],[[-103.43118,25.56569],[-103.42906,25.56752]],[[-103.4294,25.56397],[-103.43118,25.56569]],[[-103.42922,25.59742],[-103.42964,25.59733]],[[-103.42948,25.59758],[-103.42964,25.59733]],[[-103.42948,25.59758],[-103.42922,25.59742]],[[-103.42914,25.59749],[-103.42922,25.59742]],[[-103.42922,25.59742],[-103.42908,25.59734]],[[-103.42898,25.59741],[-103.42914,25.59749]],[[-103.42908,25.59734],[-103.42898,25.59741]],[[-103.42908,25.59734],[-103.42095,25.59362],[-103.42019,25.5936],[-103.4194,25.59415]],[[-103.41952,25.59426],[-103.42029,25.59372],[-103.42092,25.59374],[-103.42898,25.59741]],[[-103.42936,25.56379],[-103.42842,25.56284]],[[-103.42833,25.56291],[-103.42928,25.56386]],[[-103.42895,25.56772],[-103.42911,25.56757]],[[-103.42911,25.56757],[-103.42906,25.56752]],[[-103.42906,25.56752],[-103.42888,25.56764]],[[-103.4268,25.56949],[-103.42895,25.56772]],[[-103.42888,25.56764],[-103.42895,25.56772]],[[-103.42888,25.56764],[-103.42675,25.56941]],[[-103.42833,25.56291],[-103.42842,25.56284]],[[-103.42842,25.56284],[-103.42832,25.56272]],[[-103.42821,25.56278],[-103.42833,25.56291]],[[-103.42832,25.56272],[-103.42821,25.56278]],[[-103.42832,25.56272],[-103.42644,25.56084]],[[-103.42633,25.56093],[-103.42821,25.56278]],[[-103.42663,25.56962],[-103.4268,25.56949]],[[-103.4268,25.56949],[-103.42675,25.56941]],[[-103.42675,25.56941],[-103.42656,25.56955]],[[-103.42451,25.57135],[-103.42663,25.56962]],[[-103.42656,25.56955],[-103.42663,25.56962]],[[-103.42656,25.56955],[-103.42446,25.5713]],[[-103.42668,25.55121],[-103.42614,25.55177]],[[-103.42623,25.55184],[-103.42678,25.55129],[-103.42668,25.55121]],[[-103.42573,25.55044],[-103.42668,25.55121]],[[-103.42633,25.56093],[-103.42644,25.56084]],[[-103.42644,25.56084],[-103.42627,25.56078]],[[-103.42627,25.56078],[-103.42633,25.56093]],[[-103.42627,25.56078],[-103.42603,25.56054]],[[-103.42603,25.56652],[-103.42603,25.56054]],[[-103.42603,25.56054],[-103.42604,25.55847]],[[-103.42581,25.53554],[-103.42573,25.55044]],[[-103.42465,25.54956],[-103.42573,25.55044]],[[-103.42465,25.54956],[-103.42477,25.53554]],[[-103.4142,25.54102],[-103.42465,25.54956]],[[-103.40978,25.59775],[-103.41328,25.59643],[-103.4167,25.59621],[-103.41777,25.59565],[-103.41952,25.59426]],[[-103.4194,25.59415],[-103.41952,25.59426]],[[-103.4194,25.59415],[-103.41767,25.5955],[-103.41657,25.59607],[-103.41311,25.59629],[-103.40975,25.59761],[-103.40914,25.5977]],[[-103.41729,25.58258],[-103.41487,25.58376]],[[-103.41729,25.58258],[-103.41593,25.58333],[-103.41596,25.58355],[-103.41602,25.58357],[-103.41618,25.58357]],[[-103.41743,25.54486],[-103.41143,25.54485]],[[-103.4144,25.58451],[-103.41618,25.58357]],[[-103.41833,25.39287],[-103.4183,25.39272]],[[-103.34125,25.36855],[-103.35291,25.36658],[-103.35425,25.36672],[-103.36551,25.3728],[-103.37084,25.37791],[-103.37816,25.38343],[-103.39777,25.39429],[-103.40555,25.39777],[-103.40718,25.39795],[-103.40752,25.39769],[-103.40815,25.39617],[-103.40854,25.39587],[-103.40966,25.39565],[-103.41176,25.39559],[-103.41375,25.39505],[-103.41742,25.39267],[-103.41805,25.39286],[-103.4183,25.39272]],[[-103.41487,25.58376],[-103.41219,25.5851],[-103.4101,25.58542],[-103.40994,25.58595]],[[-103.4144,25.58451],[-103.41534,25.58386],[-103.41524,25.58368],[-103.41487,25.58376]],[[-103.41534,25.53258],[-103.40763,25.53255],[-103.40669,25.53215],[-103.40626,25.53158]],[[-103.40994,25.58595],[-103.41187,25.58573],[-103.4144,25.58451]],[[-103.41143,25.54485],[-103.41419,25.54203],[-103.4142,25.54102]],[[-103.4142,25.54102],[-103.4142,25.53547]],[[-103.41404,25.54089],[-103.4142,25.54102]],[[-103.41404,25.54089],[-103.41404,25.54191],[-103.41119,25.54485]],[[-103.41408,25.53547],[-103.41404,25.54089]],[[-103.40462,25.55173],[-103.41143,25.54485]],[[-103.41143,25.54485],[-103.41119,25.54485]],[[-103.41119,25.54485],[-103.40444,25.55159]],[[-103.41119,25.54485],[-103.40354,25.54474]],[[-103.40968,25.58609],[-103.40994,25.58595]],[[-103.40025,25.59732],[-103.40232,25.59727],[-103.40926,25.59783],[-103.40978,25.59775]],[[-103.40978,25.59775],[-103.40914,25.5977]],[[-103.40914,25.5977],[-103.40229,25.59718],[-103.40069,25.5972]],[[-103.40626,25.53158],[-103.40597,25.53107]],[[-103.40626,25.53158],[-103.40597,25.53149]],[[-103.40605,25.52014],[-103.40437,25.52009],[-103.40283,25.52031],[-103.40175,25.52011],[-103.40032,25.51968],[-103.39849,25.51858],[-103.3962,25.51763]],[[-103.40427,25.55204],[-103.40455,25.552],[-103.40462,25.55173]],[[-103.40462,25.55173],[-103.40444,25.55159]],[[-103.40444,25.55159],[-103.40418,25.55167],[-103.40416,25.55195]],[[-103.40127,25.55506],[-103.40146,25.55503],[-103.40427,25.55204]],[[-103.40416,25.55195],[-103.40427,25.55204]],[[-103.40416,25.55195],[-103.40111,25.55493]],[[-103.40198,25.54477],[-103.40354,25.54474]],[[-103.40354,25.54474],[-103.402,25.54468]],[[-103.40056,25.58154],[-103.40891,25.5857],[-103.40926,25.58573],[-103.40946,25.58557],[-103.4093,25.58517],[-103.40168,25.58158]],[[-103.40168,25.58158],[-103.40033,25.58093]],[[-103.40168,25.58158],[-103.4006,25.58117],[-103.40046,25.58135],[-103.40056,25.58154]],[[-103.402,25.54468],[-103.39922,25.54465]],[[-103.40198,25.54477],[-103.402,25.54468]],[[-103.39929,25.54474],[-103.40198,25.54477]],[[-103.40069,25.5972],[-103.39995,25.59724]],[[-103.40025,25.59732],[-103.40069,25.5972]],[[-103.40008,25.58136],[-103.40056,25.58154]],[[-103.39936,25.59735],[-103.40025,25.59732]],[[-103.39995,25.59724],[-103.39686,25.59734]],[[-103.39995,25.59724],[-103.39936,25.59735]],[[-103.39972,25.58055],[-103.39908,25.58034]],[[-103.39921,25.61165],[-103.39901,25.61151]],[[-103.39687,25.59744],[-103.39936,25.59735]],[[-103.39894,25.61163],[-103.39916,25.61175]],[[-103.39894,25.61163],[-103.39901,25.61151]],[[-103.39901,25.61151],[-103.39345,25.60869]],[[-103.39896,25.58076],[-103.39937,25.58097]],[[-103.39334,25.60899],[-103.39434,25.60931],[-103.39894,25.61163]],[[-103.39896,25.58076],[-103.39919,25.58062],[-103.39908,25.58034]],[[-103.39908,25.58034],[-103.3919,25.57674]],[[-103.39165,25.57702],[-103.39896,25.58076]],[[-103.39606,25.53536],[-103.39942,25.53532]],[[-103.39912,25.54474],[-103.39929,25.54474]],[[-103.39929,25.54474],[-103.39922,25.54465]],[[-103.39922,25.54465],[-103.39609,25.54191],[-103.39606,25.53536]],[[-103.39922,25.54465],[-103.39902,25.54465]],[[-103.3837,25.54456],[-103.38917,25.54462],[-103.39801,25.54473],[-103.39912,25.54474]],[[-103.39902,25.54465],[-103.39912,25.54474]],[[-103.39606,25.53536],[-103.39593,25.53566],[-103.39596,25.54201],[-103.39902,25.54465]],[[-103.39902,25.54465],[-103.3837,25.54446]],[[-103.39604,25.59746],[-103.39687,25.59744]],[[-103.39687,25.59744],[-103.39686,25.59734]],[[-103.39686,25.59734],[-103.39655,25.59735]],[[-103.39655,25.59735],[-103.39418,25.59744]],[[-103.39655,25.59735],[-103.39604,25.59746]],[[-103.39418,25.59752],[-103.39604,25.59746]],[[-103.39623,25.53382],[-103.39607,25.53378]],[[-103.39413,25.53529],[-103.39469,25.53536],[-103.39606,25.53536]],[[-103.39606,25.53536],[-103.39607,25.53378]],[[-103.39607,25.53378],[-103.3962,25.51763]],[[-103.3962,25.51763],[-103.39617,25.51111]],[[-103.3962,25.51763],[-103.39406,25.51759]],[[-103.39175,25.59761],[-103.39418,25.59752]],[[-103.39418,25.59752],[-103.39418,25.59744]],[[-103.39418,25.59744],[-103.39197,25.59752]],[[-103.3949,25.51251],[-103.39188,25.51057]],[[-103.3917,25.51059],[-103.39483,25.51259]],[[-103.39334,25.60899],[-103.39345,25.60869]],[[-103.39345,25.60869],[-103.39329,25.60864]],[[-103.39323,25.60897],[-103.39334,25.60899]],[[-103.39329,25.60864],[-103.39323,25.60897]],[[-103.39329,25.60864],[-103.39321,25.60864],[-103.39314,25.60865],[-103.39247,25.60874],[-103.39199,25.60886],[-103.39123,25.6093]],[[-103.39315,25.61809],[-103.39258,25.61809]],[[-103.39128,25.60938],[-103.39219,25.6089],[-103.39323,25.60897]],[[-103.39406,25.51759],[-103.39385,25.5353]],[[-103.39406,25.51759],[-103.38964,25.51756],[-103.38821,25.51642],[-103.38658,25.51632],[-103.38368,25.51453]],[[-103.39407,25.51311],[-103.39406,25.51759]],[[-103.39248,25.61817],[-103.39264,25.61861]],[[-103.39248,25.61817],[-103.39258,25.61809]],[[-103.39258,25.61809],[-103.39206,25.61742]],[[-103.39197,25.61746],[-103.39248,25.61817]],[[-103.39197,25.61746],[-103.39206,25.61742]],[[-103.39206,25.61742],[-103.39116,25.61597]],[[-103.39105,25.61601],[-103.39197,25.61746]],[[-103.39197,25.59752],[-103.39125,25.59754]],[[-103.39197,25.59752],[-103.39168,25.59759]],[[-103.39164,25.59762],[-103.39175,25.59761]],[[-103.39175,25.59761],[-103.39168,25.59759]],[[-103.39168,25.59759],[-103.39164,25.59762]],[[-103.39168,25.59759],[-103.39125,25.59754]],[[-103.37116,25.59844],[-103.39164,25.59762]],[[-103.3919,25.57674],[-103.39132,25.57619]],[[-103.3919,25.57674],[-103.39183,25.57674],[-103.39176,25.57675],[-103.39166,25.57682],[-103.39165,25.57702]],[[-103.38896,25.61075],[-103.39128,25.60938]],[[-103.39123,25.6093],[-103.39128,25.60938]],[[-103.39116,25.61597],[-103.39105,25.61601]],[[-103.39116,25.61597],[-103.39029,25.61442],[-103.38884,25.61109]],[[-103.39123,25.6093],[-103.38892,25.61066]],[[-103.39096,25.5764],[-103.39165,25.57702]],[[-103.3887,25.61114],[-103.39022,25.61459],[-103.39105,25.61601]],[[-103.39125,25.59754],[-103.37116,25.59833]],[[-103.39096,25.5764],[-103.39133,25.57652],[-103.39132,25.57619]],[[-103.39132,25.57619],[-103.38339,25.5644],[-103.37976,25.55852]],[[-103.39188,25.51057],[-103.3917,25.51059]],[[-103.39188,25.51057],[-103.38141,25.50388],[-103.3796,25.50371],[-103.37055,25.49775]],[[-103.38942,25.57421],[-103.39096,25.5764]],[[-103.37051,25.49775],[-103.3707,25.49809],[-103.37942,25.50376],[-103.38138,25.50398],[-103.3917,25.51059]],[[-103.3896,25.62151],[-103.38841,25.62156]],[[-103.38839,25.62166],[-103.38902,25.62172],[-103.3892,25.62198]],[[-103.38884,25.61109],[-103.38896,25.61075]],[[-103.38896,25.61075],[-103.38892,25.61066]],[[-103.38909,25.57373],[-103.38942,25.57421]],[[-103.38872,25.57429],[-103.38907,25.57412],[-103.38942,25.57421]],[[-103.38892,25.61066],[-103.38863,25.61053],[-103.38839,25.61062],[-103.3883,25.61091],[-103.38845,25.6111]],[[-103.3887,25.61114],[-103.38884,25.61109]],[[-103.38855,25.61114],[-103.38863,25.61115],[-103.3887,25.61114]],[[-103.38909,25.57373],[-103.38864,25.5742]],[[-103.38513,25.56784],[-103.38909,25.57373]],[[-103.38776,25.61249],[-103.38855,25.61114]],[[-103.38845,25.6111],[-103.38855,25.61114]],[[-103.38839,25.62166],[-103.38841,25.62156]],[[-103.38841,25.62156],[-103.386,25.62142]],[[-103.38599,25.62153],[-103.38839,25.62166]],[[-103.38845,25.6111],[-103.38769,25.61244]],[[-103.3836,25.51463],[-103.3865,25.51638],[-103.38813,25.51651],[-103.38952,25.5176]],[[-103.38664,25.6138],[-103.38776,25.61249]],[[-103.38776,25.61249],[-103.38769,25.61244]],[[-103.38769,25.61244],[-103.38658,25.61374]],[[-103.38074,25.61803],[-103.38196,25.6168],[-103.38482,25.61479],[-103.38604,25.61423],[-103.38664,25.6138]],[[-103.38664,25.6138],[-103.38658,25.61374]],[[-103.38658,25.61374],[-103.38465,25.6148],[-103.38275,25.61614],[-103.38155,25.61703],[-103.38068,25.61799]],[[-103.38599,25.62153],[-103.386,25.62142]],[[-103.386,25.62142],[-103.38463,25.62106],[-103.38193,25.62095],[-103.38148,25.62109]],[[-103.38152,25.62115],[-103.38455,25.62117],[-103.38599,25.62153]],[[-103.37933,25.55873],[-103.38513,25.56784]],[[-103.38445,25.56752],[-103.38513,25.56784]],[[-103.3837,25.54456],[-103.3837,25.54446]],[[-103.38194,25.5445],[-103.3837,25.54456]],[[-103.3837,25.54446],[-103.38194,25.5445]],[[-103.3836,25.51463],[-103.38368,25.51453]],[[-103.38368,25.51453],[-103.38143,25.5131]],[[-103.38136,25.51319],[-103.3836,25.51463]],[[-103.37592,25.62439],[-103.37795,25.62386],[-103.38152,25.62115]],[[-103.38148,25.62109],[-103.38152,25.62115]],[[-103.38148,25.62109],[-103.37777,25.62381],[-103.37587,25.62429]],[[-103.38194,25.5445],[-103.37996,25.54447],[-103.37834,25.54497],[-103.37587,25.54494]],[[-103.38021,25.61871],[-103.38074,25.61803]],[[-103.38074,25.61803],[-103.38068,25.61799]],[[-103.38068,25.61799],[-103.38014,25.61867]],[[-103.3751,25.62277],[-103.37924,25.61975],[-103.38021,25.61871]],[[-103.38014,25.61867],[-103.38021,25.61871]],[[-103.38014,25.61867],[-103.37913,25.61972],[-103.37506,25.62269]],[[-103.38136,25.51319],[-103.38143,25.5131]],[[-103.38143,25.5131],[-103.37893,25.51151]],[[-103.37856,25.51142],[-103.38136,25.51319]],[[-103.37976,25.55852],[-103.37922,25.55764]],[[-103.37976,25.55852],[-103.37946,25.55847],[-103.37933,25.55873]],[[-103.37881,25.55789],[-103.37933,25.55873]],[[-103.37881,25.55789],[-103.37913,25.55795],[-103.37922,25.55764]],[[-103.37922,25.55764],[-103.37772,25.55522]],[[-103.37121,25.54557],[-103.37881,25.55789]],[[-103.37893,25.51151],[-103.37856,25.51142]],[[-103.37893,25.51151],[-103.36879,25.505]],[[-103.36812,25.50472],[-103.37856,25.51142]],[[-103.37772,25.55522],[-103.37756,25.5547]],[[-103.37772,25.55522],[-103.37599,25.55242]],[[-103.37617,25.55248],[-103.37599,25.55242]],[[-103.37599,25.55242],[-103.37182,25.54559]],[[-103.37194,25.54495],[-103.37587,25.54494]],[[-103.37587,25.54494],[-103.37133,25.5448]],[[-103.37411,25.62238],[-103.37473,25.62183]],[[-103.37469,25.62173],[-103.37439,25.62175],[-103.37411,25.62238]],[[-103.37577,25.54057],[-103.37579,25.53773]],[[-103.37564,25.53773],[-103.37563,25.54057]],[[-103.37411,25.62238],[-103.37364,25.62276],[-103.36765,25.62555],[-103.36041,25.6309],[-103.34702,25.6412],[-103.34647,25.64198],[-103.34529,25.64558],[-103.34728,25.65057],[-103.34717,25.65108],[-103.346,25.65291],[-103.34593,25.65452],[-103.34833,25.67212],[-103.34817,25.67312]],[[-103.37182,25.54559],[-103.37169,25.54515],[-103.37194,25.54495]],[[-103.3714,25.54493],[-103.37194,25.54495]],[[-103.36425,25.59869],[-103.37116,25.59844]],[[-103.37116,25.59844],[-103.37116,25.59833]],[[-103.37116,25.59833],[-103.36483,25.59856]],[[-103.37182,25.54559],[-103.37162,25.54529]],[[-103.37162,25.54529],[-103.3714,25.54493]],[[-103.37162,25.54529],[-103.37118,25.54511],[-103.37121,25.54557]],[[-103.3714,25.54493],[-103.37133,25.5448]],[[-103.37073,25.54479],[-103.3714,25.54493]],[[-103.37133,25.5448],[-103.3711,25.54424]],[[-103.37133,25.5448],[-103.37067,25.54463]],[[-103.37073,25.54479],[-103.37121,25.54557]],[[-103.3706,25.54437],[-103.37093,25.54457],[-103.3711,25.54424]],[[-103.3711,25.54424],[-103.37094,25.54209]],[[-103.37067,25.54463],[-103.37073,25.54479]],[[-103.36896,25.54454],[-103.37073,25.54479]],[[-103.3706,25.54437],[-103.37067,25.54463]],[[-103.37067,25.54463],[-103.37018,25.54457]],[[-103.37056,25.54426],[-103.3706,25.54437]],[[-103.37056,25.54426],[-103.37018,25.54457]],[[-103.37054,25.54188],[-103.37056,25.54426]],[[-103.37018,25.54457],[-103.36896,25.54454]],[[-103.36299,25.54456],[-103.36896,25.54454]],[[-103.36879,25.505],[-103.36773,25.50438],[-103.36673,25.50425]],[[-103.36879,25.505],[-103.36812,25.50472]],[[-103.36673,25.50434],[-103.36735,25.50439],[-103.36812,25.50472]],[[-103.35661,25.50474],[-103.36673,25.50434]],[[-103.36673,25.50434],[-103.36673,25.50425]],[[-103.36673,25.50425],[-103.35726,25.50466],[-103.35422,25.5046],[-103.35581,25.50475]],[[-103.36561,25.54974],[-103.36531,25.5494]],[[-103.36624,25.50077],[-103.36629,25.49014],[-103.36614,25.48944],[-103.3654,25.48835]],[[-103.36558,25.54955],[-103.36531,25.5494]],[[-103.36483,25.59856],[-103.36158,25.59868]],[[-103.36483,25.59856],[-103.36425,25.59869]],[[-103.3653,25.4884],[-103.36593,25.48923],[-103.36619,25.49016],[-103.36613,25.50078]],[[-103.36342,25.54724],[-103.36545,25.54984]],[[-103.36531,25.5494],[-103.36361,25.54714]],[[-103.3654,25.48835],[-103.36578,25.48809]],[[-103.31509,25.59464],[-103.33208,25.60025],[-103.34182,25.60121],[-103.34355,25.60116],[-103.35796,25.59893],[-103.36425,25.59869]],[[-103.36574,25.48779],[-103.36541,25.48808],[-103.36498,25.48801]],[[-103.3653,25.4884],[-103.3654,25.48835]],[[-103.3654,25.48835],[-103.36498,25.48801]],[[-103.32436,25.46214],[-103.3653,25.4884]],[[-103.36498,25.48801],[-103.35152,25.47939]],[[-103.36342,25.54724],[-103.36361,25.54714]],[[-103.36361,25.54714],[-103.36349,25.54676],[-103.36313,25.54691]],[[-103.36312,25.54703],[-103.36342,25.54724]],[[-103.36313,25.54691],[-103.36312,25.54703]],[[-103.36313,25.54691],[-103.36097,25.54657]],[[-103.36095,25.54671],[-103.36312,25.54703]],[[-103.36299,25.54456],[-103.36207,25.54503]],[[-103.36215,25.54513],[-103.36299,25.54456]],[[-103.36158,25.59868],[-103.35764,25.59885],[-103.3428,25.60113],[-103.33293,25.60025]],[[-103.36158,25.59868],[-103.36124,25.59863],[-103.36111,25.59838]],[[-103.36151,25.54567],[-103.36215,25.54513]],[[-103.36215,25.54513],[-103.36207,25.54503]],[[-103.36207,25.54503],[-103.36141,25.54558]],[[-103.36097,25.54657],[-103.36151,25.54567]],[[-103.36151,25.54567],[-103.36141,25.54558]],[[-103.36141,25.54558],[-103.36084,25.5465]],[[-103.36095,25.54671],[-103.36097,25.54657]],[[-103.36097,25.54657],[-103.36084,25.5465]],[[-103.36085,25.5467],[-103.36095,25.54671]],[[-103.36084,25.5465],[-103.36085,25.5467]],[[-103.358,25.54636],[-103.36085,25.5467]],[[-103.36084,25.5465],[-103.35823,25.54612]],[[-103.358,25.54636],[-103.35823,25.54612]],[[-103.35823,25.54612],[-103.35812,25.54591]],[[-103.35812,25.54591],[-103.35856,25.54423],[-103.35873,25.54243],[-103.35855,25.54084],[-103.3578,25.53799],[-103.35761,25.53478]],[[-103.35812,25.54591],[-103.35786,25.54586]],[[-103.35786,25.54586],[-103.35766,25.54617],[-103.35781,25.54634],[-103.35793,25.54637],[-103.358,25.54636]],[[-103.35745,25.53478],[-103.35754,25.53804],[-103.35833,25.54103],[-103.35849,25.54245],[-103.35786,25.54586]],[[-103.34845,25.7536],[-103.3534,25.75866]],[[-103.35581,25.50475],[-103.35661,25.50474]],[[-103.35629,25.50505],[-103.35661,25.50474]],[[-103.35581,25.50475],[-103.35611,25.50504]],[[-103.35152,25.47939],[-103.35144,25.47891]],[[-103.35152,25.47939],[-103.35077,25.47892]],[[-103.35131,25.47891],[-103.35077,25.47892]],[[-103.35077,25.47892],[-103.34114,25.47278]],[[-103.3431,25.54706],[-103.3432,25.54667]],[[-103.3432,25.54667],[-103.34322,25.54425],[-103.34301,25.54267]],[[-103.3432,25.54667],[-103.343,25.54645],[-103.34258,25.54646]],[[-103.34302,25.55795],[-103.34299,25.55408]],[[-103.34262,25.54714],[-103.3431,25.54706]],[[-103.34296,25.54937],[-103.34296,25.5474],[-103.3431,25.54706]],[[-103.34276,25.55409],[-103.34299,25.55408]],[[-103.34299,25.55408],[-103.34296,25.54986]],[[-103.34296,25.54986],[-103.34296,25.54937]],[[-103.34275,25.54985],[-103.34296,25.54986]],[[-103.34275,25.54937],[-103.34296,25.54937]],[[-103.34301,25.54267],[-103.3428,25.54271]],[[-103.34301,25.54267],[-103.3423,25.54058]],[[-103.34276,25.55409],[-103.34279,25.55795]],[[-103.34275,25.54985],[-103.34276,25.55409]],[[-103.34275,25.54937],[-103.34275,25.54985]],[[-103.34262,25.54714],[-103.34275,25.54937]],[[-103.3428,25.54271],[-103.34298,25.54516],[-103.34258,25.54646]],[[-103.3421,25.54063],[-103.3428,25.54271]],[[-103.34258,25.54646],[-103.34237,25.54682],[-103.34262,25.54714]],[[-103.3423,25.54058],[-103.3421,25.54063]],[[-103.3423,25.54058],[-103.3412,25.53801]],[[-103.34111,25.53839],[-103.3421,25.54063]],[[-103.34098,25.53801],[-103.34111,25.53839]],[[-103.34058,25.53804],[-103.34111,25.53839]],[[-103.34114,25.47278],[-103.34103,25.47227]],[[-103.34114,25.47278],[-103.34035,25.47228]],[[-103.34079,25.47225],[-103.34035,25.47228]],[[-103.34035,25.47228],[-103.30915,25.45232]],[[-103.30915,25.45232],[-103.30775,25.45145],[-103.30613,25.451],[-103.30582,25.45021],[-103.31181,25.41743],[-103.31238,25.41676],[-103.31587,25.41502],[-103.3303,25.40534],[-103.33185,25.40375],[-103.33607,25.39838],[-103.33666,25.39786],[-103.3377,25.39743],[-103.33691,25.37161],[-103.33729,25.37065],[-103.33873,25.36916],[-103.3393,25.36889],[-103.34125,25.36855]],[[-103.34125,25.36855],[-103.33915,25.36661]],[[-103.33293,25.60025],[-103.33258,25.59982]],[[-103.33293,25.60025],[-103.33171,25.60004]],[[-103.33227,25.59979],[-103.33171,25.60004]],[[-103.33171,25.60004],[-103.31509,25.59464]],[[-103.32612,25.54894],[-103.32624,25.54883]],[[-103.32624,25.54883],[-103.3261,25.54664],[-103.32678,25.54538],[-103.32608,25.54059],[-103.32614,25.54003]],[[-103.32624,25.54883],[-103.32611,25.54882]],[[-103.32008,25.54905],[-103.32612,25.54894]],[[-103.32611,25.54882],[-103.32612,25.54894]],[[-103.32611,25.54882],[-103.32007,25.54896]],[[-103.32575,25.54008],[-103.32665,25.54529],[-103.32598,25.54661],[-103.32611,25.54882]],[[-103.32575,25.54008],[-103.32614,25.54003]],[[-103.32614,25.54003],[-103.32621,25.53976],[-103.32599,25.53956]],[[-103.32599,25.53956],[-103.32531,25.53562]],[[-103.32599,25.53956],[-103.32586,25.53956],[-103.32573,25.5396]],[[-103.32573,25.5396],[-103.32559,25.5398],[-103.32575,25.54008]],[[-103.32518,25.53564],[-103.32573,25.5396]],[[-103.32531,25.53562],[-103.32525,25.53499],[-103.32541,25.53476]],[[-103.32531,25.53562],[-103.32518,25.53564]],[[-103.32483,25.53475],[-103.32506,25.53501],[-103.32518,25.53564]],[[-103.32314,25.46136],[-103.32436,25.46214]],[[-103.32382,25.46235],[-103.32403,25.46211],[-103.32436,25.46214]],[[-103.32314,25.46136],[-103.32343,25.46181],[-103.32341,25.46236]],[[-103.30915,25.45232],[-103.32314,25.46136]],[[-103.29669,25.58626],[-103.29991,25.58688],[-103.30066,25.58722],[-103.30115,25.5878],[-103.30225,25.58985],[-103.30323,25.59072],[-103.31509,25.59464]],[[-103.27437,25.79128],[-103.27569,25.79049],[-103.27622,25.78695],[-103.27812,25.78305],[-103.28001,25.78172],[-103.28515,25.77358],[-103.28563,25.77215],[-103.28834,25.76839],[-103.29942,25.75069],[-103.29954,25.74984],[-103.29848,25.74837]],[[-103.21733,25.56863],[-103.21793,25.56987],[-103.2187,25.57071],[-103.21964,25.57131],[-103.22076,25.57169],[-103.24165,25.57556],[-103.24779,25.5772],[-103.29366,25.58576],[-103.29647,25.58626],[-103.29654,25.58627],[-103.29669,25.58626]],[[-103.29669,25.58626],[-103.24781,25.5771],[-103.24156,25.57539],[-103.22099,25.57163],[-103.21944,25.57107],[-103.21848,25.57034],[-103.21773,25.56929],[-103.21737,25.56817],[-103.21733,25.56735],[-103.21851,25.56124],[-103.22308,25.54059]],[[-103.216,25.98615],[-103.21904,25.98721],[-103.22018,25.98709],[-103.22301,25.98528],[-103.27097,25.96106],[-103.27191,25.96037],[-103.27347,25.95857],[-103.27625,25.95528],[-103.27678,25.95435],[-103.29489,25.90912],[-103.30449,25.88293],[-103.30459,25.88216],[-103.30417,25.88144],[-103.29665,25.87765],[-103.29584,25.877],[-103.29576,25.87654],[-103.29596,25.87582],[-103.29817,25.86978],[-103.29819,25.86904],[-103.29788,25.86836],[-103.27774,25.84966],[-103.27786,25.84905],[-103.2808,25.84517],[-103.28098,25.84443],[-103.27923,25.83852],[-103.27867,25.83815],[-103.27611,25.83797],[-103.27552,25.8373],[-103.27555,25.83686],[-103.27645,25.83565],[-103.27664,25.83492],[-103.2764,25.81487]],[[-103.2764,25.81487],[-103.27637,25.81083]],[[-103.27624,25.81083],[-103.2764,25.81487]],[[-103.27637,25.81083],[-103.27624,25.81083]],[[-103.27637,25.81083],[-103.27632,25.80499]],[[-103.2762,25.80499],[-103.27624,25.81083]],[[-103.27632,25.80499],[-103.2762,25.80499]],[[-103.27632,25.80499],[-103.27618,25.79587],[-103.27437,25.79128]],[[-103.27427,25.79147],[-103.27603,25.79579],[-103.2762,25.80499]],[[-103.27427,25.79147],[-103.27437,25.79128]],[[-103.27437,25.79128],[-103.27415,25.79102]],[[-103.27415,25.79102],[-103.27427,25.79147]],[[-103.27415,25.79102],[-103.27097,25.78353],[-103.27045,25.77847],[-103.27032,25.77813],[-103.26993,25.77785],[-103.27355,25.77292]],[[-103.22458,25.53648],[-103.22531,25.53485],[-103.22649,25.52983]],[[-103.2259,25.52969],[-103.22458,25.53648]],[[-103.22458,25.53648],[-103.22356,25.53873],[-103.22308,25.54059]],[[-103.21662,25.98546],[-103.21647,25.98594],[-103.216,25.98615]],[[-103.22308,25.54059],[-103.22016,25.55298],[-103.21721,25.56721]],[[-103.216,25.98615],[-103.21419,25.98571],[-103.20325,25.98495],[-103.20252,25.98561],[-103.20132,25.99382],[-103.20102,25.99452],[-103.20049,25.99499],[-103.19955,25.99528],[-103.18506,25.99577],[-103.18413,25.99538],[-103.18342,25.99473],[-103.16642,25.97538],[-103.16652,25.97718],[-103.17558,25.99383],[-103.17615,25.99559],[-103.17501,26.00771],[-103.17583,26.02222],[-103.17423,26.02843],[-103.1729,26.03785],[-103.17124,26.04007],[-103.16601,26.04362],[-103.16552,26.04413],[-103.15059,26.07043],[-103.14663,26.07607],[-103.1449,26.0836],[-103.12864,26.11952],[-103.12376,26.1617],[-103.12019,26.18643],[-103.11876,26.19482],[-103.11383,26.20127],[-103.09828,26.21313],[-103.09758,26.21412],[-103.08872,26.25513],[-103.08482,26.26422],[-103.07746,26.27884],[-103.07651,26.28018],[-103.07517,26.28145],[-103.04849,26.30465],[-103.04782,26.30563],[-103.04757,26.30679],[-103.04769,26.30827],[-103.05264,26.3497],[-103.05286,26.36842],[-103.05263,26.36927],[-103.05053,26.3733]],[[-103.21721,25.56721],[-103.21733,25.56863]],[[-103.2169,25.56865],[-103.2171,25.56855],[-103.21733,25.56863]],[[-103.21721,25.56721],[-103.21699,25.56814]],[[-102.99947,25.75763],[-102.9989,25.75543],[-102.99912,25.75254],[-102.99944,25.75144],[-103.01104,25.73075],[-103.01423,25.72902],[-103.02039,25.72944],[-103.0211,25.72924],[-103.02314,25.72815],[-103.02414,25.7273],[-103.0347,25.71609],[-103.03836,25.70605],[-103.03886,25.70532],[-103.03996,25.70486],[-103.04956,25.70468],[-103.05032,25.70449],[-103.06908,25.68794],[-103.06931,25.6873],[-103.06906,25.68528],[-103.06926,25.68457],[-103.06988,25.68384],[-103.0793,25.68188],[-103.08069,25.6822],[-103.11267,25.69814],[-103.11384,25.69861],[-103.1182,25.69957],[-103.11923,25.69995],[-103.1217,25.70133],[-103.12581,25.70433],[-103.12852,25.70489],[-103.13288,25.70806],[-103.13476,25.71053],[-103.1399,25.71349],[-103.1499,25.72125],[-103.15094,25.72152],[-103.15501,25.72128],[-103.15686,25.7247],[-103.16019,25.72647],[-103.16056,25.72708],[-103.16061,25.72767],[-103.15957,25.73939],[-103.15874,25.74096],[-103.15848,25.7419],[-103.15879,25.7426],[-103.1611,25.74513],[-103.16142,25.74615],[-103.16099,25.74749],[-103.15919,25.7511],[-103.15774,25.75536],[-103.15602,25.76077],[-103.15586,25.76298]],[[-102.97881,25.77504],[-102.99222,25.77348],[-102.99276,25.77325],[-102.99605,25.76779],[-102.99635,25.76559],[-103.00134,25.7572]],[[-102.94328,25.48934],[-102.94366,25.45498],[-102.94325,25.45304],[-102.94212,25.45145],[-102.92938,25.44288],[-102.92869,25.44261],[-102.92541,25.44209],[-102.92417,25.44172],[-102.90025,25.42792],[-102.89675,25.42671],[-102.89648,25.42632],[-102.89643,25.42573],[-102.89755,25.42321],[-102.89764,25.42268],[-102.89749,25.42222],[-102.88126,25.40326],[-102.82761,25.36428],[-102.82663,25.36376],[-102.80722,25.356],[-102.80637,25.3554],[-102.80529,25.35338]],[[-102.80529,25.35338],[-102.80507,25.35235],[-102.80507,25.34855]],[[-102.805,25.34855],[-102.80499,25.35236],[-102.80529,25.35338]],[[-102.80507,25.34855],[-102.805,25.34855]],[[-102.80507,25.34855],[-102.80506,25.34575]],[[-102.80506,25.34575],[-102.805,25.34855]],[[-102.80506,25.34575],[-102.80521,25.32589],[-102.80487,25.32461],[-102.76845,25.28537],[-102.76758,25.28469],[-102.7662,25.28413],[-102.65578,25.25983],[-102.65405,25.25917],[-102.6404,25.25157],[-102.63955,25.25093],[-102.63867,25.2499],[-102.63256,25.23761],[-102.63214,25.23637],[-102.63205,25.23529],[-102.63312,25.2263],[-102.6331,25.22214],[-102.6335,25.22126],[-102.63412,25.22072],[-102.63893,25.2192],[-102.64013,25.21851],[-102.64102,25.21768],[-102.64994,25.20134],[-102.65043,25.1995],[-102.65012,25.1961],[-102.64973,25.19502],[-102.64787,25.19164],[-102.64773,25.19063],[-102.64806,25.18981],[-102.64982,25.18723],[-102.6519,25.18498],[-102.65319,25.1815],[-102.6534,25.18007],[-102.65317,25.17864],[-102.65208,25.17542],[-102.64698,25.15169],[-102.64691,25.14965],[-102.64634,25.14635],[-102.64602,25.14559],[-102.64463,25.14383],[-102.64439,25.14317],[-102.64451,25.14123],[-102.64426,25.13869],[-102.64387,25.1381],[-102.64098,25.13525],[-102.64041,25.13439],[-102.63661,25.12377],[-102.63174,25.11522],[-102.63236,25.11317],[-102.63397,25.10295],[-102.63364,25.10163],[-102.6322,25.08585]]]}},{"type":"Feature","properties":{"k":"tertiary"},"geometry":{"type":"MultiLineString","coordinates":[[[-104.07302,26.14179],[-104.05224,26.14684],[-104.03167,26.15382],[-104.005,26.16743],[-104.00219,26.16906],[-103.89531,26.22428],[-103.85989,26.23285],[-103.85916,26.23325]],[[-104.0575,26.18074],[-104.05787,26.18121],[-104.0567,26.18434],[-104.05252,26.19518],[-104.04851,26.20469],[-104.04874,26.20511],[-104.05177,26.2069],[-104.05194,26.20723],[-104.05037,26.21647],[-104.05056,26.21676],[-104.0537,26.21838]],[[-104.05473,26.21894],[-104.04586,26.24033],[-104.03991,26.25648],[-104.01228,26.28533],[-104.01225,26.28582],[-104.01431,26.28821]],[[-104.03938,26.31533],[-104.04643,26.31124],[-104.05077,26.30688],[-104.05157,26.30423]],[[-104.01431,26.28821],[-104.01467,26.28836],[-104.03897,26.3152],[-104.03914,26.31534],[-104.03938,26.31533]],[[-103.99465,26.37854],[-103.99556,26.3777],[-103.99676,26.37547],[-103.99909,26.37357],[-104.03675,26.34517],[-104.03938,26.31533]],[[-104.01431,26.28821],[-103.9636,26.32621],[-103.95335,26.33461]],[[-103.99579,25.60037],[-103.99635,25.60125],[-103.99639,25.60233],[-103.99255,25.60616],[-103.99242,25.60657],[-103.99959,25.62549],[-103.99804,25.63085],[-103.99438,25.6388],[-104.00297,25.65466],[-104.00353,25.65541],[-104.00429,25.65574],[-104.00508,25.6574],[-104.00624,25.66747],[-104.00597,25.67699],[-104.00664,25.68227],[-104.00635,25.68336],[-104.01176,25.689],[-104.02132,25.70031],[-104.02304,25.7042],[-104.02579,25.71233],[-104.0243,25.73541],[-104.0237,25.74099],[-104.02411,25.7449],[-104.02524,25.7479],[-104.02564,25.75196],[-104.02459,25.75596],[-104.02448,25.75749],[-104.02662,25.75954],[-104.02785,25.76008],[-104.02794,25.76032],[-104.02785,25.76209],[-104.02668,25.76554],[-104.02694,25.77134],[-104.02223,25.78867],[-104.02062,25.79054],[-103.9976,25.83544],[-103.98804,25.8469],[-103.98605,25.85034],[-103.98483,25.85431]],[[-103.87101,25.83739],[-103.88921,25.77688],[-103.88976,25.76813],[-103.88971,25.76743],[-103.87921,25.74714],[-103.87409,25.73398],[-103.86876,25.72453],[-103.86702,25.72209],[-103.86444,25.71767],[-103.86295,25.71477],[-103.85634,25.70733],[-103.85193,25.6992],[-103.84615,25.69374],[-103.84154,25.69],[-103.82531,25.6724],[-103.8222,25.67134],[-103.82117,25.67021],[-103.82071,25.66769],[-103.81984,25.66673],[-103.80782,25.65577],[-103.80324,25.65214],[-103.79426,25.64588],[-103.77827,25.61716],[-103.7708,25.60625],[-103.77006,25.60571],[-103.75705,25.60197],[-103.75502,25.60193],[-103.75486,25.60013],[-103.74877,25.59399],[-103.74509,25.5925],[-103.73944,25.58943],[-103.73671,25.58488],[-103.73371,25.57353],[-103.72434,25.56258],[-103.71944,25.55796],[-103.71509,25.5546],[-103.7118,25.5513],[-103.71131,25.55033],[-103.70341,25.54295],[-103.70327,25.54229],[-103.7054,25.53282],[-103.7064,25.52586],[-103.70581,25.52404],[-103.70481,25.52251],[-103.70363,25.52088],[-103.70099,25.51813],[-103.69969,25.51423],[-103.69933,25.51218],[-103.6966,25.50718],[-103.69522,25.50167],[-103.69388,25.49968],[-103.6916,25.49543],[-103.69022,25.49056]],[[-103.78609,25.10884],[-103.78773,25.10757],[-103.79482,25.0961]],[[-103.69214,25.19819],[-103.71333,25.22463],[-103.7202,25.22843],[-103.72343,25.22895],[-103.72871,25.22808],[-103.72999,25.22839],[-103.73105,25.22926],[-103.7329,25.23206],[-103.73713,25.24602],[-103.74174,25.25847],[-103.74631,25.26591],[-103.74937,25.26934],[-103.75079,25.27048],[-103.75251,25.27298],[-103.75569,25.27407],[-103.75784,25.2767],[-103.75983,25.27744],[-103.76279,25.27709],[-103.76566,25.27537],[-103.76736,25.2747],[-103.76825,25.27412],[-103.76949,25.27286],[-103.77053,25.2709],[-103.7711,25.27039],[-103.77172,25.2693],[-103.77378,25.26826],[-103.7737,25.26768],[-103.77285,25.26627],[-103.77321,25.26336],[-103.77263,25.26226]],[[-103.73932,25.4823],[-103.73979,25.48282],[-103.74126,25.47936],[-103.74257,25.47776],[-103.74824,25.46839],[-103.74925,25.45805],[-103.75204,25.44767],[-103.75238,25.44569],[-103.75251,25.44286],[-103.75232,25.4397],[-103.75253,25.43606],[-103.75278,25.43599],[-103.75266,25.43442],[-103.75324,25.43408],[-103.75328,25.43294],[-103.75371,25.43162],[-103.75469,25.42933],[-103.76048,25.4261],[-103.76081,25.42572],[-103.76083,25.42475],[-103.76008,25.42095],[-103.75767,25.41522],[-103.75777,25.41386],[-103.75881,25.41147],[-103.75855,25.41075],[-103.75629,25.40855],[-103.75376,25.40672],[-103.75107,25.40322]],[[-103.73932,25.4823],[-103.73835,25.48065],[-103.73665,25.47977]],[[-103.73665,25.47977],[-103.73831,25.48072],[-103.73932,25.4823]],[[-103.69022,25.49056],[-103.73472,25.47886],[-103.73665,25.47977]],[[-103.72221,25.45815],[-103.72171,25.45761],[-103.72008,25.45429],[-103.7196,25.45421],[-103.71976,25.45321],[-103.71403,25.45215],[-103.71211,25.45052],[-103.71006,25.44964],[-103.70776,25.44972],[-103.70662,25.44955],[-103.70241,25.4504],[-103.69782,25.45063],[-103.69595,25.45035],[-103.69463,25.45051],[-103.6912,25.45254]],[[-103.69022,25.49056],[-103.68934,25.48658]],[[-103.65431,25.72163],[-103.65662,25.72145],[-103.65757,25.72201],[-103.65836,25.72281],[-103.65982,25.72295],[-103.66137,25.72541]],[[-103.6554,25.72031],[-103.65431,25.72163]],[[-103.65431,25.72163],[-103.65133,25.72444],[-103.65069,25.72452],[-103.64557,25.72388],[-103.64372,25.72403],[-103.6412,25.7259],[-103.63606,25.72839],[-103.63186,25.72873],[-103.59333,25.74442]],[[-103.64308,25.55738],[-103.64175,25.5518],[-103.64213,25.5488],[-103.64285,25.54693],[-103.64293,25.54426],[-103.64323,25.54407],[-103.64524,25.54491],[-103.64571,25.5449],[-103.65102,25.5416],[-103.65205,25.54049],[-103.65358,25.53787],[-103.65777,25.52871],[-103.65833,25.52311],[-103.65485,25.5166]],[[-103.6491,25.51016],[-103.65347,25.51365],[-103.6548,25.51496],[-103.65485,25.5166]],[[-103.65485,25.5166],[-103.65453,25.51623],[-103.65343,25.51588],[-103.6479,25.51143]],[[-103.62706,25.6571],[-103.62865,25.66024],[-103.62887,25.6625],[-103.62933,25.66303],[-103.62983,25.66449],[-103.6324,25.66811],[-103.64227,25.66422],[-103.64389,25.66223],[-103.6449,25.66182],[-103.64546,25.66187],[-103.64687,25.65928],[-103.637,25.65513],[-103.63332,25.65504],[-103.63235,25.65575],[-103.63133,25.65585],[-103.62948,25.65669],[-103.62752,25.65686],[-103.62706,25.6571]],[[-103.60242,25.6227],[-103.6032,25.62335],[-103.60886,25.62993],[-103.60959,25.6316],[-103.60961,25.63211],[-103.61623,25.63908],[-103.62107,25.64546],[-103.62706,25.6571]],[[-103.63024,25.2251],[-103.62722,25.21999],[-103.62644,25.21908],[-103.61493,25.21031],[-103.61366,25.20992],[-103.53477,25.22149],[-103.5324,25.2225],[-103.52355,25.2275],[-103.52239,25.22779],[-103.52033,25.22777],[-103.51969,25.22862],[-103.51458,25.23177],[-103.51331,25.23295],[-103.50913,25.23895],[-103.50803,25.24099],[-103.50427,25.255],[-103.50387,25.25816]],[[-103.62173,25.88649],[-103.61504,25.8888],[-103.61295,25.8891],[-103.5737,25.88845],[-103.57187,25.88816],[-103.56963,25.88743],[-103.56863,25.88596]],[[-103.61645,25.79524],[-103.61698,25.79541],[-103.61721,25.79527],[-103.6175,25.79342],[-103.6188,25.79354],[-103.61946,25.82472],[-103.62224,25.8346],[-103.62002,25.8405],[-103.60573,25.84073],[-103.602,25.843],[-103.60144,25.84313]],[[-103.61003,25.78053],[-103.61063,25.78105],[-103.61315,25.78679],[-103.61627,25.79209],[-103.61666,25.79334],[-103.61645,25.79524]],[[-103.61645,25.79524],[-103.61638,25.79524],[-103.61631,25.79525],[-103.61621,25.79539],[-103.61432,25.80021],[-103.60109,25.80472],[-103.60067,25.80521],[-103.60041,25.8052]],[[-103.61003,25.78053],[-103.60052,25.8049]],[[-103.59333,25.74442],[-103.5953,25.74923],[-103.59932,25.75535],[-103.60987,25.77922],[-103.61003,25.78053]],[[-103.60625,25.52555],[-103.60744,25.52241],[-103.60523,25.51967],[-103.60213,25.52052],[-103.60225,25.52097],[-103.60179,25.52136],[-103.59693,25.52447]],[[-103.60117,25.84256],[-103.60092,25.84458],[-103.60037,25.84523],[-103.58296,25.85667],[-103.58048,25.85951],[-103.57899,25.85964]],[[-103.60052,25.8049],[-103.59996,25.80517]],[[-103.60052,25.8049],[-103.60041,25.8052]],[[-103.60041,25.8052],[-103.57899,25.85964]],[[-103.60041,25.8052],[-103.59996,25.80517]],[[-103.59996,25.80517],[-103.59353,25.80765],[-103.59079,25.80734],[-103.59038,25.80749],[-103.57924,25.8128],[-103.57869,25.81289]],[[-103.59333,25.74442],[-103.58414,25.74822],[-103.57196,25.75604],[-103.57156,25.7567],[-103.57183,25.75808],[-103.57089,25.75857]],[[-103.58324,25.63652],[-103.58578,25.67506],[-103.59125,25.69922],[-103.58984,25.72404],[-103.59023,25.73593],[-103.59056,25.73747],[-103.59333,25.74442]],[[-103.56229,25.73698],[-103.57498,25.73246],[-103.57556,25.73175],[-103.5797,25.73038],[-103.58026,25.72706],[-103.58026,25.72587],[-103.58908,25.72306]],[[-103.57899,25.85964],[-103.56868,25.88583]],[[-103.57899,25.85964],[-103.57773,25.85908],[-103.57428,25.86134]],[[-103.57869,25.81289],[-103.57876,25.81304]],[[-103.57869,25.81289],[-103.57737,25.81246],[-103.56051,25.80937]],[[-103.56868,25.88583],[-103.56863,25.88596]],[[-103.56868,25.88583],[-103.56724,25.88315],[-103.56613,25.88236],[-103.50792,25.85706],[-103.50277,25.86588],[-103.49732,25.86509],[-103.4927,25.86519],[-103.48288,25.86618],[-103.48191,25.86733],[-103.48093,25.86769],[-103.4679,25.86875],[-103.46698,25.8678],[-103.46652,25.86772],[-103.43372,25.87041],[-103.40724,25.87521],[-103.4032,25.87479],[-103.40197,25.87511]],[[-103.56863,25.88596],[-103.50384,26.05016],[-103.48371,26.09809],[-103.4832,26.09915],[-103.48262,26.09972],[-103.48274,26.09985]],[[-103.57059,25.70462],[-103.57003,25.70134]],[[-103.57001,25.70019],[-103.57019,25.70067],[-103.57003,25.70134]],[[-103.57003,25.70134],[-103.56976,25.70107]],[[-103.55609,25.7214],[-103.55325,25.72233],[-103.55234,25.72235],[-103.53088,25.71817],[-103.52399,25.71634],[-103.52347,25.71645],[-103.52295,25.71697],[-103.52235,25.71696],[-103.52206,25.71722],[-103.52113,25.71742],[-103.52012,25.71812],[-103.52004,25.71882],[-103.51872,25.72064],[-103.51871,25.72116],[-103.5137,25.72649],[-103.51179,25.72654]],[[-103.552,25.55019],[-103.5528,25.54754]],[[-103.5528,25.54754],[-103.55276,25.54747]],[[-103.55274,25.54753],[-103.5528,25.54754]],[[-103.55276,25.54747],[-103.55274,25.54753]],[[-103.55276,25.54747],[-103.54314,25.54505]],[[-103.55274,25.54753],[-103.552,25.55019]],[[-103.54314,25.54505],[-103.55274,25.54753]],[[-103.552,25.55019],[-103.55124,25.55247],[-103.54913,25.55356],[-103.54102,25.5456],[-103.54005,25.54437],[-103.53786,25.5446],[-103.53525,25.54005]],[[-103.54449,25.69172],[-103.53977,25.6912],[-103.53947,25.69161],[-103.53943,25.69311],[-103.53765,25.69295],[-103.53672,25.69332],[-103.53599,25.69477]],[[-103.53526,25.53847],[-103.54436,25.54068],[-103.54314,25.54505]],[[-103.53688,25.62757],[-103.54066,25.64197]],[[-103.51018,25.67734],[-103.51072,25.67721],[-103.51394,25.67831],[-103.52113,25.67801],[-103.5237,25.67902],[-103.52564,25.67495],[-103.52597,25.67481],[-103.52611,25.67258],[-103.52923,25.67281],[-103.538,25.67538]],[[-103.53517,25.53848],[-103.53526,25.53847]],[[-103.53526,25.53847],[-103.53516,25.53842]],[[-103.53192,25.54754],[-103.53386,25.55243],[-103.53359,25.55346],[-103.53784,25.57307],[-103.52848,25.58881]],[[-103.53192,25.54754],[-103.53163,25.54707]],[[-103.5314,25.54749],[-103.53192,25.54754]],[[-103.53133,25.54685],[-103.53082,25.54694]],[[-103.53082,25.54694],[-103.5311,25.54725]],[[-103.52972,25.54508],[-103.53029,25.54693],[-103.53037,25.54696],[-103.53082,25.54694]],[[-103.52972,25.54508],[-103.53076,25.54484]],[[-103.52553,25.54924],[-103.53023,25.54883]],[[-103.52983,25.54464],[-103.52972,25.54508]],[[-103.52418,25.54573],[-103.52972,25.54508]],[[-103.52818,25.52385],[-103.52762,25.51588],[-103.52798,25.51477],[-103.52892,25.51354]],[[-103.52815,25.52459],[-103.52849,25.52695],[-103.52217,25.5496]],[[-103.52418,25.54573],[-103.5268,25.53653]],[[-103.525,25.54927],[-103.52553,25.54924]],[[-103.52514,25.54908],[-103.52553,25.54924]],[[-103.525,25.54927],[-103.52514,25.54908]],[[-103.52514,25.54908],[-103.52408,25.54595]],[[-103.52296,25.5495],[-103.525,25.54927]],[[-103.52408,25.54595],[-103.52418,25.54573]],[[-103.52296,25.5495],[-103.52408,25.54595]],[[-103.52318,25.56155],[-103.52201,25.56075]],[[-103.52196,25.56082],[-103.52313,25.56164]],[[-103.52228,25.54959],[-103.52296,25.5495]],[[-103.52217,25.5496],[-103.52228,25.54959]],[[-103.51834,25.55501],[-103.52191,25.55091],[-103.52228,25.54959]],[[-103.51812,25.55475],[-103.51754,25.55062],[-103.51767,25.55029],[-103.51815,25.55007],[-103.52217,25.5496]],[[-103.52217,25.5496],[-103.52179,25.55086],[-103.51831,25.55482]],[[-103.52196,25.56082],[-103.52201,25.56075]],[[-103.52201,25.56075],[-103.52148,25.56039]],[[-103.52142,25.56046],[-103.52196,25.56082]],[[-103.52142,25.56046],[-103.52148,25.56039]],[[-103.52148,25.56039],[-103.51867,25.55847]],[[-103.51867,25.55847],[-103.52142,25.56046]],[[-103.52136,25.56481],[-103.51507,25.55884]],[[-103.51498,25.55895],[-103.5213,25.56493]],[[-103.51867,25.55847],[-103.51819,25.5552]],[[-103.51819,25.5552],[-103.51834,25.55501]],[[-103.51816,25.55499],[-103.51834,25.55501]],[[-103.51831,25.55482],[-103.51812,25.55475]],[[-103.51831,25.55482],[-103.51816,25.55499]],[[-103.51507,25.55884],[-103.51819,25.5552]],[[-103.51819,25.5552],[-103.51816,25.55499]],[[-103.51816,25.55499],[-103.51491,25.55871]],[[-103.51816,25.55499],[-103.51812,25.55475]],[[-103.51765,25.56527],[-103.51598,25.56327]],[[-103.51575,25.60207],[-103.51551,25.60012],[-103.51606,25.5993]],[[-103.51606,25.5993],[-103.51575,25.59668],[-103.51406,25.59529],[-103.51346,25.59085],[-103.51313,25.59026],[-103.51215,25.5894]],[[-103.51595,25.59924],[-103.51606,25.5993]],[[-103.51595,25.59924],[-103.51539,25.60015],[-103.51563,25.60216]],[[-103.51385,25.59471],[-103.51401,25.5955],[-103.51566,25.59681],[-103.51595,25.59924]],[[-103.51575,25.60207],[-103.51563,25.60216]],[[-103.51573,25.60234],[-103.51575,25.60207]],[[-103.51474,25.60296],[-103.51573,25.60234]],[[-103.51563,25.60216],[-103.51573,25.60234]],[[-103.51563,25.60216],[-103.5147,25.6028]],[[-103.51322,25.56449],[-103.51542,25.56385],[-103.51598,25.56327]],[[-103.51598,25.56327],[-103.5154,25.5638],[-103.51319,25.56444]],[[-103.51517,25.58711],[-103.51347,25.58158]],[[-103.51457,25.60289],[-103.5146,25.60304],[-103.51474,25.60296]],[[-103.51474,25.60296],[-103.5147,25.6028]],[[-103.5147,25.6028],[-103.51457,25.60289]],[[-103.5147,25.6028],[-103.51432,25.60109],[-103.51371,25.59982]],[[-103.51357,25.59989],[-103.51415,25.60095],[-103.51457,25.60289]],[[-103.51498,25.55895],[-103.51507,25.55884]],[[-103.51507,25.55884],[-103.51491,25.55871]],[[-103.5138,25.56012],[-103.51498,25.55895]],[[-103.51481,25.55882],[-103.51498,25.55895]],[[-103.51491,25.55871],[-103.51481,25.55882]],[[-103.51481,25.55882],[-103.5138,25.56012]],[[-103.51006,25.59514],[-103.51385,25.59471]],[[-103.51196,25.58973],[-103.51252,25.58985],[-103.51333,25.59076],[-103.51385,25.59471]],[[-103.51357,25.59989],[-103.51371,25.59982]],[[-103.51371,25.59982],[-103.51361,25.59958]],[[-103.51361,25.59958],[-103.51322,25.5985],[-103.51291,25.59813],[-103.51242,25.59808],[-103.51153,25.59837]],[[-103.51361,25.59958],[-103.51355,25.59958],[-103.51351,25.59958],[-103.51344,25.59963]],[[-103.51344,25.59963],[-103.51357,25.59989]],[[-103.51153,25.59837],[-103.51244,25.59817],[-103.51291,25.59828],[-103.51344,25.59963]],[[-103.51361,25.56035],[-103.5138,25.56012]],[[-103.51347,25.58158],[-103.51268,25.57878]],[[-103.51257,25.57874],[-103.51347,25.58158]],[[-103.51085,25.56358],[-103.51361,25.56035]],[[-103.51052,25.55741],[-103.51361,25.56035]],[[-103.51292,25.61395],[-103.51254,25.61387],[-103.51179,25.61439],[-103.50924,25.61513],[-103.50798,25.61724]],[[-103.51197,25.56485],[-103.51322,25.56449]],[[-103.51322,25.56449],[-103.51319,25.56444]],[[-103.51319,25.56444],[-103.51195,25.56479]],[[-103.51131,25.59843],[-103.51153,25.59837]],[[-103.50675,25.59505],[-103.50868,25.59989],[-103.51136,25.59899]],[[-103.51136,25.59899],[-103.51131,25.59843]],[[-103.511,25.59786],[-103.51136,25.59899]],[[-103.51131,25.59843],[-103.511,25.59786]],[[-103.51006,25.59514],[-103.511,25.59786]],[[-103.50967,25.59335],[-103.51035,25.59245]],[[-103.50968,25.59389],[-103.51006,25.59514]],[[-103.50968,25.59389],[-103.50967,25.59335]],[[-103.50931,25.59359],[-103.50968,25.59389]],[[-103.50931,25.59359],[-103.50967,25.59335]],[[-103.50694,25.59482],[-103.50931,25.59359]],[[-103.5073,25.58658],[-103.50954,25.59291],[-103.50678,25.59435]],[[-103.50678,25.59435],[-103.50634,25.59478],[-103.5065,25.59492],[-103.50694,25.59482]],[[-103.50676,25.5949],[-103.50694,25.59482]],[[-103.50678,25.59435],[-103.50623,25.59463]],[[-103.5047,25.58913],[-103.50678,25.59435]],[[-103.50659,25.59499],[-103.50676,25.5949]],[[-103.50675,25.59505],[-103.50676,25.5949]],[[-103.50659,25.59499],[-103.50675,25.59505]],[[-103.50637,25.59509],[-103.50659,25.59499]],[[-103.50659,25.59499],[-103.5064,25.59493]],[[-103.50637,25.59509],[-103.5064,25.59493]],[[-103.5064,25.59493],[-103.50623,25.59463]],[[-103.50507,25.59574],[-103.50637,25.59509]],[[-103.50623,25.59463],[-103.50487,25.5953]],[[-103.50118,25.59767],[-103.50507,25.59574]],[[-103.50507,25.59574],[-103.50515,25.59544],[-103.50487,25.5953]],[[-103.50487,25.5953],[-103.50093,25.59733]],[[-103.50408,25.58985],[-103.50374,25.58967]],[[-103.50126,25.58984],[-103.50374,25.58967]],[[-103.50374,25.58967],[-103.50151,25.58429]],[[-103.43985,25.71197],[-103.46952,25.72612],[-103.46983,25.7242],[-103.47009,25.72399],[-103.48165,25.72522],[-103.48232,25.71995],[-103.48303,25.7193],[-103.48394,25.71915],[-103.48623,25.71983],[-103.48972,25.71949],[-103.49235,25.71792],[-103.49674,25.71316],[-103.50015,25.71122]],[[-103.4995,25.58469],[-103.50151,25.58429]],[[-103.50151,25.58429],[-103.5014,25.58422]],[[-103.5014,25.58422],[-103.49945,25.5846]],[[-103.5014,25.58422],[-103.49814,25.58153]],[[-103.50126,25.58984],[-103.50083,25.58854]],[[-103.50074,25.58856],[-103.50126,25.58984]],[[-103.50083,25.58854],[-103.50074,25.58856]],[[-103.50083,25.58854],[-103.50014,25.58649]],[[-103.50005,25.58652],[-103.50074,25.58856]],[[-103.50088,25.57112],[-103.49215,25.55515]],[[-103.50014,25.58649],[-103.50005,25.58652]],[[-103.50014,25.58649],[-103.49977,25.58538]],[[-103.49968,25.58541],[-103.50005,25.58652]],[[-103.50387,25.25816],[-103.50569,25.26746],[-103.51214,25.27634],[-103.51305,25.27695],[-103.51407,25.27916],[-103.51412,25.28036],[-103.51295,25.28463],[-103.51276,25.28607],[-103.51382,25.28979],[-103.51332,25.29076],[-103.50753,25.29545],[-103.50718,25.29549],[-103.50641,25.29488],[-103.50527,25.29455],[-103.504,25.29382],[-103.50159,25.29347],[-103.50014,25.29384],[-103.49914,25.29524]],[[-103.45051,25.22129],[-103.4513,25.22317],[-103.45298,25.22454],[-103.45828,25.22644],[-103.46107,25.2267],[-103.46451,25.22759],[-103.465,25.22751],[-103.46545,25.22783],[-103.4659,25.22779],[-103.46703,25.22819],[-103.46735,25.2286],[-103.46875,25.22882],[-103.47338,25.23077],[-103.47873,25.23251],[-103.48002,25.23319],[-103.50153,25.24966],[-103.50272,25.25169],[-103.50387,25.25816]],[[-103.48952,25.55246],[-103.49999,25.57152]],[[-103.49968,25.58541],[-103.49977,25.58538]],[[-103.49977,25.58538],[-103.4995,25.58469]],[[-103.4994,25.58471],[-103.49968,25.58541]],[[-103.4994,25.58471],[-103.4995,25.58469]],[[-103.4995,25.58469],[-103.49945,25.5846]],[[-103.49945,25.5846],[-103.49935,25.58462]],[[-103.49945,25.5846],[-103.49798,25.58169]],[[-103.49784,25.58495],[-103.4994,25.58471]],[[-103.49935,25.58462],[-103.4994,25.58471]],[[-103.49935,25.58462],[-103.49782,25.58488]],[[-103.49788,25.58172],[-103.49935,25.58462]],[[-103.49798,25.58169],[-103.49814,25.58153]],[[-103.49814,25.58153],[-103.49808,25.58115],[-103.49764,25.58104]],[[-103.49788,25.58172],[-103.49798,25.58169]],[[-103.49767,25.58172],[-103.49788,25.58172]],[[-103.49782,25.58488],[-103.49784,25.58495]],[[-103.49775,25.58492],[-103.49784,25.58495]],[[-103.49782,25.58488],[-103.49775,25.58492]],[[-103.4967,25.58462],[-103.49782,25.58488]],[[-103.49652,25.58541],[-103.49775,25.58492]],[[-103.4967,25.58462],[-103.49767,25.58172]],[[-103.49759,25.5817],[-103.49767,25.58172]],[[-103.49764,25.58104],[-103.49746,25.58115]],[[-103.49764,25.58104],[-103.49659,25.57897],[-103.49746,25.58115]],[[-103.49759,25.5817],[-103.49631,25.5855]],[[-103.49746,25.58115],[-103.49759,25.5817]],[[-103.4966,25.57247],[-103.49688,25.57295]],[[-103.49652,25.58541],[-103.4967,25.58462]],[[-103.4966,25.57247],[-103.49669,25.57321]],[[-103.49631,25.5855],[-103.49652,25.58541]],[[-103.48817,25.57174],[-103.49439,25.569],[-103.4949,25.56941],[-103.4966,25.57247]],[[-103.49008,25.58937],[-103.49262,25.58711],[-103.49631,25.5855]],[[-103.49914,25.29524],[-103.49784,25.29901],[-103.49733,25.30193],[-103.49749,25.30704],[-103.4968,25.31089],[-103.49627,25.3117],[-103.49495,25.31258],[-103.49171,25.31296],[-103.49119,25.31326],[-103.4907,25.31756],[-103.48915,25.31924],[-103.4889,25.32124],[-103.48899,25.32325]],[[-103.49914,25.29524],[-103.49959,25.29317],[-103.50079,25.2921],[-103.50195,25.28918],[-103.50104,25.28152],[-103.50025,25.27963],[-103.47721,25.25128],[-103.47639,25.25092],[-103.47392,25.2513],[-103.4729,25.25099],[-103.46736,25.24299],[-103.46655,25.24273],[-103.46475,25.24374],[-103.46384,25.24361],[-103.45919,25.23722],[-103.44912,25.22918],[-103.44765,25.22695],[-103.44658,25.22614],[-103.4467,25.22488],[-103.44525,25.22101],[-103.44466,25.22043]],[[-103.49195,25.58331],[-103.49225,25.58262],[-103.49461,25.58327]],[[-103.49334,25.60552],[-103.49342,25.60536]],[[-103.49008,25.58937],[-103.49195,25.58331]],[[-103.49195,25.58331],[-103.49187,25.58329],[-103.49123,25.58511],[-103.49115,25.5859],[-103.48994,25.58923]],[[-103.48745,25.59497],[-103.48738,25.59468],[-103.48958,25.58992],[-103.49008,25.58937]],[[-103.48994,25.58923],[-103.49008,25.58937]],[[-103.48994,25.58923],[-103.48958,25.58975],[-103.48729,25.59464],[-103.48703,25.5948]],[[-103.46645,25.69055],[-103.47831,25.69168],[-103.47887,25.69247],[-103.48008,25.69551],[-103.4809,25.69599],[-103.48169,25.69582],[-103.48834,25.69218]],[[-103.48274,26.09985],[-103.48158,26.10038],[-103.48054,26.10044],[-103.46721,26.09825]],[[-103.48274,26.09985],[-103.48395,26.10093],[-103.48416,26.10165],[-103.48047,26.12553]],[[-103.48203,25.57798],[-103.48304,25.57692],[-103.48943,25.5741]],[[-103.48833,25.6034],[-103.48818,25.60334]],[[-103.48794,25.60344],[-103.48805,25.60349]],[[-103.48807,25.58311],[-103.48203,25.57798]],[[-103.48815,25.55218],[-103.48629,25.5517],[-103.48594,25.55179],[-103.48605,25.55198],[-103.48842,25.55239]],[[-103.4866,25.56437],[-103.48292,25.56584],[-103.47851,25.56389]],[[-103.48448,25.59287],[-103.48271,25.58938]],[[-103.48337,25.60167],[-103.48325,25.60137]],[[-103.48271,25.58938],[-103.48226,25.58847]],[[-103.48271,25.58938],[-103.48243,25.58931],[-103.48229,25.58962]],[[-103.4802,25.59763],[-103.48107,25.59554],[-103.48229,25.59368]],[[-103.48223,25.59353],[-103.48099,25.59542],[-103.48009,25.59758]],[[-103.48013,25.58549],[-103.48185,25.58877],[-103.48216,25.58873],[-103.48226,25.58847]],[[-103.48226,25.58847],[-103.48016,25.58463]],[[-103.4785,25.58143],[-103.48203,25.57798]],[[-103.48203,25.57798],[-103.47752,25.57415],[-103.47695,25.57474],[-103.47497,25.57313]],[[-103.47703,25.55939],[-103.48665,25.55697],[-103.48222,25.55154]],[[-103.47604,25.5628],[-103.48177,25.56569]],[[-103.48175,25.55298],[-103.47691,25.55932]],[[-103.4711,25.56631],[-103.4817,25.55109]],[[-103.47703,25.55939],[-103.48109,25.554]],[[-103.47597,25.54992],[-103.481,25.55085]],[[-103.47985,25.59846],[-103.4802,25.59763]],[[-103.48009,25.59758],[-103.4802,25.59763]],[[-103.48009,25.59758],[-103.47973,25.59841]],[[-103.47924,25.5999],[-103.47985,25.59846]],[[-103.47985,25.59846],[-103.47973,25.59841]],[[-103.47973,25.59841],[-103.47915,25.59986]],[[-103.47895,25.60038],[-103.47924,25.5999]],[[-103.47915,25.59986],[-103.47924,25.5999]],[[-103.47915,25.59986],[-103.47885,25.60033]],[[-103.47882,25.60059],[-103.47895,25.60038]],[[-103.47895,25.60038],[-103.47885,25.60033]],[[-103.47885,25.60033],[-103.47871,25.60054]],[[-103.47858,25.60097],[-103.47882,25.60059]],[[-103.47882,25.60059],[-103.47871,25.60054]],[[-103.47871,25.60054],[-103.47847,25.60092]],[[-103.47784,25.60214],[-103.47858,25.60097]],[[-103.47858,25.60097],[-103.47847,25.60092]],[[-103.47847,25.60092],[-103.47772,25.60208]],[[-103.47716,25.6032],[-103.47784,25.60214]],[[-103.47772,25.60208],[-103.47784,25.60214]],[[-103.47772,25.60208],[-103.47705,25.60315]],[[-103.47795,25.55011],[-103.47594,25.54962]],[[-103.47798,25.53772],[-103.47551,25.53894],[-103.47511,25.53973],[-103.4757,25.54098],[-103.47532,25.54106]],[[-103.47697,25.57859],[-103.47553,25.57577]],[[-103.47691,25.55932],[-103.47656,25.55998],[-103.47703,25.55939]],[[-103.47691,25.55932],[-103.47703,25.55939]],[[-103.47657,25.56768],[-103.4711,25.56631]],[[-103.47514,25.57606],[-103.4763,25.5782]],[[-103.47667,25.5172],[-103.47551,25.51763],[-103.47494,25.5181],[-103.47368,25.51838],[-103.47267,25.51908],[-103.47157,25.52077],[-103.4708,25.52306],[-103.46934,25.52532],[-103.4669,25.52806],[-103.46376,25.52997]],[[-103.47594,25.54962],[-103.47597,25.54992]],[[-103.47546,25.54981],[-103.47597,25.54992]],[[-103.47594,25.54962],[-103.47552,25.54953]],[[-103.47553,25.57577],[-103.47493,25.57498]],[[-103.47553,25.57577],[-103.47493,25.57507],[-103.47466,25.57503],[-103.4746,25.57527],[-103.47514,25.57606]],[[-103.47546,25.54981],[-103.47552,25.54953]],[[-103.47552,25.54953],[-103.47288,25.54886]],[[-103.47276,25.57433],[-103.4743,25.57514],[-103.47514,25.57606]],[[-103.47277,25.54893],[-103.47374,25.54942],[-103.47546,25.54981]],[[-103.47497,25.57313],[-103.47464,25.57324]],[[-103.47493,25.57498],[-103.4747,25.5744],[-103.47497,25.57313]],[[-103.47731,25.38667],[-103.47295,25.38066],[-103.47195,25.37973]],[[-103.47493,25.57498],[-103.47295,25.57396]],[[-103.47532,25.54106],[-103.46931,25.54145],[-103.46881,25.54118],[-103.4679,25.54135]],[[-103.46797,25.54153],[-103.47532,25.54132],[-103.47532,25.54106]],[[-103.47435,25.55636],[-103.47644,25.55753],[-103.47373,25.56149]],[[-103.47435,25.55636],[-103.46605,25.55207]],[[-103.46585,25.55225],[-103.47435,25.55636]],[[-103.46721,26.09825],[-103.46546,26.10813]],[[-103.46721,26.09825],[-103.45062,26.09552]],[[-103.47276,25.57433],[-103.47303,25.57421],[-103.47295,25.57396]],[[-103.47295,25.57396],[-103.4674,25.57185]],[[-103.46909,25.57287],[-103.47276,25.57433]],[[-103.46546,26.10813],[-103.4534,26.11046],[-103.45305,26.11078]],[[-103.4299,26.0931],[-103.4307,26.094],[-103.43105,26.09515],[-103.43116,26.14798],[-103.43504,26.14783],[-103.43625,26.14733],[-103.4374,26.14746],[-103.43738,26.14795],[-103.43765,26.14818],[-103.43919,26.14854],[-103.43907,26.1506],[-103.44022,26.15112],[-103.44341,26.15326],[-103.44384,26.15321],[-103.44866,26.15663],[-103.457,26.14605],[-103.46842,26.12114],[-103.46843,26.12071],[-103.46817,26.12041],[-103.46373,26.11732],[-103.46546,26.10813]],[[-103.4674,25.57185],[-103.46761,25.57126],[-103.4711,25.56631]],[[-103.46605,25.55207],[-103.47096,25.54777]],[[-103.45541,25.67304],[-103.46743,25.67424],[-103.46643,25.68402],[-103.46725,25.68428],[-103.46645,25.69055]],[[-103.44357,25.68837],[-103.46645,25.69055]],[[-103.4674,25.57185],[-103.46616,25.57178],[-103.46387,25.57231]],[[-103.46755,25.53989],[-103.46242,25.54103],[-103.458,25.5413]],[[-103.45801,25.54036],[-103.46216,25.54012],[-103.46729,25.53895]],[[-103.46559,25.57269],[-103.4662,25.57222]],[[-103.46585,25.55225],[-103.46605,25.55207]],[[-103.45767,25.57911],[-103.45791,25.57935],[-103.46559,25.57269]],[[-103.46559,25.57269],[-103.46528,25.57258]],[[-103.46563,25.55248],[-103.46585,25.55225]],[[-103.45508,25.56324],[-103.45601,25.55954],[-103.4569,25.55814],[-103.46205,25.55389],[-103.46563,25.55248]],[[-103.45881,25.55966],[-103.46563,25.55248]],[[-103.46528,25.57258],[-103.45767,25.57911]],[[-103.46508,25.57241],[-103.46528,25.57258]],[[-103.45087,25.589],[-103.4541,25.59065],[-103.45613,25.58783],[-103.46303,25.58904]],[[-103.45305,26.11078],[-103.44698,26.11857]],[[-103.45305,26.11078],[-103.4495,26.10845],[-103.44822,26.10811],[-103.44854,26.10643]],[[-103.45799,25.54226],[-103.46009,25.54226]],[[-103.46006,25.54316],[-103.46,25.54778],[-103.4579,25.55038],[-103.45789,25.55346]],[[-103.45508,25.56324],[-103.45793,25.56725],[-103.45958,25.57364]],[[-103.45767,25.57911],[-103.45246,25.58354],[-103.45058,25.58884]],[[-103.45799,25.54226],[-103.45799,25.54301]],[[-103.44059,25.54215],[-103.45799,25.54226]],[[-103.458,25.5413],[-103.45799,25.54226]],[[-103.458,25.5413],[-103.44059,25.54119]],[[-103.45801,25.54036],[-103.458,25.5413]],[[-103.45804,25.53586],[-103.45801,25.54036]],[[-103.44855,26.10634],[-103.45062,26.09552]],[[-103.45062,26.09552],[-103.44092,26.09393]],[[-103.45545,25.67243],[-103.45541,25.67304]],[[-103.45541,25.67304],[-103.45467,25.67298]],[[-103.45643,25.53283],[-103.45694,25.5345],[-103.45698,25.53586]],[[-103.45566,25.53275],[-103.45588,25.53282],[-103.45616,25.53283],[-103.45643,25.53283]],[[-103.45643,25.53283],[-103.4564,25.53265],[-103.45575,25.53258]],[[-103.44854,26.10643],[-103.44855,26.10634]],[[-103.44855,26.10634],[-103.44547,26.10586]],[[-103.44593,26.10602],[-103.44854,26.10643]],[[-103.45575,25.53258],[-103.45566,25.53275]],[[-103.45575,25.53258],[-103.45445,25.53174]],[[-103.45058,25.58884],[-103.44675,25.58702],[-103.44689,25.58637],[-103.44783,25.58518],[-103.44799,25.58405],[-103.44835,25.58348],[-103.4503,25.58212],[-103.45242,25.57934],[-103.45382,25.57812],[-103.45501,25.57636],[-103.45518,25.57464]],[[-103.45433,25.5319],[-103.45566,25.53275]],[[-103.45337,25.56816],[-103.45508,25.56324]],[[-103.45087,25.589],[-103.45271,25.58377],[-103.45443,25.58229]],[[-103.45445,25.53174],[-103.45433,25.5319]],[[-103.45445,25.53174],[-103.45362,25.53122]],[[-103.45349,25.53137],[-103.45433,25.5319]],[[-103.45362,25.53122],[-103.45349,25.53137]],[[-103.45362,25.53122],[-103.45287,25.53076]],[[-103.45283,25.53095],[-103.45349,25.53137]],[[-103.44502,26.11225],[-103.44593,26.10602]],[[-103.44582,26.106],[-103.44593,26.10602]],[[-103.44582,26.106],[-103.44494,26.11224]],[[-103.44546,26.10594],[-103.44582,26.106]],[[-103.44546,26.10594],[-103.44547,26.10586]],[[-103.44547,26.10586],[-103.44645,26.10072],[-103.43983,26.09967]],[[-103.44547,26.10586],[-103.43893,26.10482]],[[-103.43892,26.1049],[-103.44546,26.10594]],[[-103.45283,25.53095],[-103.45287,25.53076]],[[-103.45287,25.53076],[-103.4526,25.53071]],[[-103.45278,25.53098],[-103.45283,25.53095]],[[-103.45278,25.53098],[-103.45275,25.53502]],[[-103.45258,25.53094],[-103.45269,25.53099],[-103.45278,25.53098]],[[-103.4526,25.53071],[-103.45191,25.53095]],[[-103.4526,25.53071],[-103.45258,25.53094]],[[-103.45199,25.53111],[-103.45258,25.53094]],[[-103.4489,25.53239],[-103.45199,25.53111]],[[-103.45191,25.53095],[-103.45199,25.53111]],[[-103.45191,25.53095],[-103.44875,25.53229]],[[-103.44424,26.11672],[-103.44034,26.11625]],[[-103.44034,26.1163],[-103.44423,26.11677]],[[-103.45058,25.58884],[-103.45087,25.589]],[[-103.45004,25.57383],[-103.45034,25.57411]],[[-103.45022,25.57335],[-103.45006,25.57358]],[[-103.45006,25.57358],[-103.43848,25.57613],[-103.43742,25.57611],[-103.4356,25.57566]],[[-103.45004,25.57383],[-103.45025,25.57371],[-103.45006,25.57358]],[[-103.43552,25.57587],[-103.43747,25.57633],[-103.43851,25.57635],[-103.45004,25.57383]],[[-103.44676,25.61233],[-103.44879,25.60955]],[[-103.44868,25.6095],[-103.44667,25.61228]],[[-103.44538,25.57306],[-103.44573,25.57277],[-103.44651,25.56985],[-103.44909,25.5679]],[[-103.44908,25.56769],[-103.44646,25.56977],[-103.44591,25.57115],[-103.44571,25.57261],[-103.44538,25.57306]],[[-103.44876,25.54506],[-103.44057,25.54501]],[[-103.44856,25.55081],[-103.44858,25.55694]],[[-103.44034,26.11625],[-103.44098,26.11177]],[[-103.44093,26.11176],[-103.44028,26.11624]],[[-103.43983,26.09967],[-103.44092,26.09393]],[[-103.44092,26.09393],[-103.43194,26.09246],[-103.4309,26.09257],[-103.4299,26.0931]],[[-103.44034,26.1163],[-103.44034,26.11625]],[[-103.44034,26.11625],[-103.44028,26.11624]],[[-103.44028,26.11624],[-103.44034,26.1163]],[[-103.44606,25.67225],[-103.42522,25.67017],[-103.42526,25.66825],[-103.41876,25.66581],[-103.41705,25.66479],[-103.41331,25.66163]],[[-103.44116,25.62023],[-103.44676,25.61233]],[[-103.44676,25.61233],[-103.44667,25.61228]],[[-103.44295,25.57154],[-103.44403,25.57076],[-103.44727,25.56621]],[[-103.44667,25.61228],[-103.44108,25.62016]],[[-103.44721,25.56618],[-103.44397,25.57072],[-103.44292,25.5715]],[[-103.43888,26.10473],[-103.43983,26.09967]],[[-103.45037,25.22086],[-103.4508,25.22068]],[[-103.4508,25.22068],[-103.45051,25.22129]],[[-103.38644,25.13746],[-103.40361,25.15516],[-103.40392,25.15601],[-103.40617,25.15959],[-103.40724,25.16056],[-103.4091,25.16354],[-103.4093,25.16505],[-103.40856,25.16791],[-103.40705,25.16958],[-103.40621,25.17005],[-103.40513,25.1701],[-103.40456,25.17099],[-103.40496,25.17157],[-103.40551,25.17337],[-103.40533,25.17577],[-103.40569,25.177],[-103.40731,25.17825],[-103.40852,25.17984],[-103.41436,25.18225],[-103.41575,25.18383],[-103.41796,25.18483],[-103.42051,25.18725],[-103.42113,25.18813],[-103.4262,25.19227],[-103.42958,25.19388],[-103.43328,25.19525],[-103.43457,25.19683],[-103.43662,25.19844],[-103.43872,25.20074],[-103.43993,25.20107],[-103.44605,25.20494],[-103.45091,25.21277],[-103.45262,25.21508],[-103.45315,25.21824],[-103.45287,25.21865],[-103.45212,25.21896],[-103.45084,25.21909],[-103.4508,25.22068]],[[-103.45037,25.22086],[-103.45051,25.22129]],[[-103.43894,26.10928],[-103.43853,26.11154]],[[-103.43894,26.10928],[-103.43865,26.10697],[-103.43892,26.1049]],[[-103.43882,26.10489],[-103.43857,26.1071],[-103.43894,26.10928]],[[-103.43892,26.1049],[-103.43893,26.10482]],[[-103.43893,26.10482],[-103.43888,26.10473]],[[-103.43893,26.10482],[-103.43883,26.1048]],[[-103.43882,26.10489],[-103.43892,26.1049]],[[-103.45037,25.22086],[-103.45025,25.22086],[-103.44941,25.22067],[-103.44886,25.22039],[-103.44618,25.21984],[-103.44497,25.2201],[-103.44466,25.22043]],[[-103.43888,26.10473],[-103.43883,26.1048]],[[-103.43883,26.1048],[-103.43882,26.10489]],[[-103.44499,25.57342],[-103.44538,25.57306]],[[-103.44226,25.5682],[-103.44313,25.56828],[-103.44518,25.56514]],[[-103.44511,25.56511],[-103.4431,25.56822],[-103.4423,25.56814]],[[-103.44086,25.57277],[-103.44492,25.57349],[-103.44499,25.57342]],[[-103.44499,25.57342],[-103.44086,25.57271]],[[-103.44233,25.57187],[-103.44295,25.57154]],[[-103.44295,25.57154],[-103.44292,25.5715]],[[-103.44292,25.5715],[-103.4423,25.57182]],[[-103.44086,25.57271],[-103.44233,25.57187]],[[-103.44233,25.57187],[-103.4423,25.57182]],[[-103.4423,25.57182],[-103.44082,25.57261]],[[-103.44226,25.5682],[-103.4423,25.56814]],[[-103.4423,25.56814],[-103.44221,25.56813]],[[-103.44082,25.57261],[-103.44031,25.5711],[-103.44226,25.5682]],[[-103.44217,25.56819],[-103.44226,25.5682]],[[-103.44221,25.56813],[-103.44217,25.56819]],[[-103.44221,25.56813],[-103.44107,25.568],[-103.43675,25.56538]],[[-103.44217,25.56819],[-103.44021,25.57114],[-103.44066,25.57241]],[[-103.43668,25.56545],[-103.44101,25.56805],[-103.44217,25.56819]],[[-103.44202,25.56354],[-103.43911,25.5621],[-103.43933,25.56187]],[[-103.44101,25.6204],[-103.44116,25.62023]],[[-103.44116,25.62023],[-103.44108,25.62016]],[[-103.44108,25.62016],[-103.44096,25.62032]],[[-103.433,25.73324],[-103.43564,25.73375],[-103.43569,25.73466],[-103.43958,25.73505]],[[-103.38461,25.6902],[-103.38711,25.69096],[-103.38676,25.69283],[-103.39724,25.69676],[-103.39883,25.69828],[-103.40617,25.6977],[-103.41005,25.69877],[-103.4148,25.69903],[-103.42159,25.70058],[-103.42178,25.70088],[-103.42112,25.70498],[-103.42668,25.70574],[-103.43977,25.7121]],[[-103.44152,25.55539],[-103.44007,25.56095]],[[-103.44086,25.57277],[-103.44086,25.57271]],[[-103.44086,25.57271],[-103.44082,25.57261]],[[-103.44086,25.57271],[-103.44076,25.57269]],[[-103.44017,25.57562],[-103.44086,25.57277]],[[-103.44076,25.57275],[-103.44086,25.57277]],[[-103.44082,25.57261],[-103.44076,25.57269]],[[-103.44076,25.57269],[-103.44076,25.57275]],[[-103.44066,25.57241],[-103.44076,25.57269]],[[-103.44076,25.57269],[-103.44049,25.57264]],[[-103.44076,25.57275],[-103.44017,25.57562]],[[-103.43328,25.57193],[-103.43742,25.5722],[-103.44076,25.57275]],[[-103.44066,25.57241],[-103.44049,25.57264]],[[-103.44049,25.57264],[-103.43788,25.57219],[-103.43328,25.57186]],[[-103.43702,25.6068],[-103.43868,25.6063],[-103.44008,25.60443]],[[-103.43998,25.60438],[-103.43864,25.60621],[-103.43698,25.60672]],[[-103.44057,25.54501],[-103.44051,25.55454]],[[-103.43811,25.57602],[-103.44017,25.57562]],[[-103.44057,25.54501],[-103.43108,25.54495]],[[-103.44059,25.54215],[-103.44057,25.54501]],[[-103.43428,25.54211],[-103.44059,25.54215]],[[-103.44059,25.54119],[-103.44059,25.54215]],[[-103.44059,25.54119],[-103.43429,25.54116]],[[-103.44065,25.53575],[-103.44059,25.54119]],[[-103.44466,25.22043],[-103.44145,25.21975],[-103.43259,25.21537],[-103.42993,25.21403],[-103.42069,25.20871],[-103.41994,25.2081],[-103.40348,25.18571],[-103.39335,25.17859],[-103.39138,25.17662],[-103.37911,25.15431],[-103.37885,25.15322],[-103.37929,25.15137]],[[-103.44007,25.56095],[-103.44003,25.56102]],[[-103.44007,25.56095],[-103.43691,25.55783]],[[-103.43994,25.56949],[-103.43598,25.56921],[-103.43511,25.56891]],[[-103.44003,25.56102],[-103.43933,25.56187]],[[-103.43683,25.5579],[-103.44003,25.56102]],[[-103.43508,25.56895],[-103.43579,25.56926],[-103.43988,25.56957]],[[-103.43933,25.56187],[-103.43599,25.5586]],[[-103.43691,25.55783],[-103.43867,25.55624]],[[-103.43868,25.55608],[-103.43592,25.55828]],[[-103.43589,25.57559],[-103.43726,25.57593],[-103.43784,25.57602],[-103.43811,25.57602]],[[-103.43811,25.57602],[-103.43589,25.57559]],[[-103.43571,25.60803],[-103.43663,25.60697],[-103.43702,25.6068]],[[-103.43698,25.60672],[-103.43702,25.6068]],[[-103.43698,25.60672],[-103.43656,25.60688],[-103.43563,25.60798]],[[-103.4299,26.0931],[-103.39225,26.12134],[-103.39224,26.16184],[-103.39279,26.16591],[-103.38667,26.19686],[-103.3863,26.19786],[-103.38529,26.19917],[-103.38505,26.19995],[-103.38211,26.21787],[-103.37238,26.27334],[-103.37242,26.274],[-103.3745,26.28029],[-103.37404,26.28124],[-103.36737,26.28768],[-103.3666,26.2888],[-103.36134,26.3026],[-103.34682,26.3389]],[[-103.43683,25.5579],[-103.43691,25.55783]],[[-103.43617,25.55845],[-103.43683,25.5579]],[[-103.42222,25.51576],[-103.43664,25.52376],[-103.43647,25.52428],[-103.43716,25.52475]],[[-103.4343,25.60972],[-103.43571,25.60803]],[[-103.43571,25.60803],[-103.43563,25.60798]],[[-103.43563,25.60798],[-103.43422,25.60967]],[[-103.43566,25.57552],[-103.43597,25.57506]],[[-103.43592,25.55828],[-103.43601,25.55845],[-103.43606,25.55846],[-103.43617,25.55845]],[[-103.43599,25.5586],[-103.43617,25.55845]],[[-103.43566,25.57552],[-103.43589,25.57559]],[[-103.43589,25.57501],[-103.43559,25.57537]],[[-103.43444,25.55989],[-103.43599,25.5586]],[[-103.43599,25.5586],[-103.4357,25.55836]],[[-103.43592,25.55828],[-103.4357,25.55836]],[[-103.43554,25.57547],[-103.43566,25.57552]],[[-103.4356,25.57566],[-103.43552,25.57587]],[[-103.4356,25.57566],[-103.43507,25.57552]],[[-103.43559,25.57537],[-103.43554,25.57547]],[[-103.43559,25.57537],[-103.43363,25.57487]],[[-103.43391,25.57502],[-103.43554,25.57547]],[[-103.43512,25.57578],[-103.43552,25.57587]],[[-103.4357,25.55836],[-103.43517,25.55834]],[[-103.43512,25.57578],[-103.43507,25.57552]],[[-103.43285,25.57543],[-103.43512,25.57578]],[[-103.43431,25.63823],[-103.43466,25.6353],[-103.42794,25.62884],[-103.4259,25.62894],[-103.42506,25.62867],[-103.42517,25.62825],[-103.4244,25.62788],[-103.41877,25.62748]],[[-103.43507,25.57552],[-103.43391,25.57502]],[[-103.42934,25.71245],[-103.43322,25.71423]],[[-103.43508,25.56895],[-103.43511,25.56891]],[[-103.43511,25.56891],[-103.43504,25.56886]],[[-103.43328,25.57186],[-103.43339,25.57128],[-103.43508,25.56895]],[[-103.43501,25.56891],[-103.43508,25.56895]],[[-103.43504,25.56886],[-103.43501,25.56891]],[[-103.43504,25.56886],[-103.4338,25.56834]],[[-103.43517,25.55834],[-103.43412,25.55834]],[[-103.43517,25.55834],[-103.43454,25.55852]],[[-103.43501,25.56891],[-103.43331,25.57126],[-103.43321,25.57186]],[[-103.4337,25.5684],[-103.43501,25.56891]],[[-103.42143,25.52204],[-103.43541,25.52978]],[[-103.43074,25.61322],[-103.43287,25.61136],[-103.4343,25.60972]],[[-103.43422,25.60967],[-103.4343,25.60972]],[[-103.43422,25.60967],[-103.43286,25.61123],[-103.43067,25.61316]],[[-103.43414,25.55973],[-103.43432,25.55989],[-103.43444,25.55989]],[[-103.43418,25.56009],[-103.43444,25.55989]],[[-103.43405,25.5602],[-103.43418,25.56009]],[[-103.43414,25.55982],[-103.43418,25.56009]],[[-103.43414,25.55982],[-103.43393,25.55998]],[[-103.43414,25.55973],[-103.43414,25.55982]],[[-103.43412,25.55852],[-103.43414,25.55973]],[[-103.43391,25.57502],[-103.43363,25.57487]],[[-103.43307,25.57489],[-103.43391,25.57502]],[[-103.43425,25.54484],[-103.43122,25.54473],[-103.43128,25.53829]],[[-103.43046,25.56309],[-103.43405,25.5602]],[[-103.43405,25.5602],[-103.43393,25.55998]],[[-103.43393,25.55998],[-103.43033,25.56304]],[[-103.43363,25.57487],[-103.43309,25.57473]],[[-103.43328,25.57193],[-103.43328,25.57186]],[[-103.43328,25.57186],[-103.43321,25.57186]],[[-103.43309,25.57473],[-103.43328,25.57193]],[[-103.4332,25.57193],[-103.43328,25.57193]],[[-103.43321,25.57186],[-103.4332,25.57193]],[[-103.43321,25.57186],[-103.43237,25.57167]],[[-103.4332,25.57193],[-103.43298,25.5747]],[[-103.43237,25.57167],[-103.4332,25.57193]],[[-103.43309,25.5748],[-103.43309,25.57473]],[[-103.43309,25.57473],[-103.43298,25.5747]],[[-103.43307,25.57489],[-103.43309,25.5748]],[[-103.43309,25.5748],[-103.43295,25.57475]],[[-103.43303,25.57492],[-103.43307,25.57489]],[[-103.43293,25.57491],[-103.43296,25.57492],[-103.43303,25.57492]],[[-103.43297,25.57502],[-103.43303,25.57492]],[[-103.43298,25.5747],[-103.43295,25.57475]],[[-103.43298,25.5747],[-103.43143,25.57437]],[[-103.43297,25.57502],[-103.43291,25.57523]],[[-103.43293,25.57491],[-103.43297,25.57502]],[[-103.43295,25.57475],[-103.43289,25.57487]],[[-103.43289,25.57487],[-103.43293,25.57491]],[[-103.43291,25.57523],[-103.43254,25.57529]],[[-103.43291,25.57523],[-103.43285,25.57543]],[[-103.43143,25.57437],[-103.43289,25.57487]],[[-103.43254,25.57529],[-103.43285,25.57543]],[[-103.42035,25.57417],[-103.42285,25.574],[-103.4249,25.57315],[-103.43254,25.57529]],[[-103.43237,25.57167],[-103.42996,25.57026],[-103.42944,25.57045],[-103.42921,25.5699]],[[-103.43143,25.57437],[-103.4268,25.57334],[-103.42476,25.57253]],[[-103.43048,25.61344],[-103.43074,25.61322]],[[-103.43074,25.61322],[-103.43067,25.61316]],[[-103.43067,25.61316],[-103.43046,25.61319]],[[-103.42697,25.61645],[-103.43048,25.61344]],[[-103.43041,25.61335],[-103.43048,25.61344]],[[-103.43046,25.61319],[-103.4304,25.61329]],[[-103.43046,25.61319],[-103.4279,25.61224]],[[-103.43041,25.61335],[-103.42688,25.61637]],[[-103.4304,25.61329],[-103.43041,25.61335]],[[-103.4279,25.61224],[-103.4304,25.61329]],[[-103.43108,25.54495],[-103.42469,25.54492]],[[-103.43108,25.54495],[-103.43113,25.53815]],[[-103.43109,25.53209],[-103.43121,25.53204]],[[-103.42913,25.53511],[-103.43026,25.53482],[-103.43105,25.53413],[-103.43143,25.53289],[-103.43121,25.53204]],[[-103.43121,25.53204],[-103.43115,25.53194]],[[-103.43115,25.53194],[-103.43102,25.53199]],[[-103.43115,25.53194],[-103.43061,25.53134],[-103.42919,25.5305]],[[-103.42942,25.5329],[-103.43109,25.53209]],[[-103.43109,25.53209],[-103.43129,25.53305],[-103.43102,25.53397],[-103.43014,25.53475],[-103.42913,25.53499]],[[-103.43102,25.53199],[-103.43109,25.53209]],[[-103.43102,25.53199],[-103.42935,25.53276]],[[-103.42912,25.53063],[-103.43042,25.53135],[-103.43102,25.53199]],[[-103.42939,25.55599],[-103.43023,25.55512]],[[-103.43016,25.55506],[-103.42931,25.55591]],[[-103.42792,25.55745],[-103.42939,25.55599]],[[-103.42931,25.55591],[-103.42939,25.55599]],[[-103.42931,25.55591],[-103.42784,25.55738]],[[-103.42916,25.53327],[-103.42942,25.5329]],[[-103.42942,25.5329],[-103.42935,25.53276]],[[-103.42935,25.53276],[-103.42923,25.53268]],[[-103.42923,25.53268],[-103.42797,25.53194],[-103.42748,25.53199]],[[-103.42923,25.53268],[-103.42902,25.53265],[-103.42882,25.53274]],[[-103.42898,25.53327],[-103.42916,25.53327]],[[-103.42913,25.53499],[-103.42916,25.53327]],[[-103.42913,25.53499],[-103.42897,25.53499]],[[-103.42913,25.53511],[-103.42913,25.53499]],[[-103.42897,25.53511],[-103.42913,25.53511]],[[-103.42912,25.53569],[-103.42913,25.53511]],[[-103.42912,25.53063],[-103.42919,25.5305]],[[-103.42919,25.5305],[-103.4276,25.52962]],[[-103.42753,25.52973],[-103.42763,25.5299],[-103.42888,25.53061],[-103.42896,25.53064],[-103.42912,25.53063]],[[-103.42897,25.53511],[-103.42898,25.53569]],[[-103.42897,25.53499],[-103.42897,25.53511]],[[-103.42669,25.53417],[-103.4281,25.53493],[-103.42897,25.53511]],[[-103.42898,25.53327],[-103.42897,25.53499]],[[-103.42897,25.53499],[-103.42811,25.53478],[-103.42677,25.53406]],[[-103.42884,25.5332],[-103.42898,25.53327]],[[-103.42427,25.61518],[-103.4279,25.61224]],[[-103.42873,25.53288],[-103.42884,25.5332]],[[-103.4274,25.53213],[-103.42756,25.53254],[-103.42884,25.5332]],[[-103.42882,25.53274],[-103.42873,25.53288]],[[-103.42882,25.53274],[-103.42748,25.53199]],[[-103.4274,25.53213],[-103.42873,25.53288]],[[-103.42784,25.57061],[-103.42679,25.56955]],[[-103.42671,25.56962],[-103.42776,25.57065]],[[-103.42792,25.55745],[-103.4268,25.55842]],[[-103.42792,25.55745],[-103.42784,25.55738]],[[-103.42784,25.55738],[-103.4268,25.55842]],[[-103.42659,25.61675],[-103.42884,25.61819],[-103.429,25.61851],[-103.42926,25.61841],[-103.42928,25.61816],[-103.42889,25.61811],[-103.42705,25.61689]],[[-103.42705,25.61689],[-103.42697,25.61645]],[[-103.42705,25.61689],[-103.42667,25.61668]],[[-103.42667,25.61668],[-103.42697,25.61645]],[[-103.42688,25.61637],[-103.42625,25.61645]],[[-103.42688,25.61637],[-103.42658,25.61663]],[[-103.42659,25.61675],[-103.42667,25.61668]],[[-103.42667,25.61668],[-103.42658,25.61663]],[[-103.42649,25.6167],[-103.42659,25.61675]],[[-103.42658,25.61663],[-103.42649,25.6167]],[[-103.42658,25.61663],[-103.42625,25.61645]],[[-103.42392,25.61548],[-103.42649,25.6167]],[[-103.4276,25.52962],[-103.42753,25.52973]],[[-103.4276,25.52962],[-103.42596,25.52868]],[[-103.42589,25.52881],[-103.42753,25.52973]],[[-103.42748,25.53199],[-103.4274,25.53213]],[[-103.42748,25.53199],[-103.42544,25.53084]],[[-103.42535,25.53097],[-103.4274,25.53213]],[[-103.42625,25.61645],[-103.42434,25.61555]],[[-103.4248,25.55689],[-103.4268,25.55842]],[[-103.4268,25.55842],[-103.42488,25.55682]],[[-103.42662,25.56941],[-103.42467,25.56748]],[[-103.42467,25.56748],[-103.42656,25.56946]],[[-103.42669,25.53417],[-103.42677,25.53406]],[[-103.42677,25.53406],[-103.42516,25.53315]],[[-103.42508,25.53325],[-103.42521,25.53343],[-103.42648,25.53414],[-103.42661,25.53418],[-103.42669,25.53417]],[[-103.42589,25.52881],[-103.42596,25.52868]],[[-103.42596,25.52868],[-103.42565,25.52852]],[[-103.42557,25.52862],[-103.42567,25.52882],[-103.42589,25.52881]],[[-103.42518,25.57213],[-103.4245,25.57144]],[[-103.42446,25.57148],[-103.42512,25.57217]],[[-103.42565,25.52852],[-103.42557,25.52862]],[[-103.42565,25.52852],[-103.42402,25.52762]],[[-103.42396,25.52772],[-103.42557,25.52862]],[[-103.42434,25.61555],[-103.42427,25.61518]],[[-103.42434,25.61555],[-103.42401,25.6154]],[[-103.42535,25.53097],[-103.42544,25.53084]],[[-103.42544,25.53084],[-103.42377,25.52991]],[[-103.42416,25.61528],[-103.42427,25.61518]],[[-103.42369,25.53003],[-103.42378,25.53026],[-103.4251,25.53098],[-103.42535,25.53097]],[[-103.42416,25.61528],[-103.42376,25.6153]],[[-103.42401,25.6154],[-103.42416,25.61528]],[[-103.42488,25.55682],[-103.4248,25.55689]],[[-103.42488,25.55682],[-103.42435,25.55639]],[[-103.42516,25.53315],[-103.42508,25.53325]],[[-103.42516,25.53315],[-103.4235,25.53223]],[[-103.42427,25.55646],[-103.4248,25.55689]],[[-103.42467,25.56748],[-103.41618,25.55907]],[[-103.42392,25.61548],[-103.42401,25.6154]],[[-103.42401,25.6154],[-103.42376,25.6153]],[[-103.42342,25.53233],[-103.42508,25.53325]],[[-103.42446,25.57148],[-103.4245,25.57144]],[[-103.4245,25.57144],[-103.42436,25.57128]],[[-103.41462,25.61381],[-103.41539,25.61353],[-103.42057,25.61397],[-103.42392,25.61548]],[[-103.42435,25.57149],[-103.42446,25.57148]],[[-103.42436,25.57128],[-103.4243,25.57133]],[[-103.42436,25.57128],[-103.42235,25.56936]],[[-103.4222,25.57326],[-103.42435,25.57149]],[[-103.42428,25.57141],[-103.42435,25.57149]],[[-103.42376,25.6153],[-103.42061,25.61389],[-103.41651,25.61347],[-103.41523,25.61345],[-103.4146,25.61373]],[[-103.4243,25.57133],[-103.42428,25.57141]],[[-103.42235,25.56936],[-103.4243,25.57133]],[[-103.42428,25.57141],[-103.42198,25.5733]],[[-103.42435,25.55639],[-103.42427,25.55646]],[[-103.42435,25.55639],[-103.42424,25.5563]],[[-103.42355,25.55588],[-103.42427,25.55646]],[[-103.42355,25.55588],[-103.42424,25.5563]],[[-103.42424,25.5563],[-103.41887,25.55193]],[[-103.42396,25.52772],[-103.42402,25.52762]],[[-103.42402,25.52762],[-103.42247,25.52672]],[[-103.42239,25.52682],[-103.42248,25.527],[-103.42376,25.52772],[-103.42388,25.52774],[-103.42396,25.52772]],[[-103.41881,25.55199],[-103.42355,25.55588]],[[-103.42377,25.52991],[-103.42369,25.53003]],[[-103.42377,25.52991],[-103.42164,25.52872]],[[-103.42155,25.52883],[-103.42369,25.53003]],[[-103.42342,25.53233],[-103.4235,25.53223]],[[-103.4235,25.53223],[-103.42327,25.53211]],[[-103.42319,25.53221],[-103.42329,25.53234],[-103.42342,25.53233]],[[-103.42327,25.53211],[-103.42319,25.53221]],[[-103.42327,25.53211],[-103.4216,25.53118]],[[-103.42152,25.53128],[-103.42319,25.53221]],[[-103.42256,25.57324],[-103.4222,25.57326]],[[-103.42062,25.57377],[-103.42255,25.57333]],[[-103.42246,25.51544],[-103.42323,25.5145]],[[-103.42323,25.5145],[-103.42468,25.51257],[-103.42043,25.50985]],[[-103.42323,25.5145],[-103.41895,25.51165]],[[-103.41887,25.55193],[-103.42275,25.54802]],[[-103.42268,25.54796],[-103.4188,25.55187]],[[-103.42235,25.56936],[-103.41615,25.56314]],[[-103.4222,25.57326],[-103.42198,25.5733]],[[-103.41742,25.93097],[-103.40026,25.93102],[-103.3983,25.93129],[-103.37248,25.93119],[-103.37185,25.93105],[-103.37146,25.93065]],[[-103.42198,25.5733],[-103.42152,25.5734]],[[-103.42247,25.52672],[-103.42239,25.52682]],[[-103.42247,25.52672],[-103.42165,25.52629],[-103.4205,25.52617],[-103.4195,25.5265],[-103.4188,25.52714]],[[-103.41889,25.52719],[-103.41969,25.52653],[-103.42061,25.52627],[-103.42159,25.5264],[-103.42239,25.52682]],[[-103.42242,25.51549],[-103.42246,25.51544]],[[-103.42246,25.51544],[-103.41817,25.5126]],[[-103.42222,25.51576],[-103.42242,25.51549]],[[-103.41813,25.51265],[-103.42242,25.51549]],[[-103.42152,25.5734],[-103.42056,25.57361]],[[-103.42152,25.5734],[-103.42138,25.57339],[-103.42125,25.57339],[-103.42111,25.5734]],[[-103.41879,25.52057],[-103.41958,25.51945],[-103.41982,25.51872],[-103.42222,25.51576]],[[-103.42155,25.52883],[-103.42164,25.52872]],[[-103.42164,25.52872],[-103.42153,25.5284],[-103.42112,25.52843]],[[-103.42152,25.53128],[-103.4216,25.53118]],[[-103.4216,25.53118],[-103.42,25.53029]],[[-103.41993,25.53039],[-103.42005,25.53057],[-103.42132,25.53127],[-103.42142,25.5313],[-103.42152,25.53128]],[[-103.42105,25.52854],[-103.4212,25.52887],[-103.42155,25.52883]],[[-103.42143,25.52204],[-103.41887,25.52061]],[[-103.41887,25.52061],[-103.42131,25.522],[-103.42143,25.52204]],[[-103.42002,25.5739],[-103.42062,25.57377]],[[-103.42056,25.57361],[-103.42062,25.57377]],[[-103.42056,25.57361],[-103.41997,25.5737]],[[-103.42112,25.52843],[-103.42105,25.52854]],[[-103.42112,25.52843],[-103.41889,25.52719]],[[-103.41882,25.52729],[-103.42105,25.52854]],[[-103.42014,25.57132],[-103.41614,25.56735],[-103.41615,25.56314]],[[-103.41683,25.57434],[-103.41761,25.57401],[-103.42002,25.5739]],[[-103.42002,25.5739],[-103.41997,25.5737]],[[-103.41997,25.5737],[-103.41752,25.57381],[-103.41748,25.57361],[-103.41867,25.5726]],[[-103.41895,25.51165],[-103.42043,25.50985]],[[-103.42043,25.50985],[-103.41482,25.50629]],[[-103.41965,25.55842],[-103.41568,25.55516]],[[-103.42,25.53029],[-103.41993,25.53039]],[[-103.42,25.53029],[-103.41922,25.52982],[-103.41872,25.52916],[-103.41853,25.52801],[-103.41882,25.52729]],[[-103.4185,25.52771],[-103.4186,25.5292],[-103.41917,25.52994],[-103.41993,25.53039]],[[-103.41561,25.55523],[-103.41947,25.55842]],[[-103.41881,25.55199],[-103.41887,25.55193]],[[-103.41887,25.55193],[-103.4188,25.55187]],[[-103.41731,25.55351],[-103.41881,25.55199]],[[-103.41873,25.55193],[-103.41881,25.55199]],[[-103.4188,25.55187],[-103.41873,25.55193]],[[-103.4188,25.55187],[-103.41487,25.54866]],[[-103.41873,25.55193],[-103.41723,25.55345]],[[-103.4148,25.54874],[-103.41873,25.55193]],[[-103.41487,25.54866],[-103.41873,25.54475]],[[-103.41882,25.52729],[-103.41889,25.52719]],[[-103.41889,25.52719],[-103.4188,25.52714]],[[-103.41863,25.54467],[-103.41479,25.54859]],[[-103.41873,25.52723],[-103.41882,25.52729]],[[-103.4188,25.52714],[-103.41873,25.52723]],[[-103.4188,25.52714],[-103.41529,25.52519]],[[-103.41879,25.52057],[-103.41887,25.52061]],[[-103.41817,25.5126],[-103.41895,25.51165]],[[-103.41873,25.52723],[-103.4185,25.52771]],[[-103.41853,25.5271],[-103.41873,25.52723]],[[-103.41533,25.51981],[-103.41733,25.51982],[-103.41879,25.52057]],[[-103.41853,25.5271],[-103.4185,25.52771]],[[-103.41529,25.52525],[-103.41853,25.5271]],[[-103.41285,25.9176],[-103.41182,25.91758],[-103.41066,25.91647],[-103.40411,25.91307],[-103.40214,25.9102],[-103.39703,25.89862],[-103.3967,25.89827],[-103.37281,25.89815]],[[-103.41813,25.51265],[-103.41817,25.5126]],[[-103.41817,25.5126],[-103.41265,25.50948]],[[-103.41263,25.50956],[-103.41813,25.51265]],[[-103.41717,25.55365],[-103.41731,25.55351]],[[-103.41717,25.55365],[-103.42126,25.55685],[-103.41731,25.55351]],[[-103.41731,25.55351],[-103.41723,25.55345]],[[-103.41723,25.55345],[-103.41709,25.55359]],[[-103.41723,25.55345],[-103.4133,25.55024]],[[-103.41568,25.55516],[-103.41717,25.55365]],[[-103.41709,25.55359],[-103.41717,25.55365]],[[-103.41709,25.55359],[-103.41561,25.5551]],[[-103.41319,25.55036],[-103.41709,25.55359]],[[-103.41409,25.75061],[-103.41179,25.76532],[-103.41067,25.76802],[-103.40535,25.77562],[-103.40396,25.77713],[-103.40375,25.7771],[-103.39344,25.78451],[-103.38304,25.78935],[-103.38222,25.79025],[-103.37812,25.8],[-103.3775,25.80104],[-103.37739,25.8018],[-103.37748,25.8031],[-103.38107,25.81829],[-103.38025,25.82153],[-103.38018,25.82856],[-103.37664,25.83458],[-103.37613,25.84448],[-103.37578,25.84479],[-103.37149,25.84632],[-103.36997,25.84771],[-103.36958,25.84862]],[[-103.41615,25.56314],[-103.41618,25.55907]],[[-103.41618,25.55907],[-103.41613,25.5585]],[[-103.41593,25.57437],[-103.41526,25.57417],[-103.4149,25.57433]],[[-103.41613,25.5585],[-103.4141,25.55673]],[[-103.41402,25.55681],[-103.41613,25.5585]],[[-103.41465,25.57451],[-103.4153,25.57429],[-103.41546,25.57457]],[[-103.41561,25.55523],[-103.41568,25.55516]],[[-103.41568,25.55516],[-103.41561,25.5551]],[[-103.4141,25.55673],[-103.41561,25.55523]],[[-103.41555,25.55517],[-103.41561,25.55523]],[[-103.41561,25.5551],[-103.41555,25.55517]],[[-103.41561,25.5551],[-103.41168,25.55188]],[[-103.41555,25.55517],[-103.41404,25.55668]],[[-103.41161,25.55196],[-103.41555,25.55517]],[[-103.41282,25.61088],[-103.41332,25.61136],[-103.41425,25.61364],[-103.41443,25.61379],[-103.41452,25.61381],[-103.41462,25.61381]],[[-103.4146,25.61373],[-103.41462,25.61381]],[[-103.4146,25.61373],[-103.41452,25.61374],[-103.41443,25.61372],[-103.4143,25.61364],[-103.41347,25.6114],[-103.41292,25.61073]],[[-103.4149,25.57433],[-103.41231,25.57487],[-103.40957,25.57511],[-103.40709,25.5741]],[[-103.41465,25.57451],[-103.4149,25.57433]],[[-103.40949,25.57521],[-103.41205,25.57499],[-103.41465,25.57451]],[[-103.4148,25.54874],[-103.41487,25.54866]],[[-103.41487,25.54866],[-103.41479,25.54859]],[[-103.4133,25.55024],[-103.4148,25.54874]],[[-103.41471,25.54867],[-103.4148,25.54874]],[[-103.41479,25.54859],[-103.41471,25.54867]],[[-103.41479,25.54859],[-103.41076,25.5453]],[[-103.41471,25.54867],[-103.41322,25.55018]],[[-103.41068,25.54538],[-103.41471,25.54867]],[[-103.41482,25.50629],[-103.41265,25.50948]],[[-103.41482,25.50629],[-103.41257,25.50485]],[[-103.41402,25.55681],[-103.4141,25.55673]],[[-103.4141,25.55673],[-103.41404,25.55668]],[[-103.41404,25.55668],[-103.41396,25.55676]],[[-103.41404,25.55668],[-103.41012,25.55346]],[[-103.41402,25.55681],[-103.41248,25.55839],[-103.41237,25.5583]],[[-103.41396,25.55676],[-103.41402,25.55681]],[[-103.41396,25.55676],[-103.41237,25.5583]],[[-103.41002,25.55356],[-103.41396,25.55676]],[[-103.40125,25.64964],[-103.40176,25.65082],[-103.41255,25.66122]],[[-103.41282,25.61088],[-103.41292,25.61073]],[[-103.41292,25.61073],[-103.41269,25.6106]],[[-103.41257,25.61073],[-103.41282,25.61088]],[[-103.41269,25.6106],[-103.41257,25.61073]],[[-103.41269,25.6106],[-103.41098,25.60851]],[[-103.41086,25.60858],[-103.41257,25.61073]],[[-103.41319,25.55036],[-103.4133,25.55024]],[[-103.4133,25.55024],[-103.41322,25.55018]],[[-103.41322,25.55018],[-103.4131,25.5503]],[[-103.41322,25.55018],[-103.40927,25.54703]],[[-103.41168,25.55188],[-103.41319,25.55036]],[[-103.4131,25.5503],[-103.41319,25.55036]],[[-103.4131,25.5503],[-103.4116,25.55181]],[[-103.40927,25.54703],[-103.4131,25.5503]],[[-103.38407,25.83334],[-103.39066,25.83394],[-103.39206,25.83383],[-103.39412,25.83465],[-103.39771,25.83459],[-103.40847,25.8425],[-103.40893,25.84369]],[[-103.4084,25.55518],[-103.41237,25.5583]],[[-103.41237,25.5583],[-103.40849,25.5551]],[[-103.41265,25.50948],[-103.41257,25.50953]],[[-103.41263,25.50956],[-103.41265,25.50948]],[[-103.41265,25.50948],[-103.41036,25.50821]],[[-103.40998,25.51343],[-103.41263,25.50956]],[[-103.41257,25.50953],[-103.41263,25.50956]],[[-103.41257,25.50953],[-103.40993,25.51339]],[[-103.41032,25.50827],[-103.41257,25.50953]],[[-103.41257,25.50485],[-103.41036,25.50821]],[[-103.41257,25.50485],[-103.41149,25.50422],[-103.40515,25.50303]],[[-103.41086,25.60858],[-103.41098,25.60851]],[[-103.41098,25.60851],[-103.41078,25.60826]],[[-103.41161,25.55196],[-103.41168,25.55188]],[[-103.41168,25.55188],[-103.4116,25.55181]],[[-103.41012,25.55346],[-103.41161,25.55196]],[[-103.41152,25.55189],[-103.41161,25.55196]],[[-103.41066,25.60834],[-103.41086,25.60858]],[[-103.4116,25.55181],[-103.41152,25.55189]],[[-103.4116,25.55181],[-103.40753,25.54854]],[[-103.41152,25.55189],[-103.41003,25.55339]],[[-103.40745,25.54863],[-103.41152,25.55189]],[[-103.41002,25.55356],[-103.41012,25.55346]],[[-103.41012,25.55346],[-103.41003,25.55339]],[[-103.41003,25.55339],[-103.40993,25.55349]],[[-103.41003,25.55339],[-103.40599,25.5501]],[[-103.40849,25.5551],[-103.41002,25.55356]],[[-103.40993,25.55349],[-103.41002,25.55356]],[[-103.40993,25.55349],[-103.4084,25.55503]],[[-103.40589,25.5502],[-103.40993,25.55349]],[[-103.40922,25.60387],[-103.40911,25.60392]],[[-103.40794,25.60833],[-103.40965,25.6069],[-103.41009,25.60596],[-103.40922,25.60387]],[[-103.40922,25.60387],[-103.4088,25.60318],[-103.4058,25.60383]],[[-103.40869,25.57491],[-103.40914,25.5752],[-103.40924,25.57523],[-103.40949,25.57521]],[[-103.40869,25.57491],[-103.40949,25.57521]],[[-103.40911,25.60392],[-103.40991,25.60594],[-103.40952,25.60679],[-103.40784,25.60825]],[[-103.40583,25.60393],[-103.40873,25.60329],[-103.40911,25.60392]],[[-103.41036,25.50821],[-103.41032,25.50827]],[[-103.41032,25.50827],[-103.40776,25.51218]],[[-103.40914,25.54693],[-103.40927,25.54703]],[[-103.40706,25.57418],[-103.40869,25.57491]],[[-103.40946,25.4955],[-103.40799,25.49693],[-103.40632,25.49698],[-103.40256,25.49359],[-103.40455,25.49172]],[[-103.4089,25.53769],[-103.40654,25.53574]],[[-103.40785,25.6101],[-103.40794,25.60833]],[[-103.40794,25.60833],[-103.40784,25.60825]],[[-103.40457,25.57407],[-103.40482,25.57432],[-103.40715,25.57491],[-103.40832,25.57736]],[[-103.40784,25.60825],[-103.40763,25.60886],[-103.40769,25.61017]],[[-103.4084,25.55518],[-103.40849,25.5551]],[[-103.40849,25.5551],[-103.4084,25.55503]],[[-103.4084,25.55503],[-103.40832,25.55511]],[[-103.4084,25.55503],[-103.40462,25.55192]],[[-103.40648,25.55712],[-103.4084,25.55518]],[[-103.40832,25.55511],[-103.4084,25.55518]],[[-103.40832,25.55511],[-103.4064,25.55705]],[[-103.40451,25.55203],[-103.40832,25.55511]],[[-103.40632,25.53585],[-103.40824,25.53734]],[[-103.40706,25.57418],[-103.40709,25.5741]],[[-103.40709,25.5741],[-103.40561,25.57376]],[[-103.4056,25.57386],[-103.40706,25.57418]],[[-103.40613,25.55748],[-103.40648,25.55712]],[[-103.40648,25.55712],[-103.4064,25.55705]],[[-103.40396,25.60435],[-103.40583,25.60393]],[[-103.40583,25.60393],[-103.4058,25.60383]],[[-103.4058,25.60383],[-103.40393,25.60424]],[[-103.4064,25.55705],[-103.40604,25.55741]],[[-103.40654,25.53574],[-103.40599,25.53505],[-103.40596,25.53346]],[[-103.40654,25.53574],[-103.40642,25.53572],[-103.40632,25.53585]],[[-103.40533,25.55828],[-103.40613,25.55748]],[[-103.40613,25.55748],[-103.40604,25.55741]],[[-103.40604,25.55741],[-103.40525,25.55821]],[[-103.40559,25.5356],[-103.40632,25.53585]],[[-103.40561,25.57376],[-103.4056,25.57386]],[[-103.40561,25.57376],[-103.4054,25.57376],[-103.40505,25.57379],[-103.40451,25.57398]],[[-103.40457,25.57407],[-103.40499,25.57391],[-103.40526,25.57386],[-103.40543,25.57386],[-103.4056,25.57386]],[[-103.40581,25.54557],[-103.40578,25.55051]],[[-103.40581,25.54557],[-103.40331,25.55087]],[[-103.40583,25.54094],[-103.40581,25.54557]],[[-103.40583,25.54094],[-103.40407,25.54098]],[[-103.40559,25.5356],[-103.40587,25.53588],[-103.40583,25.54094]],[[-103.4046,25.52365],[-103.40603,25.52402]],[[-103.40537,25.53553],[-103.40559,25.5356]],[[-103.40172,25.57503],[-103.40334,25.57486],[-103.40457,25.57407]],[[-103.40451,25.57398],[-103.40457,25.57407]],[[-103.40451,25.57398],[-103.40334,25.57478],[-103.40171,25.57493]],[[-103.40059,25.60527],[-103.40083,25.60506],[-103.40396,25.60435]],[[-103.40396,25.60435],[-103.40393,25.60424]],[[-103.40393,25.60424],[-103.4011,25.60487],[-103.40071,25.60461]],[[-103.40023,25.57511],[-103.40039,25.57641],[-103.40357,25.57805],[-103.40411,25.57911]],[[-103.40428,25.5516],[-103.40331,25.55087]],[[-103.40355,25.5271],[-103.4046,25.52365]],[[-103.40451,25.52363],[-103.4046,25.52365]],[[-103.40451,25.52363],[-103.40344,25.52707]],[[-103.39983,25.52242],[-103.40451,25.52363]],[[-103.40317,25.55094],[-103.40413,25.55175]],[[-103.40407,25.54098],[-103.40393,25.53573],[-103.40419,25.53536]],[[-103.39997,25.54818],[-103.40402,25.54403],[-103.40414,25.54355],[-103.40407,25.5411]],[[-103.40407,25.5411],[-103.40407,25.54098]],[[-103.40398,25.5411],[-103.40407,25.5411]],[[-103.40407,25.54098],[-103.40397,25.54098]],[[-103.40398,25.5411],[-103.40397,25.54396],[-103.39989,25.54811]],[[-103.40397,25.54098],[-103.40398,25.5411]],[[-103.39901,25.54103],[-103.40398,25.5411]],[[-103.40397,25.54098],[-103.40134,25.54095],[-103.39912,25.54091]],[[-103.40355,25.53533],[-103.40381,25.53571],[-103.40397,25.54098]],[[-103.40331,25.55087],[-103.40317,25.55094]],[[-103.40331,25.55087],[-103.39997,25.54818]],[[-103.40352,25.52717],[-103.40355,25.5271]],[[-103.40355,25.5271],[-103.40344,25.52707]],[[-103.40297,25.52876],[-103.40352,25.52717]],[[-103.40342,25.52714],[-103.40352,25.52717]],[[-103.39989,25.54826],[-103.40317,25.55094]],[[-103.40344,25.52707],[-103.40342,25.52714]],[[-103.40344,25.52707],[-103.39875,25.52585]],[[-103.40342,25.52714],[-103.40297,25.52876]],[[-103.39873,25.52592],[-103.40342,25.52714]],[[-103.401,25.53515],[-103.40297,25.52876]],[[-103.40023,25.57511],[-103.40172,25.57503]],[[-103.40172,25.57503],[-103.40171,25.57493]],[[-103.40171,25.57493],[-103.40023,25.57511]],[[-103.39885,25.5188],[-103.40196,25.50886]],[[-103.39983,25.52242],[-103.40065,25.51981]],[[-103.40057,25.51978],[-103.39974,25.5224]],[[-103.39989,25.54826],[-103.39997,25.54818]],[[-103.39997,25.54818],[-103.39989,25.54811]],[[-103.39989,25.54811],[-103.3998,25.5482]],[[-103.39989,25.54811],[-103.39622,25.54511],[-103.39599,25.5446]],[[-103.39686,25.55133],[-103.39989,25.54826]],[[-103.3998,25.5482],[-103.39989,25.54826]],[[-103.3998,25.5482],[-103.39676,25.55125]],[[-103.39587,25.54459],[-103.39613,25.54518],[-103.3998,25.5482]],[[-103.39875,25.52585],[-103.39983,25.52242]],[[-103.39974,25.5224],[-103.39983,25.52242]],[[-103.39974,25.5224],[-103.39867,25.52583]],[[-103.38891,25.52193],[-103.39782,25.52192],[-103.39974,25.5224]],[[-103.39912,25.54091],[-103.39898,25.54092]],[[-103.39901,25.54103],[-103.39912,25.54091]],[[-103.39886,25.54103],[-103.39901,25.54103]],[[-103.39823,25.54182],[-103.39901,25.54103]],[[-103.38745,25.86642],[-103.39465,25.86477]],[[-103.39898,25.54092],[-103.39886,25.54103]],[[-103.39898,25.54092],[-103.39767,25.5409]],[[-103.39886,25.54103],[-103.39815,25.54175]],[[-103.39767,25.54101],[-103.39886,25.54103]],[[-103.39873,25.52592],[-103.39875,25.52585]],[[-103.39875,25.52585],[-103.39867,25.52583]],[[-103.39706,25.53114],[-103.39873,25.52592]],[[-103.39865,25.5259],[-103.39873,25.52592]],[[-103.39867,25.52583],[-103.39865,25.5259]],[[-103.39867,25.52583],[-103.39615,25.52518]],[[-103.39865,25.5259],[-103.39706,25.53114]],[[-103.39615,25.52525],[-103.39865,25.5259]],[[-103.39562,25.54442],[-103.39823,25.54182]],[[-103.39823,25.54182],[-103.39815,25.54175]],[[-103.39075,25.50998],[-103.3948,25.50473],[-103.39743,25.50062],[-103.3988,25.49937]],[[-103.39815,25.54175],[-103.39556,25.54433]],[[-103.39815,25.54175],[-103.39767,25.54101]],[[-103.39767,25.54101],[-103.39767,25.5409]],[[-103.39353,25.54095],[-103.39767,25.54101]],[[-103.39767,25.5409],[-103.39766,25.54044],[-103.3971,25.53975],[-103.39709,25.53803]],[[-103.39767,25.5409],[-103.39353,25.54085]],[[-103.39464,25.61405],[-103.39635,25.61489]],[[-103.39606,25.53426],[-103.39706,25.53114]],[[-103.39549,25.60988],[-103.39439,25.61358]],[[-103.39242,25.5477],[-103.39562,25.54442]],[[-103.39562,25.54442],[-103.39556,25.54433]],[[-103.39419,25.6143],[-103.39464,25.61405]],[[-103.39464,25.61405],[-103.39439,25.61358]],[[-103.39556,25.54433],[-103.39231,25.54762]],[[-103.39556,25.54433],[-103.39319,25.54234]],[[-103.39455,25.61669],[-103.39366,25.61616],[-103.39419,25.6143]],[[-103.39439,25.61358],[-103.39384,25.61384],[-103.39419,25.6143]],[[-103.39391,25.53225],[-103.38601,25.53217]],[[-103.39353,25.54095],[-103.39352,25.54193],[-103.39319,25.54234]],[[-103.39353,25.54085],[-103.39353,25.54095]],[[-103.39107,25.54091],[-103.39353,25.54095]],[[-103.39353,25.54085],[-103.39107,25.54081]],[[-103.39319,25.54234],[-103.3925,25.54187],[-103.39107,25.54186],[-103.39107,25.54091]],[[-103.39177,25.55527],[-103.39154,25.55746],[-103.3909,25.55818]],[[-103.39256,25.49454],[-103.38527,25.48977],[-103.38409,25.48943],[-103.37859,25.48874],[-103.37779,25.48842],[-103.37712,25.48783],[-103.37122,25.48037],[-103.3701,25.47946]],[[-103.39081,25.55439],[-103.39173,25.55523]],[[-103.37001,25.47955],[-103.37104,25.48036],[-103.37703,25.48789],[-103.3777,25.4885],[-103.37853,25.48884],[-103.38512,25.48981],[-103.39246,25.49456]],[[-103.39127,25.5543],[-103.39108,25.55448],[-103.39081,25.55439]],[[-103.39131,25.54465],[-103.39129,25.54414],[-103.39108,25.54383],[-103.38874,25.54186],[-103.38865,25.54088]],[[-103.38854,25.54087],[-103.38863,25.54187],[-103.39101,25.5439],[-103.3912,25.54464]],[[-103.39107,25.54081],[-103.38865,25.54079]],[[-103.39107,25.54091],[-103.39107,25.54081]],[[-103.38865,25.54088],[-103.39107,25.54091]],[[-103.38569,25.55298],[-103.38984,25.55319],[-103.39081,25.55439]],[[-103.39046,25.57907],[-103.38953,25.57882]],[[-103.38947,25.57897],[-103.39039,25.57923]],[[-103.38605,25.54902],[-103.39027,25.54708],[-103.39068,25.54707]],[[-103.39061,25.54677],[-103.38598,25.54891]],[[-103.38947,25.57897],[-103.38953,25.57882]],[[-103.38953,25.57882],[-103.38853,25.57854]],[[-103.38848,25.57868],[-103.38947,25.57897]],[[-103.38925,25.56261],[-103.38919,25.56272]],[[-103.38919,25.56272],[-103.38936,25.56275],[-103.38925,25.56261]],[[-103.38925,25.56261],[-103.38836,25.56144],[-103.38848,25.56003],[-103.38829,25.55938]],[[-103.38819,25.55945],[-103.38825,25.56145],[-103.38919,25.56272]],[[-103.38344,25.51711],[-103.38951,25.50919]],[[-103.38848,25.57868],[-103.38853,25.57854]],[[-103.38853,25.57854],[-103.38594,25.57772]],[[-103.38586,25.57799],[-103.38848,25.57868]],[[-103.38931,25.50906],[-103.38303,25.51695]],[[-103.385,25.52192],[-103.38891,25.52193]],[[-103.38891,25.52193],[-103.3889,25.52506],[-103.3885,25.52507],[-103.38848,25.52778]],[[-103.38865,25.54079],[-103.38872,25.53525]],[[-103.38865,25.54088],[-103.38865,25.54079]],[[-103.38854,25.54087],[-103.38865,25.54088]],[[-103.38865,25.54079],[-103.38854,25.54078]],[[-103.38854,25.54078],[-103.38854,25.54087]],[[-103.38859,25.53525],[-103.38854,25.54078]],[[-103.38854,25.54078],[-103.38404,25.54072]],[[-103.38408,25.54081],[-103.38854,25.54087]],[[-103.38819,25.55945],[-103.38829,25.55938]],[[-103.38829,25.55938],[-103.388,25.55917]],[[-103.37917,25.51451],[-103.38903,25.50181]],[[-103.38791,25.55924],[-103.38819,25.55945]],[[-103.38601,25.53217],[-103.38857,25.52799]],[[-103.38857,25.52799],[-103.38873,25.52779],[-103.38848,25.52778]],[[-103.38857,25.52799],[-103.38848,25.52778]],[[-103.38887,25.50163],[-103.37899,25.5144],[-103.37917,25.51451]],[[-103.38848,25.52778],[-103.38601,25.53217]],[[-103.388,25.55917],[-103.38791,25.55924]],[[-103.388,25.55917],[-103.38752,25.55873],[-103.38757,25.55815]],[[-103.38739,25.55815],[-103.38742,25.55879],[-103.38791,25.55924]],[[-103.38628,25.57146],[-103.38717,25.57132],[-103.38758,25.57149]],[[-103.38646,25.57567],[-103.38728,25.57507]],[[-103.38721,25.57498],[-103.38645,25.57514]],[[-103.38691,25.57049],[-103.38691,25.57119],[-103.38625,25.57138]],[[-103.3845,25.53526],[-103.38731,25.53523]],[[-103.38729,25.5351],[-103.38597,25.53502]],[[-103.38625,25.57625],[-103.38646,25.57567]],[[-103.38646,25.57567],[-103.38645,25.57514]],[[-103.38645,25.57514],[-103.38605,25.57445]],[[-103.38592,25.57766],[-103.38625,25.57625]],[[-103.38625,25.57625],[-103.38612,25.57621]],[[-103.38525,25.57164],[-103.38628,25.57146]],[[-103.38625,25.57138],[-103.38628,25.57146]],[[-103.38625,25.57138],[-103.38523,25.57155]],[[-103.38612,25.57621],[-103.3855,25.57754]],[[-103.38593,25.57452],[-103.38634,25.57533],[-103.38612,25.57621]],[[-103.38687,25.52011],[-103.38344,25.51711]],[[-103.38337,25.51719],[-103.3868,25.52017]],[[-103.38605,25.57445],[-103.38593,25.57452]],[[-103.38605,25.57445],[-103.38512,25.57336]],[[-103.38448,25.69046],[-103.38151,25.68964],[-103.37871,25.6882],[-103.37381,25.68695]],[[-103.38586,25.57799],[-103.38594,25.57772]],[[-103.38594,25.57772],[-103.38592,25.57766]],[[-103.38592,25.57766],[-103.3855,25.57754]],[[-103.38507,25.57349],[-103.38593,25.57452]],[[-103.38536,25.57792],[-103.3856,25.57807],[-103.38586,25.57799]],[[-103.38568,25.58501],[-103.38572,25.58492]],[[-103.38599,25.54912],[-103.38605,25.54902]],[[-103.38605,25.54902],[-103.38598,25.54891]],[[-103.38584,25.54913],[-103.38599,25.54912]],[[-103.38569,25.55298],[-103.38599,25.54912]],[[-103.38598,25.54891],[-103.38577,25.54902]],[[-103.3855,25.57754],[-103.38545,25.57757]],[[-103.38584,25.54913],[-103.38569,25.55298]],[[-103.38582,25.54912],[-103.38584,25.54913]],[[-103.38545,25.57757],[-103.38414,25.57728]],[[-103.38545,25.57757],[-103.38536,25.57792]],[[-103.3763,25.54556],[-103.37836,25.54763],[-103.38015,25.54866],[-103.3818,25.54902],[-103.38296,25.54907],[-103.38575,25.54913],[-103.38582,25.54912]],[[-103.38577,25.54902],[-103.38582,25.54912]],[[-103.38597,25.53502],[-103.38449,25.53502]],[[-103.38601,25.53217],[-103.38597,25.53502]],[[-103.38577,25.54902],[-103.38185,25.54893],[-103.38021,25.54856],[-103.37816,25.5473],[-103.3765,25.54534]],[[-103.38409,25.57746],[-103.38536,25.57792]],[[-103.38441,25.55755],[-103.38542,25.55477],[-103.38569,25.55298]],[[-103.38418,25.57185],[-103.38525,25.57164]],[[-103.38525,25.57164],[-103.38523,25.57155]],[[-103.38523,25.57155],[-103.38415,25.57172]],[[-103.38507,25.57349],[-103.38512,25.57336]],[[-103.38512,25.57336],[-103.3845,25.57309],[-103.38415,25.5719]],[[-103.38399,25.57193],[-103.38435,25.57313],[-103.38507,25.57349]],[[-103.38497,25.55825],[-103.38486,25.55782],[-103.38441,25.55755]],[[-103.38353,25.52202],[-103.385,25.52192]],[[-103.385,25.52192],[-103.38352,25.52189]],[[-103.38441,25.55755],[-103.38429,25.55755],[-103.38418,25.55757],[-103.38406,25.55762],[-103.38388,25.55776],[-103.38371,25.55823]],[[-103.38414,25.57728],[-103.38409,25.57746]],[[-103.38414,25.57728],[-103.38132,25.57649]],[[-103.38415,25.5719],[-103.38418,25.57185]],[[-103.38418,25.57185],[-103.38415,25.57172]],[[-103.38173,25.57678],[-103.38409,25.57746]],[[-103.38399,25.57193],[-103.38415,25.5719]],[[-103.38415,25.57172],[-103.38392,25.57176]],[[-103.38368,25.53526],[-103.3845,25.53526]],[[-103.38449,25.53502],[-103.3845,25.53526]],[[-103.38449,25.53502],[-103.38369,25.535]],[[-103.38396,25.57191],[-103.38399,25.57193]],[[-103.38392,25.57176],[-103.38396,25.57191]],[[-103.38278,25.57209],[-103.38375,25.57191],[-103.38396,25.57191]],[[-103.38392,25.57176],[-103.38276,25.572]],[[-103.38365,25.56584],[-103.38349,25.56618]],[[-103.38365,25.56584],[-103.38379,25.56634],[-103.3836,25.56632]],[[-103.38356,25.56553],[-103.38365,25.56584]],[[-103.38299,25.56668],[-103.3836,25.56632]],[[-103.3836,25.56632],[-103.38349,25.56618]],[[-103.38349,25.56618],[-103.3829,25.56659]],[[-103.38369,25.535],[-103.38074,25.53507]],[[-103.38368,25.53526],[-103.38369,25.535]],[[-103.38077,25.53517],[-103.3813,25.53523],[-103.38253,25.53525],[-103.38368,25.53526]],[[-103.3827,25.56694],[-103.38299,25.56668]],[[-103.38299,25.56668],[-103.3829,25.56659]],[[-103.37929,25.52201],[-103.38353,25.52202]],[[-103.38353,25.52202],[-103.38352,25.52189]],[[-103.38352,25.52189],[-103.37974,25.52188]],[[-103.3829,25.56659],[-103.38259,25.56684]],[[-103.38239,25.56719],[-103.38287,25.56733]],[[-103.3809,25.57245],[-103.38278,25.57209]],[[-103.38278,25.57209],[-103.38276,25.572]],[[-103.38276,25.572],[-103.38088,25.57232]],[[-103.38337,25.51719],[-103.38344,25.51711]],[[-103.38344,25.51711],[-103.38303,25.51695]],[[-103.37974,25.52188],[-103.38337,25.51719]],[[-103.38303,25.51695],[-103.38337,25.51719]],[[-103.38239,25.56719],[-103.3827,25.56694]],[[-103.38259,25.56684],[-103.3827,25.56694]],[[-103.38259,25.56684],[-103.38221,25.56723]],[[-103.38192,25.56772],[-103.38239,25.56719]],[[-103.38303,25.51695],[-103.37927,25.52182]],[[-103.38303,25.51695],[-103.37917,25.51451]],[[-103.38221,25.56723],[-103.38184,25.56767]],[[-103.38221,25.56723],[-103.38205,25.56742],[-103.38184,25.56767]],[[-103.37091,25.70446],[-103.38022,25.70598]],[[-103.38081,25.57226],[-103.38094,25.56964],[-103.38192,25.56772]],[[-103.38192,25.56772],[-103.38184,25.56767]],[[-103.38127,25.57666],[-103.38173,25.57678]],[[-103.38107,25.57717],[-103.38133,25.57684],[-103.38155,25.57678],[-103.38173,25.57678]],[[-103.38184,25.56767],[-103.38084,25.56961],[-103.38067,25.57227]],[[-103.38153,25.58624],[-103.38155,25.58349]],[[-103.38134,25.58343],[-103.38155,25.58349]],[[-103.38155,25.58349],[-103.38154,25.58326]],[[-103.38154,25.58326],[-103.38136,25.58286],[-103.38107,25.57717]],[[-103.38154,25.58326],[-103.38144,25.58325],[-103.38135,25.5833]],[[-103.38134,25.58343],[-103.38142,25.58624]],[[-103.38135,25.5833],[-103.38133,25.58334]],[[-103.38093,25.57657],[-103.38135,25.5833]],[[-103.38133,25.58334],[-103.38134,25.58343]],[[-103.38133,25.58334],[-103.37808,25.58207]],[[-103.38132,25.57649],[-103.38127,25.57666]],[[-103.38132,25.57649],[-103.38104,25.57642]],[[-103.38105,25.5766],[-103.38127,25.57666]],[[-103.38107,25.57717],[-103.38105,25.5766]],[[-103.38105,25.5766],[-103.38104,25.57642]],[[-103.38093,25.57657],[-103.38105,25.5766]],[[-103.38104,25.57642],[-103.38088,25.57356]],[[-103.38104,25.57642],[-103.38092,25.57639]],[[-103.38092,25.57639],[-103.38093,25.57657]],[[-103.38058,25.57647],[-103.38093,25.57657]],[[-103.38091,25.57611],[-103.38092,25.57639]],[[-103.38092,25.57639],[-103.38065,25.57631]],[[-103.38091,25.57611],[-103.38065,25.57631]],[[-103.38076,25.57357],[-103.38091,25.57611]],[[-103.38082,25.57253],[-103.3809,25.57245]],[[-103.3809,25.57245],[-103.38088,25.57232]],[[-103.38088,25.57356],[-103.38076,25.57357]],[[-103.38088,25.57356],[-103.38082,25.57253]],[[-103.38088,25.57232],[-103.38081,25.57226]],[[-103.3807,25.57253],[-103.38082,25.57253]],[[-103.38081,25.57226],[-103.38076,25.57225],[-103.38067,25.57227]],[[-103.3807,25.57253],[-103.38076,25.57357]],[[-103.38058,25.57647],[-103.38065,25.57631]],[[-103.38065,25.57631],[-103.37792,25.57552]],[[-103.38065,25.57251],[-103.3807,25.57253]],[[-103.38067,25.57227],[-103.38059,25.57241]],[[-103.37617,25.5738],[-103.37711,25.57393],[-103.37819,25.57381],[-103.38065,25.57251]],[[-103.38059,25.57241],[-103.38065,25.57251]],[[-103.37929,25.15137],[-103.37963,25.15114],[-103.37975,25.15019],[-103.38032,25.14979],[-103.38152,25.14947],[-103.38097,25.14864],[-103.38187,25.14771],[-103.38133,25.14564],[-103.38196,25.14435],[-103.3824,25.14375],[-103.38397,25.14301],[-103.38487,25.14211],[-103.38522,25.14007],[-103.38436,25.1385],[-103.38644,25.13746]],[[-103.34531,25.09718],[-103.35403,25.10403],[-103.35599,25.10489],[-103.3592,25.10692],[-103.36178,25.10785],[-103.36437,25.10984],[-103.36471,25.1113],[-103.36711,25.11218],[-103.36746,25.11293],[-103.3721,25.11773],[-103.37218,25.12077],[-103.37272,25.12142],[-103.37762,25.1307],[-103.38335,25.13483],[-103.38515,25.1367],[-103.38587,25.13696],[-103.38644,25.13746]],[[-103.37786,25.57568],[-103.38058,25.57647]],[[-103.38059,25.57241],[-103.3781,25.57374],[-103.37618,25.57371]],[[-103.37531,25.53514],[-103.38052,25.53516]],[[-103.38049,25.53508],[-103.37528,25.53501]],[[-103.37773,25.71041],[-103.37661,25.71311],[-103.3754,25.7174]],[[-103.37974,25.52188],[-103.37941,25.52185]],[[-103.37941,25.52185],[-103.37929,25.52201]],[[-103.37941,25.52185],[-103.37927,25.52182]],[[-103.37364,25.52193],[-103.37929,25.52201]],[[-103.37927,25.52182],[-103.37798,25.52162],[-103.37365,25.52158]],[[-103.37624,25.72237],[-103.37614,25.72359],[-103.37521,25.72473],[-103.37134,25.72505],[-103.3712,25.72555]],[[-103.37808,25.58207],[-103.37809,25.58131],[-103.37781,25.58068],[-103.37446,25.57759]],[[-103.37439,25.57775],[-103.37769,25.58076],[-103.37808,25.58207]],[[-103.37786,25.57568],[-103.37792,25.57552]],[[-103.37792,25.57552],[-103.37704,25.57526]],[[-103.37701,25.57545],[-103.37786,25.57568]],[[-103.37281,25.89815],[-103.37282,25.9028],[-103.37256,25.90627],[-103.3721,25.90746],[-103.3712,25.91875],[-103.37071,25.92219],[-103.37146,25.93065]],[[-103.36958,25.84862],[-103.36885,25.85364],[-103.37117,25.85531],[-103.37341,25.85733],[-103.37375,25.85796],[-103.37343,25.86091],[-103.37319,25.86852],[-103.37333,25.88864],[-103.37283,25.89053],[-103.37281,25.89815]],[[-103.37701,25.57545],[-103.37704,25.57526]],[[-103.37704,25.57526],[-103.37685,25.57521]],[[-103.37677,25.57539],[-103.37701,25.57545]],[[-103.37685,25.57521],[-103.37677,25.57539]],[[-103.37685,25.57521],[-103.37534,25.57479]],[[-103.37527,25.57499],[-103.37677,25.57539]],[[-103.37146,25.93065],[-103.37117,25.93008],[-103.37075,25.92985],[-103.36784,25.93007],[-103.35899,25.92958],[-103.34275,25.92914],[-103.34174,25.92886],[-103.34127,25.92846],[-103.3408,25.92744],[-103.33243,25.88012]],[[-103.37326,25.79843],[-103.37117,25.7979],[-103.37047,25.79795],[-103.35329,25.80408]],[[-103.3765,25.54534],[-103.37668,25.54496]],[[-103.37617,25.5738],[-103.37618,25.57371]],[[-103.37618,25.57371],[-103.37584,25.57363]],[[-103.37582,25.57382],[-103.37617,25.5738]],[[-103.37397,25.73298],[-103.37362,25.73216]],[[-103.3763,25.54556],[-103.3765,25.54534]],[[-103.37627,25.54495],[-103.37589,25.54553],[-103.3763,25.54556]],[[-103.37582,25.57382],[-103.37584,25.57363]],[[-103.37584,25.57363],[-103.37557,25.57377]],[[-103.37575,25.57385],[-103.37582,25.57382]],[[-103.3712,25.72555],[-103.37186,25.72713],[-103.37339,25.72881],[-103.37362,25.73216]],[[-103.37362,25.73216],[-103.36519,25.73368],[-103.36481,25.73344],[-103.36412,25.73221],[-103.36203,25.73273],[-103.36105,25.73083]],[[-103.37557,25.57377],[-103.37567,25.57385],[-103.37571,25.57386],[-103.37575,25.57385]],[[-103.37557,25.57415],[-103.37575,25.57385]],[[-103.37534,25.57479],[-103.37557,25.57415]],[[-103.37557,25.57415],[-103.37545,25.57412]],[[-103.37557,25.57377],[-103.37545,25.57412]],[[-103.37545,25.57412],[-103.37525,25.57476]],[[-103.37527,25.57499],[-103.37534,25.57479]],[[-103.37534,25.57479],[-103.37525,25.57476]],[[-103.3659,25.68453],[-103.3682,25.68525],[-103.36972,25.68286],[-103.37031,25.68278],[-103.37086,25.68338],[-103.37075,25.6859],[-103.37381,25.68695]],[[-103.37381,25.68695],[-103.37348,25.68698],[-103.37309,25.68745],[-103.37126,25.69072],[-103.37018,25.69188]],[[-103.37518,25.57497],[-103.37527,25.57499]],[[-103.37525,25.57476],[-103.37518,25.57497]],[[-103.37525,25.57476],[-103.37404,25.57444]],[[-103.37397,25.57462],[-103.37518,25.57497]],[[-103.37439,25.57775],[-103.37446,25.57759]],[[-103.37446,25.57759],[-103.37435,25.57748]],[[-103.37479,25.55044],[-103.37449,25.55022]],[[-103.37419,25.57776],[-103.37439,25.57775]],[[-103.37435,25.57748],[-103.37397,25.57462]],[[-103.37435,25.57748],[-103.37427,25.57747],[-103.37416,25.57751]],[[-103.36822,25.57701],[-103.36967,25.57845],[-103.37065,25.57882],[-103.37247,25.57874],[-103.37419,25.57776]],[[-103.37411,25.57765],[-103.37419,25.57776]],[[-103.37416,25.57751],[-103.37411,25.57765]],[[-103.37383,25.57458],[-103.37416,25.57751]],[[-103.37079,25.55215],[-103.37449,25.55022]],[[-103.37449,25.55022],[-103.37443,25.54985]],[[-103.37449,25.55022],[-103.3744,25.55021],[-103.37074,25.55206]],[[-103.37411,25.57765],[-103.3726,25.57856],[-103.37066,25.5787],[-103.36958,25.57822],[-103.36833,25.57693]],[[-103.37397,25.57462],[-103.37404,25.57444]],[[-103.37404,25.57444],[-103.37388,25.5744]],[[-103.37383,25.57458],[-103.37397,25.57462]],[[-103.37388,25.5744],[-103.37383,25.57458]],[[-103.37388,25.5744],[-103.36932,25.57312]],[[-103.36925,25.57333],[-103.37383,25.57458]],[[-103.37929,25.15137],[-103.37935,25.15036],[-103.37878,25.14916],[-103.37676,25.1482],[-103.37294,25.14413],[-103.37093,25.13862],[-103.36518,25.13389],[-103.36454,25.13113],[-103.36332,25.1289],[-103.33782,25.11277],[-103.33688,25.11141],[-103.33636,25.10829],[-103.33595,25.10723],[-103.33514,25.10595],[-103.33443,25.10533],[-103.31603,25.09638],[-103.30945,25.09364],[-103.28556,25.08459],[-103.28522,25.08397],[-103.28593,25.08265],[-103.28569,25.082],[-103.27269,25.07335],[-103.25512,25.06759],[-103.25307,25.06763],[-103.25004,25.06841],[-103.24221,25.06978],[-103.24122,25.0698]],[[-103.36958,25.84862],[-103.36921,25.84861],[-103.36883,25.84876],[-103.36597,25.85128],[-103.35657,25.85113],[-103.35614,25.85135],[-103.3561,25.8617],[-103.35857,25.86626],[-103.35871,25.86705],[-103.35777,25.86748]],[[-103.3712,25.72555],[-103.36764,25.72619],[-103.36673,25.72593],[-103.35979,25.72664]],[[-103.37364,25.52193],[-103.37365,25.52158]],[[-103.36727,25.52191],[-103.37066,25.5219],[-103.37339,25.52193],[-103.37364,25.52193]],[[-103.37365,25.52158],[-103.36727,25.52155]],[[-103.37151,25.478],[-103.37268,25.47679]],[[-103.37268,25.47679],[-103.37358,25.47588],[-103.37336,25.47579],[-103.37252,25.47668]],[[-103.37268,25.47679],[-103.37252,25.47668]],[[-103.37157,25.55367],[-103.37073,25.55231]],[[-103.37252,25.47668],[-103.37135,25.4779]],[[-103.37065,25.55235],[-103.37147,25.55371]],[[-103.37073,25.55231],[-103.37079,25.55215]],[[-103.37079,25.55215],[-103.37074,25.55206]],[[-103.37074,25.55206],[-103.37055,25.55202]],[[-103.37065,25.55235],[-103.37073,25.55231]],[[-103.37048,25.55232],[-103.37056,25.55235],[-103.37065,25.55235]],[[-103.37055,25.55202],[-103.37048,25.55205]],[[-103.37055,25.55202],[-103.36974,25.55073]],[[-103.3705,25.55384],[-103.3698,25.55272]],[[-103.3701,25.47946],[-103.37151,25.478]],[[-103.37151,25.478],[-103.37135,25.4779]],[[-103.3698,25.55272],[-103.37048,25.55232]],[[-103.37042,25.55224],[-103.37048,25.55232]],[[-103.37048,25.55205],[-103.37042,25.55224]],[[-103.36966,25.55078],[-103.37048,25.55205]],[[-103.36973,25.55276],[-103.37041,25.55387]],[[-103.37042,25.55224],[-103.36976,25.55264]],[[-103.36725,25.78401],[-103.36485,25.78405],[-103.3576,25.78054],[-103.35654,25.78059],[-103.35367,25.77979],[-103.35129,25.78037]],[[-103.37135,25.4779],[-103.36992,25.47936]],[[-103.36973,25.55276],[-103.3698,25.55272]],[[-103.3698,25.55272],[-103.36976,25.55264]],[[-103.36976,25.55264],[-103.36968,25.55269]],[[-103.36976,25.55264],[-103.3689,25.55124]],[[-103.36845,25.55356],[-103.36973,25.55276]],[[-103.36968,25.55269],[-103.36973,25.55276]],[[-103.36968,25.55269],[-103.3684,25.55349]],[[-103.3688,25.55129],[-103.36968,25.55269]],[[-103.36925,25.57333],[-103.36932,25.57312]],[[-103.36932,25.57312],[-103.36896,25.57303]],[[-103.36889,25.57322],[-103.36925,25.57333]],[[-103.36896,25.57303],[-103.36889,25.57322]],[[-103.36896,25.57303],[-103.36799,25.57276]],[[-103.36793,25.57294],[-103.36889,25.57322]],[[-103.37001,25.47955],[-103.3701,25.47946]],[[-103.3701,25.47946],[-103.36992,25.47936]],[[-103.36939,25.48029],[-103.37001,25.47955]],[[-103.36984,25.47944],[-103.37001,25.47955]],[[-103.36992,25.47936],[-103.36984,25.47944]],[[-103.36992,25.47936],[-103.36804,25.47826],[-103.36424,25.47518]],[[-103.36984,25.47944],[-103.36913,25.48004]],[[-103.36415,25.47527],[-103.36795,25.47835],[-103.36984,25.47944]],[[-103.36822,25.57701],[-103.36833,25.57693]],[[-103.36833,25.57693],[-103.36831,25.5768]],[[-103.36831,25.5768],[-103.36823,25.57647]],[[-103.36831,25.5768],[-103.36815,25.57676]],[[-103.36823,25.57647],[-103.36814,25.57649]],[[-103.36823,25.57647],[-103.36743,25.57544],[-103.36624,25.57453],[-103.36541,25.57277]],[[-103.36815,25.57676],[-103.36822,25.57701]],[[-103.36814,25.57649],[-103.36815,25.57676]],[[-103.36458,25.55598],[-103.36845,25.55356]],[[-103.36845,25.55356],[-103.3684,25.55349]],[[-103.36541,25.57277],[-103.36563,25.5738],[-103.36616,25.57463],[-103.36726,25.57544],[-103.36814,25.57649]],[[-103.3684,25.55349],[-103.36456,25.55591]],[[-103.3684,25.55349],[-103.36578,25.55014]],[[-103.36927,25.48041],[-103.36939,25.48029]],[[-103.36939,25.48029],[-103.36913,25.48004]],[[-103.36571,25.4887],[-103.36642,25.48351],[-103.36694,25.48268],[-103.36927,25.48041]],[[-103.36901,25.48018],[-103.36927,25.48041]],[[-103.36799,25.57276],[-103.36793,25.57294]],[[-103.36799,25.57276],[-103.36643,25.57232]],[[-103.36634,25.5725],[-103.36793,25.57294]],[[-103.36913,25.48004],[-103.36901,25.48018]],[[-103.36901,25.48018],[-103.36679,25.48256],[-103.36622,25.48347],[-103.36558,25.4887]],[[-103.36635,25.5219],[-103.36727,25.52191]],[[-103.36727,25.52191],[-103.36727,25.52155]],[[-103.36727,25.52155],[-103.36628,25.52154]],[[-103.36571,25.62703],[-103.36489,25.62591],[-103.36413,25.62557],[-103.35341,25.62407]],[[-103.36634,25.5725],[-103.36643,25.57232]],[[-103.36643,25.57232],[-103.36617,25.57224]],[[-103.36616,25.57246],[-103.36634,25.5725]],[[-103.36617,25.57224],[-103.36591,25.57239]],[[-103.36617,25.57224],[-103.36313,25.57139]],[[-103.36541,25.57263],[-103.36616,25.57246]],[[-103.36591,25.57239],[-103.36616,25.57246]],[[-103.36591,25.57239],[-103.36539,25.57252]],[[-103.36305,25.57157],[-103.36591,25.57239]],[[-103.36591,25.5219],[-103.36635,25.5219]],[[-103.36628,25.52154],[-103.36616,25.52175],[-103.36635,25.5219]],[[-103.36598,25.54516],[-103.36584,25.54545],[-103.36363,25.54688]],[[-103.36366,25.54701],[-103.36591,25.54551],[-103.36598,25.54516]],[[-103.36598,25.54516],[-103.36444,25.54474],[-103.36437,25.54453]],[[-103.36628,25.52154],[-103.36592,25.52154]],[[-103.36541,25.57263],[-103.36541,25.57277]],[[-103.35625,25.57447],[-103.35534,25.57551],[-103.35484,25.57805],[-103.35576,25.57932],[-103.35642,25.57964],[-103.35706,25.57964],[-103.36051,25.57869],[-103.36209,25.57787],[-103.36382,25.5732],[-103.36421,25.57289],[-103.36541,25.57263]],[[-103.36539,25.57252],[-103.36541,25.57263]],[[-103.36539,25.57252],[-103.36399,25.57285],[-103.36376,25.57305],[-103.36198,25.57781],[-103.36052,25.57858],[-103.35671,25.57957],[-103.35583,25.57922],[-103.35495,25.57794],[-103.35547,25.57548],[-103.35638,25.57459]],[[-103.36605,25.52316],[-103.36031,25.52346]],[[-103.36635,25.49755],[-103.36635,25.49733]],[[-103.3661,25.49732],[-103.36635,25.49733]],[[-103.36635,25.49733],[-103.36626,25.49459]],[[-103.3655,25.50843],[-103.36591,25.50853],[-103.36604,25.50889]],[[-103.36604,25.50803],[-103.36588,25.50838],[-103.3655,25.50843]],[[-103.3662,25.49457],[-103.3661,25.49732]],[[-103.36609,25.49897],[-103.36535,25.49941]],[[-103.36535,25.49941],[-103.36593,25.49942],[-103.36607,25.4997]],[[-103.3661,25.49732],[-103.3661,25.49755]],[[-103.35642,25.49512],[-103.36589,25.48895]],[[-103.3655,25.50843],[-103.36447,25.50852],[-103.3635,25.50907],[-103.36305,25.50971],[-103.36248,25.51138],[-103.36194,25.51195],[-103.35987,25.51249]],[[-103.35639,25.49982],[-103.36286,25.49968],[-103.36535,25.49941]],[[-103.36418,25.55589],[-103.36432,25.55606],[-103.36458,25.55598]],[[-103.36458,25.55598],[-103.36456,25.55591]],[[-103.36456,25.55591],[-103.36425,25.55585]],[[-103.36425,25.55585],[-103.36418,25.55589]],[[-103.36425,25.55585],[-103.36363,25.55504]],[[-103.36356,25.55508],[-103.36418,25.55589]],[[-103.36406,25.55811],[-103.36399,25.55655],[-103.36313,25.55545]],[[-103.36305,25.55551],[-103.36396,25.5567],[-103.36396,25.55811]],[[-103.36363,25.55504],[-103.36356,25.55508]],[[-103.36363,25.55504],[-103.36289,25.55405],[-103.36356,25.55508]],[[-103.36356,25.55508],[-103.36315,25.55538]],[[-103.36305,25.57157],[-103.36313,25.57139]],[[-103.36313,25.57139],[-103.36144,25.57085],[-103.35996,25.571]],[[-103.36007,25.57116],[-103.36143,25.57102],[-103.36305,25.57157]],[[-103.36315,25.55538],[-103.36309,25.55539]],[[-103.36313,25.55545],[-103.36315,25.55538]],[[-103.36415,25.47527],[-103.36424,25.47518]],[[-103.36424,25.47518],[-103.36408,25.47499]],[[-103.36305,25.55551],[-103.36313,25.55545]],[[-103.36313,25.55545],[-103.36309,25.55539]],[[-103.36309,25.55539],[-103.36301,25.55544]],[[-103.36309,25.55539],[-103.36219,25.55409]],[[-103.36405,25.47528],[-103.36415,25.47527]],[[-103.35993,25.55755],[-103.36305,25.55551]],[[-103.36301,25.55544],[-103.36305,25.55551]],[[-103.36301,25.55544],[-103.3599,25.5575]],[[-103.36198,25.55421],[-103.36301,25.55544]],[[-103.36408,25.47499],[-103.36393,25.47509]],[[-103.36408,25.47499],[-103.36287,25.47403]],[[-103.36272,25.47678],[-103.36405,25.47528]],[[-103.36394,25.47519],[-103.36405,25.47528]],[[-103.36394,25.47519],[-103.36254,25.47667]],[[-103.36393,25.47509],[-103.36394,25.47519]],[[-103.36273,25.47416],[-103.36393,25.47509]],[[-103.35008,25.84195],[-103.35516,25.83967],[-103.35618,25.8333],[-103.3597,25.83126],[-103.35874,25.82943],[-103.35892,25.82894]],[[-103.36198,25.55421],[-103.36219,25.55409]],[[-103.36219,25.55409],[-103.36216,25.55367],[-103.36171,25.55327]],[[-103.33277,25.88028],[-103.33773,25.88368],[-103.33821,25.88361],[-103.35349,25.87147],[-103.35411,25.87145],[-103.35621,25.87298],[-103.35663,25.87166],[-103.35735,25.87065],[-103.35777,25.86748]],[[-103.35777,25.86748],[-103.35737,25.86652],[-103.34999,25.85589]],[[-103.36149,25.55342],[-103.36198,25.55421]],[[-103.36138,25.59285],[-103.36115,25.59879]],[[-103.36138,25.59285],[-103.36158,25.58995],[-103.36153,25.58902],[-103.36138,25.59119],[-103.36138,25.59285]],[[-103.35177,25.71789],[-103.35217,25.71795],[-103.35263,25.71845],[-103.35789,25.72572],[-103.35832,25.72602],[-103.35953,25.72623]],[[-103.36273,25.47416],[-103.36287,25.47403]],[[-103.36287,25.47403],[-103.36076,25.4723]],[[-103.36149,25.55342],[-103.36171,25.55327]],[[-103.36171,25.55327],[-103.36156,25.55293],[-103.36117,25.55302]],[[-103.36192,25.47811],[-103.36252,25.47741],[-103.36272,25.47678]],[[-103.36254,25.47667],[-103.36272,25.47678]],[[-103.36064,25.47244],[-103.36273,25.47416]],[[-103.36254,25.47667],[-103.36205,25.47718]],[[-103.36118,25.55324],[-103.36149,25.55342]],[[-103.36117,25.55302],[-103.36118,25.55324]],[[-103.35996,25.55154],[-103.36118,25.55324]],[[-103.36117,25.55302],[-103.36003,25.55149]],[[-103.36205,25.47718],[-103.36167,25.47751]],[[-103.36205,25.47718],[-103.36181,25.47803]],[[-103.36125,25.47879],[-103.36192,25.47811]],[[-103.36181,25.47803],[-103.36192,25.47811]],[[-103.36181,25.47803],[-103.36114,25.4787]],[[-103.36003,25.5712],[-103.36007,25.57116]],[[-103.36007,25.57116],[-103.35996,25.571]],[[-103.35646,25.57456],[-103.35774,25.57428],[-103.35889,25.57359],[-103.35974,25.57238],[-103.36003,25.5712]],[[-103.35981,25.5711],[-103.36003,25.5712]],[[-103.36057,25.47947],[-103.36125,25.47879]],[[-103.36114,25.4787],[-103.36125,25.47879]],[[-103.35996,25.571],[-103.35981,25.5711]],[[-103.36114,25.4787],[-103.36047,25.4794]],[[-103.35981,25.5711],[-103.35963,25.57232],[-103.35879,25.57349],[-103.35781,25.57415],[-103.3565,25.57443]],[[-103.36003,25.55149],[-103.35996,25.55154]],[[-103.36003,25.55149],[-103.35962,25.55097]],[[-103.35991,25.55807],[-103.35993,25.55755]],[[-103.35993,25.55755],[-103.3599,25.5575]],[[-103.3599,25.5575],[-103.35982,25.55755]],[[-103.3599,25.5575],[-103.35655,25.55311]],[[-103.36021,25.53487],[-103.36027,25.52743]],[[-103.35954,25.55103],[-103.35996,25.55154]],[[-103.36016,25.52743],[-103.36027,25.52743]],[[-103.36027,25.52743],[-103.36031,25.52346]],[[-103.36031,25.52346],[-103.36019,25.52346]],[[-103.35982,25.55755],[-103.35983,25.55807]],[[-103.35655,25.55311],[-103.35754,25.55472],[-103.35982,25.55755]],[[-103.36016,25.52743],[-103.36011,25.53487]],[[-103.35726,25.52752],[-103.36016,25.52743]],[[-103.36019,25.52346],[-103.36016,25.52743]],[[-103.36019,25.52346],[-103.35711,25.52369],[-103.35666,25.52392],[-103.35497,25.52412]],[[-103.36064,25.47244],[-103.36076,25.4723]],[[-103.36076,25.4723],[-103.35519,25.46775]],[[-103.35954,25.55103],[-103.35962,25.55097]],[[-103.35962,25.55097],[-103.35957,25.55091]],[[-103.35925,25.48083],[-103.36057,25.47947]],[[-103.36057,25.47947],[-103.36047,25.4794]],[[-103.34637,25.45974],[-103.35026,25.46398],[-103.36064,25.47244]],[[-103.35957,25.55091],[-103.35949,25.55097]],[[-103.35957,25.55091],[-103.35868,25.55019]],[[-103.35655,25.55311],[-103.35954,25.55103]],[[-103.35949,25.55097],[-103.35954,25.55103]],[[-103.36047,25.4794],[-103.35914,25.48075]],[[-103.35949,25.55097],[-103.35652,25.55305]],[[-103.35863,25.55024],[-103.35949,25.55097]],[[-103.35987,25.51249],[-103.35624,25.51308]],[[-103.35627,25.51321],[-103.35987,25.51249]],[[-103.35868,25.55019],[-103.35863,25.55024]],[[-103.35868,25.55019],[-103.35766,25.54935],[-103.35721,25.54834],[-103.35726,25.54741],[-103.35787,25.54636]],[[-103.35768,25.54621],[-103.35715,25.54745],[-103.35711,25.5484],[-103.35759,25.54939],[-103.35863,25.55024]],[[-103.35872,25.54284],[-103.35693,25.54285],[-103.35482,25.54253]],[[-103.35857,25.48153],[-103.35925,25.48083]],[[-103.35925,25.48083],[-103.35914,25.48075]],[[-103.35914,25.48075],[-103.35846,25.48145]],[[-103.35447,25.82112],[-103.35226,25.8208],[-103.3466,25.82142],[-103.34638,25.82158],[-103.34638,25.8225],[-103.34573,25.82437],[-103.34537,25.82427]],[[-103.35635,25.48581],[-103.35705,25.48314],[-103.35857,25.48153]],[[-103.35857,25.48153],[-103.35846,25.48145]],[[-103.35819,25.50861],[-103.35859,25.50847],[-103.35819,25.50853]],[[-103.35819,25.50853],[-103.35819,25.50861]],[[-103.35792,25.5086],[-103.35819,25.50861]],[[-103.35819,25.50853],[-103.35793,25.50853]],[[-103.35846,25.48145],[-103.35694,25.48307],[-103.35624,25.48578]],[[-103.35761,25.53478],[-103.3576,25.52978],[-103.35726,25.52752]],[[-103.35793,25.50853],[-103.35792,25.5086]],[[-103.35793,25.50853],[-103.35621,25.5085]],[[-103.35621,25.50858],[-103.35792,25.5086]],[[-103.35708,25.52752],[-103.35744,25.52988],[-103.35745,25.53478]],[[-103.35708,25.52752],[-103.35726,25.52752]],[[-103.35646,25.57456],[-103.3565,25.57443]],[[-103.3565,25.57443],[-103.35625,25.57447]],[[-103.35638,25.57459],[-103.35646,25.57456]],[[-103.3562,25.52752],[-103.35708,25.52752]],[[-103.35625,25.57447],[-103.35638,25.57459]],[[-103.35286,25.55433],[-103.35362,25.55425],[-103.35483,25.55395],[-103.35655,25.55311]],[[-103.35655,25.55311],[-103.35652,25.55305]],[[-103.35652,25.55305],[-103.35486,25.55387],[-103.35286,25.55433]],[[-103.35652,25.55305],[-103.3551,25.54986],[-103.35506,25.54809],[-103.35441,25.54598],[-103.35443,25.54443],[-103.35482,25.54253]],[[-103.35491,25.63513],[-103.3536,25.63352],[-103.3525,25.63347],[-103.33158,25.64006],[-103.32818,25.64131],[-103.31529,25.64516],[-103.31555,25.64668],[-103.29495,25.64395]],[[-103.35656,25.48894],[-103.35677,25.48878]],[[-103.3558,25.52752],[-103.3562,25.52752]],[[-103.3558,25.52779],[-103.3562,25.52752]],[[-103.3561,25.51324],[-103.35627,25.51321]],[[-103.35627,25.51321],[-103.35624,25.51308]],[[-103.35624,25.51308],[-103.35607,25.51311]],[[-103.35624,25.51308],[-103.35621,25.50858]],[[-103.3565,25.49055],[-103.35656,25.48894]],[[-103.35656,25.48894],[-103.35628,25.4872]],[[-103.35639,25.49562],[-103.35626,25.49982],[-103.35639,25.49982]],[[-103.35621,25.5085],[-103.35639,25.49982]],[[-103.35639,25.49982],[-103.35639,25.49562]],[[-103.3565,25.49055],[-103.35642,25.49512]],[[-103.35614,25.48723],[-103.3565,25.49055]],[[-103.32866,25.50378],[-103.33588,25.49857],[-103.33792,25.49748],[-103.35512,25.49579],[-103.35642,25.49512]],[[-103.35642,25.49512],[-103.35639,25.49562]],[[-103.35621,25.50858],[-103.35621,25.5085]],[[-103.35621,25.5085],[-103.35605,25.50849]],[[-103.35605,25.50857],[-103.35621,25.50858]],[[-103.35417,25.51357],[-103.3561,25.51324]],[[-103.35607,25.51311],[-103.3561,25.51324]],[[-103.35607,25.51311],[-103.35409,25.51346]],[[-103.35605,25.50857],[-103.35607,25.51311]],[[-103.35614,25.50469],[-103.35605,25.50849]],[[-103.3558,25.52779],[-103.35571,25.53478]],[[-103.3558,25.52752],[-103.3558,25.52779]],[[-103.35543,25.52752],[-103.3558,25.52779]],[[-103.35543,25.52752],[-103.3558,25.52752]],[[-103.35605,25.50849],[-103.35534,25.50854],[-103.35216,25.50995]],[[-103.35605,25.50849],[-103.35605,25.50857]],[[-103.35221,25.51003],[-103.35537,25.50861],[-103.35554,25.50857],[-103.35605,25.50857]],[[-103.35622,25.4868],[-103.35635,25.48581]],[[-103.35635,25.48581],[-103.35624,25.48578]],[[-103.35628,25.4872],[-103.35614,25.48723]],[[-103.35628,25.4872],[-103.35622,25.4868]],[[-103.35624,25.48578],[-103.35608,25.48681]],[[-103.35622,25.4868],[-103.35608,25.48681]],[[-103.35608,25.48681],[-103.35614,25.48723]],[[-103.35523,25.52752],[-103.35543,25.52752]],[[-103.35177,25.5275],[-103.35523,25.52752]],[[-103.35497,25.52412],[-103.35523,25.52752]],[[-103.35503,25.53975],[-103.35476,25.53496]],[[-103.35482,25.54253],[-103.35455,25.54249]],[[-103.35455,25.54249],[-103.35482,25.53964]],[[-103.3518,25.52443],[-103.35497,25.52412]],[[-103.35497,25.52412],[-103.35485,25.52216],[-103.35502,25.52103],[-103.35409,25.52103],[-103.35417,25.51357]],[[-103.35455,25.54249],[-103.35337,25.54228]],[[-103.35539,25.46766],[-103.35519,25.46775]],[[-103.34778,25.85732],[-103.34999,25.85589]],[[-103.34999,25.85589],[-103.35102,25.85517],[-103.35118,25.8545],[-103.35003,25.85032],[-103.34909,25.84382],[-103.34924,25.84266],[-103.35008,25.84195]],[[-103.35008,25.84195],[-103.34764,25.83786],[-103.34612,25.83668],[-103.34449,25.83384],[-103.34459,25.83066]],[[-103.35519,25.46775],[-103.35022,25.46365],[-103.34654,25.45955]],[[-103.35041,25.71794],[-103.35177,25.71789]],[[-103.35177,25.71789],[-103.35172,25.71787],[-103.35041,25.71794]],[[-103.35168,25.51382],[-103.35417,25.51357]],[[-103.35417,25.51357],[-103.35409,25.51346]],[[-103.34969,25.50232],[-103.3524,25.50402],[-103.35422,25.5046]],[[-103.35409,25.51346],[-103.35163,25.5137]],[[-103.35409,25.51346],[-103.35221,25.51003]],[[-103.35228,25.54224],[-103.35337,25.54228]],[[-103.35337,25.54228],[-103.35227,25.54216]],[[-103.35286,25.55433],[-103.3526,25.55433],[-103.3515,25.55431],[-103.35057,25.55424],[-103.35052,25.55801]],[[-103.32794,25.7083],[-103.32946,25.70872],[-103.33801,25.70629],[-103.33861,25.70788],[-103.34136,25.70878],[-103.35011,25.71489],[-103.34999,25.71556],[-103.35041,25.71794]],[[-103.34296,25.54524],[-103.34418,25.54509],[-103.34615,25.54389],[-103.34875,25.5437],[-103.35228,25.54224]],[[-103.35228,25.54224],[-103.35227,25.54216]],[[-103.35227,25.54216],[-103.34873,25.54361],[-103.34587,25.54389],[-103.34411,25.54504],[-103.34298,25.54516]],[[-103.35047,25.51079],[-103.35221,25.51003]],[[-103.35221,25.51003],[-103.35216,25.50995]],[[-103.35216,25.50995],[-103.35043,25.51072]],[[-103.35216,25.50995],[-103.34879,25.50359],[-103.34881,25.50327],[-103.34969,25.50232]],[[-103.34758,25.52563],[-103.34757,25.52747],[-103.35177,25.5275]],[[-103.35178,25.52566],[-103.35177,25.5275]],[[-103.3518,25.52443],[-103.35178,25.52556]],[[-103.35168,25.51382],[-103.3518,25.52443]],[[-103.34758,25.52563],[-103.35178,25.52566]],[[-103.35178,25.52556],[-103.35178,25.52566]],[[-103.35178,25.52556],[-103.35066,25.52554],[-103.34758,25.52552]],[[-103.34845,25.7536],[-103.33422,25.73896],[-103.33337,25.73871]],[[-103.34498,25.51546],[-103.34734,25.51428],[-103.35168,25.51382]],[[-103.35163,25.5137],[-103.35168,25.51382]],[[-103.35163,25.5137],[-103.34952,25.51392]],[[-103.34835,25.51175],[-103.35047,25.51079]],[[-103.35047,25.51079],[-103.35043,25.51072]],[[-103.35043,25.51072],[-103.34831,25.51166]],[[-103.34969,25.50232],[-103.34388,25.49855]],[[-103.34952,25.51392],[-103.347,25.51425],[-103.34498,25.51534]],[[-103.34952,25.51392],[-103.34835,25.51175]],[[-103.34418,25.51361],[-103.34835,25.51175]],[[-103.34835,25.51175],[-103.34831,25.51166]],[[-103.34831,25.51166],[-103.34418,25.51361]],[[-103.34831,25.51166],[-103.34638,25.50809]],[[-103.32814,25.70304],[-103.33182,25.7006],[-103.33489,25.69701],[-103.33588,25.69668],[-103.33877,25.69654],[-103.3397,25.69745],[-103.34242,25.69532],[-103.34552,25.69491]],[[-103.34758,25.52552],[-103.33966,25.52541]],[[-103.34758,25.52552],[-103.34758,25.52563]],[[-103.34498,25.51546],[-103.34764,25.5213],[-103.34758,25.52552]],[[-103.33966,25.52541],[-103.34065,25.52558],[-103.34617,25.52561],[-103.34758,25.52563]],[[-103.34543,25.55797],[-103.34468,25.55767]],[[-103.34637,25.45974],[-103.34654,25.45955]],[[-103.34654,25.45955],[-103.34647,25.45923],[-103.34616,25.45912],[-103.34585,25.45931],[-103.34589,25.45965]],[[-103.34606,25.45977],[-103.34637,25.45974]],[[-103.3417,25.46904],[-103.34234,25.46725],[-103.34606,25.45977]],[[-103.34589,25.45965],[-103.34606,25.45977]],[[-103.34468,25.55767],[-103.34421,25.55768]],[[-103.34468,25.55767],[-103.34464,25.55765]],[[-103.34464,25.55765],[-103.34449,25.5573]],[[-103.34442,25.55741],[-103.34464,25.55765]],[[-103.34589,25.45965],[-103.34223,25.46696],[-103.34148,25.46901]],[[-103.34442,25.55741],[-103.34449,25.5573]],[[-103.34449,25.5573],[-103.3444,25.5552]],[[-103.34425,25.55764],[-103.34442,25.55741]],[[-103.34436,25.55733],[-103.34442,25.55741]],[[-103.34498,25.51534],[-103.34498,25.51546]],[[-103.34418,25.51361],[-103.34498,25.51534]],[[-103.34442,25.55413],[-103.34459,25.55396],[-103.34444,25.55377]],[[-103.34444,25.55377],[-103.34433,25.55001],[-103.34437,25.55377]],[[-103.34444,25.55377],[-103.34437,25.55377]],[[-103.34428,25.55411],[-103.34435,25.55413],[-103.34438,25.55413],[-103.34442,25.55413]],[[-103.3444,25.5552],[-103.34442,25.55413]],[[-103.3444,25.5552],[-103.3443,25.5552]],[[-103.34436,25.55733],[-103.34425,25.55764]],[[-103.3443,25.5552],[-103.34436,25.55733]],[[-103.34437,25.55377],[-103.34428,25.55411]],[[-103.34428,25.55411],[-103.3443,25.5552]],[[-103.34425,25.55764],[-103.34421,25.55768]],[[-103.34421,25.55768],[-103.34382,25.55795]],[[-103.3424,25.54665],[-103.34057,25.54683],[-103.33911,25.5472]],[[-103.33913,25.54732],[-103.34075,25.54691],[-103.34239,25.5469]],[[-103.32621,25.53989],[-103.33125,25.53972],[-103.33558,25.53908],[-103.3386,25.5382],[-103.34098,25.53801]],[[-103.34096,25.5379],[-103.33883,25.53805],[-103.33571,25.53891],[-103.33072,25.53965],[-103.32618,25.5397]],[[-103.34081,25.47271],[-103.3417,25.46904]],[[-103.3417,25.46904],[-103.34148,25.46901]],[[-103.34148,25.46901],[-103.34069,25.47263]],[[-103.33782,25.53469],[-103.33757,25.53122],[-103.33807,25.52938],[-103.33966,25.52541]],[[-103.33281,25.54881],[-103.33618,25.54844],[-103.33913,25.54732]],[[-103.33017,25.55231],[-103.33269,25.55214],[-103.33511,25.55174],[-103.34,25.55007],[-103.33913,25.54732]],[[-103.33913,25.54732],[-103.33911,25.5472]],[[-103.33911,25.5472],[-103.3373,25.54798],[-103.33506,25.54855],[-103.32976,25.54886]],[[-103.33736,25.55777],[-103.33671,25.5587],[-103.33392,25.56518]],[[-103.31915,25.81414],[-103.31953,25.81588],[-103.32284,25.82469],[-103.33217,25.83144],[-103.33619,25.83819],[-103.33721,25.8437],[-103.34257,25.84904],[-103.34371,25.85055],[-103.34457,25.85271],[-103.34528,25.85725],[-103.34648,25.85982],[-103.34621,25.86083],[-103.34271,25.86388],[-103.34231,25.86451],[-103.34347,25.87124],[-103.34316,25.87194],[-103.33277,25.88028]],[[-103.33243,25.88012],[-103.33277,25.88028]],[[-103.33243,25.88012],[-103.28097,25.84474]],[[-103.337,25.55105],[-103.33414,25.55186],[-103.33017,25.55222]],[[-103.33877,25.36913],[-103.33932,25.36828],[-103.33943,25.36746],[-103.33915,25.36661],[-103.33863,25.36604],[-103.33266,25.36039],[-103.33016,25.35857],[-103.32881,25.35698],[-103.3265,25.35578],[-103.32085,25.35197],[-103.32003,25.35171],[-103.31824,25.35164],[-103.31389,25.35378],[-103.31045,25.35442],[-103.30929,25.3544],[-103.30726,25.35364],[-103.30402,25.35064],[-103.30263,25.34974],[-103.29407,25.34768],[-103.29329,25.34728],[-103.28938,25.34323],[-103.28884,25.34226],[-103.28792,25.33243],[-103.28824,25.32493],[-103.28779,25.32329],[-103.28682,25.32191],[-103.28472,25.32045],[-103.24958,25.29955],[-103.23427,25.28821]],[[-103.3369,25.44236],[-103.33096,25.46637]],[[-103.33214,25.74254],[-103.32574,25.76155]],[[-103.33315,25.597],[-103.3334,25.59702]],[[-103.33245,25.6002],[-103.3334,25.59702]],[[-103.3334,25.59702],[-103.33342,25.59674],[-103.33314,25.59675]],[[-103.33315,25.597],[-103.33303,25.59781],[-103.33189,25.60046],[-103.32666,25.60308],[-103.32186,25.61095]],[[-103.3331,25.59693],[-103.33315,25.597]],[[-103.33314,25.59675],[-103.33137,25.59625]],[[-103.33314,25.59675],[-103.3331,25.59693]],[[-103.33131,25.59637],[-103.3331,25.59693]],[[-103.32976,25.54886],[-103.33281,25.54881]],[[-103.33272,25.54905],[-103.33281,25.54881]],[[-103.31915,25.81414],[-103.3195,25.80428],[-103.32017,25.80275],[-103.32272,25.8008],[-103.32668,25.79056],[-103.32621,25.78772],[-103.32441,25.78439],[-103.32565,25.78038],[-103.32706,25.77175],[-103.3277,25.77122],[-103.32941,25.77128],[-103.32981,25.77083],[-103.3297,25.77035]],[[-103.33131,25.59637],[-103.33137,25.59625]],[[-103.33137,25.59625],[-103.33039,25.59592]],[[-103.33033,25.59602],[-103.33131,25.59637]],[[-103.33039,25.59592],[-103.33033,25.59602]],[[-103.33039,25.59592],[-103.32988,25.59551],[-103.32982,25.59472]],[[-103.32967,25.59465],[-103.32972,25.59565],[-103.33033,25.59602]],[[-103.3154,25.70691],[-103.32417,25.70661],[-103.3245,25.70682],[-103.32869,25.70651]],[[-103.3236,25.70061],[-103.32509,25.70228],[-103.32673,25.7025],[-103.32849,25.70369]],[[-103.32982,25.59472],[-103.32997,25.59365],[-103.33076,25.593],[-103.32993,25.59324],[-103.32967,25.59465]],[[-103.32982,25.59472],[-103.32967,25.59465]],[[-103.33017,25.55231],[-103.33017,25.55222]],[[-103.32631,25.55214],[-103.33017,25.55231]],[[-103.33017,25.55222],[-103.3263,25.55202]],[[-103.32783,25.70826],[-103.32689,25.70805],[-103.32592,25.70942],[-103.32513,25.70997],[-103.30753,25.71497],[-103.30587,25.71516],[-103.30308,25.71715],[-103.29535,25.72357],[-103.26472,25.74669],[-103.26535,25.7475],[-103.26655,25.74683],[-103.26701,25.74701],[-103.26769,25.75264],[-103.26838,25.75464],[-103.26789,25.7587]],[[-103.32638,25.54887],[-103.32976,25.54886]],[[-103.32516,25.69902],[-103.32437,25.70039],[-103.32371,25.70062]],[[-103.3263,25.55202],[-103.32638,25.54887]],[[-103.32638,25.54887],[-103.32624,25.54883]],[[-103.32619,25.55214],[-103.32631,25.55214]],[[-103.32631,25.55214],[-103.3263,25.55202]],[[-103.3263,25.55202],[-103.32618,25.55202]],[[-103.32487,25.55222],[-103.32619,25.55214]],[[-103.32618,25.55202],[-103.32619,25.55214]],[[-103.32626,25.54632],[-103.32059,25.54636]],[[-103.32618,25.55202],[-103.32488,25.55212]],[[-103.32612,25.54894],[-103.32618,25.55202]],[[-103.32371,25.70062],[-103.32359,25.70055]],[[-103.3236,25.70061],[-103.32371,25.70062]],[[-103.32359,25.70055],[-103.3236,25.70061]],[[-103.32171,25.69944],[-103.3236,25.70061]],[[-103.32359,25.70055],[-103.32176,25.69939]],[[-103.32562,25.53971],[-103.3205,25.5398]],[[-103.32051,25.54008],[-103.3256,25.53991]],[[-103.32487,25.55222],[-103.32488,25.55212]],[[-103.32488,25.55212],[-103.32407,25.5521]],[[-103.32407,25.55221],[-103.32487,25.55222]],[[-103.32407,25.5521],[-103.32407,25.55221]],[[-103.32299,25.55218],[-103.32407,25.55221]],[[-103.32407,25.5521],[-103.32302,25.55205]],[[-103.32484,25.4908],[-103.32323,25.49113]],[[-103.32171,25.69944],[-103.32176,25.69939]],[[-103.32176,25.69939],[-103.32026,25.69844]],[[-103.32022,25.69849],[-103.32171,25.69944]],[[-103.3218,25.68115],[-103.32104,25.68191],[-103.32231,25.6833],[-103.32228,25.68357],[-103.31303,25.68978],[-103.31186,25.69049],[-103.31093,25.69051]],[[-103.32451,25.4621],[-103.32393,25.46186]],[[-103.32299,25.55218],[-103.32302,25.55205]],[[-103.32302,25.55205],[-103.32286,25.55203]],[[-103.32283,25.55214],[-103.32291,25.5522],[-103.32299,25.55218]],[[-103.32333,25.52484],[-103.32109,25.52553]],[[-103.32333,25.52484],[-103.3236,25.52476],[-103.32351,25.52452],[-103.32285,25.52362],[-103.32209,25.52315],[-103.32087,25.52293]],[[-103.32084,25.52318],[-103.32232,25.52353],[-103.32294,25.52407],[-103.32333,25.52484]],[[-103.32286,25.55203],[-103.32283,25.55214]],[[-103.32286,25.55203],[-103.32178,25.55201]],[[-103.32178,25.55211],[-103.32283,25.55214]],[[-103.26846,25.81645],[-103.26966,25.81641],[-103.27645,25.81486],[-103.28258,25.81541],[-103.28469,25.81499],[-103.28873,25.81521],[-103.30378,25.82244],[-103.30431,25.82221],[-103.3089,25.81838],[-103.31427,25.81564],[-103.31684,25.81564],[-103.3172,25.81457],[-103.31823,25.81457],[-103.3185,25.81427],[-103.31915,25.81414]],[[-103.32393,25.46186],[-103.32348,25.46215],[-103.32319,25.46346]],[[-103.32345,25.46414],[-103.32393,25.46186]],[[-103.32393,25.46186],[-103.32357,25.46148]],[[-103.32161,25.50491],[-103.32338,25.49725]],[[-103.32338,25.49725],[-103.32424,25.4931],[-103.32388,25.49189],[-103.32323,25.49113]],[[-103.32299,25.49718],[-103.32338,25.49725]],[[-103.32323,25.49113],[-103.32224,25.49038]],[[-103.32022,25.69849],[-103.32026,25.69844]],[[-103.32026,25.69844],[-103.31314,25.69386]],[[-103.31309,25.69392],[-103.32022,25.69849]],[[-103.32299,25.49718],[-103.32124,25.50485]],[[-103.32196,25.49063],[-103.32342,25.49201],[-103.32377,25.49308],[-103.32299,25.49718]],[[-103.32188,25.47192],[-103.32345,25.46414]],[[-103.32345,25.46414],[-103.32351,25.46345],[-103.32319,25.46346]],[[-103.32319,25.46346],[-103.3215,25.47186]],[[-103.32178,25.55211],[-103.32178,25.55201]],[[-103.32083,25.55209],[-103.32178,25.55211]],[[-103.32178,25.55201],[-103.32083,25.552]],[[-103.32196,25.49063],[-103.32224,25.49038]],[[-103.32224,25.49038],[-103.31964,25.4883],[-103.31924,25.48775],[-103.31897,25.48676],[-103.32105,25.47605]],[[-103.32066,25.47598],[-103.31856,25.48681],[-103.31886,25.4879],[-103.3193,25.48854],[-103.32196,25.49063]],[[-103.31974,25.51241],[-103.32161,25.50491]],[[-103.32124,25.50485],[-103.32161,25.50491]],[[-103.32105,25.47605],[-103.32188,25.47192]],[[-103.32188,25.47192],[-103.3215,25.47186]],[[-103.32109,25.52553],[-103.32091,25.52552]],[[-103.32096,25.52567],[-103.32109,25.52553]],[[-103.3207,25.52603],[-103.32096,25.52567]],[[-103.32096,25.52567],[-103.32091,25.52552]],[[-103.32124,25.50485],[-103.31938,25.51232]],[[-103.32091,25.52552],[-103.32075,25.52541]],[[-103.32059,25.54636],[-103.32049,25.54413],[-103.3207,25.542],[-103.32047,25.54014]],[[-103.32059,25.54636],[-103.3205,25.54634]],[[-103.32084,25.52318],[-103.32087,25.52293]],[[-103.32087,25.52293],[-103.32046,25.52293]],[[-103.32073,25.52324],[-103.32084,25.52318]],[[-103.32019,25.54021],[-103.32044,25.5406],[-103.32062,25.542],[-103.3204,25.54417],[-103.3205,25.54634]],[[-103.3205,25.54634],[-103.3201,25.54626]],[[-103.3215,25.47186],[-103.32066,25.47598]],[[-103.32075,25.52541],[-103.32073,25.52324]],[[-103.32075,25.52541],[-103.3206,25.52538]],[[-103.32047,25.54014],[-103.32051,25.54008]],[[-103.32051,25.54008],[-103.3205,25.5398]],[[-103.32053,25.52603],[-103.3207,25.52603]],[[-103.31903,25.53241],[-103.3207,25.52603]],[[-103.32057,25.52323],[-103.32065,25.52325],[-103.32073,25.52324]],[[-103.3205,25.5398],[-103.32,25.53982]],[[-103.32019,25.54021],[-103.32047,25.54014]],[[-103.3206,25.52538],[-103.32029,25.52555]],[[-103.32057,25.52323],[-103.3206,25.52538]],[[-103.32053,25.52603],[-103.31894,25.53188],[-103.31903,25.53241]],[[-103.32024,25.52573],[-103.32053,25.52603]],[[-103.32052,25.52321],[-103.32057,25.52323]],[[-103.3185,25.52527],[-103.31905,25.524],[-103.32052,25.52321]],[[-103.32046,25.52293],[-103.32052,25.52321]],[[-103.32046,25.52293],[-103.31965,25.52323],[-103.31882,25.52388],[-103.31827,25.52523]],[[-103.31549,25.54852],[-103.31908,25.54907],[-103.32008,25.54905]],[[-103.32,25.54008],[-103.32019,25.54021]],[[-103.32007,25.54896],[-103.31549,25.54852]],[[-103.31577,25.54637],[-103.3201,25.54626]],[[-103.3201,25.54626],[-103.31577,25.54617]],[[-103.32066,25.47598],[-103.32105,25.47605]],[[-103.32029,25.52555],[-103.32024,25.52573]],[[-103.32029,25.52555],[-103.3185,25.52527]],[[-103.31843,25.52539],[-103.32024,25.52573]],[[-103.32,25.53982],[-103.32,25.54008]],[[-103.32,25.53982],[-103.3183,25.54003],[-103.32,25.54008]],[[-103.31887,25.5158],[-103.31974,25.51241]],[[-103.31938,25.51232],[-103.31974,25.51241]],[[-103.31938,25.51232],[-103.31849,25.51572]],[[-103.31856,25.53433],[-103.31903,25.53241]],[[-103.31865,25.53449],[-103.31856,25.53433]],[[-103.31651,25.52493],[-103.31887,25.5158]],[[-103.31849,25.51572],[-103.31887,25.5158]],[[-103.31856,25.53433],[-103.31842,25.53449]],[[-103.31843,25.52539],[-103.3185,25.52527]],[[-103.3185,25.52527],[-103.31827,25.52523]],[[-103.3183,25.52536],[-103.31843,25.52539]],[[-103.31849,25.51572],[-103.31695,25.52171],[-103.31639,25.52491]],[[-103.31827,25.52523],[-103.3183,25.52536]],[[-103.31648,25.52506],[-103.3183,25.52536]],[[-103.31827,25.52523],[-103.31651,25.52493]],[[-103.31682,25.5345],[-103.31529,25.5328],[-103.31492,25.53142],[-103.31648,25.52506]],[[-103.31636,25.52504],[-103.31467,25.5318],[-103.31513,25.53293],[-103.31668,25.53449]],[[-103.31648,25.52506],[-103.31651,25.52493]],[[-103.31651,25.52493],[-103.31639,25.52491]],[[-103.31636,25.52504],[-103.31648,25.52506]],[[-103.31639,25.52491],[-103.31636,25.52504]],[[-103.31548,25.54658],[-103.31577,25.54637]],[[-103.31577,25.54637],[-103.31577,25.54617]],[[-103.31577,25.54617],[-103.31553,25.54597],[-103.31521,25.54604],[-103.31526,25.54653]],[[-103.31549,25.54852],[-103.31533,25.54673]],[[-103.31533,25.54673],[-103.31548,25.54658]],[[-103.31526,25.54653],[-103.31548,25.54658]],[[-103.31526,25.54653],[-103.31533,25.54673]],[[-103.31309,25.69392],[-103.31314,25.69386]],[[-103.31314,25.69386],[-103.31054,25.69221]],[[-103.31053,25.69228],[-103.31309,25.69392]],[[-103.31019,25.83688],[-103.31009,25.84005],[-103.30946,25.84072],[-103.29916,25.84084],[-103.29815,25.84055],[-103.29619,25.84057],[-103.28065,25.84321]],[[-103.31568,25.41515],[-103.31609,25.41427],[-103.31618,25.40683],[-103.31525,25.39874],[-103.31479,25.3979]],[[-103.305,25.72404],[-103.3049,25.72491],[-103.30655,25.72927],[-103.31018,25.7312],[-103.31052,25.73202]],[[-103.31054,25.69221],[-103.31093,25.69051]],[[-103.31093,25.69051],[-103.31063,25.68981],[-103.30816,25.68937],[-103.30575,25.68815],[-103.30509,25.68729],[-103.29731,25.65403]],[[-103.31479,25.3979],[-103.31422,25.39162],[-103.31367,25.39109]],[[-103.31479,25.3979],[-103.31388,25.39686],[-103.31306,25.39632],[-103.30233,25.39191],[-103.30148,25.39212],[-103.29359,25.39769],[-103.29312,25.39828],[-103.29139,25.39733],[-103.29084,25.39726],[-103.28462,25.40049],[-103.28329,25.40074],[-103.27423,25.40072],[-103.27104,25.39962],[-103.26657,25.40092],[-103.26662,25.40152],[-103.25137,25.39982],[-103.24384,25.39743],[-103.22901,25.39587]],[[-103.31053,25.69228],[-103.31054,25.69221]],[[-103.31054,25.69221],[-103.30857,25.69095],[-103.30721,25.69048]],[[-103.30719,25.69055],[-103.30837,25.69093],[-103.31053,25.69228]],[[-103.29573,25.61607],[-103.30901,25.61806]],[[-103.30721,25.69048],[-103.30719,25.69055]],[[-103.30721,25.69048],[-103.30613,25.69045],[-103.30505,25.69064]],[[-103.30505,25.69064],[-103.30632,25.69051],[-103.30719,25.69055]],[[-103.26863,25.86432],[-103.2704,25.86736],[-103.28,25.87126],[-103.28246,25.87252],[-103.28596,25.87475],[-103.28643,25.87475],[-103.28901,25.87341],[-103.28981,25.87347],[-103.29468,25.87794],[-103.29372,25.88093],[-103.29384,25.88169],[-103.29434,25.88237],[-103.2951,25.88279],[-103.30375,25.88492]],[[-103.30505,25.69064],[-103.29456,25.69195],[-103.28777,25.69096],[-103.28691,25.69103]],[[-103.23411,25.44419],[-103.23915,25.44582],[-103.24561,25.44692],[-103.25255,25.4468],[-103.25387,25.4465],[-103.25531,25.44576],[-103.25654,25.44458],[-103.25729,25.44313],[-103.25922,25.4324],[-103.26033,25.42901],[-103.26093,25.42557],[-103.2623,25.42422],[-103.26384,25.42386],[-103.26491,25.42402],[-103.26578,25.42443],[-103.2797,25.43321],[-103.28054,25.43212],[-103.29517,25.44161],[-103.29669,25.44214],[-103.30694,25.44404]],[[-103.30267,25.59035],[-103.30189,25.59282],[-103.3009,25.59371],[-103.30047,25.59504]],[[-103.30036,25.59554],[-103.30017,25.59531],[-103.30047,25.59504]],[[-103.30047,25.59504],[-103.30036,25.59554]],[[-103.29573,25.61607],[-103.30036,25.59554]],[[-103.27471,25.66145],[-103.27541,25.66081],[-103.27838,25.66072],[-103.27957,25.66047],[-103.29731,25.65403]],[[-103.29731,25.65403],[-103.29495,25.64395]],[[-103.29041,25.62457],[-103.28988,25.62225],[-103.29017,25.62109],[-103.29065,25.62065],[-103.29489,25.61838],[-103.29537,25.61765],[-103.29573,25.61607]],[[-103.29495,25.64395],[-103.29041,25.62457]],[[-103.26836,25.64087],[-103.27219,25.6415],[-103.27274,25.64133],[-103.29041,25.62457]],[[-103.29148,25.52595],[-103.2849,25.56219],[-103.28327,25.56367],[-103.28295,25.56517],[-103.28174,25.5654],[-103.28109,25.5682],[-103.27732,25.5675],[-103.27637,25.5677],[-103.27562,25.56834],[-103.27429,25.57331],[-103.27269,25.57464],[-103.27108,25.58156]],[[-103.28691,25.69103],[-103.28671,25.69098]],[[-103.28691,25.69103],[-103.28671,25.69116]],[[-103.22452,25.76137],[-103.22526,25.76024],[-103.22463,25.75737],[-103.2259,25.75568],[-103.22702,25.75327],[-103.22626,25.75289],[-103.22622,25.75066],[-103.23688,25.73248],[-103.24417,25.72977],[-103.2441,25.72933],[-103.24552,25.72889],[-103.2453,25.72758],[-103.26119,25.72565],[-103.26182,25.72597],[-103.2725,25.71429],[-103.27286,25.71349],[-103.27405,25.70695],[-103.28047,25.69837],[-103.28239,25.69617],[-103.28392,25.69502],[-103.28586,25.69455],[-103.28613,25.69212],[-103.28671,25.69116]],[[-103.28671,25.69116],[-103.28671,25.69098]],[[-103.28671,25.69098],[-103.28694,25.68839],[-103.28647,25.68815],[-103.28357,25.68775],[-103.28327,25.68752],[-103.27985,25.67812],[-103.27471,25.66145]],[[-103.28155,25.76308],[-103.28284,25.76373],[-103.27788,25.77246],[-103.27764,25.77331]],[[-103.27685,25.83805],[-103.27678,25.84798],[-103.27657,25.85026],[-103.27622,25.85086],[-103.27403,25.85214]],[[-103.27758,25.78405],[-103.27675,25.77418]],[[-103.27675,25.77418],[-103.27577,25.77469]],[[-103.27675,25.77418],[-103.27666,25.77337]],[[-103.27577,25.77469],[-103.27239,25.77671]],[[-103.27243,25.77677],[-103.27577,25.77469]],[[-103.27039,25.77555],[-103.27201,25.77317],[-103.2718,25.76913],[-103.27584,25.769]],[[-103.27403,25.85214],[-103.27086,25.85412],[-103.27112,25.85925],[-103.26933,25.8638],[-103.26863,25.86432]],[[-103.27403,25.85214],[-103.2733,25.85137],[-103.26944,25.85072],[-103.26548,25.85104]],[[-103.27471,25.66145],[-103.27116,25.65007]],[[-103.27225,25.7769],[-103.27243,25.77677]],[[-103.27243,25.77677],[-103.27239,25.77671]],[[-103.27239,25.77671],[-103.27225,25.77669]],[[-103.27021,25.77816],[-103.27225,25.7769]],[[-103.27218,25.77682],[-103.27225,25.7769]],[[-103.27225,25.77669],[-103.27218,25.77682]],[[-103.27225,25.77669],[-103.27039,25.77555]],[[-103.27218,25.77682],[-103.27021,25.77816]],[[-103.26993,25.77785],[-103.26907,25.77735],[-103.27039,25.77555]],[[-103.27039,25.77555],[-103.26789,25.77407],[-103.26767,25.77368],[-103.26706,25.76444],[-103.26768,25.76004]],[[-103.27021,25.77816],[-103.25526,25.78743]],[[-103.26863,25.86432],[-103.26472,25.86617],[-103.26451,25.86672],[-103.26481,25.86975]],[[-103.25725,25.83485],[-103.26076,25.82979],[-103.26886,25.82949]],[[-103.26886,25.82949],[-103.26908,25.83347],[-103.27656,25.83894],[-103.27655,25.84267],[-103.26825,25.8495],[-103.26559,25.84991],[-103.26548,25.85104]],[[-103.26886,25.82949],[-103.26846,25.81645]],[[-103.27116,25.65007],[-103.26836,25.64087]],[[-103.27116,25.65007],[-103.26502,25.6498],[-103.26291,25.65018]],[[-103.25526,25.78743],[-103.25784,25.79649],[-103.26807,25.80376],[-103.26846,25.81645]],[[-103.26789,25.7587],[-103.26768,25.76004]],[[-103.26768,25.76004],[-103.26783,25.75988],[-103.26789,25.7587]],[[-103.26548,25.85104],[-103.26217,25.85035],[-103.25789,25.85068],[-103.25731,25.85117],[-103.2553,25.85579],[-103.25499,25.85699],[-103.25593,25.85727],[-103.25623,25.86724]],[[-103.26836,25.64087],[-103.2683,25.64073],[-103.26814,25.64077]],[[-103.26814,25.64077],[-103.26836,25.64087]],[[-103.20563,25.60674],[-103.20829,25.61037],[-103.21141,25.61122],[-103.21266,25.61201],[-103.22265,25.62583],[-103.22291,25.62605],[-103.22331,25.62601],[-103.22359,25.62736],[-103.22453,25.62735],[-103.22626,25.62784],[-103.23372,25.63049],[-103.25233,25.63607],[-103.25347,25.63579],[-103.25615,25.63364],[-103.25651,25.63359],[-103.2599,25.63927],[-103.26061,25.63999],[-103.26192,25.64268],[-103.26535,25.64179],[-103.26814,25.64077]],[[-103.26481,25.86975],[-103.25641,25.87085],[-103.25623,25.86724]],[[-103.26481,25.86975],[-103.26599,25.88134],[-103.26749,25.88418],[-103.26704,25.88493],[-103.26583,25.88517],[-103.26543,25.8857],[-103.26639,25.88727],[-103.26718,25.89601],[-103.2253,25.94668],[-103.22535,25.94692],[-103.20923,25.96604]],[[-103.25717,25.51932],[-103.25807,25.51552],[-103.26673,25.50568]],[[-103.26673,25.50568],[-103.26812,25.50389],[-103.26966,25.49556],[-103.26799,25.50386],[-103.26663,25.50561]],[[-103.26673,25.50568],[-103.26663,25.50561]],[[-103.26663,25.50561],[-103.25791,25.51551],[-103.25704,25.51931]],[[-103.26571,25.53526],[-103.26553,25.53417]],[[-103.26539,25.53419],[-103.26557,25.53526]],[[-103.26553,25.53417],[-103.26539,25.53419]],[[-103.26553,25.53417],[-103.26525,25.53238]],[[-103.2651,25.53241],[-103.26539,25.53419]],[[-103.26525,25.53238],[-103.2651,25.53241]],[[-103.26525,25.53238],[-103.26512,25.53149]],[[-103.26497,25.53151],[-103.2651,25.53241]],[[-103.26512,25.53149],[-103.26497,25.53151]],[[-103.26512,25.53149],[-103.26484,25.52972]],[[-103.2647,25.52975],[-103.26497,25.53151]],[[-103.26484,25.52972],[-103.2647,25.52975]],[[-103.26484,25.52972],[-103.26456,25.52791]],[[-103.26441,25.52793],[-103.2647,25.52975]],[[-103.26456,25.52791],[-103.26441,25.52793]],[[-103.26456,25.52791],[-103.2644,25.52698]],[[-103.26427,25.52701],[-103.26441,25.52793]],[[-103.2644,25.52698],[-103.26427,25.52701]],[[-103.2644,25.52698],[-103.26432,25.52651]],[[-103.26421,25.5266],[-103.26432,25.52651]],[[-103.26432,25.52651],[-103.26419,25.52638]],[[-103.26421,25.5266],[-103.26427,25.52701]],[[-103.26408,25.52648],[-103.26421,25.5266]],[[-103.26419,25.52638],[-103.26408,25.52648]],[[-103.26419,25.52638],[-103.26003,25.52522],[-103.25711,25.5205],[-103.25717,25.51932]],[[-103.25704,25.51931],[-103.25699,25.52059],[-103.25998,25.52538],[-103.26408,25.52648]],[[-103.23335,25.87011],[-103.25725,25.83485]],[[-103.25725,25.83485],[-103.23501,25.82758],[-103.23702,25.82299],[-103.23706,25.82118],[-103.2365,25.81958],[-103.22444,25.80662]],[[-103.25949,25.5793],[-103.2608,25.58235],[-103.26039,25.58345],[-103.26072,25.58435]],[[-103.25623,25.86724],[-103.24243,25.86924],[-103.23335,25.87011]],[[-103.25526,25.78743],[-103.22444,25.80662]],[[-103.25526,25.78743],[-103.24888,25.77998],[-103.24888,25.77603],[-103.2495,25.77538],[-103.24956,25.77499]],[[-103.25717,25.51932],[-103.25704,25.51931]],[[-103.25356,25.36938],[-103.24733,25.36921],[-103.24277,25.37026],[-103.23733,25.37074],[-103.2339,25.37081]],[[-103.23077,25.46291],[-103.2407,25.46478]],[[-103.23882,25.53808],[-103.23947,25.5349],[-103.23929,25.53098],[-103.23875,25.52384]],[[-103.23875,25.52384],[-103.23941,25.53482],[-103.23876,25.53809]],[[-103.23875,25.52384],[-103.22063,25.51968]],[[-103.21492,25.87244],[-103.23335,25.87011]],[[-103.23077,25.46291],[-103.23411,25.44419]],[[-103.23411,25.44419],[-103.2365,25.43262],[-103.23641,25.43186],[-103.23519,25.43019],[-103.23127,25.42882],[-103.22662,25.42547],[-103.22516,25.42502],[-103.22436,25.42529],[-103.22336,25.42488]],[[-103.2339,25.37081],[-103.22666,25.3882],[-103.22686,25.39529],[-103.22888,25.39559],[-103.22901,25.39587]],[[-103.23427,25.28821],[-103.23385,25.30479],[-103.23394,25.30497],[-103.2349,25.30499],[-103.23492,25.3059],[-103.23488,25.3068],[-103.2338,25.30691],[-103.23266,25.36869],[-103.23384,25.37022],[-103.2339,25.37081]],[[-103.23427,25.28821],[-103.22401,25.28079],[-103.21733,25.27802],[-103.20496,25.2754],[-103.20367,25.27533],[-103.19702,25.2776],[-103.18264,25.27931],[-103.18227,25.27883],[-103.18385,25.27372],[-103.18367,25.27316],[-103.15001,25.26325],[-103.14934,25.26222],[-103.1481,25.25705],[-103.14805,25.25565]],[[-103.23076,25.46298],[-103.23077,25.46291]],[[-103.22141,25.51478],[-103.22207,25.51112],[-103.22518,25.49791],[-103.22724,25.48509],[-103.23114,25.46546],[-103.23076,25.46298]],[[-103.23076,25.46298],[-103.22851,25.46272],[-103.19999,25.45734]],[[-103.21318,25.79407],[-103.21399,25.79432],[-103.21471,25.79598],[-103.22185,25.80351],[-103.22444,25.80662]],[[-103.22901,25.39587],[-103.23139,25.41131],[-103.23125,25.41151],[-103.22877,25.41146],[-103.22842,25.41166]],[[-103.22842,25.41166],[-103.22978,25.41295],[-103.22984,25.41366],[-103.23019,25.41418],[-103.23054,25.42147],[-103.23025,25.42167],[-103.2279,25.42158],[-103.22417,25.42342],[-103.2233,25.42448]],[[-103.13603,25.3786],[-103.1421,25.3838],[-103.1438,25.38445],[-103.1809,25.39218],[-103.19713,25.39324],[-103.1977,25.39384],[-103.20491,25.39434],[-103.21874,25.40341],[-103.22842,25.41166]],[[-103.22142,25.75937],[-103.22062,25.75952],[-103.22036,25.75988],[-103.21735,25.77443],[-103.21726,25.77665],[-103.21634,25.77909],[-103.21318,25.79407]],[[-103.20923,25.96604],[-103.21662,25.98546],[-103.21701,25.98613],[-103.21783,25.9868]],[[-103.22336,25.42488],[-103.2233,25.42448]],[[-103.22336,25.42488],[-103.2228,25.42465]],[[-103.21838,25.75917],[-103.21849,25.75862],[-103.21832,25.7585],[-103.20499,25.75869],[-103.20056,25.75794],[-103.19721,25.75692]],[[-103.2233,25.42448],[-103.2228,25.42465]],[[-103.2228,25.42465],[-103.22121,25.42399],[-103.22053,25.42408],[-103.21127,25.43014],[-103.2106,25.4303],[-103.20901,25.43003],[-103.20998,25.42443],[-103.20989,25.42396],[-103.20955,25.42358],[-103.2082,25.42308],[-103.20749,25.42182],[-103.20543,25.42138],[-103.20478,25.42103],[-103.20453,25.42034],[-103.20497,25.41806],[-103.20465,25.41757],[-103.20412,25.41726],[-103.18271,25.41844],[-103.1819,25.41907],[-103.18033,25.42508],[-103.177,25.42954],[-103.17388,25.43262],[-103.17342,25.43421],[-103.1607,25.43197],[-103.15991,25.4325],[-103.15905,25.43626],[-103.15875,25.43667],[-103.15807,25.43694],[-103.15401,25.43715]],[[-103.22141,25.51478],[-103.22053,25.51965]],[[-103.22063,25.51968],[-103.22141,25.51478]],[[-103.22053,25.51965],[-103.21913,25.528],[-103.22063,25.51968]],[[-103.22063,25.51968],[-103.22053,25.51965]],[[-103.21492,25.87244],[-103.21559,25.87353],[-103.21568,25.87469],[-103.21401,25.87974]],[[-103.20189,25.85306],[-103.20218,25.8538],[-103.20868,25.86287],[-103.21492,25.87244]],[[-103.21401,25.87974],[-103.20223,25.88249],[-103.19564,25.88705],[-103.19247,25.88775],[-103.18998,25.88698],[-103.18716,25.88729],[-103.18381,25.88813],[-103.18096,25.88847],[-103.18046,25.88899],[-103.18043,25.89023],[-103.17874,25.89139],[-103.16307,25.89349],[-103.15628,25.89296]],[[-103.21401,25.87974],[-103.21157,25.91792],[-103.19938,25.9368],[-103.19891,25.93828],[-103.19911,25.93925],[-103.20923,25.96604]],[[-103.21696,25.56839],[-103.21737,25.56817]],[[-103.21735,25.56806],[-103.21699,25.56814],[-103.21696,25.56839]],[[-103.21696,25.56839],[-103.21667,25.57027],[-103.21731,25.57164],[-103.21458,25.57746],[-103.21402,25.57921],[-103.21512,25.5821],[-103.21544,25.58383],[-103.2153,25.58434],[-103.21477,25.58462],[-103.20162,25.58757],[-103.201,25.58814],[-103.20079,25.59966],[-103.20121,25.60057],[-103.20545,25.6065]],[[-103.21318,25.79407],[-103.21264,25.79661],[-103.20772,25.80897],[-103.20304,25.8123],[-103.20037,25.81546],[-103.19788,25.81907]],[[-103.20539,25.60674],[-103.20563,25.60674]],[[-103.20545,25.6065],[-103.20563,25.60674]],[[-103.15904,25.87381],[-103.16145,25.85803],[-103.16168,25.85769],[-103.17556,25.85732],[-103.17627,25.85798],[-103.17763,25.85799],[-103.17999,25.85588],[-103.19875,25.85547],[-103.19978,25.85438],[-103.2003,25.85422],[-103.20051,25.85338],[-103.20111,25.85346],[-103.20189,25.85306]],[[-103.19788,25.81907],[-103.1994,25.81983],[-103.19977,25.82056],[-103.20004,25.84261],[-103.20042,25.84334],[-103.20283,25.84525],[-103.20313,25.84593],[-103.20189,25.85306]],[[-103.20539,25.60674],[-103.20545,25.6065]],[[-103.0553,25.67053],[-103.05737,25.66487],[-103.05748,25.66325],[-103.05526,25.65865],[-103.05288,25.65611],[-103.05124,25.65364],[-103.05034,25.65142],[-103.04986,25.64886],[-103.04955,25.63733],[-103.05018,25.63253],[-103.05097,25.62935],[-103.05217,25.62186],[-103.05277,25.62009],[-103.0536,25.61878],[-103.0555,25.61698],[-103.06317,25.61161],[-103.06905,25.60855],[-103.0865,25.60342],[-103.0966,25.60102],[-103.09907,25.60069],[-103.10209,25.60093],[-103.12302,25.6077],[-103.12693,25.6096],[-103.12866,25.61059],[-103.13288,25.61389],[-103.13409,25.61553],[-103.13586,25.61913],[-103.13689,25.62013],[-103.14543,25.62566],[-103.14696,25.62625],[-103.14846,25.62643],[-103.15937,25.62454],[-103.16118,25.62364],[-103.1635,25.6212],[-103.16486,25.6204],[-103.16606,25.62002],[-103.17398,25.61882],[-103.17513,25.61827],[-103.17744,25.6165],[-103.17914,25.61581],[-103.18053,25.61565],[-103.18419,25.61595],[-103.18569,25.61584],[-103.18725,25.61532],[-103.19108,25.61314],[-103.196,25.61285],[-103.20034,25.61036],[-103.20539,25.60674]],[[-103.19963,25.74748],[-103.19967,25.74798],[-103.19721,25.75692]],[[-103.19963,25.74748],[-103.19834,25.73894],[-103.19915,25.73828],[-103.20133,25.74031],[-103.20356,25.74126],[-103.20383,25.7446],[-103.20381,25.74566],[-103.19963,25.74748]],[[-103.19192,25.76069],[-103.19331,25.76697],[-103.19137,25.7771],[-103.19212,25.79198],[-103.19377,25.80409],[-103.19491,25.81692],[-103.19557,25.81793],[-103.19788,25.81907]],[[-103.19721,25.75692],[-103.19742,25.75952]],[[-103.19721,25.75692],[-103.15473,25.74497],[-103.1534,25.74444],[-103.14212,25.73849],[-103.14115,25.73775],[-103.12637,25.7154],[-103.12586,25.71512],[-103.1015,25.70936],[-103.09987,25.70867],[-103.09789,25.70711],[-103.09666,25.7065]],[[-103.16642,25.97538],[-103.15571,25.96314],[-103.15194,25.94611],[-103.15042,25.93613],[-103.15628,25.89296]],[[-103.15628,25.89296],[-103.15878,25.87701],[-103.15993,25.87541],[-103.16006,25.87486],[-103.15992,25.87408],[-103.15904,25.87381]],[[-103.15904,25.87381],[-103.15829,25.87373],[-103.15761,25.87382],[-103.15073,25.87568],[-103.14846,25.87695],[-103.13437,25.8814],[-103.13311,25.88154],[-103.1327,25.88135],[-103.13232,25.87953],[-103.13227,25.86933],[-103.13035,25.85553],[-103.12911,25.85421],[-103.12098,25.84727],[-103.11108,25.84717],[-103.11036,25.84692],[-103.10977,25.84635],[-103.10951,25.8456],[-103.10933,25.83326],[-103.10893,25.82492]],[[-103.14909,25.76605],[-103.15104,25.78497],[-103.15208,25.78736],[-103.15221,25.78843],[-103.15293,25.78974]],[[-103.15319,25.43719],[-103.15401,25.43715]],[[-103.15401,25.43715],[-103.15316,25.4377]],[[-103.1328,25.4309],[-103.13338,25.43376],[-103.13324,25.43482],[-103.13359,25.4353],[-103.13882,25.43627],[-103.14905,25.43746],[-103.15319,25.43719]],[[-103.15319,25.43719],[-103.15316,25.4377]],[[-103.15316,25.4377],[-103.14939,25.45759],[-103.14617,25.47685],[-103.14035,25.50838]],[[-103.13603,25.3786],[-103.13572,25.37586],[-103.13664,25.37328],[-103.14064,25.37153],[-103.14111,25.37014],[-103.1437,25.3667],[-103.14258,25.35713]],[[-103.12662,25.77773],[-103.13352,25.77405]],[[-103.09865,25.44863],[-103.10262,25.42488],[-103.10332,25.41908],[-103.10226,25.41835],[-103.09913,25.4177],[-103.09501,25.41747],[-103.09332,25.41363],[-103.09567,25.40463],[-103.09256,25.39549],[-103.09246,25.38759],[-103.09412,25.37713],[-103.09381,25.37117],[-103.09395,25.3696],[-103.09467,25.36915],[-103.09641,25.3696],[-103.11305,25.37661],[-103.12954,25.37755],[-103.13406,25.37802],[-103.13603,25.3786]],[[-103.12735,25.82494],[-103.12684,25.82321],[-103.12635,25.8228],[-103.12573,25.82272],[-103.10893,25.82492]],[[-103.12662,25.77773],[-103.12507,25.77798],[-103.11607,25.77795]],[[-103.11607,25.77804],[-103.1255,25.77804],[-103.12662,25.77773]],[[-103.1166,25.77265],[-103.1156,25.77563],[-103.11614,25.77622],[-103.11607,25.77795]],[[-103.11607,25.77795],[-103.11384,25.77799]],[[-103.11607,25.77804],[-103.11607,25.77795]],[[-103.11384,25.77799],[-103.11413,25.77803],[-103.11607,25.77804]],[[-103.10893,25.82492],[-103.10854,25.82039],[-103.10838,25.81413],[-103.10858,25.81313],[-103.11889,25.80179],[-103.11929,25.80098],[-103.11533,25.78511],[-103.11612,25.78115],[-103.1159,25.78066],[-103.11607,25.77804]],[[-103.0946,25.76991],[-103.09489,25.7702],[-103.1119,25.77767],[-103.11283,25.77796],[-103.11324,25.77799],[-103.11384,25.77799]],[[-103.09865,25.44863],[-103.10665,25.44996],[-103.10698,25.45065]],[[-103.09666,25.7065],[-103.09527,25.70933],[-103.09552,25.70982],[-103.09791,25.71178],[-103.09791,25.71236],[-103.09749,25.7128],[-103.05846,25.72722],[-103.0571,25.7273],[-103.03273,25.72518],[-103.02947,25.72571],[-103.02852,25.72631],[-103.02671,25.72457]],[[-103.00195,25.70076],[-103.00374,25.69961],[-103.00499,25.69919],[-103.03947,25.69344],[-103.04303,25.69333],[-103.06464,25.68734],[-103.0656,25.68722],[-103.06662,25.68765],[-103.08235,25.7001],[-103.09666,25.7065]],[[-103.09121,25.4926],[-103.0961,25.46185],[-103.09709,25.45786],[-103.09865,25.44863]],[[-103.09072,25.76831],[-103.08192,25.7731],[-103.07994,25.77455],[-103.0799,25.79484],[-103.08421,25.79478],[-103.08406,25.79851],[-103.08377,25.79923],[-103.08332,25.79939],[-103.08054,25.79903],[-103.07977,25.79918],[-103.07502,25.80407],[-103.0716,25.80404],[-103.07098,25.80433],[-103.07036,25.8063],[-103.06882,25.80728],[-103.06749,25.80933],[-103.06201,25.81032],[-103.05497,25.81446],[-103.05474,25.81476],[-103.05491,25.81549],[-103.0482,25.81574],[-103.04617,25.81473],[-103.04595,25.81395],[-103.04608,25.81205],[-103.04398,25.81103],[-103.04609,25.79253],[-103.04701,25.78709],[-103.04698,25.78268],[-103.04629,25.78203],[-103.04605,25.77906],[-103.04567,25.77838],[-103.04426,25.7773],[-103.04869,25.77182],[-103.0485,25.75219]],[[-103.07998,25.7636],[-103.07957,25.74844],[-103.09717,25.73704],[-103.09462,25.73405],[-103.08186,25.73112],[-103.06501,25.74187],[-103.06345,25.74181],[-103.06329,25.74211],[-103.06349,25.75536],[-103.06325,25.7562]],[[-103.0553,25.67053],[-103.06376,25.67333],[-103.06794,25.67657],[-103.0692,25.67809],[-103.06924,25.67869],[-103.06866,25.68053],[-103.06931,25.68091],[-103.06873,25.68245],[-103.06955,25.68283],[-103.06988,25.68384]],[[-103.06052,25.48231],[-103.05484,25.49064],[-103.05481,25.49352],[-103.0481,25.49836],[-103.04642,25.50075],[-103.04598,25.50245]],[[-103.0553,25.67053],[-103.04538,25.67261],[-103.04066,25.68869],[-103.04034,25.68915],[-103.02916,25.68676],[-103.0252,25.68867],[-103.00413,25.68901]],[[-103.008,25.65853],[-103.00884,25.66279],[-103.00665,25.66677],[-103.00606,25.67493],[-103.00413,25.68901]],[[-103.00413,25.68901],[-102.98879,25.68924]],[[-103.00413,25.68901],[-103.0037,25.69282],[-103.00268,25.69518],[-103.00295,25.69672],[-103.00365,25.6972],[-103.00374,25.69793],[-103.00327,25.69877],[-103.00206,25.69983],[-103.00195,25.70076]],[[-102.97313,25.70385],[-102.98506,25.70742],[-102.98995,25.70827],[-102.9923,25.70736],[-102.99414,25.7058],[-102.99729,25.70413],[-103.00195,25.70076]],[[-103.00195,25.70076],[-103.00199,25.7023],[-103.00144,25.70627],[-103.00161,25.71457],[-103.00018,25.71757],[-102.99866,25.72822],[-102.99826,25.73332],[-102.99769,25.73409],[-102.98832,25.74206],[-102.98807,25.74298],[-102.98857,25.74879]],[[-102.9889,25.76278],[-102.99808,25.76267]],[[-102.99424,25.7585],[-102.99399,25.74874]],[[-102.98857,25.74879],[-102.99399,25.74874]],[[-102.99399,25.74874],[-102.99398,25.74866],[-102.98857,25.74879]],[[-102.98872,25.76693],[-102.98917,25.77384]],[[-102.98879,25.76278],[-102.9889,25.76278]],[[-102.98879,25.7664],[-102.9889,25.76278]],[[-102.9889,25.76278],[-102.98885,25.76268]],[[-102.98872,25.76693],[-102.98879,25.7664]],[[-102.98879,25.76278],[-102.98879,25.7664]],[[-102.98885,25.76268],[-102.98879,25.76278]],[[-102.98873,25.75955],[-102.98885,25.76268]],[[-102.9789,25.76294],[-102.98879,25.76278]],[[-102.97856,25.76382],[-102.98771,25.76684],[-102.98815,25.76695],[-102.98872,25.76693]],[[-102.98857,25.74879],[-102.98866,25.75849]],[[-102.98879,25.68924],[-102.9594,25.68952],[-102.95114,25.68889],[-102.94979,25.6896],[-102.94795,25.69176],[-102.93685,25.69295],[-102.93165,25.69528],[-102.92638,25.69618],[-102.90656,25.69253],[-102.90566,25.69222],[-102.905,25.69346],[-102.90441,25.69573],[-102.90479,25.6981],[-102.90524,25.69854],[-102.92429,25.70759],[-102.9252,25.70778],[-102.94954,25.70337],[-102.95221,25.70324],[-102.95933,25.70037],[-102.96028,25.70017],[-102.96146,25.70035],[-102.97313,25.70385]],[[-102.97873,25.67533],[-102.98359,25.67788],[-102.9845,25.67862],[-102.98688,25.68252],[-102.9888,25.68862],[-102.98879,25.68924]],[[-102.97873,25.67533],[-102.97745,25.6759],[-102.97796,25.67807],[-102.97744,25.6789],[-102.93482,25.67902]],[[-102.97873,25.67533],[-102.9744,25.67095],[-102.9653,25.66824],[-102.96166,25.66273],[-102.96207,25.65893],[-102.95891,25.65656],[-102.95303,25.65359],[-102.95106,25.65181],[-102.9498,25.65135],[-102.94898,25.65157],[-102.94754,25.6533],[-102.94654,25.65602],[-102.94427,25.65946],[-102.94139,25.67281],[-102.93482,25.67902]],[[-102.96127,25.73209],[-102.96185,25.73149],[-102.96669,25.72265],[-102.9672,25.71705],[-102.96842,25.71575],[-102.9718,25.71424],[-102.97261,25.7141],[-102.97255,25.70602],[-102.97313,25.70385]],[[-102.9614,25.73232],[-102.94471,25.73526],[-102.93914,25.73721]],[[-102.92869,25.44261],[-102.92906,25.44063],[-102.92951,25.43994],[-102.95451,25.40459],[-102.9568,25.35606],[-102.95717,25.35461],[-102.95714,25.35069]],[[-102.93473,25.67909],[-102.93482,25.67902]],[[-102.90425,25.6458],[-102.85244,25.66588],[-102.85111,25.66673],[-102.84126,25.67562],[-102.84045,25.67491],[-102.83865,25.67645],[-102.83591,25.67663],[-102.8207,25.68146],[-102.8099,25.68428],[-102.80823,25.68537],[-102.80753,25.68611],[-102.79521,25.70629],[-102.79367,25.7115],[-102.79368,25.71333]],[[-102.82586,26.32851],[-102.82151,26.31724],[-102.80187,26.24719],[-102.79975,26.24349],[-102.79884,26.23898],[-102.79678,26.23306],[-102.79524,26.2294],[-102.79234,26.23193],[-102.78904,26.23222],[-102.72378,26.21344]],[[-102.81747,25.32091],[-102.81735,25.32129],[-102.81574,25.32268],[-102.8103,25.32722],[-102.80809,25.32857],[-102.80804,25.32883]],[[-102.80509,25.34799],[-102.78546,25.34742],[-102.78332,25.34764],[-102.76733,25.35326],[-102.72105,25.37013],[-102.66028,25.3969],[-102.60778,25.42646],[-102.60445,25.42892],[-102.60206,25.43138]],[[-102.64402,25.66021],[-102.64522,25.66084]],[[-102.64324,25.66097],[-102.6438,25.66072],[-102.64402,25.66021]],[[-102.64402,25.66021],[-102.63318,25.63734],[-102.62958,25.63043],[-102.6284,25.62913],[-102.62532,25.628],[-102.62458,25.62749],[-102.62149,25.62185]],[[-102.62323,25.62097],[-102.61944,25.61386],[-102.6182,25.6135],[-102.61001,25.60621],[-102.60802,25.60511],[-102.60126,25.59751],[-102.59849,25.59309],[-102.59392,25.58896],[-102.59175,25.58544],[-102.58201,25.57707],[-102.57282,25.57123],[-102.57219,25.56983],[-102.57225,25.56873],[-102.57113,25.56652],[-102.56655,25.56314],[-102.56621,25.54251],[-102.5654,25.54031],[-102.56632,25.53294],[-102.5661,25.52603],[-102.56638,25.52467],[-102.56495,25.48953],[-102.55696,25.47777]],[[-102.55696,25.47777],[-102.56556,25.47172],[-102.56699,25.47044],[-102.56853,25.46833],[-102.57021,25.46526],[-102.5715,25.46379],[-102.57919,25.45929],[-102.58072,25.45815],[-102.58191,25.45663],[-102.5839,25.45244],[-102.58627,25.44933],[-102.59183,25.4425],[-102.60206,25.43138]],[[-102.36909,25.31272],[-102.37456,25.31388],[-102.37481,25.31411],[-102.37758,25.31452],[-102.37834,25.31525],[-102.37959,25.31559],[-102.38123,25.31545],[-102.3823,25.31575],[-102.38293,25.31628],[-102.38739,25.31836],[-102.38821,25.31923],[-102.38965,25.31906],[-102.39044,25.31945],[-102.39151,25.31958],[-102.39385,25.31864],[-102.39602,25.31913],[-102.39747,25.31916],[-102.39914,25.3195],[-102.40038,25.31934],[-102.40107,25.32002],[-102.40174,25.32021],[-102.40507,25.31997],[-102.40598,25.32018],[-102.40682,25.32011],[-102.40872,25.32148],[-102.40886,25.32186],[-102.40953,25.32239],[-102.41348,25.32289],[-102.41392,25.32326],[-102.41455,25.32317],[-102.41815,25.3237],[-102.42004,25.32508],[-102.42178,25.32548],[-102.42243,25.32591],[-102.42599,25.32654],[-102.42648,25.32682],[-102.43001,25.32693],[-102.43165,25.32755],[-102.43594,25.32794],[-102.43665,25.3276],[-102.43806,25.32773],[-102.44212,25.32727],[-102.44402,25.32726],[-102.44513,25.32759],[-102.44566,25.32737],[-102.44794,25.32731],[-102.44902,25.32812],[-102.45072,25.32805],[-102.45157,25.32823],[-102.45405,25.32746],[-102.45521,25.32746],[-102.45583,25.32785],[-102.45753,25.32829],[-102.45913,25.32952],[-102.46002,25.32965],[-102.46129,25.33032],[-102.46183,25.33194],[-102.46269,25.33216],[-102.46359,25.33276],[-102.46465,25.33301],[-102.46562,25.33403],[-102.46641,25.33441],[-102.47351,25.33654],[-102.47482,25.33665],[-102.47825,25.33874],[-102.47943,25.33878],[-102.48309,25.33954],[-102.48387,25.33932],[-102.48468,25.33949],[-102.48529,25.33994],[-102.48666,25.34003],[-102.48808,25.34099],[-102.48966,25.34125],[-102.49153,25.3432],[-102.49694,25.34784],[-102.49715,25.34855],[-102.49806,25.34927],[-102.49845,25.35],[-102.49965,25.35035],[-102.50222,25.35031],[-102.50845,25.35354],[-102.51075,25.35445],[-102.52459,25.36601],[-102.55345,25.38493],[-102.554,25.38547],[-102.5587,25.38827],[-102.55974,25.38919],[-102.56282,25.39086],[-102.5641,25.39184],[-102.57889,25.40067],[-102.5814,25.4009],[-102.58653,25.40219],[-102.58877,25.40435],[-102.59518,25.41143],[-102.59644,25.41373],[-102.59773,25.41665],[-102.59818,25.41892],[-102.59886,25.42045],[-102.6009,25.42733],[-102.6011,25.42918],[-102.60206,25.43138]],[[-102.44111,25.54312],[-102.44683,25.54051],[-102.47966,25.52425],[-102.49687,25.51004],[-102.51246,25.50327],[-102.52371,25.50073],[-102.52544,25.4999],[-102.55696,25.47777]]]}},{"type":"Feature","properties":{"k":"rio"},"geometry":{"type":"MultiLineString","coordinates":[[[-104.50663,25.1344],[-104.50544,25.13353],[-104.50366,25.13154],[-104.5016,25.13041],[-104.49773,25.12998],[-104.49404,25.12985],[-104.49046,25.13029],[-104.48754,25.13011],[-104.48504,25.13145],[-104.48203,25.13255],[-104.48119,25.13281],[-104.48088,25.13284],[-104.4804,25.13268],[-104.47986,25.13283],[-104.4791,25.13326],[-104.47837,25.13421],[-104.47692,25.13462],[-104.47666,25.13438],[-104.47627,25.13429],[-104.47602,25.13408],[-104.47541,25.13374],[-104.47499,25.13356],[-104.47407,25.13363],[-104.47339,25.13334],[-104.4726,25.1326],[-104.4718,25.13103],[-104.47124,25.13083],[-104.47075,25.13042],[-104.46717,25.12959],[-104.46224,25.12976],[-104.46094,25.12962],[-104.45882,25.12762],[-104.45814,25.12736],[-104.45685,25.12771],[-104.45527,25.12885],[-104.45414,25.13045],[-104.45274,25.13186],[-104.45086,25.13349],[-104.44859,25.13429],[-104.44647,25.13437],[-104.44542,25.13469],[-104.44141,25.13745],[-104.44062,25.13747],[-104.43824,25.13687],[-104.43413,25.13501],[-104.43105,25.13429],[-104.42922,25.13495],[-104.42787,25.13574],[-104.42704,25.1371],[-104.42556,25.13812],[-104.42511,25.13834],[-104.42288,25.13841],[-104.42125,25.13812],[-104.42085,25.13783],[-104.42063,25.1372],[-104.42059,25.13565],[-104.42011,25.13471],[-104.41901,25.13435],[-104.4177,25.13493],[-104.41633,25.13493],[-104.41549,25.13525],[-104.4132,25.13411],[-104.41252,25.13342],[-104.41072,25.13248],[-104.40887,25.13097],[-104.40728,25.13014],[-104.40664,25.13088],[-104.40538,25.13439],[-104.4052,25.13538],[-104.40424,25.13677],[-104.40389,25.13787],[-104.40389,25.14205],[-104.40364,25.14434],[-104.404,25.14611],[-104.40172,25.14835],[-104.40004,25.14895],[-104.39896,25.14854],[-104.39705,25.14707],[-104.39647,25.14625],[-104.39578,25.14462],[-104.39399,25.14303],[-104.39148,25.14023],[-104.38954,25.13934],[-104.38518,25.13572],[-104.38434,25.1356],[-104.38137,25.13602],[-104.37981,25.13586],[-104.37618,25.13401],[-104.37162,25.13277],[-104.36987,25.13172],[-104.36912,25.12932],[-104.36831,25.12869],[-104.36548,25.12831],[-104.36285,25.12909],[-104.35953,25.13069],[-104.35881,25.13143],[-104.35788,25.1335],[-104.35725,25.13589],[-104.35647,25.1383],[-104.35598,25.1387],[-104.35561,25.13869],[-104.35384,25.13911],[-104.35083,25.1385],[-104.35024,25.13787],[-104.34868,25.13493],[-104.3486,25.13452],[-104.34869,25.13397],[-104.34858,25.13367],[-104.34662,25.1316],[-104.3458,25.12856],[-104.34467,25.12689],[-104.34321,25.12615],[-104.34285,25.1262],[-104.34243,25.12706],[-104.34122,25.12772],[-104.34052,25.12899],[-104.33949,25.13009],[-104.33669,25.1366],[-104.33601,25.13713],[-104.33108,25.13431],[-104.3306,25.13276],[-104.32829,25.12951],[-104.32693,25.12872],[-104.32646,25.12872],[-104.32479,25.12913],[-104.32111,25.12905],[-104.31931,25.12972],[-104.31514,25.13283],[-104.31412,25.13406],[-104.31274,25.13481],[-104.31144,25.13523],[-104.30887,25.13503],[-104.30603,25.13407],[-104.30264,25.13245],[-104.30187,25.1319],[-104.30107,25.13104],[-104.30006,25.13071],[-104.29764,25.13013],[-104.29593,25.13061],[-104.29471,25.13042],[-104.29421,25.13012],[-104.29368,25.13011],[-104.29246,25.13078],[-104.29147,25.1328],[-104.29032,25.13389],[-104.28677,25.13599],[-104.28605,25.13705],[-104.28552,25.13959],[-104.28462,25.1407],[-104.28318,25.14143],[-104.27996,25.14151],[-104.27758,25.1423],[-104.27678,25.14369],[-104.27635,25.14501],[-104.27705,25.14731],[-104.27633,25.14838],[-104.27154,25.15153],[-104.27084,25.15167],[-104.27058,25.15131],[-104.26931,25.15138],[-104.26882,25.15283],[-104.26724,25.15465],[-104.26676,25.15498],[-104.26343,25.15652],[-104.26124,25.15815],[-104.25938,25.15935],[-104.25835,25.161],[-104.25715,25.162],[-104.25676,25.16225],[-104.25643,25.16241],[-104.25583,25.16264],[-104.25503,25.16292],[-104.25159,25.16374],[-104.24911,25.16446],[-104.24664,25.16456],[-104.24521,25.16399],[-104.24349,25.16418],[-104.24105,25.16418],[-104.24033,25.16428],[-104.23895,25.16473],[-104.23725,25.16613],[-104.23657,25.16659],[-104.23516,25.167],[-104.23358,25.16719],[-104.23177,25.16699],[-104.22868,25.16694],[-104.22587,25.16767],[-104.22431,25.16787],[-104.22289,25.16821],[-104.22203,25.16825],[-104.22149,25.16838],[-104.21476,25.17403],[-104.21136,25.17624],[-104.20988,25.17666],[-104.20478,25.17767],[-104.20228,25.1792],[-104.20127,25.17935],[-104.20037,25.1792],[-104.19959,25.17922],[-104.19935,25.17931],[-104.1982,25.18042],[-104.19726,25.18225],[-104.19756,25.18316],[-104.19879,25.18438],[-104.20015,25.1862],[-104.20049,25.18712],[-104.2004,25.18821],[-104.19998,25.18913],[-104.19853,25.18985],[-104.19661,25.19185]],[[-104.19661,25.19185],[-104.19349,25.19315],[-104.19277,25.19371],[-104.19259,25.19403],[-104.19265,25.19441],[-104.19249,25.19487],[-104.19248,25.19563],[-104.19228,25.19633],[-104.19137,25.19738],[-104.19015,25.19781],[-104.18956,25.19834],[-104.18921,25.19962],[-104.19008,25.20024],[-104.19023,25.20088],[-104.18993,25.20155],[-104.18918,25.20438],[-104.18809,25.2062],[-104.18662,25.20635],[-104.18581,25.20608],[-104.18443,25.2065],[-104.18187,25.2066],[-104.17886,25.20689],[-104.1772,25.20678],[-104.17628,25.20723],[-104.17583,25.20756],[-104.17565,25.20805],[-104.17607,25.21207],[-104.17569,25.21523],[-104.17606,25.21662],[-104.17585,25.21942],[-104.17518,25.22315],[-104.17406,25.22536],[-104.17365,25.22557],[-104.17301,25.22557],[-104.17185,25.22746],[-104.1711,25.22745],[-104.16961,25.22667],[-104.16757,25.22535],[-104.16543,25.22379],[-104.16513,25.22345],[-104.16453,25.2225],[-104.16273,25.22139],[-104.15964,25.219],[-104.15556,25.21768],[-104.15359,25.21764],[-104.1519,25.21893],[-104.15151,25.21948],[-104.15095,25.22113],[-104.14813,25.22382],[-104.14492,25.2261],[-104.14323,25.22655],[-104.14264,25.22692],[-104.14053,25.22877],[-104.14019,25.22917],[-104.13996,25.23002],[-104.14074,25.23196],[-104.14079,25.23236],[-104.14069,25.23254],[-104.13849,25.23308],[-104.13614,25.23241],[-104.13413,25.23307],[-104.13282,25.23404],[-104.13195,25.23419],[-104.13102,25.23391],[-104.12934,25.23273],[-104.12845,25.23256],[-104.12237,25.23293],[-104.12125,25.23366],[-104.12052,25.23536],[-104.11979,25.23651],[-104.11809,25.23838],[-104.1174,25.23874],[-104.11674,25.23886],[-104.11314,25.23874],[-104.1126,25.23883],[-104.11157,25.23941],[-104.11114,25.24016],[-104.11157,25.24318],[-104.11137,25.24418],[-104.11039,25.24484],[-104.10881,25.24502],[-104.10798,25.24541],[-104.10699,25.24636],[-104.10693,25.24948],[-104.10579,25.25109],[-104.10529,25.25338],[-104.1048,25.25459],[-104.10517,25.25787],[-104.10505,25.25845],[-104.10445,25.25916],[-104.10152,25.26001],[-104.09928,25.26007],[-104.0963,25.25966],[-104.09354,25.25968],[-104.08872,25.2587],[-104.08766,25.25874],[-104.08523,25.26041],[-104.08256,25.26071],[-104.08068,25.2623],[-104.07985,25.26258],[-104.07781,25.26257],[-104.07755,25.2627],[-104.07616,25.26412],[-104.07524,25.26451],[-104.07427,25.26529],[-104.0727,25.26601],[-104.07154,25.26573],[-104.07048,25.2643],[-104.06921,25.26377],[-104.0665,25.26384],[-104.06361,25.26336],[-104.06274,25.26357],[-104.062,25.26403],[-104.06096,25.26525],[-104.0608,25.2661],[-104.061,25.26796],[-104.06072,25.26928],[-104.0584,25.27205],[-104.05784,25.27334],[-104.0578,25.27376],[-104.05832,25.27499],[-104.05845,25.27596],[-104.05828,25.27664],[-104.05758,25.27719],[-104.05418,25.27739],[-104.05316,25.277],[-104.05095,25.27545],[-104.04889,25.27493],[-104.04777,25.27518],[-104.04583,25.27623],[-104.04445,25.27672],[-104.0435,25.27675],[-104.04234,25.2766],[-104.04121,25.27574],[-104.04048,25.27314],[-104.04025,25.27275],[-104.03845,25.27128],[-104.03732,25.27091],[-104.03636,25.27137],[-104.0356,25.27315],[-104.03443,25.27364],[-104.03427,25.27383],[-104.03417,25.27452],[-104.03441,25.27594],[-104.03346,25.27731],[-104.03288,25.27784],[-104.0319,25.27834],[-104.03084,25.27849],[-104.03017,25.27839],[-104.02755,25.27736],[-104.02657,25.27728],[-104.02578,25.27747],[-104.02507,25.27798],[-104.02461,25.27856],[-104.02468,25.27989],[-104.02419,25.28075],[-104.02214,25.28232],[-104.02137,25.28253],[-104.02012,25.28179],[-104.01923,25.28146],[-104.01872,25.28093],[-104.01815,25.27965],[-104.0172,25.2762],[-104.01682,25.27555],[-104.01621,25.27518],[-104.01496,25.27495],[-104.01316,25.27498],[-104.01039,25.27436],[-104.00876,25.2748],[-104.00689,25.27441],[-104.00447,25.27304],[-104.00249,25.27281],[-104.00153,25.2725],[-104.00106,25.27213],[-104.00042,25.27064],[-104.00001,25.27014],[-103.99902,25.26973],[-103.9982,25.26917],[-103.99688,25.26961],[-103.99165,25.26939],[-103.98709,25.27041],[-103.98661,25.27041],[-103.98451,25.27],[-103.98246,25.27022],[-103.98167,25.27094],[-103.9809,25.27252],[-103.97921,25.27464],[-103.97836,25.27602],[-103.97763,25.27651],[-103.97568,25.27654],[-103.97502,25.27639],[-103.97402,25.27585],[-103.97267,25.27422],[-103.97163,25.27356],[-103.96848,25.27317],[-103.96774,25.27335],[-103.96699,25.27376],[-103.96655,25.27415],[-103.96574,25.27674],[-103.96478,25.27795],[-103.96317,25.27944],[-103.96178,25.28207],[-103.96111,25.28273],[-103.95995,25.28289],[-103.95912,25.28265],[-103.95637,25.28106],[-103.95274,25.28059],[-103.95153,25.28029],[-103.95112,25.28003],[-103.94949,25.27837],[-103.94798,25.27753],[-103.94715,25.27731],[-103.94501,25.27753],[-103.94451,25.27749],[-103.94233,25.27664],[-103.94168,25.27597],[-103.94155,25.27566],[-103.94156,25.27242],[-103.94051,25.27117],[-103.93977,25.27057],[-103.93902,25.27027],[-103.93569,25.27019],[-103.93479,25.26997],[-103.93177,25.26734],[-103.93138,25.26682],[-103.93083,25.26573],[-103.93021,25.26527],[-103.92974,25.26528],[-103.92856,25.26603],[-103.92674,25.26555],[-103.92599,25.26573],[-103.92496,25.26645],[-103.9238,25.2678],[-103.92308,25.26796],[-103.92183,25.26771],[-103.91942,25.26665],[-103.91845,25.26532]],[[-104.19652,25.19154],[-104.19661,25.19185]],[[-104.19652,25.19154],[-104.19363,25.19299],[-104.19263,25.19367],[-104.1922,25.19454],[-104.19188,25.19661],[-104.19099,25.19741],[-104.18981,25.19784],[-104.18903,25.19884],[-104.1889,25.1995],[-104.19,25.20075],[-104.18905,25.20439],[-104.18817,25.20594],[-104.18721,25.20615],[-104.1861,25.20574],[-104.18562,25.20582],[-104.18541,25.20617],[-104.18383,25.20642],[-104.17961,25.20679],[-104.17733,25.20672],[-104.17632,25.20712],[-104.1757,25.20756],[-104.17558,25.20808],[-104.1758,25.21138],[-104.17549,25.21593],[-104.17594,25.21806],[-104.17575,25.21961],[-104.17515,25.22227],[-104.17452,25.22346],[-104.17457,25.22413],[-104.17373,25.22551],[-104.17325,25.2254],[-104.17293,25.22558],[-104.17181,25.2271],[-104.17126,25.22736],[-104.16809,25.22563],[-104.16549,25.22376],[-104.1645,25.22242],[-104.1601,25.21911],[-104.15553,25.21742],[-104.15494,25.21725],[-104.15416,25.21719],[-104.15389,25.21725],[-104.15104,25.21935],[-104.15072,25.22121],[-104.14789,25.22395],[-104.14493,25.22596],[-104.14375,25.22624],[-104.14259,25.22683],[-104.14026,25.22892],[-104.13974,25.22992],[-104.14062,25.2325],[-104.13837,25.23296],[-104.13585,25.23233],[-104.13421,25.23294],[-104.13244,25.234],[-104.132,25.23405],[-104.12942,25.23265],[-104.12872,25.2325],[-104.12249,25.23259],[-104.12103,25.23339],[-104.12036,25.23554],[-104.11951,25.23674],[-104.11809,25.23792],[-104.11668,25.2386],[-104.11274,25.23868],[-104.11142,25.23949],[-104.1108,25.24034],[-104.11128,25.24188],[-104.11123,25.24411],[-104.11051,25.24456],[-104.10823,25.24516],[-104.10673,25.24649],[-104.1065,25.2476],[-104.10681,25.24944],[-104.10568,25.25079],[-104.10515,25.25335],[-104.10462,25.25446],[-104.10469,25.25714],[-104.10495,25.25777],[-104.10456,25.25885],[-104.10158,25.25991],[-104.09915,25.25989],[-104.09656,25.25947],[-104.09434,25.25962],[-104.08872,25.25842],[-104.08722,25.25854],[-104.08591,25.2593],[-104.08581,25.25973],[-104.08251,25.26045],[-104.0801,25.26229],[-104.07929,25.26204],[-104.07774,25.2622],[-104.07623,25.26395],[-104.07489,25.26459],[-104.07433,25.26518],[-104.07287,25.26591],[-104.07167,25.26557],[-104.07067,25.26423],[-104.06922,25.26362],[-104.0678,25.26342],[-104.06675,25.26369],[-104.06357,25.26323],[-104.06209,25.26355],[-104.06106,25.26424],[-104.06117,25.26468],[-104.06062,25.26616],[-104.06089,25.26766],[-104.06066,25.26906],[-104.05822,25.27209],[-104.05742,25.27391],[-104.05753,25.27435],[-104.05823,25.27493],[-104.05834,25.27562],[-104.05805,25.27668],[-104.05739,25.27707],[-104.05446,25.27727],[-104.05067,25.27517],[-104.04921,25.27483],[-104.04723,25.27521],[-104.04589,25.27614],[-104.04444,25.27667],[-104.04244,25.27649],[-104.04116,25.27509],[-104.04039,25.27271],[-104.03842,25.27113],[-104.03747,25.27085],[-104.03686,25.27084],[-104.03498,25.27127],[-104.03465,25.27154],[-104.03473,25.27254],[-104.03401,25.2743],[-104.03433,25.27594],[-104.03303,25.27762],[-104.03213,25.27819],[-104.03081,25.27837],[-104.02773,25.27727],[-104.02591,25.27721],[-104.02495,25.27776],[-104.02442,25.27844],[-104.02442,25.28023],[-104.02273,25.28166],[-104.0219,25.28164],[-104.021,25.28204],[-104.01892,25.28111],[-104.01727,25.27581],[-104.01613,25.275],[-104.01442,25.27469],[-104.01424,25.27492],[-104.01291,25.27488],[-104.0111,25.27409],[-104.00868,25.27472],[-104.00699,25.27434],[-104.00471,25.27302],[-104.00223,25.27254],[-104.00005,25.2701],[-103.99824,25.26915],[-103.99667,25.26957],[-103.99097,25.26934],[-103.98672,25.27037],[-103.98448,25.26988],[-103.98234,25.27014],[-103.98168,25.27059],[-103.98075,25.27257],[-103.97886,25.2748],[-103.97813,25.27613],[-103.97751,25.27646],[-103.97516,25.27632],[-103.97389,25.27561],[-103.97284,25.27422],[-103.97173,25.27349],[-103.96907,25.27307],[-103.96769,25.2732],[-103.96646,25.27407],[-103.96562,25.27673],[-103.96271,25.27964],[-103.9614,25.28239],[-103.95991,25.28273],[-103.95914,25.28254],[-103.95829,25.28168],[-103.95659,25.28093],[-103.9516,25.28023],[-103.95005,25.27867],[-103.94839,25.27751],[-103.94696,25.27721],[-103.94473,25.27742],[-103.94275,25.27676],[-103.94163,25.27557],[-103.94168,25.27233],[-103.94021,25.27067],[-103.93912,25.27014],[-103.93464,25.26978],[-103.93147,25.26689],[-103.931,25.26581],[-103.93034,25.26515],[-103.92966,25.26499],[-103.92855,25.26576],[-103.92676,25.26538],[-103.92568,25.26558],[-103.92383,25.26752],[-103.92311,25.26784],[-103.9218,25.26757],[-103.91962,25.26653],[-103.91845,25.26532]],[[-103.91845,25.26532],[-103.91833,25.26571],[-103.91918,25.26676],[-103.92196,25.26793],[-103.92325,25.26811],[-103.92402,25.2679],[-103.92518,25.26643],[-103.92612,25.26578],[-103.92679,25.26568],[-103.92862,25.26618],[-103.92986,25.26531],[-103.93024,25.2654],[-103.93151,25.26731],[-103.93423,25.26989],[-103.93669,25.27048],[-103.93904,25.27036],[-103.94017,25.27094],[-103.94144,25.27243],[-103.94139,25.27575],[-103.94258,25.27696],[-103.94703,25.27822],[-103.94902,25.27833],[-103.95178,25.28059],[-103.95629,25.28112],[-103.95901,25.28277],[-103.95997,25.28308],[-103.96105,25.28293],[-103.96199,25.28195],[-103.96324,25.2795],[-103.96497,25.27789],[-103.96589,25.27667],[-103.96662,25.2742],[-103.96746,25.27354],[-103.96826,25.27329],[-103.97163,25.2737],[-103.97243,25.27416],[-103.97302,25.27527],[-103.97408,25.27608],[-103.97529,25.27662],[-103.97753,25.27664],[-103.97854,25.27606],[-103.98125,25.27203],[-103.98259,25.27065],[-103.98473,25.27012],[-103.98664,25.2705],[-103.98799,25.27044],[-103.99171,25.26944],[-103.99639,25.26975],[-103.99736,25.26957],[-103.99972,25.27003],[-104.00038,25.27064],[-104.00082,25.2719],[-104.00151,25.2726],[-104.00237,25.27288],[-104.00455,25.27314],[-104.00735,25.27474],[-104.0093,25.27493],[-104.01043,25.27447],[-104.01218,25.27496],[-104.01637,25.27532],[-104.01706,25.27618],[-104.01747,25.2783],[-104.01871,25.2811],[-104.01971,25.28195],[-104.02091,25.28256],[-104.02157,25.28277],[-104.02288,25.28209],[-104.02479,25.28034],[-104.02591,25.27784],[-104.0265,25.27755],[-104.02767,25.27751],[-104.03065,25.2786],[-104.03221,25.27835],[-104.03304,25.27787],[-104.03454,25.27603],[-104.03437,25.27404],[-104.03559,25.27339],[-104.03667,25.27137],[-104.03729,25.27106],[-104.03856,25.27146],[-104.04027,25.27297],[-104.04097,25.27597],[-104.04147,25.27646],[-104.04318,25.27688],[-104.04458,25.27682],[-104.04887,25.27499],[-104.05064,25.27542],[-104.05359,25.27752],[-104.05779,25.2775],[-104.05839,25.27711],[-104.05866,25.27631],[-104.05797,25.27359],[-104.05811,25.2731],[-104.05866,25.27191],[-104.06096,25.26906],[-104.06119,25.26798],[-104.06096,25.2656],[-104.06204,25.26423],[-104.06312,25.2636],[-104.06773,25.26416],[-104.06969,25.26403],[-104.07033,25.26511],[-104.07128,25.26587],[-104.07267,25.26612],[-104.07378,25.26564],[-104.07519,25.26467],[-104.07681,25.26394],[-104.07737,25.26347],[-104.07759,25.26281],[-104.08022,25.26268],[-104.08287,25.2608],[-104.08452,25.26091],[-104.0858,25.2606],[-104.08673,25.25979],[-104.08733,25.2597],[-104.08758,25.25907],[-104.0881,25.25891],[-104.09299,25.26004],[-104.09618,25.25974],[-104.09873,25.26016],[-104.10212,25.26005],[-104.10404,25.25956],[-104.10502,25.25896],[-104.10547,25.25772],[-104.10502,25.25606],[-104.10508,25.25425],[-104.10567,25.25244],[-104.10569,25.2516],[-104.10714,25.24941],[-104.10712,25.24681],[-104.10851,25.24523],[-104.1091,25.245],[-104.11035,25.24509],[-104.11147,25.24414],[-104.11185,25.24258],[-104.11133,25.24061],[-104.11186,25.23932],[-104.11292,25.23886],[-104.11666,25.23914],[-104.11806,25.23858],[-104.11939,25.23744],[-104.12129,25.23397],[-104.12273,25.23306],[-104.1284,25.23263],[-104.12929,25.23283],[-104.13116,25.23412],[-104.13239,25.23434],[-104.13321,25.23422],[-104.13444,25.233],[-104.136,25.23248],[-104.13821,25.23326],[-104.14077,25.23261],[-104.14092,25.23213],[-104.14017,25.22978],[-104.14037,25.22901],[-104.14286,25.22686],[-104.14353,25.22654],[-104.14421,25.22667],[-104.14649,25.22527],[-104.14878,25.22339],[-104.15102,25.22117],[-104.15193,25.21902],[-104.15359,25.21776],[-104.1562,25.21803],[-104.15967,25.2191],[-104.16266,25.22147],[-104.16324,25.22239],[-104.16637,25.22458],[-104.16728,25.22565],[-104.17128,25.22758],[-104.17182,25.22754],[-104.17269,25.22639],[-104.1741,25.22542],[-104.17486,25.22429],[-104.17534,25.22281],[-104.17593,25.21929],[-104.17619,25.21699],[-104.17589,25.21461],[-104.17616,25.21216],[-104.1759,25.20757],[-104.17685,25.20701],[-104.17836,25.20707],[-104.1847,25.20653],[-104.18543,25.20639],[-104.18671,25.20668],[-104.18827,25.20632],[-104.18862,25.20601],[-104.18927,25.20441],[-104.19029,25.20091],[-104.19032,25.20041],[-104.18992,25.19979],[-104.18933,25.19958],[-104.18958,25.19877],[-104.19041,25.19848],[-104.19199,25.19688],[-104.1927,25.19566],[-104.19301,25.19474],[-104.194,25.19382],[-104.19471,25.19286],[-104.197,25.19178],[-104.19822,25.19043],[-104.19987,25.1894],[-104.20033,25.18878],[-104.20067,25.18743],[-104.20049,25.18666],[-104.19879,25.18426],[-104.19755,25.18302],[-104.19737,25.18238],[-104.19814,25.18062],[-104.1993,25.17942],[-104.20035,25.17925],[-104.20118,25.17949],[-104.20239,25.17923],[-104.20334,25.17866],[-104.20392,25.17865],[-104.20517,25.17762],[-104.21121,25.17665],[-104.21434,25.17452],[-104.22184,25.16832],[-104.22276,25.16834],[-104.22626,25.16764],[-104.22859,25.16701],[-104.23363,25.16732],[-104.2356,25.16705],[-104.23659,25.16674],[-104.23885,25.1649],[-104.24035,25.16434],[-104.24411,25.16418],[-104.24662,25.16474],[-104.2494,25.16452],[-104.25135,25.16385],[-104.25235,25.16384],[-104.25569,25.16277],[-104.25707,25.16215],[-104.25888,25.16078],[-104.25962,25.15944],[-104.26051,25.15864],[-104.26151,25.15812],[-104.26298,25.15694],[-104.26724,25.15477],[-104.269,25.15274],[-104.26924,25.15179],[-104.26993,25.15182],[-104.27019,25.15223],[-104.27071,25.15261],[-104.27629,25.14865],[-104.27719,25.14747],[-104.27673,25.14464],[-104.27758,25.14248],[-104.27869,25.14194],[-104.28356,25.14145],[-104.28454,25.14088],[-104.28552,25.14004],[-104.28605,25.1385],[-104.28598,25.13748],[-104.28655,25.13648],[-104.29088,25.13353],[-104.29194,25.13243],[-104.29246,25.13118],[-104.29315,25.1305],[-104.29624,25.1307],[-104.29777,25.13027],[-104.30034,25.13082],[-104.30223,25.13238],[-104.30644,25.13433],[-104.30882,25.13516],[-104.31129,25.13535],[-104.31278,25.13493],[-104.31468,25.13372],[-104.31548,25.13274],[-104.31918,25.1299],[-104.32117,25.12927],[-104.3253,25.12919],[-104.32675,25.12882],[-104.32791,25.12955],[-104.32995,25.13195],[-104.33098,25.13424],[-104.33189,25.13526],[-104.33226,25.13545],[-104.33287,25.1354],[-104.33534,25.13711],[-104.33598,25.13722],[-104.3363,25.13711],[-104.33699,25.13631],[-104.33936,25.13069],[-104.3402,25.12974],[-104.34118,25.12783],[-104.34242,25.12718],[-104.34295,25.12656],[-104.34346,25.12642],[-104.34449,25.12716],[-104.34568,25.12865],[-104.34636,25.1315],[-104.34805,25.13348],[-104.34841,25.1351],[-104.3502,25.13801],[-104.35096,25.13863],[-104.35132,25.13877],[-104.35372,25.13932],[-104.35495,25.13923],[-104.35644,25.13848],[-104.3586,25.13234],[-104.35972,25.1309],[-104.36319,25.12912],[-104.3657,25.12838],[-104.36692,25.12853],[-104.36884,25.12911],[-104.36978,25.13171],[-104.3715,25.13292],[-104.37579,25.134],[-104.38,25.13605],[-104.38162,25.13614],[-104.38356,25.13579],[-104.38476,25.13588],[-104.38625,25.13667],[-104.38943,25.13941],[-104.39156,25.1405],[-104.3955,25.14471],[-104.39575,25.14603],[-104.39699,25.14751],[-104.39874,25.14858],[-104.40017,25.14913],[-104.40209,25.14826],[-104.40307,25.14732],[-104.40417,25.14597],[-104.40435,25.14564],[-104.40395,25.13816],[-104.40524,25.1355],[-104.40671,25.13125],[-104.40718,25.13055],[-104.40882,25.13115],[-104.41227,25.13387],[-104.41453,25.13506],[-104.41554,25.13542],[-104.41684,25.13501],[-104.41871,25.13544],[-104.421,25.13821],[-104.4244,25.13862],[-104.42519,25.13854],[-104.42598,25.13806],[-104.42696,25.13732],[-104.42916,25.13513],[-104.43125,25.13442],[-104.43484,25.13543],[-104.43902,25.13756],[-104.44188,25.13762],[-104.44463,25.13539],[-104.44857,25.13451],[-104.45107,25.13343],[-104.45533,25.12957],[-104.45655,25.12809],[-104.45781,25.12752],[-104.459,25.12807],[-104.46012,25.12945],[-104.46086,25.12974],[-104.46265,25.12993],[-104.46656,25.12965],[-104.47087,25.13057],[-104.47224,25.1325],[-104.47331,25.13343],[-104.47396,25.13373],[-104.47514,25.13375],[-104.47672,25.13483],[-104.47824,25.1344],[-104.48047,25.13293],[-104.48122,25.13287],[-104.48321,25.13232],[-104.48777,25.13038],[-104.49069,25.13038],[-104.49568,25.12996],[-104.49805,25.13007],[-104.50153,25.13051],[-104.50299,25.13123],[-104.50651,25.13457],[-104.51193,25.13585],[-104.5137,25.13563],[-104.51552,25.13639],[-104.51765,25.13846],[-104.51796,25.13919],[-104.51874,25.14013],[-104.52084,25.14467],[-104.52263,25.14718],[-104.52684,25.14903],[-104.528,25.1491],[-104.52797,25.14885],[-104.52629,25.14867],[-104.5246,25.14746],[-104.52262,25.14672],[-104.52082,25.14424],[-104.51884,25.13961],[-104.51564,25.13626],[-104.51412,25.13558],[-104.51254,25.13537],[-104.51188,25.13564],[-104.50705,25.13445],[-104.50585,25.13381],[-104.50429,25.13197],[-104.50255,25.13065],[-104.501,25.12999],[-104.49858,25.1296],[-104.49755,25.12987],[-104.49358,25.12956],[-104.49257,25.12999],[-104.48969,25.13022],[-104.48779,25.12998],[-104.48475,25.13147],[-104.47973,25.13282],[-104.47882,25.13329],[-104.47831,25.1341],[-104.47677,25.13438],[-104.47523,25.13355],[-104.47366,25.13341],[-104.47183,25.131],[-104.47085,25.13032],[-104.46646,25.12942],[-104.4625,25.1297],[-104.46126,25.12955],[-104.46056,25.12923],[-104.45876,25.12747],[-104.45799,25.12733],[-104.45714,25.1275],[-104.45529,25.12876],[-104.45268,25.13181],[-104.45015,25.13355],[-104.44835,25.13416],[-104.44569,25.13435],[-104.44496,25.13498],[-104.44349,25.13546],[-104.44131,25.13736],[-104.43837,25.13677],[-104.43718,25.136],[-104.43465,25.13505],[-104.43123,25.13417],[-104.42875,25.13465],[-104.4262,25.13749],[-104.42506,25.13817],[-104.42319,25.13829],[-104.42167,25.1381],[-104.4209,25.13764],[-104.42057,25.13516],[-104.41967,25.13425],[-104.41865,25.13414],[-104.41742,25.13453],[-104.41382,25.13433],[-104.41297,25.13361],[-104.41073,25.13231],[-104.40941,25.1308],[-104.40701,25.13003],[-104.40419,25.13592],[-104.40383,25.13694],[-104.40359,25.13875],[-104.40359,25.14636],[-104.40181,25.14803],[-104.39985,25.14881],[-104.39699,25.14688],[-104.39615,25.14486],[-104.3942,25.14315],[-104.39076,25.13928],[-104.38793,25.1378],[-104.38617,25.13613],[-104.38507,25.13553],[-104.37949,25.13556],[-104.37607,25.13384],[-104.37253,25.13287],[-104.36991,25.13132],[-104.36939,25.12945],[-104.36793,25.12822],[-104.36557,25.12816],[-104.3632,25.12854],[-104.36136,25.12925],[-104.35892,25.13088],[-104.35783,25.13247],[-104.35738,25.13525],[-104.35644,25.13738],[-104.3556,25.13824],[-104.35419,25.1388],[-104.35171,25.13845],[-104.3503,25.13771],[-104.34869,25.1348],[-104.34877,25.1339],[-104.34862,25.1334],[-104.34716,25.13191],[-104.34615,25.12903],[-104.34478,25.12656],[-104.34339,25.12591],[-104.34305,25.12595],[-104.34157,25.12707],[-104.33944,25.13],[-104.33736,25.13438],[-104.33562,25.13674],[-104.33155,25.13422],[-104.33069,25.13259],[-104.32844,25.12955],[-104.32699,25.1286],[-104.32432,25.12907],[-104.32121,25.12898],[-104.3189,25.12977],[-104.31525,25.13258],[-104.31334,25.13442],[-104.31131,25.1352],[-104.30817,25.13463],[-104.30217,25.13193],[-104.30151,25.13123],[-104.30101,25.13096],[-104.29876,25.13006],[-104.29659,25.13014],[-104.29558,25.13053],[-104.29435,25.13007],[-104.29377,25.13004],[-104.29307,25.13018],[-104.29237,25.13074],[-104.29054,25.13344],[-104.28675,25.1359],[-104.28605,25.13699],[-104.28534,25.13832],[-104.2847,25.14055],[-104.2829,25.14118],[-104.27866,25.14163],[-104.27739,25.14222],[-104.27616,25.14484],[-104.27626,25.14578],[-104.27688,25.14707],[-104.276,25.14842],[-104.27166,25.15111],[-104.2692,25.15139],[-104.26874,25.1528],[-104.26709,25.15466],[-104.2634,25.15634],[-104.25926,25.15937],[-104.25723,25.16191],[-104.25644,25.16239],[-104.24938,25.16431],[-104.24676,25.16448],[-104.24558,25.16387],[-104.2406,25.16413],[-104.23835,25.16472],[-104.23714,25.16617],[-104.23552,25.16685],[-104.23383,25.16707],[-104.22864,25.16687],[-104.22153,25.16831],[-104.21425,25.17425],[-104.21113,25.17622],[-104.20406,25.17776],[-104.20267,25.17882],[-104.20172,25.17915],[-104.19932,25.17921],[-104.19809,25.18045],[-104.19715,25.18221],[-104.19743,25.18316],[-104.20013,25.18631],[-104.20034,25.1876],[-104.19996,25.18903],[-104.19784,25.18989],[-104.19771,25.19043],[-104.19652,25.19154]],[[-104.03234,24.81841],[-104.03244,24.81879],[-104.03371,24.81971],[-104.03147,24.823],[-104.03141,24.82376],[-104.03207,24.82417],[-104.03276,24.826],[-104.03257,24.82669],[-104.03279,24.82711],[-104.03225,24.82765],[-104.03244,24.82855],[-104.03398,24.82925],[-104.03397,24.83048],[-104.03576,24.8313],[-104.03577,24.8343],[-104.03686,24.83535],[-104.03676,24.83676],[-104.03649,24.83703],[-104.03678,24.83821],[-104.03799,24.8394],[-104.03791,24.84091],[-104.03821,24.84211],[-104.0378,24.84335],[-104.03702,24.84401],[-104.03671,24.845],[-104.03724,24.84591],[-104.03869,24.84662],[-104.03967,24.84809],[-104.04241,24.8502],[-104.04197,24.85306],[-104.04211,24.85803],[-104.04184,24.85994],[-104.04246,24.86076],[-104.04573,24.85937],[-104.04682,24.86016],[-104.04741,24.86159],[-104.04741,24.86298],[-104.04926,24.86473],[-104.04834,24.86705],[-104.0487,24.8681],[-104.0508,24.86771],[-104.05237,24.86921],[-104.05319,24.87047],[-104.05385,24.87219],[-104.0534,24.87423],[-104.05061,24.87386],[-104.05025,24.87452],[-104.05068,24.87544],[-104.05164,24.87602],[-104.05297,24.87587],[-104.05332,24.87639],[-104.05426,24.87631],[-104.05795,24.87746],[-104.05814,24.87986],[-104.05971,24.88048],[-104.06505,24.88044],[-104.06548,24.88173],[-104.06471,24.88336],[-104.06422,24.88659],[-104.06443,24.88794],[-104.06591,24.8892],[-104.06703,24.89095],[-104.07353,24.89339],[-104.07366,24.89469],[-104.07261,24.89644],[-104.07293,24.89741],[-104.07658,24.89977],[-104.07668,24.90094],[-104.07823,24.90277],[-104.07752,24.9042],[-104.07735,24.90549],[-104.08018,24.90851],[-104.08064,24.90945],[-104.07989,24.9105],[-104.07761,24.91238],[-104.0778,24.91371],[-104.07971,24.91895],[-104.08057,24.9204],[-104.08282,24.92172],[-104.08707,24.92277],[-104.08988,24.92279],[-104.0922,24.92217],[-104.09415,24.92268],[-104.0961,24.92569],[-104.10005,24.92433],[-104.10468,24.92779],[-104.1064,24.92842],[-104.10765,24.93019],[-104.11106,24.93299],[-104.1131,24.93338],[-104.11443,24.93425],[-104.11402,24.93544],[-104.11492,24.93694],[-104.11679,24.93861],[-104.11734,24.93991],[-104.11814,24.9405],[-104.11923,24.94032],[-104.12028,24.94159],[-104.12146,24.94155],[-104.12316,24.94242],[-104.12342,24.94366],[-104.12284,24.94475],[-104.1234,24.9468],[-104.1225,24.94816],[-104.12779,24.95167],[-104.13191,24.95694],[-104.13857,24.96036],[-104.13917,24.96398],[-104.13923,24.96793],[-104.13992,24.97487],[-104.1405,24.97652],[-104.14279,24.97764],[-104.1444,24.98005],[-104.14409,24.98154],[-104.14588,24.98341],[-104.14625,24.98589],[-104.14612,24.98784],[-104.14735,24.98932],[-104.14911,24.98941],[-104.1546,24.99298],[-104.15702,24.99703],[-104.15936,24.99913],[-104.16,25.00113],[-104.16352,25.00449],[-104.16247,25.00609],[-104.16342,25.01061],[-104.15919,25.01851],[-104.15878,25.0214],[-104.16037,25.02478],[-104.16781,25.02969],[-104.1678,25.03112],[-104.16676,25.03239],[-104.16751,25.034],[-104.16591,25.03629],[-104.16655,25.03796],[-104.16571,25.03965],[-104.16616,25.04194],[-104.16494,25.04452],[-104.16663,25.04649],[-104.16696,25.04886],[-104.16775,25.0508],[-104.16749,25.05273],[-104.16908,25.05471],[-104.17011,25.05734],[-104.17007,25.05877],[-104.17221,25.05985],[-104.17365,25.06202],[-104.17446,25.06484],[-104.17425,25.06624],[-104.17685,25.06857],[-104.17711,25.06964],[-104.17874,25.07104],[-104.17867,25.07283],[-104.18007,25.07499],[-104.18189,25.07627],[-104.18189,25.07815],[-104.18309,25.07983],[-104.18266,25.08331],[-104.18481,25.08488],[-104.18522,25.08655],[-104.18485,25.09026],[-104.18835,25.09399],[-104.18839,25.09675],[-104.18781,25.09982],[-104.19075,25.10372],[-104.19165,25.1068],[-104.19273,25.10727],[-104.19346,25.10894],[-104.19286,25.11117],[-104.19479,25.11339],[-104.19487,25.1142],[-104.197,25.1154],[-104.19723,25.11744],[-104.19856,25.11912],[-104.19588,25.12189],[-104.19702,25.12359],[-104.19631,25.12444],[-104.19425,25.125],[-104.19423,25.12679],[-104.19371,25.12892],[-104.19208,25.13116],[-104.19019,25.13312],[-104.18622,25.13628],[-104.17964,25.13885],[-104.17826,25.14035],[-104.17811,25.14277],[-104.17951,25.14824],[-104.1806,25.15636],[-104.18013,25.15942],[-104.17974,25.16008],[-104.18013,25.16174],[-104.18135,25.16358],[-104.18451,25.16581],[-104.18614,25.16871],[-104.18706,25.17211],[-104.1897,25.17719],[-104.19292,25.17851],[-104.19429,25.18071],[-104.19448,25.184],[-104.19652,25.19154]],[[-103.91845,25.26532],[-103.91313,25.2611],[-103.91214,25.26083],[-103.90762,25.26082],[-103.90356,25.26158],[-103.89981,25.26333],[-103.89205,25.26993],[-103.88717,25.27518],[-103.88346,25.27835],[-103.88043,25.27982],[-103.87702,25.28058],[-103.87369,25.28038],[-103.87073,25.27844],[-103.86779,25.27489],[-103.86494,25.27289],[-103.86157,25.27159],[-103.85977,25.27138],[-103.85717,25.27206],[-103.85344,25.27478],[-103.85146,25.27551],[-103.84904,25.27559],[-103.83265,25.27307],[-103.80359,25.27307],[-103.79406,25.27221],[-103.78544,25.27074],[-103.78123,25.27051],[-103.77605,25.27082]],[[-103.8941,25.47845],[-103.89516,25.47902],[-103.89545,25.4787],[-103.8965,25.47886],[-103.89713,25.47829],[-103.89793,25.47874],[-103.89905,25.4779],[-103.90008,25.47842],[-103.90228,25.4783],[-103.9026,25.47895],[-103.9035,25.47885],[-103.90428,25.47921],[-103.90477,25.47876],[-103.90521,25.47879],[-103.90511,25.47835],[-103.9069,25.47832],[-103.90736,25.47812],[-103.90759,25.47739],[-103.90815,25.47775],[-103.90911,25.47684]],[[-103.78595,25.09088],[-103.78631,25.0917],[-103.78748,25.09259],[-103.78823,25.0928],[-103.78914,25.09461],[-103.78951,25.09631],[-103.78803,25.09859],[-103.78663,25.09943],[-103.78605,25.10104],[-103.78683,25.10258],[-103.78612,25.10382],[-103.78509,25.10392],[-103.78394,25.10618],[-103.78425,25.10685],[-103.78368,25.10856],[-103.78456,25.11057],[-103.784,25.11188],[-103.78435,25.11397],[-103.78504,25.11538],[-103.78489,25.11711],[-103.7846,25.1176]],[[-103.7846,25.1176],[-103.784,25.11877],[-103.78354,25.12155],[-103.78438,25.12292],[-103.7855,25.12382],[-103.78579,25.12678],[-103.78895,25.13156],[-103.79007,25.13497],[-103.79109,25.13608],[-103.79206,25.13843],[-103.79319,25.13977],[-103.79457,25.14373],[-103.79555,25.1453],[-103.79619,25.14738],[-103.79622,25.14901],[-103.79568,25.152],[-103.79632,25.15293],[-103.79914,25.15432],[-103.79955,25.15526],[-103.79921,25.16079],[-103.79991,25.16298],[-103.7998,25.16489],[-103.79896,25.16648],[-103.79666,25.16803],[-103.79398,25.16933],[-103.79294,25.17113],[-103.7946,25.17443],[-103.79506,25.1777],[-103.7928,25.18416],[-103.79126,25.18709],[-103.79105,25.18968],[-103.78951,25.19111],[-103.79233,25.19434],[-103.79089,25.19802],[-103.79005,25.20168],[-103.78991,25.20368],[-103.78918,25.20571],[-103.78698,25.20659],[-103.78655,25.20752],[-103.78682,25.2093],[-103.78822,25.21109],[-103.78768,25.21183],[-103.78209,25.21203],[-103.78112,25.21338],[-103.7807,25.21678],[-103.77926,25.21872],[-103.77883,25.21989],[-103.77999,25.22281],[-103.77783,25.22342],[-103.77785,25.22954],[-103.77589,25.23127],[-103.77475,25.23321],[-103.77372,25.23775],[-103.77309,25.24206],[-103.77306,25.24534],[-103.77349,25.24932],[-103.77656,25.25987],[-103.77705,25.26412],[-103.77605,25.27082]],[[-103.7787,25.10624],[-103.77989,25.10865],[-103.78185,25.11011],[-103.78206,25.11084],[-103.78185,25.11215],[-103.78242,25.11418],[-103.78277,25.11492],[-103.78442,25.11641],[-103.78473,25.11691],[-103.7846,25.1176]],[[-103.77846,25.10263],[-103.77894,25.10393],[-103.7787,25.10624]],[[-103.77846,25.10263],[-103.77824,25.10498],[-103.7787,25.10624]],[[-103.57351,24.94672],[-103.57508,24.94825],[-103.57541,24.94823],[-103.57639,24.94902],[-103.57753,24.94902],[-103.57761,24.95008],[-103.5791,24.9515],[-103.58064,24.95069],[-103.58098,24.95125],[-103.58211,24.95137],[-103.58304,24.95302],[-103.584,24.9529],[-103.5859,24.95395],[-103.58612,24.95454],[-103.5858,24.95625],[-103.58597,24.95789],[-103.58653,24.9591],[-103.5885,24.96065],[-103.58936,24.9617],[-103.59206,24.96236],[-103.5918,24.96275],[-103.59292,24.96353],[-103.59249,24.96435],[-103.59404,24.96412],[-103.59588,24.96443],[-103.59768,24.96676],[-103.59884,24.96684],[-103.59871,24.96777],[-103.59914,24.96956],[-103.6,24.97026],[-103.60054,24.97135],[-103.6018,24.9712],[-103.60245,24.97166],[-103.60434,24.97166],[-103.6064,24.9726],[-103.6079,24.97443],[-103.60755,24.97548],[-103.60833,24.9754],[-103.60919,24.9766],[-103.61086,24.97785],[-103.61155,24.9789],[-103.61249,24.97863],[-103.61279,24.97925],[-103.61399,24.97921],[-103.61524,24.97867],[-103.61815,24.97925],[-103.6182,24.97956],[-103.62013,24.98022],[-103.62009,24.98112],[-103.62103,24.98178],[-103.62425,24.98221],[-103.62438,24.98353],[-103.62562,24.98442],[-103.62614,24.9852],[-103.62528,24.98637],[-103.6273,24.98718],[-103.62717,24.98781],[-103.62764,24.98827],[-103.62983,24.98921],[-103.6315,24.98909],[-103.63292,24.99002],[-103.63511,24.98979],[-103.63695,24.9901],[-103.63966,24.98944],[-103.64163,24.99014],[-103.64549,24.98983],[-103.64618,24.99053],[-103.6476,24.98971],[-103.64781,24.99018],[-103.65043,24.98975],[-103.6545,24.98995],[-103.66171,24.99166],[-103.66257,24.99232],[-103.66398,24.9918],[-103.66476,24.99072],[-103.66728,24.99184],[-103.66875,24.99072],[-103.66943,24.99195],[-103.67034,24.99142],[-103.67086,24.99197],[-103.67154,24.99282],[-103.67133,24.99395],[-103.67214,24.99446],[-103.67579,24.99512],[-103.67646,24.99557],[-103.67871,24.99535],[-103.67871,24.99605],[-103.68034,24.99839],[-103.68236,24.99757],[-103.68376,24.99905],[-103.68432,24.9993],[-103.68585,24.99923],[-103.68602,24.99943],[-103.68545,25.0009],[-103.68588,25.00196],[-103.68865,25.00217],[-103.6889,25.00268],[-103.68899,25.0037],[-103.68795,25.00565],[-103.68782,25.00679],[-103.68933,25.00757],[-103.69365,25.00796],[-103.69407,25.00823],[-103.69429,25.00888],[-103.69411,25.01077],[-103.69577,25.01159],[-103.69631,25.0151],[-103.69722,25.01577],[-103.6989,25.0163],[-103.70059,25.01787],[-103.70071,25.02132],[-103.70112,25.02224],[-103.70386,25.02446],[-103.70455,25.02692],[-103.70935,25.02779],[-103.71021,25.0278],[-103.71124,25.02693],[-103.71317,25.02732],[-103.7185,25.0286],[-103.72032,25.03013],[-103.72048,25.03249],[-103.72137,25.03268],[-103.7215,25.03315],[-103.72081,25.03557],[-103.72156,25.03715],[-103.72146,25.03773],[-103.71995,25.03798],[-103.71989,25.03916],[-103.72115,25.03989],[-103.72095,25.04137],[-103.72437,25.04307],[-103.7245,25.04412],[-103.7224,25.04478],[-103.72407,25.04711],[-103.7233,25.04972],[-103.72394,25.05294],[-103.72557,25.0545],[-103.72544,25.05637],[-103.72858,25.05986],[-103.72986,25.0622],[-103.73256,25.06301],[-103.73326,25.06365],[-103.73351,25.06636],[-103.73417,25.06682],[-103.73648,25.06629],[-103.73711,25.06656],[-103.73982,25.06865],[-103.74046,25.07133],[-103.7436,25.0718],[-103.74518,25.07468],[-103.74772,25.07468],[-103.75079,25.07645],[-103.75201,25.07825],[-103.75342,25.08148],[-103.75626,25.08079],[-103.75678,25.08096],[-103.75746,25.08195],[-103.75793,25.08431],[-103.76021,25.0856],[-103.76317,25.08847],[-103.76496,25.08921],[-103.76794,25.09102],[-103.77165,25.09194],[-103.77289,25.09276],[-103.77447,25.09473],[-103.77744,25.09676],[-103.77848,25.09788],[-103.77868,25.09846],[-103.77846,25.10263]],[[-103.77605,25.27082],[-103.77417,25.27074],[-103.772,25.27025],[-103.77132,25.27074]],[[-103.77132,25.27074],[-103.77097,25.2709],[-103.77094,25.27148],[-103.76981,25.27348],[-103.76819,25.275],[-103.7655,25.27609],[-103.76242,25.27817],[-103.76108,25.2784],[-103.75919,25.27817],[-103.75616,25.27698],[-103.75417,25.27514],[-103.75083,25.27121],[-103.74677,25.26812],[-103.74484,25.26699],[-103.74328,25.26641],[-103.74168,25.26472],[-103.74122,25.26443],[-103.7397,25.26397],[-103.73847,25.26404],[-103.73741,25.26501],[-103.73784,25.26638],[-103.73759,25.267],[-103.73777,25.26801],[-103.74013,25.27131],[-103.74116,25.27166],[-103.74267,25.27286],[-103.74346,25.27399],[-103.74351,25.27461],[-103.74322,25.27503],[-103.74175,25.27575],[-103.741,25.2757],[-103.73851,25.27638],[-103.73647,25.27779],[-103.73516,25.2796],[-103.73233,25.28478],[-103.73152,25.28568],[-103.73131,25.28802],[-103.73133,25.28854],[-103.7316,25.28937],[-103.73237,25.29042],[-103.73322,25.2931],[-103.73175,25.29761],[-103.73226,25.29868],[-103.73201,25.30011],[-103.73189,25.30336],[-103.73206,25.30701],[-103.73613,25.31341],[-103.73682,25.31635],[-103.73801,25.31792],[-103.73834,25.32037],[-103.73879,25.32109],[-103.7394,25.32355],[-103.74093,25.32616],[-103.74162,25.3285],[-103.73801,25.33701],[-103.739,25.34111],[-103.74103,25.3447],[-103.74065,25.34796],[-103.74021,25.34888],[-103.74052,25.35086],[-103.73974,25.3511],[-103.7395,25.35198],[-103.73982,25.35458],[-103.74098,25.35621],[-103.74106,25.35767],[-103.74065,25.35906],[-103.73983,25.36034],[-103.74044,25.36229],[-103.74198,25.36445],[-103.74632,25.36815],[-103.74716,25.37017],[-103.74717,25.37346],[-103.74664,25.37328],[-103.7461,25.37401],[-103.74478,25.38326],[-103.74354,25.38572],[-103.74084,25.38987],[-103.74064,25.39157],[-103.73935,25.39292],[-103.73671,25.39771],[-103.73565,25.40032],[-103.73516,25.403],[-103.73691,25.40991],[-103.73705,25.40775],[-103.73988,25.41383],[-103.74214,25.41607],[-103.74303,25.41777],[-103.74435,25.41911],[-103.74568,25.42213],[-103.74751,25.42477],[-103.74622,25.42571],[-103.74348,25.42635],[-103.74277,25.42625],[-103.74188,25.42501],[-103.74077,25.42412],[-103.73998,25.42377],[-103.73929,25.42372],[-103.73816,25.42403],[-103.7375,25.42442],[-103.73709,25.42491],[-103.73728,25.42778],[-103.73644,25.43216],[-103.73696,25.43458],[-103.7356,25.43937],[-103.73503,25.44405],[-103.73415,25.44696],[-103.73414,25.44985],[-103.73342,25.45043],[-103.73016,25.45485],[-103.72947,25.45525],[-103.72759,25.45558],[-103.72562,25.45698],[-103.72451,25.4582],[-103.7202,25.45925],[-103.71792,25.45893],[-103.71524,25.46057],[-103.71459,25.46055],[-103.71386,25.45984],[-103.71325,25.45963],[-103.71079,25.4595],[-103.70957,25.45979],[-103.70886,25.46032],[-103.70691,25.46233],[-103.70528,25.46259],[-103.70397,25.46328],[-103.70293,25.46458],[-103.70317,25.46558],[-103.70267,25.46622],[-103.70046,25.46689],[-103.69925,25.46663],[-103.69715,25.4667],[-103.69624,25.46741],[-103.69562,25.46853],[-103.69413,25.4687],[-103.69309,25.46838],[-103.68997,25.46823],[-103.68861,25.46782],[-103.6876,25.46796],[-103.68494,25.46952],[-103.68422,25.47086],[-103.68451,25.47175],[-103.68425,25.4721],[-103.68196,25.47327],[-103.68104,25.47338],[-103.67912,25.47243],[-103.67812,25.47243],[-103.67662,25.47123],[-103.67581,25.47096],[-103.67416,25.47097],[-103.67223,25.47182],[-103.66938,25.47192],[-103.66684,25.47144],[-103.66493,25.47185],[-103.66216,25.47368],[-103.66137,25.47461],[-103.66149,25.47635],[-103.66212,25.47757],[-103.66202,25.47879],[-103.66154,25.47983],[-103.6605,25.48087],[-103.65959,25.48118],[-103.65646,25.48124],[-103.65469,25.48046],[-103.65499,25.48036],[-103.65289,25.4804],[-103.64983,25.48188],[-103.64697,25.48271],[-103.64585,25.48365],[-103.64445,25.48599],[-103.64361,25.48821],[-103.6436,25.4902],[-103.644,25.49167],[-103.6437,25.49385],[-103.64413,25.49791],[-103.64335,25.50078],[-103.6425,25.50126],[-103.64079,25.50138],[-103.63506,25.4997],[-103.6334,25.49966],[-103.63046,25.50098],[-103.62933,25.50199],[-103.6283,25.50359],[-103.62752,25.5041],[-103.62277,25.50427],[-103.62153,25.50522],[-103.61988,25.50542],[-103.6186,25.50523],[-103.61788,25.50445],[-103.6138,25.50522],[-103.6121,25.50358],[-103.60861,25.50191],[-103.60578,25.50183],[-103.6039,25.50332],[-103.60401,25.50598],[-103.60213,25.50753],[-103.60117,25.50785],[-103.60051,25.5077],[-103.59885,25.50522],[-103.59726,25.50509],[-103.5939,25.50659],[-103.59231,25.50933],[-103.59065,25.51128],[-103.58947,25.51197],[-103.58809,25.51219],[-103.58643,25.51212],[-103.58534,25.51139],[-103.58327,25.50598],[-103.58225,25.50483],[-103.58125,25.50453],[-103.5801,25.50463],[-103.57805,25.50575],[-103.57756,25.50652],[-103.57768,25.50785],[-103.57721,25.50833],[-103.57607,25.5099],[-103.57552,25.51045],[-103.57462,25.51101],[-103.57247,25.5115],[-103.5714,25.51104],[-103.57097,25.5084],[-103.57041,25.5077],[-103.56732,25.50626],[-103.56569,25.50595],[-103.56375,25.50608],[-103.56196,25.50678],[-103.56081,25.50759],[-103.55887,25.50996],[-103.55609,25.51146],[-103.55459,25.51187],[-103.55252,25.51169],[-103.54859,25.51026],[-103.54197,25.50931],[-103.53817,25.50991],[-103.53628,25.51109],[-103.53414,25.51125],[-103.53383,25.51076],[-103.53244,25.51115]],[[-103.77132,25.27074],[-103.77102,25.27152],[-103.76982,25.27349],[-103.76821,25.27532],[-103.76639,25.27584],[-103.76248,25.27829],[-103.76115,25.2785],[-103.75938,25.27838],[-103.75724,25.27772],[-103.75489,25.27632],[-103.75085,25.27154],[-103.74965,25.27055],[-103.74227,25.26597],[-103.7404,25.26436],[-103.73949,25.26412],[-103.73856,25.26432],[-103.73758,25.26523],[-103.73794,25.26631],[-103.73765,25.26696],[-103.73784,25.26794],[-103.73973,25.27044],[-103.74114,25.27119],[-103.74309,25.27287],[-103.74373,25.27388],[-103.74371,25.27462],[-103.74354,25.27506],[-103.74312,25.27561],[-103.74215,25.27613],[-103.74103,25.27577],[-103.73809,25.27677],[-103.7367,25.27773],[-103.73473,25.28068],[-103.73249,25.28466],[-103.73153,25.28586],[-103.73136,25.28841],[-103.73152,25.2889],[-103.73183,25.28951],[-103.73318,25.29141],[-103.73356,25.29242],[-103.73348,25.2931],[-103.73267,25.29516],[-103.73273,25.29644],[-103.73207,25.30287],[-103.7322,25.30693],[-103.73241,25.3075],[-103.73609,25.31314],[-103.73678,25.31588],[-103.73727,25.31693],[-103.73833,25.31766],[-103.73875,25.31827],[-103.73889,25.31878],[-103.73888,25.31891],[-103.73875,25.31919],[-103.73856,25.31935],[-103.73852,25.3195],[-103.73958,25.32381],[-103.74132,25.32633],[-103.7418,25.32768],[-103.74175,25.32852],[-103.74086,25.33155],[-103.73891,25.33516],[-103.73824,25.33704],[-103.73868,25.3394],[-103.74126,25.34469],[-103.7406,25.35085],[-103.74015,25.35105],[-103.73972,25.35161],[-103.73958,25.35195],[-103.73963,25.35219],[-103.73997,25.35281],[-103.73984,25.35449],[-103.74097,25.35601],[-103.74114,25.35667],[-103.74113,25.35803],[-103.74075,25.35901],[-103.73998,25.36019],[-103.73995,25.36046],[-103.74057,25.3622],[-103.74212,25.36453],[-103.7453,25.36705],[-103.7466,25.36845],[-103.74715,25.36939],[-103.74734,25.37066],[-103.74732,25.37343],[-103.7462,25.37401],[-103.74604,25.37648],[-103.74534,25.37974],[-103.74534,25.38128],[-103.74472,25.38357],[-103.74284,25.38709],[-103.7424,25.38903],[-103.74186,25.38975],[-103.74126,25.39107],[-103.73946,25.39309],[-103.73662,25.39864],[-103.73555,25.40168],[-103.73548,25.40327],[-103.73635,25.40647],[-103.73718,25.40778],[-103.73987,25.41354],[-103.7408,25.41463],[-103.74301,25.41614],[-103.74349,25.4166],[-103.7438,25.41695],[-103.74462,25.41841],[-103.74504,25.41996],[-103.74597,25.42232],[-103.74743,25.42406],[-103.74764,25.42491],[-103.74682,25.42604],[-103.7462,25.42634],[-103.74306,25.42647],[-103.74261,25.42632],[-103.74172,25.42502],[-103.74018,25.42396],[-103.73915,25.42386],[-103.73781,25.42431],[-103.73726,25.42483],[-103.73713,25.42543],[-103.73746,25.42814],[-103.73665,25.43214],[-103.73721,25.43442],[-103.73687,25.4366],[-103.73591,25.43933],[-103.73488,25.44553]],[[-103.6003,25.50853],[-103.60203,25.50818],[-103.60408,25.50662],[-103.6047,25.5055],[-103.6047,25.50327],[-103.60529,25.50258],[-103.60612,25.50221],[-103.60763,25.50232],[-103.61107,25.50347],[-103.61257,25.5052],[-103.61404,25.50594],[-103.6158,25.50583],[-103.61723,25.50515],[-103.61864,25.50579],[-103.62081,25.50617],[-103.62313,25.50482],[-103.6243,25.50519],[-103.62596,25.50531],[-103.62745,25.50479],[-103.62878,25.50372],[-103.62971,25.50224],[-103.63105,25.50108],[-103.63337,25.50004],[-103.63527,25.50018],[-103.63767,25.50117],[-103.63961,25.50136],[-103.64084,25.50202],[-103.64223,25.502],[-103.64355,25.50151],[-103.64425,25.50083],[-103.64479,25.49918],[-103.64409,25.49385],[-103.6448,25.48933],[-103.64428,25.48867],[-103.64429,25.48788],[-103.64617,25.48384],[-103.6473,25.48302],[-103.65276,25.48089],[-103.65398,25.48074],[-103.65572,25.48137],[-103.6587,25.48176],[-103.66074,25.48113],[-103.66199,25.47979],[-103.66231,25.47905],[-103.66251,25.47728],[-103.66241,25.47415],[-103.66499,25.47221],[-103.6666,25.47176],[-103.66838,25.47215],[-103.67228,25.47233],[-103.67522,25.47134],[-103.67791,25.47306],[-103.67971,25.47383],[-103.68148,25.47378],[-103.68417,25.47255],[-103.68513,25.47135],[-103.68581,25.46943],[-103.6877,25.46818],[-103.68865,25.46814],[-103.68973,25.46859],[-103.6951,25.46903],[-103.69624,25.46872],[-103.69689,25.46758],[-103.69783,25.46695],[-103.70073,25.46707],[-103.70147,25.46695],[-103.70236,25.46662],[-103.70301,25.46619],[-103.70349,25.46564],[-103.70358,25.46534],[-103.70342,25.46487],[-103.70441,25.46365],[-103.70908,25.4619],[-103.7096,25.4607],[-103.71044,25.46002],[-103.71133,25.45989],[-103.7132,25.46112],[-103.71383,25.46119],[-103.71829,25.46035],[-103.7198,25.45974],[-103.72429,25.45881],[-103.72673,25.45677],[-103.72897,25.45609],[-103.73,25.45555],[-103.73297,25.45174],[-103.73378,25.45123],[-103.73441,25.45046],[-103.73491,25.44918],[-103.73458,25.44653],[-103.73482,25.4461],[-103.73534,25.44774],[-103.73539,25.44771],[-103.73514,25.44597],[-103.73585,25.44046],[-103.7369,25.43741],[-103.73744,25.43455],[-103.73683,25.43212],[-103.73767,25.42784],[-103.73729,25.4261],[-103.73738,25.4249],[-103.73923,25.42402],[-103.73999,25.42404],[-103.74186,25.42536],[-103.7423,25.42639],[-103.74357,25.42663],[-103.74669,25.42633],[-103.74746,25.42566],[-103.74774,25.42489],[-103.7476,25.4241],[-103.74583,25.42168],[-103.7446,25.4182],[-103.7442,25.41746],[-103.74338,25.41639],[-103.74092,25.41456],[-103.7401,25.41362],[-103.73674,25.40683],[-103.73567,25.40288],[-103.73601,25.40086],[-103.73826,25.39579],[-103.73989,25.39272],[-103.74138,25.39114],[-103.74253,25.38899],[-103.74285,25.3875],[-103.74404,25.3857],[-103.7449,25.38358],[-103.74541,25.3818],[-103.74547,25.37937],[-103.74625,25.37597],[-103.74692,25.37377],[-103.74739,25.3736],[-103.74757,25.37306],[-103.7477,25.37073],[-103.74749,25.36882],[-103.74206,25.36435],[-103.74171,25.36315],[-103.74054,25.36182],[-103.74052,25.36096],[-103.74113,25.35969],[-103.74139,25.3578],[-103.74109,25.35596],[-103.74007,25.35435],[-103.74004,25.35306],[-103.73991,25.3522],[-103.74063,25.35134],[-103.74067,25.35121],[-103.74131,25.34707],[-103.74116,25.34597],[-103.74153,25.3449],[-103.73865,25.33873],[-103.739,25.33604],[-103.74099,25.33144],[-103.74188,25.32844],[-103.7419,25.32778],[-103.7416,25.32653],[-103.74056,25.32493],[-103.7391,25.32131],[-103.73858,25.31941],[-103.73881,25.3192],[-103.73892,25.31884],[-103.73875,25.31805],[-103.73848,25.31762],[-103.73726,25.31667],[-103.73612,25.31299],[-103.73234,25.30691],[-103.73244,25.29945],[-103.73377,25.29232],[-103.73196,25.28909],[-103.73162,25.28633],[-103.73314,25.28476],[-103.73483,25.2807],[-103.73641,25.27829],[-103.73748,25.27722],[-103.73838,25.27677],[-103.74056,25.27642],[-103.74077,25.27635],[-103.74117,25.27612],[-103.74207,25.2764],[-103.74309,25.27578],[-103.74391,25.27598],[-103.74429,25.27569],[-103.7445,25.27402],[-103.74432,25.27291],[-103.74386,25.27262],[-103.74274,25.2724],[-103.74102,25.27093],[-103.73984,25.27021],[-103.73838,25.26831],[-103.73794,25.26543],[-103.73865,25.26453],[-103.74035,25.2646],[-103.74226,25.2665],[-103.74971,25.27077],[-103.75251,25.27375],[-103.75284,25.27459],[-103.75399,25.27586],[-103.7566,25.27768],[-103.75964,25.27862],[-103.76102,25.27875],[-103.76263,25.27848],[-103.76544,25.27652],[-103.76756,25.27555],[-103.76836,25.27568],[-103.76901,25.2754],[-103.7697,25.27469],[-103.76974,25.27454],[-103.77034,25.2743],[-103.77103,25.27368],[-103.77104,25.2724],[-103.77174,25.27171],[-103.77132,25.27074]],[[-103.73488,25.44553],[-103.73536,25.44769]],[[-103.73488,25.44553],[-103.73426,25.44713],[-103.73476,25.44942],[-103.73429,25.45048],[-103.73336,25.45142],[-103.73249,25.45188],[-103.72977,25.4556],[-103.72602,25.45673],[-103.72409,25.45875],[-103.71985,25.45953],[-103.71755,25.45927],[-103.71557,25.4606],[-103.71458,25.46089],[-103.71342,25.46078],[-103.71133,25.45969],[-103.71014,25.45971],[-103.70867,25.46063],[-103.70807,25.46222],[-103.7052,25.46271],[-103.70398,25.46339],[-103.70326,25.46459],[-103.70346,25.46555],[-103.70285,25.46619],[-103.70198,25.46672],[-103.70034,25.46703],[-103.69743,25.46675],[-103.69664,25.46734],[-103.69628,25.46854],[-103.69608,25.46865],[-103.69463,25.46889],[-103.69314,25.46852],[-103.69014,25.46835],[-103.68876,25.46795],[-103.68772,25.46803],[-103.68559,25.46934],[-103.68536,25.47037],[-103.68415,25.47243],[-103.68152,25.47355],[-103.68063,25.47366],[-103.67875,25.47326],[-103.67518,25.47108],[-103.67399,25.47119],[-103.672,25.47221],[-103.66575,25.47169],[-103.66456,25.47228],[-103.66219,25.47417],[-103.66222,25.47878],[-103.66163,25.48003],[-103.66044,25.481],[-103.65952,25.48125],[-103.65707,25.48136],[-103.65559,25.48115],[-103.65427,25.48063],[-103.65317,25.48058],[-103.64896,25.48237],[-103.6468,25.48304],[-103.64605,25.48367],[-103.64461,25.48631],[-103.64392,25.4885],[-103.64383,25.48999],[-103.64421,25.49205],[-103.64388,25.49401],[-103.64461,25.49958],[-103.64418,25.50058],[-103.64354,25.50117],[-103.64191,25.50167],[-103.64062,25.50156],[-103.63565,25.50002],[-103.63355,25.49981],[-103.63132,25.50063],[-103.63012,25.50153],[-103.62835,25.5039],[-103.62693,25.50492],[-103.62562,25.50507],[-103.62319,25.50457],[-103.62148,25.50536],[-103.61931,25.50558],[-103.61687,25.50496],[-103.61365,25.50552],[-103.61285,25.50516],[-103.61119,25.50328],[-103.60811,25.50215],[-103.60559,25.50209],[-103.60434,25.50324],[-103.6044,25.50507],[-103.60393,25.5064],[-103.60257,25.50754],[-103.60156,25.50797],[-103.60078,25.50805],[-103.60002,25.5077]],[[-103.58588,25.51232],[-103.58723,25.51384],[-103.58849,25.51397],[-103.59009,25.5138],[-103.59047,25.51357],[-103.59085,25.51304],[-103.5913,25.51339],[-103.5923,25.51347],[-103.5926,25.51318],[-103.59257,25.51196],[-103.5932,25.51167],[-103.59391,25.51195],[-103.59439,25.51198],[-103.59621,25.51137],[-103.59641,25.51123],[-103.59727,25.50976],[-103.59838,25.50965],[-103.6003,25.50853]],[[-103.6003,25.50853],[-103.5999,25.50818]],[[-103.60002,25.5077],[-103.5999,25.50818]],[[-103.60002,25.5077],[-103.59885,25.50543],[-103.59762,25.50522],[-103.59684,25.50544],[-103.59379,25.50729],[-103.59143,25.51081],[-103.59056,25.5116],[-103.58901,25.51226],[-103.58677,25.51233],[-103.58594,25.51209]],[[-103.5999,25.50818],[-103.59969,25.5087],[-103.59832,25.50957],[-103.59724,25.50968],[-103.59698,25.51024],[-103.59632,25.51117],[-103.5961,25.51136],[-103.59447,25.5119],[-103.59406,25.51192],[-103.59329,25.51162],[-103.59264,25.51177],[-103.59235,25.51214],[-103.59253,25.51308],[-103.59226,25.51336],[-103.59155,25.51337],[-103.59091,25.51297],[-103.59009,25.51373],[-103.58895,25.51389],[-103.58778,25.51389],[-103.5873,25.51379],[-103.58691,25.51348],[-103.58604,25.51238]],[[-103.5999,25.50818],[-103.5998,25.50803]],[[-103.5998,25.50803],[-103.59963,25.50854],[-103.59833,25.50951],[-103.59707,25.5097],[-103.59621,25.51124],[-103.5945,25.51185],[-103.59336,25.51155],[-103.59248,25.51173],[-103.5922,25.51215],[-103.59227,25.51325],[-103.5916,25.51331],[-103.59076,25.51289],[-103.59041,25.51298],[-103.5901,25.51364],[-103.5878,25.51382],[-103.58722,25.51366],[-103.58617,25.51242]],[[-103.58617,25.51242],[-103.58898,25.51247],[-103.59093,25.51162],[-103.59373,25.50769],[-103.59534,25.50731],[-103.59636,25.50653],[-103.59658,25.50598],[-103.59747,25.50545],[-103.59875,25.50564],[-103.5998,25.50803]],[[-103.59245,25.70077],[-103.59312,25.70337],[-103.59341,25.70627],[-103.59152,25.71488],[-103.59072,25.72089]],[[-103.58617,25.51242],[-103.58604,25.51237]],[[-103.58604,25.51238],[-103.58617,25.51242]],[[-103.58604,25.51238],[-103.58604,25.51237]],[[-103.58588,25.51232],[-103.58604,25.51238]],[[-103.58604,25.51237],[-103.58594,25.51209]],[[-103.58604,25.51237],[-103.58588,25.51232]],[[-103.58594,25.51209],[-103.58474,25.51099],[-103.58323,25.50626],[-103.58257,25.50535],[-103.58111,25.50476],[-103.58024,25.50489],[-103.57824,25.50598],[-103.57787,25.50645],[-103.57798,25.5085],[-103.57751,25.50914],[-103.57517,25.51099],[-103.57258,25.51179],[-103.57169,25.51164],[-103.57125,25.51125],[-103.57063,25.50825],[-103.56702,25.50638],[-103.56556,25.50607],[-103.56431,25.50615],[-103.56221,25.50682],[-103.56089,25.50786],[-103.55929,25.50991],[-103.55614,25.51168],[-103.55453,25.51212],[-103.55269,25.51202],[-103.54831,25.51062],[-103.54235,25.50977],[-103.53974,25.50987],[-103.53603,25.51126],[-103.53395,25.51143]],[[-103.53244,25.51115],[-103.53054,25.51181],[-103.52906,25.51287],[-103.52934,25.51311],[-103.5329,25.51174],[-103.53701,25.51151],[-103.53973,25.51007],[-103.54339,25.50996],[-103.54993,25.51127],[-103.55214,25.51216],[-103.55511,25.51239],[-103.55865,25.5107],[-103.56193,25.50726],[-103.56343,25.50659],[-103.56552,25.5063],[-103.56777,25.50686],[-103.57052,25.50867],[-103.57079,25.51125],[-103.57176,25.51191],[-103.57274,25.51209],[-103.57491,25.51135],[-103.57701,25.50985],[-103.57825,25.50872],[-103.57861,25.50746],[-103.58042,25.50519],[-103.58109,25.5049],[-103.58273,25.50591],[-103.58392,25.50866],[-103.58429,25.51068],[-103.58588,25.51232]],[[-103.53395,25.51143],[-103.53184,25.51175],[-103.52917,25.51293]],[[-103.53395,25.51143],[-103.53244,25.51115]],[[-103.53244,25.51115],[-103.52942,25.5097],[-103.52567,25.50935],[-103.52099,25.51036],[-103.51936,25.51119],[-103.51829,25.51224],[-103.51636,25.51651],[-103.5157,25.52241],[-103.51509,25.5241],[-103.51406,25.52564],[-103.51029,25.52722],[-103.50688,25.52806],[-103.50509,25.52899],[-103.50391,25.53046],[-103.50063,25.53302],[-103.49695,25.53679],[-103.49589,25.53749],[-103.48984,25.53924],[-103.48684,25.54071],[-103.47639,25.54366],[-103.46879,25.54702],[-103.46708,25.54831],[-103.46416,25.55123],[-103.45848,25.55486],[-103.45505,25.55775],[-103.45247,25.56223],[-103.45124,25.56836],[-103.45149,25.57104],[-103.45288,25.57524],[-103.45245,25.57744],[-103.45117,25.5791],[-103.4491,25.58088],[-103.44747,25.58163],[-103.44594,25.58198],[-103.43847,25.5821],[-103.43683,25.58246],[-103.4357,25.58302],[-103.43398,25.58484],[-103.4332,25.58652],[-103.43305,25.58766],[-103.43337,25.589],[-103.43403,25.59036],[-103.43709,25.59378],[-103.43747,25.59526],[-103.43678,25.59715],[-103.43458,25.59671],[-103.43322,25.59683],[-103.43059,25.59806],[-103.42883,25.59995],[-103.42816,25.60204],[-103.42795,25.60957],[-103.42702,25.6116],[-103.42557,25.61258],[-103.42363,25.61303],[-103.41943,25.61305],[-103.41493,25.61261],[-103.41359,25.61306],[-103.41313,25.61367],[-103.4131,25.61533],[-103.41372,25.61613],[-103.4146,25.61664],[-103.42193,25.61778],[-103.42362,25.61831],[-103.42467,25.61897],[-103.42538,25.61968],[-103.42595,25.62193],[-103.42554,25.62324],[-103.42481,25.62429],[-103.42375,25.62512],[-103.42103,25.62581],[-103.41864,25.62553],[-103.41515,25.62447],[-103.41241,25.62449],[-103.40609,25.62598],[-103.40487,25.62648],[-103.40321,25.62774],[-103.40226,25.62942],[-103.40264,25.63147],[-103.40431,25.63436],[-103.40802,25.63935],[-103.40853,25.64064],[-103.4083,25.64247],[-103.40761,25.64354],[-103.40644,25.64441],[-103.40197,25.64557],[-103.39752,25.6456],[-103.39433,25.64479],[-103.38928,25.6419],[-103.38643,25.64069],[-103.38285,25.63992],[-103.38157,25.64043],[-103.38098,25.64147],[-103.38103,25.64343],[-103.38368,25.65083],[-103.38385,25.65267],[-103.38331,25.65539],[-103.38253,25.65646],[-103.37971,25.65906],[-103.37642,25.66145],[-103.37316,25.66308],[-103.37098,25.66472],[-103.3648,25.67185],[-103.36244,25.67609],[-103.36001,25.68801],[-103.35928,25.68934],[-103.35563,25.69124],[-103.35308,25.69206],[-103.34577,25.69332],[-103.33777,25.69388],[-103.33429,25.6945],[-103.33117,25.69559],[-103.32849,25.69709],[-103.32621,25.69933],[-103.32564,25.70245],[-103.32523,25.70306],[-103.32192,25.70434],[-103.317,25.7054],[-103.30993,25.70604],[-103.30394,25.7057],[-103.30014,25.70454],[-103.29447,25.70128],[-103.29262,25.70054],[-103.28952,25.70008],[-103.28584,25.70117],[-103.28267,25.7031],[-103.28227,25.70374],[-103.28202,25.70655],[-103.28158,25.70731],[-103.27749,25.71126],[-103.27389,25.71528],[-103.26994,25.72456],[-103.26818,25.72739],[-103.26578,25.72967],[-103.26136,25.73245],[-103.25203,25.73666],[-103.25182,25.7378],[-103.25269,25.7453],[-103.25226,25.74818],[-103.25159,25.74909],[-103.25063,25.74977],[-103.24859,25.75027],[-103.24687,25.74984],[-103.24431,25.74836],[-103.24331,25.74845],[-103.2358,25.75402],[-103.22913,25.75848],[-103.22785,25.75892],[-103.2262,25.75902],[-103.22022,25.75362],[-103.21752,25.7516],[-103.21552,25.75102],[-103.21417,25.75157],[-103.21239,25.75369],[-103.21102,25.75484],[-103.2059,25.75662],[-103.20383,25.75686],[-103.203,25.75622],[-103.2017,25.75351],[-103.20108,25.75311],[-103.19487,25.75289],[-103.1924,25.75239],[-103.18969,25.75004],[-103.18633,25.75007],[-103.18359,25.74894],[-103.1798,25.74811],[-103.17773,25.74587],[-103.17668,25.74528],[-103.16981,25.74464],[-103.16591,25.74541],[-103.15817,25.7411],[-103.15276,25.73943],[-103.15018,25.73688],[-103.14933,25.73639],[-103.14774,25.73616],[-103.14476,25.73694],[-103.14388,25.73673],[-103.14287,25.735],[-103.14207,25.73253],[-103.14227,25.73177],[-103.1436,25.73006],[-103.1434,25.72832],[-103.14249,25.72764],[-103.13877,25.72674],[-103.13644,25.72485],[-103.13514,25.72251],[-103.13487,25.72125],[-103.13543,25.71702],[-103.13492,25.71656],[-103.13182,25.71531],[-103.13116,25.71359],[-103.12953,25.71182],[-103.12836,25.71129],[-103.12722,25.7112],[-103.12421,25.71212],[-103.12231,25.71064],[-103.12125,25.71022],[-103.1168,25.71059],[-103.11409,25.70984],[-103.1123,25.70968],[-103.1096,25.70765],[-103.10822,25.70765],[-103.1068,25.70827],[-103.10578,25.70803],[-103.10387,25.70652],[-103.10244,25.70438],[-103.09961,25.70185],[-103.09755,25.69953],[-103.0964,25.6989],[-103.09496,25.69899],[-103.09201,25.7003],[-103.08507,25.70015],[-103.08354,25.69983],[-103.08275,25.69887],[-103.08252,25.69369],[-103.08185,25.6918],[-103.08043,25.69012],[-103.07785,25.68859],[-103.07182,25.68357],[-103.07157,25.68283],[-103.07192,25.68085],[-103.07176,25.67998],[-103.06851,25.67928],[-103.06425,25.67505],[-103.06052,25.67322],[-103.05714,25.67244],[-103.05274,25.67216],[-103.04784,25.67327],[-103.04714,25.6739],[-103.04515,25.67829],[-103.04531,25.68175],[-103.04435,25.68408],[-103.04482,25.68732],[-103.04463,25.6881],[-103.0437,25.6892],[-103.04118,25.69092],[-103.03892,25.69135],[-103.03635,25.69114],[-103.03526,25.69165],[-103.03323,25.69345],[-103.03024,25.69389],[-103.02785,25.69393],[-103.02609,25.69353],[-103.02378,25.69114],[-103.02262,25.69127],[-103.02011,25.69246],[-103.01888,25.69268],[-103.01752,25.6926],[-103.01496,25.69191],[-103.01357,25.69201],[-103.01039,25.69367],[-103.00732,25.69455],[-103.00368,25.69619],[-103.00228,25.69732],[-103.00099,25.69903],[-102.99908,25.70029],[-102.99662,25.70287],[-102.99568,25.70348],[-102.98799,25.70619],[-102.98496,25.70668],[-102.98372,25.70633],[-102.98212,25.70501],[-102.97166,25.70181],[-102.96914,25.70004],[-102.96742,25.69795],[-102.96586,25.69688],[-102.96366,25.69761],[-102.95895,25.69751],[-102.95701,25.69786],[-102.95597,25.69855],[-102.95401,25.70106],[-102.95337,25.70146],[-102.95271,25.70145],[-102.95077,25.70064],[-102.94734,25.70098],[-102.94373,25.70058],[-102.9427,25.70117],[-102.94033,25.70408],[-102.93726,25.70472],[-102.93419,25.70357],[-102.93322,25.70358],[-102.93096,25.70538],[-102.92851,25.70626],[-102.92631,25.70577],[-102.9223,25.70559],[-102.92085,25.70478],[-102.91971,25.70323],[-102.91762,25.70344],[-102.91661,25.7032],[-102.91518,25.70057],[-102.91418,25.70087],[-102.91316,25.70075],[-102.91111,25.69976],[-102.90971,25.6985],[-102.90907,25.69737],[-102.90934,25.69545],[-102.90894,25.6943],[-102.90321,25.69272],[-102.90057,25.69301],[-102.89807,25.69236],[-102.89627,25.69474],[-102.89446,25.69507],[-102.89328,25.69489],[-102.89233,25.69384],[-102.89002,25.69448],[-102.88885,25.69378],[-102.8855,25.6927],[-102.88305,25.6933],[-102.8813,25.69294],[-102.88083,25.69318],[-102.88029,25.695],[-102.87905,25.69652],[-102.87775,25.69724],[-102.87661,25.69742],[-102.87523,25.69647],[-102.87476,25.69513],[-102.87355,25.6945],[-102.87334,25.694],[-102.87367,25.69282],[-102.87295,25.69205],[-102.87164,25.6919],[-102.87024,25.69281],[-102.86918,25.69315],[-102.86823,25.69309],[-102.86609,25.69232],[-102.86459,25.69015],[-102.86379,25.69029],[-102.86332,25.69117],[-102.86283,25.69126],[-102.86098,25.69055],[-102.8595,25.68938],[-102.85658,25.68906],[-102.85105,25.68687],[-102.84825,25.68681],[-102.8465,25.68712],[-102.84405,25.68828],[-102.84192,25.68822],[-102.83988,25.68923],[-102.83778,25.6888],[-102.83607,25.69029],[-102.83449,25.69057],[-102.83339,25.69138],[-102.83235,25.6917],[-102.83119,25.693],[-102.82698,25.69109],[-102.82465,25.69094],[-102.82334,25.69216],[-102.82194,25.69204],[-102.82111,25.69246],[-102.81989,25.69656],[-102.81874,25.69652],[-102.81763,25.69709],[-102.81488,25.69684],[-102.81386,25.69738],[-102.81241,25.69707],[-102.81178,25.69772],[-102.81021,25.69818],[-102.80929,25.69895],[-102.80785,25.69957],[-102.80726,25.70076],[-102.80207,25.70468],[-102.80115,25.706],[-102.80012,25.70565],[-102.79966,25.70576],[-102.7981,25.70869],[-102.79844,25.71036],[-102.79745,25.71106],[-102.79691,25.71221],[-102.79579,25.71321],[-102.79488,25.71481],[-102.79441,25.71503],[-102.79337,25.71469],[-102.79238,25.71515],[-102.79198,25.7161],[-102.792,25.71709],[-102.79323,25.71854],[-102.79266,25.7189],[-102.79101,25.72108],[-102.78927,25.72144],[-102.78761,25.72275],[-102.78657,25.72307],[-102.78381,25.72323],[-102.78338,25.72354],[-102.78335,25.72427],[-102.78177,25.72541],[-102.77828,25.72705],[-102.77616,25.72662],[-102.77395,25.72437],[-102.76857,25.72348],[-102.76726,25.72353],[-102.7667,25.72413],[-102.76551,25.72359],[-102.76445,25.72367],[-102.76423,25.72414],[-102.76452,25.72471],[-102.76438,25.72527],[-102.76364,25.72519],[-102.76349,25.72584],[-102.76203,25.72693],[-102.76209,25.72887],[-102.76101,25.72978],[-102.75964,25.7301],[-102.7591,25.73091],[-102.75786,25.73172],[-102.75645,25.73199],[-102.75561,25.73252],[-102.7539,25.73467],[-102.75362,25.73618],[-102.75457,25.7368],[-102.75538,25.73692],[-102.75556,25.73757],[-102.75635,25.73807],[-102.75648,25.73904],[-102.75516,25.73938],[-102.7549,25.7397],[-102.75503,25.74025],[-102.75423,25.7405],[-102.75398,25.74117],[-102.75328,25.74136],[-102.75263,25.74213],[-102.75184,25.74229],[-102.75103,25.74335],[-102.74699,25.74522],[-102.74457,25.74863],[-102.74237,25.749],[-102.74192,25.7509],[-102.74221,25.75168],[-102.74282,25.75236],[-102.74353,25.75262],[-102.74619,25.75537],[-102.74649,25.75676],[-102.74615,25.75769],[-102.74629,25.75885],[-102.74685,25.75989],[-102.7496,25.76219],[-102.75057,25.76448],[-102.75018,25.7671],[-102.74938,25.76878],[-102.74891,25.77187],[-102.74977,25.77523],[-102.74954,25.77774],[-102.74879,25.7787],[-102.74714,25.77971],[-102.74581,25.78145],[-102.74556,25.78251],[-102.74602,25.78424],[-102.74712,25.78559],[-102.74772,25.78732],[-102.74888,25.78914]],[[-103.09595,24.82619],[-103.10261,24.82547],[-103.10648,24.82555],[-103.10849,24.82643],[-103.11058,24.82851],[-103.11144,24.82845],[-103.11427,24.83024],[-103.11528,24.83011],[-103.11597,24.82901],[-103.11726,24.82835],[-103.11904,24.82833],[-103.12363,24.82958],[-103.12891,24.83209],[-103.12998,24.83305],[-103.13155,24.83363],[-103.13318,24.83355],[-103.13796,24.83007],[-103.14336,24.8287],[-103.14566,24.82939],[-103.14688,24.8304],[-103.14797,24.83303],[-103.15202,24.83527],[-103.15227,24.83636],[-103.15155,24.8385],[-103.15197,24.83974],[-103.15356,24.84105],[-103.15677,24.84204],[-103.15879,24.84329],[-103.16104,24.84639],[-103.16334,24.84683],[-103.16619,24.84676],[-103.16852,24.84707],[-103.17294,24.84927],[-103.17438,24.85045],[-103.17624,24.85141],[-103.18148,24.85108],[-103.18362,24.85141],[-103.18642,24.85141],[-103.18755,24.85174],[-103.18768,24.85583],[-103.19027,24.86128],[-103.19187,24.86237],[-103.1975,24.86383],[-103.19908,24.86479],[-103.19947,24.86625],[-103.19847,24.86856],[-103.19804,24.87117],[-103.19871,24.87177],[-103.20036,24.87185],[-103.20208,24.8728],[-103.20399,24.873],[-103.2057,24.87259],[-103.20856,24.87006],[-103.20976,24.8709],[-103.21022,24.87242],[-103.21003,24.87462],[-103.20904,24.87695],[-103.20739,24.87944],[-103.20736,24.88069],[-103.20812,24.88143],[-103.21301,24.88131],[-103.21495,24.88162],[-103.21796,24.88108],[-103.21952,24.88166],[-103.2203,24.88371],[-103.22429,24.89001],[-103.22976,24.89246],[-103.23012,24.89404],[-103.2296,24.8957],[-103.22961,24.89686],[-103.23106,24.89809],[-103.23322,24.89891],[-103.23786,24.89885],[-103.23989,24.89953],[-103.24087,24.90157],[-103.2418,24.90274],[-103.2489,24.91068],[-103.25066,24.91346],[-103.25152,24.91728],[-103.25346,24.92008],[-103.25495,24.92144],[-103.25526,24.92247],[-103.25475,24.92347],[-103.25247,24.92502],[-103.25261,24.9258],[-103.25327,24.9265],[-103.25418,24.92681],[-103.25682,24.92682],[-103.25874,24.92773],[-103.25973,24.92784],[-103.26439,24.9262],[-103.26573,24.92593],[-103.26632,24.92626],[-103.26635,24.92755],[-103.26549,24.93075],[-103.26139,24.93444],[-103.26147,24.93538],[-103.26197,24.93589],[-103.26461,24.93623],[-103.2683,24.93604],[-103.26961,24.93663],[-103.27009,24.93725],[-103.27033,24.938],[-103.26985,24.93932],[-103.26825,24.9411],[-103.26744,24.9439],[-103.2708,24.94732],[-103.2723,24.9495],[-103.27114,24.95328],[-103.26594,24.95514],[-103.26285,24.95534],[-103.26139,24.95931],[-103.26307,24.96156],[-103.26362,24.96362],[-103.26247,24.96487],[-103.25907,24.96405],[-103.25857,24.96546],[-103.25881,24.96693],[-103.2586,24.96825],[-103.2577,24.96934],[-103.25469,24.96997],[-103.25285,24.96985],[-103.25173,24.97292],[-103.2511,24.97588],[-103.24976,24.97888],[-103.2481,24.98058],[-103.24653,24.98122],[-103.24478,24.98291],[-103.24624,24.98537],[-103.24631,24.98637],[-103.24555,24.98779],[-103.24551,24.98967],[-103.24575,24.99011],[-103.24784,24.99133],[-103.24848,24.99253],[-103.24805,24.99332],[-103.24658,24.99438],[-103.24628,24.99505],[-103.24639,24.99616],[-103.248,24.99805],[-103.25525,25.00478],[-103.25916,25.00641],[-103.26306,25.00972],[-103.26581,25.01159],[-103.26984,25.0154],[-103.27333,25.02011],[-103.2741,25.02333],[-103.27243,25.02551],[-103.2697,25.02678],[-103.26732,25.02703],[-103.2677,25.02866],[-103.26997,25.03115],[-103.27327,25.03243],[-103.27654,25.03329],[-103.27774,25.03402],[-103.27654,25.03585],[-103.2745,25.03775],[-103.26961,25.0395],[-103.26918,25.03998],[-103.26921,25.04106],[-103.27021,25.04255],[-103.27361,25.04513],[-103.27405,25.04616],[-103.27251,25.04781],[-103.27108,25.04842],[-103.26882,25.04849],[-103.2683,25.04883],[-103.26823,25.05064],[-103.26934,25.05257],[-103.26895,25.05479],[-103.26847,25.05572],[-103.26655,25.05541],[-103.26491,25.05372],[-103.26363,25.05353],[-103.26212,25.05374],[-103.26084,25.05448],[-103.26062,25.05584],[-103.26099,25.05739],[-103.26199,25.05869],[-103.26378,25.05948],[-103.26726,25.06029],[-103.27076,25.06049],[-103.2731,25.0633],[-103.2743,25.06349],[-103.27666,25.06178],[-103.27881,25.06237],[-103.28452,25.06719],[-103.28833,25.06838],[-103.29074,25.06983],[-103.29228,25.07176],[-103.29293,25.0743],[-103.29263,25.07687],[-103.29366,25.07881],[-103.29725,25.08109],[-103.3013,25.08285],[-103.30482,25.08297],[-103.31139,25.0846],[-103.314,25.08616],[-103.31675,25.08845],[-103.3223,25.09428],[-103.32327,25.09487],[-103.32445,25.09488],[-103.32785,25.09406],[-103.32986,25.09634],[-103.33305,25.09595],[-103.33509,25.09645],[-103.3381,25.10048],[-103.33807,25.10195],[-103.34014,25.10284],[-103.34033,25.10344],[-103.33926,25.10507],[-103.33841,25.10576],[-103.33875,25.10684],[-103.33911,25.10749],[-103.34263,25.11022],[-103.3442,25.11078],[-103.34577,25.1108],[-103.34678,25.11022],[-103.34978,25.10723],[-103.35117,25.10664],[-103.35206,25.10657],[-103.35298,25.107],[-103.35359,25.10948],[-103.35406,25.10997],[-103.35514,25.1102],[-103.35826,25.10987],[-103.35942,25.11053],[-103.35987,25.11293],[-103.36093,25.11374],[-103.36141,25.11472],[-103.36169,25.1165],[-103.36235,25.11799],[-103.36429,25.11985],[-103.36643,25.12025],[-103.36743,25.12122],[-103.36862,25.12454],[-103.36943,25.12505],[-103.37104,25.12523],[-103.37175,25.12569],[-103.37233,25.12808],[-103.3719,25.12977],[-103.37275,25.13085],[-103.37505,25.1322],[-103.37547,25.13319],[-103.37675,25.13809],[-103.37654,25.14098],[-103.37708,25.14192],[-103.3782,25.14265],[-103.37895,25.14391],[-103.38003,25.14459],[-103.38253,25.14501],[-103.382,25.14613],[-103.38259,25.14897],[-103.38317,25.14966],[-103.38544,25.15096],[-103.38839,25.15455],[-103.39403,25.15763],[-103.3941,25.15835],[-103.39278,25.15879],[-103.39242,25.15936],[-103.39397,25.16016],[-103.39386,25.16196],[-103.39693,25.16354],[-103.3971,25.16423],[-103.39609,25.16543],[-103.39668,25.16672],[-103.39637,25.16794],[-103.39674,25.16877],[-103.39857,25.17067],[-103.39768,25.17251],[-103.39778,25.17494],[-103.39895,25.1767],[-103.40053,25.17774],[-103.40084,25.17935],[-103.40235,25.18193],[-103.40295,25.1825],[-103.40564,25.18309],[-103.40843,25.18222],[-103.40907,25.18234],[-103.4095,25.18299],[-103.4089,25.18447],[-103.40935,25.18505],[-103.41042,25.18605],[-103.41267,25.18731],[-103.41733,25.19108],[-103.41849,25.1927],[-103.41802,25.19608],[-103.41862,25.19653],[-103.42305,25.19801],[-103.42527,25.20149],[-103.42576,25.20174],[-103.42986,25.19929],[-103.4319,25.19905],[-103.43392,25.19996],[-103.43556,25.20185],[-103.43611,25.20208],[-103.43655,25.20217],[-103.43759,25.20152],[-103.43834,25.20177],[-103.43877,25.20255],[-103.43866,25.20377],[-103.44443,25.20906],[-103.4458,25.21091],[-103.44696,25.21338],[-103.4471,25.2149],[-103.44778,25.21663],[-103.44966,25.21894],[-103.44946,25.22178],[-103.44839,25.22408],[-103.44918,25.22773],[-103.44983,25.22855],[-103.45237,25.2293],[-103.45296,25.23011],[-103.4569,25.23268],[-103.4603,25.23357],[-103.4606,25.23394],[-103.46028,25.23483],[-103.46119,25.23699],[-103.46561,25.23822],[-103.46606,25.23916],[-103.46521,25.24044],[-103.46522,25.24093],[-103.46558,25.24144],[-103.46757,25.24165],[-103.46812,25.24211],[-103.46856,25.24329],[-103.47052,25.24584],[-103.47124,25.24798],[-103.47262,25.24988],[-103.47337,25.25011],[-103.47612,25.24984],[-103.47762,25.25028],[-103.4817,25.25233],[-103.48677,25.25412],[-103.48738,25.25416],[-103.48829,25.25321],[-103.49084,25.25235],[-103.49465,25.25502],[-103.49621,25.25571],[-103.49707,25.25862],[-103.49708,25.26338],[-103.49772,25.26538],[-103.49823,25.26599],[-103.49986,25.26659],[-103.5035,25.27475],[-103.50504,25.27645],[-103.50895,25.27835],[-103.51019,25.27853],[-103.51135,25.27919],[-103.51177,25.28003],[-103.5117,25.28107],[-103.51114,25.28166],[-103.50804,25.2826],[-103.50679,25.28421],[-103.50682,25.28487],[-103.50923,25.28966],[-103.50917,25.2908],[-103.50869,25.2917],[-103.50762,25.29265],[-103.50626,25.29336],[-103.50483,25.29337],[-103.50292,25.29219],[-103.50223,25.29208],[-103.4996,25.2937],[-103.49749,25.29441],[-103.49702,25.29549],[-103.49773,25.29841],[-103.49624,25.29986],[-103.49611,25.30826],[-103.49545,25.31093],[-103.49466,25.31162],[-103.49184,25.3114],[-103.49112,25.3116],[-103.48927,25.31233],[-103.48663,25.31402],[-103.48461,25.31576],[-103.48197,25.32078],[-103.48008,25.32214],[-103.47879,25.32429],[-103.47877,25.32563],[-103.48084,25.32732],[-103.48577,25.32976],[-103.48676,25.33063],[-103.48682,25.33189],[-103.48652,25.33238],[-103.48581,25.33264],[-103.48428,25.33283],[-103.48356,25.33361],[-103.48118,25.33382],[-103.48002,25.33451],[-103.47903,25.33694],[-103.47573,25.34],[-103.47457,25.34183],[-103.47069,25.34511],[-103.46961,25.34683],[-103.46882,25.35003],[-103.46639,25.35143],[-103.46586,25.35263],[-103.4656,25.36003],[-103.46195,25.36572],[-103.46086,25.37031],[-103.46077,25.37221],[-103.46245,25.37623],[-103.46178,25.37644],[-103.4597,25.37559],[-103.45665,25.37539],[-103.45548,25.37628],[-103.45541,25.37702],[-103.45681,25.37693],[-103.45731,25.37714],[-103.45779,25.37772],[-103.45772,25.37806],[-103.45444,25.37916],[-103.45124,25.38066],[-103.44766,25.38107],[-103.44676,25.38166],[-103.44576,25.38319],[-103.44443,25.38433],[-103.44185,25.38423],[-103.44083,25.38496],[-103.43647,25.38649],[-103.43414,25.38615],[-103.43238,25.38685],[-103.42957,25.38896],[-103.42457,25.38974],[-103.42311,25.39057],[-103.42314,25.3916],[-103.42269,25.3923],[-103.42014,25.39413],[-103.41947,25.39435],[-103.41756,25.39354],[-103.41648,25.39387],[-103.41573,25.39478],[-103.41356,25.39555],[-103.40863,25.39631],[-103.4075,25.39822],[-103.40663,25.39879],[-103.40442,25.39835],[-103.40256,25.39762],[-103.39955,25.39563],[-103.39691,25.39488],[-103.39536,25.39526],[-103.39429,25.39625],[-103.39016,25.3972],[-103.38499,25.39436],[-103.38125,25.39132],[-103.38019,25.39093],[-103.37195,25.39037],[-103.37086,25.39075],[-103.3705,25.39118],[-103.37058,25.39299],[-103.37006,25.39364],[-103.36708,25.39356],[-103.36525,25.39313],[-103.36323,25.39178],[-103.36109,25.38805],[-103.35764,25.38483],[-103.35707,25.38349],[-103.35721,25.38161],[-103.35096,25.37295],[-103.34664,25.3721],[-103.34243,25.37052],[-103.34104,25.37026],[-103.34025,25.37034],[-103.33914,25.37117],[-103.3351,25.37134],[-103.33171,25.37196],[-103.32831,25.37095],[-103.32713,25.37118],[-103.32547,25.37211],[-103.32336,25.37526],[-103.32058,25.37674],[-103.31756,25.37936],[-103.31632,25.38248],[-103.31572,25.3832],[-103.31505,25.38349],[-103.31231,25.38297],[-103.31106,25.38314],[-103.30992,25.38552],[-103.30555,25.38852],[-103.29679,25.38968],[-103.29465,25.39263],[-103.29302,25.39635],[-103.29198,25.39757],[-103.28435,25.40395],[-103.28169,25.40511],[-103.27782,25.40534],[-103.27293,25.40511],[-103.2695,25.40565],[-103.26735,25.40875],[-103.26572,25.41054],[-103.264,25.41116],[-103.261,25.411],[-103.25843,25.41007],[-103.25585,25.41],[-103.25267,25.41085],[-103.24951,25.41231],[-103.24139,25.42038],[-103.23911,25.42558],[-103.2362,25.42759],[-103.23488,25.428],[-103.23186,25.42712],[-103.23047,25.42587],[-103.2301,25.42465],[-103.22888,25.42333],[-103.22757,25.42254],[-103.22651,25.42254],[-103.22448,25.42375],[-103.22156,25.4285],[-103.22031,25.43131],[-103.21941,25.43209],[-103.21343,25.43415],[-103.21253,25.43505],[-103.21227,25.43835],[-103.21027,25.44271],[-103.20532,25.44633],[-103.19741,25.45486],[-103.19568,25.45472],[-103.19258,25.45388],[-103.1854,25.45359],[-103.17843,25.45263],[-103.16772,25.45331],[-103.16324,25.45317],[-103.16045,25.45247],[-103.15817,25.45322],[-103.15742,25.45395],[-103.15657,25.45569],[-103.15557,25.45642],[-103.15431,25.45695],[-103.15255,25.45703],[-103.15116,25.4565],[-103.14946,25.45497],[-103.14111,25.45134],[-103.14067,25.45077],[-103.13397,25.44651],[-103.09835,25.43914],[-103.09513,25.43998],[-103.08739,25.43961],[-103.07913,25.438],[-103.073,25.4334],[-103.07165,25.43146],[-103.06955,25.4308],[-103.06783,25.4294],[-103.06694,25.42935],[-103.06471,25.4284],[-103.06188,25.42924],[-103.06136,25.42852],[-103.05609,25.42781],[-103.05425,25.42717],[-103.05266,25.42602],[-103.05212,25.42475],[-103.0497,25.42166],[-103.04931,25.41862],[-103.04835,25.41736],[-103.04375,25.41333],[-103.03601,25.41288],[-103.0347,25.41211],[-103.03129,25.40784],[-103.03086,25.40554],[-103.0288,25.40255],[-103.025,25.40069],[-103.02279,25.39842],[-103.02227,25.39703],[-103.02266,25.39571],[-103.02137,25.3943],[-103.0188,25.39269],[-103.01845,25.39212],[-103.0168,25.39214],[-103.01609,25.39172],[-103.0117,25.39218],[-103.00989,25.39278],[-103.00755,25.3948],[-103.00504,25.3943],[-103.00024,25.39139],[-102.99622,25.38988],[-102.99254,25.38558],[-102.98876,25.38271],[-102.98473,25.37814],[-102.98106,25.37498],[-102.97902,25.37385],[-102.97574,25.37366],[-102.9731,25.37151],[-102.97052,25.36744],[-102.96728,25.36313],[-102.9661,25.36061],[-102.96422,25.35774],[-102.96383,25.35635],[-102.96233,25.35561],[-102.96018,25.35517],[-102.95868,25.35565],[-102.95752,25.357],[-102.95534,25.36263],[-102.95522,25.36418],[-102.9512,25.37223],[-102.94919,25.37335],[-102.94468,25.37803],[-102.94165,25.38181],[-102.93962,25.38351],[-102.93867,25.38805],[-102.9376,25.39072],[-102.93453,25.39427],[-102.93223,25.39753],[-102.9276,25.40303],[-102.92204,25.40648],[-102.91382,25.41443],[-102.91011,25.4172],[-102.9079,25.41786],[-102.90481,25.4178],[-102.90288,25.41724],[-102.90056,25.41557],[-102.89883,25.41478],[-102.89657,25.41408],[-102.89421,25.41451],[-102.89303,25.41513],[-102.88996,25.41445],[-102.88784,25.41468],[-102.88715,25.41395],[-102.88702,25.41247],[-102.88644,25.41195],[-102.88501,25.41218],[-102.88398,25.41181],[-102.88181,25.40887],[-102.88194,25.40774],[-102.88273,25.40608],[-102.8835,25.40522],[-102.8838,25.4042],[-102.88395,25.40119],[-102.8835,25.39989],[-102.88138,25.39627],[-102.87417,25.39061],[-102.87305,25.38875],[-102.87181,25.38237],[-102.87059,25.38088],[-102.86537,25.37896],[-102.8611,25.37836],[-102.85844,25.37907],[-102.85703,25.38022],[-102.85664,25.38384],[-102.85469,25.38824],[-102.84947,25.39067],[-102.84587,25.39321],[-102.84439,25.39354],[-102.83971,25.39726],[-102.83838,25.39951],[-102.8366,25.40094],[-102.83284,25.40315],[-102.82907,25.40429],[-102.82744,25.40393],[-102.82638,25.40346],[-102.82349,25.40065]],[[-102.74254,25.08564],[-102.74245,25.0863],[-102.74167,25.08694],[-102.74177,25.08785],[-102.74117,25.08953],[-102.74084,25.0902],[-102.74039,25.0903],[-102.74022,25.09152],[-102.73958,25.09193],[-102.73935,25.09308],[-102.73873,25.09341],[-102.73859,25.09405],[-102.73602,25.09653],[-102.73494,25.09714],[-102.73448,25.09837],[-102.73475,25.09944],[-102.73455,25.09998],[-102.73233,25.10001],[-102.73173,25.09971],[-102.7304,25.10011],[-102.72999,25.09998],[-102.72909,25.10115],[-102.72797,25.10106],[-102.727,25.10193]],[[-104.51785,25.13876],[-104.51825,25.13902],[-104.51873,25.13963],[-104.51837,25.13957],[-104.51785,25.13876]],[[-104.51268,25.13556],[-104.5127,25.13551],[-104.51278,25.13552],[-104.51274,25.1356],[-104.51268,25.13556]],[[-104.5126,25.13546],[-104.51253,25.13548],[-104.51257,25.1354],[-104.5126,25.1354],[-104.5126,25.13546]],[[-104.49316,25.1301],[-104.49322,25.13],[-104.49361,25.12993],[-104.49348,25.13013],[-104.49316,25.1301]],[[-104.48142,25.13263],[-104.481,25.13276],[-104.48085,25.13271],[-104.48135,25.13255],[-104.48142,25.13263]],[[-104.48078,25.13277],[-104.48064,25.13272],[-104.48063,25.13268],[-104.48073,25.13268],[-104.48078,25.13277]],[[-104.48045,25.1328],[-104.47986,25.13316],[-104.47952,25.13308],[-104.48017,25.13276],[-104.48045,25.1328]],[[-104.47952,25.13325],[-104.47957,25.13317],[-104.47966,25.13322],[-104.47961,25.1333],[-104.47952,25.13325]],[[-104.47927,25.13338],[-104.47928,25.13348],[-104.47899,25.13355],[-104.47906,25.13346],[-104.47927,25.13338]],[[-104.47538,25.13385],[-104.47542,25.13377],[-104.4755,25.13382],[-104.47548,25.13386],[-104.47538,25.13385]],[[-104.45495,25.12951],[-104.45481,25.12989],[-104.45461,25.13004],[-104.45463,25.12988],[-104.45495,25.12951]],[[-104.44574,25.13478],[-104.44568,25.13477],[-104.44564,25.13467],[-104.44574,25.13468],[-104.44574,25.13478]],[[-104.4197,25.13526],[-104.41988,25.13564],[-104.41987,25.13582],[-104.41949,25.13536],[-104.4197,25.13526]],[[-104.41486,25.13481],[-104.41538,25.13489],[-104.41545,25.135],[-104.41514,25.13503],[-104.41486,25.13481]],[[-104.40421,25.13609],[-104.40438,25.13577],[-104.40402,25.13682],[-104.40397,25.13674],[-104.40421,25.13609]],[[-104.39558,25.14466],[-104.39546,25.1446],[-104.3954,25.14441],[-104.39556,25.14451],[-104.39558,25.14466]],[[-104.38142,25.13565],[-104.38145,25.13576],[-104.3806,25.13568],[-104.38126,25.13561],[-104.38142,25.13565]],[[-104.34188,25.12703],[-104.3416,25.12733],[-104.34154,25.12734],[-104.34196,25.12683],[-104.34188,25.12703]],[[-104.33248,25.13531],[-104.33239,25.13543],[-104.33227,25.13541],[-104.33229,25.13533],[-104.33248,25.13531]],[[-104.33193,25.13509],[-104.33209,25.13524],[-104.33208,25.13529],[-104.33192,25.13519],[-104.33193,25.13509]],[[-104.27063,25.15224],[-104.2706,25.15228],[-104.27056,25.15223],[-104.27059,25.15221],[-104.27063,25.15224]],[[-104.27029,25.1521],[-104.27031,25.15217],[-104.27024,25.15219],[-104.2702,25.15211],[-104.27029,25.1521]],[[-104.27018,25.15154],[-104.27033,25.15193],[-104.2703,25.15203],[-104.26987,25.15156],[-104.27018,25.15154]],[[-104.24509,25.16423],[-104.24535,25.16415],[-104.24543,25.16431],[-104.24522,25.16435],[-104.24509,25.16423]],[[-104.2446,25.16415],[-104.24491,25.16414],[-104.24501,25.16424],[-104.24483,25.16432],[-104.2446,25.16415]],[[-104.20388,25.17849],[-104.20364,25.17858],[-104.20359,25.17857],[-104.20376,25.17835],[-104.20388,25.17849]],[[-104.19312,25.19447],[-104.19264,25.19498],[-104.19289,25.194],[-104.19396,25.19336],[-104.19375,25.19397],[-104.19312,25.19447]],[[-104.19232,25.19551],[-104.19244,25.19566],[-104.1923,25.19581],[-104.19219,25.19572],[-104.19232,25.19551]],[[-104.19005,25.20055],[-104.19015,25.20054],[-104.19011,25.20064],[-104.19005,25.20062],[-104.19005,25.20055]],[[-104.18974,25.19826],[-104.19017,25.19789],[-104.1906,25.19785],[-104.18983,25.19863],[-104.18974,25.19826]],[[-104.18918,25.19912],[-104.18909,25.19917],[-104.18909,25.19893],[-104.18918,25.19894],[-104.18918,25.19912]],[[-104.18585,25.20606],[-104.18587,25.20595],[-104.18606,25.20599],[-104.18599,25.20607],[-104.18585,25.20606]],[[-104.16308,25.22175],[-104.16324,25.22178],[-104.16348,25.22199],[-104.16331,25.22203],[-104.16308,25.22175]],[[-104.15497,25.21762],[-104.15382,25.21753],[-104.15371,25.21747],[-104.15437,25.21725],[-104.15538,25.21747],[-104.15497,25.21762]],[[-104.11764,25.23856],[-104.11757,25.23861],[-104.11749,25.2385],[-104.1176,25.23849],[-104.11764,25.23856]],[[-104.11722,25.23871],[-104.11699,25.23866],[-104.117,25.2385],[-104.11734,25.23854],[-104.11722,25.23871]],[[-104.11561,25.23892],[-104.11557,25.23902],[-104.11538,25.23893],[-104.11544,25.2389],[-104.11561,25.23892]],[[-104.09293,25.25968],[-104.09294,25.25963],[-104.093,25.25963],[-104.09299,25.2597],[-104.09293,25.25968]],[[-104.08714,25.25963],[-104.08694,25.2595],[-104.08724,25.25926],[-104.0873,25.25955],[-104.08714,25.25963]],[[-104.0855,25.26006],[-104.08498,25.2604],[-104.08409,25.26035],[-104.08574,25.25984],[-104.0855,25.26006]],[[-104.07875,25.26235],[-104.07889,25.26235],[-104.07894,25.26245],[-104.07872,25.26247],[-104.07875,25.26235]],[[-104.07737,25.26299],[-104.07735,25.26324],[-104.07719,25.26323],[-104.07718,25.26316],[-104.07737,25.26299]],[[-104.07008,25.26433],[-104.0705,25.26446],[-104.07061,25.26487],[-104.07028,25.2648],[-104.07008,25.26433]],[[-104.06749,25.26374],[-104.06749,25.26356],[-104.06788,25.26353],[-104.0679,25.26367],[-104.06749,25.26374]],[[-104.06119,25.26441],[-104.06137,25.26423],[-104.0615,25.26421],[-104.06132,25.26456],[-104.06119,25.26441]],[[-104.05823,25.27709],[-104.05807,25.27705],[-104.05826,25.27689],[-104.05833,25.27697],[-104.05823,25.27709]],[[-104.03587,25.27239],[-104.03524,25.27328],[-104.03446,25.27352],[-104.03488,25.2727],[-104.0349,25.27149],[-104.0359,25.2714],[-104.03587,25.27239]],[[-104.03451,25.2738],[-104.03454,25.27365],[-104.03471,25.27369],[-104.03468,25.27377],[-104.03451,25.2738]],[[-104.02677,25.27733],[-104.02678,25.27747],[-104.02657,25.27751],[-104.02586,25.27779],[-104.02582,25.27776],[-104.02598,25.27746],[-104.02677,25.27733]],[[-104.02545,25.27867],[-104.02517,25.27881],[-104.02518,25.27798],[-104.02549,25.27802],[-104.02545,25.27867]],[[-104.02485,25.27878],[-104.02491,25.2784],[-104.02498,25.27835],[-104.02491,25.27893],[-104.02485,25.27878]],[[-104.02154,25.28218],[-104.02146,25.28229],[-104.02129,25.28223],[-104.02157,25.28198],[-104.02154,25.28218]],[[-104.02136,25.28236],[-104.02117,25.28235],[-104.02112,25.28229],[-104.02125,25.28224],[-104.02136,25.28236]],[[-104.02014,25.28198],[-104.01997,25.2819],[-104.01998,25.28181],[-104.02009,25.28183],[-104.02014,25.28198]],[[-104.02013,25.28203],[-104.02028,25.28199],[-104.0205,25.28216],[-104.02019,25.28218],[-104.02013,25.28203]],[[-104.01122,25.27447],[-104.01112,25.27438],[-104.01111,25.27427],[-104.01136,25.27437],[-104.01122,25.27447]],[[-104.00123,25.27157],[-104.00132,25.27171],[-104.0013,25.27184],[-104.00116,25.27151],[-104.00123,25.27157]],[[-103.98275,25.27021],[-103.98298,25.27035],[-103.98281,25.27051],[-103.98225,25.27063],[-103.98275,25.27021]],[[-103.94671,25.27792],[-103.94593,25.27755],[-103.94711,25.27742],[-103.94848,25.27804],[-103.94671,25.27792]],[[-103.77068,25.27239],[-103.77065,25.27245],[-103.77057,25.27242],[-103.77062,25.27234],[-103.77068,25.27239]],[[-103.77063,25.27354],[-103.7706,25.27406],[-103.7694,25.27465],[-103.76869,25.2754],[-103.76983,25.27351],[-103.7703,25.2737],[-103.77078,25.27324],[-103.77063,25.27354]],[[-103.7706,25.27316],[-103.77058,25.27307],[-103.77063,25.27301],[-103.77064,25.27313],[-103.7706,25.27316]],[[-103.77048,25.27313],[-103.77045,25.27316],[-103.77043,25.27312],[-103.77046,25.27311],[-103.77048,25.27313]],[[-103.77032,25.27322],[-103.7703,25.27317],[-103.77036,25.27315],[-103.77039,25.2732],[-103.77032,25.27322]],[[-103.77012,25.27304],[-103.7705,25.27252],[-103.77087,25.27272],[-103.77078,25.27321],[-103.77076,25.27289],[-103.77012,25.27304]],[[-103.76907,25.27524],[-103.76908,25.27533],[-103.76897,25.27539],[-103.76895,25.27532],[-103.76907,25.27524]],[[-103.74576,25.4259],[-103.74647,25.42571],[-103.74733,25.4251],[-103.74659,25.42603],[-103.74574,25.42618],[-103.74576,25.4259]],[[-103.74301,25.41747],[-103.74239,25.41619],[-103.74256,25.41594],[-103.74377,25.41699],[-103.7447,25.41928],[-103.74301,25.41747]],[[-103.74424,25.26695],[-103.74441,25.26686],[-103.7446,25.26707],[-103.74449,25.26709],[-103.74424,25.26695]],[[-103.74371,25.2734],[-103.74346,25.27297],[-103.74367,25.27272],[-103.74425,25.27303],[-103.74445,25.27409],[-103.74434,25.27506],[-103.7438,25.27585],[-103.74327,25.27561],[-103.74385,25.27472],[-103.74371,25.2734]],[[-103.74321,25.27549],[-103.743,25.27561],[-103.74287,25.27556],[-103.74312,25.27528],[-103.74321,25.27549]],[[-103.74131,25.39084],[-103.74098,25.39118],[-103.74138,25.38952],[-103.74241,25.38843],[-103.74131,25.39084]],[[-103.74198,25.26546],[-103.74194,25.26513],[-103.74234,25.2657],[-103.74212,25.26566],[-103.74198,25.26546]],[[-103.74022,25.36029],[-103.74002,25.36037],[-103.74019,25.36002],[-103.74031,25.36007],[-103.74022,25.36029]],[[-103.74017,25.36082],[-103.74008,25.3608],[-103.74003,25.36062],[-103.74012,25.36066],[-103.74017,25.36082]],[[-103.73995,25.35126],[-103.73978,25.35149],[-103.73972,25.35149],[-103.73977,25.35115],[-103.73995,25.35126]],[[-103.74071,25.27139],[-103.74087,25.27144],[-103.74096,25.27154],[-103.74057,25.27141],[-103.74071,25.27139]],[[-103.73979,25.35166],[-103.74014,25.35115],[-103.74063,25.35105],[-103.73976,25.35231],[-103.73979,25.35166]],[[-103.74029,25.27619],[-103.74075,25.27607],[-103.74085,25.2761],[-103.74052,25.27639],[-103.74017,25.27635],[-103.74029,25.27619]],[[-103.73855,25.31839],[-103.73826,25.31771],[-103.73877,25.31841],[-103.73869,25.31922],[-103.73855,25.31839]],[[-103.73849,25.3192],[-103.73835,25.31932],[-103.73829,25.3189],[-103.73837,25.31892],[-103.73849,25.3192]],[[-103.73783,25.26722],[-103.73775,25.2673],[-103.7377,25.26689],[-103.73778,25.26692],[-103.73783,25.26722]],[[-103.73443,25.4496],[-103.73436,25.44958],[-103.73437,25.44952],[-103.73443,25.44954],[-103.73443,25.4496]],[[-103.73433,25.44962],[-103.73428,25.44972],[-103.73419,25.44972],[-103.7342,25.44965],[-103.73433,25.44962]],[[-103.73372,25.45088],[-103.7338,25.4508],[-103.73383,25.4508],[-103.73377,25.45089],[-103.73372,25.45088]],[[-103.73366,25.45038],[-103.73388,25.45037],[-103.73375,25.45064],[-103.73351,25.45056],[-103.73366,25.45038]],[[-103.73335,25.45094],[-103.73344,25.45077],[-103.73369,25.45068],[-103.73354,25.45089],[-103.73335,25.45094]],[[-103.73282,25.29155],[-103.73334,25.29186],[-103.73341,25.29292],[-103.73326,25.29245],[-103.73282,25.29155]],[[-103.73276,25.2956],[-103.73274,25.29504],[-103.7329,25.2949],[-103.73297,25.2956],[-103.73276,25.2956]],[[-103.73222,25.30067],[-103.73211,25.30055],[-103.73224,25.30015],[-103.73228,25.30018],[-103.73222,25.30067]],[[-103.73223,25.29825],[-103.73193,25.2978],[-103.73213,25.29725],[-103.73239,25.29773],[-103.73223,25.29825]],[[-103.73205,25.28952],[-103.73215,25.28977],[-103.7318,25.28933],[-103.73185,25.28904],[-103.73205,25.28952]],[[-103.73181,25.28896],[-103.73159,25.289],[-103.7314,25.28839],[-103.73161,25.288],[-103.73181,25.28896]],[[-103.72884,25.45559],[-103.72831,25.45598],[-103.72746,25.45599],[-103.72815,25.45551],[-103.72884,25.45559]],[[-103.72399,25.45855],[-103.72387,25.45856],[-103.72383,25.45845],[-103.72397,25.45845],[-103.72399,25.45855]],[[-103.71847,25.46017],[-103.71842,25.46027],[-103.7183,25.46021],[-103.71838,25.46013],[-103.71847,25.46017]],[[-103.71846,25.45957],[-103.71911,25.45957],[-103.71933,25.45974],[-103.71829,25.46004],[-103.71768,25.45962],[-103.71846,25.45957]],[[-103.71744,25.45984],[-103.71744,25.45977],[-103.71768,25.45972],[-103.7176,25.45987],[-103.71744,25.45984]],[[-103.71741,25.46002],[-103.71787,25.46001],[-103.71811,25.46018],[-103.71741,25.4604],[-103.71741,25.46002]],[[-103.71352,25.4605],[-103.71291,25.46023],[-103.71277,25.46],[-103.71369,25.45991],[-103.71386,25.4604],[-103.71352,25.4605]],[[-103.70986,25.46023],[-103.70972,25.46032],[-103.70966,25.46044],[-103.70966,25.46031],[-103.70986,25.46023]],[[-103.69584,25.46865],[-103.69577,25.46854],[-103.69615,25.46805],[-103.69621,25.46843],[-103.69584,25.46865]],[[-103.67952,25.47337],[-103.67971,25.47321],[-103.68008,25.47336],[-103.67998,25.47344],[-103.67952,25.47337]],[[-103.67906,25.47254],[-103.6797,25.47302],[-103.6786,25.47306],[-103.67753,25.47228],[-103.67822,25.47251],[-103.67906,25.47254]],[[-103.67594,25.47117],[-103.67648,25.47123],[-103.67681,25.47175],[-103.67667,25.47175],[-103.67594,25.47117]],[[-103.6444,25.48939],[-103.64454,25.4898],[-103.64424,25.49055],[-103.6439,25.48988],[-103.64416,25.48925],[-103.6444,25.48939]],[[-103.64401,25.49903],[-103.64448,25.49966],[-103.64377,25.5006],[-103.64374,25.49994],[-103.64401,25.49903]],[[-103.62722,25.50434],[-103.62623,25.50494],[-103.62557,25.50482],[-103.626,25.50425],[-103.62722,25.50434]],[[-103.62497,25.50464],[-103.62486,25.50464],[-103.62473,25.5045],[-103.62499,25.50453],[-103.62497,25.50464]],[[-103.62469,25.50516],[-103.62432,25.50509],[-103.62411,25.50488],[-103.62493,25.50508],[-103.62469,25.50516]],[[-103.62025,25.50572],[-103.62042,25.50555],[-103.62177,25.50555],[-103.62086,25.50601],[-103.62025,25.50572]],[[-103.59631,25.50645],[-103.59606,25.50647],[-103.59605,25.50633],[-103.59621,25.5063],[-103.59631,25.50645]],[[-103.59552,25.50674],[-103.59534,25.5072],[-103.59441,25.50725],[-103.59443,25.50716],[-103.59552,25.50674]],[[-103.59461,25.50701],[-103.5956,25.50658],[-103.59573,25.50659],[-103.59569,25.5067],[-103.59533,25.50676],[-103.59482,25.50701],[-103.59461,25.50701]],[[-103.57807,25.50712],[-103.57797,25.50658],[-103.57922,25.50545],[-103.58,25.50549],[-103.57845,25.50732],[-103.57807,25.50712]],[[-103.57769,25.50842],[-103.57741,25.50867],[-103.57717,25.50859],[-103.57742,25.50821],[-103.57769,25.50842]]]}},{"type":"Feature","properties":{"k":"urbano"},"geometry":{"type":"MultiPolygon","coordinates":[[[[-103.42264,25.40373],[-103.42115,25.40371],[-103.42096,25.40253],[-103.41987,25.40252],[-103.41986,25.40324],[-103.41896,25.40323],[-103.41895,25.40468],[-103.41845,25.40467],[-103.41837,25.4035],[-103.41737,25.40349],[-103.41736,25.40412],[-103.41687,25.40412],[-103.4162,25.40185],[-103.41461,25.40192],[-103.41452,25.40138],[-103.41263,25.40154],[-103.41225,25.40009],[-103.41247,25.39847],[-103.41336,25.39848],[-103.41329,25.39667],[-103.41469,25.39579],[-103.41568,25.3958],[-103.41649,25.39481],[-103.41728,25.39536],[-103.41987,25.39467],[-103.42047,25.39467],[-103.42046,25.39513],[-103.42285,25.39497],[-103.42284,25.39542],[-103.42404,25.39543],[-103.42504,25.39463],[-103.42713,25.39447],[-103.42714,25.39384],[-103.42843,25.39386],[-103.42844,25.39341],[-103.43121,25.3938],[-103.43182,25.39299],[-103.43262,25.39282],[-103.43261,25.39354],[-103.4337,25.39355],[-103.43369,25.39454],[-103.43478,25.39474],[-103.43487,25.39537],[-103.43348,25.39526],[-103.43339,25.39427],[-103.43221,25.39399],[-103.43042,25.39397],[-103.4302,25.39523],[-103.4297,25.39522],[-103.42952,25.39405],[-103.42853,25.39395],[-103.42763,25.39394],[-103.42762,25.39493],[-103.42653,25.39492],[-103.4263,25.3969],[-103.42869,25.39693],[-103.42921,25.3954],[-103.4297,25.3954],[-103.42968,25.39739],[-103.42868,25.39747],[-103.42696,25.40007],[-103.42693,25.40215],[-103.42514,25.40213],[-103.42504,25.40258],[-103.42424,25.40257],[-103.42422,25.40437],[-103.4247,25.40537],[-103.42351,25.40554],[-103.42264,25.40373]]],[[[-103.57883,25.50274],[-103.57915,25.50121],[-103.58094,25.50086],[-103.58095,25.50005],[-103.58035,25.50005],[-103.58058,25.49806],[-103.5793,25.49706],[-103.5782,25.49704],[-103.57811,25.49623],[-103.58189,25.49672],[-103.5823,25.49546],[-103.58478,25.49584],[-103.5846,25.49449],[-103.58301,25.49429],[-103.58302,25.4933],[-103.58213,25.49329],[-103.58212,25.49401],[-103.58093,25.49364],[-103.58097,25.49039],[-103.58544,25.49089],[-103.58597,25.488],[-103.58696,25.48801],[-103.58697,25.4872],[-103.58588,25.48719],[-103.58578,25.48683],[-103.58629,25.48575],[-103.58689,25.48566],[-103.5869,25.48467],[-103.5875,25.48477],[-103.58749,25.48567],[-103.58868,25.48568],[-103.589,25.48352],[-103.59129,25.4839],[-103.59189,25.48354],[-103.5923,25.48228],[-103.59369,25.4823],[-103.59377,25.4841],[-103.59517,25.48403],[-103.5951,25.48123],[-103.5955,25.48123],[-103.59551,25.47997],[-103.59601,25.47997],[-103.59578,25.48223],[-103.59638,25.48232],[-103.59637,25.48295],[-103.59587,25.48295],[-103.59586,25.48412],[-103.59745,25.48396],[-103.59746,25.48324],[-103.59796,25.48324],[-103.59795,25.48396],[-103.59755,25.48396],[-103.59763,25.48622],[-103.59862,25.48641],[-103.5981,25.48803],[-103.59761,25.48802],[-103.59762,25.48703],[-103.59672,25.48702],[-103.5967,25.4891],[-103.59998,25.48904],[-103.59997,25.49003],[-103.60036,25.49031],[-103.60404,25.49079],[-103.60361,25.49332],[-103.6051,25.49396],[-103.60529,25.49496],[-103.60628,25.49533],[-103.60696,25.49669],[-103.60775,25.49697],[-103.60774,25.49769],[-103.60585,25.49767],[-103.60546,25.49722],[-103.60237,25.49746],[-103.60168,25.49691],[-103.59969,25.4968],[-103.59929,25.49725],[-103.5974,25.4975],[-103.59729,25.49786],[-103.5957,25.49766],[-103.59569,25.49893],[-103.5942,25.49882],[-103.5942,25.49819],[-103.59062,25.49843],[-103.58953,25.49824],[-103.58943,25.49779],[-103.58854,25.49778],[-103.58853,25.49832],[-103.58804,25.49831],[-103.58804,25.49759],[-103.58426,25.49828],[-103.58297,25.49799],[-103.58297,25.49745],[-103.58208,25.49744],[-103.58137,25.49807],[-103.58135,25.50005],[-103.58224,25.50079],[-103.5818,25.50367],[-103.5813,25.50412],[-103.57883,25.50274]]],[[[-103.37795,25.64447],[-103.37797,25.64348],[-103.37727,25.64311],[-103.37612,25.64012],[-103.37412,25.64028],[-103.36942,25.64194],[-103.36954,25.64014],[-103.36845,25.64012],[-103.36797,25.63885],[-103.36737,25.63885],[-103.36738,25.63803],[-103.36878,25.63805],[-103.36879,25.63697],[-103.36819,25.63687],[-103.3682,25.63624],[-103.369,25.63607],[-103.36911,25.63544],[-103.3702,25.63572],[-103.37019,25.63689],[-103.37118,25.63717],[-103.37096,25.63853],[-103.37245,25.63872],[-103.37239,25.63628],[-103.37477,25.63649],[-103.37568,25.6356],[-103.3756,25.63397],[-103.37661,25.63353],[-103.37702,25.63218],[-103.37871,25.63247],[-103.37911,25.63212],[-103.37904,25.63049],[-103.37825,25.62985],[-103.37827,25.62822],[-103.37728,25.62776],[-103.37729,25.62686],[-103.37839,25.62678],[-103.37821,25.6257],[-103.37721,25.62569],[-103.3772,25.62659],[-103.3753,25.62675],[-103.37494,25.62413],[-103.37414,25.62412],[-103.37385,25.62348],[-103.37246,25.62356],[-103.37283,25.62555],[-103.37014,25.62561],[-103.37015,25.62497],[-103.36746,25.62531],[-103.36714,25.62621],[-103.36614,25.62656],[-103.36463,25.62807],[-103.36403,25.62807],[-103.36352,25.62887],[-103.36252,25.62913],[-103.36254,25.62823],[-103.36393,25.62807],[-103.36395,25.62671],[-103.36195,25.62705],[-103.36076,25.62704],[-103.36077,25.62668],[-103.35748,25.62673],[-103.3573,25.62519],[-103.3565,25.62509],[-103.35651,25.62464],[-103.35164,25.62395],[-103.35197,25.62197],[-103.35426,25.62191],[-103.35427,25.62091],[-103.35487,25.62074],[-103.35486,25.62191],[-103.35595,25.62229],[-103.35592,25.62445],[-103.36079,25.62505],[-103.36088,25.62577],[-103.36177,25.62587],[-103.36176,25.62642],[-103.36276,25.62643],[-103.36277,25.6258],[-103.36536,25.62573],[-103.36535,25.62609],[-103.36635,25.62611],[-103.36656,25.6253],[-103.36786,25.62522],[-103.36797,25.62441],[-103.36927,25.62361],[-103.36879,25.62225],[-103.3671,25.62187],[-103.36711,25.62115],[-103.36781,25.62116],[-103.36813,25.61935],[-103.36905,25.6181],[-103.37073,25.61866],[-103.3708,25.62092],[-103.37289,25.62085],[-103.3732,25.6204],[-103.37321,25.61932],[-103.37193,25.61877],[-103.37204,25.61795],[-103.37303,25.61806],[-103.3737,25.61996],[-103.3753,25.6198],[-103.37651,25.61846],[-103.37652,25.61782],[-103.37802,25.6173],[-103.38114,25.61462],[-103.38244,25.61428],[-103.38245,25.61356],[-103.38536,25.61169],[-103.38638,25.61053],[-103.38778,25.61009],[-103.38788,25.60946],[-103.38888,25.60929],[-103.39079,25.60787],[-103.39129,25.60788],[-103.39158,25.60887],[-103.39145,25.61104],[-103.39015,25.61129],[-103.39004,25.61219],[-103.39213,25.61213],[-103.39231,25.61384],[-103.39121,25.61401],[-103.3912,25.61483],[-103.39179,25.61492],[-103.39256,25.61719],[-103.39644,25.61759],[-103.39665,25.61687],[-103.39854,25.61653],[-103.39853,25.61789],[-103.40221,25.61793],[-103.40222,25.61711],[-103.40063,25.61701],[-103.40063,25.61655],[-103.40203,25.61657],[-103.40204,25.61531],[-103.40055,25.61529],[-103.40056,25.6143],[-103.39748,25.61399],[-103.39738,25.61453],[-103.39688,25.61453],[-103.3974,25.613],[-103.3967,25.6129],[-103.39672,25.61164],[-103.39942,25.61022],[-103.39944,25.60914],[-103.39844,25.60913],[-103.39846,25.60795],[-103.39926,25.60778],[-103.39879,25.60552],[-103.3973,25.60505],[-103.39721,25.60451],[-103.39831,25.6038],[-103.39881,25.6038],[-103.3988,25.60444],[-103.3997,25.60445],[-103.39972,25.60273],[-103.40022,25.60274],[-103.40103,25.60148],[-103.40095,25.60058],[-103.39965,25.60074],[-103.39944,25.60146],[-103.39894,25.60146],[-103.39895,25.60074],[-103.39826,25.60064],[-103.3981,25.59766],[-103.3971,25.59765],[-103.39686,25.60089],[-103.39537,25.60088],[-103.39535,25.60178],[-103.39605,25.60215],[-103.39604,25.60287],[-103.39513,25.6034],[-103.39511,25.60512],[-103.39422,25.60502],[-103.39422,25.60466],[-103.39133,25.60463],[-103.39046,25.60272],[-103.38967,25.60262],[-103.3889,25.60054],[-103.38731,25.60043],[-103.38719,25.60169],[-103.38499,25.60239],[-103.38428,25.60383],[-103.38318,25.6039],[-103.38317,25.60445],[-103.38136,25.60587],[-103.38017,25.60586],[-103.38016,25.60658],[-103.37946,25.60675],[-103.37945,25.60729],[-103.37835,25.60728],[-103.37795,25.60791],[-103.37745,25.6079],[-103.37757,25.60655],[-103.37837,25.6062],[-103.37839,25.60493],[-103.3771,25.60438],[-103.37701,25.60384],[-103.378,25.60385],[-103.37832,25.60268],[-103.37604,25.60193],[-103.37522,25.60318],[-103.37488,25.6067],[-103.37407,25.60732],[-103.37346,25.60876],[-103.37296,25.60876],[-103.3706,25.60647],[-103.36931,25.60628],[-103.36878,25.60844],[-103.36958,25.60845],[-103.36946,25.60962],[-103.36876,25.60961],[-103.36869,25.60781],[-103.3671,25.60761],[-103.36671,25.60697],[-103.36572,25.60669],[-103.36563,25.60597],[-103.36483,25.60578],[-103.36445,25.6046],[-103.36337,25.60341],[-103.3636,25.60152],[-103.3626,25.60151],[-103.36259,25.60223],[-103.35862,25.60146],[-103.35855,25.59966],[-103.34837,25.6009],[-103.34756,25.60224],[-103.34754,25.60323],[-103.34863,25.6037],[-103.34862,25.60433],[-103.34643,25.60431],[-103.34613,25.60493],[-103.34047,25.60388],[-103.34048,25.60288],[-103.34138,25.60289],[-103.3409,25.60144],[-103.33105,25.60088],[-103.32748,25.59976],[-103.32749,25.59921],[-103.3256,25.59928],[-103.3256,25.59883],[-103.3271,25.59831],[-103.33205,25.60017],[-103.3418,25.60109],[-103.34509,25.60095],[-103.35756,25.59865],[-103.36453,25.59855],[-103.36494,25.59801],[-103.36614,25.59776],[-103.36862,25.59832],[-103.36902,25.59806],[-103.36915,25.59589],[-103.36985,25.5959],[-103.36963,25.59743],[-103.37001,25.59816],[-103.37171,25.59827],[-103.37311,25.59783],[-103.3731,25.59847],[-103.3724,25.59846],[-103.37238,25.59981],[-103.37388,25.59983],[-103.37417,25.60028],[-103.37506,25.60029],[-103.37525,25.60093],[-103.37635,25.60094],[-103.37726,25.59987],[-103.37895,25.59988],[-103.37988,25.59773],[-103.38127,25.59756],[-103.38139,25.59666],[-103.38228,25.59649],[-103.38229,25.59568],[-103.3801,25.5962],[-103.38114,25.59296],[-103.37796,25.59247],[-103.37794,25.59346],[-103.37695,25.59327],[-103.37696,25.59282],[-103.37786,25.59247],[-103.37787,25.59139],[-103.37698,25.59129],[-103.37699,25.59047],[-103.37778,25.59048],[-103.3778,25.58949],[-103.3769,25.58948],[-103.37689,25.59029],[-103.376,25.59028],[-103.37589,25.59064],[-103.36903,25.5902],[-103.36902,25.59102],[-103.36981,25.59103],[-103.37119,25.59249],[-103.37218,25.5925],[-103.37239,25.59196],[-103.37398,25.59216],[-103.37456,25.59334],[-103.37506,25.59334],[-103.37435,25.59424],[-103.37295,25.59431],[-103.37297,25.5935],[-103.37207,25.59349],[-103.37196,25.59448],[-103.36897,25.59472],[-103.36898,25.59354],[-103.36779,25.59353],[-103.367,25.5928],[-103.36571,25.59279],[-103.36562,25.59206],[-103.36213,25.59229],[-103.36143,25.59283],[-103.3617,25.59473],[-103.3613,25.59472],[-103.36128,25.59608],[-103.36038,25.59652],[-103.3563,25.59665],[-103.35631,25.59584],[-103.35531,25.59565],[-103.35565,25.5933],[-103.35406,25.59302],[-103.35447,25.59167],[-103.3543,25.59004],[-103.3537,25.59003],[-103.35252,25.58894],[-103.35162,25.58893],[-103.35153,25.58829],[-103.35187,25.58568],[-103.35276,25.5856],[-103.35239,25.58406],[-103.35289,25.58397],[-103.35338,25.58398],[-103.35338,25.58452],[-103.35527,25.58454],[-103.35545,25.58599],[-103.35734,25.5861],[-103.35803,25.58656],[-103.35802,25.5871],[-103.36001,25.58703],[-103.36003,25.58604],[-103.35923,25.58603],[-103.35687,25.58357],[-103.35579,25.58301],[-103.35421,25.58146],[-103.35422,25.58092],[-103.35613,25.58004],[-103.35702,25.58005],[-103.35721,25.58059],[-103.35901,25.58052],[-103.35939,25.58143],[-103.36029,25.58144],[-103.36069,25.58108],[-103.3607,25.58027],[-103.3602,25.58027],[-103.36021,25.57981],[-103.36071,25.57982],[-103.36072,25.57856],[-103.36242,25.57866],[-103.36242,25.57794],[-103.36461,25.57824],[-103.36463,25.57697],[-103.36145,25.57676],[-103.36176,25.57595],[-103.36354,25.57615],[-103.36346,25.57479],[-103.36387,25.57426],[-103.36545,25.57473],[-103.36547,25.57346],[-103.36597,25.57347],[-103.36596,25.57437],[-103.36725,25.57439],[-103.36795,25.57412],[-103.36796,25.57331],[-103.36846,25.57332],[-103.36955,25.5736],[-103.36964,25.5745],[-103.36963,25.57513],[-103.36853,25.57539],[-103.36852,25.5763],[-103.37251,25.57598],[-103.37263,25.5739],[-103.37384,25.57319],[-103.37301,25.56786],[-103.3782,25.5671],[-103.37873,25.56458],[-103.37804,25.56403],[-103.37757,25.56204],[-103.37867,25.56151],[-103.37868,25.5607],[-103.37751,25.55924],[-103.37363,25.55938],[-103.37354,25.5583],[-103.36956,25.55834],[-103.36996,25.5578],[-103.37225,25.55783],[-103.37271,25.55377],[-103.37121,25.55376],[-103.36991,25.55437],[-103.3696,25.55518],[-103.36781,25.55489],[-103.36471,25.55594],[-103.3643,25.5572],[-103.3648,25.55729],[-103.36518,25.5582],[-103.35672,25.5582],[-103.35522,25.5589],[-103.35491,25.56675],[-103.35262,25.56718],[-103.35254,25.55806],[-103.35045,25.55804],[-103.35053,25.55262],[-103.34953,25.55252],[-103.34938,25.54891],[-103.34531,25.54886],[-103.34529,25.54967],[-103.34579,25.55004],[-103.3458,25.55663],[-103.3453,25.55671],[-103.34529,25.55753],[-103.34578,25.5578],[-103.34572,25.56178],[-103.34523,25.56177],[-103.34504,25.56068],[-103.34317,25.55967],[-103.34289,25.55804],[-103.3407,25.55802],[-103.34061,25.55738],[-103.33902,25.55737],[-103.339,25.55836],[-103.33672,25.55824],[-103.3367,25.55978],[-103.33609,25.56013],[-103.33577,25.56202],[-103.33613,25.56447],[-103.33663,25.56456],[-103.33662,25.5651],[-103.33583,25.56509],[-103.3355,25.56671],[-103.33431,25.56679],[-103.33478,25.56887],[-103.33328,25.56949],[-103.33326,25.57093],[-103.33455,25.57095],[-103.33454,25.57185],[-103.33245,25.57174],[-103.33244,25.57237],[-103.33055,25.57226],[-103.33054,25.57289],[-103.32905,25.57287],[-103.33077,25.56377],[-103.33257,25.56271],[-103.33327,25.56281],[-103.33346,25.56344],[-103.33485,25.56355],[-103.33497,25.56247],[-103.33536,25.56247],[-103.33539,25.56094],[-103.33429,25.56065],[-103.3342,25.55993],[-103.33431,25.55921],[-103.33501,25.55913],[-103.33503,25.55795],[-103.33383,25.55794],[-103.33384,25.55749],[-103.33633,25.55761],[-103.33634,25.55661],[-103.33495,25.55633],[-103.33496,25.55588],[-103.33555,25.55588],[-103.33557,25.55462],[-103.33099,25.55457],[-103.33097,25.55619],[-103.33157,25.55629],[-103.33165,25.55746],[-103.33295,25.55748],[-103.33294,25.55793],[-103.33174,25.5581],[-103.33191,25.55999],[-103.33121,25.56044],[-103.32883,25.55978],[-103.32677,25.55804],[-103.32668,25.55713],[-103.32806,25.55796],[-103.32896,25.55797],[-103.32887,25.55698],[-103.32828,25.55679],[-103.32821,25.55471],[-103.32671,25.5547],[-103.3262,25.55614],[-103.3253,25.55631],[-103.32462,25.55522],[-103.32214,25.55456],[-103.32215,25.55347],[-103.32106,25.55346],[-103.32075,25.554],[-103.31847,25.55343],[-103.3183,25.55171],[-103.3172,25.5517],[-103.31719,25.55224],[-103.3167,25.55224],[-103.3166,25.55178],[-103.31521,25.55177],[-103.31472,25.55131],[-103.31144,25.55127],[-103.31136,25.54956],[-103.31046,25.54955],[-103.31027,25.54909],[-103.30938,25.54908],[-103.30895,25.55079],[-103.30598,25.55013],[-103.30641,25.54778],[-103.3084,25.54763],[-103.31028,25.54819],[-103.31238,25.54063],[-103.3124,25.53928],[-103.31071,25.5389],[-103.31072,25.53826],[-103.31142,25.53827],[-103.31165,25.53575],[-103.31056,25.53582],[-103.31034,25.53718],[-103.30934,25.53725],[-103.30874,25.53797],[-103.30862,25.53932],[-103.30812,25.53932],[-103.30797,25.5357],[-103.3028,25.53564],[-103.30219,25.53663],[-103.30129,25.53662],[-103.30101,25.53562],[-103.30001,25.53561],[-103.29962,25.53507],[-103.29963,25.53461],[-103.30023,25.53453],[-103.30055,25.53273],[-103.30224,25.53302],[-103.30222,25.53446],[-103.3047,25.53449],[-103.3052,25.53441],[-103.30554,25.53161],[-103.30604,25.53135],[-103.31501,25.53028],[-103.31504,25.52829],[-103.31554,25.5283],[-103.31689,25.5238],[-103.31704,25.52037],[-103.31774,25.52038],[-103.31772,25.52146],[-103.31952,25.52103],[-103.32756,25.5223],[-103.32754,25.52356],[-103.32704,25.52401],[-103.32205,25.52521],[-103.32155,25.52548],[-103.32154,25.52611],[-103.32054,25.52655],[-103.32019,25.52971],[-103.32149,25.52972],[-103.32148,25.53053],[-103.32217,25.53054],[-103.32286,25.53118],[-103.32604,25.53131],[-103.32631,25.5333],[-103.32452,25.53319],[-103.32454,25.53237],[-103.32344,25.53227],[-103.32331,25.53444],[-103.32829,25.53431],[-103.32901,25.53233],[-103.32885,25.52999],[-103.32935,25.5299],[-103.32937,25.5281],[-103.32877,25.52809],[-103.32878,25.52764],[-103.32918,25.52728],[-103.33078,25.5273],[-103.33079,25.52622],[-103.33188,25.52668],[-103.33187,25.52731],[-103.33326,25.52733],[-103.33354,25.52896],[-103.33534,25.52852],[-103.33606,25.52655],[-103.33547,25.52582],[-103.33468,25.52572],[-103.3347,25.52409],[-103.33421,25.52391],[-103.33412,25.52264],[-103.33373,25.52255],[-103.33336,25.5202],[-103.33496,25.51976],[-103.33544,25.52094],[-103.33803,25.52088],[-103.33831,25.52179],[-103.33941,25.52189],[-103.3397,25.52234],[-103.34288,25.52238],[-103.34289,25.52166],[-103.34429,25.52149],[-103.34461,25.52005],[-103.34315,25.51706],[-103.34435,25.51689],[-103.34448,25.51463],[-103.3438,25.51381],[-103.34361,25.51264],[-103.34312,25.51245],[-103.34274,25.51091],[-103.34306,25.50974],[-103.34386,25.50894],[-103.34363,25.50433],[-103.34413,25.50407],[-103.34414,25.50307],[-103.34295,25.50279],[-103.34251,25.4989],[-103.34381,25.49865],[-103.34381,25.49802],[-103.34531,25.49776],[-103.34609,25.49903],[-103.34777,25.49941],[-103.34809,25.49815],[-103.34721,25.49706],[-103.34622,25.49696],[-103.34622,25.49651],[-103.34712,25.49634],[-103.34713,25.49553],[-103.34972,25.49537],[-103.34973,25.49447],[-103.35063,25.4943],[-103.35064,25.49349],[-103.34965,25.49348],[-103.34674,25.49489],[-103.34525,25.49496],[-103.34185,25.49637],[-103.34146,25.49564],[-103.34037,25.49554],[-103.34028,25.49454],[-103.34218,25.49384],[-103.3423,25.49222],[-103.3428,25.49223],[-103.34279,25.49322],[-103.34388,25.49323],[-103.35188,25.49043],[-103.35188,25.48998],[-103.35598,25.48885],[-103.35846,25.48897],[-103.35976,25.48817],[-103.36145,25.48864],[-103.36144,25.48937],[-103.36253,25.48938],[-103.36277,25.48694],[-103.35988,25.48709],[-103.35999,25.48637],[-103.36088,25.48629],[-103.3609,25.48548],[-103.36179,25.48549],[-103.36455,25.48759],[-103.36604,25.48743],[-103.36603,25.48806],[-103.36862,25.48773],[-103.3719,25.48849],[-103.37806,25.48847],[-103.37845,25.48937],[-103.38004,25.48939],[-103.38005,25.48894],[-103.38461,25.48944],[-103.38471,25.48989],[-103.38718,25.49073],[-103.39162,25.49394],[-103.3947,25.49398],[-103.3972,25.4931],[-103.39721,25.49211],[-103.39523,25.49155],[-103.39455,25.49045],[-103.39346,25.49035],[-103.39347,25.48963],[-103.39287,25.48953],[-103.3917,25.48753],[-103.39369,25.48792],[-103.39361,25.48638],[-103.39271,25.48637],[-103.39272,25.48556],[-103.39323,25.48484],[-103.39463,25.4845],[-103.39462,25.48495],[-103.39372,25.4853],[-103.39371,25.48656],[-103.3944,25.48666],[-103.39438,25.48783],[-103.39667,25.48777],[-103.3973,25.48579],[-103.3967,25.48578],[-103.39562,25.48451],[-103.39513,25.4845],[-103.39535,25.48234],[-103.39605,25.48244],[-103.39603,25.48361],[-103.39671,25.48497],[-103.3977,25.48498],[-103.39763,25.48318],[-103.39863,25.4831],[-103.39922,25.48337],[-103.3988,25.48499],[-103.3993,25.485],[-103.39929,25.48554],[-103.39829,25.48553],[-103.39828,25.48634],[-103.40176,25.48647],[-103.40175,25.48719],[-103.40235,25.48738],[-103.40244,25.48792],[-103.40344,25.48793],[-103.40404,25.48695],[-103.40484,25.48668],[-103.4072,25.4887],[-103.4094,25.48845],[-103.40959,25.48917],[-103.41028,25.48918],[-103.41127,25.49],[-103.41154,25.4919],[-103.41302,25.49264],[-103.41351,25.49346],[-103.4145,25.49356],[-103.41479,25.49438],[-103.41588,25.49448],[-103.41588,25.49493],[-103.41697,25.4953],[-103.41785,25.49631],[-103.42104,25.49589],[-103.42141,25.49806],[-103.4204,25.49904],[-103.42039,25.49994],[-103.42285,25.50178],[-103.423,25.50539],[-103.42349,25.50603],[-103.42586,25.50714],[-103.42595,25.50831],[-103.42774,25.50833],[-103.42756,25.50706],[-103.42895,25.50717],[-103.42956,25.506],[-103.43105,25.50593],[-103.43105,25.50638],[-103.43194,25.50639],[-103.43182,25.50846],[-103.43251,25.50847],[-103.43269,25.51037],[-103.43467,25.51057],[-103.43536,25.51139],[-103.43754,25.51177],[-103.43804,25.51205],[-103.43803,25.51277],[-103.43951,25.51324],[-103.43951,25.5136],[-103.4413,25.5138],[-103.4422,25.51336],[-103.44231,25.51282],[-103.4431,25.51283],[-103.44339,25.51355],[-103.44667,25.51404],[-103.44686,25.51485],[-103.44606,25.51484],[-103.44595,25.51557],[-103.44416,25.51546],[-103.44415,25.51609],[-103.44356,25.51617],[-103.44351,25.51951],[-103.4453,25.51989],[-103.44529,25.52052],[-103.44619,25.52053],[-103.44628,25.52117],[-103.44727,25.521],[-103.44729,25.51964],[-103.4467,25.51946],[-103.4467,25.51891],[-103.4487,25.51866],[-103.44888,25.52002],[-103.45077,25.52004],[-103.45022,25.51651],[-103.45121,25.51652],[-103.45122,25.51589],[-103.45172,25.5159],[-103.45221,25.51653],[-103.4535,25.51682],[-103.45396,25.51962],[-103.45605,25.51964],[-103.45833,25.5203],[-103.45832,25.52075],[-103.45762,25.52111],[-103.45206,25.52032],[-103.45195,25.52077],[-103.45136,25.52077],[-103.45135,25.52131],[-103.45045,25.5213],[-103.45045,25.52202],[-103.44965,25.52201],[-103.44964,25.52301],[-103.45172,25.52384],[-103.45269,25.5253],[-103.45339,25.52548],[-103.45316,25.5272],[-103.45384,25.52883],[-103.45554,25.52849],[-103.45622,25.52922],[-103.45792,25.52887],[-103.45861,25.52933],[-103.46179,25.52955],[-103.4618,25.52855],[-103.46013,25.52754],[-103.46014,25.52628],[-103.46104,25.52611],[-103.46242,25.52711],[-103.46361,25.52704],[-103.46384,25.52496],[-103.46346,25.52342],[-103.46447,25.52226],[-103.46497,25.52227],[-103.46474,25.52425],[-103.46603,25.52462],[-103.46561,25.52652],[-103.4667,25.5268],[-103.46762,25.52527],[-103.46795,25.52257],[-103.46895,25.5224],[-103.46927,25.52078],[-103.47007,25.51997],[-103.47008,25.51916],[-103.46869,25.51878],[-103.46986,25.51347],[-103.47065,25.51348],[-103.47084,25.51456],[-103.47323,25.51432],[-103.47323,25.51396],[-103.47393,25.51387],[-103.47393,25.51432],[-103.47273,25.5144],[-103.47112,25.5161],[-103.4709,25.51781],[-103.47129,25.51845],[-103.47288,25.51838],[-103.47368,25.51775],[-103.47488,25.51786],[-103.47487,25.51831],[-103.47357,25.51865],[-103.47336,25.51937],[-103.47257,25.51955],[-103.47186,25.52053],[-103.47194,25.52198],[-103.47093,25.52323],[-103.47138,25.52649],[-103.47058,25.52738],[-103.46938,25.52737],[-103.46787,25.52925],[-103.46627,25.52959],[-103.46626,25.53041],[-103.46695,25.5305],[-103.46705,25.53114],[-103.46604,25.53167],[-103.46603,25.53248],[-103.46642,25.5333],[-103.46712,25.53339],[-103.47101,25.53271],[-103.47291,25.53129],[-103.47363,25.52949],[-103.47503,25.52896],[-103.47743,25.52835],[-103.47922,25.52855],[-103.47972,25.52811],[-103.4827,25.52877],[-103.48291,25.52778],[-103.48441,25.52716],[-103.48442,25.52617],[-103.48582,25.52609],[-103.48631,25.52664],[-103.48751,25.52629],[-103.48794,25.52332],[-103.48676,25.52195],[-103.48577,25.52185],[-103.48578,25.52095],[-103.48529,25.52076],[-103.48571,25.51851],[-103.48661,25.51825],[-103.48662,25.51735],[-103.48593,25.5168],[-103.48434,25.5166],[-103.48426,25.51497],[-103.48317,25.51496],[-103.48087,25.5162],[-103.47977,25.51619],[-103.47968,25.51574],[-103.47968,25.5152],[-103.48119,25.51458],[-103.4813,25.51332],[-103.4823,25.51315],[-103.4828,25.51243],[-103.48263,25.51062],[-103.48153,25.51061],[-103.48134,25.51016],[-103.48135,25.50962],[-103.48195,25.50944],[-103.48196,25.50854],[-103.48255,25.50855],[-103.48256,25.50773],[-103.48127,25.50772],[-103.48129,25.50664],[-103.48527,25.50641],[-103.48526,25.50731],[-103.48655,25.50732],[-103.48654,25.50795],[-103.48523,25.50911],[-103.48532,25.51038],[-103.48571,25.51084],[-103.4867,25.51085],[-103.48618,25.51292],[-103.48787,25.51293],[-103.48827,25.51285],[-103.48838,25.51213],[-103.48987,25.51232],[-103.48997,25.51196],[-103.49137,25.51189],[-103.49195,25.51271],[-103.49374,25.51318],[-103.49362,25.51435],[-103.49282,25.51515],[-103.49289,25.51768],[-103.49528,25.51725],[-103.49818,25.51593],[-103.49888,25.51594],[-103.49887,25.51639],[-103.49827,25.51647],[-103.49794,25.51918],[-103.49655,25.51898],[-103.49656,25.51862],[-103.49387,25.5185],[-103.49277,25.51876],[-103.49217,25.51957],[-103.49117,25.51956],[-103.49116,25.52046],[-103.49295,25.52057],[-103.49304,25.52174],[-103.49423,25.52176],[-103.49392,25.52284],[-103.49302,25.52301],[-103.49279,25.52562],[-103.49348,25.52572],[-103.49326,25.52771],[-103.49395,25.52807],[-103.49404,25.52871],[-103.49544,25.52872],[-103.49553,25.52926],[-103.49403,25.52979],[-103.49394,25.52907],[-103.49165,25.52931],[-103.49166,25.52859],[-103.48937,25.52803],[-103.48908,25.52757],[-103.4861,25.52763],[-103.48538,25.52889],[-103.48429,25.52897],[-103.48437,25.53068],[-103.48178,25.53066],[-103.48127,25.53146],[-103.48007,25.53163],[-103.47947,25.53244],[-103.47857,25.53243],[-103.47825,25.53423],[-103.47883,25.53577],[-103.48033,25.53543],[-103.48251,25.53563],[-103.48209,25.53743],[-103.48259,25.53744],[-103.48258,25.53798],[-103.48079,25.53832],[-103.48046,25.5403],[-103.48375,25.54034],[-103.48344,25.54124],[-103.48044,25.54175],[-103.48043,25.54256],[-103.48083,25.54256],[-103.48082,25.54329],[-103.48132,25.54329],[-103.48171,25.5442],[-103.48187,25.54673],[-103.48148,25.54672],[-103.48146,25.54772],[-103.48375,25.54783],[-103.48426,25.54711],[-103.48427,25.54594],[-103.48528,25.54541],[-103.48539,25.54415],[-103.48629,25.54416],[-103.48595,25.54686],[-103.48506,25.54685],[-103.48504,25.54794],[-103.48803,25.54824],[-103.48802,25.5486],[-103.4911,25.54917],[-103.49239,25.54918],[-103.4924,25.54846],[-103.4933,25.54838],[-103.49329,25.54946],[-103.49667,25.54923],[-103.49679,25.54788],[-103.49729,25.54788],[-103.49727,25.54896],[-103.49876,25.54907],[-103.49907,25.54862],[-103.50096,25.54837],[-103.50137,25.54783],[-103.50138,25.54666],[-103.50029,25.54638],[-103.5,25.54547],[-103.49931,25.54528],[-103.49892,25.54429],[-103.49853,25.54428],[-103.49864,25.54338],[-103.49954,25.54303],[-103.50046,25.54114],[-103.50085,25.54115],[-103.50087,25.53997],[-103.49987,25.53987],[-103.49959,25.53851],[-103.4996,25.53806],[-103.5006,25.53789],[-103.50061,25.5369],[-103.5018,25.53736],[-103.50399,25.53721],[-103.504,25.53648],[-103.50659,25.53606],[-103.50661,25.53407],[-103.50771,25.53408],[-103.50822,25.53319],[-103.50961,25.53302],[-103.51029,25.5342],[-103.51119,25.53421],[-103.5116,25.53313],[-103.51329,25.53297],[-103.5134,25.53252],[-103.5157,25.53128],[-103.51581,25.53046],[-103.51711,25.53039],[-103.51712,25.52903],[-103.51673,25.52894],[-103.51704,25.52759],[-103.51645,25.52758],[-103.51645,25.52713],[-103.51695,25.52714],[-103.51696,25.5265],[-103.51796,25.52588],[-103.51857,25.5248],[-103.52026,25.52455],[-103.52067,25.52401],[-103.52029,25.52256],[-103.52198,25.5224],[-103.52181,25.52059],[-103.5227,25.5206],[-103.52271,25.51952],[-103.52462,25.51791],[-103.52464,25.51656],[-103.52365,25.51655],[-103.52346,25.51582],[-103.52396,25.51538],[-103.52555,25.51521],[-103.52554,25.51603],[-103.52644,25.51604],[-103.52715,25.51469],[-103.52855,25.51398],[-103.52854,25.5147],[-103.52794,25.51497],[-103.52772,25.51731],[-103.52901,25.51742],[-103.52955,25.51381],[-103.52895,25.5138],[-103.52897,25.51245],[-103.52678,25.51252],[-103.52681,25.50972],[-103.52811,25.50982],[-103.52828,25.5119],[-103.52997,25.51165],[-103.53016,25.51255],[-103.53205,25.51266],[-103.53114,25.51392],[-103.53059,25.51824],[-103.53067,25.5196],[-103.53137,25.51961],[-103.53115,25.52159],[-103.53204,25.52196],[-103.53222,25.52305],[-103.53222,25.52368],[-103.53121,25.52421],[-103.5312,25.52547],[-103.53209,25.52548],[-103.53308,25.5263],[-103.53287,25.5273],[-103.53197,25.52783],[-103.53205,25.52909],[-103.53324,25.52965],[-103.53421,25.53119],[-103.5366,25.53122],[-103.53598,25.53338],[-103.53687,25.53366],[-103.53686,25.53429],[-103.53875,25.53431],[-103.53838,25.53259],[-103.54048,25.5318],[-103.54086,25.53288],[-103.54235,25.53353],[-103.54254,25.53416],[-103.54621,25.5351],[-103.54589,25.53682],[-103.54628,25.53691],[-103.54706,25.53899],[-103.54705,25.53944],[-103.54645,25.53953],[-103.54644,25.54052],[-103.54724,25.54053],[-103.54723,25.54098],[-103.54564,25.54088],[-103.5452,25.5443],[-103.54689,25.54468],[-103.54671,25.54305],[-103.5496,25.54272],[-103.55046,25.5458],[-103.55135,25.5459],[-103.55174,25.54662],[-103.55244,25.54663],[-103.55382,25.54755],[-103.55349,25.5498],[-103.55416,25.55207],[-103.55267,25.55232],[-103.55078,25.55194],[-103.55086,25.5533],[-103.55007,25.55338],[-103.55011,25.54995],[-103.54901,25.54994],[-103.54889,25.55219],[-103.54779,25.55254],[-103.54801,25.55047],[-103.54712,25.55046],[-103.54713,25.54947],[-103.54603,25.54946],[-103.54592,25.55036],[-103.54682,25.55064],[-103.5468,25.55172],[-103.54063,25.55229],[-103.54043,25.55157],[-103.54153,25.55149],[-103.54144,25.55049],[-103.54055,25.5504],[-103.54047,25.54904],[-103.53938,25.54849],[-103.53909,25.54722],[-103.5382,25.54676],[-103.53822,25.54577],[-103.53703,25.54485],[-103.53685,25.54314],[-103.53626,25.54277],[-103.53507,25.54294],[-103.53563,25.54601],[-103.53661,25.54656],[-103.53679,25.5481],[-103.5349,25.54835],[-103.53478,25.55034],[-103.53587,25.5508],[-103.53585,25.55188],[-103.53664,25.55234],[-103.53754,25.55235],[-103.53765,25.55136],[-103.53835,25.55128],[-103.53833,25.55281],[-103.53952,25.55282],[-103.5396,25.55445],[-103.5415,25.55438],[-103.54149,25.55519],[-103.54446,25.55594],[-103.54474,25.5573],[-103.54354,25.55792],[-103.54185,25.55799],[-103.54096,25.55789],[-103.54096,25.55753],[-103.53927,25.55751],[-103.53926,25.55842],[-103.53737,25.55849],[-103.53764,25.56012],[-103.53894,25.56013],[-103.53903,25.56103],[-103.53843,25.56103],[-103.53844,25.5604],[-103.53555,25.56055],[-103.53721,25.57086],[-103.53512,25.57102],[-103.53493,25.57047],[-103.53314,25.57045],[-103.53263,25.57153],[-103.53113,25.57161],[-103.53094,25.57115],[-103.53004,25.57115],[-103.52994,25.57151],[-103.52834,25.57194],[-103.52763,25.57338],[-103.52614,25.57309],[-103.52613,25.574],[-103.52731,25.57518],[-103.5283,25.57519],[-103.52871,25.57447],[-103.52921,25.57448],[-103.5292,25.57511],[-103.53009,25.57539],[-103.53176,25.57712],[-103.53505,25.57706],[-103.53471,25.58058],[-103.5362,25.58069],[-103.53648,25.58223],[-103.53747,25.58224],[-103.53746,25.58314],[-103.53926,25.58288],[-103.53913,25.58496],[-103.54023,25.58497],[-103.54021,25.58614],[-103.5423,25.58698],[-103.54276,25.58942],[-103.54057,25.58994],[-103.54056,25.59066],[-103.53946,25.59065],[-103.53947,25.59002],[-103.53888,25.58974],[-103.53889,25.58848],[-103.5373,25.58846],[-103.53729,25.58928],[-103.5359,25.5889],[-103.5358,25.58935],[-103.5353,25.58935],[-103.53521,25.58844],[-103.53431,25.58843],[-103.53431,25.58879],[-103.53003,25.58857],[-103.53,25.59101],[-103.53148,25.59238],[-103.53277,25.59257],[-103.53394,25.59475],[-103.53543,25.59485],[-103.53561,25.59603],[-103.53472,25.59602],[-103.53471,25.59692],[-103.5368,25.59667],[-103.5368,25.59713],[-103.5359,25.59712],[-103.5358,25.59748],[-103.53578,25.59847],[-103.53668,25.59875],[-103.53635,25.601],[-103.53585,25.601],[-103.53548,25.59874],[-103.53369,25.59872],[-103.53357,25.60016],[-103.53237,25.60042],[-103.53237,25.60105],[-103.53187,25.60105],[-103.53148,25.60014],[-103.52969,25.60012],[-103.52892,25.59777],[-103.52886,25.5947],[-103.52747,25.59441],[-103.52748,25.59351],[-103.52659,25.59323],[-103.5264,25.59215],[-103.5275,25.59207],[-103.52712,25.59035],[-103.52774,25.58855],[-103.52655,25.58808],[-103.52567,25.58663],[-103.52329,25.58597],[-103.52321,25.58498],[-103.52103,25.58351],[-103.51964,25.5835],[-103.51963,25.58449],[-103.51902,25.58494],[-103.51871,25.58629],[-103.51711,25.58691],[-103.51729,25.58862],[-103.51679,25.58862],[-103.5168,25.58753],[-103.51561,25.58752],[-103.51559,25.58897],[-103.51627,25.59006],[-103.51645,25.59168],[-103.51715,25.59178],[-103.51734,25.59232],[-103.51751,25.59485],[-103.52019,25.59506],[-103.52051,25.5938],[-103.52111,25.59363],[-103.52183,25.59174],[-103.52253,25.59156],[-103.52253,25.5912],[-103.52422,25.59176],[-103.52421,25.5923],[-103.52269,25.59418],[-103.5218,25.59418],[-103.52228,25.59572],[-103.52146,25.5976],[-103.51923,25.60083],[-103.51525,25.60837],[-103.51485,25.60837],[-103.51484,25.60963],[-103.51404,25.60963],[-103.51447,25.60746],[-103.51301,25.60402],[-103.51172,25.60373],[-103.51161,25.60446],[-103.51042,25.60462],[-103.51039,25.60652],[-103.51119,25.6068],[-103.51136,25.6087],[-103.51196,25.60888],[-103.51195,25.60988],[-103.51254,25.61015],[-103.51291,25.61214],[-103.51379,25.61351],[-103.51387,25.61513],[-103.51337,25.61513],[-103.51319,25.61422],[-103.51219,25.61403],[-103.51221,25.61286],[-103.51171,25.61276],[-103.51152,25.61195],[-103.51033,25.61194],[-103.50972,25.61238],[-103.5103,25.61446],[-103.51129,25.61447],[-103.51198,25.61502],[-103.51177,25.61619],[-103.51106,25.617],[-103.50889,25.6158],[-103.50889,25.61526],[-103.5049,25.61612],[-103.50478,25.6173],[-103.50428,25.61747],[-103.50417,25.61855],[-103.50377,25.61864],[-103.50375,25.62026],[-103.50293,25.6226],[-103.50104,25.62213],[-103.50112,25.62367],[-103.50201,25.62422],[-103.50228,25.62621],[-103.50317,25.62667],[-103.50355,25.62821],[-103.50405,25.62857],[-103.50363,25.62983],[-103.50164,25.62945],[-103.50126,25.62873],[-103.49728,25.62769],[-103.4973,25.6267],[-103.49871,25.62554],[-103.49853,25.62382],[-103.49963,25.62356],[-103.49946,25.62103],[-103.50016,25.62104],[-103.50018,25.61942],[-103.50077,25.61942],[-103.50089,25.6178],[-103.5002,25.61761],[-103.50021,25.61653],[-103.49713,25.6165],[-103.4972,25.6183],[-103.4963,25.61856],[-103.49678,25.62055],[-103.49608,25.62082],[-103.49488,25.62081],[-103.49469,25.61999],[-103.4936,25.61998],[-103.49313,25.61772],[-103.49004,25.61814],[-103.49031,25.6204],[-103.4909,25.62049],[-103.49138,25.62203],[-103.49137,25.62276],[-103.49057,25.62293],[-103.48868,25.62309],[-103.48829,25.62218],[-103.48862,25.62011],[-103.48752,25.6201],[-103.48753,25.61929],[-103.48564,25.61963],[-103.48532,25.62071],[-103.48672,25.62081],[-103.48671,25.62144],[-103.48521,25.62179],[-103.4852,25.62269],[-103.48428,25.62413],[-103.48289,25.62429],[-103.4824,25.62311],[-103.48262,25.62194],[-103.48312,25.62195],[-103.48322,25.62123],[-103.48502,25.62097],[-103.48503,25.62007],[-103.48404,25.61997],[-103.48405,25.61925],[-103.48245,25.61923],[-103.48195,25.61986],[-103.48056,25.61948],[-103.48068,25.61786],[-103.47939,25.61758],[-103.47939,25.61712],[-103.48064,25.61262],[-103.48255,25.61174],[-103.48246,25.61048],[-103.48378,25.60886],[-103.48379,25.60805],[-103.48172,25.60668],[-103.48173,25.60595],[-103.47963,25.60629],[-103.47934,25.60575],[-103.47586,25.60517],[-103.47443,25.60777],[-103.47175,25.60738],[-103.47203,25.60892],[-103.47032,25.61017],[-103.47021,25.61098],[-103.46921,25.61124],[-103.4692,25.61232],[-103.4686,25.61259],[-103.46818,25.61412],[-103.46748,25.61429],[-103.46747,25.6151],[-103.46616,25.61662],[-103.46604,25.61753],[-103.46545,25.61761],[-103.46525,25.61707],[-103.46356,25.61714],[-103.46404,25.61859],[-103.46324,25.61876],[-103.46323,25.61984],[-103.46402,25.61985],[-103.46421,25.62076],[-103.46172,25.621],[-103.46139,25.62353],[-103.45989,25.62414],[-103.45987,25.62496],[-103.45995,25.62676],[-103.46095,25.62677],[-103.46096,25.62578],[-103.46296,25.62535],[-103.46288,25.62327],[-103.46338,25.62328],[-103.46345,25.6259],[-103.46385,25.6259],[-103.46384,25.62635],[-103.46265,25.62634],[-103.46254,25.62715],[-103.46174,25.62741],[-103.46163,25.62795],[-103.46113,25.62795],[-103.46104,25.62722],[-103.46004,25.62721],[-103.46003,25.62812],[-103.45923,25.62874],[-103.45921,25.62982],[-103.46031,25.62983],[-103.4608,25.63047],[-103.46088,25.63219],[-103.46038,25.63218],[-103.4598,25.63055],[-103.45891,25.63054],[-103.45789,25.63189],[-103.45686,25.63467],[-103.45567,25.63421],[-103.45602,25.63078],[-103.45671,25.6307],[-103.45704,25.62827],[-103.45795,25.62773],[-103.45769,25.62448],[-103.45819,25.62403],[-103.45813,25.62105],[-103.45604,25.62103],[-103.45596,25.61923],[-103.45686,25.61915],[-103.45745,25.62014],[-103.45864,25.62016],[-103.45875,25.61917],[-103.45858,25.61754],[-103.45631,25.61553],[-103.45563,25.61408],[-103.45654,25.61354],[-103.45903,25.61339],[-103.45945,25.61123],[-103.46086,25.61025],[-103.46158,25.60836],[-103.46228,25.60819],[-103.46239,25.60729],[-103.46478,25.60731],[-103.46471,25.60478],[-103.46581,25.60479],[-103.46582,25.60398],[-103.46412,25.60414],[-103.46413,25.60333],[-103.46455,25.60189],[-103.46505,25.6019],[-103.46506,25.60099],[-103.46626,25.60092],[-103.46627,25.6001],[-103.46547,25.59992],[-103.4658,25.59802],[-103.46629,25.59803],[-103.46647,25.59947],[-103.46737,25.59948],[-103.46778,25.59859],[-103.46987,25.59897],[-103.46988,25.59761],[-103.47059,25.59699],[-103.4706,25.59609],[-103.47179,25.5961],[-103.47181,25.59502],[-103.47121,25.59501],[-103.47004,25.59346],[-103.46885,25.59282],[-103.46725,25.59316],[-103.46727,25.59181],[-103.46488,25.59205],[-103.46357,25.59285],[-103.46048,25.59363],[-103.45927,25.5947],[-103.45777,25.59487],[-103.45776,25.59568],[-103.45846,25.59569],[-103.45845,25.59614],[-103.45785,25.59613],[-103.45793,25.59803],[-103.45623,25.59873],[-103.45532,25.59999],[-103.4553,25.60107],[-103.45719,25.60145],[-103.45727,25.6029],[-103.45905,25.60382],[-103.45904,25.60463],[-103.45754,25.60525],[-103.45663,25.60641],[-103.45075,25.60626],[-103.45076,25.60581],[-103.44977,25.6058],[-103.44985,25.60688],[-103.45045,25.60689],[-103.45003,25.60815],[-103.44964,25.60814],[-103.44971,25.61022],[-103.4511,25.6106],[-103.45018,25.61203],[-103.44929,25.61193],[-103.4493,25.61094],[-103.4484,25.61093],[-103.4472,25.61164],[-103.44719,25.61245],[-103.44659,25.61245],[-103.4466,25.61172],[-103.44561,25.61126],[-103.44562,25.61036],[-103.44683,25.60938],[-103.44684,25.60848],[-103.44635,25.6082],[-103.44466,25.60809],[-103.44435,25.60863],[-103.44306,25.6088],[-103.44283,25.61069],[-103.44124,25.61067],[-103.44105,25.61013],[-103.44045,25.61003],[-103.44046,25.6094],[-103.44238,25.60716],[-103.4424,25.60554],[-103.44379,25.60555],[-103.4442,25.60466],[-103.445,25.60466],[-103.44501,25.60367],[-103.44601,25.60368],[-103.44573,25.60205],[-103.44604,25.60161],[-103.44703,25.60162],[-103.44705,25.60008],[-103.44656,25.59944],[-103.44806,25.59937],[-103.44803,25.60118],[-103.44863,25.60127],[-103.44881,25.60227],[-103.44859,25.60398],[-103.44969,25.60399],[-103.44968,25.60453],[-103.45227,25.60438],[-103.45239,25.6033],[-103.45329,25.6025],[-103.45379,25.6025],[-103.45378,25.60295],[-103.45588,25.60297],[-103.45589,25.60216],[-103.45321,25.60096],[-103.45304,25.5987],[-103.45106,25.59787],[-103.45068,25.59696],[-103.44988,25.59695],[-103.44988,25.59659],[-103.44859,25.59658],[-103.44837,25.59811],[-103.44777,25.5981],[-103.44778,25.59738],[-103.44589,25.59763],[-103.44637,25.59908],[-103.44498,25.59889],[-103.44489,25.59807],[-103.44538,25.59808],[-103.4452,25.59672],[-103.44601,25.59619],[-103.44557,25.59158],[-103.44519,25.59004],[-103.44429,25.58994],[-103.44402,25.5884],[-103.44332,25.5884],[-103.44333,25.58794],[-103.44396,25.58542],[-103.44635,25.58527],[-103.44636,25.58455],[-103.44796,25.58339],[-103.44846,25.58339],[-103.44805,25.58429],[-103.44824,25.58538],[-103.44923,25.58539],[-103.44924,25.58485],[-103.44994,25.58467],[-103.44947,25.5825],[-103.45047,25.58206],[-103.45088,25.58116],[-103.45158,25.58117],[-103.4518,25.57955],[-103.45229,25.57946],[-103.4524,25.57883],[-103.4533,25.57866],[-103.45453,25.57615],[-103.45454,25.57515],[-103.45395,25.57488],[-103.45396,25.57415],[-103.45455,25.57407],[-103.45457,25.57317],[-103.45438,25.57244],[-103.45388,25.57235],[-103.45389,25.57135],[-103.4531,25.57071],[-103.45284,25.56773],[-103.45345,25.56738],[-103.45396,25.56612],[-103.45604,25.5591],[-103.45706,25.55748],[-103.45836,25.55687],[-103.46018,25.55472],[-103.46077,25.55472],[-103.46379,25.55223],[-103.46519,25.55179],[-103.4667,25.55045],[-103.46671,25.54991],[-103.46791,25.54938],[-103.46872,25.54804],[-103.46962,25.54796],[-103.46954,25.54633],[-103.46815,25.54604],[-103.46371,25.55051],[-103.45479,25.55547],[-103.45348,25.55709],[-103.45347,25.55799],[-103.45416,25.558],[-103.45416,25.55845],[-103.45247,25.55816],[-103.45065,25.56012],[-103.44921,25.56399],[-103.44935,25.56878],[-103.45047,25.57457],[-103.45186,25.57458],[-103.45235,25.57522],[-103.44905,25.57627],[-103.44853,25.57825],[-103.44624,25.57795],[-103.44613,25.57913],[-103.44523,25.57948],[-103.44294,25.57918],[-103.43934,25.58014],[-103.43367,25.58026],[-103.43356,25.58098],[-103.43306,25.58097],[-103.43288,25.5798],[-103.43198,25.57979],[-103.43106,25.58195],[-103.43026,25.5823],[-103.43004,25.58338],[-103.42913,25.58472],[-103.42873,25.58472],[-103.42862,25.58589],[-103.42812,25.58589],[-103.42795,25.58372],[-103.42705,25.58371],[-103.42703,25.58524],[-103.42534,25.58531],[-103.42495,25.5845],[-103.42366,25.58448],[-103.42389,25.58927],[-103.42637,25.5902],[-103.42596,25.59128],[-103.42546,25.59127],[-103.42563,25.59326],[-103.42782,25.59347],[-103.42805,25.59121],[-103.42895,25.59131],[-103.42893,25.59221],[-103.43003,25.59223],[-103.43005,25.59087],[-103.43253,25.5909],[-103.43221,25.59324],[-103.43161,25.59324],[-103.43162,25.59224],[-103.43023,25.59214],[-103.4299,25.59457],[-103.43039,25.59476],[-103.43028,25.59602],[-103.42948,25.59601],[-103.42967,25.59701],[-103.43076,25.59702],[-103.43077,25.59648],[-103.43147,25.59648],[-103.43246,25.59677],[-103.43245,25.59722],[-103.43066,25.59729],[-103.43045,25.59828],[-103.42885,25.59844],[-103.42854,25.59952],[-103.42804,25.59952],[-103.42756,25.59861],[-103.42576,25.59859],[-103.42575,25.59931],[-103.42446,25.5993],[-103.42414,25.60101],[-103.41896,25.60104],[-103.41894,25.60267],[-103.42013,25.60286],[-103.42011,25.60422],[-103.41524,25.60371],[-103.41523,25.60471],[-103.41722,25.60491],[-103.41721,25.60554],[-103.41581,25.6058],[-103.41581,25.60616],[-103.41511,25.60597],[-103.41514,25.60416],[-103.41444,25.60416],[-103.41455,25.60343],[-103.41585,25.60309],[-103.41586,25.60191],[-103.41077,25.60294],[-103.41076,25.60375],[-103.41126,25.60394],[-103.41183,25.60557],[-103.41024,25.60574],[-103.41013,25.60655],[-103.40953,25.60654],[-103.40952,25.60726],[-103.40822,25.60797],[-103.40821,25.6086],[-103.40771,25.6086],[-103.4077,25.60941],[-103.40869,25.60942],[-103.4087,25.60897],[-103.4111,25.60818],[-103.41109,25.60863],[-103.4103,25.60862],[-103.41029,25.60944],[-103.41079,25.60944],[-103.41077,25.61035],[-103.41157,25.61035],[-103.41145,25.61162],[-103.41245,25.61163],[-103.41244,25.61208],[-103.41164,25.61243],[-103.41162,25.61397],[-103.41222,25.61424],[-103.41209,25.61587],[-103.41267,25.61786],[-103.41326,25.61805],[-103.41355,25.61886],[-103.41343,25.62049],[-103.414,25.62212],[-103.41341,25.62211],[-103.41339,25.62328],[-103.40521,25.62473],[-103.39943,25.62476],[-103.39942,25.6253],[-103.39872,25.62556],[-103.39831,25.62637],[-103.3983,25.62754],[-103.3987,25.62755],[-103.39879,25.62818],[-103.39589,25.62896],[-103.39578,25.62995],[-103.39158,25.63054],[-103.39048,25.63125],[-103.39027,25.63188],[-103.38589,25.6321],[-103.38625,25.63454],[-103.38406,25.63479],[-103.38404,25.63578],[-103.38454,25.63606],[-103.38463,25.63687],[-103.38651,25.63789],[-103.38659,25.6387],[-103.38579,25.63914],[-103.3858,25.63824],[-103.38362,25.63803],[-103.38362,25.63758],[-103.38263,25.63757],[-103.38252,25.63793],[-103.38083,25.63764],[-103.38063,25.63818],[-103.37913,25.63844],[-103.3785,25.64069],[-103.3778,25.64113],[-103.37778,25.64221],[-103.37838,25.64222],[-103.37846,25.64348],[-103.37926,25.64358],[-103.37963,25.64521],[-103.37795,25.64447]],[[-103.38702,25.62904],[-103.39011,25.6289],[-103.39082,25.628],[-103.39106,25.62485],[-103.39167,25.62404],[-103.39159,25.6225],[-103.3922,25.62188],[-103.39221,25.62089],[-103.39022,25.62122],[-103.3897,25.62221],[-103.38739,25.6239],[-103.38737,25.62535],[-103.38797,25.62553],[-103.38786,25.62625],[-103.38627,25.62579],[-103.38577,25.62623],[-103.38576,25.62704],[-103.38456,25.62703],[-103.38284,25.629],[-103.38283,25.6299],[-103.38402,25.62991],[-103.38403,25.62919],[-103.38463,25.6292],[-103.38462,25.63001],[-103.38601,25.63003],[-103.38612,25.62949],[-103.38702,25.62904]],[[-103.38558,25.62497],[-103.38618,25.62497],[-103.38639,25.62425],[-103.38729,25.62408],[-103.38781,25.62219],[-103.38513,25.62198],[-103.38504,25.62099],[-103.38912,25.6213],[-103.38935,25.61914],[-103.39194,25.61854],[-103.39196,25.61754],[-103.39069,25.61545],[-103.3892,25.61553],[-103.38861,25.61489],[-103.38771,25.61488],[-103.3877,25.61542],[-103.38582,25.61513],[-103.3848,25.61638],[-103.38479,25.6171],[-103.38177,25.61996],[-103.38234,25.62213],[-103.38343,25.62214],[-103.38342,25.62277],[-103.38263,25.62277],[-103.38269,25.62575],[-103.38477,25.62595],[-103.38488,25.62559],[-103.38558,25.6256],[-103.38558,25.62497]],[[-103.4993,25.61011],[-103.50178,25.6104],[-103.50179,25.61004],[-103.50258,25.61005],[-103.50259,25.60951],[-103.50359,25.60952],[-103.50359,25.60889],[-103.50509,25.60908],[-103.50549,25.60837],[-103.50769,25.60803],[-103.5078,25.60722],[-103.50859,25.60722],[-103.50861,25.60596],[-103.50771,25.60595],[-103.50771,25.6064],[-103.50671,25.60657],[-103.50662,25.60567],[-103.50724,25.60432],[-103.50853,25.60433],[-103.50855,25.60298],[-103.50696,25.60242],[-103.50658,25.60106],[-103.50509,25.60105],[-103.5051,25.60024],[-103.5043,25.59978],[-103.50311,25.59967],[-103.50311,25.60012],[-103.50131,25.60056],[-103.50131,25.60011],[-103.50191,25.59993],[-103.50154,25.59821],[-103.49914,25.59891],[-103.49958,25.60307],[-103.49829,25.60342],[-103.49829,25.60296],[-103.4967,25.60277],[-103.49668,25.60448],[-103.49588,25.60447],[-103.49606,25.60601],[-103.49696,25.60602],[-103.49697,25.60521],[-103.49936,25.60532],[-103.49935,25.60595],[-103.49746,25.60603],[-103.49744,25.60702],[-103.49824,25.60739],[-103.49823,25.60784],[-103.49913,25.60785],[-103.49871,25.60947],[-103.49702,25.60936],[-103.49572,25.6098],[-103.49571,25.6107],[-103.4962,25.61098],[-103.4993,25.61011]],[[-103.40645,25.5908],[-103.40687,25.58945],[-103.40737,25.58936],[-103.40738,25.58828],[-103.40788,25.58829],[-103.40789,25.58738],[-103.40859,25.58694],[-103.40832,25.58513],[-103.40693,25.58484],[-103.40634,25.5843],[-103.40455,25.58446],[-103.40453,25.58563],[-103.40373,25.58589],[-103.40352,25.58697],[-103.40272,25.58706],[-103.39996,25.58522],[-103.39986,25.58468],[-103.39897,25.58467],[-103.39896,25.58521],[-103.39846,25.5852],[-103.39854,25.5871],[-103.39953,25.58711],[-103.40129,25.58966],[-103.40229,25.58967],[-103.4026,25.5885],[-103.40359,25.58878],[-103.40348,25.58977],[-103.40268,25.58985],[-103.40266,25.5913],[-103.40326,25.59148],[-103.40364,25.59239],[-103.40454,25.5924],[-103.40455,25.59168],[-103.40645,25.5908]],[[-103.45587,25.58754],[-103.46094,25.5884],[-103.46418,25.58419],[-103.46667,25.58431],[-103.46668,25.5835],[-103.46769,25.58197],[-103.46712,25.57971],[-103.46873,25.57891],[-103.46962,25.57892],[-103.46963,25.57811],[-103.47003,25.57793],[-103.47005,25.57703],[-103.46895,25.57702],[-103.46877,25.5753],[-103.47027,25.57523],[-103.47029,25.57342],[-103.46771,25.57285],[-103.4676,25.57348],[-103.46571,25.57346],[-103.4656,25.57419],[-103.46429,25.57553],[-103.46446,25.57797],[-103.46396,25.57796],[-103.46397,25.57733],[-103.46297,25.57732],[-103.46296,25.57813],[-103.46376,25.57814],[-103.46375,25.57877],[-103.46196,25.57866],[-103.46104,25.58055],[-103.45923,25.58215],[-103.4591,25.58405],[-103.45771,25.58394],[-103.45772,25.58322],[-103.45583,25.58293],[-103.45554,25.58221],[-103.45305,25.58254],[-103.45213,25.58425],[-103.45201,25.58605],[-103.45161,25.58605],[-103.45109,25.58776],[-103.45069,25.58775],[-103.45068,25.58865],[-103.45208,25.58867],[-103.45346,25.58932],[-103.45466,25.58915],[-103.45587,25.58754]],[[-103.38813,25.58355],[-103.38853,25.58356],[-103.38855,25.5823],[-103.38987,25.57996],[-103.38989,25.57879],[-103.39058,25.5788],[-103.39091,25.57654],[-103.39062,25.57609],[-103.38913,25.57589],[-103.38955,25.57445],[-103.38876,25.57363],[-103.38797,25.57362],[-103.38798,25.5729],[-103.38738,25.57271],[-103.38709,25.5719],[-103.38131,25.57274],[-103.38097,25.57553],[-103.38146,25.57662],[-103.38245,25.57663],[-103.38244,25.57717],[-103.38404,25.5771],[-103.38413,25.57773],[-103.38612,25.57748],[-103.3852,25.57964],[-103.38321,25.57962],[-103.38302,25.57907],[-103.38122,25.57933],[-103.38137,25.58321],[-103.38395,25.58324],[-103.38464,25.58415],[-103.38463,25.58469],[-103.38423,25.58469],[-103.38422,25.58568],[-103.38462,25.58595],[-103.38681,25.58589],[-103.38681,25.58544],[-103.38721,25.58544],[-103.38813,25.58355]],[[-103.41745,25.57205],[-103.41558,25.5704],[-103.41601,25.56021],[-103.41563,25.5593],[-103.41354,25.55919],[-103.41303,25.55972],[-103.41311,25.56135],[-103.41262,25.56134],[-103.41262,25.5608],[-103.41153,25.56079],[-103.41131,25.56196],[-103.41072,25.56195],[-103.41062,25.56132],[-103.41093,25.56051],[-103.41133,25.56052],[-103.41126,25.55844],[-103.40737,25.55876],[-103.40745,25.56056],[-103.40546,25.56036],[-103.40548,25.55883],[-103.4029,25.55853],[-103.40322,25.55673],[-103.40204,25.55599],[-103.40204,25.55554],[-103.40075,25.55507],[-103.40076,25.55462],[-103.39908,25.55361],[-103.39909,25.55316],[-103.3981,25.55288],[-103.39761,25.55188],[-103.39512,25.55212],[-103.39454,25.55085],[-103.39315,25.55093],[-103.39213,25.55218],[-103.39202,25.55335],[-103.39361,25.55364],[-103.3936,25.55418],[-103.3929,25.55463],[-103.39347,25.55653],[-103.39594,25.55764],[-103.39632,25.55909],[-103.39781,25.55919],[-103.39782,25.55856],[-103.39832,25.55857],[-103.39831,25.5592],[-103.3997,25.55922],[-103.39972,25.55831],[-103.39862,25.55821],[-103.39844,25.55703],[-103.39627,25.5553],[-103.39508,25.5551],[-103.3951,25.55357],[-103.3956,25.55357],[-103.39756,25.55585],[-103.39855,25.5564],[-103.39854,25.55686],[-103.39953,25.55723],[-103.39972,25.55786],[-103.40484,25.56234],[-103.40483,25.56288],[-103.40433,25.56288],[-103.40384,25.56224],[-103.40305,25.56214],[-103.40227,25.56069],[-103.40088,25.5604],[-103.40054,25.56338],[-103.39923,25.56526],[-103.3983,25.56769],[-103.39571,25.56766],[-103.39579,25.5691],[-103.39529,25.5691],[-103.39518,25.56991],[-103.39458,25.57017],[-103.39457,25.57099],[-103.39596,25.57127],[-103.39636,25.5711],[-103.39637,25.57019],[-103.39687,25.5702],[-103.39706,25.57119],[-103.40063,25.57159],[-103.40303,25.57126],[-103.40471,25.57209],[-103.41336,25.57282],[-103.41318,25.57101],[-103.4122,25.57046],[-103.41102,25.56891],[-103.40725,25.56842],[-103.40755,25.56788],[-103.40894,25.56798],[-103.40896,25.56699],[-103.40512,25.56379],[-103.40493,25.56288],[-103.40553,25.56289],[-103.40572,25.56334],[-103.40671,25.56363],[-103.4068,25.56435],[-103.4076,25.56463],[-103.40956,25.56682],[-103.41015,25.56682],[-103.41064,25.56782],[-103.41173,25.5681],[-103.41172,25.56874],[-103.4131,25.56965],[-103.41437,25.57138],[-103.41487,25.57139],[-103.41515,25.57302],[-103.41744,25.57295],[-103.41745,25.57205]],[[-103.53037,25.56077],[-103.5303,25.55869],[-103.53079,25.55869],[-103.5308,25.55815],[-103.53428,25.55828],[-103.53411,25.55629],[-103.53202,25.55618],[-103.53223,25.55519],[-103.53372,25.55511],[-103.53346,25.55213],[-103.53228,25.55131],[-103.53048,25.55138],[-103.53048,25.5521],[-103.52937,25.55281],[-103.52935,25.55426],[-103.53064,25.5549],[-103.53052,25.5568],[-103.52783,25.55695],[-103.52762,25.55749],[-103.52613,25.55756],[-103.52592,25.55819],[-103.5262,25.55955],[-103.52809,25.55966],[-103.52837,25.56129],[-103.53037,25.56077]],[[-103.37519,25.54649],[-103.37579,25.54649],[-103.37581,25.54487],[-103.3785,25.54481],[-103.37852,25.53596],[-103.37394,25.53582],[-103.37374,25.53645],[-103.37388,25.54051],[-103.37537,25.54053],[-103.37537,25.54098],[-103.37475,25.54215],[-103.37396,25.54214],[-103.37382,25.54503],[-103.37213,25.54501],[-103.37212,25.54582],[-103.37221,25.54636],[-103.37339,25.5471],[-103.37509,25.54694],[-103.37519,25.54649]],[[-103.35509,25.53227],[-103.35578,25.53228],[-103.35645,25.53418],[-103.35735,25.53419],[-103.35736,25.53338],[-103.35845,25.5333],[-103.35871,25.52951],[-103.35828,25.52391],[-103.35689,25.52398],[-103.35686,25.52588],[-103.35547,25.52604],[-103.35546,25.52704],[-103.35705,25.52714],[-103.35704,25.5276],[-103.35604,25.52758],[-103.35573,25.52857],[-103.35571,25.53029],[-103.35621,25.53029],[-103.3562,25.53075],[-103.35441,25.53037],[-103.35421,25.53099],[-103.35271,25.53098],[-103.35268,25.53378],[-103.35218,25.53377],[-103.35209,25.53332],[-103.35089,25.5334],[-103.35087,25.53457],[-103.35426,25.5347],[-103.35436,25.53425],[-103.35496,25.53425],[-103.35509,25.53227]],[[-103.38194,25.53284],[-103.38205,25.53212],[-103.38315,25.53213],[-103.38282,25.52698],[-103.38193,25.52679],[-103.38193,25.52616],[-103.38014,25.52632],[-103.37955,25.52577],[-103.37866,25.52576],[-103.37855,25.52648],[-103.37626,25.52628],[-103.37619,25.5242],[-103.3736,25.52435],[-103.37337,25.52642],[-103.37475,25.52752],[-103.37454,25.5286],[-103.37354,25.52886],[-103.37352,25.53013],[-103.37462,25.53014],[-103.37523,25.52906],[-103.37722,25.52899],[-103.37711,25.52963],[-103.37642,25.52962],[-103.3759,25.53097],[-103.37605,25.53485],[-103.37844,25.53461],[-103.37846,25.53307],[-103.38194,25.53284]],[[-103.34213,25.53348],[-103.34323,25.53349],[-103.34413,25.53296],[-103.34414,25.53233],[-103.34494,25.53197],[-103.34554,25.53198],[-103.34553,25.53243],[-103.34712,25.53236],[-103.34713,25.53182],[-103.34803,25.53138],[-103.34825,25.53012],[-103.34954,25.52995],[-103.34963,25.53076],[-103.35302,25.53062],[-103.35306,25.52782],[-103.34122,25.52787],[-103.34129,25.52977],[-103.34098,25.53076],[-103.34038,25.53093],[-103.34046,25.53228],[-103.33996,25.53228],[-103.33995,25.53327],[-103.34103,25.5341],[-103.34213,25.53384],[-103.34213,25.53348]],[[-103.41057,25.5281],[-103.41127,25.52783],[-103.41129,25.52612],[-103.41069,25.52584],[-103.41061,25.5244],[-103.41261,25.5236],[-103.41385,25.52082],[-103.4137,25.51675],[-103.41261,25.5162],[-103.41152,25.51619],[-103.41227,25.51963],[-103.41215,25.5208],[-103.41094,25.52259],[-103.41004,25.52276],[-103.41005,25.52204],[-103.41136,25.52043],[-103.41128,25.5188],[-103.41019,25.51879],[-103.40936,25.52104],[-103.40837,25.5213],[-103.4098,25.51843],[-103.40981,25.51752],[-103.40831,25.51778],[-103.40689,25.52011],[-103.40703,25.52472],[-103.40762,25.52481],[-103.408,25.52608],[-103.4088,25.52645],[-103.40834,25.53051],[-103.40954,25.53025],[-103.41057,25.5281]],[[-103.36687,25.52139],[-103.36707,25.52184],[-103.36946,25.52187],[-103.36947,25.52042],[-103.36997,25.52043],[-103.36996,25.52097],[-103.37186,25.52099],[-103.37168,25.51954],[-103.37227,25.51937],[-103.37226,25.52054],[-103.37504,25.52066],[-103.37503,25.52166],[-103.37553,25.52166],[-103.37552,25.52211],[-103.37761,25.52187],[-103.37777,25.51763],[-103.37737,25.51762],[-103.37738,25.51717],[-103.37837,25.51718],[-103.37858,25.51655],[-103.37831,25.51447],[-103.37713,25.51356],[-103.37594,25.51345],[-103.37584,25.513],[-103.37495,25.51263],[-103.37396,25.51262],[-103.37395,25.51334],[-103.37345,25.51333],[-103.37387,25.51189],[-103.37287,25.51188],[-103.37229,25.51115],[-103.36843,25.50922],[-103.36872,25.50272],[-103.36904,25.50137],[-103.36974,25.50074],[-103.36976,25.49939],[-103.36927,25.49911],[-103.36898,25.49785],[-103.36719,25.49783],[-103.36639,25.49854],[-103.36637,25.49971],[-103.36846,25.49965],[-103.36844,25.50127],[-103.36655,25.50143],[-103.36636,25.5008],[-103.36596,25.50079],[-103.36587,25.4998],[-103.3604,25.5001],[-103.35979,25.50117],[-103.3579,25.50115],[-103.35789,25.50197],[-103.35987,25.50226],[-103.35995,25.50352],[-103.35846,25.50387],[-103.35804,25.50513],[-103.35645,25.50484],[-103.35654,25.5061],[-103.35703,25.50611],[-103.35752,25.50693],[-103.35971,25.50668],[-103.36038,25.50849],[-103.36088,25.5085],[-103.36204,25.51113],[-103.36244,25.51123],[-103.36243,25.51177],[-103.36172,25.5123],[-103.35654,25.51315],[-103.35653,25.51396],[-103.36001,25.51436],[-103.36012,25.52059],[-103.36341,25.52008],[-103.36338,25.52252],[-103.36457,25.52253],[-103.36455,25.52389],[-103.36555,25.5239],[-103.36588,25.52165],[-103.36687,25.52139]]],[[[-103.35979,25.66855],[-103.36023,25.66612],[-103.35903,25.66611],[-103.35904,25.66566],[-103.35973,25.66566],[-103.36046,25.66324],[-103.36086,25.66324],[-103.36098,25.66171],[-103.36348,25.66155],[-103.36379,25.66074],[-103.36529,25.66004],[-103.36544,25.65625],[-103.36575,25.65562],[-103.36635,25.65563],[-103.36678,25.65328],[-103.36528,25.65327],[-103.36528,25.65372],[-103.36388,25.65379],[-103.36386,25.65497],[-103.36347,25.65496],[-103.36384,25.65668],[-103.36264,25.65712],[-103.36262,25.65838],[-103.36212,25.65838],[-103.36338,25.65424],[-103.36099,25.6543],[-103.36099,25.65385],[-103.36419,25.65271],[-103.36423,25.65037],[-103.36363,25.65036],[-103.36354,25.64982],[-103.36105,25.64943],[-103.36096,25.6488],[-103.36454,25.64893],[-103.36455,25.64848],[-103.36535,25.64848],[-103.36588,25.64632],[-103.36637,25.64633],[-103.36645,25.64768],[-103.36555,25.64849],[-103.36553,25.64957],[-103.36772,25.65005],[-103.36961,25.64989],[-103.3702,25.65089],[-103.3676,25.65095],[-103.36761,25.65041],[-103.36572,25.65038],[-103.36571,25.65102],[-103.36491,25.65101],[-103.36459,25.6529],[-103.36838,25.65258],[-103.36837,25.65303],[-103.36937,25.65313],[-103.36996,25.65377],[-103.37145,25.65352],[-103.37193,25.65488],[-103.37413,25.6549],[-103.3743,25.65689],[-103.3749,25.6569],[-103.37527,25.65898],[-103.37447,25.65897],[-103.37446,25.65951],[-103.37396,25.65968],[-103.37147,25.65966],[-103.37106,25.66083],[-103.36936,25.66108],[-103.36845,25.66179],[-103.36545,25.66266],[-103.36544,25.66356],[-103.36604,25.66357],[-103.36603,25.66402],[-103.36474,25.66419],[-103.36472,25.665],[-103.36522,25.66518],[-103.36521,25.666],[-103.3661,25.66646],[-103.36609,25.66691],[-103.36579,25.66727],[-103.3638,25.66697],[-103.36289,25.66805],[-103.36277,25.66913],[-103.36128,25.66929],[-103.36119,25.66866],[-103.35979,25.66855]]],[[[-103.55765,25.72608],[-103.55727,25.72463],[-103.55667,25.72462],[-103.5563,25.72236],[-103.5556,25.72236],[-103.55561,25.72182],[-103.55421,25.72189],[-103.5541,25.72261],[-103.553,25.72269],[-103.55301,25.72188],[-103.55361,25.72189],[-103.55363,25.72044],[-103.55313,25.72026],[-103.55285,25.71881],[-103.55415,25.71882],[-103.55416,25.71765],[-103.55338,25.71656],[-103.55168,25.71654],[-103.55139,25.71618],[-103.5514,25.71509],[-103.5528,25.71447],[-103.55281,25.71366],[-103.55222,25.71348],[-103.55204,25.71149],[-103.55088,25.70868],[-103.55009,25.70831],[-103.54963,25.70496],[-103.54913,25.70478],[-103.54905,25.70342],[-103.54856,25.70324],[-103.54711,25.6988],[-103.54546,25.69553],[-103.5447,25.69254],[-103.54421,25.69209],[-103.54121,25.69233],[-103.54123,25.69125],[-103.53973,25.69114],[-103.53961,25.69276],[-103.53792,25.69302],[-103.53793,25.69203],[-103.53664,25.6912],[-103.53696,25.69012],[-103.53785,25.69013],[-103.53797,25.68914],[-103.53996,25.68907],[-103.54054,25.69079],[-103.54263,25.69081],[-103.54226,25.68819],[-103.54156,25.68818],[-103.54157,25.68773],[-103.54207,25.68773],[-103.54208,25.68674],[-103.5388,25.67822],[-103.5385,25.67786],[-103.53721,25.67784],[-103.53721,25.6773],[-103.53791,25.67731],[-103.53793,25.67605],[-103.53754,25.67514],[-103.53664,25.67513],[-103.53596,25.67404],[-103.53638,25.67215],[-103.53329,25.66444],[-103.53129,25.66442],[-103.53111,25.66289],[-103.53022,25.66288],[-103.53002,25.66224],[-103.52913,25.66214],[-103.52914,25.66151],[-103.53093,25.66171],[-103.53094,25.6609],[-103.53014,25.66089],[-103.53015,25.66008],[-103.53095,25.65972],[-103.53096,25.65882],[-103.53029,25.65683],[-103.5283,25.6569],[-103.52802,25.65518],[-103.52912,25.6551],[-103.52913,25.65402],[-103.52671,25.64794],[-103.52731,25.64795],[-103.5278,25.64886],[-103.53166,25.65874],[-103.53216,25.65874],[-103.53214,25.66001],[-103.53302,25.66191],[-103.53511,25.66211],[-103.53512,25.66121],[-103.53562,25.66122],[-103.5358,25.66221],[-103.5366,25.66231],[-103.53679,25.66321],[-103.53718,25.66331],[-103.53717,25.66439],[-103.53457,25.66563],[-103.53456,25.66644],[-103.53813,25.67523],[-103.54013,25.67516],[-103.53971,25.67651],[-103.53912,25.67651],[-103.5391,25.67759],[-103.54645,25.69644],[-103.54703,25.69744],[-103.54853,25.69746],[-103.54854,25.69628],[-103.54954,25.6962],[-103.55011,25.69793],[-103.54989,25.69973],[-103.5488,25.69963],[-103.54871,25.69845],[-103.54762,25.69844],[-103.54761,25.69935],[-103.5482,25.6998],[-103.54876,25.70243],[-103.54936,25.70297],[-103.54992,25.70551],[-103.55061,25.70615],[-103.55389,25.71503],[-103.55579,25.71505],[-103.5559,25.71396],[-103.5567,25.71397],[-103.55719,25.71479],[-103.55706,25.71695],[-103.55656,25.7174],[-103.55692,25.72029],[-103.55632,25.72029],[-103.5568,25.72228],[-103.55709,25.72273],[-103.55988,25.72285],[-103.55988,25.7224],[-103.56138,25.72214],[-103.56137,25.72323],[-103.56206,25.72341],[-103.56206,25.72387],[-103.56106,25.72386],[-103.56065,25.72493],[-103.55835,25.72527],[-103.55863,25.72735],[-103.55813,25.72735],[-103.55804,25.72617],[-103.55765,25.72608]]],[[[-103.84783,25.83665],[-103.84664,25.83664],[-103.84663,25.83718],[-103.84413,25.83761],[-103.84334,25.83707],[-103.84315,25.83625],[-103.84195,25.83624],[-103.84195,25.83588],[-103.84046,25.83533],[-103.83937,25.83532],[-103.83936,25.83577],[-103.83876,25.83576],[-103.83847,25.83504],[-103.83677,25.83521],[-103.83648,25.83457],[-103.83848,25.83414],[-103.83819,25.83287],[-103.84079,25.83271],[-103.84121,25.83073],[-103.84201,25.83046],[-103.84222,25.82947],[-103.84272,25.82948],[-103.84271,25.8302],[-103.8437,25.83039],[-103.8463,25.82987],[-103.8484,25.82997],[-103.8493,25.82944],[-103.84931,25.82799],[-103.84812,25.82753],[-103.84813,25.82699],[-103.85113,25.82584],[-103.85113,25.82629],[-103.85222,25.82639],[-103.85261,25.82712],[-103.85361,25.82712],[-103.85362,25.82586],[-103.85462,25.8256],[-103.85511,25.82696],[-103.85581,25.82705],[-103.8558,25.8275],[-103.8548,25.82759],[-103.8548,25.82858],[-103.85529,25.82858],[-103.85539,25.8294],[-103.85588,25.8294],[-103.85577,25.83138],[-103.85506,25.83174],[-103.85506,25.83255],[-103.85525,25.83319],[-103.85654,25.83374],[-103.85653,25.83455],[-103.85473,25.83499],[-103.85482,25.83625],[-103.85282,25.83732],[-103.84822,25.83765],[-103.84783,25.83665]]],[[[-103.62545,25.89638],[-103.62346,25.89663],[-103.62345,25.89708],[-103.62255,25.89707],[-103.62156,25.89643],[-103.61996,25.89642],[-103.61996,25.89696],[-103.61946,25.89695],[-103.61937,25.89623],[-103.62187,25.89598],[-103.62188,25.89472],[-103.61979,25.89434],[-103.61978,25.8947],[-103.61809,25.8945],[-103.61808,25.89505],[-103.61729,25.89495],[-103.61613,25.89096],[-103.61645,25.88925],[-103.61586,25.88888],[-103.61618,25.8869],[-103.61579,25.88672],[-103.61555,25.88103],[-103.61505,25.88093],[-103.61506,25.88039],[-103.61576,25.88031],[-103.61539,25.87823],[-103.61628,25.87824],[-103.61641,25.87634],[-103.61601,25.87561],[-103.61512,25.87561],[-103.61512,25.87515],[-103.61672,25.87499],[-103.61701,25.87553],[-103.61821,25.87573],[-103.61789,25.87753],[-103.61898,25.8779],[-103.61897,25.8788],[-103.61976,25.87944],[-103.61995,25.88053],[-103.62145,25.88027],[-103.62213,25.8819],[-103.62502,25.88202],[-103.62611,25.88266],[-103.62611,25.8832],[-103.6273,25.88349],[-103.62786,25.88647],[-103.62826,25.88647],[-103.62855,25.88801],[-103.62904,25.88811],[-103.62963,25.88938],[-103.62981,25.89082],[-103.62731,25.89161],[-103.6273,25.89251],[-103.62809,25.89288],[-103.62817,25.89496],[-103.62706,25.89531],[-103.62745,25.89667],[-103.62595,25.89693],[-103.62593,25.89828],[-103.62722,25.89874],[-103.62732,25.89938],[-103.62562,25.89891],[-103.62545,25.89638]]],[[[-103.43797,26.11783],[-103.43789,26.11656],[-103.43639,26.11664],[-103.43638,26.11727],[-103.43548,26.11726],[-103.43549,26.11645],[-103.43479,26.11608],[-103.43462,26.11409],[-103.43412,26.1139],[-103.43413,26.11327],[-103.43463,26.11328],[-103.43465,26.11156],[-103.43246,26.11082],[-103.42867,26.1105],[-103.42868,26.10996],[-103.42938,26.10952],[-103.43178,26.10991],[-103.43228,26.10928],[-103.43498,26.1094],[-103.43532,26.10651],[-103.43602,26.10634],[-103.43603,26.10553],[-103.43713,26.10545],[-103.43712,26.10626],[-103.43802,26.10627],[-103.43803,26.10546],[-103.43753,26.10546],[-103.43735,26.10455],[-103.43763,26.09805],[-103.43934,26.09771],[-103.43934,26.09726],[-103.43974,26.09726],[-103.43975,26.09645],[-103.43905,26.09644],[-103.43957,26.09555],[-103.44117,26.09538],[-103.44117,26.09484],[-103.44587,26.09498],[-103.44587,26.09534],[-103.44647,26.09535],[-103.44645,26.09625],[-103.44725,26.09626],[-103.44755,26.09672],[-103.44955,26.09674],[-103.44954,26.09728],[-103.45054,26.09729],[-103.45055,26.09657],[-103.45145,26.0964],[-103.45184,26.09739],[-103.45114,26.09739],[-103.45113,26.09838],[-103.45213,26.09839],[-103.45239,26.10146],[-103.45138,26.10163],[-103.45137,26.10235],[-103.45047,26.10235],[-103.45035,26.10451],[-103.44863,26.10548],[-103.4483,26.10801],[-103.44679,26.10835],[-103.44647,26.10989],[-103.44597,26.10988],[-103.44597,26.1106],[-103.44536,26.11069],[-103.44472,26.11438],[-103.44512,26.11438],[-103.44537,26.11764],[-103.44477,26.11799],[-103.44297,26.11788],[-103.44228,26.11688],[-103.44088,26.11687],[-103.44047,26.11786],[-103.43797,26.11783]]],[[[-102.80539,25.3504],[-102.80537,25.3514],[-102.80487,25.35139],[-102.80493,25.34805],[-102.80395,25.34731],[-102.80431,25.34416],[-102.80322,25.34405],[-102.80279,25.34594],[-102.8019,25.34575],[-102.8019,25.3453],[-102.8023,25.3453],[-102.80223,25.3435],[-102.80084,25.34348],[-102.8007,25.34573],[-102.80011,25.34572],[-102.80012,25.34482],[-102.79953,25.34454],[-102.79986,25.34292],[-102.80026,25.34293],[-102.79998,25.34157],[-102.80079,25.34122],[-102.80082,25.33932],[-102.80211,25.33916],[-102.80222,25.33871],[-102.80225,25.33736],[-102.80175,25.33708],[-102.80176,25.33663],[-102.80216,25.33664],[-102.80227,25.33032],[-102.80298,25.32988],[-102.80296,25.33096],[-102.80445,25.33098],[-102.80579,25.32784],[-102.80629,25.32785],[-102.80636,25.3293],[-102.80676,25.32939],[-102.80654,25.33029],[-102.80555,25.33055],[-102.80543,25.33163],[-102.80611,25.33787],[-102.80779,25.33816],[-102.80786,25.34015],[-102.80845,25.34025],[-102.80844,25.3407],[-102.80764,25.34096],[-102.8078,25.3434],[-102.80829,25.3435],[-102.80827,25.34458],[-102.81035,25.34515],[-102.81033,25.34596],[-102.81093,25.34597],[-102.8103,25.34777],[-102.81129,25.34796],[-102.81138,25.34878],[-102.81127,25.34932],[-102.81027,25.3493],[-102.81045,25.35075],[-102.80975,25.35074],[-102.80926,25.35055],[-102.8093,25.34848],[-102.80771,25.34845],[-102.80727,25.35088],[-102.80776,25.35089],[-102.80775,25.3517],[-102.80854,25.35171],[-102.80843,25.35225],[-102.80754,25.35224],[-102.80756,25.35134],[-102.80696,25.35133],[-102.80697,25.35079],[-102.80539,25.3504]]],[[[-103.34922,25.48824],[-103.34982,25.48824],[-103.34994,25.48671],[-103.35034,25.48644],[-103.35019,25.48283],[-103.35144,25.47869],[-103.35146,25.47707],[-103.34987,25.47723],[-103.35038,25.47597],[-103.35247,25.47581],[-103.35247,25.47636],[-103.35336,25.47637],[-103.35387,25.47529],[-103.35487,25.47485],[-103.35704,25.47614],[-103.35723,25.47704],[-103.35812,25.47741],[-103.35811,25.47786],[-103.35911,25.47787],[-103.35922,25.47706],[-103.36052,25.47617],[-103.36055,25.4741],[-103.35916,25.47399],[-103.35905,25.47507],[-103.35855,25.47507],[-103.35628,25.47351],[-103.35741,25.47145],[-103.3582,25.47127],[-103.35822,25.46992],[-103.35713,25.46991],[-103.35711,25.47108],[-103.35562,25.47097],[-103.3559,25.47278],[-103.3551,25.47277],[-103.35513,25.47088],[-103.35582,25.47089],[-103.35583,25.47016],[-103.35633,25.46981],[-103.35586,25.46836],[-103.35705,25.46837],[-103.35746,25.46711],[-103.35985,25.46705],[-103.35987,25.46551],[-103.35928,25.46506],[-103.35571,25.46484],[-103.35568,25.46646],[-103.35489,25.46645],[-103.35517,25.46772],[-103.35467,25.46771],[-103.35399,25.4668],[-103.35329,25.4667],[-103.35301,25.46589],[-103.3548,25.46582],[-103.35513,25.46356],[-103.35622,25.4634],[-103.35623,25.46295],[-103.35981,25.46317],[-103.35982,25.46226],[-103.36061,25.46227],[-103.3606,25.46336],[-103.36109,25.46345],[-103.36229,25.46346],[-103.3623,25.46265],[-103.3629,25.46266],[-103.36294,25.46636],[-103.36086,25.46643],[-103.36055,25.46679],[-103.36053,25.46805],[-103.36003,25.4684],[-103.36032,25.46949],[-103.36429,25.46972],[-103.36428,25.47035],[-103.36488,25.47035],[-103.36527,25.47108],[-103.36626,25.47109],[-103.36736,25.47074],[-103.36747,25.47029],[-103.36896,25.47049],[-103.36888,25.46895],[-103.36788,25.46894],[-103.36788,25.4694],[-103.36738,25.46939],[-103.36739,25.46885],[-103.36798,25.46885],[-103.36799,25.46849],[-103.37287,25.46755],[-103.37286,25.46855],[-103.37405,25.46865],[-103.37405,25.4691],[-103.37494,25.46938],[-103.37532,25.47029],[-103.37612,25.47057],[-103.37611,25.47102],[-103.37333,25.47063],[-103.37332,25.47153],[-103.37262,25.47152],[-103.37242,25.47206],[-103.37219,25.47414],[-103.37338,25.47433],[-103.37397,25.47506],[-103.37375,25.47605],[-103.37315,25.47622],[-103.37314,25.47704],[-103.37583,25.47662],[-103.37673,25.47681],[-103.3782,25.478],[-103.37649,25.48005],[-103.37647,25.48096],[-103.37805,25.48188],[-103.37774,25.48305],[-103.37704,25.48304],[-103.37419,25.48057],[-103.3733,25.48029],[-103.37301,25.47929],[-103.37202,25.47928],[-103.37173,25.47883],[-103.37043,25.4789],[-103.37032,25.47971],[-103.36962,25.47989],[-103.36921,25.48097],[-103.36862,25.48096],[-103.3677,25.48239],[-103.3667,25.48274],[-103.36762,25.48104],[-103.36842,25.48078],[-103.36893,25.47997],[-103.36894,25.47889],[-103.36677,25.47778],[-103.36639,25.47642],[-103.36421,25.47604],[-103.3632,25.47666],[-103.36319,25.47738],[-103.36148,25.47889],[-103.36147,25.4798],[-103.36217,25.4798],[-103.36255,25.48089],[-103.36105,25.48115],[-103.36104,25.48187],[-103.35886,25.48139],[-103.35888,25.4804],[-103.35819,25.47967],[-103.3559,25.47946],[-103.35589,25.48019],[-103.3554,25.48018],[-103.35541,25.47946],[-103.35322,25.47907],[-103.35279,25.48205],[-103.35448,25.48207],[-103.35449,25.48134],[-103.35588,25.48154],[-103.35587,25.48226],[-103.35775,25.48237],[-103.35774,25.48355],[-103.35913,25.48374],[-103.35952,25.48438],[-103.36001,25.48438],[-103.36001,25.48493],[-103.3607,25.48493],[-103.3607,25.48539],[-103.35931,25.48501],[-103.3592,25.48555],[-103.3568,25.4867],[-103.35669,25.4876],[-103.35609,25.48759],[-103.35563,25.48488],[-103.35404,25.48468],[-103.35395,25.48405],[-103.35326,25.48377],[-103.35207,25.48375],[-103.3507,25.48925],[-103.3495,25.48932],[-103.34922,25.48824]]],[[[-103.23153,25.5441],[-103.23155,25.54257],[-103.23185,25.54212],[-103.23335,25.54195],[-103.23329,25.53943],[-103.22722,25.53935],[-103.2272,25.54044],[-103.22521,25.54086],[-103.22498,25.54267],[-103.22349,25.54274],[-103.22348,25.54337],[-103.22288,25.54336],[-103.2226,25.5421],[-103.2238,25.54202],[-103.22393,25.53995],[-103.22502,25.53996],[-103.22504,25.53879],[-103.22384,25.53877],[-103.22363,25.53958],[-103.22304,25.53957],[-103.22336,25.53777],[-103.22197,25.53785],[-103.22198,25.53712],[-103.22019,25.5371],[-103.22071,25.5353],[-103.21922,25.53546],[-103.21922,25.53492],[-103.21863,25.53483],[-103.21693,25.53508],[-103.21695,25.53426],[-103.21606,25.53362],[-103.21548,25.53235],[-103.2126,25.53195],[-103.21222,25.53105],[-103.21172,25.53104],[-103.21174,25.5296],[-103.20955,25.52939],[-103.20957,25.52867],[-103.21265,25.52879],[-103.21382,25.53034],[-103.21481,25.53036],[-103.21434,25.52863],[-103.21494,25.52864],[-103.21631,25.53019],[-103.21629,25.53128],[-103.21729,25.53147],[-103.21787,25.53229],[-103.21857,25.5323],[-103.21913,25.53465],[-103.22012,25.53466],[-103.21996,25.53231],[-103.21877,25.53221],[-103.21869,25.53049],[-103.2178,25.53039],[-103.21703,25.52822],[-103.21576,25.52721],[-103.21577,25.52649],[-103.21339,25.52555],[-103.21322,25.52375],[-103.21373,25.52312],[-103.21492,25.52313],[-103.21475,25.52115],[-103.21406,25.52105],[-103.21407,25.52024],[-103.21438,25.51907],[-103.21509,25.51862],[-103.21521,25.51727],[-103.21729,25.51775],[-103.21938,25.51759],[-103.22059,25.51652],[-103.22032,25.51471],[-103.22321,25.51457],[-103.22322,25.51349],[-103.22392,25.51313],[-103.22394,25.51232],[-103.22334,25.51231],[-103.22346,25.51105],[-103.22196,25.51112],[-103.22178,25.50986],[-103.22263,25.50662],[-103.22351,25.50717],[-103.22279,25.50924],[-103.22287,25.51041],[-103.22455,25.51097],[-103.22484,25.51188],[-103.22444,25.51188],[-103.22443,25.51269],[-103.22542,25.5127],[-103.2254,25.51396],[-103.22619,25.51424],[-103.22629,25.51479],[-103.22887,25.51491],[-103.22889,25.51364],[-103.22961,25.51212],[-103.23021,25.51204],[-103.23022,25.5114],[-103.23271,25.51098],[-103.23268,25.51324],[-103.23207,25.51368],[-103.23205,25.51531],[-103.23452,25.51615],[-103.23511,25.51679],[-103.2384,25.51665],[-103.23878,25.51737],[-103.23845,25.51972],[-103.23994,25.51983],[-103.24023,25.52055],[-103.24152,25.52057],[-103.24161,25.5212],[-103.2425,25.52184],[-103.24349,25.52185],[-103.24322,25.52014],[-103.2455,25.52043],[-103.24611,25.51954],[-103.24691,25.51955],[-103.247,25.52054],[-103.24578,25.52179],[-103.24379,25.52231],[-103.24227,25.52383],[-103.23988,25.52398],[-103.23938,25.53092],[-103.24147,25.53113],[-103.24145,25.53212],[-103.24254,25.53268],[-103.24253,25.53349],[-103.24679,25.53453],[-103.24769,25.53454],[-103.2483,25.53374],[-103.24889,25.53375],[-103.25029,25.52636],[-103.25109,25.52637],[-103.25118,25.52673],[-103.25298,25.52639],[-103.25387,25.52649],[-103.25397,25.52704],[-103.25606,25.5267],[-103.25615,25.52733],[-103.25695,25.52734],[-103.25694,25.52797],[-103.25803,25.52799],[-103.25804,25.52735],[-103.25864,25.52736],[-103.25832,25.52889],[-103.25692,25.52888],[-103.25691,25.52996],[-103.2593,25.52981],[-103.26029,25.53018],[-103.26105,25.53272],[-103.26363,25.5332],[-103.26362,25.53365],[-103.25964,25.53387],[-103.25904,25.53387],[-103.25895,25.53314],[-103.25746,25.53313],[-103.25676,25.53357],[-103.25694,25.53493],[-103.26529,25.53502],[-103.2653,25.53439],[-103.26649,25.53486],[-103.27206,25.53501],[-103.27205,25.53547],[-103.27006,25.53544],[-103.26896,25.53597],[-103.26895,25.53687],[-103.26805,25.53731],[-103.26843,25.53858],[-103.26793,25.53858],[-103.26794,25.53794],[-103.26735,25.53749],[-103.26655,25.53748],[-103.26607,25.5363],[-103.26229,25.53634],[-103.26228,25.53725],[-103.26118,25.53723],[-103.26118,25.53759],[-103.26028,25.53758],[-103.25997,25.5383],[-103.25878,25.53847],[-103.25785,25.54053],[-103.25705,25.54088],[-103.25595,25.54087],[-103.25597,25.53997],[-103.25468,25.53968],[-103.25469,25.53869],[-103.2528,25.53849],[-103.25272,25.53758],[-103.25162,25.53757],[-103.25151,25.53883],[-103.25061,25.53864],[-103.25062,25.5381],[-103.25112,25.53811],[-103.25084,25.53675],[-103.25015,25.53629],[-103.24846,25.53627],[-103.24854,25.53762],[-103.24624,25.53823],[-103.24612,25.53958],[-103.24404,25.53938],[-103.24234,25.53972],[-103.24233,25.54008],[-103.24074,25.53997],[-103.24013,25.54086],[-103.23904,25.54094],[-103.23813,25.54174],[-103.23763,25.54174],[-103.23764,25.54128],[-103.23564,25.54171],[-103.23535,25.54117],[-103.23396,25.54115],[-103.23351,25.5443],[-103.23311,25.54484],[-103.23241,25.54483],[-103.23153,25.5441]]],[[[-103.27479,25.70531],[-103.27569,25.70469],[-103.2758,25.70397],[-103.27651,25.70361],[-103.27946,25.69932],[-103.27947,25.69841],[-103.27778,25.69812],[-103.27822,25.69551],[-103.28002,25.69526],[-103.28004,25.69364],[-103.27904,25.69362],[-103.27917,25.69137],[-103.27828,25.69109],[-103.2784,25.69001],[-103.27909,25.69001],[-103.2791,25.68929],[-103.2798,25.6893],[-103.27996,25.6921],[-103.28056,25.6922],[-103.28285,25.69204],[-103.28286,25.69114],[-103.28336,25.69115],[-103.28335,25.69178],[-103.28485,25.6918],[-103.28496,25.69071],[-103.28387,25.69052],[-103.28321,25.68762],[-103.28471,25.68773],[-103.2847,25.68836],[-103.28769,25.68831],[-103.28769,25.68795],[-103.28819,25.68795],[-103.28778,25.68885],[-103.28688,25.68884],[-103.28687,25.68992],[-103.28756,25.69047],[-103.29392,25.69154],[-103.30061,25.69018],[-103.30062,25.68981],[-103.30171,25.68983],[-103.30272,25.6893],[-103.30332,25.6893],[-103.3033,25.69048],[-103.30519,25.6905],[-103.30471,25.68905],[-103.30671,25.68907],[-103.30671,25.68871],[-103.3084,25.68936],[-103.30839,25.6899],[-103.31087,25.69029],[-103.31055,25.69228],[-103.30896,25.69181],[-103.30857,25.69126],[-103.30479,25.69086],[-103.2972,25.69212],[-103.29371,25.69217],[-103.2937,25.6928],[-103.2929,25.69288],[-103.2927,25.69333],[-103.2912,25.69332],[-103.29147,25.6953],[-103.28988,25.6952],[-103.28958,25.69555],[-103.28966,25.69691],[-103.28854,25.69825],[-103.28853,25.69897],[-103.28654,25.69886],[-103.28612,25.70057],[-103.28432,25.70055],[-103.28432,25.70091],[-103.28312,25.70107],[-103.28311,25.70171],[-103.28112,25.70177],[-103.2807,25.70303],[-103.27772,25.70255],[-103.2772,25.70371],[-103.27671,25.70371],[-103.27659,25.70452],[-103.27589,25.70487],[-103.27587,25.70604],[-103.27457,25.70666],[-103.27404,25.70873],[-103.27354,25.70873],[-103.27479,25.70531]]],[[[-102.98496,25.77426],[-102.98479,25.77299],[-102.98299,25.77324],[-102.98287,25.77459],[-102.98237,25.77458],[-102.98238,25.77404],[-102.97999,25.77365],[-102.97995,25.77581],[-102.97926,25.7758],[-102.97938,25.77436],[-102.97858,25.77435],[-102.97846,25.76965],[-102.97507,25.7697],[-102.97519,25.76843],[-102.9739,25.76842],[-102.97389,25.76896],[-102.97329,25.76895],[-102.9733,25.76841],[-102.9724,25.76839],[-102.97168,25.76974],[-102.96879,25.76979],[-102.9686,25.76933],[-102.968,25.76933],[-102.96801,25.76851],[-102.96712,25.76823],[-102.96694,25.76742],[-102.96435,25.76729],[-102.96406,25.76656],[-102.96498,25.7654],[-102.9651,25.76396],[-102.96612,25.76244],[-102.96645,25.761],[-102.96725,25.76074],[-102.96747,25.7593],[-102.96698,25.7592],[-102.96699,25.75848],[-102.96779,25.7584],[-102.96788,25.75903],[-102.96877,25.75905],[-102.96928,25.75842],[-102.97028,25.75835],[-102.97039,25.75753],[-102.97288,25.75766],[-102.9734,25.75658],[-102.974,25.75659],[-102.97354,25.75433],[-102.97194,25.75458],[-102.97175,25.75394],[-102.97075,25.75393],[-102.97057,25.75302],[-102.97298,25.75215],[-102.9735,25.7509],[-102.9742,25.75091],[-102.97417,25.75253],[-102.97476,25.75281],[-102.97586,25.75274],[-102.97688,25.75149],[-102.97818,25.75123],[-102.97828,25.74501],[-102.98347,25.74472],[-102.98345,25.74562],[-102.98435,25.74563],[-102.98486,25.74528],[-102.98487,25.74447],[-102.98427,25.74446],[-102.98343,25.74111],[-102.98603,25.74087],[-102.98732,25.74116],[-102.98731,25.7417],[-102.98621,25.74169],[-102.9862,25.74241],[-102.98431,25.74211],[-102.9843,25.74292],[-102.98459,25.74329],[-102.98569,25.7433],[-102.98568,25.74367],[-102.98788,25.74333],[-102.98795,25.74523],[-102.98873,25.74624],[-102.9887,25.74777],[-102.99009,25.74788],[-102.99022,25.74653],[-102.9942,25.74649],[-102.99406,25.74938],[-102.99505,25.74957],[-102.99472,25.75137],[-102.99791,25.75133],[-102.99864,25.74962],[-103.00003,25.74982],[-103.00183,25.74921],[-103.00181,25.75084],[-103.00429,25.75114],[-103.00367,25.75249],[-103.00208,25.75247],[-103.00206,25.75328],[-103.00335,25.75366],[-103.00314,25.75438],[-103.00264,25.75446],[-103.00262,25.75554],[-103.00511,25.75567],[-103.00563,25.7545],[-103.00653,25.75433],[-103.0062,25.7565],[-103.005,25.75657],[-103.00499,25.75738],[-103.00678,25.75741],[-103.00679,25.75668],[-103.00759,25.7566],[-103.00771,25.75552],[-103.00831,25.75544],[-103.00834,25.75382],[-103.00694,25.7538],[-103.00716,25.75227],[-103.00865,25.75283],[-103.00902,25.75455],[-103.00881,25.75527],[-103.00841,25.75526],[-103.00839,25.75625],[-103.01278,25.75613],[-103.01297,25.75677],[-103.01397,25.75678],[-103.01396,25.75741],[-103.00936,25.75807],[-103.00637,25.75803],[-103.00615,25.75902],[-103.00516,25.75883],[-103.00518,25.75765],[-103.00389,25.75764],[-103.00239,25.75789],[-103.00237,25.75888],[-103.00037,25.75894],[-102.99993,25.76164],[-103.00063,25.76174],[-103.00061,25.76247],[-102.99982,25.76246],[-102.9997,25.76354],[-102.9992,25.76353],[-102.99922,25.76236],[-102.99832,25.76234],[-102.9977,25.76396],[-102.9969,25.76422],[-102.99678,25.76512],[-102.99556,25.76691],[-102.99336,25.76688],[-102.99328,25.76589],[-102.99179,25.76578],[-102.99138,25.76631],[-102.99145,25.76794],[-102.98996,25.76774],[-102.98915,25.76836],[-102.98913,25.76953],[-102.99023,25.76954],[-102.99021,25.77036],[-102.99191,25.77002],[-102.9922,25.77056],[-102.9933,25.77076],[-102.99319,25.77148],[-102.99269,25.77147],[-102.9927,25.77075],[-102.99081,25.77073],[-102.99009,25.77153],[-102.9893,25.77152],[-102.98986,25.7736],[-102.99155,25.77372],[-102.99154,25.77453],[-102.99004,25.77496],[-102.98996,25.77387],[-102.98637,25.77391],[-102.98636,25.77428],[-102.98486,25.77434],[-102.98484,25.77588],[-102.98404,25.77587],[-102.98397,25.77424],[-102.98496,25.77426]]],[[[-103.27248,25.78933],[-103.27249,25.78825],[-103.2713,25.78787],[-103.27163,25.7858],[-103.27013,25.78605],[-103.27026,25.78434],[-103.26946,25.78433],[-103.26822,25.78016],[-103.26653,25.78014],[-103.26642,25.78077],[-103.26471,25.78147],[-103.2636,25.78254],[-103.26221,25.78217],[-103.2622,25.78325],[-103.2614,25.78333],[-103.26141,25.78279],[-103.262,25.78279],[-103.26203,25.78126],[-103.26053,25.78124],[-103.26052,25.78169],[-103.26003,25.78169],[-103.25995,25.78024],[-103.25895,25.78023],[-103.25768,25.77823],[-103.25629,25.77821],[-103.25681,25.77668],[-103.25612,25.77613],[-103.25564,25.77477],[-103.25844,25.77445],[-103.25885,25.77346],[-103.26014,25.77375],[-103.26013,25.77429],[-103.26143,25.77421],[-103.26096,25.77222],[-103.25837,25.77219],[-103.25839,25.77093],[-103.25789,25.77056],[-103.257,25.77055],[-103.25698,25.7719],[-103.25648,25.7719],[-103.25651,25.76991],[-103.25711,25.76992],[-103.25721,25.76938],[-103.26021,25.76932],[-103.26021,25.76869],[-103.26161,25.76898],[-103.26162,25.76808],[-103.26063,25.7677],[-103.26025,25.76607],[-103.26026,25.76535],[-103.26136,25.76536],[-103.26138,25.7641],[-103.26048,25.76409],[-103.26038,25.76454],[-103.25937,25.7648],[-103.25798,25.7646],[-103.25797,25.76505],[-103.25608,25.76539],[-103.25596,25.76629],[-103.25467,25.76628],[-103.25439,25.76447],[-103.2525,25.76436],[-103.25251,25.76381],[-103.25201,25.76381],[-103.25203,25.76272],[-103.25163,25.76272],[-103.25164,25.76227],[-103.25213,25.76227],[-103.25213,25.76282],[-103.25312,25.76283],[-103.25344,25.76139],[-103.25145,25.76136],[-103.25106,25.76073],[-103.25435,25.7605],[-103.25454,25.76131],[-103.25391,25.76329],[-103.25501,25.7633],[-103.25571,25.76322],[-103.25594,25.76088],[-103.26033,25.76075],[-103.26033,25.76111],[-103.2662,25.76127],[-103.26634,25.75901],[-103.26913,25.75878],[-103.26932,25.75932],[-103.26862,25.7594],[-103.26831,25.7603],[-103.26771,25.76029],[-103.2677,25.7612],[-103.2693,25.76122],[-103.26961,25.76041],[-103.27071,25.76024],[-103.27319,25.76072],[-103.27338,25.76154],[-103.27438,25.76155],[-103.27415,25.76371],[-103.27594,25.76373],[-103.27734,25.76357],[-103.27736,25.76203],[-103.27606,25.76202],[-103.27607,25.76157],[-103.27836,25.76159],[-103.27829,25.76006],[-103.2767,25.75941],[-103.27691,25.75833],[-103.27901,25.75844],[-103.279,25.75889],[-103.2798,25.7589],[-103.27979,25.75935],[-103.2783,25.75916],[-103.27829,25.75997],[-103.27888,25.75998],[-103.27936,25.76124],[-103.28046,25.76126],[-103.28067,25.76045],[-103.28427,25.76013],[-103.28438,25.75932],[-103.28548,25.75888],[-103.28569,25.75816],[-103.28679,25.7579],[-103.28678,25.75853],[-103.28507,25.75978],[-103.28333,25.76247],[-103.28332,25.76355],[-103.28421,25.7641],[-103.2842,25.765],[-103.2838,25.765],[-103.28369,25.76572],[-103.28249,25.76571],[-103.28248,25.76652],[-103.28288,25.76652],[-103.28246,25.76805],[-103.28066,25.76794],[-103.27995,25.76883],[-103.28033,25.77037],[-103.28142,25.77084],[-103.28312,25.77068],[-103.2837,25.77177],[-103.28579,25.7717],[-103.2863,25.7709],[-103.2873,25.771],[-103.28728,25.77217],[-103.28589,25.77215],[-103.28556,25.77405],[-103.28476,25.77404],[-103.28292,25.77763],[-103.2817,25.77879],[-103.2817,25.77933],[-103.2809,25.7795],[-103.28077,25.78148],[-103.28386,25.78125],[-103.28415,25.78197],[-103.28266,25.78196],[-103.28261,25.78494],[-103.28112,25.78474],[-103.28114,25.78338],[-103.28004,25.78337],[-103.27973,25.78463],[-103.27833,25.7847],[-103.27797,25.78849],[-103.27628,25.78829],[-103.27636,25.78965],[-103.27596,25.78973],[-103.27554,25.79108],[-103.27375,25.79115],[-103.27376,25.79061],[-103.27306,25.79033],[-103.27248,25.78933]]],[[[-103.11105,25.7885],[-103.11107,25.78768],[-103.11177,25.78742],[-103.11192,25.78426],[-103.11262,25.78427],[-103.11263,25.78319],[-103.11204,25.78309],[-103.11197,25.7812],[-103.11137,25.78119],[-103.11098,25.78055],[-103.11008,25.78054],[-103.1095,25.77945],[-103.10782,25.77898],[-103.10782,25.77852],[-103.10842,25.77853],[-103.10843,25.77772],[-103.10914,25.77746],[-103.10914,25.77701],[-103.10994,25.77702],[-103.11035,25.77612],[-103.11155,25.77613],[-103.11157,25.77478],[-103.11297,25.7748],[-103.11365,25.77553],[-103.11455,25.77554],[-103.11814,25.77541],[-103.11835,25.7746],[-103.11914,25.77515],[-103.12094,25.77463],[-103.12122,25.77617],[-103.12252,25.77619],[-103.12273,25.77538],[-103.12343,25.77539],[-103.12353,25.77494],[-103.12662,25.77516],[-103.12681,25.7757],[-103.1278,25.77598],[-103.12789,25.77671],[-103.12719,25.7767],[-103.12698,25.77769],[-103.12617,25.77813],[-103.12625,25.77948],[-103.12416,25.77937],[-103.12194,25.78078],[-103.12075,25.78095],[-103.12053,25.78185],[-103.11671,25.78369],[-103.1159,25.78495],[-103.11635,25.78757],[-103.11496,25.78737],[-103.11486,25.78773],[-103.11366,25.78781],[-103.11365,25.78844],[-103.11125,25.78886],[-103.11104,25.7894],[-103.11044,25.78939],[-103.10996,25.78848],[-103.11105,25.7885]]]]}},{"type":"Feature","properties":{"k":"loc","n":"Tlahualilo de Zaragoza","p":0},"geometry":{"type":"Point","coordinates":[-103.44251,26.11163]}},{"type":"Feature","properties":{"k":"loc","n":"Bermejillo","p":0},"geometry":{"type":"Point","coordinates":[-103.61952,25.88981]}},{"type":"Feature","properties":{"k":"loc","n":"Ejido San Rafael de Arriba","p":1556},"geometry":{"type":"Point","coordinates":[-103.13264,25.87998]}},{"type":"Feature","properties":{"k":"loc","n":"Viesca","p":3522},"geometry":{"type":"Point","coordinates":[-102.80464,25.34069]}},{"type":"Feature","properties":{"k":"loc","n":"Santo Niño Aguanaval","p":2487},"geometry":{"type":"Point","coordinates":[-103.2785,25.43162]}},{"type":"Feature","properties":{"k":"loc","n":"Nazareno","p":8378},"geometry":{"type":"Point","coordinates":[-103.42053,25.39951]}},{"type":"Feature","properties":{"k":"loc","n":"Boquilla de las Perlas","p":1705},"geometry":{"type":"Point","coordinates":[-103.28907,25.32787]}},{"type":"Feature","properties":{"k":"loc","n":"León Guzmán","p":3862},"geometry":{"type":"Point","coordinates":[-103.65983,25.49986]}},{"type":"Feature","properties":{"k":"loc","n":"Villa de Guadalupe","p":2376},"geometry":{"type":"Point","coordinates":[-103.48861,25.51483]}},{"type":"Feature","properties":{"k":"loc","n":"Carlos Real (San Carlos)","p":3021},"geometry":{"type":"Point","coordinates":[-103.51995,25.5059]}},{"type":"Feature","properties":{"k":"loc","n":"Juárez","p":7643},"geometry":{"type":"Point","coordinates":[-103.59203,25.4921]}},{"type":"Feature","properties":{"k":"loc","n":"San Jacinto","p":1661},"geometry":{"type":"Point","coordinates":[-103.73828,25.48039]}},{"type":"Feature","properties":{"k":"loc","n":"La Loma","p":4229},"geometry":{"type":"Point","coordinates":[-103.67281,25.46385]}},{"type":"Feature","properties":{"k":"loc","n":"Hidalgo","p":4351},"geometry":{"type":"Point","coordinates":[-103.13864,25.49066]}},{"type":"Feature","properties":{"k":"loc","n":"La Perla","p":1591},"geometry":{"type":"Point","coordinates":[-103.35113,25.49681]}},{"type":"Feature","properties":{"k":"loc","n":"Torreón","p":690193},"geometry":{"type":"Point","coordinates":[-103.41051,25.5427]}},{"type":"Feature","properties":{"k":"loc","n":"Matamoros","p":118337},"geometry":{"type":"Point","coordinates":[-103.232,25.52929]}},{"type":"Feature","properties":{"k":"loc","n":"La Partida","p":4222},"geometry":{"type":"Point","coordinates":[-103.30091,25.58974]}},{"type":"Feature","properties":{"k":"loc","n":"Santa Fé","p":2057},"geometry":{"type":"Point","coordinates":[-103.33199,25.56704]}},{"type":"Feature","properties":{"k":"loc","n":"Gómez Palacio","p":301742},"geometry":{"type":"Point","coordinates":[-103.49478,25.57325]}},{"type":"Feature","properties":{"k":"loc","n":"Ciudad Lerdo","p":96243},"geometry":{"type":"Point","coordinates":[-103.52525,25.53664]}},{"type":"Feature","properties":{"k":"loc","n":"El Huarache","p":2709},"geometry":{"type":"Point","coordinates":[-103.48848,25.52144]}},{"type":"Feature","properties":{"k":"loc","n":"Los Ángeles","p":1616},"geometry":{"type":"Point","coordinates":[-103.56778,25.52139]}},{"type":"Feature","properties":{"k":"loc","n":"Pastor Rouaix","p":2696},"geometry":{"type":"Point","coordinates":[-103.50898,25.68127]}},{"type":"Feature","properties":{"k":"loc","n":"La Popular","p":3406},"geometry":{"type":"Point","coordinates":[-103.46571,25.6792]}},{"type":"Feature","properties":{"k":"loc","n":"Albia","p":1694},"geometry":{"type":"Point","coordinates":[-103.36247,25.66523]}},{"type":"Feature","properties":{"k":"loc","n":"Solima","p":1602},"geometry":{"type":"Point","coordinates":[-103.27533,25.66288]}},{"type":"Feature","properties":{"k":"loc","n":"Purísima","p":1771},"geometry":{"type":"Point","coordinates":[-103.32081,25.67938]}},{"type":"Feature","properties":{"k":"loc","n":"San Antonio del Coyote","p":9213},"geometry":{"type":"Point","coordinates":[-103.2853,25.69488]}},{"type":"Feature","properties":{"k":"loc","n":"San Felipe","p":4552},"geometry":{"type":"Point","coordinates":[-103.38272,25.6927]}},{"type":"Feature","properties":{"k":"loc","n":"Hormiguero","p":2069},"geometry":{"type":"Point","coordinates":[-103.3418,25.68376]}},{"type":"Feature","properties":{"k":"loc","n":"La Flor","p":1593},"geometry":{"type":"Point","coordinates":[-103.36709,25.68342]}},{"type":"Feature","properties":{"k":"loc","n":"Santa Cruz Luján","p":1585},"geometry":{"type":"Point","coordinates":[-103.35823,25.72396]}},{"type":"Feature","properties":{"k":"loc","n":"La Luz","p":2432},"geometry":{"type":"Point","coordinates":[-103.24499,25.72619]}},{"type":"Feature","properties":{"k":"loc","n":"Ejido San Lorenzo","p":1593},"geometry":{"type":"Point","coordinates":[-103.15281,25.72254]}},{"type":"Feature","properties":{"k":"loc","n":"San José de Viñedo","p":1984},"geometry":{"type":"Point","coordinates":[-103.402,25.64886]}},{"type":"Feature","properties":{"k":"loc","n":"El Cambio","p":3773},"geometry":{"type":"Point","coordinates":[-103.32775,25.63971]}},{"type":"Feature","properties":{"k":"loc","n":"La Concha","p":3794},"geometry":{"type":"Point","coordinates":[-103.38042,25.63539]}},{"type":"Feature","properties":{"k":"loc","n":"El Perú","p":1836},"geometry":{"type":"Point","coordinates":[-103.34447,25.60274]}},{"type":"Feature","properties":{"k":"loc","n":"La Paz","p":2485},"geometry":{"type":"Point","coordinates":[-103.35792,25.59328]}},{"type":"Feature","properties":{"k":"loc","n":"Ejido Mayrán","p":1507},"geometry":{"type":"Point","coordinates":[-102.84342,25.67279]}},{"type":"Feature","properties":{"k":"loc","n":"Huitrón","p":1511},"geometry":{"type":"Point","coordinates":[-103.3489,25.85784]}},{"type":"Feature","properties":{"k":"loc","n":"Ejido Lequeitio","p":1914},"geometry":{"type":"Point","coordinates":[-103.27868,25.84648]}},{"type":"Feature","properties":{"k":"loc","n":"Hidalgo","p":2779},"geometry":{"type":"Point","coordinates":[-103.28251,25.81686]}},{"type":"Feature","properties":{"k":"loc","n":"Ejido El Retiro","p":1806},"geometry":{"type":"Point","coordinates":[-103.1301,25.82807]}},{"type":"Feature","properties":{"k":"loc","n":"Concordia (La Rosita)","p":7972},"geometry":{"type":"Point","coordinates":[-103.11518,25.77977]}},{"type":"Feature","properties":{"k":"loc","n":"San Pedro de las Colonias","p":48746},"geometry":{"type":"Point","coordinates":[-102.98407,25.75899]}},{"type":"Feature","properties":{"k":"loc","n":"Ejido San Ignacio","p":2062},"geometry":{"type":"Point","coordinates":[-103.09122,25.73636]}},{"type":"Feature","properties":{"k":"loc","n":"La Florida","p":1782},"geometry":{"type":"Point","coordinates":[-103.3245,25.76845]}},{"type":"Feature","properties":{"k":"loc","n":"Ejido Venecia","p":1861},"geometry":{"type":"Point","coordinates":[-103.35319,25.7792]}},{"type":"Feature","properties":{"k":"loc","n":"El Porvenir de Arriba","p":1672},"geometry":{"type":"Point","coordinates":[-103.32398,25.77725]}},{"type":"Feature","properties":{"k":"loc","n":"Francisco I. Madero (Chávez)","p":26632},"geometry":{"type":"Point","coordinates":[-103.27139,25.77335]}},{"type":"Feature","properties":{"k":"loc","n":"Pueblo Luchana","p":2708},"geometry":{"type":"Point","coordinates":[-103.19245,25.79089]}},{"type":"Feature","properties":{"k":"loc","n":"Mapimí","p":0},"geometry":{"type":"Point","coordinates":[-103.84802,25.83374]}}]}