{"type":"FeatureCollection","features":[{"type":"Feature","properties":{"capa":"san_atarjea","nombre":"Cedro","d":20},"geometry":{"type":"LineString","coordinates":[[-103.36482,25.558324],[-103.357645,25.562233]]}},{"type":"Feature","properties":{"capa":"san_atarjea","nombre":"Encino","d":20},"geometry":{"type":"LineString","coordinates":[[-103.366033,25.558327],[-103.357627,25.562908]]}},{"type":"Feature","properties":{"capa":"san_atarjea","nombre":"Fresno","d":20},"geometry":{"type":"LineString","coordinates":[[-103.367223,25.558331],[-103.357608,25.563569]]}},{"type":"Feature","properties":{"capa":"san_atarjea","nombre":"Laurel","d":20},"geometry":{"type":"LineString","coordinates":[[-103.368284,25.558411],[-103.35759,25.564239]]}},{"type":"Feature","properties":{"capa":"san_atarjea","nombre":"Olmo","d":20},"geometry":{"type":"LineString","coordinates":[[-103.368987,25.559501],[-103.357964,25.565507]]}},{"type":"Feature","properties":{"capa":"san_atarjea","nombre":"Olmo (punta)","d":20},"geometry":{"type":"LineString","coordinates":[[-103.357718,25.565641],[-103.357964,25.565507]]}},{"type":"Feature","properties":{"capa":"san_atarjea","nombre":"Pino","d":20},"geometry":{"type":"LineString","coordinates":[[-103.369192,25.560059],[-103.35829,25.565999]]}},{"type":"Feature","properties":{"capa":"san_atarjea","nombre":"Roble (poniente)","d":20},"geometry":{"type":"LineString","coordinates":[[-103.369397,25.560617],[-103.361346,25.565004]]}},{"type":"Feature","properties":{"capa":"san_atarjea","nombre":"Roble (oriente)","d":20},"geometry":{"type":"LineString","coordinates":[[-103.360952,25.565219],[-103.361346,25.565004]]}},{"type":"Feature","properties":{"capa":"san_atarjea","nombre":"Enlace Perico","d":20},"geometry":{"type":"LineString","coordinates":[[-103.361346,25.565004],[-103.36102,25.564512]]}},{"type":"Feature","properties":{"capa":"san_atarjea","nombre":"Bulevar Nogal (sur)","d":20},"geometry":{"type":"LineString","coordinates":[[-103.368733,25.55885],[-103.357599,25.564916]]}},{"type":"Feature","properties":{"capa":"san_atarjea","nombre":"Bulevar Nogal (norte)","d":20},"geometry":{"type":"LineString","coordinates":[[-103.368797,25.558948],[-103.357664,25.565014]]}},{"type":"Feature","properties":{"capa":"san_colector","nombre":"Colector oriente","d":38},"geometry":{"type":"LineString","coordinates":[[-103.35762,25.562233],[-103.357602,25.562907],[-103.357583,25.563569],[-103.357565,25.564238],[-103.3576,25.564916],[-103.35758,25.564927],[-103.357645,25.565025],[-103.357964,25.565507],[-103.358064,25.565658]]}},{"type":"Feature","properties":{"capa":"san_colector","nombre":"Colector Tórtola norte","d":38},"geometry":{"type":"LineString","coordinates":[[-103.35829,25.565999],[-103.358064,25.565658]]}},{"type":"Feature","properties":{"capa":"san_colector","nombre":"Colector Tórtola norte","d":38},"geometry":{"type":"LineString","coordinates":[[-103.358616,25.566491],[-103.358064,25.565658]]}},{"type":"Feature","properties":{"capa":"san_pozo"},"geometry":{"type":"Point","coordinates":[-103.36482,25.558324]}},{"type":"Feature","properties":{"capa":"san_pozo"},"geometry":{"type":"Point","coordinates":[-103.364022,25.558759]}},{"type":"Feature","properties":{"capa":"san_pozo"},"geometry":{"type":"Point","coordinates":[-103.363225,25.559193]}},{"type":"Feature","properties":{"capa":"san_pozo"},"geometry":{"type":"Point","coordinates":[-103.362428,25.559627]}},{"type":"Feature","properties":{"capa":"san_pozo"},"geometry":{"type":"Point","coordinates":[-103.361631,25.560062]}},{"type":"Feature","properties":{"capa":"san_pozo"},"geometry":{"type":"Point","coordinates":[-103.360834,25.560496]}},{"type":"Feature","properties":{"capa":"san_pozo"},"geometry":{"type":"Point","coordinates":[-103.360037,25.56093]}},{"type":"Feature","properties":{"capa":"san_pozo"},"geometry":{"type":"Point","coordinates":[-103.35924,25.561365]}},{"type":"Feature","properties":{"capa":"san_pozo"},"geometry":{"type":"Point","coordinates":[-103.358442,25.561799]}},{"type":"Feature","properties":{"capa":"san_pozo"},"geometry":{"type":"Point","coordinates":[-103.357645,25.562233]}},{"type":"Feature","properties":{"capa":"san_pozo"},"geometry":{"type":"Point","coordinates":[-103.364349,25.558581]}},{"type":"Feature","properties":{"capa":"san_pozo"},"geometry":{"type":"Point","coordinates":[-103.363001,25.559315]}},{"type":"Feature","properties":{"capa":"san_pozo"},"geometry":{"type":"Point","coordinates":[-103.36033,25.56077]}},{"type":"Feature","properties":{"capa":"san_pozo"},"geometry":{"type":"Point","coordinates":[-103.359017,25.561486]}},{"type":"Feature","properties":{"capa":"san_pozo"},"geometry":{"type":"Point","coordinates":[-103.366033,25.558327]}},{"type":"Feature","properties":{"capa":"san_pozo"},"geometry":{"type":"Point","coordinates":[-103.365193,25.558786]}},{"type":"Feature","properties":{"capa":"san_pozo"},"geometry":{"type":"Point","coordinates":[-103.364352,25.559244]}},{"type":"Feature","properties":{"capa":"san_pozo"},"geometry":{"type":"Point","coordinates":[-103.363511,25.559702]}},{"type":"Feature","properties":{"capa":"san_pozo"},"geometry":{"type":"Point","coordinates":[-103.362671,25.56016]}},{"type":"Feature","properties":{"capa":"san_pozo"},"geometry":{"type":"Point","coordinates":[-103.36183,25.560618]}},{"type":"Feature","properties":{"capa":"san_pozo"},"geometry":{"type":"Point","coordinates":[-103.360989,25.561076]}},{"type":"Feature","properties":{"capa":"san_pozo"},"geometry":{"type":"Point","coordinates":[-103.360149,25.561534]}},{"type":"Feature","properties":{"capa":"san_pozo"},"geometry":{"type":"Point","coordinates":[-103.359308,25.561992]}},{"type":"Feature","properties":{"capa":"san_pozo"},"geometry":{"type":"Point","coordinates":[-103.358467,25.56245]}},{"type":"Feature","properties":{"capa":"san_pozo"},"geometry":{"type":"Point","coordinates":[-103.357627,25.562908]}},{"type":"Feature","properties":{"capa":"san_pozo"},"geometry":{"type":"Point","coordinates":[-103.364672,25.559069]}},{"type":"Feature","properties":{"capa":"san_pozo"},"geometry":{"type":"Point","coordinates":[-103.363324,25.559804]}},{"type":"Feature","properties":{"capa":"san_pozo"},"geometry":{"type":"Point","coordinates":[-103.361959,25.560547]}},{"type":"Feature","properties":{"capa":"san_pozo"},"geometry":{"type":"Point","coordinates":[-103.360654,25.561259]}},{"type":"Feature","properties":{"capa":"san_pozo"},"geometry":{"type":"Point","coordinates":[-103.357915,25.562751]}},{"type":"Feature","properties":{"capa":"san_pozo"},"geometry":{"type":"Point","coordinates":[-103.367223,25.558331]}},{"type":"Feature","properties":{"capa":"san_pozo"},"geometry":{"type":"Point","coordinates":[-103.366422,25.558767]}},{"type":"Feature","properties":{"capa":"san_pozo"},"geometry":{"type":"Point","coordinates":[-103.36562,25.559204]}},{"type":"Feature","properties":{"capa":"san_pozo"},"geometry":{"type":"Point","coordinates":[-103.364819,25.55964]}},{"type":"Feature","properties":{"capa":"san_pozo"},"geometry":{"type":"Point","coordinates":[-103.364018,25.560077]}},{"type":"Feature","properties":{"capa":"san_pozo"},"geometry":{"type":"Point","coordinates":[-103.363217,25.560513]}},{"type":"Feature","properties":{"capa":"san_pozo"},"geometry":{"type":"Point","coordinates":[-103.362416,25.56095]}},{"type":"Feature","properties":{"capa":"san_pozo"},"geometry":{"type":"Point","coordinates":[-103.361614,25.561387]}},{"type":"Feature","properties":{"capa":"san_pozo"},"geometry":{"type":"Point","coordinates":[-103.360813,25.561823]}},{"type":"Feature","properties":{"capa":"san_pozo"},"geometry":{"type":"Point","coordinates":[-103.360012,25.56226]}},{"type":"Feature","properties":{"capa":"san_pozo"},"geometry":{"type":"Point","coordinates":[-103.359211,25.562696]}},{"type":"Feature","properties":{"capa":"san_pozo"},"geometry":{"type":"Point","coordinates":[-103.35841,25.563133]}},{"type":"Feature","properties":{"capa":"san_pozo"},"geometry":{"type":"Point","coordinates":[-103.357608,25.563569]}},{"type":"Feature","properties":{"capa":"san_pozo"},"geometry":{"type":"Point","coordinates":[-103.364989,25.559548]}},{"type":"Feature","properties":{"capa":"san_pozo"},"geometry":{"type":"Point","coordinates":[-103.363641,25.560282]}},{"type":"Feature","properties":{"capa":"san_pozo"},"geometry":{"type":"Point","coordinates":[-103.362276,25.561026]}},{"type":"Feature","properties":{"capa":"san_pozo"},"geometry":{"type":"Point","coordinates":[-103.360971,25.561737]}},{"type":"Feature","properties":{"capa":"san_pozo"},"geometry":{"type":"Point","coordinates":[-103.359657,25.562453]}},{"type":"Feature","properties":{"capa":"san_pozo"},"geometry":{"type":"Point","coordinates":[-103.358232,25.563229]}},{"type":"Feature","properties":{"capa":"san_pozo"},"geometry":{"type":"Point","coordinates":[-103.368284,25.558411]}},{"type":"Feature","properties":{"capa":"san_pozo"},"geometry":{"type":"Point","coordinates":[-103.367462,25.55886]}},{"type":"Feature","properties":{"capa":"san_pozo"},"geometry":{"type":"Point","coordinates":[-103.366639,25.559308]}},{"type":"Feature","properties":{"capa":"san_pozo"},"geometry":{"type":"Point","coordinates":[-103.365816,25.559756]}},{"type":"Feature","properties":{"capa":"san_pozo"},"geometry":{"type":"Point","coordinates":[-103.364994,25.560205]}},{"type":"Feature","properties":{"capa":"san_pozo"},"geometry":{"type":"Point","coordinates":[-103.364171,25.560653]}},{"type":"Feature","properties":{"capa":"san_pozo"},"geometry":{"type":"Point","coordinates":[-103.363348,25.561101]}},{"type":"Feature","properties":{"capa":"san_pozo"},"geometry":{"type":"Point","coordinates":[-103.362526,25.561549]}},{"type":"Feature","properties":{"capa":"san_pozo"},"geometry":{"type":"Point","coordinates":[-103.361703,25.561998]}},{"type":"Feature","properties":{"capa":"san_pozo"},"geometry":{"type":"Point","coordinates":[-103.36088,25.562446]}},{"type":"Feature","properties":{"capa":"san_pozo"},"geometry":{"type":"Point","coordinates":[-103.360058,25.562894]}},{"type":"Feature","properties":{"capa":"san_pozo"},"geometry":{"type":"Point","coordinates":[-103.359235,25.563342]}},{"type":"Feature","properties":{"capa":"san_pozo"},"geometry":{"type":"Point","coordinates":[-103.358412,25.56379]}},{"type":"Feature","properties":{"capa":"san_pozo"},"geometry":{"type":"Point","coordinates":[-103.35759,25.564239]}},{"type":"Feature","properties":{"capa":"san_pozo"},"geometry":{"type":"Point","coordinates":[-103.368116,25.558503]}},{"type":"Feature","properties":{"capa":"san_pozo"},"geometry":{"type":"Point","coordinates":[-103.36531,25.560032]}},{"type":"Feature","properties":{"capa":"san_pozo"},"geometry":{"type":"Point","coordinates":[-103.363962,25.560767]}},{"type":"Feature","properties":{"capa":"san_pozo"},"geometry":{"type":"Point","coordinates":[-103.361292,25.562222]}},{"type":"Feature","properties":{"capa":"san_pozo"},"geometry":{"type":"Point","coordinates":[-103.358553,25.563714]}},{"type":"Feature","properties":{"capa":"san_pozo"},"geometry":{"type":"Point","coordinates":[-103.368987,25.559501]}},{"type":"Feature","properties":{"capa":"san_pozo"},"geometry":{"type":"Point","coordinates":[-103.368139,25.559963]}},{"type":"Feature","properties":{"capa":"san_pozo"},"geometry":{"type":"Point","coordinates":[-103.367291,25.560425]}},{"type":"Feature","properties":{"capa":"san_pozo"},"geometry":{"type":"Point","coordinates":[-103.366443,25.560887]}},{"type":"Feature","properties":{"capa":"san_pozo"},"geometry":{"type":"Point","coordinates":[-103.365595,25.561349]}},{"type":"Feature","properties":{"capa":"san_pozo"},"geometry":{"type":"Point","coordinates":[-103.364747,25.561811]}},{"type":"Feature","properties":{"capa":"san_pozo"},"geometry":{"type":"Point","coordinates":[-103.363899,25.562273]}},{"type":"Feature","properties":{"capa":"san_pozo"},"geometry":{"type":"Point","coordinates":[-103.363052,25.562735]}},{"type":"Feature","properties":{"capa":"san_pozo"},"geometry":{"type":"Point","coordinates":[-103.362204,25.563197]}},{"type":"Feature","properties":{"capa":"san_pozo"},"geometry":{"type":"Point","coordinates":[-103.361356,25.563659]}},{"type":"Feature","properties":{"capa":"san_pozo"},"geometry":{"type":"Point","coordinates":[-103.360508,25.564121]}},{"type":"Feature","properties":{"capa":"san_pozo"},"geometry":{"type":"Point","coordinates":[-103.35966,25.564583]}},{"type":"Feature","properties":{"capa":"san_pozo"},"geometry":{"type":"Point","coordinates":[-103.358812,25.565045]}},{"type":"Feature","properties":{"capa":"san_pozo"},"geometry":{"type":"Point","coordinates":[-103.357964,25.565507]}},{"type":"Feature","properties":{"capa":"san_pozo"},"geometry":{"type":"Point","coordinates":[-103.368833,25.559585]}},{"type":"Feature","properties":{"capa":"san_pozo"},"geometry":{"type":"Point","coordinates":[-103.367443,25.560343]}},{"type":"Feature","properties":{"capa":"san_pozo"},"geometry":{"type":"Point","coordinates":[-103.366026,25.561114]}},{"type":"Feature","properties":{"capa":"san_pozo"},"geometry":{"type":"Point","coordinates":[-103.363313,25.562593]}},{"type":"Feature","properties":{"capa":"san_pozo"},"geometry":{"type":"Point","coordinates":[-103.362008,25.563304]}},{"type":"Feature","properties":{"capa":"san_pozo"},"geometry":{"type":"Point","coordinates":[-103.360694,25.56402]}},{"type":"Feature","properties":{"capa":"san_pozo"},"geometry":{"type":"Point","coordinates":[-103.359269,25.564796]}},{"type":"Feature","properties":{"capa":"san_pozo"},"geometry":{"type":"Point","coordinates":[-103.357718,25.565641]}},{"type":"Feature","properties":{"capa":"san_pozo"},"geometry":{"type":"Point","coordinates":[-103.369192,25.560059]}},{"type":"Feature","properties":{"capa":"san_pozo"},"geometry":{"type":"Point","coordinates":[-103.368353,25.560516]}},{"type":"Feature","properties":{"capa":"san_pozo"},"geometry":{"type":"Point","coordinates":[-103.367515,25.560973]}},{"type":"Feature","properties":{"capa":"san_pozo"},"geometry":{"type":"Point","coordinates":[-103.366676,25.56143]}},{"type":"Feature","properties":{"capa":"san_pozo"},"geometry":{"type":"Point","coordinates":[-103.365838,25.561887]}},{"type":"Feature","properties":{"capa":"san_pozo"},"geometry":{"type":"Point","coordinates":[-103.364999,25.562344]}},{"type":"Feature","properties":{"capa":"san_pozo"},"geometry":{"type":"Point","coordinates":[-103.36416,25.562801]}},{"type":"Feature","properties":{"capa":"san_pozo"},"geometry":{"type":"Point","coordinates":[-103.363322,25.563258]}},{"type":"Feature","properties":{"capa":"san_pozo"},"geometry":{"type":"Point","coordinates":[-103.362483,25.563715]}},{"type":"Feature","properties":{"capa":"san_pozo"},"geometry":{"type":"Point","coordinates":[-103.361645,25.564172]}},{"type":"Feature","properties":{"capa":"san_pozo"},"geometry":{"type":"Point","coordinates":[-103.360806,25.564629]}},{"type":"Feature","properties":{"capa":"san_pozo"},"geometry":{"type":"Point","coordinates":[-103.359967,25.565085]}},{"type":"Feature","properties":{"capa":"san_pozo"},"geometry":{"type":"Point","coordinates":[-103.359129,25.565542]}},{"type":"Feature","properties":{"capa":"san_pozo"},"geometry":{"type":"Point","coordinates":[-103.35829,25.565999]}},{"type":"Feature","properties":{"capa":"san_pozo"},"geometry":{"type":"Point","coordinates":[-103.367768,25.560835]}},{"type":"Feature","properties":{"capa":"san_pozo"},"geometry":{"type":"Point","coordinates":[-103.366352,25.561606]}},{"type":"Feature","properties":{"capa":"san_pozo"},"geometry":{"type":"Point","coordinates":[-103.363639,25.563085]}},{"type":"Feature","properties":{"capa":"san_pozo"},"geometry":{"type":"Point","coordinates":[-103.362334,25.563796]}},{"type":"Feature","properties":{"capa":"san_pozo"},"geometry":{"type":"Point","coordinates":[-103.36102,25.564512]}},{"type":"Feature","properties":{"capa":"san_pozo"},"geometry":{"type":"Point","coordinates":[-103.359595,25.565288]}},{"type":"Feature","properties":{"capa":"san_pozo"},"geometry":{"type":"Point","coordinates":[-103.369397,25.560617]}},{"type":"Feature","properties":{"capa":"san_pozo"},"geometry":{"type":"Point","coordinates":[-103.368592,25.561056]}},{"type":"Feature","properties":{"capa":"san_pozo"},"geometry":{"type":"Point","coordinates":[-103.367787,25.561494]}},{"type":"Feature","properties":{"capa":"san_pozo"},"geometry":{"type":"Point","coordinates":[-103.366982,25.561933]}},{"type":"Feature","properties":{"capa":"san_pozo"},"geometry":{"type":"Point","coordinates":[-103.366177,25.562372]}},{"type":"Feature","properties":{"capa":"san_pozo"},"geometry":{"type":"Point","coordinates":[-103.365372,25.562811]}},{"type":"Feature","properties":{"capa":"san_pozo"},"geometry":{"type":"Point","coordinates":[-103.364567,25.563249]}},{"type":"Feature","properties":{"capa":"san_pozo"},"geometry":{"type":"Point","coordinates":[-103.363761,25.563688]}},{"type":"Feature","properties":{"capa":"san_pozo"},"geometry":{"type":"Point","coordinates":[-103.362956,25.564127]}},{"type":"Feature","properties":{"capa":"san_pozo"},"geometry":{"type":"Point","coordinates":[-103.362151,25.564565]}},{"type":"Feature","properties":{"capa":"san_pozo"},"geometry":{"type":"Point","coordinates":[-103.361346,25.565004]}},{"type":"Feature","properties":{"capa":"san_pozo"},"geometry":{"type":"Point","coordinates":[-103.368094,25.561327]}},{"type":"Feature","properties":{"capa":"san_pozo"},"geometry":{"type":"Point","coordinates":[-103.366678,25.562099]}},{"type":"Feature","properties":{"capa":"san_pozo"},"geometry":{"type":"Point","coordinates":[-103.363965,25.563577]}},{"type":"Feature","properties":{"capa":"san_pozo"},"geometry":{"type":"Point","coordinates":[-103.36266,25.564288]}},{"type":"Feature","properties":{"capa":"san_pozo"},"geometry":{"type":"Point","coordinates":[-103.360952,25.565219]}},{"type":"Feature","properties":{"capa":"san_pozo"},"geometry":{"type":"Point","coordinates":[-103.368733,25.55885]}},{"type":"Feature","properties":{"capa":"san_pozo"},"geometry":{"type":"Point","coordinates":[-103.367937,25.559283]}},{"type":"Feature","properties":{"capa":"san_pozo"},"geometry":{"type":"Point","coordinates":[-103.367142,25.559717]}},{"type":"Feature","properties":{"capa":"san_pozo"},"geometry":{"type":"Point","coordinates":[-103.366347,25.56015]}},{"type":"Feature","properties":{"capa":"san_pozo"},"geometry":{"type":"Point","coordinates":[-103.365552,25.560583]}},{"type":"Feature","properties":{"capa":"san_pozo"},"geometry":{"type":"Point","coordinates":[-103.364757,25.561017]}},{"type":"Feature","properties":{"capa":"san_pozo"},"geometry":{"type":"Point","coordinates":[-103.363961,25.56145]}},{"type":"Feature","properties":{"capa":"san_pozo"},"geometry":{"type":"Point","coordinates":[-103.363166,25.561883]}},{"type":"Feature","properties":{"capa":"san_pozo"},"geometry":{"type":"Point","coordinates":[-103.362371,25.562317]}},{"type":"Feature","properties":{"capa":"san_pozo"},"geometry":{"type":"Point","coordinates":[-103.361576,25.56275]}},{"type":"Feature","properties":{"capa":"san_pozo"},"geometry":{"type":"Point","coordinates":[-103.36078,25.563183]}},{"type":"Feature","properties":{"capa":"san_pozo"},"geometry":{"type":"Point","coordinates":[-103.359985,25.563617]}},{"type":"Feature","properties":{"capa":"san_pozo"},"geometry":{"type":"Point","coordinates":[-103.35919,25.56405]}},{"type":"Feature","properties":{"capa":"san_pozo"},"geometry":{"type":"Point","coordinates":[-103.358395,25.564483]}},{"type":"Feature","properties":{"capa":"san_pozo"},"geometry":{"type":"Point","coordinates":[-103.357599,25.564916]}},{"type":"Feature","properties":{"capa":"san_pozo"},"geometry":{"type":"Point","coordinates":[-103.368449,25.559005]}},{"type":"Feature","properties":{"capa":"san_pozo"},"geometry":{"type":"Point","coordinates":[-103.364294,25.561269]}},{"type":"Feature","properties":{"capa":"san_pozo"},"geometry":{"type":"Point","coordinates":[-103.362929,25.562012]}},{"type":"Feature","properties":{"capa":"san_pozo"},"geometry":{"type":"Point","coordinates":[-103.36031,25.56344]}},{"type":"Feature","properties":{"capa":"san_pozo"},"geometry":{"type":"Point","coordinates":[-103.358885,25.564216]}},{"type":"Feature","properties":{"capa":"san_pozo"},"geometry":{"type":"Point","coordinates":[-103.367123,25.55986]}},{"type":"Feature","properties":{"capa":"san_pozo"},"geometry":{"type":"Point","coordinates":[-103.365707,25.560632]}},{"type":"Feature","properties":{"capa":"san_pozo"},"geometry":{"type":"Point","coordinates":[-103.358064,25.565658]}},{"type":"Feature","properties":{"capa":"san_llegada","nombre":"Pozo de llegada y cárcamo de la planta"},"geometry":{"type":"Point","coordinates":[-103.357996,25.565695]}},{"type":"Feature","properties":{"capa":"ptar_planta","nombre":"Planta de tratamiento"},"geometry":{"type":"Polygon","coordinates":[[[-103.358114,25.565829],[-103.357809,25.565995],[-103.35776,25.565966],[-103.357725,25.565695],[-103.357945,25.565575],[-103.358114,25.565829]]]}},{"type":"Feature","properties":{"capa":"vaso","nombre":"Vaso de tormentas"},"geometry":{"type":"Polygon","coordinates":[[[-103.358272,25.566121],[-103.358116,25.566148],[-103.357902,25.566019],[-103.358124,25.565897],[-103.358272,25.566121]]]}},{"type":"Feature","properties":{"capa":"plu_pozo"},"geometry":{"type":"Point","coordinates":[-103.364392,25.558524]}},{"type":"Feature","properties":{"capa":"plu_pozo"},"geometry":{"type":"Point","coordinates":[-103.363044,25.559258]}},{"type":"Feature","properties":{"capa":"plu_pozo"},"geometry":{"type":"Point","coordinates":[-103.361679,25.560002]}},{"type":"Feature","properties":{"capa":"plu_pozo"},"geometry":{"type":"Point","coordinates":[-103.360374,25.560713]}},{"type":"Feature","properties":{"capa":"plu_pozo"},"geometry":{"type":"Point","coordinates":[-103.35906,25.561429]}},{"type":"Feature","properties":{"capa":"plu_pozo"},"geometry":{"type":"Point","coordinates":[-103.364715,25.559012]}},{"type":"Feature","properties":{"capa":"plu_pozo"},"geometry":{"type":"Point","coordinates":[-103.363367,25.559746]}},{"type":"Feature","properties":{"capa":"plu_pozo"},"geometry":{"type":"Point","coordinates":[-103.362002,25.56049]}},{"type":"Feature","properties":{"capa":"plu_pozo"},"geometry":{"type":"Point","coordinates":[-103.360697,25.561201]}},{"type":"Feature","properties":{"capa":"plu_pozo"},"geometry":{"type":"Point","coordinates":[-103.359383,25.561917]}},{"type":"Feature","properties":{"capa":"plu_pozo"},"geometry":{"type":"Point","coordinates":[-103.357958,25.562694]}},{"type":"Feature","properties":{"capa":"plu_pozo"},"geometry":{"type":"Point","coordinates":[-103.366448,25.558719]}},{"type":"Feature","properties":{"capa":"plu_pozo"},"geometry":{"type":"Point","coordinates":[-103.365032,25.559491]}},{"type":"Feature","properties":{"capa":"plu_pozo"},"geometry":{"type":"Point","coordinates":[-103.363684,25.560225]}},{"type":"Feature","properties":{"capa":"plu_pozo"},"geometry":{"type":"Point","coordinates":[-103.362319,25.560969]}},{"type":"Feature","properties":{"capa":"plu_pozo"},"geometry":{"type":"Point","coordinates":[-103.361014,25.56168]}},{"type":"Feature","properties":{"capa":"plu_pozo"},"geometry":{"type":"Point","coordinates":[-103.3597,25.562396]}},{"type":"Feature","properties":{"capa":"plu_pozo"},"geometry":{"type":"Point","coordinates":[-103.358275,25.563172]}},{"type":"Feature","properties":{"capa":"plu_pozo"},"geometry":{"type":"Point","coordinates":[-103.36816,25.558446]}},{"type":"Feature","properties":{"capa":"plu_pozo"},"geometry":{"type":"Point","coordinates":[-103.366769,25.559203]}},{"type":"Feature","properties":{"capa":"plu_pozo"},"geometry":{"type":"Point","coordinates":[-103.365353,25.559975]}},{"type":"Feature","properties":{"capa":"plu_pozo"},"geometry":{"type":"Point","coordinates":[-103.364005,25.560709]}},{"type":"Feature","properties":{"capa":"plu_pozo"},"geometry":{"type":"Point","coordinates":[-103.36264,25.561453]}},{"type":"Feature","properties":{"capa":"plu_pozo"},"geometry":{"type":"Point","coordinates":[-103.361335,25.562164]}},{"type":"Feature","properties":{"capa":"plu_pozo"},"geometry":{"type":"Point","coordinates":[-103.360021,25.56288]}},{"type":"Feature","properties":{"capa":"plu_pozo"},"geometry":{"type":"Point","coordinates":[-103.358596,25.563657]}},{"type":"Feature","properties":{"capa":"plu_pozo"},"geometry":{"type":"Point","coordinates":[-103.368876,25.559528]}},{"type":"Feature","properties":{"capa":"plu_pozo"},"geometry":{"type":"Point","coordinates":[-103.367486,25.560285]}},{"type":"Feature","properties":{"capa":"plu_pozo"},"geometry":{"type":"Point","coordinates":[-103.36607,25.561057]}},{"type":"Feature","properties":{"capa":"plu_pozo"},"geometry":{"type":"Point","coordinates":[-103.364722,25.561791]}},{"type":"Feature","properties":{"capa":"plu_pozo"},"geometry":{"type":"Point","coordinates":[-103.363357,25.562535]}},{"type":"Feature","properties":{"capa":"plu_pozo"},"geometry":{"type":"Point","coordinates":[-103.362051,25.563246]}},{"type":"Feature","properties":{"capa":"plu_pozo"},"geometry":{"type":"Point","coordinates":[-103.360738,25.563962]}},{"type":"Feature","properties":{"capa":"plu_pozo"},"geometry":{"type":"Point","coordinates":[-103.359313,25.564739]}},{"type":"Feature","properties":{"capa":"plu_pozo"},"geometry":{"type":"Point","coordinates":[-103.358007,25.56545]}},{"type":"Feature","properties":{"capa":"plu_pozo"},"geometry":{"type":"Point","coordinates":[-103.367812,25.560777]}},{"type":"Feature","properties":{"capa":"plu_pozo"},"geometry":{"type":"Point","coordinates":[-103.366396,25.561549]}},{"type":"Feature","properties":{"capa":"plu_pozo"},"geometry":{"type":"Point","coordinates":[-103.365048,25.562284]}},{"type":"Feature","properties":{"capa":"plu_pozo"},"geometry":{"type":"Point","coordinates":[-103.363683,25.563027]}},{"type":"Feature","properties":{"capa":"plu_pozo"},"geometry":{"type":"Point","coordinates":[-103.362377,25.563739]}},{"type":"Feature","properties":{"capa":"plu_pozo"},"geometry":{"type":"Point","coordinates":[-103.361063,25.564455]}},{"type":"Feature","properties":{"capa":"plu_pozo"},"geometry":{"type":"Point","coordinates":[-103.359639,25.565231]}},{"type":"Feature","properties":{"capa":"plu_pozo"},"geometry":{"type":"Point","coordinates":[-103.368138,25.56127]}},{"type":"Feature","properties":{"capa":"plu_pozo"},"geometry":{"type":"Point","coordinates":[-103.366722,25.562041]}},{"type":"Feature","properties":{"capa":"plu_pozo"},"geometry":{"type":"Point","coordinates":[-103.365374,25.562776]}},{"type":"Feature","properties":{"capa":"plu_pozo"},"geometry":{"type":"Point","coordinates":[-103.364009,25.56352]}},{"type":"Feature","properties":{"capa":"plu_pozo"},"geometry":{"type":"Point","coordinates":[-103.362703,25.564231]}},{"type":"Feature","properties":{"capa":"plu_pozo"},"geometry":{"type":"Point","coordinates":[-103.361389,25.564947]}},{"type":"Feature","properties":{"capa":"plu_pozo"},"geometry":{"type":"Point","coordinates":[-103.368492,25.558947]}},{"type":"Feature","properties":{"capa":"plu_pozo"},"geometry":{"type":"Point","coordinates":[-103.367101,25.559704]}},{"type":"Feature","properties":{"capa":"plu_pozo"},"geometry":{"type":"Point","coordinates":[-103.365685,25.560476]}},{"type":"Feature","properties":{"capa":"plu_pozo"},"geometry":{"type":"Point","coordinates":[-103.364337,25.561211]}},{"type":"Feature","properties":{"capa":"plu_pozo"},"geometry":{"type":"Point","coordinates":[-103.362972,25.561954]}},{"type":"Feature","properties":{"capa":"plu_pozo"},"geometry":{"type":"Point","coordinates":[-103.361667,25.562666]}},{"type":"Feature","properties":{"capa":"plu_pozo"},"geometry":{"type":"Point","coordinates":[-103.360353,25.563381]}},{"type":"Feature","properties":{"capa":"plu_pozo"},"geometry":{"type":"Point","coordinates":[-103.358928,25.564158]}},{"type":"Feature","properties":{"capa":"plu_pozo"},"geometry":{"type":"Point","coordinates":[-103.364425,25.558573]}},{"type":"Feature","properties":{"capa":"plu_pozo"},"geometry":{"type":"Point","coordinates":[-103.363077,25.559308]}},{"type":"Feature","properties":{"capa":"plu_pozo"},"geometry":{"type":"Point","coordinates":[-103.361712,25.560051]}},{"type":"Feature","properties":{"capa":"plu_pozo"},"geometry":{"type":"Point","coordinates":[-103.360407,25.560763]}},{"type":"Feature","properties":{"capa":"plu_pozo"},"geometry":{"type":"Point","coordinates":[-103.359093,25.561478]}},{"type":"Feature","properties":{"capa":"plu_pozo"},"geometry":{"type":"Point","coordinates":[-103.364748,25.559061]}},{"type":"Feature","properties":{"capa":"plu_pozo"},"geometry":{"type":"Point","coordinates":[-103.3634,25.559796]}},{"type":"Feature","properties":{"capa":"plu_pozo"},"geometry":{"type":"Point","coordinates":[-103.362035,25.56054]}},{"type":"Feature","properties":{"capa":"plu_pozo"},"geometry":{"type":"Point","coordinates":[-103.36073,25.561251]}},{"type":"Feature","properties":{"capa":"plu_pozo"},"geometry":{"type":"Point","coordinates":[-103.359416,25.561967]}},{"type":"Feature","properties":{"capa":"plu_pozo"},"geometry":{"type":"Point","coordinates":[-103.357991,25.562743]}},{"type":"Feature","properties":{"capa":"plu_pozo"},"geometry":{"type":"Point","coordinates":[-103.366481,25.558768]}},{"type":"Feature","properties":{"capa":"plu_pozo"},"geometry":{"type":"Point","coordinates":[-103.365065,25.55954]}},{"type":"Feature","properties":{"capa":"plu_pozo"},"geometry":{"type":"Point","coordinates":[-103.363717,25.560275]}},{"type":"Feature","properties":{"capa":"plu_pozo"},"geometry":{"type":"Point","coordinates":[-103.362352,25.561018]}},{"type":"Feature","properties":{"capa":"plu_pozo"},"geometry":{"type":"Point","coordinates":[-103.361047,25.56173]}},{"type":"Feature","properties":{"capa":"plu_pozo"},"geometry":{"type":"Point","coordinates":[-103.359733,25.562445]}},{"type":"Feature","properties":{"capa":"plu_pozo"},"geometry":{"type":"Point","coordinates":[-103.358308,25.563222]}},{"type":"Feature","properties":{"capa":"plu_pozo"},"geometry":{"type":"Point","coordinates":[-103.368193,25.558495]}},{"type":"Feature","properties":{"capa":"plu_pozo"},"geometry":{"type":"Point","coordinates":[-103.366802,25.559253]}},{"type":"Feature","properties":{"capa":"plu_pozo"},"geometry":{"type":"Point","coordinates":[-103.365386,25.560025]}},{"type":"Feature","properties":{"capa":"plu_pozo"},"geometry":{"type":"Point","coordinates":[-103.364038,25.560759]}},{"type":"Feature","properties":{"capa":"plu_pozo"},"geometry":{"type":"Point","coordinates":[-103.362673,25.561503]}},{"type":"Feature","properties":{"capa":"plu_pozo"},"geometry":{"type":"Point","coordinates":[-103.361368,25.562214]}},{"type":"Feature","properties":{"capa":"plu_pozo"},"geometry":{"type":"Point","coordinates":[-103.360054,25.56293]}},{"type":"Feature","properties":{"capa":"plu_pozo"},"geometry":{"type":"Point","coordinates":[-103.358629,25.563706]}},{"type":"Feature","properties":{"capa":"plu_pozo"},"geometry":{"type":"Point","coordinates":[-103.368909,25.559577]}},{"type":"Feature","properties":{"capa":"plu_pozo"},"geometry":{"type":"Point","coordinates":[-103.367519,25.560335]}},{"type":"Feature","properties":{"capa":"plu_pozo"},"geometry":{"type":"Point","coordinates":[-103.366102,25.561107]}},{"type":"Feature","properties":{"capa":"plu_pozo"},"geometry":{"type":"Point","coordinates":[-103.364755,25.561841]}},{"type":"Feature","properties":{"capa":"plu_pozo"},"geometry":{"type":"Point","coordinates":[-103.36339,25.562585]}},{"type":"Feature","properties":{"capa":"plu_pozo"},"geometry":{"type":"Point","coordinates":[-103.362084,25.563296]}},{"type":"Feature","properties":{"capa":"plu_pozo"},"geometry":{"type":"Point","coordinates":[-103.36077,25.564012]}},{"type":"Feature","properties":{"capa":"plu_pozo"},"geometry":{"type":"Point","coordinates":[-103.359346,25.564788]}},{"type":"Feature","properties":{"capa":"plu_pozo"},"geometry":{"type":"Point","coordinates":[-103.35804,25.565499]}},{"type":"Feature","properties":{"capa":"plu_pozo"},"geometry":{"type":"Point","coordinates":[-103.367845,25.560827]}},{"type":"Feature","properties":{"capa":"plu_pozo"},"geometry":{"type":"Point","coordinates":[-103.366428,25.561599]}},{"type":"Feature","properties":{"capa":"plu_pozo"},"geometry":{"type":"Point","coordinates":[-103.36508,25.562333]}},{"type":"Feature","properties":{"capa":"plu_pozo"},"geometry":{"type":"Point","coordinates":[-103.363715,25.563077]}},{"type":"Feature","properties":{"capa":"plu_pozo"},"geometry":{"type":"Point","coordinates":[-103.36241,25.563788]}},{"type":"Feature","properties":{"capa":"plu_pozo"},"geometry":{"type":"Point","coordinates":[-103.361096,25.564504]}},{"type":"Feature","properties":{"capa":"plu_pozo"},"geometry":{"type":"Point","coordinates":[-103.359671,25.56528]}},{"type":"Feature","properties":{"capa":"plu_pozo"},"geometry":{"type":"Point","coordinates":[-103.368171,25.561319]}},{"type":"Feature","properties":{"capa":"plu_pozo"},"geometry":{"type":"Point","coordinates":[-103.366754,25.562091]}},{"type":"Feature","properties":{"capa":"plu_pozo"},"geometry":{"type":"Point","coordinates":[-103.365406,25.562825]}},{"type":"Feature","properties":{"capa":"plu_pozo"},"geometry":{"type":"Point","coordinates":[-103.364041,25.563569]}},{"type":"Feature","properties":{"capa":"plu_pozo"},"geometry":{"type":"Point","coordinates":[-103.362736,25.56428]}},{"type":"Feature","properties":{"capa":"plu_pozo"},"geometry":{"type":"Point","coordinates":[-103.361422,25.564996]}},{"type":"Feature","properties":{"capa":"plu_pozo"},"geometry":{"type":"Point","coordinates":[-103.36859,25.559095]}},{"type":"Feature","properties":{"capa":"plu_pozo"},"geometry":{"type":"Point","coordinates":[-103.3672,25.559853]}},{"type":"Feature","properties":{"capa":"plu_pozo"},"geometry":{"type":"Point","coordinates":[-103.365783,25.560625]}},{"type":"Feature","properties":{"capa":"plu_pozo"},"geometry":{"type":"Point","coordinates":[-103.364435,25.561359]}},{"type":"Feature","properties":{"capa":"plu_pozo"},"geometry":{"type":"Point","coordinates":[-103.36307,25.562103]}},{"type":"Feature","properties":{"capa":"plu_pozo"},"geometry":{"type":"Point","coordinates":[-103.361765,25.562814]}},{"type":"Feature","properties":{"capa":"plu_pozo"},"geometry":{"type":"Point","coordinates":[-103.360451,25.56353]}},{"type":"Feature","properties":{"capa":"plu_pozo"},"geometry":{"type":"Point","coordinates":[-103.359027,25.564306]}},{"type":"Feature","properties":{"capa":"plu_jardin","nombre":"Jardín de lluvia del camellón"},"geometry":{"type":"Polygon","coordinates":[[[-103.357628,25.564938],[-103.368756,25.558874],[-103.368774,25.558923],[-103.357635,25.564993],[-103.357628,25.564938]]]}},{"type":"Feature","properties":{"capa":"plu_parque","nombre":"Parque con bordo de 30 cm"},"geometry":{"type":"Polygon","coordinates":[[[-103.36775,25.560903],[-103.368019,25.56131],[-103.366697,25.56203],[-103.366427,25.561623],[-103.36775,25.560903]]]}},{"type":"Feature","properties":{"capa":"plu_parque","nombre":"Parque con bordo de 30 cm"},"geometry":{"type":"Polygon","coordinates":[[[-103.363943,25.560835],[-103.364203,25.561227],[-103.362932,25.56192],[-103.362672,25.561528],[-103.363943,25.560835]]]}},{"type":"Feature","properties":{"capa":"plu_zanja","nombre":"Zanja de infiltración bajo la pista"},"geometry":{"type":"LineString","coordinates":[[-103.364383,25.558301],[-103.368093,25.55831],[-103.368658,25.558537],[-103.369453,25.560698],[-103.363634,25.564095],[-103.359143,25.566019],[-103.358105,25.5662],[-103.357737,25.565979],[-103.357556,25.564568],[-103.35763,25.561872],[-103.364383,25.558301]]}},{"type":"Feature","properties":{"capa":"plu_cajas","nombre":"Cajas de infiltración bajo el estacionamiento"},"geometry":{"type":"Polygon","coordinates":[[[-103.364935,25.559264],[-103.364986,25.559342],[-103.365532,25.559044],[-103.365481,25.558967],[-103.364935,25.559264]]]}},{"type":"Feature","properties":{"capa":"plu_cajas","nombre":"Cajas de infiltración bajo el estacionamiento"},"geometry":{"type":"Polygon","coordinates":[[[-103.364278,25.559622],[-103.364329,25.5597],[-103.36479,25.559449],[-103.364738,25.559371],[-103.364278,25.559622]]]}},{"type":"Feature","properties":{"capa":"plu_cajas","nombre":"Cajas de infiltración bajo el estacionamiento"},"geometry":{"type":"Polygon","coordinates":[[[-103.364086,25.558518],[-103.364189,25.558672],[-103.363788,25.558891],[-103.363685,25.558736],[-103.364086,25.558518]]]}},{"type":"Feature","properties":{"capa":"plu_flujo"},"geometry":{"type":"LineString","coordinates":[[-103.364584,25.558453],[-103.364768,25.558352]]}},{"type":"Feature","properties":{"capa":"plu_flujo_punta"},"geometry":{"type":"LineString","coordinates":[[-103.364648,25.558392],[-103.364695,25.558392],[-103.364673,25.55843]]}},{"type":"Feature","properties":{"capa":"plu_flujo"},"geometry":{"type":"LineString","coordinates":[[-103.364584,25.558453],[-103.3644,25.558553]]}},{"type":"Feature","properties":{"capa":"plu_flujo_punta"},"geometry":{"type":"LineString","coordinates":[[-103.36452,25.558514],[-103.364474,25.558513],[-103.364495,25.558475]]}},{"type":"Feature","properties":{"capa":"plu_flujo"},"geometry":{"type":"LineString","coordinates":[[-103.363675,25.558948],[-103.364297,25.558609]]}},{"type":"Feature","properties":{"capa":"plu_flujo_punta"},"geometry":{"type":"LineString","coordinates":[[-103.363862,25.55882],[-103.363909,25.55882],[-103.363888,25.558858]]}},{"type":"Feature","properties":{"capa":"plu_flujo"},"geometry":{"type":"LineString","coordinates":[[-103.363675,25.558948],[-103.363052,25.559288]]}},{"type":"Feature","properties":{"capa":"plu_flujo_punta"},"geometry":{"type":"LineString","coordinates":[[-103.363487,25.559077],[-103.36344,25.559076],[-103.363461,25.559038]]}},{"type":"Feature","properties":{"capa":"plu_flujo"},"geometry":{"type":"LineString","coordinates":[[-103.362318,25.559687],[-103.36295,25.559343]]}},{"type":"Feature","properties":{"capa":"plu_flujo_punta"},"geometry":{"type":"LineString","coordinates":[[-103.362506,25.559559],[-103.362553,25.559559],[-103.362531,25.559597]]}},{"type":"Feature","properties":{"capa":"plu_flujo"},"geometry":{"type":"LineString","coordinates":[[-103.362318,25.559687],[-103.361687,25.560031]]}},{"type":"Feature","properties":{"capa":"plu_flujo_punta"},"geometry":{"type":"LineString","coordinates":[[-103.362131,25.559816],[-103.362084,25.559815],[-103.362105,25.559777]]}},{"type":"Feature","properties":{"capa":"plu_flujo"},"geometry":{"type":"LineString","coordinates":[[-103.360983,25.560415],[-103.361585,25.560087]]}},{"type":"Feature","properties":{"capa":"plu_flujo_punta"},"geometry":{"type":"LineString","coordinates":[[-103.361171,25.560286],[-103.361218,25.560287],[-103.361196,25.560325]]}},{"type":"Feature","properties":{"capa":"plu_flujo"},"geometry":{"type":"LineString","coordinates":[[-103.360983,25.560415],[-103.360382,25.560743]]}},{"type":"Feature","properties":{"capa":"plu_flujo_punta"},"geometry":{"type":"LineString","coordinates":[[-103.360795,25.560543],[-103.360748,25.560543],[-103.36077,25.560505]]}},{"type":"Feature","properties":{"capa":"plu_flujo"},"geometry":{"type":"LineString","coordinates":[[-103.359673,25.561128],[-103.360279,25.560798]]}},{"type":"Feature","properties":{"capa":"plu_flujo_punta"},"geometry":{"type":"LineString","coordinates":[[-103.359861,25.561],[-103.359908,25.561001],[-103.359887,25.561038]]}},{"type":"Feature","properties":{"capa":"plu_flujo"},"geometry":{"type":"LineString","coordinates":[[-103.359673,25.561128],[-103.359068,25.561458]]}},{"type":"Feature","properties":{"capa":"plu_flujo_punta"},"geometry":{"type":"LineString","coordinates":[[-103.359486,25.561257],[-103.359439,25.561256],[-103.35946,25.561218]]}},{"type":"Feature","properties":{"capa":"plu_flujo"},"geometry":{"type":"LineString","coordinates":[[-103.358331,25.56186],[-103.358965,25.561514]]}},{"type":"Feature","properties":{"capa":"plu_flujo_punta"},"geometry":{"type":"LineString","coordinates":[[-103.358519,25.561731],[-103.358566,25.561732],[-103.358544,25.56177]]}},{"type":"Feature","properties":{"capa":"plu_flujo"},"geometry":{"type":"LineString","coordinates":[[-103.358331,25.56186],[-103.357697,25.562205]]}},{"type":"Feature","properties":{"capa":"plu_flujo_punta"},"geometry":{"type":"LineString","coordinates":[[-103.358143,25.561988],[-103.358096,25.561988],[-103.358118,25.56195]]}},{"type":"Feature","properties":{"capa":"plu_flujo"},"geometry":{"type":"LineString","coordinates":[[-103.365353,25.558698],[-103.365982,25.558355]]}},{"type":"Feature","properties":{"capa":"plu_flujo_punta"},"geometry":{"type":"LineString","coordinates":[[-103.36554,25.55857],[-103.365587,25.558571],[-103.365566,25.558608]]}},{"type":"Feature","properties":{"capa":"plu_flujo"},"geometry":{"type":"LineString","coordinates":[[-103.365353,25.558698],[-103.364723,25.559041]]}},{"type":"Feature","properties":{"capa":"plu_flujo_punta"},"geometry":{"type":"LineString","coordinates":[[-103.365165,25.558827],[-103.365118,25.558826],[-103.365139,25.558788]]}},{"type":"Feature","properties":{"capa":"plu_flujo"},"geometry":{"type":"LineString","coordinates":[[-103.363998,25.559436],[-103.364621,25.559097]]}},{"type":"Feature","properties":{"capa":"plu_flujo_punta"},"geometry":{"type":"LineString","coordinates":[[-103.364186,25.559308],[-103.364233,25.559309],[-103.364211,25.559347]]}},{"type":"Feature","properties":{"capa":"plu_flujo"},"geometry":{"type":"LineString","coordinates":[[-103.363998,25.559436],[-103.363375,25.559776]]}},{"type":"Feature","properties":{"capa":"plu_flujo_punta"},"geometry":{"type":"LineString","coordinates":[[-103.36381,25.559565],[-103.363763,25.559564],[-103.363785,25.559526]]}},{"type":"Feature","properties":{"capa":"plu_flujo"},"geometry":{"type":"LineString","coordinates":[[-103.362642,25.560176],[-103.363273,25.559832]]}},{"type":"Feature","properties":{"capa":"plu_flujo_punta"},"geometry":{"type":"LineString","coordinates":[[-103.362829,25.560047],[-103.362876,25.560048],[-103.362855,25.560086]]}},{"type":"Feature","properties":{"capa":"plu_flujo"},"geometry":{"type":"LineString","coordinates":[[-103.362642,25.560176],[-103.36201,25.56052]]}},{"type":"Feature","properties":{"capa":"plu_flujo_punta"},"geometry":{"type":"LineString","coordinates":[[-103.362454,25.560304],[-103.362407,25.560303],[-103.362428,25.560266]]}},{"type":"Feature","properties":{"capa":"plu_flujo"},"geometry":{"type":"LineString","coordinates":[[-103.361306,25.560903],[-103.361908,25.560575]]}},{"type":"Feature","properties":{"capa":"plu_flujo_punta"},"geometry":{"type":"LineString","coordinates":[[-103.361494,25.560775],[-103.361541,25.560775],[-103.36152,25.560813]]}},{"type":"Feature","properties":{"capa":"plu_flujo"},"geometry":{"type":"LineString","coordinates":[[-103.361306,25.560903],[-103.360705,25.561231]]}},{"type":"Feature","properties":{"capa":"plu_flujo_punta"},"geometry":{"type":"LineString","coordinates":[[-103.361119,25.561032],[-103.361072,25.561031],[-103.361093,25.560993]]}},{"type":"Feature","properties":{"capa":"plu_flujo"},"geometry":{"type":"LineString","coordinates":[[-103.359997,25.561617],[-103.360603,25.561287]]}},{"type":"Feature","properties":{"capa":"plu_flujo_punta"},"geometry":{"type":"LineString","coordinates":[[-103.360185,25.561488],[-103.360231,25.561489],[-103.36021,25.561527]]}},{"type":"Feature","properties":{"capa":"plu_flujo"},"geometry":{"type":"LineString","coordinates":[[-103.359997,25.561617],[-103.359391,25.561947]]}},{"type":"Feature","properties":{"capa":"plu_flujo_punta"},"geometry":{"type":"LineString","coordinates":[[-103.359809,25.561745],[-103.359762,25.561744],[-103.359784,25.561707]]}},{"type":"Feature","properties":{"capa":"plu_flujo"},"geometry":{"type":"LineString","coordinates":[[-103.358628,25.562363],[-103.359289,25.562002]]}},{"type":"Feature","properties":{"capa":"plu_flujo_punta"},"geometry":{"type":"LineString","coordinates":[[-103.358815,25.562234],[-103.358862,25.562235],[-103.358841,25.562273]]}},{"type":"Feature","properties":{"capa":"plu_flujo"},"geometry":{"type":"LineString","coordinates":[[-103.358628,25.562363],[-103.357966,25.562723]]}},{"type":"Feature","properties":{"capa":"plu_flujo_punta"},"geometry":{"type":"LineString","coordinates":[[-103.35844,25.562491],[-103.358393,25.562491],[-103.358414,25.562453]]}},{"type":"Feature","properties":{"capa":"plu_flujo"},"geometry":{"type":"LineString","coordinates":[[-103.357771,25.562829],[-103.357864,25.562779]]}},{"type":"Feature","properties":{"capa":"plu_flujo_punta"},"geometry":{"type":"LineString","coordinates":[[-103.35778,25.562798],[-103.357827,25.562799],[-103.357805,25.562837]]}},{"type":"Feature","properties":{"capa":"plu_flujo"},"geometry":{"type":"LineString","coordinates":[[-103.357771,25.562829],[-103.357678,25.56288]]}},{"type":"Feature","properties":{"capa":"plu_flujo_punta"},"geometry":{"type":"LineString","coordinates":[[-103.357762,25.562861],[-103.357715,25.56286],[-103.357736,25.562822]]}},{"type":"Feature","properties":{"capa":"plu_flujo"},"geometry":{"type":"LineString","coordinates":[[-103.366814,25.558553],[-103.367172,25.558358]]}},{"type":"Feature","properties":{"capa":"plu_flujo_punta"},"geometry":{"type":"LineString","coordinates":[[-103.366982,25.558436],[-103.367029,25.558436],[-103.367007,25.558474]]}},{"type":"Feature","properties":{"capa":"plu_flujo"},"geometry":{"type":"LineString","coordinates":[[-103.366814,25.558553],[-103.366456,25.558748]]}},{"type":"Feature","properties":{"capa":"plu_flujo_punta"},"geometry":{"type":"LineString","coordinates":[[-103.366646,25.558671],[-103.366599,25.55867],[-103.366621,25.558632]]}},{"type":"Feature","properties":{"capa":"plu_flujo"},"geometry":{"type":"LineString","coordinates":[[-103.365697,25.559162],[-103.366354,25.558804]]}},{"type":"Feature","properties":{"capa":"plu_flujo_punta"},"geometry":{"type":"LineString","coordinates":[[-103.365885,25.559033],[-103.365932,25.559034],[-103.36591,25.559072]]}},{"type":"Feature","properties":{"capa":"plu_flujo"},"geometry":{"type":"LineString","coordinates":[[-103.365697,25.559162],[-103.36504,25.55952]]}},{"type":"Feature","properties":{"capa":"plu_flujo_punta"},"geometry":{"type":"LineString","coordinates":[[-103.365509,25.559291],[-103.365462,25.55929],[-103.365484,25.559252]]}},{"type":"Feature","properties":{"capa":"plu_flujo"},"geometry":{"type":"LineString","coordinates":[[-103.364315,25.559915],[-103.364938,25.559576]]}},{"type":"Feature","properties":{"capa":"plu_flujo_punta"},"geometry":{"type":"LineString","coordinates":[[-103.364503,25.559787],[-103.36455,25.559787],[-103.364528,25.559825]]}},{"type":"Feature","properties":{"capa":"plu_flujo"},"geometry":{"type":"LineString","coordinates":[[-103.364315,25.559915],[-103.363692,25.560254]]}},{"type":"Feature","properties":{"capa":"plu_flujo_punta"},"geometry":{"type":"LineString","coordinates":[[-103.364127,25.560044],[-103.36408,25.560043],[-103.364102,25.560005]]}},{"type":"Feature","properties":{"capa":"plu_flujo"},"geometry":{"type":"LineString","coordinates":[[-103.362959,25.560654],[-103.36359,25.56031]]}},{"type":"Feature","properties":{"capa":"plu_flujo_punta"},"geometry":{"type":"LineString","coordinates":[[-103.363146,25.560526],[-103.363193,25.560526],[-103.363172,25.560564]]}},{"type":"Feature","properties":{"capa":"plu_flujo"},"geometry":{"type":"LineString","coordinates":[[-103.362959,25.560654],[-103.362327,25.560998]]}},{"type":"Feature","properties":{"capa":"plu_flujo_punta"},"geometry":{"type":"LineString","coordinates":[[-103.362771,25.560783],[-103.362724,25.560782],[-103.362745,25.560744]]}},{"type":"Feature","properties":{"capa":"plu_flujo"},"geometry":{"type":"LineString","coordinates":[[-103.361623,25.561382],[-103.362225,25.561054]]}},{"type":"Feature","properties":{"capa":"plu_flujo_punta"},"geometry":{"type":"LineString","coordinates":[[-103.361811,25.561253],[-103.361858,25.561254],[-103.361837,25.561292]]}},{"type":"Feature","properties":{"capa":"plu_flujo"},"geometry":{"type":"LineString","coordinates":[[-103.361623,25.561382],[-103.361022,25.561709]]}},{"type":"Feature","properties":{"capa":"plu_flujo_punta"},"geometry":{"type":"LineString","coordinates":[[-103.361436,25.56151],[-103.361389,25.56151],[-103.36141,25.561472]]}},{"type":"Feature","properties":{"capa":"plu_flujo"},"geometry":{"type":"LineString","coordinates":[[-103.360314,25.562095],[-103.36092,25.561765]]}},{"type":"Feature","properties":{"capa":"plu_flujo_punta"},"geometry":{"type":"LineString","coordinates":[[-103.360501,25.561967],[-103.360548,25.561967],[-103.360527,25.562005]]}},{"type":"Feature","properties":{"capa":"plu_flujo"},"geometry":{"type":"LineString","coordinates":[[-103.360314,25.562095],[-103.359708,25.562425]]}},{"type":"Feature","properties":{"capa":"plu_flujo_punta"},"geometry":{"type":"LineString","coordinates":[[-103.360126,25.562224],[-103.360079,25.562223],[-103.360101,25.562185]]}},{"type":"Feature","properties":{"capa":"plu_flujo"},"geometry":{"type":"LineString","coordinates":[[-103.358945,25.562841],[-103.359606,25.562481]]}},{"type":"Feature","properties":{"capa":"plu_flujo_punta"},"geometry":{"type":"LineString","coordinates":[[-103.359132,25.562713],[-103.359179,25.562714],[-103.359158,25.562751]]}},{"type":"Feature","properties":{"capa":"plu_flujo"},"geometry":{"type":"LineString","coordinates":[[-103.358945,25.562841],[-103.358283,25.563202]]}},{"type":"Feature","properties":{"capa":"plu_flujo_punta"},"geometry":{"type":"LineString","coordinates":[[-103.358757,25.56297],[-103.35871,25.562969],[-103.358731,25.562931]]}},{"type":"Feature","properties":{"capa":"plu_flujo"},"geometry":{"type":"LineString","coordinates":[[-103.35792,25.563399],[-103.358181,25.563257]]}},{"type":"Feature","properties":{"capa":"plu_flujo_punta"},"geometry":{"type":"LineString","coordinates":[[-103.35803,25.563313],[-103.358077,25.563314],[-103.358055,25.563352]]}},{"type":"Feature","properties":{"capa":"plu_flujo"},"geometry":{"type":"LineString","coordinates":[[-103.35792,25.563399],[-103.357659,25.563541]]}},{"type":"Feature","properties":{"capa":"plu_flujo_punta"},"geometry":{"type":"LineString","coordinates":[[-103.357811,25.563485],[-103.357764,25.563485],[-103.357785,25.563447]]}},{"type":"Feature","properties":{"capa":"plu_flujo"},"geometry":{"type":"LineString","coordinates":[[-103.367421,25.558882],[-103.368065,25.558531]]}},{"type":"Feature","properties":{"capa":"plu_flujo_punta"},"geometry":{"type":"LineString","coordinates":[[-103.367609,25.558753],[-103.367656,25.558754],[-103.367634,25.558792]]}},{"type":"Feature","properties":{"capa":"plu_flujo"},"geometry":{"type":"LineString","coordinates":[[-103.367421,25.558882],[-103.366777,25.559233]]}},{"type":"Feature","properties":{"capa":"plu_flujo_punta"},"geometry":{"type":"LineString","coordinates":[[-103.367234,25.55901],[-103.367187,25.55901],[-103.367208,25.558972]]}},{"type":"Feature","properties":{"capa":"plu_flujo"},"geometry":{"type":"LineString","coordinates":[[-103.366018,25.559646],[-103.366675,25.559288]]}},{"type":"Feature","properties":{"capa":"plu_flujo_punta"},"geometry":{"type":"LineString","coordinates":[[-103.366206,25.559518],[-103.366252,25.559519],[-103.366231,25.559557]]}},{"type":"Feature","properties":{"capa":"plu_flujo"},"geometry":{"type":"LineString","coordinates":[[-103.366018,25.559646],[-103.365361,25.560004]]}},{"type":"Feature","properties":{"capa":"plu_flujo_punta"},"geometry":{"type":"LineString","coordinates":[[-103.36583,25.559775],[-103.365783,25.559774],[-103.365805,25.559736]]}},{"type":"Feature","properties":{"capa":"plu_flujo"},"geometry":{"type":"LineString","coordinates":[[-103.364636,25.5604],[-103.365259,25.56006]]}},{"type":"Feature","properties":{"capa":"plu_flujo_punta"},"geometry":{"type":"LineString","coordinates":[[-103.364823,25.560271],[-103.36487,25.560272],[-103.364849,25.56031]]}},{"type":"Feature","properties":{"capa":"plu_flujo"},"geometry":{"type":"LineString","coordinates":[[-103.364636,25.5604],[-103.364013,25.560739]]}},{"type":"Feature","properties":{"capa":"plu_flujo_punta"},"geometry":{"type":"LineString","coordinates":[[-103.364448,25.560528],[-103.364401,25.560527],[-103.364423,25.560489]]}},{"type":"Feature","properties":{"capa":"plu_flujo"},"geometry":{"type":"LineString","coordinates":[[-103.363279,25.561139],[-103.363911,25.560795]]}},{"type":"Feature","properties":{"capa":"plu_flujo_punta"},"geometry":{"type":"LineString","coordinates":[[-103.363467,25.56101],[-103.363514,25.561011],[-103.363493,25.561049]]}},{"type":"Feature","properties":{"capa":"plu_flujo"},"geometry":{"type":"LineString","coordinates":[[-103.363279,25.561139],[-103.362648,25.561483]]}},{"type":"Feature","properties":{"capa":"plu_flujo_punta"},"geometry":{"type":"LineString","coordinates":[[-103.363092,25.561267],[-103.363045,25.561267],[-103.363066,25.561229]]}},{"type":"Feature","properties":{"capa":"plu_flujo"},"geometry":{"type":"LineString","coordinates":[[-103.361944,25.561866],[-103.362546,25.561538]]}},{"type":"Feature","properties":{"capa":"plu_flujo_punta"},"geometry":{"type":"LineString","coordinates":[[-103.362132,25.561738],[-103.362179,25.561738],[-103.362157,25.561776]]}},{"type":"Feature","properties":{"capa":"plu_flujo"},"geometry":{"type":"LineString","coordinates":[[-103.361944,25.561866],[-103.361343,25.562194]]}},{"type":"Feature","properties":{"capa":"plu_flujo_punta"},"geometry":{"type":"LineString","coordinates":[[-103.361757,25.561995],[-103.36171,25.561994],[-103.361731,25.561956]]}},{"type":"Feature","properties":{"capa":"plu_flujo"},"geometry":{"type":"LineString","coordinates":[[-103.360635,25.56258],[-103.36124,25.56225]]}},{"type":"Feature","properties":{"capa":"plu_flujo_punta"},"geometry":{"type":"LineString","coordinates":[[-103.360822,25.562451],[-103.360869,25.562452],[-103.360848,25.56249]]}},{"type":"Feature","properties":{"capa":"plu_flujo"},"geometry":{"type":"LineString","coordinates":[[-103.360635,25.56258],[-103.360029,25.56291]]}},{"type":"Feature","properties":{"capa":"plu_flujo_punta"},"geometry":{"type":"LineString","coordinates":[[-103.360447,25.562708],[-103.3604,25.562708],[-103.360421,25.56267]]}},{"type":"Feature","properties":{"capa":"plu_flujo"},"geometry":{"type":"LineString","coordinates":[[-103.359265,25.563326],[-103.359927,25.562966]]}},{"type":"Feature","properties":{"capa":"plu_flujo_punta"},"geometry":{"type":"LineString","coordinates":[[-103.359453,25.563197],[-103.3595,25.563198],[-103.359479,25.563236]]}},{"type":"Feature","properties":{"capa":"plu_flujo"},"geometry":{"type":"LineString","coordinates":[[-103.359265,25.563326],[-103.358604,25.563686]]}},{"type":"Feature","properties":{"capa":"plu_flujo_punta"},"geometry":{"type":"LineString","coordinates":[[-103.359078,25.563454],[-103.359031,25.563454],[-103.359052,25.563416]]}},{"type":"Feature","properties":{"capa":"plu_flujo"},"geometry":{"type":"LineString","coordinates":[[-103.358071,25.563976],[-103.358502,25.563742]]}},{"type":"Feature","properties":{"capa":"plu_flujo_punta"},"geometry":{"type":"LineString","coordinates":[[-103.358259,25.563848],[-103.358306,25.563848],[-103.358285,25.563886]]}},{"type":"Feature","properties":{"capa":"plu_flujo"},"geometry":{"type":"LineString","coordinates":[[-103.358071,25.563976],[-103.357641,25.564211]]}},{"type":"Feature","properties":{"capa":"plu_flujo_punta"},"geometry":{"type":"LineString","coordinates":[[-103.357884,25.564105],[-103.357837,25.564104],[-103.357858,25.564066]]}},{"type":"Feature","properties":{"capa":"plu_flujo"},"geometry":{"type":"LineString","coordinates":[[-103.368138,25.559964],[-103.368782,25.559613]]}},{"type":"Feature","properties":{"capa":"plu_flujo_punta"},"geometry":{"type":"LineString","coordinates":[[-103.368325,25.559835],[-103.368372,25.559836],[-103.368351,25.559874]]}},{"type":"Feature","properties":{"capa":"plu_flujo"},"geometry":{"type":"LineString","coordinates":[[-103.368138,25.559964],[-103.367494,25.560315]]}},{"type":"Feature","properties":{"capa":"plu_flujo_punta"},"geometry":{"type":"LineString","coordinates":[[-103.36795,25.560092],[-103.367903,25.560092],[-103.367925,25.560054]]}},{"type":"Feature","properties":{"capa":"plu_flujo"},"geometry":{"type":"LineString","coordinates":[[-103.366734,25.560728],[-103.367391,25.56037]]}},{"type":"Feature","properties":{"capa":"plu_flujo_punta"},"geometry":{"type":"LineString","coordinates":[[-103.366922,25.5606],[-103.366969,25.560601],[-103.366948,25.560639]]}},{"type":"Feature","properties":{"capa":"plu_flujo"},"geometry":{"type":"LineString","coordinates":[[-103.366734,25.560728],[-103.366078,25.561086]]}},{"type":"Feature","properties":{"capa":"plu_flujo_punta"},"geometry":{"type":"LineString","coordinates":[[-103.366547,25.560857],[-103.3665,25.560856],[-103.366521,25.560818]]}},{"type":"Feature","properties":{"capa":"plu_flujo"},"geometry":{"type":"LineString","coordinates":[[-103.365352,25.561482],[-103.365975,25.561142]]}},{"type":"Feature","properties":{"capa":"plu_flujo_punta"},"geometry":{"type":"LineString","coordinates":[[-103.36554,25.561353],[-103.365587,25.561354],[-103.365566,25.561392]]}},{"type":"Feature","properties":{"capa":"plu_flujo"},"geometry":{"type":"LineString","coordinates":[[-103.365352,25.561482],[-103.36473,25.561821]]}},{"type":"Feature","properties":{"capa":"plu_flujo_punta"},"geometry":{"type":"LineString","coordinates":[[-103.365165,25.56161],[-103.365118,25.561609],[-103.365139,25.561571]]}},{"type":"Feature","properties":{"capa":"plu_flujo"},"geometry":{"type":"LineString","coordinates":[[-103.363996,25.562221],[-103.364627,25.561877]]}},{"type":"Feature","properties":{"capa":"plu_flujo_punta"},"geometry":{"type":"LineString","coordinates":[[-103.364184,25.562092],[-103.364231,25.562093],[-103.364209,25.562131]]}},{"type":"Feature","properties":{"capa":"plu_flujo"},"geometry":{"type":"LineString","coordinates":[[-103.363996,25.562221],[-103.363365,25.562565]]}},{"type":"Feature","properties":{"capa":"plu_flujo_punta"},"geometry":{"type":"LineString","coordinates":[[-103.363808,25.562349],[-103.363761,25.562349],[-103.363783,25.562311]]}},{"type":"Feature","properties":{"capa":"plu_flujo"},"geometry":{"type":"LineString","coordinates":[[-103.362661,25.562948],[-103.363262,25.56262]]}},{"type":"Feature","properties":{"capa":"plu_flujo_punta"},"geometry":{"type":"LineString","coordinates":[[-103.362848,25.56282],[-103.362895,25.56282],[-103.362874,25.562858]]}},{"type":"Feature","properties":{"capa":"plu_flujo"},"geometry":{"type":"LineString","coordinates":[[-103.362661,25.562948],[-103.362059,25.563276]]}},{"type":"Feature","properties":{"capa":"plu_flujo_punta"},"geometry":{"type":"LineString","coordinates":[[-103.362473,25.563077],[-103.362426,25.563076],[-103.362447,25.563038]]}},{"type":"Feature","properties":{"capa":"plu_flujo"},"geometry":{"type":"LineString","coordinates":[[-103.361351,25.563662],[-103.361957,25.563332]]}},{"type":"Feature","properties":{"capa":"plu_flujo_punta"},"geometry":{"type":"LineString","coordinates":[[-103.361539,25.563533],[-103.361586,25.563534],[-103.361564,25.563572]]}},{"type":"Feature","properties":{"capa":"plu_flujo"},"geometry":{"type":"LineString","coordinates":[[-103.361351,25.563662],[-103.360745,25.563992]]}},{"type":"Feature","properties":{"capa":"plu_flujo_punta"},"geometry":{"type":"LineString","coordinates":[[-103.361163,25.56379],[-103.361117,25.56379],[-103.361138,25.563752]]}},{"type":"Feature","properties":{"capa":"plu_flujo"},"geometry":{"type":"LineString","coordinates":[[-103.359982,25.564408],[-103.360643,25.564048]]}},{"type":"Feature","properties":{"capa":"plu_flujo_punta"},"geometry":{"type":"LineString","coordinates":[[-103.36017,25.564279],[-103.360216,25.56428],[-103.360195,25.564318]]}},{"type":"Feature","properties":{"capa":"plu_flujo"},"geometry":{"type":"LineString","coordinates":[[-103.359982,25.564408],[-103.359321,25.564768]]}},{"type":"Feature","properties":{"capa":"plu_flujo_punta"},"geometry":{"type":"LineString","coordinates":[[-103.359794,25.564536],[-103.359747,25.564536],[-103.359769,25.564498]]}},{"type":"Feature","properties":{"capa":"plu_flujo"},"geometry":{"type":"LineString","coordinates":[[-103.358617,25.565152],[-103.359218,25.564824]]}},{"type":"Feature","properties":{"capa":"plu_flujo_punta"},"geometry":{"type":"LineString","coordinates":[[-103.358804,25.565023],[-103.358851,25.565024],[-103.35883,25.565062]]}},{"type":"Feature","properties":{"capa":"plu_flujo"},"geometry":{"type":"LineString","coordinates":[[-103.358617,25.565152],[-103.358015,25.565479]]}},{"type":"Feature","properties":{"capa":"plu_flujo_punta"},"geometry":{"type":"LineString","coordinates":[[-103.358429,25.56528],[-103.358382,25.565279],[-103.358403,25.565241]]}},{"type":"Feature","properties":{"capa":"plu_flujo"},"geometry":{"type":"LineString","coordinates":[[-103.357841,25.565574],[-103.357913,25.565535]]}},{"type":"Feature","properties":{"capa":"plu_flujo_punta"},"geometry":{"type":"LineString","coordinates":[[-103.357837,25.56555],[-103.357884,25.565551],[-103.357863,25.565589]]}},{"type":"Feature","properties":{"capa":"plu_flujo"},"geometry":{"type":"LineString","coordinates":[[-103.357841,25.565574],[-103.35777,25.565613]]}},{"type":"Feature","properties":{"capa":"plu_flujo_punta"},"geometry":{"type":"LineString","coordinates":[[-103.357845,25.565598],[-103.357798,25.565598],[-103.35782,25.56556]]}},{"type":"Feature","properties":{"capa":"plu_flujo"},"geometry":{"type":"LineString","coordinates":[[-103.368464,25.560456],[-103.369108,25.560105]]}},{"type":"Feature","properties":{"capa":"plu_flujo_punta"},"geometry":{"type":"LineString","coordinates":[[-103.368651,25.560327],[-103.368698,25.560328],[-103.368677,25.560366]]}},{"type":"Feature","properties":{"capa":"plu_flujo"},"geometry":{"type":"LineString","coordinates":[[-103.368464,25.560456],[-103.36782,25.560807]]}},{"type":"Feature","properties":{"capa":"plu_flujo_punta"},"geometry":{"type":"LineString","coordinates":[[-103.368276,25.560584],[-103.368229,25.560584],[-103.36825,25.560546]]}},{"type":"Feature","properties":{"capa":"plu_flujo"},"geometry":{"type":"LineString","coordinates":[[-103.36706,25.561221],[-103.367717,25.560863]]}},{"type":"Feature","properties":{"capa":"plu_flujo_punta"},"geometry":{"type":"LineString","coordinates":[[-103.367248,25.561092],[-103.367295,25.561093],[-103.367274,25.561131]]}},{"type":"Feature","properties":{"capa":"plu_flujo"},"geometry":{"type":"LineString","coordinates":[[-103.36706,25.561221],[-103.366403,25.561579]]}},{"type":"Feature","properties":{"capa":"plu_flujo_punta"},"geometry":{"type":"LineString","coordinates":[[-103.366873,25.561349],[-103.366826,25.561348],[-103.366847,25.56131]]}},{"type":"Feature","properties":{"capa":"plu_flujo"},"geometry":{"type":"LineString","coordinates":[[-103.365678,25.561974],[-103.366301,25.561634]]}},{"type":"Feature","properties":{"capa":"plu_flujo_punta"},"geometry":{"type":"LineString","coordinates":[[-103.365866,25.561845],[-103.365913,25.561846],[-103.365892,25.561884]]}},{"type":"Feature","properties":{"capa":"plu_flujo"},"geometry":{"type":"LineString","coordinates":[[-103.365678,25.561974],[-103.365056,25.562313]]}},{"type":"Feature","properties":{"capa":"plu_flujo_punta"},"geometry":{"type":"LineString","coordinates":[[-103.365491,25.562102],[-103.365444,25.562102],[-103.365465,25.562064]]}},{"type":"Feature","properties":{"capa":"plu_flujo"},"geometry":{"type":"LineString","coordinates":[[-103.364322,25.562713],[-103.364953,25.562369]]}},{"type":"Feature","properties":{"capa":"plu_flujo_punta"},"geometry":{"type":"LineString","coordinates":[[-103.36451,25.562584],[-103.364556,25.562585],[-103.364535,25.562623]]}},{"type":"Feature","properties":{"capa":"plu_flujo"},"geometry":{"type":"LineString","coordinates":[[-103.364322,25.562713],[-103.363691,25.563057]]}},{"type":"Feature","properties":{"capa":"plu_flujo_punta"},"geometry":{"type":"LineString","coordinates":[[-103.364134,25.562841],[-103.364087,25.562841],[-103.364109,25.562803]]}},{"type":"Feature","properties":{"capa":"plu_flujo"},"geometry":{"type":"LineString","coordinates":[[-103.362987,25.56344],[-103.363588,25.563113]]}},{"type":"Feature","properties":{"capa":"plu_flujo_punta"},"geometry":{"type":"LineString","coordinates":[[-103.363174,25.563312],[-103.363221,25.563313],[-103.3632,25.56335]]}},{"type":"Feature","properties":{"capa":"plu_flujo"},"geometry":{"type":"LineString","coordinates":[[-103.362987,25.56344],[-103.362385,25.563768]]}},{"type":"Feature","properties":{"capa":"plu_flujo_punta"},"geometry":{"type":"LineString","coordinates":[[-103.362799,25.563569],[-103.362752,25.563568],[-103.362773,25.56353]]}},{"type":"Feature","properties":{"capa":"plu_flujo"},"geometry":{"type":"LineString","coordinates":[[-103.361677,25.564154],[-103.362283,25.563824]]}},{"type":"Feature","properties":{"capa":"plu_flujo_punta"},"geometry":{"type":"LineString","coordinates":[[-103.361865,25.564025],[-103.361912,25.564026],[-103.36189,25.564064]]}},{"type":"Feature","properties":{"capa":"plu_flujo"},"geometry":{"type":"LineString","coordinates":[[-103.361677,25.564154],[-103.361071,25.564484]]}},{"type":"Feature","properties":{"capa":"plu_flujo_punta"},"geometry":{"type":"LineString","coordinates":[[-103.361489,25.564282],[-103.361442,25.564282],[-103.361464,25.564244]]}},{"type":"Feature","properties":{"capa":"plu_flujo"},"geometry":{"type":"LineString","coordinates":[[-103.360308,25.5649],[-103.360969,25.56454]]}},{"type":"Feature","properties":{"capa":"plu_flujo_punta"},"geometry":{"type":"LineString","coordinates":[[-103.360495,25.564771],[-103.360542,25.564772],[-103.360521,25.56481]]}},{"type":"Feature","properties":{"capa":"plu_flujo"},"geometry":{"type":"LineString","coordinates":[[-103.360308,25.5649],[-103.359647,25.56526]]}},{"type":"Feature","properties":{"capa":"plu_flujo_punta"},"geometry":{"type":"LineString","coordinates":[[-103.36012,25.565029],[-103.360073,25.565028],[-103.360094,25.56499]]}},{"type":"Feature","properties":{"capa":"plu_flujo"},"geometry":{"type":"LineString","coordinates":[[-103.358943,25.565644],[-103.359544,25.565316]]}},{"type":"Feature","properties":{"capa":"plu_flujo_punta"},"geometry":{"type":"LineString","coordinates":[[-103.35913,25.565515],[-103.359177,25.565516],[-103.359156,25.565554]]}},{"type":"Feature","properties":{"capa":"plu_flujo"},"geometry":{"type":"LineString","coordinates":[[-103.358943,25.565644],[-103.358341,25.565971]]}},{"type":"Feature","properties":{"capa":"plu_flujo_punta"},"geometry":{"type":"LineString","coordinates":[[-103.358755,25.565772],[-103.358708,25.565772],[-103.358729,25.565734]]}},{"type":"Feature","properties":{"capa":"plu_flujo"},"geometry":{"type":"LineString","coordinates":[[-103.368746,25.560972],[-103.369346,25.560645]]}},{"type":"Feature","properties":{"capa":"plu_flujo_punta"},"geometry":{"type":"LineString","coordinates":[[-103.368933,25.560843],[-103.36898,25.560844],[-103.368959,25.560882]]}},{"type":"Feature","properties":{"capa":"plu_flujo"},"geometry":{"type":"LineString","coordinates":[[-103.368746,25.560972],[-103.368146,25.561299]]}},{"type":"Feature","properties":{"capa":"plu_flujo_punta"},"geometry":{"type":"LineString","coordinates":[[-103.368558,25.561101],[-103.368511,25.5611],[-103.368532,25.561062]]}},{"type":"Feature","properties":{"capa":"plu_flujo"},"geometry":{"type":"LineString","coordinates":[[-103.367386,25.561713],[-103.368043,25.561355]]}},{"type":"Feature","properties":{"capa":"plu_flujo_punta"},"geometry":{"type":"LineString","coordinates":[[-103.367574,25.561584],[-103.367621,25.561585],[-103.3676,25.561623]]}},{"type":"Feature","properties":{"capa":"plu_flujo"},"geometry":{"type":"LineString","coordinates":[[-103.367386,25.561713],[-103.366729,25.562071]]}},{"type":"Feature","properties":{"capa":"plu_flujo_punta"},"geometry":{"type":"LineString","coordinates":[[-103.367199,25.561841],[-103.367152,25.561841],[-103.367173,25.561803]]}},{"type":"Feature","properties":{"capa":"plu_flujo"},"geometry":{"type":"LineString","coordinates":[[-103.366004,25.562466],[-103.366627,25.562126]]}},{"type":"Feature","properties":{"capa":"plu_flujo_punta"},"geometry":{"type":"LineString","coordinates":[[-103.366192,25.562337],[-103.366239,25.562338],[-103.366218,25.562376]]}},{"type":"Feature","properties":{"capa":"plu_flujo"},"geometry":{"type":"LineString","coordinates":[[-103.366004,25.562466],[-103.365381,25.562805]]}},{"type":"Feature","properties":{"capa":"plu_flujo_punta"},"geometry":{"type":"LineString","coordinates":[[-103.365817,25.562594],[-103.36577,25.562594],[-103.365791,25.562556]]}},{"type":"Feature","properties":{"capa":"plu_flujo"},"geometry":{"type":"LineString","coordinates":[[-103.364648,25.563205],[-103.365279,25.562861]]}},{"type":"Feature","properties":{"capa":"plu_flujo_punta"},"geometry":{"type":"LineString","coordinates":[[-103.364835,25.563076],[-103.364882,25.563077],[-103.364861,25.563115]]}},{"type":"Feature","properties":{"capa":"plu_flujo"},"geometry":{"type":"LineString","coordinates":[[-103.364648,25.563205],[-103.364016,25.563549]]}},{"type":"Feature","properties":{"capa":"plu_flujo_punta"},"geometry":{"type":"LineString","coordinates":[[-103.36446,25.563334],[-103.364413,25.563333],[-103.364434,25.563295]]}},{"type":"Feature","properties":{"capa":"plu_flujo"},"geometry":{"type":"LineString","coordinates":[[-103.363313,25.563933],[-103.363914,25.563605]]}},{"type":"Feature","properties":{"capa":"plu_flujo_punta"},"geometry":{"type":"LineString","coordinates":[[-103.3635,25.563804],[-103.363547,25.563805],[-103.363526,25.563843]]}},{"type":"Feature","properties":{"capa":"plu_flujo"},"geometry":{"type":"LineString","coordinates":[[-103.363313,25.563933],[-103.362711,25.56426]]}},{"type":"Feature","properties":{"capa":"plu_flujo_punta"},"geometry":{"type":"LineString","coordinates":[[-103.363125,25.564061],[-103.363078,25.56406],[-103.363099,25.564022]]}},{"type":"Feature","properties":{"capa":"plu_flujo"},"geometry":{"type":"LineString","coordinates":[[-103.362003,25.564646],[-103.362609,25.564316]]}},{"type":"Feature","properties":{"capa":"plu_flujo_punta"},"geometry":{"type":"LineString","coordinates":[[-103.362191,25.564517],[-103.362238,25.564518],[-103.362216,25.564556]]}},{"type":"Feature","properties":{"capa":"plu_flujo"},"geometry":{"type":"LineString","coordinates":[[-103.362003,25.564646],[-103.361397,25.564976]]}},{"type":"Feature","properties":{"capa":"plu_flujo_punta"},"geometry":{"type":"LineString","coordinates":[[-103.361815,25.564775],[-103.361768,25.564774],[-103.36179,25.564736]]}},{"type":"Feature","properties":{"capa":"plu_flujo"},"geometry":{"type":"LineString","coordinates":[[-103.361149,25.565111],[-103.361295,25.565032]]}},{"type":"Feature","properties":{"capa":"plu_flujo_punta"},"geometry":{"type":"LineString","coordinates":[[-103.36119,25.565063],[-103.361237,25.565064],[-103.361215,25.565102]]}},{"type":"Feature","properties":{"capa":"plu_flujo"},"geometry":{"type":"LineString","coordinates":[[-103.361149,25.565111],[-103.361003,25.565191]]}},{"type":"Feature","properties":{"capa":"plu_flujo_punta"},"geometry":{"type":"LineString","coordinates":[[-103.361108,25.56516],[-103.361061,25.565159],[-103.361083,25.565121]]}},{"type":"Feature","properties":{"capa":"plu_flujo"},"geometry":{"type":"LineString","coordinates":[[-103.368019,25.558356],[-103.368399,25.55893]]}},{"type":"Feature","properties":{"capa":"plu_flujo_punta"},"geometry":{"type":"LineString","coordinates":[[-103.368199,25.558584],[-103.368198,25.558627],[-103.368157,25.558607]]}},{"type":"Feature","properties":{"capa":"plu_flujo"},"geometry":{"type":"LineString","coordinates":[[-103.369232,25.560187],[-103.368563,25.559177]]}},{"type":"Feature","properties":{"capa":"plu_flujo_punta"},"geometry":{"type":"LineString","coordinates":[[-103.369052,25.559959],[-103.369053,25.559917],[-103.369095,25.559936]]}},{"type":"Feature","properties":{"capa":"plu_flujo_punta"},"geometry":{"type":"LineString","coordinates":[[-103.368693,25.559417],[-103.368694,25.559375],[-103.368736,25.559394]]}},{"type":"Feature","properties":{"capa":"plu_flujo"},"geometry":{"type":"LineString","coordinates":[[-103.366123,25.558351],[-103.367009,25.559687]]}},{"type":"Feature","properties":{"capa":"plu_flujo_punta"},"geometry":{"type":"LineString","coordinates":[[-103.366304,25.558579],[-103.366303,25.558622],[-103.366261,25.558602]]}},{"type":"Feature","properties":{"capa":"plu_flujo_punta"},"geometry":{"type":"LineString","coordinates":[[-103.366662,25.559121],[-103.366662,25.559163],[-103.36662,25.559144]]}},{"type":"Feature","properties":{"capa":"plu_flujo"},"geometry":{"type":"LineString","coordinates":[[-103.368145,25.561403],[-103.367173,25.559935]]}},{"type":"Feature","properties":{"capa":"plu_flujo_punta"},"geometry":{"type":"LineString","coordinates":[[-103.367964,25.561174],[-103.367965,25.561132],[-103.368007,25.561151]]}},{"type":"Feature","properties":{"capa":"plu_flujo_punta"},"geometry":{"type":"LineString","coordinates":[[-103.367606,25.560633],[-103.367606,25.56059],[-103.367648,25.560609]]}},{"type":"Feature","properties":{"capa":"plu_flujo_punta"},"geometry":{"type":"LineString","coordinates":[[-103.367247,25.560091],[-103.367248,25.560048],[-103.36729,25.560068]]}},{"type":"Feature","properties":{"capa":"plu_flujo"},"geometry":{"type":"LineString","coordinates":[[-103.364248,25.558429],[-103.365592,25.560459]]}},{"type":"Feature","properties":{"capa":"plu_flujo_punta"},"geometry":{"type":"LineString","coordinates":[[-103.364428,25.558657],[-103.364427,25.5587],[-103.364386,25.558681]]}},{"type":"Feature","properties":{"capa":"plu_flujo_punta"},"geometry":{"type":"LineString","coordinates":[[-103.364787,25.559199],[-103.364786,25.559242],[-103.364744,25.559222]]}},{"type":"Feature","properties":{"capa":"plu_flujo_punta"},"geometry":{"type":"LineString","coordinates":[[-103.365146,25.559741],[-103.365145,25.559783],[-103.365103,25.559764]]}},{"type":"Feature","properties":{"capa":"plu_flujo_punta"},"geometry":{"type":"LineString","coordinates":[[-103.365505,25.560283],[-103.365504,25.560325],[-103.365462,25.560306]]}},{"type":"Feature","properties":{"capa":"plu_flujo"},"geometry":{"type":"LineString","coordinates":[[-103.366755,25.562214],[-103.365756,25.560707]]}},{"type":"Feature","properties":{"capa":"plu_flujo_punta"},"geometry":{"type":"LineString","coordinates":[[-103.366574,25.561986],[-103.366575,25.561943],[-103.366617,25.561963]]}},{"type":"Feature","properties":{"capa":"plu_flujo_punta"},"geometry":{"type":"LineString","coordinates":[[-103.366216,25.561444],[-103.366217,25.561401],[-103.366258,25.561421]]}},{"type":"Feature","properties":{"capa":"plu_flujo_punta"},"geometry":{"type":"LineString","coordinates":[[-103.365857,25.560902],[-103.365858,25.56086],[-103.3659,25.560879]]}},{"type":"Feature","properties":{"capa":"plu_flujo"},"geometry":{"type":"LineString","coordinates":[[-103.36289,25.559148],[-103.364245,25.561194]]}},{"type":"Feature","properties":{"capa":"plu_flujo_punta"},"geometry":{"type":"LineString","coordinates":[[-103.36307,25.559376],[-103.363069,25.559419],[-103.363027,25.559399]]}},{"type":"Feature","properties":{"capa":"plu_flujo_punta"},"geometry":{"type":"LineString","coordinates":[[-103.363429,25.559918],[-103.363428,25.55996],[-103.363386,25.559941]]}},{"type":"Feature","properties":{"capa":"plu_flujo_punta"},"geometry":{"type":"LineString","coordinates":[[-103.363787,25.560459],[-103.363787,25.560502],[-103.363745,25.560483]]}},{"type":"Feature","properties":{"capa":"plu_flujo_punta"},"geometry":{"type":"LineString","coordinates":[[-103.364146,25.561001],[-103.364145,25.561044],[-103.364103,25.561024]]}},{"type":"Feature","properties":{"capa":"plu_flujo"},"geometry":{"type":"LineString","coordinates":[[-103.365432,25.562986],[-103.364409,25.561441]]}},{"type":"Feature","properties":{"capa":"plu_flujo_punta"},"geometry":{"type":"LineString","coordinates":[[-103.365252,25.562758],[-103.365252,25.562715],[-103.365294,25.562735]]}},{"type":"Feature","properties":{"capa":"plu_flujo_punta"},"geometry":{"type":"LineString","coordinates":[[-103.364893,25.562216],[-103.364894,25.562174],[-103.364935,25.562193]]}},{"type":"Feature","properties":{"capa":"plu_flujo_punta"},"geometry":{"type":"LineString","coordinates":[[-103.364534,25.561675],[-103.364535,25.561632],[-103.364577,25.561651]]}},{"type":"Feature","properties":{"capa":"plu_flujo"},"geometry":{"type":"LineString","coordinates":[[-103.361514,25.559876],[-103.36288,25.561937]]}},{"type":"Feature","properties":{"capa":"plu_flujo_punta"},"geometry":{"type":"LineString","coordinates":[[-103.361694,25.560104],[-103.361693,25.560146],[-103.361652,25.560127]]}},{"type":"Feature","properties":{"capa":"plu_flujo_punta"},"geometry":{"type":"LineString","coordinates":[[-103.362053,25.560645],[-103.362052,25.560688],[-103.36201,25.560669]]}},{"type":"Feature","properties":{"capa":"plu_flujo_punta"},"geometry":{"type":"LineString","coordinates":[[-103.362412,25.561187],[-103.362411,25.56123],[-103.362369,25.56121]]}},{"type":"Feature","properties":{"capa":"plu_flujo_punta"},"geometry":{"type":"LineString","coordinates":[[-103.36277,25.561729],[-103.36277,25.561771],[-103.362728,25.561752]]}},{"type":"Feature","properties":{"capa":"plu_flujo"},"geometry":{"type":"LineString","coordinates":[[-103.364092,25.563768],[-103.363044,25.562185]]}},{"type":"Feature","properties":{"capa":"plu_flujo_punta"},"geometry":{"type":"LineString","coordinates":[[-103.363912,25.56354],[-103.363913,25.563497],[-103.363954,25.563517]]}},{"type":"Feature","properties":{"capa":"plu_flujo_punta"},"geometry":{"type":"LineString","coordinates":[[-103.363553,25.562998],[-103.363554,25.562956],[-103.363596,25.562975]]}},{"type":"Feature","properties":{"capa":"plu_flujo_punta"},"geometry":{"type":"LineString","coordinates":[[-103.363194,25.562457],[-103.363195,25.562414],[-103.363237,25.562433]]}},{"type":"Feature","properties":{"capa":"plu_flujo"},"geometry":{"type":"LineString","coordinates":[[-103.360199,25.560571],[-103.361574,25.562649]]}},{"type":"Feature","properties":{"capa":"plu_flujo_punta"},"geometry":{"type":"LineString","coordinates":[[-103.360379,25.5608],[-103.360378,25.560842],[-103.360336,25.560823]]}},{"type":"Feature","properties":{"capa":"plu_flujo_punta"},"geometry":{"type":"LineString","coordinates":[[-103.360738,25.561341],[-103.360737,25.561384],[-103.360695,25.561365]]}},{"type":"Feature","properties":{"capa":"plu_flujo_punta"},"geometry":{"type":"LineString","coordinates":[[-103.361096,25.561883],[-103.361095,25.561926],[-103.361054,25.561906]]}},{"type":"Feature","properties":{"capa":"plu_flujo_punta"},"geometry":{"type":"LineString","coordinates":[[-103.361455,25.562425],[-103.361454,25.562467],[-103.361412,25.562448]]}},{"type":"Feature","properties":{"capa":"plu_flujo"},"geometry":{"type":"LineString","coordinates":[[-103.362747,25.56442],[-103.361738,25.562896]]}},{"type":"Feature","properties":{"capa":"plu_flujo_punta"},"geometry":{"type":"LineString","coordinates":[[-103.362567,25.564192],[-103.362568,25.564149],[-103.36261,25.564168]]}},{"type":"Feature","properties":{"capa":"plu_flujo_punta"},"geometry":{"type":"LineString","coordinates":[[-103.362208,25.56365],[-103.362209,25.563607],[-103.362251,25.563627]]}},{"type":"Feature","properties":{"capa":"plu_flujo_punta"},"geometry":{"type":"LineString","coordinates":[[-103.361849,25.563108],[-103.36185,25.563066],[-103.361892,25.563085]]}},{"type":"Feature","properties":{"capa":"plu_flujo"},"geometry":{"type":"LineString","coordinates":[[-103.358875,25.561272],[-103.36026,25.563365]]}},{"type":"Feature","properties":{"capa":"plu_flujo_punta"},"geometry":{"type":"LineString","coordinates":[[-103.359055,25.5615],[-103.359054,25.561543],[-103.359012,25.561523]]}},{"type":"Feature","properties":{"capa":"plu_flujo_punta"},"geometry":{"type":"LineString","coordinates":[[-103.359413,25.562042],[-103.359413,25.562084],[-103.359371,25.562065]]}},{"type":"Feature","properties":{"capa":"plu_flujo_punta"},"geometry":{"type":"LineString","coordinates":[[-103.359772,25.562583],[-103.359771,25.562626],[-103.359729,25.562607]]}},{"type":"Feature","properties":{"capa":"plu_flujo_punta"},"geometry":{"type":"LineString","coordinates":[[-103.360131,25.563125],[-103.36013,25.563168],[-103.360088,25.563148]]}},{"type":"Feature","properties":{"capa":"plu_flujo"},"geometry":{"type":"LineString","coordinates":[[-103.361354,25.565017],[-103.360424,25.563612]]}},{"type":"Feature","properties":{"capa":"plu_flujo_punta"},"geometry":{"type":"LineString","coordinates":[[-103.361174,25.564788],[-103.361175,25.564746],[-103.361217,25.564765]]}},{"type":"Feature","properties":{"capa":"plu_flujo_punta"},"geometry":{"type":"LineString","coordinates":[[-103.360815,25.564247],[-103.360816,25.564204],[-103.360858,25.564223]]}},{"type":"Feature","properties":{"capa":"plu_flujo_punta"},"geometry":{"type":"LineString","coordinates":[[-103.360457,25.563705],[-103.360458,25.563662],[-103.360499,25.563682]]}},{"type":"Feature","properties":{"capa":"plu_flujo"},"geometry":{"type":"LineString","coordinates":[[-103.357658,25.562362],[-103.358836,25.564141]]}},{"type":"Feature","properties":{"capa":"plu_flujo_punta"},"geometry":{"type":"LineString","coordinates":[[-103.357838,25.56259],[-103.357837,25.562633],[-103.357795,25.562614]]}},{"type":"Feature","properties":{"capa":"plu_flujo_punta"},"geometry":{"type":"LineString","coordinates":[[-103.358197,25.563132],[-103.358196,25.563175],[-103.358154,25.563155]]}},{"type":"Feature","properties":{"capa":"plu_flujo_punta"},"geometry":{"type":"LineString","coordinates":[[-103.358555,25.563674],[-103.358555,25.563716],[-103.358513,25.563697]]}},{"type":"Feature","properties":{"capa":"plu_flujo"},"geometry":{"type":"LineString","coordinates":[[-103.359844,25.565664],[-103.359,25.564388]]}},{"type":"Feature","properties":{"capa":"plu_flujo_punta"},"geometry":{"type":"LineString","coordinates":[[-103.359664,25.565435],[-103.359665,25.565393],[-103.359707,25.565412]]}},{"type":"Feature","properties":{"capa":"plu_flujo_punta"},"geometry":{"type":"LineString","coordinates":[[-103.359305,25.564894],[-103.359306,25.564851],[-103.359348,25.56487]]}},{"type":"Feature","properties":{"capa":"plu_flujo"},"geometry":{"type":"LineString","coordinates":[[-103.358361,25.566107],[-103.357694,25.5651]]}},{"type":"Feature","properties":{"capa":"plu_flujo_punta"},"geometry":{"type":"LineString","coordinates":[[-103.358181,25.565878],[-103.358182,25.565836],[-103.358224,25.565855]]}},{"type":"Feature","properties":{"capa":"plu_flujo_punta"},"geometry":{"type":"LineString","coordinates":[[-103.357822,25.565337],[-103.357823,25.565294],[-103.357865,25.565313]]}},{"type":"Feature","properties":{"capa":"plu_flujo"},"geometry":{"type":"LineString","coordinates":[[-103.36869,25.558873],[-103.357616,25.564907]]}},{"type":"Feature","properties":{"capa":"plu_flujo_punta"},"geometry":{"type":"LineString","coordinates":[[-103.368353,25.559083],[-103.368306,25.559083],[-103.368327,25.559045]]}},{"type":"Feature","properties":{"capa":"plu_flujo_punta"},"geometry":{"type":"LineString","coordinates":[[-103.367585,25.559502],[-103.367538,25.559501],[-103.36756,25.559463]]}},{"type":"Feature","properties":{"capa":"plu_flujo_punta"},"geometry":{"type":"LineString","coordinates":[[-103.366818,25.55992],[-103.366771,25.559919],[-103.366792,25.559881]]}},{"type":"Feature","properties":{"capa":"plu_flujo_punta"},"geometry":{"type":"LineString","coordinates":[[-103.36605,25.560338],[-103.366003,25.560338],[-103.366024,25.5603]]}},{"type":"Feature","properties":{"capa":"plu_flujo_punta"},"geometry":{"type":"LineString","coordinates":[[-103.365282,25.560757],[-103.365235,25.560756],[-103.365256,25.560718]]}},{"type":"Feature","properties":{"capa":"plu_flujo_punta"},"geometry":{"type":"LineString","coordinates":[[-103.364514,25.561175],[-103.364467,25.561174],[-103.364488,25.561137]]}},{"type":"Feature","properties":{"capa":"plu_flujo_punta"},"geometry":{"type":"LineString","coordinates":[[-103.363746,25.561594],[-103.363699,25.561593],[-103.363721,25.561555]]}},{"type":"Feature","properties":{"capa":"plu_flujo_punta"},"geometry":{"type":"LineString","coordinates":[[-103.362978,25.562012],[-103.362932,25.562011],[-103.362953,25.561973]]}},{"type":"Feature","properties":{"capa":"plu_flujo_punta"},"geometry":{"type":"LineString","coordinates":[[-103.362211,25.56243],[-103.362164,25.56243],[-103.362185,25.562392]]}},{"type":"Feature","properties":{"capa":"plu_flujo_punta"},"geometry":{"type":"LineString","coordinates":[[-103.361443,25.562849],[-103.361396,25.562848],[-103.361417,25.56281]]}},{"type":"Feature","properties":{"capa":"plu_flujo_punta"},"geometry":{"type":"LineString","coordinates":[[-103.360675,25.563267],[-103.360628,25.563266],[-103.360649,25.563228]]}},{"type":"Feature","properties":{"capa":"plu_flujo_punta"},"geometry":{"type":"LineString","coordinates":[[-103.359907,25.563685],[-103.35986,25.563685],[-103.359882,25.563647]]}},{"type":"Feature","properties":{"capa":"plu_flujo_punta"},"geometry":{"type":"LineString","coordinates":[[-103.359139,25.564104],[-103.359092,25.564103],[-103.359114,25.564065]]}},{"type":"Feature","properties":{"capa":"plu_flujo_punta"},"geometry":{"type":"LineString","coordinates":[[-103.358371,25.564522],[-103.358324,25.564521],[-103.358346,25.564483]]}},{"type":"Feature","properties":{"capa":"plu_flujo"},"geometry":{"type":"LineString","coordinates":[[-103.368755,25.558971],[-103.357681,25.565005]]}},{"type":"Feature","properties":{"capa":"plu_flujo_punta"},"geometry":{"type":"LineString","coordinates":[[-103.368418,25.559181],[-103.368371,25.55918],[-103.368392,25.559142]]}},{"type":"Feature","properties":{"capa":"plu_flujo_punta"},"geometry":{"type":"LineString","coordinates":[[-103.36765,25.559599],[-103.367603,25.559598],[-103.367624,25.55956]]}},{"type":"Feature","properties":{"capa":"plu_flujo_punta"},"geometry":{"type":"LineString","coordinates":[[-103.366882,25.560018],[-103.366835,25.560017],[-103.366856,25.559979]]}},{"type":"Feature","properties":{"capa":"plu_flujo_punta"},"geometry":{"type":"LineString","coordinates":[[-103.366114,25.560436],[-103.366067,25.560435],[-103.366089,25.560397]]}},{"type":"Feature","properties":{"capa":"plu_flujo_punta"},"geometry":{"type":"LineString","coordinates":[[-103.365346,25.560854],[-103.3653,25.560854],[-103.365321,25.560816]]}},{"type":"Feature","properties":{"capa":"plu_flujo_punta"},"geometry":{"type":"LineString","coordinates":[[-103.364579,25.561273],[-103.364532,25.561272],[-103.364553,25.561234]]}},{"type":"Feature","properties":{"capa":"plu_flujo_punta"},"geometry":{"type":"LineString","coordinates":[[-103.363811,25.561691],[-103.363764,25.56169],[-103.363785,25.561652]]}},{"type":"Feature","properties":{"capa":"plu_flujo_punta"},"geometry":{"type":"LineString","coordinates":[[-103.363043,25.562109],[-103.362996,25.562109],[-103.363017,25.562071]]}},{"type":"Feature","properties":{"capa":"plu_flujo_punta"},"geometry":{"type":"LineString","coordinates":[[-103.362275,25.562528],[-103.362228,25.562527],[-103.36225,25.562489]]}},{"type":"Feature","properties":{"capa":"plu_flujo_punta"},"geometry":{"type":"LineString","coordinates":[[-103.361507,25.562946],[-103.36146,25.562945],[-103.361482,25.562908]]}},{"type":"Feature","properties":{"capa":"plu_flujo_punta"},"geometry":{"type":"LineString","coordinates":[[-103.36074,25.563365],[-103.360693,25.563364],[-103.360714,25.563326]]}},{"type":"Feature","properties":{"capa":"plu_flujo_punta"},"geometry":{"type":"LineString","coordinates":[[-103.359972,25.563783],[-103.359925,25.563782],[-103.359946,25.563744]]}},{"type":"Feature","properties":{"capa":"plu_flujo_punta"},"geometry":{"type":"LineString","coordinates":[[-103.359204,25.564201],[-103.359157,25.564201],[-103.359178,25.564163]]}},{"type":"Feature","properties":{"capa":"plu_flujo_punta"},"geometry":{"type":"LineString","coordinates":[[-103.358436,25.56462],[-103.358389,25.564619],[-103.35841,25.564581]]}},{"type":"Feature","properties":{"capa":"plu_flujo"},"geometry":{"type":"LineString","coordinates":[[-103.357663,25.565053],[-103.358191,25.56585]]}},{"type":"Feature","properties":{"capa":"plu_flujo_punta"},"geometry":{"type":"LineString","coordinates":[[-103.357767,25.565165],[-103.357766,25.565208],[-103.357724,25.565189]]}},{"type":"Feature","properties":{"capa":"plu_flujo_punta"},"geometry":{"type":"LineString","coordinates":[[-103.357972,25.565475],[-103.357971,25.565517],[-103.357929,25.565498]]}},{"type":"Feature","properties":{"capa":"plu_flujo_punta"},"geometry":{"type":"LineString","coordinates":[[-103.358177,25.565784],[-103.358176,25.565827],[-103.358134,25.565808]]}},{"type":"Feature","properties":{"capa":"agua_tanque","nombre":"Cisterna 800 m³ y bombeo"},"geometry":{"type":"Polygon","coordinates":[[[-103.364628,25.558512],[-103.364731,25.558667],[-103.364935,25.558555],[-103.364833,25.558401],[-103.364628,25.558512]]]}},{"type":"Feature","properties":{"capa":"acopio","nombre":"Acopio de basura y reciclaje"},"geometry":{"type":"Polygon","coordinates":[[[-103.363731,25.558963],[-103.363813,25.559087],[-103.363915,25.559031],[-103.363833,25.558907],[-103.363731,25.558963]]]}},{"type":"Feature","properties":{"capa":"agua_pozo","nombre":"Pozo 1 (principal): 14 × 14 m, junto a la cisterna","pozo":"p1"},"geometry":{"type":"Polygon","coordinates":[[[-103.365058,25.558531],[-103.36513,25.558639],[-103.365249,25.558574],[-103.365178,25.558466],[-103.365058,25.558531]]]}},{"type":"Feature","properties":{"capa":"agua_pozo","nombre":"Pozo 2 (respaldo): 12 × 12 m, en Parque Cardenal","pozo":"p2"},"geometry":{"type":"Polygon","coordinates":[[[-103.367108,25.561547],[-103.36717,25.56164],[-103.367272,25.561584],[-103.367211,25.561491],[-103.367108,25.561547]]]}},{"type":"Feature","properties":{"capa":"agua_conduccion","d":150,"nombre":"Conducción del pozo 1 a la cisterna · 6\" · 52 m"},"geometry":{"type":"LineString","coordinates":[[-103.365154,25.558552],[-103.364889,25.558696],[-103.364782,25.558534]]}},{"type":"Feature","properties":{"capa":"agua_conduccion","d":150,"nombre":"Conducción del pozo 2 a la cisterna · 6\" · 509 m"},"geometry":{"type":"LineString","coordinates":[[-103.36719,25.561566],[-103.366632,25.56187],[-103.365682,25.560437],[-103.365691,25.560432],[-103.364526,25.558673],[-103.364782,25.558534]]}},{"type":"Feature","properties":{"capa":"agua_linea","d":100,"nombre":"Cedro · Ø 100 mm","q":0.2,"v":0.03,"j":0.0},"geometry":{"type":"LineString","coordinates":[[-103.364843,25.558359],[-103.364333,25.558637]]}},{"type":"Feature","properties":{"capa":"agua_linea","d":100,"nombre":"Cedro · Ø 100 mm","q":0.9,"v":0.12,"j":0.2},"geometry":{"type":"LineString","coordinates":[[-103.364333,25.558637],[-103.362985,25.559371]]}},{"type":"Feature","properties":{"capa":"agua_linea","d":100,"nombre":"Cedro · Ø 100 mm","q":1.0,"v":0.12,"j":0.2},"geometry":{"type":"LineString","coordinates":[[-103.362985,25.559371],[-103.36162,25.560115]]}},{"type":"Feature","properties":{"capa":"agua_linea","d":100,"nombre":"Cedro · Ø 100 mm","q":0.7,"v":0.09,"j":0.1},"geometry":{"type":"LineString","coordinates":[[-103.36162,25.560115],[-103.360315,25.560826]]}},{"type":"Feature","properties":{"capa":"agua_linea","d":100,"nombre":"Cedro · Ø 100 mm","q":0.4,"v":0.05,"j":0.0},"geometry":{"type":"LineString","coordinates":[[-103.360315,25.560826],[-103.359001,25.561542]]}},{"type":"Feature","properties":{"capa":"agua_linea","d":100,"nombre":"Cedro · Ø 100 mm","q":0.3,"v":0.04,"j":0.0},"geometry":{"type":"LineString","coordinates":[[-103.359001,25.561542],[-103.357668,25.562268]]}},{"type":"Feature","properties":{"capa":"agua_linea","d":100,"nombre":"Encino · Ø 100 mm","q":0.1,"v":0.02,"j":0.0},"geometry":{"type":"LineString","coordinates":[[-103.366056,25.558362],[-103.364657,25.559125]]}},{"type":"Feature","properties":{"capa":"agua_linea","d":100,"nombre":"Encino · Ø 100 mm","q":1.0,"v":0.12,"j":0.2},"geometry":{"type":"LineString","coordinates":[[-103.364657,25.559125],[-103.363309,25.559859]]}},{"type":"Feature","properties":{"capa":"agua_linea","d":100,"nombre":"Encino · Ø 100 mm","q":0.9,"v":0.12,"j":0.2},"geometry":{"type":"LineString","coordinates":[[-103.363309,25.559859],[-103.361944,25.560603]]}},{"type":"Feature","properties":{"capa":"agua_linea","d":100,"nombre":"Encino · Ø 100 mm","q":0.7,"v":0.09,"j":0.1},"geometry":{"type":"LineString","coordinates":[[-103.361944,25.560603],[-103.360638,25.561314]]}},{"type":"Feature","properties":{"capa":"agua_linea","d":100,"nombre":"Encino · Ø 100 mm","q":0.5,"v":0.06,"j":0.1},"geometry":{"type":"LineString","coordinates":[[-103.360638,25.561314],[-103.359325,25.56203]]}},{"type":"Feature","properties":{"capa":"agua_linea","d":100,"nombre":"Encino · Ø 100 mm","q":0.0,"v":0.01,"j":0.0},"geometry":{"type":"LineString","coordinates":[[-103.359325,25.56203],[-103.3579,25.562807]]}},{"type":"Feature","properties":{"capa":"agua_linea","d":100,"nombre":"Encino · Ø 100 mm","q":0.4,"v":0.06,"j":0.0},"geometry":{"type":"LineString","coordinates":[[-103.3579,25.562807],[-103.35765,25.562943]]}},{"type":"Feature","properties":{"capa":"agua_linea","d":100,"nombre":"Fresno · Ø 100 mm","q":0.2,"v":0.03,"j":0.0},"geometry":{"type":"LineString","coordinates":[[-103.367246,25.558365],[-103.36639,25.558832]]}},{"type":"Feature","properties":{"capa":"agua_linea","d":100,"nombre":"Fresno · Ø 100 mm","q":0.5,"v":0.07,"j":0.1},"geometry":{"type":"LineString","coordinates":[[-103.36639,25.558832],[-103.364974,25.559604]]}},{"type":"Feature","properties":{"capa":"agua_linea","d":100,"nombre":"Fresno · Ø 100 mm","q":1.0,"v":0.13,"j":0.2},"geometry":{"type":"LineString","coordinates":[[-103.364974,25.559604],[-103.363626,25.560338]]}},{"type":"Feature","properties":{"capa":"agua_linea","d":100,"nombre":"Fresno · Ø 100 mm","q":0.9,"v":0.12,"j":0.2},"geometry":{"type":"LineString","coordinates":[[-103.363626,25.560338],[-103.362261,25.561082]]}},{"type":"Feature","properties":{"capa":"agua_linea","d":100,"nombre":"Fresno · Ø 100 mm","q":0.7,"v":0.09,"j":0.1},"geometry":{"type":"LineString","coordinates":[[-103.362261,25.561082],[-103.360955,25.561793]]}},{"type":"Feature","properties":{"capa":"agua_linea","d":100,"nombre":"Fresno · Ø 100 mm","q":0.5,"v":0.06,"j":0.1},"geometry":{"type":"LineString","coordinates":[[-103.360955,25.561793],[-103.359642,25.562509]]}},{"type":"Feature","properties":{"capa":"agua_linea","d":100,"nombre":"Fresno · Ø 100 mm","q":0.2,"v":0.02,"j":0.0},"geometry":{"type":"LineString","coordinates":[[-103.359642,25.562509],[-103.358217,25.563285]]}},{"type":"Feature","properties":{"capa":"agua_linea","d":100,"nombre":"Fresno · Ø 100 mm","q":0.1,"v":0.01,"j":0.0},"geometry":{"type":"LineString","coordinates":[[-103.358217,25.563285],[-103.357631,25.563604]]}},{"type":"Feature","properties":{"capa":"agua_linea","d":100,"nombre":"Laurel · Ø 100 mm","q":0.4,"v":0.05,"j":0.0},"geometry":{"type":"LineString","coordinates":[[-103.368307,25.558446],[-103.368101,25.558559]]}},{"type":"Feature","properties":{"capa":"agua_linea","d":100,"nombre":"Laurel · Ø 100 mm","q":0.2,"v":0.03,"j":0.0},"geometry":{"type":"LineString","coordinates":[[-103.368101,25.558559],[-103.366711,25.559316]]}},{"type":"Feature","properties":{"capa":"agua_linea","d":100,"nombre":"Laurel · Ø 100 mm","q":0.2,"v":0.02,"j":0.0},"geometry":{"type":"LineString","coordinates":[[-103.366711,25.559316],[-103.365294,25.560088]]}},{"type":"Feature","properties":{"capa":"agua_linea","d":100,"nombre":"Laurel · Ø 100 mm","q":1.2,"v":0.15,"j":0.3},"geometry":{"type":"LineString","coordinates":[[-103.365294,25.560088],[-103.363947,25.560823]]}},{"type":"Feature","properties":{"capa":"agua_linea","d":100,"nombre":"Laurel · Ø 100 mm","q":1.0,"v":0.12,"j":0.2},"geometry":{"type":"LineString","coordinates":[[-103.363947,25.560823],[-103.362582,25.561566]]}},{"type":"Feature","properties":{"capa":"agua_linea","d":100,"nombre":"Laurel · Ø 100 mm","q":0.7,"v":0.09,"j":0.1},"geometry":{"type":"LineString","coordinates":[[-103.362582,25.561566],[-103.361276,25.562278]]}},{"type":"Feature","properties":{"capa":"agua_linea","d":100,"nombre":"Laurel · Ø 100 mm","q":0.5,"v":0.06,"j":0.1},"geometry":{"type":"LineString","coordinates":[[-103.361276,25.562278],[-103.359962,25.562993]]}},{"type":"Feature","properties":{"capa":"agua_linea","d":100,"nombre":"Laurel · Ø 100 mm","q":0.2,"v":0.03,"j":0.0},"geometry":{"type":"LineString","coordinates":[[-103.359962,25.562993],[-103.358538,25.56377]]}},{"type":"Feature","properties":{"capa":"agua_linea","d":100,"nombre":"Laurel · Ø 100 mm","q":0.3,"v":0.03,"j":0.0},"geometry":{"type":"LineString","coordinates":[[-103.358538,25.56377],[-103.357613,25.564273]]}},{"type":"Feature","properties":{"capa":"agua_linea","d":100,"nombre":"Olmo · Ø 100 mm","q":0.4,"v":0.05,"j":0.0},"geometry":{"type":"LineString","coordinates":[[-103.36901,25.559536],[-103.368818,25.559641]]}},{"type":"Feature","properties":{"capa":"agua_linea","d":100,"nombre":"Olmo · Ø 100 mm","q":0.3,"v":0.04,"j":0.0},"geometry":{"type":"LineString","coordinates":[[-103.368818,25.559641],[-103.367427,25.560398]]}},{"type":"Feature","properties":{"capa":"agua_linea","d":100,"nombre":"Olmo · Ø 100 mm","q":0.4,"v":0.05,"j":0.0},"geometry":{"type":"LineString","coordinates":[[-103.367427,25.560398],[-103.366011,25.56117]]}},{"type":"Feature","properties":{"capa":"agua_linea","d":100,"nombre":"Olmo · Ø 100 mm","q":0.9,"v":0.12,"j":0.2},"geometry":{"type":"LineString","coordinates":[[-103.366011,25.56117],[-103.364663,25.561905]]}},{"type":"Feature","properties":{"capa":"agua_linea","d":100,"nombre":"Olmo · Ø 100 mm","q":0.9,"v":0.12,"j":0.2},"geometry":{"type":"LineString","coordinates":[[-103.364663,25.561905],[-103.363298,25.562648]]}},{"type":"Feature","properties":{"capa":"agua_linea","d":100,"nombre":"Olmo · Ø 100 mm","q":0.7,"v":0.09,"j":0.1},"geometry":{"type":"LineString","coordinates":[[-103.363298,25.562648],[-103.361993,25.56336]]}},{"type":"Feature","properties":{"capa":"agua_linea","d":100,"nombre":"Olmo · Ø 100 mm","q":0.5,"v":0.06,"j":0.1},"geometry":{"type":"LineString","coordinates":[[-103.361993,25.56336],[-103.360679,25.564075]]}},{"type":"Feature","properties":{"capa":"agua_linea","d":100,"nombre":"Olmo · Ø 100 mm","q":0.3,"v":0.04,"j":0.0},"geometry":{"type":"LineString","coordinates":[[-103.360679,25.564075],[-103.359254,25.564852]]}},{"type":"Feature","properties":{"capa":"agua_linea","d":100,"nombre":"Olmo · Ø 100 mm","q":0.4,"v":0.05,"j":0.0},"geometry":{"type":"LineString","coordinates":[[-103.359254,25.564852],[-103.357949,25.565563]]}},{"type":"Feature","properties":{"capa":"agua_linea","d":100,"nombre":"Olmo · Ø 100 mm","q":0.4,"v":0.05,"j":0.0},"geometry":{"type":"LineString","coordinates":[[-103.357949,25.565563],[-103.357741,25.565676]]}},{"type":"Feature","properties":{"capa":"agua_linea","d":100,"nombre":"Pino · Ø 100 mm","q":0.7,"v":0.09,"j":0.1},"geometry":{"type":"LineString","coordinates":[[-103.369215,25.560094],[-103.369144,25.560133]]}},{"type":"Feature","properties":{"capa":"agua_linea","d":100,"nombre":"Pino · Ø 100 mm","q":0.4,"v":0.05,"j":0.0},"geometry":{"type":"LineString","coordinates":[[-103.369144,25.560133],[-103.367753,25.56089]]}},{"type":"Feature","properties":{"capa":"agua_linea","d":100,"nombre":"Pino · Ø 100 mm","q":0.5,"v":0.06,"j":0.0},"geometry":{"type":"LineString","coordinates":[[-103.367753,25.56089],[-103.366337,25.561662]]}},{"type":"Feature","properties":{"capa":"agua_linea","d":100,"nombre":"Pino · Ø 100 mm","q":0.9,"v":0.11,"j":0.2},"geometry":{"type":"LineString","coordinates":[[-103.366337,25.561662],[-103.364989,25.562397]]}},{"type":"Feature","properties":{"capa":"agua_linea","d":100,"nombre":"Pino · Ø 100 mm","q":0.9,"v":0.11,"j":0.2},"geometry":{"type":"LineString","coordinates":[[-103.364989,25.562397],[-103.363624,25.56314]]}},{"type":"Feature","properties":{"capa":"agua_linea","d":100,"nombre":"Pino · Ø 100 mm","q":0.7,"v":0.09,"j":0.1},"geometry":{"type":"LineString","coordinates":[[-103.363624,25.56314],[-103.362319,25.563852]]}},{"type":"Feature","properties":{"capa":"agua_linea","d":100,"nombre":"Pino · Ø 100 mm","q":0.5,"v":0.06,"j":0.0},"geometry":{"type":"LineString","coordinates":[[-103.362319,25.563852],[-103.361005,25.564568]]}},{"type":"Feature","properties":{"capa":"agua_linea","d":100,"nombre":"Pino · Ø 100 mm","q":0.3,"v":0.04,"j":0.0},"geometry":{"type":"LineString","coordinates":[[-103.361005,25.564568],[-103.35958,25.565344]]}},{"type":"Feature","properties":{"capa":"agua_linea","d":100,"nombre":"Pino · Ø 100 mm","q":0.0,"v":0.01,"j":0.0},"geometry":{"type":"LineString","coordinates":[[-103.35958,25.565344],[-103.358266,25.56606]]}},{"type":"Feature","properties":{"capa":"agua_linea","d":100,"nombre":"Roble · Ø 100 mm","q":0.2,"v":0.02,"j":0.0},"geometry":{"type":"LineString","coordinates":[[-103.36942,25.560652],[-103.368079,25.561383]]}},{"type":"Feature","properties":{"capa":"agua_linea","d":100,"nombre":"Roble · Ø 100 mm","q":0.4,"v":0.05,"j":0.0},"geometry":{"type":"LineString","coordinates":[[-103.368079,25.561383],[-103.366663,25.562154]]}},{"type":"Feature","properties":{"capa":"agua_linea","d":100,"nombre":"Roble · Ø 100 mm","q":0.9,"v":0.11,"j":0.2},"geometry":{"type":"LineString","coordinates":[[-103.366663,25.562154],[-103.365315,25.562889]]}},{"type":"Feature","properties":{"capa":"agua_linea","d":100,"nombre":"Roble · Ø 100 mm","q":0.9,"v":0.11,"j":0.2},"geometry":{"type":"LineString","coordinates":[[-103.365315,25.562889],[-103.36395,25.563633]]}},{"type":"Feature","properties":{"capa":"agua_linea","d":100,"nombre":"Roble · Ø 100 mm","q":0.7,"v":0.09,"j":0.1},"geometry":{"type":"LineString","coordinates":[[-103.36395,25.563633],[-103.362645,25.564344]]}},{"type":"Feature","properties":{"capa":"agua_linea","d":100,"nombre":"Roble · Ø 100 mm","q":0.5,"v":0.06,"j":0.1},"geometry":{"type":"LineString","coordinates":[[-103.362645,25.564344],[-103.361331,25.56506]]}},{"type":"Feature","properties":{"capa":"agua_linea","d":100,"nombre":"Roble · Ø 100 mm","q":0.6,"v":0.08,"j":0.1},"geometry":{"type":"LineString","coordinates":[[-103.361331,25.56506],[-103.360975,25.565254]]}},{"type":"Feature","properties":{"capa":"agua_linea","d":200,"nombre":"Bulevar Nogal sur · Ø 200 mm","q":1.9,"v":0.06,"j":0.0},"geometry":{"type":"LineString","coordinates":[[-103.368706,25.55881],[-103.368384,25.558985]]}},{"type":"Feature","properties":{"capa":"agua_linea","d":200,"nombre":"Bulevar Nogal sur · Ø 200 mm","q":2.0,"v":0.06,"j":0.0},"geometry":{"type":"LineString","coordinates":[[-103.368384,25.558985],[-103.366993,25.559743]]}},{"type":"Feature","properties":{"capa":"agua_linea","d":200,"nombre":"Bulevar Nogal sur · Ø 200 mm","q":7.6,"v":0.24,"j":0.3},"geometry":{"type":"LineString","coordinates":[[-103.366993,25.559743],[-103.365684,25.560457]]}},{"type":"Feature","properties":{"capa":"agua_linea","d":200,"nombre":"Bulevar Nogal sur · Ø 200 mm","q":21.5,"v":0.69,"j":2.1},"geometry":{"type":"LineString","coordinates":[[-103.365684,25.560457],[-103.365577,25.560515]]}},{"type":"Feature","properties":{"capa":"agua_linea","d":200,"nombre":"Bulevar Nogal sur · Ø 200 mm","q":9.0,"v":0.29,"j":0.4},"geometry":{"type":"LineString","coordinates":[[-103.365577,25.560515],[-103.364229,25.561249]]}},{"type":"Feature","properties":{"capa":"agua_linea","d":200,"nombre":"Bulevar Nogal sur · Ø 200 mm","q":6.0,"v":0.19,"j":0.2},"geometry":{"type":"LineString","coordinates":[[-103.364229,25.561249],[-103.362864,25.561993]]}},{"type":"Feature","properties":{"capa":"agua_linea","d":200,"nombre":"Bulevar Nogal sur · Ø 200 mm","q":4.3,"v":0.14,"j":0.1},"geometry":{"type":"LineString","coordinates":[[-103.362864,25.561993],[-103.361559,25.562704]]}},{"type":"Feature","properties":{"capa":"agua_linea","d":200,"nombre":"Bulevar Nogal sur · Ø 200 mm","q":3.0,"v":0.1,"j":0.1},"geometry":{"type":"LineString","coordinates":[[-103.361559,25.562704],[-103.360245,25.56342]]}},{"type":"Feature","properties":{"capa":"agua_linea","d":200,"nombre":"Bulevar Nogal sur · Ø 200 mm","q":1.6,"v":0.05,"j":0.0},"geometry":{"type":"LineString","coordinates":[[-103.360245,25.56342],[-103.35882,25.564197]]}},{"type":"Feature","properties":{"capa":"agua_linea","d":200,"nombre":"Bulevar Nogal sur · Ø 200 mm","q":1.0,"v":0.03,"j":0.0},"geometry":{"type":"LineString","coordinates":[[-103.35882,25.564197],[-103.357573,25.564876]]}},{"type":"Feature","properties":{"capa":"agua_linea","d":200,"nombre":"Bulevar Nogal norte · Ø 200 mm","q":1.9,"v":0.06,"j":0.0},"geometry":{"type":"LineString","coordinates":[[-103.368824,25.558988],[-103.368502,25.559163]]}},{"type":"Feature","properties":{"capa":"agua_linea","d":200,"nombre":"Bulevar Nogal norte · Ø 200 mm","q":1.2,"v":0.04,"j":0.0},"geometry":{"type":"LineString","coordinates":[[-103.368502,25.559163],[-103.367111,25.559921]]}},{"type":"Feature","properties":{"capa":"agua_linea","d":200,"nombre":"Bulevar Nogal norte · Ø 200 mm","q":1.4,"v":0.05,"j":0.0},"geometry":{"type":"LineString","coordinates":[[-103.367111,25.559921],[-103.365695,25.560693]]}},{"type":"Feature","properties":{"capa":"agua_linea","d":200,"nombre":"Bulevar Nogal norte · Ø 200 mm","q":6.5,"v":0.21,"j":0.2},"geometry":{"type":"LineString","coordinates":[[-103.365695,25.560693],[-103.364347,25.561427]]}},{"type":"Feature","properties":{"capa":"agua_linea","d":200,"nombre":"Bulevar Nogal norte · Ø 200 mm","q":5.8,"v":0.19,"j":0.2},"geometry":{"type":"LineString","coordinates":[[-103.364347,25.561427],[-103.362982,25.562171]]}},{"type":"Feature","properties":{"capa":"agua_linea","d":200,"nombre":"Bulevar Nogal norte · Ø 200 mm","q":4.5,"v":0.14,"j":0.1},"geometry":{"type":"LineString","coordinates":[[-103.362982,25.562171],[-103.361677,25.562882]]}},{"type":"Feature","properties":{"capa":"agua_linea","d":200,"nombre":"Bulevar Nogal norte · Ø 200 mm","q":3.0,"v":0.1,"j":0.1},"geometry":{"type":"LineString","coordinates":[[-103.361677,25.562882],[-103.360363,25.563598]]}},{"type":"Feature","properties":{"capa":"agua_linea","d":200,"nombre":"Bulevar Nogal norte · Ø 200 mm","q":1.7,"v":0.05,"j":0.0},"geometry":{"type":"LineString","coordinates":[[-103.360363,25.563598],[-103.358938,25.564375]]}},{"type":"Feature","properties":{"capa":"agua_linea","d":200,"nombre":"Bulevar Nogal norte · Ø 200 mm","q":1.2,"v":0.04,"j":0.0},"geometry":{"type":"LineString","coordinates":[[-103.358938,25.564375],[-103.357691,25.565054]]}},{"type":"Feature","properties":{"capa":"agua_linea","d":150,"nombre":"Canario · Ø 150 mm","q":1.2,"v":0.07,"j":0.0},"geometry":{"type":"LineString","coordinates":[[-103.367965,25.558354],[-103.368101,25.558559]]}},{"type":"Feature","properties":{"capa":"agua_linea","d":150,"nombre":"Canario · Ø 150 mm","q":0.9,"v":0.05,"j":0.0},"geometry":{"type":"LineString","coordinates":[[-103.368101,25.558559],[-103.368384,25.558985]]}},{"type":"Feature","properties":{"capa":"agua_linea","d":150,"nombre":"Canario · Ø 150 mm","q":1.6,"v":0.09,"j":0.1},"geometry":{"type":"LineString","coordinates":[[-103.368384,25.558985],[-103.368502,25.559163]]}},{"type":"Feature","properties":{"capa":"agua_linea","d":150,"nombre":"Canario · Ø 150 mm","q":1.4,"v":0.08,"j":0.1},"geometry":{"type":"LineString","coordinates":[[-103.368502,25.559163],[-103.368818,25.559641]]}},{"type":"Feature","properties":{"capa":"agua_linea","d":150,"nombre":"Canario · Ø 150 mm","q":0.5,"v":0.03,"j":0.0},"geometry":{"type":"LineString","coordinates":[[-103.368818,25.559641],[-103.369144,25.560133]]}},{"type":"Feature","properties":{"capa":"agua_linea","d":150,"nombre":"Canario · Ø 150 mm","q":1.6,"v":0.09,"j":0.1},"geometry":{"type":"LineString","coordinates":[[-103.369144,25.560133],[-103.369209,25.560231]]}},{"type":"Feature","properties":{"capa":"agua_linea","d":150,"nombre":"Cardenal · Ø 150 mm","q":0.7,"v":0.04,"j":0.0},"geometry":{"type":"LineString","coordinates":[[-103.36607,25.558349],[-103.36639,25.558832]]}},{"type":"Feature","properties":{"capa":"agua_linea","d":150,"nombre":"Cardenal · Ø 150 mm","q":1.0,"v":0.06,"j":0.0},"geometry":{"type":"LineString","coordinates":[[-103.36639,25.558832],[-103.366711,25.559316]]}},{"type":"Feature","properties":{"capa":"agua_linea","d":150,"nombre":"Cardenal · Ø 150 mm","q":1.6,"v":0.09,"j":0.1},"geometry":{"type":"LineString","coordinates":[[-103.366711,25.559316],[-103.366993,25.559743]]}},{"type":"Feature","properties":{"capa":"agua_linea","d":150,"nombre":"Cardenal · Ø 150 mm","q":3.7,"v":0.21,"j":0.3},"geometry":{"type":"LineString","coordinates":[[-103.366993,25.559743],[-103.367111,25.559921]]}},{"type":"Feature","properties":{"capa":"agua_linea","d":150,"nombre":"Cardenal · Ø 150 mm","q":2.0,"v":0.11,"j":0.1},"geometry":{"type":"LineString","coordinates":[[-103.367111,25.559921],[-103.367427,25.560398]]}},{"type":"Feature","properties":{"capa":"agua_linea","d":150,"nombre":"Cardenal · Ø 150 mm","q":1.3,"v":0.07,"j":0.0},"geometry":{"type":"LineString","coordinates":[[-103.367427,25.560398],[-103.367753,25.56089]]}},{"type":"Feature","properties":{"capa":"agua_linea","d":150,"nombre":"Cardenal · Ø 150 mm","q":0.7,"v":0.04,"j":0.0},"geometry":{"type":"LineString","coordinates":[[-103.367753,25.56089],[-103.368079,25.561383]]}},{"type":"Feature","properties":{"capa":"agua_linea","d":150,"nombre":"Cardenal · Ø 150 mm","q":2.1,"v":0.12,"j":0.1},"geometry":{"type":"LineString","coordinates":[[-103.368079,25.561383],[-103.368122,25.561447]]}},{"type":"Feature","properties":{"capa":"agua_linea","d":150,"nombre":"Garza · Ø 150 mm","q":1.1,"v":0.06,"j":0.0},"geometry":{"type":"LineString","coordinates":[[-103.364194,25.558427],[-103.364333,25.558637]]}},{"type":"Feature","properties":{"capa":"agua_linea","d":150,"nombre":"Garza · Ø 150 mm","q":0.9,"v":0.05,"j":0.0},"geometry":{"type":"LineString","coordinates":[[-103.364333,25.558637],[-103.364657,25.559125]]}},{"type":"Feature","properties":{"capa":"agua_linea","d":150,"nombre":"Garza · Ø 150 mm","q":1.9,"v":0.11,"j":0.1},"geometry":{"type":"LineString","coordinates":[[-103.364657,25.559125],[-103.364974,25.559604]]}},{"type":"Feature","properties":{"capa":"agua_linea","d":150,"nombre":"Garza · Ø 150 mm","q":2.7,"v":0.15,"j":0.2},"geometry":{"type":"LineString","coordinates":[[-103.364974,25.559604],[-103.365294,25.560088]]}},{"type":"Feature","properties":{"capa":"agua_linea","d":150,"nombre":"Garza · Ø 150 mm","q":4.5,"v":0.25,"j":0.5},"geometry":{"type":"LineString","coordinates":[[-103.365294,25.560088],[-103.365577,25.560515]]}},{"type":"Feature","properties":{"capa":"agua_linea","d":150,"nombre":"Garza · Ø 150 mm","q":7.9,"v":0.45,"j":1.3},"geometry":{"type":"LineString","coordinates":[[-103.365577,25.560515],[-103.365695,25.560693]]}},{"type":"Feature","properties":{"capa":"agua_linea","d":150,"nombre":"Garza · Ø 150 mm","q":2.7,"v":0.15,"j":0.2},"geometry":{"type":"LineString","coordinates":[[-103.365695,25.560693],[-103.366011,25.56117]]}},{"type":"Feature","properties":{"capa":"agua_linea","d":150,"nombre":"Garza · Ø 150 mm","q":1.5,"v":0.09,"j":0.1},"geometry":{"type":"LineString","coordinates":[[-103.366011,25.56117],[-103.366337,25.561662]]}},{"type":"Feature","properties":{"capa":"agua_linea","d":150,"nombre":"Garza · Ø 150 mm","q":0.1,"v":0.01,"j":0.0},"geometry":{"type":"LineString","coordinates":[[-103.366337,25.561662],[-103.366663,25.562154]]}},{"type":"Feature","properties":{"capa":"agua_linea","d":150,"nombre":"Garza · Ø 150 mm","q":1.7,"v":0.09,"j":0.1},"geometry":{"type":"LineString","coordinates":[[-103.366663,25.562154],[-103.366732,25.562258]]}},{"type":"Feature","properties":{"capa":"agua_linea","d":150,"nombre":"Gaviota · Ø 150 mm","q":1.3,"v":0.07,"j":0.0},"geometry":{"type":"LineString","coordinates":[[-103.362836,25.559146],[-103.362985,25.559371]]}},{"type":"Feature","properties":{"capa":"agua_linea","d":150,"nombre":"Gaviota · Ø 150 mm","q":0.3,"v":0.02,"j":0.0},"geometry":{"type":"LineString","coordinates":[[-103.362985,25.559371],[-103.363309,25.559859]]}},{"type":"Feature","properties":{"capa":"agua_linea","d":150,"nombre":"Gaviota · Ø 150 mm","q":1.0,"v":0.06,"j":0.0},"geometry":{"type":"LineString","coordinates":[[-103.363309,25.559859],[-103.363626,25.560338]]}},{"type":"Feature","properties":{"capa":"agua_linea","d":150,"nombre":"Gaviota · Ø 150 mm","q":1.3,"v":0.08,"j":0.0},"geometry":{"type":"LineString","coordinates":[[-103.363626,25.560338],[-103.363947,25.560823]]}},{"type":"Feature","properties":{"capa":"agua_linea","d":150,"nombre":"Gaviota · Ø 150 mm","q":1.6,"v":0.09,"j":0.1},"geometry":{"type":"LineString","coordinates":[[-103.363947,25.560823],[-103.364229,25.561249]]}},{"type":"Feature","properties":{"capa":"agua_linea","d":150,"nombre":"Gaviota · Ø 150 mm","q":1.2,"v":0.07,"j":0.0},"geometry":{"type":"LineString","coordinates":[[-103.364229,25.561249],[-103.364347,25.561427]]}},{"type":"Feature","properties":{"capa":"agua_linea","d":150,"nombre":"Gaviota · Ø 150 mm","q":1.5,"v":0.09,"j":0.1},"geometry":{"type":"LineString","coordinates":[[-103.364347,25.561427],[-103.364663,25.561905]]}},{"type":"Feature","properties":{"capa":"agua_linea","d":150,"nombre":"Gaviota · Ø 150 mm","q":1.0,"v":0.05,"j":0.0},"geometry":{"type":"LineString","coordinates":[[-103.364663,25.561905],[-103.364989,25.562397]]}},{"type":"Feature","properties":{"capa":"agua_linea","d":150,"nombre":"Gaviota · Ø 150 mm","q":0.5,"v":0.03,"j":0.0},"geometry":{"type":"LineString","coordinates":[[-103.364989,25.562397],[-103.365315,25.562889]]}},{"type":"Feature","properties":{"capa":"agua_linea","d":150,"nombre":"Gaviota · Ø 150 mm","q":1.3,"v":0.07,"j":0.0},"geometry":{"type":"LineString","coordinates":[[-103.365315,25.562889],[-103.365409,25.56303]]}},{"type":"Feature","properties":{"capa":"agua_linea","d":150,"nombre":"Loro · Ø 150 mm","q":0.9,"v":0.05,"j":0.0},"geometry":{"type":"LineString","coordinates":[[-103.36146,25.559873],[-103.36162,25.560115]]}},{"type":"Feature","properties":{"capa":"agua_linea","d":150,"nombre":"Loro · Ø 150 mm","q":1.1,"v":0.06,"j":0.0},"geometry":{"type":"LineString","coordinates":[[-103.36162,25.560115],[-103.361944,25.560603]]}},{"type":"Feature","properties":{"capa":"agua_linea","d":150,"nombre":"Loro · Ø 150 mm","q":0.7,"v":0.04,"j":0.0},"geometry":{"type":"LineString","coordinates":[[-103.361944,25.560603],[-103.362261,25.561082]]}},{"type":"Feature","properties":{"capa":"agua_linea","d":150,"nombre":"Loro · Ø 150 mm","q":1.1,"v":0.06,"j":0.0},"geometry":{"type":"LineString","coordinates":[[-103.362261,25.561082],[-103.362582,25.561566]]}},{"type":"Feature","properties":{"capa":"agua_linea","d":150,"nombre":"Loro · Ø 150 mm","q":1.3,"v":0.07,"j":0.0},"geometry":{"type":"LineString","coordinates":[[-103.362582,25.561566],[-103.362864,25.561993]]}},{"type":"Feature","properties":{"capa":"agua_linea","d":150,"nombre":"Loro · Ø 150 mm","q":1.1,"v":0.06,"j":0.0},"geometry":{"type":"LineString","coordinates":[[-103.362864,25.561993],[-103.362982,25.562171]]}},{"type":"Feature","properties":{"capa":"agua_linea","d":150,"nombre":"Loro · Ø 150 mm","q":1.2,"v":0.07,"j":0.0},"geometry":{"type":"LineString","coordinates":[[-103.362982,25.562171],[-103.363298,25.562648]]}},{"type":"Feature","properties":{"capa":"agua_linea","d":150,"nombre":"Loro · Ø 150 mm","q":0.8,"v":0.04,"j":0.0},"geometry":{"type":"LineString","coordinates":[[-103.363298,25.562648],[-103.363624,25.56314]]}},{"type":"Feature","properties":{"capa":"agua_linea","d":150,"nombre":"Loro · Ø 150 mm","q":0.5,"v":0.03,"j":0.0},"geometry":{"type":"LineString","coordinates":[[-103.363624,25.56314],[-103.36395,25.563633]]}},{"type":"Feature","properties":{"capa":"agua_linea","d":150,"nombre":"Loro · Ø 150 mm","q":1.1,"v":0.06,"j":0.0},"geometry":{"type":"LineString","coordinates":[[-103.36395,25.563633],[-103.364069,25.563812]]}},{"type":"Feature","properties":{"capa":"agua_linea","d":150,"nombre":"Paloma · Ø 150 mm","q":0.9,"v":0.05,"j":0.0},"geometry":{"type":"LineString","coordinates":[[-103.360145,25.560569],[-103.360315,25.560826]]}},{"type":"Feature","properties":{"capa":"agua_linea","d":150,"nombre":"Paloma · Ø 150 mm","q":1.1,"v":0.06,"j":0.0},"geometry":{"type":"LineString","coordinates":[[-103.360315,25.560826],[-103.360638,25.561314]]}},{"type":"Feature","properties":{"capa":"agua_linea","d":150,"nombre":"Paloma · Ø 150 mm","q":0.4,"v":0.02,"j":0.0},"geometry":{"type":"LineString","coordinates":[[-103.360638,25.561314],[-103.360955,25.561793]]}},{"type":"Feature","properties":{"capa":"agua_linea","d":150,"nombre":"Paloma · Ø 150 mm","q":1.0,"v":0.06,"j":0.0},"geometry":{"type":"LineString","coordinates":[[-103.360955,25.561793],[-103.361276,25.562278]]}},{"type":"Feature","properties":{"capa":"agua_linea","d":150,"nombre":"Paloma · Ø 150 mm","q":1.4,"v":0.08,"j":0.1},"geometry":{"type":"LineString","coordinates":[[-103.361276,25.562278],[-103.361559,25.562704]]}},{"type":"Feature","properties":{"capa":"agua_linea","d":150,"nombre":"Paloma · Ø 150 mm","q":1.0,"v":0.06,"j":0.0},"geometry":{"type":"LineString","coordinates":[[-103.361559,25.562704],[-103.361677,25.562882]]}},{"type":"Feature","properties":{"capa":"agua_linea","d":150,"nombre":"Paloma · Ø 150 mm","q":0.9,"v":0.05,"j":0.0},"geometry":{"type":"LineString","coordinates":[[-103.361677,25.562882],[-103.361993,25.56336]]}},{"type":"Feature","properties":{"capa":"agua_linea","d":150,"nombre":"Paloma · Ø 150 mm","q":0.3,"v":0.01,"j":0.0},"geometry":{"type":"LineString","coordinates":[[-103.361993,25.56336],[-103.362319,25.563852]]}},{"type":"Feature","properties":{"capa":"agua_linea","d":150,"nombre":"Paloma · Ø 150 mm","q":0.6,"v":0.03,"j":0.0},"geometry":{"type":"LineString","coordinates":[[-103.362319,25.563852],[-103.362645,25.564344]]}},{"type":"Feature","properties":{"capa":"agua_linea","d":150,"nombre":"Paloma · Ø 150 mm","q":1.6,"v":0.09,"j":0.1},"geometry":{"type":"LineString","coordinates":[[-103.362645,25.564344],[-103.362724,25.564464]]}},{"type":"Feature","properties":{"capa":"agua_linea","d":150,"nombre":"Perico · Ø 150 mm","q":0.8,"v":0.05,"j":0.0},"geometry":{"type":"LineString","coordinates":[[-103.358821,25.561269],[-103.359001,25.561542]]}},{"type":"Feature","properties":{"capa":"agua_linea","d":150,"nombre":"Perico · Ø 150 mm","q":0.2,"v":0.01,"j":0.0},"geometry":{"type":"LineString","coordinates":[[-103.359001,25.561542],[-103.359325,25.56203]]}},{"type":"Feature","properties":{"capa":"agua_linea","d":150,"nombre":"Perico · Ø 150 mm","q":0.3,"v":0.02,"j":0.0},"geometry":{"type":"LineString","coordinates":[[-103.359325,25.56203],[-103.359642,25.562509]]}},{"type":"Feature","properties":{"capa":"agua_linea","d":150,"nombre":"Perico · Ø 150 mm","q":1.0,"v":0.06,"j":0.0},"geometry":{"type":"LineString","coordinates":[[-103.359642,25.562509],[-103.359962,25.562993]]}},{"type":"Feature","properties":{"capa":"agua_linea","d":150,"nombre":"Perico · Ø 150 mm","q":1.4,"v":0.08,"j":0.1},"geometry":{"type":"LineString","coordinates":[[-103.359962,25.562993],[-103.360245,25.56342]]}},{"type":"Feature","properties":{"capa":"agua_linea","d":150,"nombre":"Perico · Ø 150 mm","q":1.0,"v":0.06,"j":0.0},"geometry":{"type":"LineString","coordinates":[[-103.360245,25.56342],[-103.360363,25.563598]]}},{"type":"Feature","properties":{"capa":"agua_linea","d":150,"nombre":"Perico · Ø 150 mm","q":0.8,"v":0.04,"j":0.0},"geometry":{"type":"LineString","coordinates":[[-103.360363,25.563598],[-103.360679,25.564075]]}},{"type":"Feature","properties":{"capa":"agua_linea","d":150,"nombre":"Perico · Ø 150 mm","q":0.6,"v":0.03,"j":0.0},"geometry":{"type":"LineString","coordinates":[[-103.360679,25.564075],[-103.361005,25.564568]]}},{"type":"Feature","properties":{"capa":"agua_linea","d":150,"nombre":"Perico · Ø 150 mm","q":0.6,"v":0.03,"j":0.0},"geometry":{"type":"LineString","coordinates":[[-103.361005,25.564568],[-103.361331,25.56506]]}},{"type":"Feature","properties":{"capa":"agua_linea","d":150,"nombre":"Quetzal · Ø 150 mm","q":0.7,"v":0.04,"j":0.0},"geometry":{"type":"LineString","coordinates":[[-103.357604,25.56236],[-103.3579,25.562807]]}},{"type":"Feature","properties":{"capa":"agua_linea","d":150,"nombre":"Quetzal · Ø 150 mm","q":0.7,"v":0.04,"j":0.0},"geometry":{"type":"LineString","coordinates":[[-103.3579,25.562807],[-103.358217,25.563285]]}},{"type":"Feature","properties":{"capa":"agua_linea","d":150,"nombre":"Quetzal · Ø 150 mm","q":0.6,"v":0.03,"j":0.0},"geometry":{"type":"LineString","coordinates":[[-103.358217,25.563285],[-103.358538,25.56377]]}},{"type":"Feature","properties":{"capa":"agua_linea","d":150,"nombre":"Quetzal · Ø 150 mm","q":1.3,"v":0.07,"j":0.0},"geometry":{"type":"LineString","coordinates":[[-103.358538,25.56377],[-103.35882,25.564197]]}},{"type":"Feature","properties":{"capa":"agua_linea","d":150,"nombre":"Quetzal · Ø 150 mm","q":1.2,"v":0.07,"j":0.0},"geometry":{"type":"LineString","coordinates":[[-103.35882,25.564197],[-103.358938,25.564375]]}},{"type":"Feature","properties":{"capa":"agua_linea","d":150,"nombre":"Quetzal · Ø 150 mm","q":1.2,"v":0.07,"j":0.0},"geometry":{"type":"LineString","coordinates":[[-103.358938,25.564375],[-103.359254,25.564852]]}},{"type":"Feature","properties":{"capa":"agua_linea","d":150,"nombre":"Quetzal · Ø 150 mm","q":0.4,"v":0.02,"j":0.0},"geometry":{"type":"LineString","coordinates":[[-103.359254,25.564852],[-103.35958,25.565344]]}},{"type":"Feature","properties":{"capa":"agua_linea","d":150,"nombre":"Quetzal · Ø 150 mm","q":1.0,"v":0.05,"j":0.0},"geometry":{"type":"LineString","coordinates":[[-103.35958,25.565344],[-103.359821,25.565708]]}},{"type":"Feature","properties":{"capa":"agua_linea","d":150,"nombre":"Zanate · Ø 150 mm","q":0.6,"v":0.04,"j":0.0},"geometry":{"type":"LineString","coordinates":[[-103.3576,25.565036],[-103.357949,25.565563]]}},{"type":"Feature","properties":{"capa":"agua_linea","d":150,"nombre":"Zanate · Ø 150 mm","q":0.8,"v":0.04,"j":0.0},"geometry":{"type":"LineString","coordinates":[[-103.357949,25.565563],[-103.358338,25.566151]]}},{"type":"Feature","properties":{"capa":"agua_linea","d":200,"nombre":"Alimentación · Ø 200 mm","q":29.4,"v":0.94,"j":3.7},"geometry":{"type":"LineString","coordinates":[[-103.364782,25.558534],[-103.364509,25.558683],[-103.365684,25.560457]]}},{"type":"Feature","properties":{"capa":"agua_nodo","nombre":"Cedro, extremo poniente","p":2.9,"p_inc":2.87,"lotes":0},"geometry":{"type":"Point","coordinates":[-103.364843,25.558359]}},{"type":"Feature","properties":{"capa":"agua_nodo","nombre":"Cedro y Garza","p":2.9,"p_inc":2.87,"lotes":0},"geometry":{"type":"Point","coordinates":[-103.364333,25.558637]}},{"type":"Feature","properties":{"capa":"agua_nodo","nombre":"Cedro y Gaviota","p":2.92,"p_inc":2.89,"lotes":12},"geometry":{"type":"Point","coordinates":[-103.362985,25.559371]}},{"type":"Feature","properties":{"capa":"agua_nodo","nombre":"Cedro y Loro","p":2.93,"p_inc":2.9,"lotes":11},"geometry":{"type":"Point","coordinates":[-103.36162,25.560115]}},{"type":"Feature","properties":{"capa":"agua_nodo","nombre":"Cedro y Paloma","p":2.94,"p_inc":2.92,"lotes":11},"geometry":{"type":"Point","coordinates":[-103.360315,25.560826]}},{"type":"Feature","properties":{"capa":"agua_nodo","nombre":"Cedro y Perico","p":2.96,"p_inc":2.93,"lotes":11},"geometry":{"type":"Point","coordinates":[-103.359001,25.561542]}},{"type":"Feature","properties":{"capa":"agua_nodo","nombre":"Cedro, extremo oriente","p":2.98,"p_inc":2.95,"lotes":13},"geometry":{"type":"Point","coordinates":[-103.357668,25.562268]}},{"type":"Feature","properties":{"capa":"agua_nodo","nombre":"Encino, extremo poniente","p":2.88,"p_inc":2.85,"lotes":0},"geometry":{"type":"Point","coordinates":[-103.366056,25.558362]}},{"type":"Feature","properties":{"capa":"agua_nodo","nombre":"Encino y Garza","p":2.9,"p_inc":2.87,"lotes":0},"geometry":{"type":"Point","coordinates":[-103.364657,25.559125]}},{"type":"Feature","properties":{"capa":"agua_nodo","nombre":"Encino y Gaviota","p":2.91,"p_inc":2.88,"lotes":18},"geometry":{"type":"Point","coordinates":[-103.363309,25.559859]}},{"type":"Feature","properties":{"capa":"agua_nodo","nombre":"Encino y Loro","p":2.93,"p_inc":2.9,"lotes":23},"geometry":{"type":"Point","coordinates":[-103.361944,25.560603]}},{"type":"Feature","properties":{"capa":"agua_nodo","nombre":"Encino y Paloma","p":2.94,"p_inc":2.91,"lotes":22},"geometry":{"type":"Point","coordinates":[-103.360638,25.561314]}},{"type":"Feature","properties":{"capa":"agua_nodo","nombre":"Encino y Perico","p":2.96,"p_inc":2.93,"lotes":23},"geometry":{"type":"Point","coordinates":[-103.359325,25.56203]}},{"type":"Feature","properties":{"capa":"agua_nodo","nombre":"Encino y Quetzal","p":2.97,"p_inc":2.95,"lotes":11},"geometry":{"type":"Point","coordinates":[-103.3579,25.562807]}},{"type":"Feature","properties":{"capa":"agua_nodo","nombre":"Encino, extremo oriente","p":2.98,"p_inc":2.95,"lotes":2},"geometry":{"type":"Point","coordinates":[-103.35765,25.562943]}},{"type":"Feature","properties":{"capa":"agua_nodo","nombre":"Fresno, extremo poniente","p":2.87,"p_inc":2.84,"lotes":8},"geometry":{"type":"Point","coordinates":[-103.367246,25.558365]}},{"type":"Feature","properties":{"capa":"agua_nodo","nombre":"Fresno y Cardenal","p":2.88,"p_inc":2.85,"lotes":11},"geometry":{"type":"Point","coordinates":[-103.36639,25.558832]}},{"type":"Feature","properties":{"capa":"agua_nodo","nombre":"Fresno y Garza","p":2.9,"p_inc":2.87,"lotes":12},"geometry":{"type":"Point","coordinates":[-103.364974,25.559604]}},{"type":"Feature","properties":{"capa":"agua_nodo","nombre":"Fresno y Gaviota","p":2.91,"p_inc":2.88,"lotes":17},"geometry":{"type":"Point","coordinates":[-103.363626,25.560338]}},{"type":"Feature","properties":{"capa":"agua_nodo","nombre":"Fresno y Loro","p":2.92,"p_inc":2.9,"lotes":23},"geometry":{"type":"Point","coordinates":[-103.362261,25.561082]}},{"type":"Feature","properties":{"capa":"agua_nodo","nombre":"Fresno y Paloma","p":2.94,"p_inc":2.91,"lotes":22},"geometry":{"type":"Point","coordinates":[-103.360955,25.561793]}},{"type":"Feature","properties":{"capa":"agua_nodo","nombre":"Fresno y Perico","p":2.95,"p_inc":2.93,"lotes":22},"geometry":{"type":"Point","coordinates":[-103.359642,25.562509]}},{"type":"Feature","properties":{"capa":"agua_nodo","nombre":"Fresno y Quetzal","p":2.97,"p_inc":2.94,"lotes":18},"geometry":{"type":"Point","coordinates":[-103.358217,25.563285]}},{"type":"Feature","properties":{"capa":"agua_nodo","nombre":"Fresno, extremo oriente","p":2.98,"p_inc":2.95,"lotes":7},"geometry":{"type":"Point","coordinates":[-103.357631,25.563604]}},{"type":"Feature","properties":{"capa":"agua_nodo","nombre":"Laurel, extremo poniente","p":2.86,"p_inc":2.83,"lotes":0},"geometry":{"type":"Point","coordinates":[-103.368307,25.558446]}},{"type":"Feature","properties":{"capa":"agua_nodo","nombre":"Laurel y Canario","p":2.86,"p_inc":2.83,"lotes":6},"geometry":{"type":"Point","coordinates":[-103.368101,25.558559]}},{"type":"Feature","properties":{"capa":"agua_nodo","nombre":"Laurel y Cardenal","p":2.88,"p_inc":2.85,"lotes":21},"geometry":{"type":"Point","coordinates":[-103.366711,25.559316]}},{"type":"Feature","properties":{"capa":"agua_nodo","nombre":"Laurel y Garza","p":2.9,"p_inc":2.86,"lotes":23},"geometry":{"type":"Point","coordinates":[-103.365294,25.560088]}},{"type":"Feature","properties":{"capa":"agua_nodo","nombre":"Laurel y Gaviota","p":2.91,"p_inc":2.88,"lotes":17},"geometry":{"type":"Point","coordinates":[-103.363947,25.560823]}},{"type":"Feature","properties":{"capa":"agua_nodo","nombre":"Laurel y Loro","p":2.92,"p_inc":2.89,"lotes":17},"geometry":{"type":"Point","coordinates":[-103.362582,25.561566]}},{"type":"Feature","properties":{"capa":"agua_nodo","nombre":"Laurel y Paloma","p":2.94,"p_inc":2.91,"lotes":22},"geometry":{"type":"Point","coordinates":[-103.361276,25.562278]}},{"type":"Feature","properties":{"capa":"agua_nodo","nombre":"Laurel y Perico","p":2.95,"p_inc":2.92,"lotes":22},"geometry":{"type":"Point","coordinates":[-103.359962,25.562993]}},{"type":"Feature","properties":{"capa":"agua_nodo","nombre":"Laurel y Quetzal","p":2.97,"p_inc":2.94,"lotes":19},"geometry":{"type":"Point","coordinates":[-103.358538,25.56377]}},{"type":"Feature","properties":{"capa":"agua_nodo","nombre":"Laurel, extremo oriente","p":2.98,"p_inc":2.95,"lotes":10},"geometry":{"type":"Point","coordinates":[-103.357613,25.564273]}},{"type":"Feature","properties":{"capa":"agua_nodo","nombre":"Olmo, extremo poniente","p":2.85,"p_inc":2.82,"lotes":1},"geometry":{"type":"Point","coordinates":[-103.36901,25.559536]}},{"type":"Feature","properties":{"capa":"agua_nodo","nombre":"Olmo y Canario","p":2.85,"p_inc":2.82,"lotes":12},"geometry":{"type":"Point","coordinates":[-103.368818,25.559641]}},{"type":"Feature","properties":{"capa":"agua_nodo","nombre":"Olmo y Cardenal","p":2.87,"p_inc":2.83,"lotes":24},"geometry":{"type":"Point","coordinates":[-103.367427,25.560398]}},{"type":"Feature","properties":{"capa":"agua_nodo","nombre":"Olmo y Garza","p":2.89,"p_inc":2.85,"lotes":24},"geometry":{"type":"Point","coordinates":[-103.366011,25.56117]}},{"type":"Feature","properties":{"capa":"agua_nodo","nombre":"Olmo y Gaviota","p":2.9,"p_inc":2.87,"lotes":22},"geometry":{"type":"Point","coordinates":[-103.364663,25.561905]}},{"type":"Feature","properties":{"capa":"agua_nodo","nombre":"Olmo y Loro","p":2.91,"p_inc":2.89,"lotes":24},"geometry":{"type":"Point","coordinates":[-103.363298,25.562648]}},{"type":"Feature","properties":{"capa":"agua_nodo","nombre":"Olmo y Paloma","p":2.93,"p_inc":2.9,"lotes":22},"geometry":{"type":"Point","coordinates":[-103.361993,25.56336]}},{"type":"Feature","properties":{"capa":"agua_nodo","nombre":"Olmo y Perico","p":2.94,"p_inc":2.92,"lotes":22},"geometry":{"type":"Point","coordinates":[-103.360679,25.564075]}},{"type":"Feature","properties":{"capa":"agua_nodo","nombre":"Olmo y Quetzal","p":2.96,"p_inc":2.93,"lotes":24},"geometry":{"type":"Point","coordinates":[-103.359254,25.564852]}},{"type":"Feature","properties":{"capa":"agua_nodo","nombre":"Olmo y Zanate","p":2.98,"p_inc":2.95,"lotes":11},"geometry":{"type":"Point","coordinates":[-103.357949,25.565563]}},{"type":"Feature","properties":{"capa":"agua_nodo","nombre":"Olmo, extremo oriente","p":2.98,"p_inc":2.95,"lotes":0},"geometry":{"type":"Point","coordinates":[-103.357741,25.565676]}},{"type":"Feature","properties":{"capa":"agua_nodo","nombre":"Pino, extremo poniente","p":2.85,"p_inc":2.81,"lotes":0},"geometry":{"type":"Point","coordinates":[-103.369215,25.560094]}},{"type":"Feature","properties":{"capa":"agua_nodo","nombre":"Pino y Canario","p":2.85,"p_inc":2.81,"lotes":6},"geometry":{"type":"Point","coordinates":[-103.369144,25.560133]}},{"type":"Feature","properties":{"capa":"agua_nodo","nombre":"Pino y Cardenal","p":2.87,"p_inc":2.82,"lotes":18},"geometry":{"type":"Point","coordinates":[-103.367753,25.56089]}},{"type":"Feature","properties":{"capa":"agua_nodo","nombre":"Pino y Garza","p":2.88,"p_inc":2.85,"lotes":18},"geometry":{"type":"Point","coordinates":[-103.366337,25.561662]}},{"type":"Feature","properties":{"capa":"agua_nodo","nombre":"Pino y Gaviota","p":2.9,"p_inc":2.87,"lotes":21},"geometry":{"type":"Point","coordinates":[-103.364989,25.562397]}},{"type":"Feature","properties":{"capa":"agua_nodo","nombre":"Pino y Loro","p":2.91,"p_inc":2.88,"lotes":23},"geometry":{"type":"Point","coordinates":[-103.363624,25.56314]}},{"type":"Feature","properties":{"capa":"agua_nodo","nombre":"Pino y Paloma","p":2.93,"p_inc":2.9,"lotes":22},"geometry":{"type":"Point","coordinates":[-103.362319,25.563852]}},{"type":"Feature","properties":{"capa":"agua_nodo","nombre":"Pino y Perico","p":2.94,"p_inc":2.91,"lotes":19},"geometry":{"type":"Point","coordinates":[-103.361005,25.564568]}},{"type":"Feature","properties":{"capa":"agua_nodo","nombre":"Pino y Quetzal","p":2.96,"p_inc":2.93,"lotes":23},"geometry":{"type":"Point","coordinates":[-103.35958,25.565344]}},{"type":"Feature","properties":{"capa":"agua_nodo","nombre":"Pino, extremo oriente","p":2.98,"p_inc":2.95,"lotes":5},"geometry":{"type":"Point","coordinates":[-103.358266,25.56606]}},{"type":"Feature","properties":{"capa":"agua_nodo","nombre":"Roble, extremo poniente","p":2.85,"p_inc":2.29,"lotes":7},"geometry":{"type":"Point","coordinates":[-103.36942,25.560652]}},{"type":"Feature","properties":{"capa":"agua_nodo","nombre":"Roble y Cardenal","p":2.86,"p_inc":2.8,"lotes":5},"geometry":{"type":"Point","coordinates":[-103.368079,25.561383]}},{"type":"Feature","properties":{"capa":"agua_nodo","nombre":"Roble y Garza","p":2.88,"p_inc":2.84,"lotes":6},"geometry":{"type":"Point","coordinates":[-103.366663,25.562154]}},{"type":"Feature","properties":{"capa":"agua_nodo","nombre":"Roble y Gaviota","p":2.89,"p_inc":2.86,"lotes":11},"geometry":{"type":"Point","coordinates":[-103.365315,25.562889]}},{"type":"Feature","properties":{"capa":"agua_nodo","nombre":"Roble y Loro","p":2.91,"p_inc":2.88,"lotes":14},"geometry":{"type":"Point","coordinates":[-103.36395,25.563633]}},{"type":"Feature","properties":{"capa":"agua_nodo","nombre":"Roble y Paloma","p":2.92,"p_inc":2.9,"lotes":11},"geometry":{"type":"Point","coordinates":[-103.362645,25.564344]}},{"type":"Feature","properties":{"capa":"agua_nodo","nombre":"Roble y Perico","p":2.94,"p_inc":2.91,"lotes":6},"geometry":{"type":"Point","coordinates":[-103.361331,25.56506]}},{"type":"Feature","properties":{"capa":"agua_nodo","nombre":"Roble, extremo oriente","p":2.94,"p_inc":2.92,"lotes":11},"geometry":{"type":"Point","coordinates":[-103.360975,25.565254]}},{"type":"Feature","properties":{"capa":"agua_nodo","nombre":"Bulevar Nogal sur, extremo poniente","p":2.85,"p_inc":2.82,"lotes":0},"geometry":{"type":"Point","coordinates":[-103.368706,25.55881]}},{"type":"Feature","properties":{"capa":"agua_nodo","nombre":"Bulevar Nogal sur y Canario","p":2.86,"p_inc":2.83,"lotes":7},"geometry":{"type":"Point","coordinates":[-103.368384,25.558985]}},{"type":"Feature","properties":{"capa":"agua_nodo","nombre":"Bulevar Nogal sur y Cardenal","p":2.88,"p_inc":2.84,"lotes":12},"geometry":{"type":"Point","coordinates":[-103.366993,25.559743]}},{"type":"Feature","properties":{"capa":"agua_nodo","nombre":"Llegada de la cisterna","p":2.9,"p_inc":2.87,"lotes":10},"geometry":{"type":"Point","coordinates":[-103.365684,25.560457]}},{"type":"Feature","properties":{"capa":"agua_nodo","nombre":"Bulevar Nogal sur y Garza","p":2.9,"p_inc":2.86,"lotes":6},"geometry":{"type":"Point","coordinates":[-103.365577,25.560515]}},{"type":"Feature","properties":{"capa":"agua_nodo","nombre":"Bulevar Nogal sur y Gaviota","p":2.91,"p_inc":2.88,"lotes":5},"geometry":{"type":"Point","coordinates":[-103.364229,25.561249]}},{"type":"Feature","properties":{"capa":"agua_nodo","nombre":"Bulevar Nogal sur y Loro","p":2.92,"p_inc":2.89,"lotes":6},"geometry":{"type":"Point","coordinates":[-103.362864,25.561993]}},{"type":"Feature","properties":{"capa":"agua_nodo","nombre":"Bulevar Nogal sur y Paloma","p":2.93,"p_inc":2.91,"lotes":11},"geometry":{"type":"Point","coordinates":[-103.361559,25.562704]}},{"type":"Feature","properties":{"capa":"agua_nodo","nombre":"Bulevar Nogal sur y Perico","p":2.95,"p_inc":2.92,"lotes":11},"geometry":{"type":"Point","coordinates":[-103.360245,25.56342]}},{"type":"Feature","properties":{"capa":"agua_nodo","nombre":"Bulevar Nogal sur y Quetzal","p":2.97,"p_inc":2.94,"lotes":11},"geometry":{"type":"Point","coordinates":[-103.35882,25.564197]}},{"type":"Feature","properties":{"capa":"agua_nodo","nombre":"Bulevar Nogal sur, extremo oriente","p":2.98,"p_inc":2.95,"lotes":1},"geometry":{"type":"Point","coordinates":[-103.357573,25.564876]}},{"type":"Feature","properties":{"capa":"agua_nodo","nombre":"Bulevar Nogal norte, extremo poniente","p":2.85,"p_inc":2.82,"lotes":0},"geometry":{"type":"Point","coordinates":[-103.368824,25.558988]}},{"type":"Feature","properties":{"capa":"agua_nodo","nombre":"Bulevar Nogal norte y Canario","p":2.86,"p_inc":2.82,"lotes":7},"geometry":{"type":"Point","coordinates":[-103.368502,25.559163]}},{"type":"Feature","properties":{"capa":"agua_nodo","nombre":"Bulevar Nogal norte y Cardenal","p":2.87,"p_inc":2.84,"lotes":12},"geometry":{"type":"Point","coordinates":[-103.367111,25.559921]}},{"type":"Feature","properties":{"capa":"agua_nodo","nombre":"Bulevar Nogal norte y Garza","p":2.89,"p_inc":2.86,"lotes":9},"geometry":{"type":"Point","coordinates":[-103.365695,25.560693]}},{"type":"Feature","properties":{"capa":"agua_nodo","nombre":"Bulevar Nogal norte y Gaviota","p":2.9,"p_inc":2.87,"lotes":12},"geometry":{"type":"Point","coordinates":[-103.364347,25.561427]}},{"type":"Feature","properties":{"capa":"agua_nodo","nombre":"Bulevar Nogal norte y Loro","p":2.92,"p_inc":2.89,"lotes":12},"geometry":{"type":"Point","coordinates":[-103.362982,25.562171]}},{"type":"Feature","properties":{"capa":"agua_nodo","nombre":"Bulevar Nogal norte y Paloma","p":2.93,"p_inc":2.9,"lotes":11},"geometry":{"type":"Point","coordinates":[-103.361677,25.562882]}},{"type":"Feature","properties":{"capa":"agua_nodo","nombre":"Bulevar Nogal norte y Perico","p":2.95,"p_inc":2.92,"lotes":11},"geometry":{"type":"Point","coordinates":[-103.360363,25.563598]}},{"type":"Feature","properties":{"capa":"agua_nodo","nombre":"Bulevar Nogal norte y Quetzal","p":2.96,"p_inc":2.94,"lotes":11},"geometry":{"type":"Point","coordinates":[-103.358938,25.564375]}},{"type":"Feature","properties":{"capa":"agua_nodo","nombre":"Bulevar Nogal norte, extremo oriente","p":2.98,"p_inc":2.95,"lotes":6},"geometry":{"type":"Point","coordinates":[-103.357691,25.565054]}},{"type":"Feature","properties":{"capa":"agua_nodo","nombre":"Canario, extremo sur","p":2.86,"p_inc":2.83,"lotes":1},"geometry":{"type":"Point","coordinates":[-103.367965,25.558354]}},{"type":"Feature","properties":{"capa":"agua_nodo","nombre":"Canario, extremo norte","p":2.85,"p_inc":2.81,"lotes":6},"geometry":{"type":"Point","coordinates":[-103.369209,25.560231]}},{"type":"Feature","properties":{"capa":"agua_nodo","nombre":"Cardenal, extremo sur","p":2.88,"p_inc":2.85,"lotes":0},"geometry":{"type":"Point","coordinates":[-103.36607,25.558349]}},{"type":"Feature","properties":{"capa":"agua_nodo","nombre":"Cardenal, extremo norte","p":2.86,"p_inc":2.8,"lotes":0},"geometry":{"type":"Point","coordinates":[-103.368122,25.561447]}},{"type":"Feature","properties":{"capa":"agua_nodo","nombre":"Garza, extremo sur","p":2.9,"p_inc":2.87,"lotes":0},"geometry":{"type":"Point","coordinates":[-103.364194,25.558427]}},{"type":"Feature","properties":{"capa":"agua_nodo","nombre":"Garza, extremo norte","p":2.88,"p_inc":2.84,"lotes":0},"geometry":{"type":"Point","coordinates":[-103.366732,25.562258]}},{"type":"Feature","properties":{"capa":"agua_nodo","nombre":"Gaviota, extremo sur","p":2.92,"p_inc":2.89,"lotes":7},"geometry":{"type":"Point","coordinates":[-103.362836,25.559146]}},{"type":"Feature","properties":{"capa":"agua_nodo","nombre":"Gaviota, extremo norte","p":2.89,"p_inc":2.86,"lotes":3},"geometry":{"type":"Point","coordinates":[-103.365409,25.56303]}},{"type":"Feature","properties":{"capa":"agua_nodo","nombre":"Loro, extremo sur","p":2.93,"p_inc":2.9,"lotes":11},"geometry":{"type":"Point","coordinates":[-103.36146,25.559873]}},{"type":"Feature","properties":{"capa":"agua_nodo","nombre":"Loro, extremo norte","p":2.91,"p_inc":2.88,"lotes":8},"geometry":{"type":"Point","coordinates":[-103.364069,25.563812]}},{"type":"Feature","properties":{"capa":"agua_nodo","nombre":"Paloma, extremo sur","p":2.95,"p_inc":2.92,"lotes":11},"geometry":{"type":"Point","coordinates":[-103.360145,25.560569]}},{"type":"Feature","properties":{"capa":"agua_nodo","nombre":"Paloma, extremo norte","p":2.92,"p_inc":2.89,"lotes":2},"geometry":{"type":"Point","coordinates":[-103.362724,25.564464]}},{"type":"Feature","properties":{"capa":"agua_nodo","nombre":"Perico, extremo sur","p":2.96,"p_inc":2.93,"lotes":11},"geometry":{"type":"Point","coordinates":[-103.358821,25.561269]}},{"type":"Feature","properties":{"capa":"agua_nodo","nombre":"Quetzal, extremo sur","p":2.98,"p_inc":2.95,"lotes":0},"geometry":{"type":"Point","coordinates":[-103.357604,25.56236]}},{"type":"Feature","properties":{"capa":"agua_nodo","nombre":"Quetzal, extremo norte","p":2.96,"p_inc":2.93,"lotes":4},"geometry":{"type":"Point","coordinates":[-103.359821,25.565708]}},{"type":"Feature","properties":{"capa":"agua_nodo","nombre":"Zanate, extremo sur","p":2.98,"p_inc":2.95,"lotes":0},"geometry":{"type":"Point","coordinates":[-103.3576,25.565036]}},{"type":"Feature","properties":{"capa":"agua_nodo","nombre":"Zanate, extremo norte","p":2.97,"p_inc":2.95,"lotes":4},"geometry":{"type":"Point","coordinates":[-103.358338,25.566151]}},{"type":"Feature","properties":{"capa":"agua_nodo","nombre":"Cisterna y bombeo: 30 m de carga (3.0 kg/cm²)","p":3.0,"p_inc":3.0,"lotes":0,"fuente":1},"geometry":{"type":"Point","coordinates":[-103.364782,25.558534]}},{"type":"Feature","properties":{"capa":"hidrante"},"geometry":{"type":"Point","coordinates":[-103.364316,25.558646]}},{"type":"Feature","properties":{"capa":"hidrante"},"geometry":{"type":"Point","coordinates":[-103.361603,25.560124]}},{"type":"Feature","properties":{"capa":"hidrante"},"geometry":{"type":"Point","coordinates":[-103.358984,25.561551]}},{"type":"Feature","properties":{"capa":"hidrante"},"geometry":{"type":"Point","coordinates":[-103.363292,25.559869]}},{"type":"Feature","properties":{"capa":"hidrante"},"geometry":{"type":"Point","coordinates":[-103.360621,25.561324]}},{"type":"Feature","properties":{"capa":"hidrante"},"geometry":{"type":"Point","coordinates":[-103.357883,25.562816]}},{"type":"Feature","properties":{"capa":"hidrante"},"geometry":{"type":"Point","coordinates":[-103.364957,25.559613]}},{"type":"Feature","properties":{"capa":"hidrante"},"geometry":{"type":"Point","coordinates":[-103.362244,25.561091]}},{"type":"Feature","properties":{"capa":"hidrante"},"geometry":{"type":"Point","coordinates":[-103.359624,25.562518]}},{"type":"Feature","properties":{"capa":"hidrante"},"geometry":{"type":"Point","coordinates":[-103.366694,25.559326]}},{"type":"Feature","properties":{"capa":"hidrante"},"geometry":{"type":"Point","coordinates":[-103.363929,25.560832]}},{"type":"Feature","properties":{"capa":"hidrante"},"geometry":{"type":"Point","coordinates":[-103.361259,25.562287]}},{"type":"Feature","properties":{"capa":"hidrante"},"geometry":{"type":"Point","coordinates":[-103.358521,25.563779]}},{"type":"Feature","properties":{"capa":"hidrante"},"geometry":{"type":"Point","coordinates":[-103.368801,25.55965]}},{"type":"Feature","properties":{"capa":"hidrante"},"geometry":{"type":"Point","coordinates":[-103.365994,25.561179]}},{"type":"Feature","properties":{"capa":"hidrante"},"geometry":{"type":"Point","coordinates":[-103.363281,25.562658]}},{"type":"Feature","properties":{"capa":"hidrante"},"geometry":{"type":"Point","coordinates":[-103.360662,25.564085]}},{"type":"Feature","properties":{"capa":"hidrante"},"geometry":{"type":"Point","coordinates":[-103.357932,25.565572]}},{"type":"Feature","properties":{"capa":"hidrante"},"geometry":{"type":"Point","coordinates":[-103.367736,25.5609]}},{"type":"Feature","properties":{"capa":"hidrante"},"geometry":{"type":"Point","coordinates":[-103.364972,25.562406]}},{"type":"Feature","properties":{"capa":"hidrante"},"geometry":{"type":"Point","coordinates":[-103.362302,25.563861]}},{"type":"Feature","properties":{"capa":"hidrante"},"geometry":{"type":"Point","coordinates":[-103.359563,25.565353]}},{"type":"Feature","properties":{"capa":"hidrante"},"geometry":{"type":"Point","coordinates":[-103.366646,25.562164]}},{"type":"Feature","properties":{"capa":"hidrante"},"geometry":{"type":"Point","coordinates":[-103.363933,25.563642]}},{"type":"Feature","properties":{"capa":"hidrante"},"geometry":{"type":"Point","coordinates":[-103.361314,25.565069]}},{"type":"Feature","properties":{"capa":"hidrante"},"geometry":{"type":"Point","coordinates":[-103.367094,25.55993]}},{"type":"Feature","properties":{"capa":"hidrante"},"geometry":{"type":"Point","coordinates":[-103.36433,25.561437]}},{"type":"Feature","properties":{"capa":"hidrante"},"geometry":{"type":"Point","coordinates":[-103.36166,25.562892]}},{"type":"Feature","properties":{"capa":"hidrante"},"geometry":{"type":"Point","coordinates":[-103.358921,25.564384]}},{"type":"Feature","properties":{"capa":"morada","d":100,"nombre":"Principal 4\" (camellón)"},"geometry":{"type":"LineString","coordinates":[[-103.358072,25.56581],[-103.358157,25.565763],[-103.357629,25.564966],[-103.368765,25.558899]]}},{"type":"Feature","properties":{"capa":"morada","d":75,"nombre":"Transversal 3\""},"geometry":{"type":"LineString","coordinates":[[-103.368042,25.558312],[-103.369286,25.56019]]}},{"type":"Feature","properties":{"capa":"morada","d":75,"nombre":"Transversal 3\""},"geometry":{"type":"LineString","coordinates":[[-103.366146,25.558307],[-103.368198,25.561405]]}},{"type":"Feature","properties":{"capa":"morada","d":75,"nombre":"Transversal 3\""},"geometry":{"type":"LineString","coordinates":[[-103.364271,25.558385],[-103.366808,25.562216]]}},{"type":"Feature","properties":{"capa":"morada","d":75,"nombre":"Transversal 3\""},"geometry":{"type":"LineString","coordinates":[[-103.362913,25.559104],[-103.365486,25.562989]]}},{"type":"Feature","properties":{"capa":"morada","d":75,"nombre":"Transversal 3\""},"geometry":{"type":"LineString","coordinates":[[-103.361537,25.559831],[-103.364146,25.563771]]}},{"type":"Feature","properties":{"capa":"morada","d":75,"nombre":"Transversal 3\""},"geometry":{"type":"LineString","coordinates":[[-103.360222,25.560527],[-103.362801,25.564422]]}},{"type":"Feature","properties":{"capa":"morada","d":75,"nombre":"Transversal 3\""},"geometry":{"type":"LineString","coordinates":[[-103.358898,25.561228],[-103.361408,25.565019]]}},{"type":"Feature","properties":{"capa":"morada","d":75,"nombre":"Transversal 3\""},"geometry":{"type":"LineString","coordinates":[[-103.357681,25.562318],[-103.359898,25.565666]]}},{"type":"Feature","properties":{"capa":"morada","d":75,"nombre":"Transversal 3\""},"geometry":{"type":"LineString","coordinates":[[-103.357676,25.564994],[-103.358415,25.566109]]}},{"type":"Feature","properties":{"capa":"trafo"},"geometry":{"type":"Point","coordinates":[-103.362904,25.55942]}},{"type":"Feature","properties":{"capa":"trafo"},"geometry":{"type":"Point","coordinates":[-103.361943,25.55984]}},{"type":"Feature","properties":{"capa":"trafo"},"geometry":{"type":"Point","coordinates":[-103.361009,25.560452]}},{"type":"Feature","properties":{"capa":"trafo"},"geometry":{"type":"Point","coordinates":[-103.359978,25.560911]}},{"type":"Feature","properties":{"capa":"trafo"},"geometry":{"type":"Point","coordinates":[-103.359154,25.561463]}},{"type":"Feature","properties":{"capa":"trafo"},"geometry":{"type":"Point","coordinates":[-103.358149,25.561907]}},{"type":"Feature","properties":{"capa":"trafo"},"geometry":{"type":"Point","coordinates":[-103.363233,25.559905]}},{"type":"Feature","properties":{"capa":"trafo"},"geometry":{"type":"Point","coordinates":[-103.362411,25.56025]}},{"type":"Feature","properties":{"capa":"trafo"},"geometry":{"type":"Point","coordinates":[-103.361556,25.560819]}},{"type":"Feature","properties":{"capa":"trafo"},"geometry":{"type":"Point","coordinates":[-103.360743,25.561159]}},{"type":"Feature","properties":{"capa":"trafo"},"geometry":{"type":"Point","coordinates":[-103.359925,25.561707]}},{"type":"Feature","properties":{"capa":"trafo"},"geometry":{"type":"Point","coordinates":[-103.358911,25.562157]}},{"type":"Feature","properties":{"capa":"trafo"},"geometry":{"type":"Point","coordinates":[-103.35821,25.562642]}},{"type":"Feature","properties":{"capa":"trafo"},"geometry":{"type":"Point","coordinates":[-103.366519,25.558766]}},{"type":"Feature","properties":{"capa":"trafo"},"geometry":{"type":"Point","coordinates":[-103.364622,25.559696]}},{"type":"Feature","properties":{"capa":"trafo"},"geometry":{"type":"Point","coordinates":[-103.363336,25.5605]}},{"type":"Feature","properties":{"capa":"trafo"},"geometry":{"type":"Point","coordinates":[-103.362433,25.560889]}},{"type":"Feature","properties":{"capa":"trafo"},"geometry":{"type":"Point","coordinates":[-103.361554,25.561471]}},{"type":"Feature","properties":{"capa":"trafo"},"geometry":{"type":"Point","coordinates":[-103.360611,25.561881]}},{"type":"Feature","properties":{"capa":"trafo"},"geometry":{"type":"Point","coordinates":[-103.359897,25.562374]}},{"type":"Feature","properties":{"capa":"trafo"},"geometry":{"type":"Point","coordinates":[-103.358876,25.562827]}},{"type":"Feature","properties":{"capa":"trafo"},"geometry":{"type":"Point","coordinates":[-103.358075,25.563367]}},{"type":"Feature","properties":{"capa":"trafo"},"geometry":{"type":"Point","coordinates":[-103.367574,25.55885]}},{"type":"Feature","properties":{"capa":"trafo"},"geometry":{"type":"Point","coordinates":[-103.36658,25.559289]}},{"type":"Feature","properties":{"capa":"trafo"},"geometry":{"type":"Point","coordinates":[-103.365761,25.559838]}},{"type":"Feature","properties":{"capa":"trafo"},"geometry":{"type":"Point","coordinates":[-103.364843,25.560235]}},{"type":"Feature","properties":{"capa":"trafo"},"geometry":{"type":"Point","coordinates":[-103.364093,25.560747]}},{"type":"Feature","properties":{"capa":"trafo"},"geometry":{"type":"Point","coordinates":[-103.362366,25.561585]}},{"type":"Feature","properties":{"capa":"trafo"},"geometry":{"type":"Point","coordinates":[-103.36164,25.562084]}},{"type":"Feature","properties":{"capa":"trafo"},"geometry":{"type":"Point","coordinates":[-103.360603,25.562546]}},{"type":"Feature","properties":{"capa":"trafo"},"geometry":{"type":"Point","coordinates":[-103.359787,25.563093]}},{"type":"Feature","properties":{"capa":"trafo"},"geometry":{"type":"Point","coordinates":[-103.358973,25.563434]}},{"type":"Feature","properties":{"capa":"trafo"},"geometry":{"type":"Point","coordinates":[-103.35805,25.564039]}},{"type":"Feature","properties":{"capa":"trafo"},"geometry":{"type":"Point","coordinates":[-103.368416,25.559864]}},{"type":"Feature","properties":{"capa":"trafo"},"geometry":{"type":"Point","coordinates":[-103.367524,25.560246]}},{"type":"Feature","properties":{"capa":"trafo"},"geometry":{"type":"Point","coordinates":[-103.366709,25.560794]}},{"type":"Feature","properties":{"capa":"trafo"},"geometry":{"type":"Point","coordinates":[-103.365658,25.561264]}},{"type":"Feature","properties":{"capa":"trafo"},"geometry":{"type":"Point","coordinates":[-103.364811,25.561828]}},{"type":"Feature","properties":{"capa":"trafo"},"geometry":{"type":"Point","coordinates":[-103.363806,25.562272]}},{"type":"Feature","properties":{"capa":"trafo"},"geometry":{"type":"Point","coordinates":[-103.362988,25.562822]}},{"type":"Feature","properties":{"capa":"trafo"},"geometry":{"type":"Point","coordinates":[-103.362076,25.563215]}},{"type":"Feature","properties":{"capa":"trafo"},"geometry":{"type":"Point","coordinates":[-103.361142,25.563827]}},{"type":"Feature","properties":{"capa":"trafo"},"geometry":{"type":"Point","coordinates":[-103.360099,25.564292]}},{"type":"Feature","properties":{"capa":"trafo"},"geometry":{"type":"Point","coordinates":[-103.359402,25.564775]}},{"type":"Feature","properties":{"capa":"trafo"},"geometry":{"type":"Point","coordinates":[-103.358359,25.56524]}},{"type":"Feature","properties":{"capa":"trafo"},"geometry":{"type":"Point","coordinates":[-103.368748,25.560353]}},{"type":"Feature","properties":{"capa":"trafo"},"geometry":{"type":"Point","coordinates":[-103.367841,25.560744]}},{"type":"Feature","properties":{"capa":"trafo"},"geometry":{"type":"Point","coordinates":[-103.366165,25.56176]}},{"type":"Feature","properties":{"capa":"trafo"},"geometry":{"type":"Point","coordinates":[-103.365335,25.562109]}},{"type":"Feature","properties":{"capa":"trafo"},"geometry":{"type":"Point","coordinates":[-103.364305,25.562774]}},{"type":"Feature","properties":{"capa":"trafo"},"geometry":{"type":"Point","coordinates":[-103.363287,25.563225]}},{"type":"Feature","properties":{"capa":"trafo"},"geometry":{"type":"Point","coordinates":[-103.362543,25.563734]}},{"type":"Feature","properties":{"capa":"trafo"},"geometry":{"type":"Point","coordinates":[-103.361528,25.564184]}},{"type":"Feature","properties":{"capa":"trafo"},"geometry":{"type":"Point","coordinates":[-103.360597,25.564794]}},{"type":"Feature","properties":{"capa":"trafo"},"geometry":{"type":"Point","coordinates":[-103.359784,25.565134]}},{"type":"Feature","properties":{"capa":"trafo"},"geometry":{"type":"Point","coordinates":[-103.358852,25.565745]}},{"type":"Feature","properties":{"capa":"trafo"},"geometry":{"type":"Point","coordinates":[-103.368659,25.561071]}},{"type":"Feature","properties":{"capa":"trafo"},"geometry":{"type":"Point","coordinates":[-103.365578,25.562646]}},{"type":"Feature","properties":{"capa":"trafo"},"geometry":{"type":"Point","coordinates":[-103.364426,25.563378]}},{"type":"Feature","properties":{"capa":"trafo"},"geometry":{"type":"Point","coordinates":[-103.3635,25.563779]}},{"type":"Feature","properties":{"capa":"trafo"},"geometry":{"type":"Point","coordinates":[-103.362344,25.564512]}},{"type":"Feature","properties":{"capa":"trafo"},"geometry":{"type":"Point","coordinates":[-103.360657,25.565328]}},{"type":"Feature","properties":{"capa":"trafo"},"geometry":{"type":"Point","coordinates":[-103.367517,25.559437]}},{"type":"Feature","properties":{"capa":"trafo"},"geometry":{"type":"Point","coordinates":[-103.365708,25.560423]}},{"type":"Feature","properties":{"capa":"trafo"},"geometry":{"type":"Point","coordinates":[-103.362362,25.562246]}},{"type":"Feature","properties":{"capa":"trafo"},"geometry":{"type":"Point","coordinates":[-103.360488,25.563267]}},{"type":"Feature","properties":{"capa":"trafo"},"geometry":{"type":"Point","coordinates":[-103.35854,25.564328]}},{"type":"Feature","properties":{"capa":"trafo"},"geometry":{"type":"Point","coordinates":[-103.367782,25.559577]}},{"type":"Feature","properties":{"capa":"trafo"},"geometry":{"type":"Point","coordinates":[-103.365977,25.56056]}},{"type":"Feature","properties":{"capa":"trafo"},"geometry":{"type":"Point","coordinates":[-103.364092,25.561587]}},{"type":"Feature","properties":{"capa":"trafo"},"geometry":{"type":"Point","coordinates":[-103.362359,25.562532]}},{"type":"Feature","properties":{"capa":"trafo"},"geometry":{"type":"Point","coordinates":[-103.360509,25.56354]}},{"type":"Feature","properties":{"capa":"trafo"},"geometry":{"type":"Point","coordinates":[-103.35854,25.564613]}},{"type":"Feature","properties":{"capa":"trafo_esp","nombre":"Club social · 150 kVA trifásico"},"geometry":{"type":"Point","coordinates":[-103.365539,25.558923]}},{"type":"Feature","properties":{"capa":"trafo_esp","nombre":"Club deportivo · 112.5 kVA trifásico"},"geometry":{"type":"Point","coordinates":[-103.364157,25.559676]}},{"type":"Feature","properties":{"capa":"trafo_esp","nombre":"Acceso, súper y comercio · 150 kVA trifásico"},"geometry":{"type":"Point","coordinates":[-103.364378,25.558505]}},{"type":"Feature","properties":{"capa":"trafo_esp","nombre":"Planta y bombeo · 150 kVA trifásico"},"geometry":{"type":"Point","coordinates":[-103.357893,25.565788]}},{"type":"Feature","properties":{"capa":"mesa","nombre":"Cruce elevado"},"geometry":{"type":"Polygon","coordinates":[[[-103.368482,25.55895],[-103.368518,25.559004],[-103.368548,25.558988],[-103.368512,25.558933],[-103.368482,25.55895]]]}},{"type":"Feature","properties":{"capa":"mesa","nombre":"Cruce elevado"},"geometry":{"type":"Polygon","coordinates":[[[-103.368547,25.559047],[-103.368583,25.559101],[-103.368612,25.559085],[-103.368577,25.559031],[-103.368547,25.559047]]]}},{"type":"Feature","properties":{"capa":"mesa","nombre":"Cruce elevado"},"geometry":{"type":"Polygon","coordinates":[[[-103.367092,25.559708],[-103.367127,25.559762],[-103.367157,25.559745],[-103.367121,25.559691],[-103.367092,25.559708]]]}},{"type":"Feature","properties":{"capa":"mesa","nombre":"Cruce elevado"},"geometry":{"type":"Polygon","coordinates":[[[-103.367156,25.559805],[-103.367192,25.559859],[-103.367222,25.559843],[-103.367186,25.559789],[-103.367156,25.559805]]]}},{"type":"Feature","properties":{"capa":"mesa","nombre":"Cruce elevado"},"geometry":{"type":"Polygon","coordinates":[[[-103.365675,25.560479],[-103.365711,25.560533],[-103.365741,25.560517],[-103.365705,25.560463],[-103.365675,25.560479]]]}},{"type":"Feature","properties":{"capa":"mesa","nombre":"Cruce elevado"},"geometry":{"type":"Polygon","coordinates":[[[-103.36574,25.560577],[-103.365776,25.560631],[-103.365806,25.560615],[-103.36577,25.56056],[-103.36574,25.560577]]]}},{"type":"Feature","properties":{"capa":"mesa","nombre":"Cruce elevado"},"geometry":{"type":"Polygon","coordinates":[[[-103.364327,25.561214],[-103.364363,25.561268],[-103.364393,25.561252],[-103.364357,25.561197],[-103.364327,25.561214]]]}},{"type":"Feature","properties":{"capa":"mesa","nombre":"Cruce elevado"},"geometry":{"type":"Polygon","coordinates":[[[-103.364392,25.561311],[-103.364428,25.561365],[-103.364458,25.561349],[-103.364422,25.561295],[-103.364392,25.561311]]]}},{"type":"Feature","properties":{"capa":"mesa","nombre":"Cruce elevado"},"geometry":{"type":"Polygon","coordinates":[[[-103.362962,25.561958],[-103.362998,25.562012],[-103.363028,25.561995],[-103.362992,25.561941],[-103.362962,25.561958]]]}},{"type":"Feature","properties":{"capa":"mesa","nombre":"Cruce elevado"},"geometry":{"type":"Polygon","coordinates":[[[-103.363027,25.562055],[-103.363063,25.562109],[-103.363093,25.562093],[-103.363057,25.562039],[-103.363027,25.562055]]]}},{"type":"Feature","properties":{"capa":"mesa","nombre":"Cruce elevado"},"geometry":{"type":"Polygon","coordinates":[[[-103.361657,25.562669],[-103.361693,25.562723],[-103.361723,25.562707],[-103.361687,25.562652],[-103.361657,25.562669]]]}},{"type":"Feature","properties":{"capa":"mesa","nombre":"Cruce elevado"},"geometry":{"type":"Polygon","coordinates":[[[-103.361722,25.562766],[-103.361758,25.56282],[-103.361787,25.562804],[-103.361752,25.56275],[-103.361722,25.562766]]]}},{"type":"Feature","properties":{"capa":"mesa","nombre":"Cruce elevado"},"geometry":{"type":"Polygon","coordinates":[[[-103.360343,25.563385],[-103.360379,25.563439],[-103.360409,25.563422],[-103.360373,25.563368],[-103.360343,25.563385]]]}},{"type":"Feature","properties":{"capa":"mesa","nombre":"Cruce elevado"},"geometry":{"type":"Polygon","coordinates":[[[-103.360408,25.563482],[-103.360444,25.563536],[-103.360474,25.56352],[-103.360438,25.563466],[-103.360408,25.563482]]]}},{"type":"Feature","properties":{"capa":"mesa","nombre":"Cruce elevado"},"geometry":{"type":"Polygon","coordinates":[[[-103.358919,25.564161],[-103.358954,25.564215],[-103.358984,25.564199],[-103.358948,25.564145],[-103.358919,25.564161]]]}},{"type":"Feature","properties":{"capa":"mesa","nombre":"Cruce elevado"},"geometry":{"type":"Polygon","coordinates":[[[-103.358983,25.564258],[-103.359019,25.564313],[-103.359049,25.564296],[-103.359013,25.564242],[-103.358983,25.564258]]]}},{"type":"Feature","properties":{"capa":"mesa","nombre":"Cruce elevado"},"geometry":{"type":"Polygon","coordinates":[[[-103.34507,25.529523],[-103.345088,25.52955],[-103.345147,25.529518],[-103.345129,25.529491],[-103.34507,25.529523]]]}},{"type":"Feature","properties":{"capa":"emergencia","nombre":"Salida de emergencia (calle Loro)"},"geometry":{"type":"LineString","coordinates":[[-103.364097,25.563776],[-103.364164,25.563877]]}},{"type":"Feature","properties":{"capa":"emergencia_p","nombre":"Salida de emergencia · Loro"},"geometry":{"type":"Point","coordinates":[-103.36412,25.563811]}},{"type":"Feature","properties":{"capa":"barda_tramo","lado":"poniente","nombre":"Muro ciego · detrás del frente comercial (Espinoza)","largo":374},"geometry":{"type":"LineString","coordinates":[[-103.364376,25.558278],[-103.368099,25.558288]]}},{"type":"Feature","properties":{"capa":"barda_tramo","lado":"poniente","nombre":"Muro ciego · detrás del frente comercial (Espinoza)","largo":64},"geometry":{"type":"LineString","coordinates":[[-103.368099,25.558288],[-103.368678,25.55852]]}},{"type":"Feature","properties":{"capa":"barda_tramo","lado":"poniente","nombre":"Muro ciego · detrás del frente comercial (Espinoza)","largo":255},"geometry":{"type":"LineString","coordinates":[[-103.368678,25.55852],[-103.369483,25.560707]]}},{"type":"Feature","properties":{"capa":"barda_tramo","lado":"norte","nombre":"Muro ciego · calle del norte","largo":697},"geometry":{"type":"LineString","coordinates":[[-103.369483,25.560707],[-103.363646,25.564114]]}},{"type":"Feature","properties":{"capa":"barda_tramo","lado":"norte","nombre":"Muro ciego · calle del norte","largo":500},"geometry":{"type":"LineString","coordinates":[[-103.363646,25.564114],[-103.359151,25.56604]]}},{"type":"Feature","properties":{"capa":"barda_tramo","lado":"oriente","nombre":"Muro ciego · colindancia","largo":108},"geometry":{"type":"LineString","coordinates":[[-103.359151,25.56604],[-103.358099,25.566224]]}},{"type":"Feature","properties":{"capa":"barda_tramo","lado":"oriente","nombre":"Muro ciego · colindancia","largo":47},"geometry":{"type":"LineString","coordinates":[[-103.358099,25.566224],[-103.357713,25.565992]]}},{"type":"Feature","properties":{"capa":"barda_tramo","lado":"oriente","nombre":"Muro ciego · colindancia","largo":159},"geometry":{"type":"LineString","coordinates":[[-103.357713,25.565992],[-103.357531,25.564569]]}},{"type":"Feature","properties":{"capa":"barda_tramo","lado":"oriente","nombre":"Muro ciego · colindancia","largo":300},"geometry":{"type":"LineString","coordinates":[[-103.357531,25.564569],[-103.357606,25.561859]]}},{"type":"Feature","properties":{"capa":"barda_tramo","lado":"sur","nombre":"Muro de identidad · frente a la calzada","largo":787},"geometry":{"type":"LineString","coordinates":[[-103.357606,25.561859],[-103.364376,25.558278]]}},{"type":"Feature","properties":{"capa":"camara_perim"},"geometry":{"type":"Point","coordinates":[-103.364973,25.55828]}},{"type":"Feature","properties":{"capa":"camara_perim"},"geometry":{"type":"Point","coordinates":[-103.36557,25.558281]}},{"type":"Feature","properties":{"capa":"camara_perim"},"geometry":{"type":"Point","coordinates":[-103.366167,25.558283]}},{"type":"Feature","properties":{"capa":"camara_perim"},"geometry":{"type":"Point","coordinates":[-103.366764,25.558284]}},{"type":"Feature","properties":{"capa":"camara_perim"},"geometry":{"type":"Point","coordinates":[-103.367361,25.558286]}},{"type":"Feature","properties":{"capa":"camara_perim"},"geometry":{"type":"Point","coordinates":[-103.367959,25.558287]}},{"type":"Feature","properties":{"capa":"camara_perim"},"geometry":{"type":"Point","coordinates":[-103.368517,25.558455]}},{"type":"Feature","properties":{"capa":"camara_perim"},"geometry":{"type":"Point","coordinates":[-103.368811,25.558882]}},{"type":"Feature","properties":{"capa":"camara_perim"},"geometry":{"type":"Point","coordinates":[-103.369,25.559396]}},{"type":"Feature","properties":{"capa":"camara_perim"},"geometry":{"type":"Point","coordinates":[-103.369189,25.559909]}},{"type":"Feature","properties":{"capa":"camara_perim"},"geometry":{"type":"Point","coordinates":[-103.369378,25.560423]}},{"type":"Feature","properties":{"capa":"camara_perim"},"geometry":{"type":"Point","coordinates":[-103.369258,25.560838]}},{"type":"Feature","properties":{"capa":"camara_perim"},"geometry":{"type":"Point","coordinates":[-103.368756,25.561132]}},{"type":"Feature","properties":{"capa":"camara_perim"},"geometry":{"type":"Point","coordinates":[-103.368254,25.561425]}},{"type":"Feature","properties":{"capa":"camara_perim"},"geometry":{"type":"Point","coordinates":[-103.367752,25.561718]}},{"type":"Feature","properties":{"capa":"camara_perim"},"geometry":{"type":"Point","coordinates":[-103.36725,25.562011]}},{"type":"Feature","properties":{"capa":"camara_perim"},"geometry":{"type":"Point","coordinates":[-103.366748,25.562304]}},{"type":"Feature","properties":{"capa":"camara_perim"},"geometry":{"type":"Point","coordinates":[-103.366245,25.562597]}},{"type":"Feature","properties":{"capa":"camara_perim"},"geometry":{"type":"Point","coordinates":[-103.365743,25.56289]}},{"type":"Feature","properties":{"capa":"camara_perim"},"geometry":{"type":"Point","coordinates":[-103.365241,25.563183]}},{"type":"Feature","properties":{"capa":"camara_perim"},"geometry":{"type":"Point","coordinates":[-103.364739,25.563476]}},{"type":"Feature","properties":{"capa":"camara_perim"},"geometry":{"type":"Point","coordinates":[-103.364237,25.56377]}},{"type":"Feature","properties":{"capa":"camara_perim"},"geometry":{"type":"Point","coordinates":[-103.363735,25.564063]}},{"type":"Feature","properties":{"capa":"camara_perim"},"geometry":{"type":"Point","coordinates":[-103.363201,25.564305]}},{"type":"Feature","properties":{"capa":"camara_perim"},"geometry":{"type":"Point","coordinates":[-103.362661,25.564536]}},{"type":"Feature","properties":{"capa":"camara_perim"},"geometry":{"type":"Point","coordinates":[-103.362121,25.564768]}},{"type":"Feature","properties":{"capa":"camara_perim"},"geometry":{"type":"Point","coordinates":[-103.361582,25.564999]}},{"type":"Feature","properties":{"capa":"camara_perim"},"geometry":{"type":"Point","coordinates":[-103.361042,25.56523]}},{"type":"Feature","properties":{"capa":"camara_perim"},"geometry":{"type":"Point","coordinates":[-103.360502,25.565462]}},{"type":"Feature","properties":{"capa":"camara_perim"},"geometry":{"type":"Point","coordinates":[-103.359962,25.565693]}},{"type":"Feature","properties":{"capa":"camara_perim"},"geometry":{"type":"Point","coordinates":[-103.359422,25.565924]}},{"type":"Feature","properties":{"capa":"camara_perim"},"geometry":{"type":"Point","coordinates":[-103.358859,25.566091]}},{"type":"Feature","properties":{"capa":"camara_perim"},"geometry":{"type":"Point","coordinates":[-103.358272,25.566194]}},{"type":"Feature","properties":{"capa":"camara_perim"},"geometry":{"type":"Point","coordinates":[-103.357748,25.566013]}},{"type":"Feature","properties":{"capa":"camara_perim"},"geometry":{"type":"Point","coordinates":[-103.357649,25.565492]}},{"type":"Feature","properties":{"capa":"camara_perim"},"geometry":{"type":"Point","coordinates":[-103.35758,25.564954]}},{"type":"Feature","properties":{"capa":"camara_perim"},"geometry":{"type":"Point","coordinates":[-103.357535,25.564415]}},{"type":"Feature","properties":{"capa":"camara_perim"},"geometry":{"type":"Point","coordinates":[-103.35755,25.563874]}},{"type":"Feature","properties":{"capa":"camara_perim"},"geometry":{"type":"Point","coordinates":[-103.357565,25.563332]}},{"type":"Feature","properties":{"capa":"camara_perim"},"geometry":{"type":"Point","coordinates":[-103.35758,25.562791]}},{"type":"Feature","properties":{"capa":"camara_perim"},"geometry":{"type":"Point","coordinates":[-103.357595,25.562249]}},{"type":"Feature","properties":{"capa":"camara_perim"},"geometry":{"type":"Point","coordinates":[-103.35775,25.561783]}},{"type":"Feature","properties":{"capa":"camara_perim"},"geometry":{"type":"Point","coordinates":[-103.358266,25.56151]}},{"type":"Feature","properties":{"capa":"camara_perim"},"geometry":{"type":"Point","coordinates":[-103.358782,25.561237]}},{"type":"Feature","properties":{"capa":"camara_perim"},"geometry":{"type":"Point","coordinates":[-103.359298,25.560964]}},{"type":"Feature","properties":{"capa":"camara_perim"},"geometry":{"type":"Point","coordinates":[-103.359814,25.560691]}},{"type":"Feature","properties":{"capa":"camara_perim"},"geometry":{"type":"Point","coordinates":[-103.360329,25.560419]}},{"type":"Feature","properties":{"capa":"camara_perim"},"geometry":{"type":"Point","coordinates":[-103.360845,25.560146]}},{"type":"Feature","properties":{"capa":"camara_perim"},"geometry":{"type":"Point","coordinates":[-103.361361,25.559873]}},{"type":"Feature","properties":{"capa":"camara_perim"},"geometry":{"type":"Point","coordinates":[-103.361877,25.5596]}},{"type":"Feature","properties":{"capa":"camara_perim"},"geometry":{"type":"Point","coordinates":[-103.362393,25.559327]}},{"type":"Feature","properties":{"capa":"camara_perim"},"geometry":{"type":"Point","coordinates":[-103.362909,25.559054]}},{"type":"Feature","properties":{"capa":"camara_perim"},"geometry":{"type":"Point","coordinates":[-103.363424,25.558781]}},{"type":"Feature","properties":{"capa":"camara_perim"},"geometry":{"type":"Point","coordinates":[-103.36394,25.558508]}},{"type":"Feature","properties":{"capa":"acceso_obra","nombre":"Acceso de obra (temporal, etapas 1 a 4) y salida de emergencia · Loro"},"geometry":{"type":"Point","coordinates":[-103.36412,25.563811]}}]}