{"type":"FeatureCollection","generado":"2026-10-06","referencia":{"nombre":"Real del Nogalar","lat":25.60174,"lon":-103.39234},"features":[{"type":"Feature","properties":{"id":1,"estado":"activa","confianza":"alta","area_m2":17839,"perimetro_m":604,"largo_m":170,"ancho_m":140,"lat":25.595333,"lon":-103.375081,"municipio":"Torreón","cerca_de":"La Paz","dist_ref_km":1.9,"d_ciudad_km":0.1,"altura_m":4.8,"precio_m2":950,"precio_m2_min":620,"precio_m2_max":1420,"valor":17000000,"valor_min":11000000,"valor_max":25000000,"grupo":1,"grupo_bloques":4,"grupo_m2":98220},"geometry":{"type":"Polygon","coordinates":[[[-103.37593,25.5948],[-103.37592,25.59561],[-103.37564,25.59562],[-103.37562,25.59597],[-103.37516,25.59596],[-103.37512,25.59605],[-103.37432,25.59604],[-103.37433,25.5958],[-103.37423,25.59577],[-103.37424,25.59505],[-103.37539,25.59506],[-103.37543,25.59497],[-103.37553,25.59494],[-103.37554,25.59479],[-103.37593,25.5948]]]}},{"type":"Feature","properties":{"id":2,"estado":"activa","confianza":"alta","area_m2":43011,"perimetro_m":987,"largo_m":331,"ancho_m":178,"lat":25.596766,"lon":-103.374514,"municipio":"Torreón","cerca_de":"La Paz","dist_ref_km":1.9,"d_ciudad_km":0.1,"altura_m":4.6,"precio_m2":870,"precio_m2_min":570,"precio_m2_max":1300,"valor":37000000,"valor_min":24000000,"valor_max":56000000,"grupo":1,"grupo_bloques":4,"grupo_m2":98220},"geometry":{"type":"Polygon","coordinates":[[[-103.37612,25.59606],[-103.3761,25.59696],[-103.37591,25.59707],[-103.3759,25.59723],[-103.3752,25.59722],[-103.37508,25.59705],[-103.37484,25.59704],[-103.3748,25.5974],[-103.37472,25.59741],[-103.3746,25.59758],[-103.37414,25.59758],[-103.374,25.59775],[-103.37351,25.59775],[-103.3735,25.59759],[-103.37341,25.59757],[-103.37339,25.59749],[-103.37311,25.59747],[-103.3731,25.5974],[-103.37291,25.59729],[-103.37292,25.59657],[-103.37301,25.59656],[-103.37302,25.59648],[-103.3733,25.59648],[-103.37332,25.59639],[-103.3736,25.59639],[-103.37363,25.59621],[-103.37408,25.59622],[-103.37412,25.59613],[-103.37517,25.59614],[-103.37522,25.59605],[-103.37612,25.59606]]]}},{"type":"Feature","properties":{"id":3,"estado":"activa","confianza":"alta","area_m2":9516,"perimetro_m":438,"largo_m":147,"ancho_m":84,"lat":25.595851,"lon":-103.373431,"municipio":"Torreón","cerca_de":"La Paz","dist_ref_km":2.0,"d_ciudad_km":0.1,"altura_m":1.7,"precio_m2":990,"precio_m2_min":640,"precio_m2_max":1480,"valor":9400000,"valor_min":6100000,"valor_max":14000000,"grupo":1,"grupo_bloques":4,"grupo_m2":98220},"geometry":{"type":"Polygon","coordinates":[[[-103.37413,25.5955],[-103.37413,25.59604],[-103.37404,25.59605],[-103.37402,25.59613],[-103.37337,25.59612],[-103.37323,25.5963],[-103.37293,25.5963],[-103.3729,25.59621],[-103.37273,25.5962],[-103.37274,25.59566],[-103.37282,25.59565],[-103.37284,25.59557],[-103.37379,25.59558],[-103.37383,25.59549],[-103.37413,25.5955]]]}},{"type":"Feature","properties":{"id":4,"estado":"activa","confianza":"alta","area_m2":27854,"perimetro_m":1002,"largo_m":359,"ancho_m":131,"lat":25.59469,"lon":-103.373494,"municipio":"Torreón","cerca_de":"La Paz","dist_ref_km":2.0,"d_ciudad_km":0.0,"altura_m":3.6,"precio_m2":930,"precio_m2_min":600,"precio_m2_max":1390,"valor":26000000,"valor_min":17000000,"valor_max":39000000,"grupo":1,"grupo_bloques":4,"grupo_m2":98220},"geometry":{"type":"Polygon","coordinates":[[[-103.37595,25.59389],[-103.37594,25.59461],[-103.37576,25.59462],[-103.37574,25.5947],[-103.37494,25.59469],[-103.37481,25.59451],[-103.37438,25.59451],[-103.37434,25.59469],[-103.37414,25.59481],[-103.37413,25.59541],[-103.37378,25.5954],[-103.37373,25.59549],[-103.37274,25.59548],[-103.37274,25.59516],[-103.37264,25.59512],[-103.37265,25.59458],[-103.37321,25.59458],[-103.37325,25.59449],[-103.37362,25.5945],[-103.37365,25.59441],[-103.37431,25.59442],[-103.37435,25.59424],[-103.37443,25.59422],[-103.37445,25.59415],[-103.37472,25.59414],[-103.37485,25.59397],[-103.37521,25.59397],[-103.37525,25.59388],[-103.37595,25.59389]]]}},{"type":"Feature","properties":{"id":5,"estado":"activa","confianza":"alta","area_m2":66305,"perimetro_m":1258,"largo_m":432,"ancho_m":197,"lat":25.63183,"lon":-103.42742,"municipio":"Gómez Palacio","cerca_de":"San Sebastián","dist_ref_km":4.9,"d_ciudad_km":1.6,"altura_m":2.1,"precio_m2":380,"precio_m2_min":240,"precio_m2_max":560,"valor":25000000,"valor_min":16000000,"valor_max":37000000},"geometry":{"type":"Polygon","coordinates":[[[-103.42943,25.63068],[-103.42942,25.63104],[-103.42925,25.63104],[-103.42922,25.63113],[-103.42913,25.63114],[-103.42912,25.63131],[-103.42904,25.63132],[-103.42902,25.6314],[-103.42882,25.63151],[-103.42881,25.63176],[-103.42863,25.63177],[-103.42861,25.63193],[-103.42853,25.63195],[-103.42851,25.63202],[-103.42843,25.63203],[-103.42841,25.63211],[-103.42822,25.63222],[-103.42821,25.63229],[-103.42813,25.6323],[-103.42811,25.63238],[-103.42803,25.63239],[-103.42801,25.63247],[-103.42782,25.63257],[-103.42781,25.63274],[-103.42761,25.63285],[-103.4276,25.63301],[-103.42742,25.63302],[-103.4274,25.63319],[-103.42721,25.63321],[-103.4272,25.63336],[-103.4267,25.63336],[-103.42669,25.63329],[-103.4266,25.63327],[-103.42648,25.63309],[-103.42601,25.63308],[-103.42598,25.633],[-103.42581,25.63299],[-103.42582,25.63227],[-103.42601,25.63225],[-103.42602,25.632],[-103.42622,25.63189],[-103.42623,25.63173],[-103.4264,25.63172],[-103.42643,25.63155],[-103.42662,25.63153],[-103.42663,25.63137],[-103.42682,25.63136],[-103.42683,25.63119],[-103.42703,25.63108],[-103.42703,25.63092],[-103.42711,25.63092],[-103.42713,25.63084],[-103.42722,25.63083],[-103.42723,25.63075],[-103.42742,25.63064],[-103.42744,25.63048],[-103.42763,25.63046],[-103.42764,25.6303],[-103.42834,25.63031],[-103.42846,25.63049],[-103.42903,25.6305],[-103.42905,25.63067],[-103.42943,25.63068]]]}},{"type":"Feature","properties":{"id":6,"estado":"activa","confianza":"alta","area_m2":395416,"perimetro_m":4075,"largo_m":1139,"ancho_m":514,"lat":25.561434,"lon":-103.364754,"municipio":"Torreón","cerca_de":"La Paz","dist_ref_km":5.3,"d_ciudad_km":0.0,"altura_m":4.6,"precio_m2":670,"precio_m2_min":440,"precio_m2_max":1010,"valor":270000000,"valor_min":170000000,"valor_max":400000000},"geometry":{"type":"Polygon","coordinates":[[[-103.36943,25.56033],[-103.36943,25.56069],[-103.36934,25.5607],[-103.36913,25.56095],[-103.36896,25.56095],[-103.36893,25.56104],[-103.36875,25.56105],[-103.36862,25.56122],[-103.36845,25.56123],[-103.36832,25.5614],[-103.36815,25.5614],[-103.36802,25.56157],[-103.36785,25.56158],[-103.36772,25.56175],[-103.36755,25.56175],[-103.36742,25.56193],[-103.36724,25.56194],[-103.36712,25.56211],[-103.36694,25.56211],[-103.36682,25.56228],[-103.36665,25.56229],[-103.36662,25.56237],[-103.36644,25.56238],[-103.36642,25.56246],[-103.36614,25.56246],[-103.36612,25.56255],[-103.36602,25.56257],[-103.36602,25.56273],[-103.36585,25.56273],[-103.36582,25.56281],[-103.36564,25.56282],[-103.36551,25.56299],[-103.36524,25.563],[-103.36511,25.56317],[-103.36503,25.56318],[-103.36501,25.56326],[-103.36484,25.56326],[-103.36481,25.56334],[-103.36414,25.56334],[-103.36411,25.5637],[-103.36402,25.56372],[-103.36401,25.56388],[-103.36364,25.56388],[-103.36361,25.56405],[-103.36344,25.56406],[-103.36341,25.56414],[-103.36284,25.56414],[-103.36281,25.5644],[-103.36221,25.5644],[-103.36219,25.56431],[-103.36201,25.56431],[-103.36199,25.56404],[-103.36162,25.56403],[-103.36162,25.5637],[-103.36142,25.56367],[-103.36143,25.56326],[-103.36139,25.56322],[-103.36115,25.56323],[-103.36113,25.56344],[-103.36123,25.56348],[-103.36122,25.56417],[-103.36142,25.5643],[-103.36141,25.56457],[-103.36111,25.56457],[-103.36099,25.56439],[-103.36082,25.56438],[-103.36083,25.56361],[-103.36073,25.56357],[-103.36069,25.56348],[-103.36037,25.56348],[-103.36033,25.56356],[-103.36015,25.56357],[-103.36013,25.56365],[-103.35986,25.56365],[-103.35973,25.56383],[-103.35945,25.56384],[-103.35943,25.56401],[-103.35903,25.564],[-103.35903,25.56384],[-103.35884,25.56373],[-103.35884,25.56346],[-103.35892,25.56345],[-103.35904,25.56328],[-103.35923,25.56326],[-103.35924,25.56306],[-103.3592,25.56301],[-103.35895,25.56301],[-103.35895,25.56265],[-103.35905,25.56262],[-103.35905,25.5624],[-103.3588,25.56237],[-103.35875,25.56246],[-103.35836,25.56246],[-103.35836,25.5621],[-103.35846,25.56206],[-103.35847,25.56147],[-103.35966,25.56148],[-103.35966,25.56191],[-103.35991,25.56193],[-103.35996,25.56185],[-103.36043,25.56184],[-103.36046,25.56167],[-103.36054,25.56166],[-103.36066,25.56149],[-103.36139,25.56149],[-103.36135,25.56107],[-103.36116,25.56105],[-103.36115,25.56097],[-103.36106,25.56095],[-103.36107,25.56059],[-103.36124,25.56059],[-103.36127,25.56051],[-103.36197,25.56051],[-103.36199,25.5606],[-103.36223,25.5606],[-103.36226,25.56052],[-103.36244,25.56051],[-103.36246,25.56043],[-103.36274,25.56042],[-103.36286,25.56025],[-103.36304,25.56025],[-103.36317,25.56008],[-103.36325,25.56006],[-103.36327,25.55999],[-103.36345,25.55998],[-103.36346,25.55965],[-103.36327,25.55953],[-103.36326,25.55936],[-103.36308,25.55935],[-103.36308,25.55899],[-103.36334,25.55899],[-103.36338,25.5589],[-103.36364,25.55891],[-103.36368,25.55882],[-103.36396,25.55881],[-103.36398,25.55855],[-103.36416,25.55854],[-103.36418,25.55846],[-103.36437,25.55836],[-103.36438,25.55828],[-103.36568,25.5583],[-103.36571,25.55838],[-103.36593,25.55839],[-103.36598,25.5583],[-103.36727,25.55832],[-103.36731,25.55841],[-103.36807,25.55841],[-103.3681,25.5585],[-103.36856,25.55851],[-103.36857,25.55859],[-103.36866,25.5586],[-103.36865,25.5593],[-103.36885,25.55942],[-103.36885,25.55957],[-103.36894,25.5596],[-103.36895,25.55976],[-103.36914,25.55987],[-103.36914,25.56002],[-103.36924,25.56005],[-103.36924,25.56021],[-103.36943,25.56033]],[[-103.36313,25.5626],[-103.3631,25.56252],[-103.36287,25.56251],[-103.36283,25.5626],[-103.36256,25.5626],[-103.36243,25.56278],[-103.36184,25.56279],[-103.36183,25.56328],[-103.36203,25.5634],[-103.36202,25.56373],[-103.36212,25.56377],[-103.36214,25.56385],[-103.3625,25.56385],[-103.36252,25.56341],[-103.36288,25.56341],[-103.36292,25.56332],[-103.36301,25.5633],[-103.36303,25.56296],[-103.36323,25.56292],[-103.36323,25.56264],[-103.36313,25.5626]]]}},{"type":"Feature","properties":{"id":7,"estado":"activa","confianza":"media","area_m2":7873,"perimetro_m":383,"largo_m":110,"ancho_m":100,"lat":25.557202,"lon":-103.367636,"municipio":"Torreón","cerca_de":"Santa Fé","dist_ref_km":5.5,"d_ciudad_km":0.2,"altura_m":1.8,"precio_m2":980,"precio_m2_min":640,"precio_m2_max":1470,"valor":7700000,"valor_min":5000000,"valor_max":12000000},"geometry":{"type":"Polygon","coordinates":[[[-103.36808,25.55715],[-103.36808,25.5576],[-103.36781,25.5576],[-103.36778,25.55769],[-103.36748,25.55769],[-103.36747,25.55744],[-103.36728,25.55741],[-103.36728,25.55725],[-103.36709,25.55714],[-103.36709,25.55687],[-103.36718,25.55686],[-103.36729,25.55669],[-103.36779,25.5567],[-103.3678,25.55677],[-103.36789,25.55679],[-103.36789,25.55704],[-103.36808,25.55715]]]}},{"type":"Feature","properties":{"id":8,"estado":"activa","confianza":"alta","area_m2":101424,"perimetro_m":2856,"largo_m":741,"ancho_m":262,"lat":25.649718,"lon":-103.411066,"municipio":"Gómez Palacio","cerca_de":"San José de Viñedo","dist_ref_km":5.6,"d_ciudad_km":2.3,"altura_m":5.8,"precio_m2":290,"precio_m2_min":190,"precio_m2_max":440,"valor":29000000,"valor_min":19000000,"valor_max":44000000},"geometry":{"type":"Polygon","coordinates":[[[-103.41343,25.65073],[-103.41342,25.65109],[-103.41334,25.6511],[-103.41332,25.65118],[-103.41324,25.65119],[-103.41322,25.65127],[-103.41314,25.65128],[-103.41312,25.65136],[-103.41293,25.65146],[-103.41292,25.65154],[-103.41262,25.65157],[-103.41262,25.65206],[-103.41271,25.65208],[-103.41275,25.65217],[-103.41311,25.65217],[-103.4131,25.65271],[-103.4126,25.65271],[-103.41257,25.65235],[-103.41224,25.65234],[-103.41221,25.65243],[-103.41181,25.65243],[-103.41181,25.65163],[-103.41122,25.65161],[-103.41121,25.65153],[-103.41103,25.65143],[-103.41102,25.65108],[-103.41083,25.65106],[-103.4107,25.65088],[-103.41044,25.65088],[-103.41042,25.6508],[-103.41034,25.65079],[-103.41033,25.65071],[-103.41024,25.6507],[-103.41023,25.65062],[-103.41014,25.6506],[-103.41003,25.65043],[-103.40994,25.65042],[-103.40995,25.65006],[-103.41005,25.65002],[-103.41004,25.64962],[-103.4098,25.64961],[-103.40975,25.6497],[-103.40946,25.64969],[-103.40946,25.64924],[-103.40966,25.64921],[-103.40966,25.64872],[-103.40927,25.6487],[-103.40927,25.64836],[-103.40898,25.64833],[-103.40885,25.64816],[-103.40808,25.64814],[-103.40809,25.64787],[-103.40826,25.64787],[-103.40829,25.64779],[-103.40877,25.64778],[-103.40878,25.6477],[-103.40887,25.64769],[-103.40889,25.64761],[-103.40897,25.6476],[-103.40899,25.64752],[-103.40907,25.64751],[-103.40909,25.64743],[-103.40917,25.64742],[-103.40919,25.64734],[-103.40927,25.64733],[-103.40929,25.64725],[-103.40948,25.64715],[-103.4095,25.64671],[-103.40979,25.64672],[-103.40979,25.64695],[-103.40989,25.64699],[-103.4099,25.64724],[-103.41009,25.64726],[-103.4101,25.64734],[-103.41018,25.64735],[-103.41019,25.64743],[-103.41028,25.64745],[-103.41029,25.64752],[-103.41038,25.64754],[-103.41039,25.64761],[-103.41048,25.64763],[-103.41049,25.6477],[-103.41058,25.64772],[-103.41069,25.64789],[-103.41077,25.6479],[-103.41077,25.64817],[-103.41069,25.64818],[-103.41067,25.64826],[-103.41059,25.64827],[-103.41057,25.64835],[-103.41049,25.64836],[-103.41047,25.64844],[-103.41039,25.64845],[-103.41037,25.64853],[-103.41017,25.64864],[-103.41017,25.64896],[-103.41026,25.64898],[-103.41039,25.64916],[-103.41086,25.64917],[-103.41087,25.64942],[-103.41111,25.64944],[-103.41116,25.64908],[-103.41125,25.64906],[-103.41126,25.6489],[-103.41144,25.64889],[-103.41146,25.64872],[-103.41176,25.64873],[-103.41177,25.6488],[-103.41196,25.64891],[-103.41197,25.64907],[-103.41205,25.64909],[-103.41217,25.64926],[-103.41225,25.64927],[-103.41225,25.64963],[-103.41206,25.64974],[-103.41204,25.64999],[-103.41184,25.65011],[-103.41184,25.6504],[-103.41203,25.65053],[-103.41204,25.65088],[-103.41243,25.6509],[-103.41242,25.65117],[-103.41233,25.65121],[-103.41233,25.65142],[-103.41261,25.65143],[-103.41262,25.65126],[-103.41282,25.65115],[-103.41283,25.65081],[-103.41291,25.6508],[-103.41293,25.65072],[-103.41343,25.65073]]]}},{"type":"Feature","properties":{"id":9,"estado":"activa","confianza":"alta","area_m2":134071,"perimetro_m":2609,"largo_m":923,"ancho_m":279,"lat":25.653072,"lon":-103.405296,"municipio":"Gómez Palacio","cerca_de":"San José de Viñedo","dist_ref_km":5.8,"d_ciudad_km":2.0,"altura_m":5.3,"precio_m2":300,"precio_m2_min":200,"precio_m2_max":460,"valor":41000000,"valor_min":26000000,"valor_max":61000000},"geometry":{"type":"Polygon","coordinates":[[[-103.40959,25.65466],[-103.40958,25.65529],[-103.40938,25.65532],[-103.40938,25.65574],[-103.4092,25.65575],[-103.40918,25.65583],[-103.40878,25.65583],[-103.40878,25.65558],[-103.40858,25.65546],[-103.40857,25.65538],[-103.40823,25.65537],[-103.40818,25.65564],[-103.40801,25.65564],[-103.40798,25.65573],[-103.40761,25.65573],[-103.40748,25.6559],[-103.40718,25.6559],[-103.40717,25.65573],[-103.40699,25.65572],[-103.40698,25.65555],[-103.40679,25.65553],[-103.40676,25.65536],[-103.40659,25.65535],[-103.40658,25.65518],[-103.40639,25.65517],[-103.40639,25.65502],[-103.4063,25.65499],[-103.40629,25.65483],[-103.4062,25.6548],[-103.40618,25.65472],[-103.406,25.65471],[-103.40599,25.65463],[-103.4059,25.65462],[-103.4059,25.65446],[-103.40571,25.65435],[-103.40569,25.65427],[-103.40561,25.65426],[-103.40559,25.65418],[-103.40551,25.65416],[-103.40549,25.65408],[-103.40541,25.65407],[-103.4054,25.65391],[-103.40532,25.65389],[-103.40531,25.65382],[-103.40522,25.6538],[-103.40521,25.65373],[-103.40512,25.65371],[-103.40511,25.65364],[-103.40502,25.65362],[-103.40501,25.65354],[-103.40492,25.65353],[-103.40481,25.65335],[-103.40453,25.65334],[-103.40451,25.65326],[-103.40443,25.65325],[-103.40442,25.65318],[-103.40433,25.65316],[-103.40432,25.65308],[-103.40423,25.65307],[-103.40412,25.6529],[-103.40403,25.65288],[-103.40403,25.65263],[-103.40384,25.65261],[-103.40383,25.65186],[-103.40335,25.65188],[-103.40323,25.65171],[-103.40305,25.6517],[-103.40306,25.65146],[-103.40296,25.65143],[-103.40294,25.65135],[-103.40246,25.65133],[-103.40246,25.65118],[-103.40236,25.65115],[-103.40236,25.65091],[-103.40227,25.65088],[-103.40227,25.65043],[-103.40254,25.65043],[-103.40257,25.65034],[-103.40276,25.65033],[-103.40277,25.65025],[-103.40347,25.65026],[-103.40348,25.65043],[-103.40377,25.65044],[-103.40378,25.65052],[-103.40387,25.65054],[-103.40388,25.6507],[-103.40396,25.65072],[-103.40397,25.65079],[-103.40406,25.65081],[-103.40418,25.65098],[-103.40426,25.65099],[-103.40427,25.65116],[-103.40446,25.65117],[-103.40447,25.65134],[-103.40455,25.65136],[-103.40457,25.65143],[-103.40465,25.65145],[-103.40466,25.65152],[-103.40475,25.65154],[-103.40487,25.65171],[-103.40495,25.65172],[-103.40496,25.65179],[-103.40504,25.65181],[-103.40506,25.65189],[-103.40514,25.6519],[-103.40526,25.65208],[-103.40544,25.65209],[-103.40545,25.65225],[-103.40564,25.65227],[-103.40565,25.65243],[-103.40573,25.65245],[-103.40585,25.65262],[-103.40593,25.65263],[-103.40594,25.65271],[-103.40603,25.65273],[-103.40604,25.6528],[-103.40613,25.65282],[-103.40624,25.65299],[-103.40632,25.653],[-103.40634,25.65308],[-103.40642,25.65309],[-103.40644,25.65317],[-103.40652,25.65318],[-103.40653,25.65326],[-103.40662,25.65327],[-103.40663,25.65335],[-103.40692,25.65337],[-103.40693,25.65344],[-103.40702,25.65346],[-103.40703,25.65372],[-103.40721,25.65373],[-103.40724,25.65382],[-103.40741,25.65382],[-103.40754,25.654],[-103.408,25.65401],[-103.40805,25.65428],[-103.40838,25.65428],[-103.4084,25.65393],[-103.4087,25.65393],[-103.40883,25.65411],[-103.4092,25.65411],[-103.4092,25.65426],[-103.4093,25.6543],[-103.4093,25.65446],[-103.40949,25.65457],[-103.40951,25.65465],[-103.40959,25.65466]]]}},{"type":"Feature","properties":{"id":10,"estado":"activa","confianza":"alta","area_m2":39897,"perimetro_m":977,"largo_m":321,"ancho_m":176,"lat":25.603768,"lon":-103.339424,"municipio":"Torreón","cerca_de":"El Perú","dist_ref_km":5.3,"d_ciudad_km":0.0,"altura_m":3.2,"precio_m2":890,"precio_m2_min":580,"precio_m2_max":1340,"valor":36000000,"valor_min":23000000,"valor_max":53000000},"geometry":{"type":"Polygon","coordinates":[[[-103.34048,25.60297],[-103.34047,25.60342],[-103.34037,25.60346],[-103.34037,25.60369],[-103.34028,25.60372],[-103.34027,25.60387],[-103.34009,25.60388],[-103.34007,25.60405],[-103.33987,25.60416],[-103.33986,25.60441],[-103.33978,25.60442],[-103.33976,25.6045],[-103.33949,25.6045],[-103.33946,25.60459],[-103.33937,25.60461],[-103.33935,25.60504],[-103.3389,25.60503],[-103.33886,25.60512],[-103.33806,25.60511],[-103.33806,25.60484],[-103.33816,25.60482],[-103.33817,25.60466],[-103.33836,25.60455],[-103.33837,25.6043],[-103.33847,25.60427],[-103.33848,25.60385],[-103.33857,25.60382],[-103.33858,25.60349],[-103.33877,25.60347],[-103.33879,25.60304],[-103.33895,25.60304],[-103.33899,25.60296],[-103.33908,25.60294],[-103.33909,25.6026],[-103.33918,25.60258],[-103.33919,25.60251],[-103.33949,25.60251],[-103.33951,25.6026],[-103.33969,25.6026],[-103.33982,25.60278],[-103.34028,25.60279],[-103.3403,25.60287],[-103.34048,25.60297]]]}},{"type":"Feature","properties":{"id":11,"estado":"activa","confianza":"alta","area_m2":10779,"perimetro_m":439,"largo_m":140,"ancho_m":100,"lat":25.636536,"lon":-103.433234,"municipio":"Gómez Palacio","cerca_de":"Aquiles Serdán","dist_ref_km":5.6,"d_ciudad_km":2.2,"altura_m":0.3,"precio_m2":390,"precio_m2_min":250,"precio_m2_max":590,"valor":4200000,"valor_min":2700000,"valor_max":6300000},"geometry":{"type":"Polygon","coordinates":[[[-103.43393,25.63633],[-103.43393,25.63687],[-103.43336,25.63686],[-103.43333,25.63704],[-103.43293,25.63704],[-103.43292,25.63696],[-103.43273,25.63685],[-103.43272,25.63669],[-103.43254,25.63667],[-103.43254,25.6364],[-103.43262,25.63639],[-103.43284,25.63613],[-103.43364,25.63614],[-103.43376,25.63632],[-103.43393,25.63633]]]}},{"type":"Feature","properties":{"id":12,"estado":"activa","confianza":"alta","area_m2":20122,"perimetro_m":658,"largo_m":224,"ancho_m":142,"lat":25.606401,"lon":-103.337792,"municipio":"Torreón","cerca_de":"El Perú","dist_ref_km":5.5,"d_ciudad_km":0.3,"altura_m":1.5,"precio_m2":860,"precio_m2_min":560,"precio_m2_max":1300,"valor":17000000,"valor_min":11000000,"valor_max":26000000},"geometry":{"type":"Polygon","coordinates":[[[-103.33844,25.60656],[-103.33843,25.60683],[-103.33834,25.60686],[-103.33833,25.60701],[-103.33825,25.60702],[-103.33803,25.60728],[-103.33674,25.60726],[-103.33674,25.60699],[-103.33683,25.60697],[-103.33684,25.60681],[-103.33694,25.60678],[-103.33694,25.60663],[-103.33702,25.60663],[-103.33704,25.60655],[-103.33713,25.60654],[-103.33714,25.60646],[-103.33734,25.60634],[-103.33735,25.60601],[-103.33754,25.6059],[-103.33755,25.60565],[-103.33764,25.60564],[-103.33766,25.60556],[-103.33795,25.60556],[-103.33795,25.6058],[-103.33805,25.60584],[-103.33805,25.60608],[-103.33834,25.60611],[-103.33834,25.60652],[-103.33844,25.60656]]]}},{"type":"Feature","properties":{"id":13,"estado":"activa","confianza":"alta","area_m2":210859,"perimetro_m":2251,"largo_m":556,"ancho_m":439,"lat":25.627667,"lon":-103.440574,"municipio":"Gómez Palacio","cerca_de":"Aquiles Serdán","dist_ref_km":5.6,"d_ciudad_km":1.3,"altura_m":2.8,"precio_m2":360,"precio_m2_min":240,"precio_m2_max":550,"valor":77000000,"valor_min":50000000,"valor_max":110000000},"geometry":{"type":"Polygon","coordinates":[[[-103.4439,25.62777],[-103.4439,25.62813],[-103.44381,25.62815],[-103.4438,25.62831],[-103.44361,25.62841],[-103.4436,25.62857],[-103.44351,25.62858],[-103.44349,25.62866],[-103.44341,25.62867],[-103.44339,25.62875],[-103.44331,25.62876],[-103.44329,25.62884],[-103.44321,25.62885],[-103.44319,25.62893],[-103.443,25.62904],[-103.44299,25.6292],[-103.44282,25.6292],[-103.44279,25.62938],[-103.4426,25.62939],[-103.44259,25.62965],[-103.4425,25.62966],[-103.44248,25.62974],[-103.4422,25.62975],[-103.44218,25.63],[-103.4421,25.63002],[-103.44208,25.63009],[-103.4419,25.6301],[-103.44188,25.63027],[-103.4418,25.63028],[-103.44158,25.63054],[-103.44118,25.63053],[-103.44117,25.63037],[-103.44098,25.63035],[-103.44097,25.63028],[-103.44088,25.63026],[-103.44089,25.63003],[-103.44079,25.62999],[-103.44077,25.62973],[-103.4401,25.62971],[-103.44008,25.62963],[-103.4399,25.62953],[-103.4399,25.62929],[-103.4398,25.62926],[-103.43978,25.62917],[-103.43941,25.62916],[-103.43939,25.62899],[-103.43921,25.62898],[-103.43917,25.62889],[-103.43901,25.62889],[-103.439,25.62881],[-103.43891,25.6288],[-103.4389,25.62872],[-103.43881,25.6287],[-103.4388,25.62863],[-103.43872,25.62861],[-103.43859,25.62844],[-103.43822,25.62843],[-103.43821,25.62826],[-103.43802,25.62824],[-103.43802,25.62808],[-103.43783,25.62806],[-103.43781,25.62798],[-103.43773,25.62797],[-103.43771,25.6278],[-103.43753,25.62779],[-103.43754,25.62734],[-103.43772,25.62732],[-103.43774,25.62725],[-103.43783,25.62722],[-103.43784,25.62707],[-103.4383,25.62707],[-103.43834,25.62698],[-103.4387,25.62699],[-103.43874,25.6269],[-103.43882,25.62689],[-103.43885,25.62591],[-103.43893,25.6259],[-103.43895,25.62582],[-103.43903,25.62581],[-103.43905,25.62573],[-103.43924,25.62562],[-103.43925,25.62546],[-103.43964,25.62545],[-103.43966,25.62519],[-103.43985,25.62508],[-103.43986,25.62492],[-103.44026,25.62493],[-103.44029,25.62502],[-103.44055,25.62502],[-103.44057,25.6251],[-103.44065,25.62511],[-103.44067,25.62519],[-103.44075,25.6252],[-103.44076,25.62528],[-103.44085,25.6253],[-103.44086,25.62537],[-103.44095,25.62539],[-103.44106,25.62556],[-103.44114,25.62557],[-103.44116,25.62564],[-103.44124,25.62566],[-103.44125,25.62573],[-103.44134,25.62575],[-103.44146,25.62592],[-103.44164,25.62594],[-103.44177,25.62611],[-103.44193,25.62612],[-103.44195,25.6262],[-103.44203,25.62621],[-103.44205,25.62629],[-103.44213,25.6263],[-103.44214,25.62638],[-103.44223,25.62639],[-103.44224,25.62647],[-103.44233,25.62648],[-103.44234,25.62656],[-103.44243,25.62658],[-103.44244,25.62665],[-103.44252,25.62667],[-103.44254,25.62674],[-103.44262,25.62676],[-103.44263,25.62683],[-103.44272,25.62685],[-103.44273,25.62692],[-103.44282,25.62694],[-103.44294,25.62711],[-103.44302,25.62712],[-103.44303,25.6272],[-103.44321,25.62722],[-103.44323,25.62738],[-103.44341,25.6274],[-103.44343,25.62748],[-103.44361,25.62758],[-103.44362,25.62775],[-103.4439,25.62777]]]}},{"type":"Feature","properties":{"id":14,"estado":"desmontada","confianza":"alta","area_m2":58678,"perimetro_m":1827,"largo_m":411,"ancho_m":380,"lat":25.656254,"lon":-103.409967,"municipio":"Gómez Palacio","cerca_de":"San José de Viñedo","dist_ref_km":6.3,"d_ciudad_km":2.9,"altura_m":7.0,"precio_m2":240,"precio_m2_min":155,"precio_m2_max":360,"valor":14000000,"valor_min":9200000,"valor_max":21000000},"geometry":{"type":"Polygon","coordinates":[[[-103.41234,25.65722],[-103.41234,25.65767],[-103.41208,25.65767],[-103.41204,25.65771],[-103.41205,25.65793],[-103.41233,25.65794],[-103.41233,25.65821],[-103.41223,25.65824],[-103.41223,25.65848],[-103.41193,25.65848],[-103.41192,25.65832],[-103.41173,25.6582],[-103.41173,25.65805],[-103.41154,25.65793],[-103.41152,25.65785],[-103.41134,25.65784],[-103.41121,25.65766],[-103.41074,25.65765],[-103.41072,25.65711],[-103.41049,25.65711],[-103.41045,25.6572],[-103.40959,25.65719],[-103.40955,25.65728],[-103.40946,25.65731],[-103.40945,25.65764],[-103.40915,25.65763],[-103.40914,25.65756],[-103.40905,25.65754],[-103.40904,25.65747],[-103.40895,25.65745],[-103.40894,25.65738],[-103.40886,25.65736],[-103.40874,25.65719],[-103.40866,25.65718],[-103.40866,25.65682],[-103.40894,25.65681],[-103.40896,25.65673],[-103.40905,25.65672],[-103.40906,25.65664],[-103.40926,25.65653],[-103.40927,25.65592],[-103.40936,25.65591],[-103.40937,25.65583],[-103.40957,25.65572],[-103.40958,25.65538],[-103.40978,25.65526],[-103.40978,25.65505],[-103.40968,25.65502],[-103.40969,25.6546],[-103.40949,25.65448],[-103.4095,25.65421],[-103.40979,25.65421],[-103.40981,25.65429],[-103.41009,25.65449],[-103.41009,25.65472],[-103.41019,25.65476],[-103.41018,25.65509],[-103.41028,25.65512],[-103.41027,25.65599],[-103.41037,25.65602],[-103.4104,25.65611],[-103.41067,25.65612],[-103.41067,25.65655],[-103.41094,25.65656],[-103.41096,25.65639],[-103.41136,25.6564],[-103.41137,25.65684],[-103.41163,25.65684],[-103.41165,25.65667],[-103.41205,25.65667],[-103.41206,25.65683],[-103.41225,25.65695],[-103.41225,25.65719],[-103.41234,25.65722]]]}},{"type":"Feature","properties":{"id":15,"estado":"activa","confianza":"alta","area_m2":73070,"perimetro_m":1289,"largo_m":330,"ancho_m":320,"lat":25.559722,"lon":-103.351103,"municipio":"Torreón","cerca_de":"Santa Fé","dist_ref_km":6.2,"d_ciudad_km":0.0,"altura_m":1.7,"precio_m2":830,"precio_m2_min":540,"precio_m2_max":1250,"valor":61000000,"valor_min":39000000,"valor_max":91000000},"geometry":{"type":"Polygon","coordinates":[[[-103.35273,25.55887],[-103.35273,25.55924],[-103.35263,25.55928],[-103.3526,25.56113],[-103.35243,25.56113],[-103.3524,25.56122],[-103.35121,25.5612],[-103.35121,25.5607],[-103.35111,25.56066],[-103.35112,25.56042],[-103.35102,25.56039],[-103.351,25.56031],[-103.35052,25.56029],[-103.35047,25.5602],[-103.35026,25.5602],[-103.35022,25.56029],[-103.34973,25.56029],[-103.3497,25.5602],[-103.34953,25.56019],[-103.34953,25.55974],[-103.34963,25.5597],[-103.34964,25.5592],[-103.35052,25.5592],[-103.35055,25.55849],[-103.35073,25.55848],[-103.35075,25.55831],[-103.35092,25.55831],[-103.35095,25.55822],[-103.35125,25.55823],[-103.3513,25.55832],[-103.35161,25.55832],[-103.35165,25.55823],[-103.35254,25.55824],[-103.35255,25.55832],[-103.35264,25.55833],[-103.35263,25.55884],[-103.35273,25.55887]]]}},{"type":"Feature","properties":{"id":16,"estado":"activa","confianza":"alta","area_m2":18982,"perimetro_m":705,"largo_m":255,"ancho_m":120,"lat":25.658743,"lon":-103.411522,"municipio":"Gómez Palacio","cerca_de":"San José de Viñedo","dist_ref_km":6.6,"d_ciudad_km":3.2,"altura_m":9.9,"precio_m2":280,"precio_m2_min":185,"precio_m2_max":420,"valor":5400000,"valor_min":3500000,"valor_max":8000000},"geometry":{"type":"Polygon","coordinates":[[[-103.41242,25.65902],[-103.41242,25.65939],[-103.41215,25.65938],[-103.41212,25.65947],[-103.41182,25.65947],[-103.4118,25.65939],[-103.41172,25.65938],[-103.41169,25.6592],[-103.41142,25.65919],[-103.41129,25.65901],[-103.41093,25.65901],[-103.41091,25.65865],[-103.41063,25.65864],[-103.41051,25.65847],[-103.41034,25.65846],[-103.41034,25.65801],[-103.41043,25.658],[-103.41044,25.65792],[-103.41124,25.65793],[-103.41127,25.65802],[-103.41154,25.65802],[-103.41154,25.65818],[-103.41173,25.6583],[-103.41174,25.65864],[-103.41213,25.65866],[-103.41214,25.65882],[-103.41232,25.65884],[-103.41233,25.659],[-103.41242,25.65902]]]}},{"type":"Feature","properties":{"id":17,"estado":"activa","confianza":"alta","area_m2":12505,"perimetro_m":624,"largo_m":204,"ancho_m":88,"lat":25.620297,"lon":-103.450268,"municipio":"Gómez Palacio","cerca_de":"Los Olivos Fraccionamiento","dist_ref_km":6.2,"d_ciudad_km":0.5,"altura_m":3.3,"precio_m2":650,"precio_m2_min":420,"precio_m2_max":970,"valor":8100000,"valor_min":5300000,"valor_max":12000000,"grupo":13,"grupo_bloques":3,"grupo_m2":325335},"geometry":{"type":"Polygon","coordinates":[[[-103.45097,25.62035],[-103.45097,25.62071],[-103.45087,25.62073],[-103.45086,25.62089],[-103.45027,25.62088],[-103.45023,25.62079],[-103.44987,25.62079],[-103.44987,25.62063],[-103.44977,25.6206],[-103.44975,25.62025],[-103.4495,25.62025],[-103.44948,25.62042],[-103.44908,25.62042],[-103.44908,25.62006],[-103.44918,25.62002],[-103.44919,25.61979],[-103.44948,25.61979],[-103.4495,25.61987],[-103.44968,25.61988],[-103.44971,25.61997],[-103.44998,25.61998],[-103.45,25.62006],[-103.45018,25.62007],[-103.45021,25.62015],[-103.45048,25.62016],[-103.45051,25.62025],[-103.45077,25.62025],[-103.4508,25.62034],[-103.45097,25.62035]]]}},{"type":"Feature","properties":{"id":18,"estado":"activa","confianza":"alta","area_m2":14183,"perimetro_m":595,"largo_m":210,"ancho_m":100,"lat":25.61984,"lon":-103.450722,"municipio":"Gómez Palacio","cerca_de":"Los Olivos Fraccionamiento","dist_ref_km":6.2,"d_ciudad_km":0.4,"altura_m":2.7,"precio_m2":650,"precio_m2_min":430,"precio_m2_max":980,"valor":9300000,"valor_min":6000000,"valor_max":14000000,"grupo":13,"grupo_bloques":3,"grupo_m2":325335},"geometry":{"type":"Polygon","coordinates":[[[-103.45168,25.61963],[-103.45167,25.61999],[-103.45159,25.62001],[-103.45137,25.62026],[-103.45087,25.62026],[-103.45084,25.62017],[-103.45058,25.62016],[-103.45055,25.62007],[-103.45028,25.62007],[-103.45026,25.61999],[-103.45008,25.61998],[-103.45005,25.61989],[-103.44978,25.61988],[-103.44976,25.6198],[-103.44958,25.61979],[-103.44959,25.61952],[-103.45009,25.61952],[-103.45012,25.61961],[-103.45034,25.61962],[-103.45039,25.61935],[-103.45118,25.61936],[-103.4512,25.61944],[-103.45138,25.61945],[-103.4514,25.61953],[-103.45158,25.61954],[-103.45159,25.61962],[-103.45168,25.61963]]]}},{"type":"Feature","properties":{"id":19,"estado":"desmontada","confianza":"alta","area_m2":11297,"perimetro_m":569,"largo_m":197,"ancho_m":93,"lat":25.65965,"lon":-103.41244,"municipio":"Gómez Palacio","cerca_de":"San José de Viñedo","dist_ref_km":6.7,"d_ciudad_km":3.3,"altura_m":5.6,"precio_m2":260,"precio_m2_min":165,"precio_m2_max":390,"valor":2900000,"valor_min":1900000,"valor_max":4400000},"geometry":{"type":"Polygon","coordinates":[[[-103.41291,25.65939],[-103.41291,25.65984],[-103.41282,25.65985],[-103.4126,25.66011],[-103.41181,25.6601],[-103.41178,25.66002],[-103.41161,25.66001],[-103.41158,25.65992],[-103.41141,25.65992],[-103.4114,25.65984],[-103.41131,25.65983],[-103.4113,25.65975],[-103.41122,25.65973],[-103.4111,25.65956],[-103.41102,25.65955],[-103.41102,25.65919],[-103.41132,25.65919],[-103.41143,25.65936],[-103.41162,25.65938],[-103.41163,25.65945],[-103.41172,25.65947],[-103.41186,25.65965],[-103.41208,25.65965],[-103.41211,25.65956],[-103.41238,25.65956],[-103.41251,25.65939],[-103.41291,25.65939]]]}},{"type":"Feature","properties":{"id":20,"estado":"activa","confianza":"alta","area_m2":43722,"perimetro_m":885,"largo_m":247,"ancho_m":213,"lat":25.57495,"lon":-103.336883,"municipio":"Torreón","cerca_de":"Santa Fé","dist_ref_km":6.3,"d_ciudad_km":0.3,"altura_m":1.2,"precio_m2":790,"precio_m2_min":520,"precio_m2_max":1190,"valor":35000000,"valor_min":23000000,"valor_max":52000000},"geometry":{"type":"Polygon","coordinates":[[[-103.33799,25.57406],[-103.33798,25.57469],[-103.33778,25.57482],[-103.33776,25.57604],[-103.33721,25.57603],[-103.33716,25.57612],[-103.33597,25.57611],[-103.33595,25.57602],[-103.33577,25.57602],[-103.33578,25.57529],[-103.33587,25.57528],[-103.33589,25.57512],[-103.33598,25.57508],[-103.33599,25.57457],[-103.33608,25.57456],[-103.3361,25.5744],[-103.33619,25.57436],[-103.3362,25.57404],[-103.33646,25.57404],[-103.3365,25.57395],[-103.3369,25.57395],[-103.33694,25.57404],[-103.33799,25.57406]]]}},{"type":"Feature","properties":{"id":21,"estado":"activa","confianza":"media","area_m2":20176,"perimetro_m":596,"largo_m":160,"ancho_m":150,"lat":25.636652,"lon":-103.443142,"municipio":"Gómez Palacio","cerca_de":"Aquiles Serdán","dist_ref_km":6.4,"d_ciudad_km":1.2,"altura_m":0.1,"precio_m2":490,"precio_m2_min":320,"precio_m2_max":730,"valor":9800000,"valor_min":6400000,"valor_max":15000000},"geometry":{"type":"Polygon","coordinates":[[[-103.44389,25.63688],[-103.44388,25.63724],[-103.4438,25.63726],[-103.44378,25.63733],[-103.4435,25.63734],[-103.44348,25.63751],[-103.44268,25.6375],[-103.44268,25.63735],[-103.44259,25.63732],[-103.44258,25.63716],[-103.44249,25.63714],[-103.4425,25.63646],[-103.4424,25.63642],[-103.4424,25.63615],[-103.44257,25.63614],[-103.4426,25.63606],[-103.4437,25.63607],[-103.4437,25.63623],[-103.44379,25.63625],[-103.44379,25.63685],[-103.44389,25.63688]]]}},{"type":"Feature","properties":{"id":22,"estado":"activa","confianza":"alta","area_m2":298647,"perimetro_m":2927,"largo_m":770,"ancho_m":494,"lat":25.616118,"lon":-103.452368,"municipio":"Gómez Palacio","cerca_de":"Los Olivos Fraccionamiento","dist_ref_km":6.2,"d_ciudad_km":0.0,"altura_m":3.3,"precio_m2":520,"precio_m2_min":340,"precio_m2_max":790,"valor":160000000,"valor_min":100000000,"valor_max":230000000,"grupo":13,"grupo_bloques":3,"grupo_m2":325335},"geometry":{"type":"Polygon","coordinates":[[[-103.45612,25.61507],[-103.45611,25.61553],[-103.45592,25.61563],[-103.45591,25.61579],[-103.45572,25.61581],[-103.45571,25.61597],[-103.45552,25.61599],[-103.45551,25.61615],[-103.45532,25.61617],[-103.45531,25.61633],[-103.45485,25.61633],[-103.4548,25.61651],[-103.45432,25.61652],[-103.4543,25.61682],[-103.4545,25.61695],[-103.4545,25.61722],[-103.45432,25.61723],[-103.4543,25.6174],[-103.45411,25.61742],[-103.45409,25.61767],[-103.45401,25.61768],[-103.45399,25.61776],[-103.45391,25.61777],[-103.45389,25.61785],[-103.4537,25.61795],[-103.45369,25.61812],[-103.45351,25.61812],[-103.45339,25.6183],[-103.4533,25.61831],[-103.45329,25.61839],[-103.4532,25.6184],[-103.45319,25.61847],[-103.4531,25.61849],[-103.45308,25.61865],[-103.45289,25.61877],[-103.45288,25.61892],[-103.4528,25.61893],[-103.45278,25.61901],[-103.4527,25.61902],[-103.45268,25.6191],[-103.4526,25.61911],[-103.45258,25.61919],[-103.45239,25.61929],[-103.45238,25.61937],[-103.45211,25.61937],[-103.45198,25.61954],[-103.45168,25.61954],[-103.45167,25.61946],[-103.45158,25.61945],[-103.45158,25.61903],[-103.45129,25.619],[-103.45127,25.61874],[-103.45079,25.61872],[-103.45077,25.61823],[-103.4507,25.61827],[-103.45,25.61826],[-103.44996,25.6179],[-103.44954,25.6179],[-103.44951,25.61807],[-103.44921,25.61807],[-103.44918,25.61799],[-103.44901,25.61798],[-103.44889,25.6178],[-103.44871,25.61779],[-103.44868,25.61771],[-103.44842,25.6177],[-103.4484,25.61762],[-103.44822,25.61761],[-103.4482,25.61753],[-103.44812,25.61752],[-103.44812,25.61716],[-103.4483,25.61715],[-103.44833,25.61707],[-103.44869,25.61707],[-103.44873,25.6168],[-103.44901,25.61679],[-103.44903,25.61626],[-103.44911,25.61625],[-103.44913,25.61617],[-103.44921,25.61616],[-103.44923,25.61609],[-103.44932,25.61608],[-103.44933,25.616],[-103.44952,25.61589],[-103.44954,25.61573],[-103.44962,25.61571],[-103.44964,25.61564],[-103.44972,25.61563],[-103.44974,25.61555],[-103.44993,25.61544],[-103.44994,25.61537],[-103.45013,25.61536],[-103.45014,25.6151],[-103.45034,25.61499],[-103.45035,25.61483],[-103.45052,25.61483],[-103.45055,25.61474],[-103.45074,25.61463],[-103.45075,25.61439],[-103.45092,25.61438],[-103.45095,25.6143],[-103.45133,25.61429],[-103.45135,25.61385],[-103.45144,25.61384],[-103.45145,25.61376],[-103.45154,25.61375],[-103.45156,25.61367],[-103.45174,25.61357],[-103.45176,25.61349],[-103.45193,25.61349],[-103.45206,25.61332],[-103.45224,25.61331],[-103.45226,25.61305],[-103.45276,25.61305],[-103.45278,25.61323],[-103.45314,25.61323],[-103.45316,25.6127],[-103.45356,25.6127],[-103.45358,25.61287],[-103.45376,25.61288],[-103.45379,25.61297],[-103.45395,25.61298],[-103.45398,25.61306],[-103.45415,25.61307],[-103.45416,25.61323],[-103.45435,25.61334],[-103.45436,25.6136],[-103.45464,25.61361],[-103.45476,25.61379],[-103.45494,25.6138],[-103.45495,25.61396],[-103.45514,25.61398],[-103.45515,25.61415],[-103.45533,25.61416],[-103.45534,25.61433],[-103.45543,25.61435],[-103.45544,25.61442],[-103.45553,25.61444],[-103.45564,25.61461],[-103.45573,25.61462],[-103.45573,25.61487],[-103.45582,25.61489],[-103.45595,25.61507],[-103.45612,25.61507]],[[-103.45121,25.61755],[-103.4512,25.61739],[-103.45101,25.61737],[-103.451,25.61729],[-103.45091,25.61728],[-103.4509,25.6172],[-103.45081,25.61719],[-103.4507,25.61701],[-103.45062,25.617],[-103.45059,25.61683],[-103.44977,25.61681],[-103.44972,25.6169],[-103.44963,25.61693],[-103.44964,25.61717],[-103.45012,25.61718],[-103.45012,25.61734],[-103.45031,25.61745],[-103.45033,25.61753],[-103.45041,25.61754],[-103.45043,25.61762],[-103.45051,25.61763],[-103.45051,25.61779],[-103.45061,25.61782],[-103.45061,25.61797],[-103.4507,25.618],[-103.45073,25.61813],[-103.45119,25.61807],[-103.4512,25.61791],[-103.4513,25.61787],[-103.4513,25.61758],[-103.45121,25.61755]]]}},{"type":"Feature","properties":{"id":23,"estado":"desmontada","confianza":"alta","area_m2":11442,"perimetro_m":478,"largo_m":160,"ancho_m":90,"lat":25.557456,"lon":-103.346978,"municipio":"Torreón","cerca_de":"Santa Fé","dist_ref_km":6.7,"d_ciudad_km":0.1,"altura_m":4.3,"precio_m2":1020,"precio_m2_min":660,"precio_m2_max":1530,"valor":12000000,"valor_min":7600000,"valor_max":17000000},"geometry":{"type":"Polygon","coordinates":[[[-103.34778,25.55719],[-103.34777,25.55765],[-103.34768,25.55767],[-103.34767,25.55782],[-103.3475,25.55783],[-103.34747,25.55791],[-103.34707,25.55791],[-103.34704,25.55782],[-103.34668,25.55781],[-103.34664,25.55772],[-103.34618,25.55772],[-103.34618,25.55727],[-103.34627,25.55725],[-103.34629,25.55718],[-103.34694,25.55718],[-103.34698,25.55709],[-103.34748,25.5571],[-103.34752,25.55719],[-103.34778,25.55719]]]}},{"type":"Feature","properties":{"id":24,"estado":"activa","confianza":"alta","area_m2":578981,"perimetro_m":4468,"largo_m":994,"ancho_m":931,"lat":25.623614,"lon":-103.453517,"municipio":"Gómez Palacio","cerca_de":"Los Olivos Fraccionamiento","dist_ref_km":6.6,"d_ciudad_km":0.0,"altura_m":2.7,"precio_m2":480,"precio_m2_min":310,"precio_m2_max":730,"valor":280000000,"valor_min":180000000,"valor_max":420000000},"geometry":{"type":"Polygon","coordinates":[[[-103.45803,25.6216],[-103.45801,25.62286],[-103.45791,25.62289],[-103.45791,25.62322],[-103.45781,25.62325],[-103.4578,25.62385],[-103.4576,25.62397],[-103.45758,25.62502],[-103.45749,25.62504],[-103.45748,25.6252],[-103.45738,25.62524],[-103.45737,25.62628],[-103.45717,25.62641],[-103.45715,25.62773],[-103.45695,25.62784],[-103.45695,25.62817],[-103.45686,25.62819],[-103.45684,25.62826],[-103.45676,25.62827],[-103.45674,25.62835],[-103.45655,25.62846],[-103.45654,25.62853],[-103.45624,25.62853],[-103.45623,25.62845],[-103.45615,25.62844],[-103.45603,25.62827],[-103.45585,25.62825],[-103.45584,25.62818],[-103.45575,25.62816],[-103.45574,25.62809],[-103.45565,25.62807],[-103.45554,25.6279],[-103.45536,25.62789],[-103.45535,25.62772],[-103.45516,25.6277],[-103.45515,25.62754],[-103.45496,25.62743],[-103.45495,25.62717],[-103.45477,25.62716],[-103.45473,25.62707],[-103.45457,25.62707],[-103.45456,25.62699],[-103.45447,25.62697],[-103.45436,25.6268],[-103.45417,25.62679],[-103.45417,25.62663],[-103.45398,25.62661],[-103.45396,25.62653],[-103.45388,25.62652],[-103.45387,25.62644],[-103.45378,25.62643],[-103.45367,25.62625],[-103.45358,25.62624],[-103.45358,25.62608],[-103.45349,25.62606],[-103.45337,25.62589],[-103.45329,25.62588],[-103.45328,25.6258],[-103.45319,25.62579],[-103.45318,25.62571],[-103.45309,25.6257],[-103.45298,25.62552],[-103.4529,25.62551],[-103.45288,25.62544],[-103.4528,25.62542],[-103.45278,25.62534],[-103.4525,25.62533],[-103.45237,25.62515],[-103.45213,25.62515],[-103.4521,25.62523],[-103.45201,25.62526],[-103.452,25.62541],[-103.45183,25.62542],[-103.4518,25.6255],[-103.45171,25.62552],[-103.4517,25.62577],[-103.45161,25.62578],[-103.4515,25.62595],[-103.45133,25.62595],[-103.4513,25.62604],[-103.45121,25.62605],[-103.45119,25.62631],[-103.45111,25.62632],[-103.45109,25.6264],[-103.45101,25.62641],[-103.45099,25.62649],[-103.4508,25.62659],[-103.45079,25.62675],[-103.4507,25.62677],[-103.45069,25.62684],[-103.45061,25.62685],[-103.45059,25.62693],[-103.4504,25.62704],[-103.45039,25.62711],[-103.45009,25.62711],[-103.45008,25.62703],[-103.44999,25.62702],[-103.44998,25.62694],[-103.44989,25.62693],[-103.44988,25.62685],[-103.44979,25.62683],[-103.44978,25.62676],[-103.44969,25.62674],[-103.44958,25.62657],[-103.4494,25.62656],[-103.44938,25.62621],[-103.4489,25.62619],[-103.44889,25.62612],[-103.44861,25.62592],[-103.44859,25.62566],[-103.44821,25.62564],[-103.4482,25.62548],[-103.44802,25.62546],[-103.44802,25.62501],[-103.44811,25.625],[-103.44812,25.62492],[-103.44832,25.6249],[-103.44833,25.62474],[-103.44842,25.62471],[-103.44843,25.62447],[-103.44851,25.62446],[-103.44853,25.62438],[-103.44861,25.62437],[-103.44863,25.62429],[-103.44882,25.62419],[-103.44883,25.62403],[-103.44901,25.62402],[-103.44903,25.62385],[-103.44923,25.62383],[-103.44924,25.6234],[-103.44932,25.62339],[-103.44944,25.62322],[-103.4497,25.62322],[-103.44974,25.62313],[-103.44993,25.62312],[-103.44994,25.62295],[-103.45004,25.62292],[-103.45005,25.62268],[-103.45013,25.62267],[-103.45015,25.6226],[-103.45023,25.62259],[-103.45025,25.62251],[-103.45044,25.6224],[-103.45045,25.62224],[-103.45064,25.62222],[-103.45065,25.62206],[-103.45084,25.62204],[-103.45085,25.62179],[-103.45094,25.62178],[-103.45095,25.6217],[-103.45104,25.62169],[-103.45105,25.62161],[-103.45124,25.62151],[-103.45126,25.62143],[-103.45134,25.62142],[-103.45136,25.62134],[-103.45144,25.62133],[-103.45146,25.62125],[-103.45165,25.62115],[-103.45166,25.62099],[-103.45184,25.62098],[-103.45186,25.62081],[-103.45206,25.62079],[-103.45206,25.62063],[-103.45225,25.62061],[-103.45227,25.62036],[-103.45235,25.62035],[-103.45237,25.62027],[-103.45245,25.62026],[-103.45247,25.62018],[-103.45266,25.62007],[-103.45267,25.61982],[-103.45275,25.61981],[-103.45277,25.61973],[-103.45285,25.61972],[-103.45287,25.61964],[-103.45295,25.61964],[-103.45297,25.61956],[-103.45305,25.61955],[-103.45307,25.61947],[-103.45326,25.61936],[-103.45328,25.6192],[-103.45336,25.61919],[-103.45348,25.61902],[-103.45367,25.619],[-103.45368,25.61875],[-103.45377,25.61874],[-103.45378,25.61866],[-103.45438,25.61867],[-103.4545,25.61884],[-103.45468,25.61885],[-103.45468,25.619],[-103.45477,25.61903],[-103.45478,25.6192],[-103.45497,25.61922],[-103.45498,25.61929],[-103.45526,25.61949],[-103.45526,25.61973],[-103.45546,25.61985],[-103.45547,25.62011],[-103.45575,25.62013],[-103.45577,25.6202],[-103.45605,25.6204],[-103.45605,25.62067],[-103.45595,25.62071],[-103.45594,25.6213],[-103.45575,25.62141],[-103.45574,25.62157],[-103.45565,25.62158],[-103.45563,25.62166],[-103.45555,25.62167],[-103.45538,25.62188],[-103.45542,25.62193],[-103.45573,25.62193],[-103.45574,25.62237],[-103.45601,25.62238],[-103.45603,25.6223],[-103.45622,25.62218],[-103.45623,25.62203],[-103.45631,25.62202],[-103.45633,25.62194],[-103.45641,25.62193],[-103.45643,25.62185],[-103.45662,25.62174],[-103.45663,25.62158],[-103.4568,25.62158],[-103.45693,25.6214],[-103.45702,25.62139],[-103.45704,25.62104],[-103.45744,25.62105],[-103.45745,25.62121],[-103.45763,25.62123],[-103.45765,25.62131],[-103.45783,25.62141],[-103.45785,25.62159],[-103.45803,25.6216]]]}},{"type":"Feature","properties":{"id":25,"estado":"activa","confianza":"alta","area_m2":361456,"perimetro_m":3637,"largo_m":1176,"ancho_m":433,"lat":25.574961,"lon":-103.331108,"municipio":"Torreón","cerca_de":"Santa Fé","dist_ref_km":6.8,"d_ciudad_km":0.0,"altura_m":3.9,"precio_m2":680,"precio_m2_min":440,"precio_m2_max":1020,"valor":250000000,"valor_min":160000000,"valor_max":370000000},"geometry":{"type":"Polygon","coordinates":[[[-103.33453,25.57248],[-103.33453,25.57275],[-103.33443,25.57279],[-103.33441,25.57411],[-103.33431,25.57413],[-103.3343,25.57456],[-103.3342,25.5746],[-103.33419,25.57573],[-103.334,25.57574],[-103.33398,25.57591],[-103.33389,25.57594],[-103.33388,25.57609],[-103.3338,25.5761],[-103.33368,25.57626],[-103.3335,25.57627],[-103.33348,25.57635],[-103.33302,25.57635],[-103.33298,25.57644],[-103.33203,25.57643],[-103.33198,25.57652],[-103.3318,25.57652],[-103.33178,25.5766],[-103.33151,25.57661],[-103.33148,25.57669],[-103.33073,25.57668],[-103.33069,25.57677],[-103.32934,25.57676],[-103.32929,25.57685],[-103.32899,25.57684],[-103.32887,25.57667],[-103.3287,25.57666],[-103.32868,25.57649],[-103.32844,25.57648],[-103.3284,25.57675],[-103.32802,25.57675],[-103.3279,25.57692],[-103.32781,25.57694],[-103.3278,25.57701],[-103.32771,25.57702],[-103.3277,25.5771],[-103.32761,25.57711],[-103.3276,25.57719],[-103.32555,25.57716],[-103.3255,25.57725],[-103.32504,25.57725],[-103.32501,25.57734],[-103.32482,25.57735],[-103.3248,25.57743],[-103.32381,25.57741],[-103.3238,25.57707],[-103.32342,25.57705],[-103.32342,25.57678],[-103.32381,25.57676],[-103.32382,25.57642],[-103.32429,25.57643],[-103.32432,25.57625],[-103.32452,25.57623],[-103.32454,25.57535],[-103.32463,25.57531],[-103.32464,25.5749],[-103.32484,25.57487],[-103.32485,25.57454],[-103.32504,25.57441],[-103.32505,25.57409],[-103.32541,25.57409],[-103.32545,25.574],[-103.32615,25.57401],[-103.32615,25.57427],[-103.3264,25.57428],[-103.32644,25.5742],[-103.32654,25.57416],[-103.32654,25.57395],[-103.32645,25.57392],[-103.32645,25.57365],[-103.32662,25.57365],[-103.32665,25.57357],[-103.3274,25.57357],[-103.32745,25.57348],[-103.32785,25.57349],[-103.32785,25.57365],[-103.32804,25.57376],[-103.32807,25.57385],[-103.32824,25.57385],[-103.32828,25.57395],[-103.32883,25.57395],[-103.32884,25.57447],[-103.32919,25.5745],[-103.32923,25.57416],[-103.32903,25.57413],[-103.32904,25.57377],[-103.32913,25.57374],[-103.32914,25.5735],[-103.32952,25.5735],[-103.32954,25.57333],[-103.32963,25.57332],[-103.32964,25.57324],[-103.33031,25.57324],[-103.33034,25.57289],[-103.33084,25.57289],[-103.33085,25.57315],[-103.33104,25.57316],[-103.33107,25.57325],[-103.33129,25.57326],[-103.33133,25.57317],[-103.33161,25.57317],[-103.33163,25.57308],[-103.33209,25.57309],[-103.33213,25.573],[-103.3326,25.573],[-103.33263,25.57291],[-103.33389,25.57292],[-103.33393,25.57247],[-103.33453,25.57248]],[[-103.32841,25.57546],[-103.32844,25.57522],[-103.32822,25.57521],[-103.3282,25.57504],[-103.32802,25.57503],[-103.32801,25.57476],[-103.32764,25.57477],[-103.32762,25.5757],[-103.32771,25.57574],[-103.32774,25.57583],[-103.32799,25.57583],[-103.32801,25.57575],[-103.3281,25.57574],[-103.32811,25.57566],[-103.3282,25.57565],[-103.32822,25.57557],[-103.32841,25.57546]]]}},{"type":"Feature","properties":{"id":26,"estado":"desmontada","confianza":"alta","area_m2":13117,"perimetro_m":497,"largo_m":140,"ancho_m":130,"lat":25.594432,"lon":-103.323817,"municipio":"Torreón","cerca_de":"La Palma","dist_ref_km":6.9,"d_ciudad_km":0.4,"altura_m":3.9,"precio_m2":870,"precio_m2_min":560,"precio_m2_max":1300,"valor":11000000,"valor_min":7400000,"valor_max":17000000},"geometry":{"type":"Polygon","coordinates":[[[-103.32447,25.59421],[-103.32447,25.59449],[-103.32437,25.59452],[-103.32436,25.59494],[-103.32428,25.59495],[-103.32426,25.59502],[-103.32376,25.59502],[-103.32375,25.59494],[-103.32367,25.59493],[-103.32365,25.59476],[-103.32357,25.59475],[-103.32353,25.59466],[-103.32327,25.59465],[-103.32326,25.59449],[-103.32308,25.59438],[-103.32308,25.59393],[-103.32317,25.59392],[-103.32318,25.59384],[-103.32358,25.59384],[-103.32362,25.59393],[-103.32408,25.59394],[-103.32409,25.59402],[-103.32427,25.59403],[-103.32429,25.59411],[-103.32447,25.59421]]]}},{"type":"Feature","properties":{"id":27,"estado":"activa","confianza":"media","area_m2":6915,"perimetro_m":435,"largo_m":170,"ancho_m":60,"lat":25.572663,"lon":-103.328654,"municipio":"Torreón","cerca_de":"Santa Fé","dist_ref_km":7.2,"d_ciudad_km":0.0,"altura_m":0.9,"precio_m2":1040,"precio_m2_min":670,"precio_m2_max":1550,"valor":7200000,"valor_min":4700000,"valor_max":11000000},"geometry":{"type":"Polygon","coordinates":[[[-103.32907,25.57161],[-103.32906,25.57215],[-103.32886,25.57228],[-103.32885,25.57305],[-103.32876,25.57306],[-103.32875,25.57314],[-103.32845,25.57313],[-103.32846,25.57214],[-103.32866,25.57203],[-103.32867,25.57169],[-103.32875,25.57168],[-103.32877,25.5716],[-103.32907,25.57161]]]}},{"type":"Feature","properties":{"id":28,"estado":"activa","confianza":"alta","area_m2":22081,"perimetro_m":604,"largo_m":170,"ancho_m":140,"lat":25.663049,"lon":-103.4297,"municipio":"Gómez Palacio","cerca_de":"San Sebastián","dist_ref_km":7.8,"d_ciudad_km":4.0,"altura_m":0.7,"precio_m2":230,"precio_m2_min":150,"precio_m2_max":340,"valor":5100000,"valor_min":3300000,"valor_max":7600000},"geometry":{"type":"Polygon","coordinates":[[[-103.4304,25.66247],[-103.43039,25.66373],[-103.42939,25.66372],[-103.42935,25.66363],[-103.42899,25.66363],[-103.42901,25.66218],[-103.42951,25.66219],[-103.42956,25.66228],[-103.43011,25.66229],[-103.43023,25.66246],[-103.4304,25.66247]]]}},{"type":"Feature","properties":{"id":29,"estado":"activa","confianza":"alta","area_m2":202510,"perimetro_m":3840,"largo_m":800,"ancho_m":527,"lat":25.566906,"lon":-103.328475,"municipio":"Torreón","cerca_de":"Santa Fé","dist_ref_km":7.5,"d_ciudad_km":0.0,"altura_m":2.7,"precio_m2":740,"precio_m2_min":480,"precio_m2_max":1100,"valor":150000000,"valor_min":97000000,"valor_max":220000000},"geometry":{"type":"Polygon","coordinates":[[[-103.33077,25.56386],[-103.33076,25.5644],[-103.33056,25.56453],[-103.33054,25.56548],[-103.33046,25.5655],[-103.33044,25.56566],[-103.33034,25.5657],[-103.33034,25.56591],[-103.33044,25.56594],[-103.33044,25.5662],[-103.33034,25.56624],[-103.33033,25.56675],[-103.33024,25.56676],[-103.33023,25.56693],[-103.33013,25.56696],[-103.33012,25.56747],[-103.33002,25.56749],[-103.33001,25.56792],[-103.32991,25.56796],[-103.32989,25.56945],[-103.3294,25.56944],[-103.32938,25.56936],[-103.3292,25.56935],[-103.32917,25.56926],[-103.3289,25.56926],[-103.32887,25.56917],[-103.3287,25.56917],[-103.32867,25.56908],[-103.3285,25.56907],[-103.32838,25.5689],[-103.32821,25.56889],[-103.32817,25.5688],[-103.32801,25.5688],[-103.32789,25.56862],[-103.32771,25.56861],[-103.3277,25.56853],[-103.32752,25.56852],[-103.32748,25.56843],[-103.32726,25.56843],[-103.32722,25.56852],[-103.32684,25.56852],[-103.32682,25.56869],[-103.32672,25.56872],[-103.32671,25.56923],[-103.32661,25.56927],[-103.3266,25.56973],[-103.3267,25.56977],[-103.32673,25.56986],[-103.3269,25.56987],[-103.32693,25.56995],[-103.3272,25.56996],[-103.32721,25.57004],[-103.3273,25.57005],[-103.32729,25.57032],[-103.32689,25.57032],[-103.32688,25.57024],[-103.3267,25.57023],[-103.32665,25.57014],[-103.3258,25.57013],[-103.32577,25.56967],[-103.32496,25.56966],[-103.32491,25.56975],[-103.32461,25.56975],[-103.32462,25.56921],[-103.32471,25.56919],[-103.32472,25.56894],[-103.32481,25.56893],[-103.32482,25.56885],[-103.32631,25.56885],[-103.32632,25.56845],[-103.32613,25.56832],[-103.32613,25.56778],[-103.32633,25.56767],[-103.32634,25.56742],[-103.32693,25.56743],[-103.32695,25.5676],[-103.32719,25.56761],[-103.32723,25.56734],[-103.32733,25.56731],[-103.32732,25.56708],[-103.32684,25.56707],[-103.32671,25.56689],[-103.32625,25.56688],[-103.3262,25.56679],[-103.32545,25.56678],[-103.32546,25.56624],[-103.32554,25.56623],[-103.32556,25.56615],[-103.32606,25.56616],[-103.32609,25.56624],[-103.3263,25.56625],[-103.32636,25.56616],[-103.32682,25.56616],[-103.32686,25.5658],[-103.32726,25.56581],[-103.32725,25.56635],[-103.32715,25.56638],[-103.32715,25.56669],[-103.3275,25.56671],[-103.32754,25.56662],[-103.32772,25.56662],[-103.32775,25.5663],[-103.32755,25.56626],[-103.32755,25.56599],[-103.32765,25.56596],[-103.32766,25.56563],[-103.32782,25.56563],[-103.32786,25.56554],[-103.32795,25.56552],[-103.32796,25.56531],[-103.32776,25.56518],[-103.32775,25.56483],[-103.32737,25.56482],[-103.32737,25.56446],[-103.32797,25.56446],[-103.32801,25.56455],[-103.32847,25.56456],[-103.32848,25.56491],[-103.32892,25.56492],[-103.32896,25.56465],[-103.32905,25.56464],[-103.32906,25.56457],[-103.32923,25.56457],[-103.32927,25.56448],[-103.32946,25.56446],[-103.32947,25.56412],[-103.32965,25.56411],[-103.32967,25.56385],[-103.32984,25.56385],[-103.32987,25.56376],[-103.32996,25.56374],[-103.32998,25.56349],[-103.33037,25.5635],[-103.33039,25.56366],[-103.33057,25.56368],[-103.33058,25.56376],[-103.33077,25.56386]]]}},{"type":"Feature","properties":{"id":30,"estado":"desmontada","confianza":"alta","area_m2":23357,"perimetro_m":893,"largo_m":310,"ancho_m":112,"lat":25.575473,"lon":-103.324085,"municipio":"Torreón","cerca_de":"Santa Fé","dist_ref_km":7.4,"d_ciudad_km":0.5,"altura_m":3.0,"precio_m2":800,"precio_m2_min":520,"precio_m2_max":1190,"valor":19000000,"valor_min":12000000,"valor_max":28000000},"geometry":{"type":"Polygon","coordinates":[[[-103.32465,25.57436],[-103.32464,25.57481],[-103.32445,25.57492],[-103.32444,25.57535],[-103.32434,25.57537],[-103.32433,25.57571],[-103.32423,25.57574],[-103.32422,25.57625],[-103.32414,25.57626],[-103.32412,25.57634],[-103.32374,25.57634],[-103.32372,25.57642],[-103.32363,25.57645],[-103.32362,25.57669],[-103.32312,25.57668],[-103.32313,25.57641],[-103.32323,25.57637],[-103.32324,25.57569],[-103.32369,25.5757],[-103.32374,25.57561],[-103.32383,25.57557],[-103.32383,25.57526],[-103.32354,25.57525],[-103.32355,25.57488],[-103.32365,25.57484],[-103.32365,25.57425],[-103.32375,25.57423],[-103.32376,25.57407],[-103.32435,25.57408],[-103.32436,25.57434],[-103.32465,25.57436]]]}},{"type":"Feature","properties":{"id":31,"estado":"activa","confianza":"alta","area_m2":83479,"perimetro_m":1738,"largo_m":650,"ancho_m":169,"lat":25.592397,"lon":-103.319519,"municipio":"Torreón","cerca_de":"La Palma","dist_ref_km":7.4,"d_ciudad_km":0.7,"altura_m":7.8,"precio_m2":640,"precio_m2_min":410,"precio_m2_max":960,"valor":53000000,"valor_min":35000000,"valor_max":80000000},"geometry":{"type":"Polygon","coordinates":[[[-103.32065,25.58957],[-103.32064,25.59038],[-103.32055,25.59041],[-103.32054,25.59074],[-103.32044,25.59078],[-103.32043,25.59164],[-103.32033,25.59167],[-103.32032,25.592],[-103.32022,25.59204],[-103.32021,25.5929],[-103.32011,25.59293],[-103.3201,25.59326],[-103.32,25.5933],[-103.31999,25.59398],[-103.31989,25.59402],[-103.31989,25.5947],[-103.31979,25.59474],[-103.31978,25.59533],[-103.31928,25.59533],[-103.31916,25.59515],[-103.31888,25.59514],[-103.31887,25.59507],[-103.31869,25.59496],[-103.3187,25.59418],[-103.3185,25.59414],[-103.3185,25.59378],[-103.31877,25.59378],[-103.3188,25.5937],[-103.3189,25.59366],[-103.3189,25.59345],[-103.31871,25.59333],[-103.31872,25.59279],[-103.31882,25.59275],[-103.31883,25.59162],[-103.31892,25.59161],[-103.31893,25.59153],[-103.31923,25.59151],[-103.31925,25.59045],[-103.31945,25.59041],[-103.31943,25.59019],[-103.31905,25.59018],[-103.31906,25.58955],[-103.32065,25.58957]]]}},{"type":"Feature","properties":{"id":32,"estado":"activa","confianza":"alta","area_m2":85495,"perimetro_m":2017,"largo_m":722,"ancho_m":168,"lat":25.586083,"lon":-103.320455,"municipio":"Torreón","cerca_de":"La Partida","dist_ref_km":7.4,"d_ciudad_km":1.2,"altura_m":8.3,"precio_m2":550,"precio_m2_min":350,"precio_m2_max":820,"valor":47000000,"valor_min":30000000,"valor_max":70000000},"geometry":{"type":"Polygon","coordinates":[[[-103.32174,25.5829],[-103.32173,25.58398],[-103.32163,25.58401],[-103.32162,25.58443],[-103.32152,25.58447],[-103.32151,25.58533],[-103.32141,25.58537],[-103.3214,25.58569],[-103.32111,25.58573],[-103.32111,25.58602],[-103.3213,25.58614],[-103.32129,25.5865],[-103.32119,25.58654],[-103.32119,25.58695],[-103.32109,25.58698],[-103.32109,25.58713],[-103.32079,25.58713],[-103.32074,25.58704],[-103.32034,25.58704],[-103.32029,25.58708],[-103.32031,25.58739],[-103.32088,25.5874],[-103.32088,25.58785],[-103.32079,25.58787],[-103.32077,25.58803],[-103.32067,25.58808],[-103.32068,25.58829],[-103.32087,25.58831],[-103.32086,25.58903],[-103.32076,25.58906],[-103.32076,25.5893],[-103.32046,25.58929],[-103.32041,25.5892],[-103.31966,25.58919],[-103.31967,25.58865],[-103.31985,25.58865],[-103.31987,25.58856],[-103.32007,25.58843],[-103.32008,25.58796],[-103.31978,25.58793],[-103.31978,25.58761],[-103.31969,25.58757],[-103.31971,25.58594],[-103.3198,25.58592],[-103.31981,25.58567],[-103.31991,25.58564],[-103.31992,25.58513],[-103.32011,25.58511],[-103.32012,25.58496],[-103.32022,25.58492],[-103.32022,25.58469],[-103.32032,25.58466],[-103.32033,25.58442],[-103.32043,25.58439],[-103.32044,25.58361],[-103.32054,25.58357],[-103.32054,25.58316],[-103.32064,25.58314],[-103.32065,25.58298],[-103.32073,25.58296],[-103.32075,25.58289],[-103.32174,25.5829]]]}},{"type":"Feature","properties":{"id":33,"estado":"desmontada","confianza":"alta","area_m2":26366,"perimetro_m":1190,"largo_m":426,"ancho_m":145,"lat":25.594853,"lon":-103.31762,"municipio":"Torreón","cerca_de":"La Palma","dist_ref_km":7.5,"d_ciudad_km":0.7,"altura_m":4.1,"precio_m2":730,"precio_m2_min":470,"precio_m2_max":1090,"valor":19000000,"valor_min":12000000,"valor_max":29000000},"geometry":{"type":"Polygon","coordinates":[[[-103.31977,25.59551],[-103.31977,25.59579],[-103.31969,25.5958],[-103.31967,25.59587],[-103.31907,25.59587],[-103.31904,25.59578],[-103.31878,25.59577],[-103.31875,25.59569],[-103.31858,25.59568],[-103.31855,25.59551],[-103.31828,25.5955],[-103.31826,25.59541],[-103.31808,25.59541],[-103.31807,25.59533],[-103.31799,25.59531],[-103.31786,25.59514],[-103.31749,25.59513],[-103.31745,25.59504],[-103.31689,25.59503],[-103.31688,25.59496],[-103.3168,25.59494],[-103.31668,25.59477],[-103.3165,25.59475],[-103.3165,25.5946],[-103.3164,25.59457],[-103.31639,25.59449],[-103.3162,25.59448],[-103.31621,25.59424],[-103.31611,25.59421],[-103.31612,25.59376],[-103.31651,25.59376],[-103.31663,25.59394],[-103.31681,25.59395],[-103.31684,25.59403],[-103.31701,25.59404],[-103.31701,25.5942],[-103.3171,25.59422],[-103.3171,25.59455],[-103.3172,25.59458],[-103.31724,25.59467],[-103.31796,25.59468],[-103.318,25.59459],[-103.31809,25.59456],[-103.3181,25.59441],[-103.31819,25.59439],[-103.3182,25.59423],[-103.3185,25.59424],[-103.3185,25.59495],[-103.31859,25.59496],[-103.3186,25.59503],[-103.31869,25.59505],[-103.3187,25.59512],[-103.31878,25.59514],[-103.3189,25.59531],[-103.31918,25.59533],[-103.3193,25.5955],[-103.31977,25.59551]]]}},{"type":"Feature","properties":{"id":34,"estado":"activa","confianza":"media","area_m2":7292,"perimetro_m":431,"largo_m":160,"ancho_m":60,"lat":25.676998,"lon":-103.383697,"municipio":"Gómez Palacio","cerca_de":"El Compás","dist_ref_km":8.4,"d_ciudad_km":3.5,"altura_m":5.8,"precio_m2":280,"precio_m2_min":180,"precio_m2_max":420,"valor":2000000,"valor_min":1300000,"valor_max":3100000},"geometry":{"type":"Polygon","coordinates":[[[-103.38458,25.67705],[-103.38458,25.67732],[-103.38368,25.67731],[-103.38365,25.67713],[-103.38299,25.67712],[-103.38299,25.67676],[-103.38419,25.67677],[-103.38421,25.67694],[-103.38439,25.67695],[-103.38442,25.67704],[-103.38458,25.67705]]]}},{"type":"Feature","properties":{"id":35,"estado":"activa","confianza":"alta","area_m2":80492,"perimetro_m":1782,"largo_m":600,"ancho_m":187,"lat":25.591788,"lon":-103.317143,"municipio":"Torreón","cerca_de":"La Partida","dist_ref_km":7.6,"d_ciudad_km":0.9,"altura_m":7.0,"precio_m2":600,"precio_m2_min":390,"precio_m2_max":890,"valor":48000000,"valor_min":31000000,"valor_max":72000000},"geometry":{"type":"Polygon","coordinates":[[[-103.31867,25.58927],[-103.31865,25.59018],[-103.31856,25.5902],[-103.31855,25.59063],[-103.31845,25.59067],[-103.31844,25.59144],[-103.31824,25.59156],[-103.31823,25.59225],[-103.31813,25.59227],[-103.31812,25.59252],[-103.31804,25.59253],[-103.31802,25.5927],[-103.31792,25.59274],[-103.31792,25.59294],[-103.31802,25.59297],[-103.31802,25.5933],[-103.31811,25.59333],[-103.31811,25.59378],[-103.31801,25.59382],[-103.318,25.59441],[-103.31791,25.59442],[-103.3179,25.5945],[-103.3173,25.59449],[-103.3173,25.59426],[-103.3172,25.59422],[-103.31719,25.59405],[-103.31711,25.59404],[-103.31698,25.59386],[-103.31681,25.59386],[-103.31679,25.59378],[-103.31661,25.59376],[-103.31658,25.59368],[-103.31642,25.59367],[-103.31643,25.59241],[-103.31652,25.59239],[-103.31653,25.59232],[-103.317,25.59232],[-103.31703,25.59223],[-103.3176,25.59224],[-103.31763,25.59197],[-103.31773,25.59193],[-103.31769,25.5917],[-103.31746,25.59171],[-103.31744,25.59188],[-103.31684,25.59187],[-103.31686,25.59034],[-103.31706,25.59021],[-103.31707,25.58953],[-103.31716,25.5895],[-103.31717,25.58935],[-103.31823,25.58936],[-103.31827,25.58918],[-103.31857,25.58918],[-103.31858,25.58926],[-103.31867,25.58927]]]}},{"type":"Feature","properties":{"id":36,"estado":"activa","confianza":"alta","area_m2":11436,"perimetro_m":513,"largo_m":180,"ancho_m":100,"lat":25.564423,"lon":-103.32613,"municipio":"Torreón","cerca_de":"Santa Fé","dist_ref_km":7.8,"d_ciudad_km":0.4,"altura_m":2.4,"precio_m2":900,"precio_m2_min":590,"precio_m2_max":1350,"valor":10000000,"valor_min":6700000,"valor_max":15000000},"geometry":{"type":"Polygon","coordinates":[[[-103.32658,25.56436],[-103.32657,25.56481],[-103.32649,25.56482],[-103.32647,25.5649],[-103.32628,25.56491],[-103.32627,25.56526],[-103.32577,25.56525],[-103.32577,25.56492],[-103.32558,25.5648],[-103.32558,25.56453],[-103.32568,25.56449],[-103.32569,25.56417],[-103.32588,25.56405],[-103.32589,25.56363],[-103.32619,25.56363],[-103.32619,25.56397],[-103.32629,25.56399],[-103.3263,25.56416],[-103.32658,25.56436]]]}},{"type":"Feature","properties":{"id":37,"estado":"desmontada","confianza":"alta","area_m2":33047,"perimetro_m":1497,"largo_m":399,"ancho_m":219,"lat":25.677155,"lon":-103.381255,"municipio":"Gómez Palacio","cerca_de":"El Compás","dist_ref_km":8.4,"d_ciudad_km":3.4,"altura_m":3.4,"precio_m2":220,"precio_m2_min":145,"precio_m2_max":330,"valor":7300000,"valor_min":4700000,"valor_max":11000000},"geometry":{"type":"Polygon","coordinates":[[[-103.38479,25.6766],[-103.38479,25.67687],[-103.38439,25.67686],[-103.38426,25.67668],[-103.38359,25.67667],[-103.38357,25.67659],[-103.3833,25.67658],[-103.38326,25.67649],[-103.38294,25.67649],[-103.38289,25.67721],[-103.38239,25.6772],[-103.38227,25.67703],[-103.38201,25.67703],[-103.38199,25.67711],[-103.3818,25.67722],[-103.38179,25.67744],[-103.38189,25.67747],[-103.38193,25.67756],[-103.38268,25.67757],[-103.38268,25.67784],[-103.38258,25.67788],[-103.38258,25.6782],[-103.38228,25.67819],[-103.38216,25.67802],[-103.38198,25.67801],[-103.38195,25.67792],[-103.38148,25.67791],[-103.38137,25.67774],[-103.38119,25.67773],[-103.38117,25.67765],[-103.38109,25.67764],[-103.38106,25.67737],[-103.3806,25.67736],[-103.3806,25.677],[-103.38136,25.67701],[-103.3815,25.67683],[-103.38188,25.67683],[-103.3819,25.67675],[-103.382,25.67671],[-103.382,25.67648],[-103.3821,25.67645],[-103.38211,25.67612],[-103.38246,25.67612],[-103.38251,25.67603],[-103.3829,25.67603],[-103.38293,25.67612],[-103.3832,25.67613],[-103.38325,25.67622],[-103.3839,25.67623],[-103.38392,25.67631],[-103.3841,25.67632],[-103.38413,25.67641],[-103.38449,25.67641],[-103.38461,25.67659],[-103.38479,25.6766]]]}},{"type":"Feature","properties":{"id":38,"estado":"desmontada","confianza":"alta","area_m2":71203,"perimetro_m":1977,"largo_m":510,"ancho_m":256,"lat":25.678104,"lon":-103.385373,"municipio":"Gómez Palacio","cerca_de":"El Compás","dist_ref_km":8.5,"d_ciudad_km":3.6,"altura_m":3.2,"precio_m2":195,"precio_m2_min":125,"precio_m2_max":290,"valor":14000000,"valor_min":8900000,"valor_max":21000000},"geometry":{"type":"Polygon","coordinates":[[[-103.38915,25.67836],[-103.38915,25.67863],[-103.38906,25.67864],[-103.38905,25.67872],[-103.38869,25.67872],[-103.38865,25.67881],[-103.38847,25.67881],[-103.38845,25.67889],[-103.38825,25.67901],[-103.38824,25.67916],[-103.38774,25.67916],[-103.38774,25.67873],[-103.3875,25.6787],[-103.38745,25.67906],[-103.38736,25.67908],[-103.38724,25.67924],[-103.38645,25.67923],[-103.38641,25.67914],[-103.38595,25.67914],[-103.38591,25.67905],[-103.38545,25.67904],[-103.38542,25.67895],[-103.38511,25.67895],[-103.38495,25.67913],[-103.38487,25.67914],[-103.38485,25.67922],[-103.38477,25.67923],[-103.38475,25.67931],[-103.38435,25.6793],[-103.38436,25.67894],[-103.38444,25.67893],[-103.38446,25.67885],[-103.38465,25.67884],[-103.38466,25.67862],[-103.38446,25.67858],[-103.38445,25.67851],[-103.38437,25.67849],[-103.38424,25.67831],[-103.38407,25.6783],[-103.38408,25.67749],[-103.38478,25.6775],[-103.38478,25.67765],[-103.38487,25.67768],[-103.38491,25.67777],[-103.38563,25.67778],[-103.38568,25.67742],[-103.38577,25.67738],[-103.38578,25.67697],[-103.38608,25.67697],[-103.38622,25.67715],[-103.38654,25.67716],[-103.38658,25.67707],[-103.38698,25.67707],[-103.38699,25.67715],[-103.38717,25.67726],[-103.38717,25.67762],[-103.38671,25.67761],[-103.38667,25.6777],[-103.38658,25.67772],[-103.38656,25.67802],[-103.38666,25.67806],[-103.38668,25.67815],[-103.38726,25.67816],[-103.38739,25.67834],[-103.38776,25.67835],[-103.38788,25.67852],[-103.38821,25.67853],[-103.38825,25.6783],[-103.38815,25.67826],[-103.38816,25.67781],[-103.38886,25.67782],[-103.38888,25.6779],[-103.38906,25.67791],[-103.38905,25.67832],[-103.38915,25.67836]]]}},{"type":"Feature","properties":{"id":39,"estado":"activa","confianza":"alta","area_m2":41599,"perimetro_m":1030,"largo_m":360,"ancho_m":150,"lat":25.642909,"lon":-103.458003,"municipio":"Gómez Palacio","cerca_de":"Aquiles Serdán","dist_ref_km":8.0,"d_ciudad_km":0.8,"altura_m":3.0,"precio_m2":520,"precio_m2_min":340,"precio_m2_max":780,"valor":22000000,"valor_min":14000000,"valor_max":32000000},"geometry":{"type":"Polygon","coordinates":[[[-103.45913,25.644],[-103.45913,25.64436],[-103.45793,25.64435],[-103.45792,25.64418],[-103.45774,25.64416],[-103.45774,25.64364],[-103.45744,25.64362],[-103.45745,25.64326],[-103.45755,25.64323],[-103.45755,25.64292],[-103.45715,25.64289],[-103.45716,25.64247],[-103.45696,25.64235],[-103.45697,25.64172],[-103.45706,25.6417],[-103.45707,25.64163],[-103.45724,25.64162],[-103.45727,25.64154],[-103.45745,25.64153],[-103.45747,25.64145],[-103.45807,25.64146],[-103.45808,25.64153],[-103.45817,25.64155],[-103.45817,25.64188],[-103.45826,25.64191],[-103.45826,25.64206],[-103.45836,25.64209],[-103.45836,25.64224],[-103.45846,25.64227],[-103.45846,25.64243],[-103.45855,25.64246],[-103.45855,25.64278],[-103.45865,25.64282],[-103.45866,25.64298],[-103.45875,25.643],[-103.45875,25.64325],[-103.45894,25.64336],[-103.45894,25.64388],[-103.45913,25.644]]]}},{"type":"Feature","properties":{"id":40,"estado":"activa","confianza":"alta","area_m2":8508,"perimetro_m":414,"largo_m":130,"ancho_m":90,"lat":25.684033,"lon":-103.391776,"municipio":"Gómez Palacio","cerca_de":"San Felipe","dist_ref_km":9.1,"d_ciudad_km":4.4,"altura_m":1.0,"precio_m2":230,"precio_m2_min":150,"precio_m2_max":350,"valor":2000000,"valor_min":1300000,"valor_max":2900000},"geometry":{"type":"Polygon","coordinates":[[[-103.39226,25.68408],[-103.39225,25.68453],[-103.39217,25.68455],[-103.39215,25.68462],[-103.39166,25.68462],[-103.39164,25.68454],[-103.39146,25.68443],[-103.39145,25.68427],[-103.39136,25.68425],[-103.39137,25.68398],[-103.39146,25.68396],[-103.39147,25.6838],[-103.39155,25.68379],[-103.39157,25.68371],[-103.39165,25.6837],[-103.39167,25.68362],[-103.39186,25.68352],[-103.39187,25.68345],[-103.39217,25.68345],[-103.39217,25.68372],[-103.39207,25.68375],[-103.39206,25.68395],[-103.39226,25.68408]]]}},{"type":"Feature","properties":{"id":41,"estado":"activa","confianza":"alta","area_m2":42617,"perimetro_m":993,"largo_m":330,"ancho_m":200,"lat":25.684124,"lon":-103.410342,"municipio":"Gómez Palacio","cerca_de":"Tajo Viejo","dist_ref_km":9.3,"d_ciudad_km":5.2,"altura_m":3.7,"precio_m2":170,"precio_m2_min":110,"precio_m2_max":260,"valor":7300000,"valor_min":4700000,"valor_max":11000000},"geometry":{"type":"Polygon","coordinates":[[[-103.4112,25.68312],[-103.41118,25.68456],[-103.4111,25.68457],[-103.41108,25.68465],[-103.41071,25.68465],[-103.41068,25.68483],[-103.41042,25.68483],[-103.41038,25.685],[-103.4102,25.68501],[-103.41018,25.68536],[-103.40998,25.68547],[-103.40997,25.68572],[-103.40928,25.68571],[-103.40926,25.68564],[-103.40918,25.68562],[-103.40919,25.68499],[-103.40939,25.68487],[-103.4094,25.68427],[-103.40949,25.68425],[-103.4095,25.684],[-103.4096,25.68397],[-103.40961,25.68337],[-103.4097,25.68335],[-103.40971,25.68319],[-103.40981,25.68316],[-103.40981,25.68301],[-103.41047,25.68302],[-103.41061,25.68284],[-103.4107,25.68282],[-103.41071,25.68275],[-103.41101,25.68275],[-103.41101,25.683],[-103.4112,25.68312]]]}},{"type":"Feature","properties":{"id":42,"estado":"activa","confianza":"alta","area_m2":21533,"perimetro_m":751,"largo_m":200,"ancho_m":190,"lat":25.67987,"lon":-103.431131,"municipio":"Gómez Palacio","cerca_de":"Tajo Viejo","dist_ref_km":9.5,"d_ciudad_km":5.5,"altura_m":4.1,"precio_m2":175,"precio_m2_min":115,"precio_m2_max":260,"valor":3800000,"valor_min":2500000,"valor_max":5700000},"geometry":{"type":"Polygon","coordinates":[[[-103.43238,25.67919],[-103.43237,25.67982],[-103.43172,25.67982],[-103.43167,25.67991],[-103.43119,25.67991],[-103.43117,25.68017],[-103.43107,25.68021],[-103.43106,25.6808],[-103.43066,25.6808],[-103.43067,25.68029],[-103.43057,25.68026],[-103.43057,25.67983],[-103.43048,25.6798],[-103.43048,25.67953],[-103.43058,25.67949],[-103.43059,25.67908],[-103.43094,25.67909],[-103.43099,25.679],[-103.43188,25.67901],[-103.43191,25.67909],[-103.43228,25.6791],[-103.43229,25.67918],[-103.43238,25.67919]]]}},{"type":"Feature","properties":{"id":43,"estado":"activa","confianza":"alta","area_m2":39144,"perimetro_m":1133,"largo_m":373,"ancho_m":206,"lat":25.680718,"lon":-103.429559,"municipio":"Gómez Palacio","cerca_de":"Tajo Viejo","dist_ref_km":9.5,"d_ciudad_km":5.7,"altura_m":4.5,"precio_m2":160,"precio_m2_min":105,"precio_m2_max":240,"valor":6300000,"valor_min":4100000,"valor_max":9400000},"geometry":{"type":"Polygon","coordinates":[[[-103.43215,25.68127],[-103.43215,25.68172],[-103.43135,25.68171],[-103.4313,25.68162],[-103.43015,25.68161],[-103.43011,25.68152],[-103.42916,25.68151],[-103.42912,25.68142],[-103.42866,25.68141],[-103.42867,25.68096],[-103.42876,25.68093],[-103.42877,25.68073],[-103.42857,25.6806],[-103.42858,25.68015],[-103.42905,25.68015],[-103.42908,25.68006],[-103.42917,25.68003],[-103.42918,25.67988],[-103.42946,25.67988],[-103.42948,25.6797],[-103.42978,25.67971],[-103.42981,25.67979],[-103.42998,25.6798],[-103.42999,25.67996],[-103.43008,25.67998],[-103.43019,25.68015],[-103.43027,25.68016],[-103.43027,25.68066],[-103.43037,25.68071],[-103.43038,25.68115],[-103.43072,25.68116],[-103.43076,25.68107],[-103.43166,25.68108],[-103.43178,25.68126],[-103.43215,25.68127]]]}},{"type":"Feature","properties":{"id":44,"estado":"activa","confianza":"alta","area_m2":22316,"perimetro_m":953,"largo_m":255,"ancho_m":214,"lat":25.591932,"lon":-103.304489,"municipio":"Torreón","cerca_de":"La Partida","dist_ref_km":8.9,"d_ciudad_km":2.2,"altura_m":2.2,"precio_m2":470,"precio_m2_min":300,"precio_m2_max":700,"valor":10000000,"valor_min":6800000,"valor_max":16000000},"geometry":{"type":"Polygon","coordinates":[[[-103.30569,25.59174],[-103.30569,25.59201],[-103.3056,25.59202],[-103.30559,25.5921],[-103.30499,25.59209],[-103.30496,25.59201],[-103.30474,25.592],[-103.30469,25.59209],[-103.30432,25.59209],[-103.30419,25.59227],[-103.30402,25.59227],[-103.30399,25.59235],[-103.3039,25.59237],[-103.30389,25.59253],[-103.30381,25.59254],[-103.30379,25.59262],[-103.30359,25.59273],[-103.30358,25.59289],[-103.30329,25.59289],[-103.30329,25.59262],[-103.30338,25.59259],[-103.30339,25.59239],[-103.30319,25.59225],[-103.3032,25.59198],[-103.30328,25.59197],[-103.3033,25.59189],[-103.30349,25.59187],[-103.3035,25.59149],[-103.3034,25.59144],[-103.30338,25.59136],[-103.30311,25.59135],[-103.30311,25.59099],[-103.30341,25.59099],[-103.30353,25.59117],[-103.30391,25.59118],[-103.30392,25.59126],[-103.3041,25.59127],[-103.30414,25.59136],[-103.3045,25.59137],[-103.30454,25.59145],[-103.3048,25.59146],[-103.30481,25.59154],[-103.3049,25.59155],[-103.30493,25.59173],[-103.30569,25.59174]]]}},{"type":"Feature","properties":{"id":45,"estado":"activa","confianza":"media","mixta":true,"area_m2":139516,"perimetro_m":1973,"largo_m":607,"ancho_m":382,"lat":25.529281,"lon":-103.446323,"municipio":"Torreón","cerca_de":"Torreón","dist_ref_km":9.7,"d_ciudad_km":0.0,"altura_m":3.3,"precio_m2":770,"precio_m2_min":500,"precio_m2_max":1150,"valor":110000000,"valor_min":70000000,"valor_max":160000000},"geometry":{"type":"Polygon","coordinates":[[[-103.44904,25.53104],[-103.44903,25.53176],[-103.44885,25.53176],[-103.44873,25.53194],[-103.44843,25.53193],[-103.4484,25.53185],[-103.44823,25.53184],[-103.44821,25.53176],[-103.44803,25.53175],[-103.448,25.53166],[-103.44783,25.53166],[-103.44782,25.53158],[-103.44774,25.53156],[-103.44762,25.53139],[-103.44744,25.53138],[-103.44743,25.5313],[-103.44714,25.53111],[-103.44714,25.53077],[-103.44705,25.53074],[-103.44702,25.53066],[-103.44685,25.53065],[-103.44683,25.53048],[-103.44659,25.53047],[-103.44655,25.53056],[-103.44626,25.53056],[-103.44614,25.53038],[-103.44596,25.53037],[-103.44595,25.5303],[-103.44586,25.53028],[-103.44575,25.53011],[-103.44557,25.5301],[-103.44555,25.53002],[-103.44547,25.53001],[-103.44535,25.52983],[-103.44517,25.52982],[-103.44516,25.52975],[-103.44507,25.52973],[-103.44496,25.52956],[-103.44478,25.52955],[-103.44476,25.52947],[-103.44468,25.52946],[-103.44468,25.52918],[-103.44478,25.52914],[-103.44479,25.52882],[-103.44508,25.52879],[-103.44507,25.52857],[-103.44479,25.52855],[-103.44479,25.5281],[-103.44489,25.52808],[-103.4449,25.52774],[-103.44499,25.52772],[-103.445,25.52756],[-103.4451,25.52753],[-103.4451,25.52738],[-103.44556,25.52739],[-103.4457,25.52721],[-103.44617,25.52721],[-103.4463,25.52704],[-103.44696,25.52704],[-103.447,25.52668],[-103.4475,25.52669],[-103.4475,25.52684],[-103.4477,25.52696],[-103.4477,25.5272],[-103.44779,25.52723],[-103.44779,25.52738],[-103.44789,25.52741],[-103.4479,25.52758],[-103.44808,25.52769],[-103.44808,25.52792],[-103.44818,25.52796],[-103.44818,25.52832],[-103.44798,25.52835],[-103.44798,25.52856],[-103.44807,25.52859],[-103.44806,25.52922],[-103.44787,25.52934],[-103.44786,25.52973],[-103.44826,25.52976],[-103.44827,25.52993],[-103.44835,25.52995],[-103.44836,25.53002],[-103.44845,25.53004],[-103.44857,25.53021],[-103.44865,25.53022],[-103.44865,25.53038],[-103.44884,25.53049],[-103.44884,25.53082],[-103.44894,25.53085],[-103.44895,25.53102],[-103.44904,25.53104]]]}},{"type":"Feature","properties":{"id":46,"estado":"activa","confianza":"media","area_m2":9568,"perimetro_m":538,"largo_m":204,"ancho_m":66,"lat":25.685387,"lon":-103.430107,"municipio":"Gómez Palacio","cerca_de":"Tajo Viejo","dist_ref_km":10.0,"d_ciudad_km":6.1,"altura_m":6.3,"precio_m2":175,"precio_m2_min":115,"precio_m2_max":260,"valor":1700000,"valor_min":1100000,"valor_max":2500000},"geometry":{"type":"Polygon","coordinates":[[[-103.43051,25.68468],[-103.43051,25.68522],[-103.43031,25.68524],[-103.4303,25.68558],[-103.4302,25.68562],[-103.4302,25.68582],[-103.4303,25.68585],[-103.43029,25.68621],[-103.43021,25.68622],[-103.43019,25.6863],[-103.42979,25.6863],[-103.4298,25.68558],[-103.4299,25.68554],[-103.42991,25.68467],[-103.43001,25.68465],[-103.43002,25.68449],[-103.43032,25.6845],[-103.43033,25.68466],[-103.43051,25.68468]]]}},{"type":"Feature","properties":{"id":47,"estado":"desmontada","confianza":"alta","area_m2":58238,"perimetro_m":1662,"largo_m":507,"ancho_m":250,"lat":25.685069,"lon":-103.431354,"municipio":"Gómez Palacio","cerca_de":"Tajo Viejo","dist_ref_km":10.0,"d_ciudad_km":5.9,"altura_m":2.8,"precio_m2":115,"precio_m2_min":75,"precio_m2_max":170,"valor":6600000,"valor_min":4300000,"valor_max":9900000},"geometry":{"type":"Polygon","coordinates":[[[-103.43261,25.68416],[-103.43261,25.68443],[-103.43252,25.68444],[-103.43251,25.68452],[-103.43211,25.68454],[-103.4321,25.68533],[-103.432,25.68536],[-103.43199,25.68569],[-103.4318,25.6858],[-103.43179,25.68596],[-103.43163,25.68596],[-103.43159,25.68605],[-103.43141,25.68606],[-103.43139,25.68622],[-103.43129,25.68626],[-103.43129,25.6864],[-103.43111,25.68641],[-103.43109,25.68649],[-103.4308,25.6865],[-103.43079,25.68658],[-103.43059,25.68669],[-103.43058,25.68685],[-103.43049,25.68687],[-103.43048,25.68703],[-103.4304,25.68704],[-103.43038,25.68712],[-103.43003,25.68711],[-103.42998,25.6872],[-103.42968,25.6872],[-103.42967,25.68712],[-103.42949,25.68702],[-103.42949,25.68675],[-103.42977,25.68674],[-103.42979,25.68657],[-103.42988,25.68656],[-103.42999,25.68639],[-103.43026,25.68639],[-103.43039,25.68621],[-103.43048,25.68619],[-103.4305,25.68589],[-103.4304,25.68585],[-103.4304,25.68558],[-103.43049,25.68556],[-103.4305,25.68531],[-103.4306,25.68528],[-103.43061,25.68486],[-103.43101,25.68483],[-103.43099,25.68442],[-103.43075,25.68441],[-103.43071,25.6845],[-103.43042,25.6845],[-103.4304,25.68442],[-103.43032,25.68441],[-103.43033,25.68332],[-103.4312,25.68333],[-103.43123,25.68288],[-103.43153,25.68289],[-103.43155,25.68296],[-103.43163,25.68298],[-103.43163,25.68325],[-103.43153,25.68327],[-103.43153,25.68348],[-103.43172,25.68361],[-103.43173,25.68413],[-103.43181,25.68415],[-103.43186,25.68424],[-103.43208,25.68424],[-103.43211,25.68416],[-103.43261,25.68416]]]}},{"type":"Feature","properties":{"id":48,"estado":"activa","confianza":"alta","area_m2":13141,"perimetro_m":517,"largo_m":165,"ancho_m":112,"lat":25.695495,"lon":-103.39151,"municipio":"Gómez Palacio","cerca_de":"San Felipe","dist_ref_km":10.4,"d_ciudad_km":5.6,"altura_m":3.3,"precio_m2":185,"precio_m2_min":120,"precio_m2_max":280,"valor":2400000,"valor_min":1600000,"valor_max":3600000},"geometry":{"type":"Polygon","coordinates":[[[-103.39212,25.69491],[-103.39211,25.69555],[-103.39191,25.69566],[-103.3919,25.69591],[-103.39171,25.69601],[-103.3917,25.69617],[-103.3912,25.69617],[-103.3912,25.69601],[-103.39101,25.6959],[-103.391,25.69574],[-103.39091,25.69571],[-103.39091,25.69544],[-103.391,25.69543],[-103.39101,25.69535],[-103.39131,25.69533],[-103.39132,25.69473],[-103.39172,25.69473],[-103.39174,25.69481],[-103.39192,25.69482],[-103.39195,25.69491],[-103.39212,25.69491]]]}},{"type":"Feature","properties":{"id":49,"estado":"activa","confianza":"alta","area_m2":30700,"perimetro_m":861,"largo_m":280,"ancho_m":160,"lat":25.696379,"lon":-103.394544,"municipio":"Gómez Palacio","cerca_de":"San Felipe","dist_ref_km":10.5,"d_ciudad_km":5.8,"altura_m":0.3,"precio_m2":160,"precio_m2_min":105,"precio_m2_max":240,"valor":5000000,"valor_min":3200000,"valor_max":7500000},"geometry":{"type":"Polygon","coordinates":[[[-103.39598,25.6964],[-103.39598,25.69685],[-103.39589,25.69687],[-103.39587,25.69694],[-103.39518,25.69693],[-103.39515,25.69685],[-103.39492,25.69684],[-103.39488,25.69702],[-103.39403,25.69701],[-103.39398,25.6971],[-103.39368,25.6971],[-103.39367,25.69693],[-103.39348,25.69692],[-103.39347,25.69675],[-103.39329,25.69673],[-103.39327,25.69666],[-103.39319,25.69664],[-103.39319,25.69637],[-103.39329,25.69633],[-103.3933,25.69605],[-103.3932,25.69601],[-103.3932,25.69574],[-103.39329,25.69573],[-103.3933,25.69565],[-103.3941,25.69566],[-103.39413,25.69584],[-103.39459,25.69584],[-103.39471,25.69602],[-103.39499,25.69603],[-103.39512,25.69621],[-103.39569,25.69622],[-103.39571,25.6963],[-103.39588,25.69631],[-103.3959,25.69639],[-103.39598,25.6964]]]}},{"type":"Feature","properties":{"id":50,"estado":"activa","confianza":"alta","area_m2":31876,"perimetro_m":983,"largo_m":310,"ancho_m":130,"lat":25.683358,"lon":-103.441838,"municipio":"Gómez Palacio","cerca_de":"Trece de Marzo","dist_ref_km":10.3,"d_ciudad_km":5.5,"altura_m":1.9,"precio_m2":170,"precio_m2_min":110,"precio_m2_max":250,"valor":5300000,"valor_min":3500000,"valor_max":8000000},"geometry":{"type":"Polygon","coordinates":[[[-103.44339,25.6831],[-103.44338,25.68382],[-103.44292,25.68382],[-103.44288,25.68391],[-103.44258,25.68391],[-103.44258,25.68366],[-103.44248,25.68363],[-103.44243,25.68354],[-103.44219,25.68356],[-103.44218,25.6839],[-103.44209,25.68391],[-103.44208,25.68399],[-103.44178,25.68399],[-103.44174,25.6839],[-103.44039,25.68388],[-103.44037,25.68381],[-103.44029,25.68379],[-103.4403,25.6828],[-103.4411,25.68281],[-103.44122,25.68298],[-103.44149,25.68299],[-103.44154,25.68317],[-103.44187,25.68317],[-103.44199,25.683],[-103.44208,25.68298],[-103.44209,25.68291],[-103.44218,25.68289],[-103.44219,25.68282],[-103.44279,25.68283],[-103.44283,25.68292],[-103.44319,25.68292],[-103.4432,25.68309],[-103.44339,25.6831]]]}},{"type":"Feature","properties":{"id":51,"estado":"activa","confianza":"alta","area_m2":41220,"perimetro_m":1110,"largo_m":360,"ancho_m":180,"lat":25.685404,"lon":-103.345566,"municipio":"Matamoros","cerca_de":"Hormiguero","dist_ref_km":10.4,"d_ciudad_km":5.2,"altura_m":4.4,"precio_m2":170,"precio_m2_min":110,"precio_m2_max":260,"valor":7000000,"valor_min":4600000,"valor_max":11000000},"geometry":{"type":"Polygon","coordinates":[[[-103.34681,25.68565],[-103.3468,25.68601],[-103.3467,25.68605],[-103.3467,25.68646],[-103.3466,25.68651],[-103.3466,25.68672],[-103.34679,25.68673],[-103.34679,25.687],[-103.34609,25.687],[-103.34608,25.68692],[-103.34599,25.68691],[-103.34599,25.68675],[-103.3459,25.68672],[-103.34587,25.68664],[-103.3456,25.68663],[-103.34556,25.68654],[-103.3452,25.68654],[-103.3452,25.6862],[-103.34501,25.68608],[-103.34503,25.68455],[-103.34513,25.6845],[-103.34513,25.68422],[-103.34503,25.68419],[-103.34504,25.68383],[-103.34512,25.68381],[-103.34514,25.68374],[-103.34604,25.68375],[-103.34602,25.68465],[-103.34583,25.68467],[-103.34582,25.68498],[-103.34602,25.6851],[-103.34602,25.68534],[-103.34621,25.68546],[-103.34623,25.68555],[-103.34651,25.68556],[-103.34655,25.68565],[-103.34681,25.68565]]]}},{"type":"Feature","properties":{"id":52,"estado":"activa","confianza":"alta","area_m2":41629,"perimetro_m":1113,"largo_m":284,"ancho_m":195,"lat":25.693325,"lon":-103.423583,"municipio":"Gómez Palacio","cerca_de":"Tajo Viejo","dist_ref_km":10.6,"d_ciudad_km":6.8,"altura_m":0.6,"precio_m2":135,"precio_m2_min":90,"precio_m2_max":210,"valor":5700000,"valor_min":3700000,"valor_max":8600000},"geometry":{"type":"Polygon","coordinates":[[[-103.42482,25.69292],[-103.42482,25.6932],[-103.42446,25.69319],[-103.42442,25.69328],[-103.42416,25.69328],[-103.42412,25.69337],[-103.42382,25.6934],[-103.42385,25.69363],[-103.42418,25.69364],[-103.42422,25.69355],[-103.42462,25.69355],[-103.42463,25.69363],[-103.42472,25.69365],[-103.42471,25.6941],[-103.42461,25.69413],[-103.4246,25.69446],[-103.42452,25.69447],[-103.4244,25.69464],[-103.4241,25.69463],[-103.42406,25.69454],[-103.42341,25.69453],[-103.42339,25.69427],[-103.42281,25.69426],[-103.42282,25.69363],[-103.42302,25.6935],[-103.42304,25.69236],[-103.42312,25.69235],[-103.42314,25.69227],[-103.42362,25.69227],[-103.42364,25.69201],[-103.42394,25.69201],[-103.42398,25.6921],[-103.42444,25.69211],[-103.42446,25.69219],[-103.42463,25.6922],[-103.42463,25.69271],[-103.42473,25.69274],[-103.42474,25.69291],[-103.42482,25.69292]]]}},{"type":"Feature","properties":{"id":53,"estado":"activa","confianza":"media","area_m2":5794,"perimetro_m":368,"largo_m":120,"ancho_m":60,"lat":25.698957,"lon":-103.394353,"municipio":"Gómez Palacio","cerca_de":"San Felipe","dist_ref_km":10.8,"d_ciudad_km":6.1,"altura_m":0.3,"precio_m2":175,"precio_m2_min":115,"precio_m2_max":260,"valor":1000000,"valor_min":660000,"valor_max":1500000},"geometry":{"type":"Polygon","coordinates":[[[-103.39495,25.69883],[-103.39495,25.69928],[-103.39465,25.69928],[-103.39461,25.6991],[-103.39438,25.6991],[-103.39435,25.69918],[-103.39395,25.69918],[-103.39393,25.69909],[-103.39375,25.69909],[-103.39376,25.69872],[-103.39485,25.69874],[-103.39487,25.69881],[-103.39495,25.69883]]]}},{"type":"Feature","properties":{"id":54,"estado":"activa","confianza":"alta","area_m2":25693,"perimetro_m":912,"largo_m":294,"ancho_m":163,"lat":25.669578,"lon":-103.462218,"municipio":"Gómez Palacio","cerca_de":"La Popular","dist_ref_km":10.3,"d_ciudad_km":3.8,"altura_m":3.1,"precio_m2":240,"precio_m2_min":155,"precio_m2_max":360,"valor":6200000,"valor_min":4000000,"valor_max":9200000},"geometry":{"type":"Polygon","coordinates":[[[-103.463,25.6685],[-103.463,25.66896],[-103.46291,25.66896],[-103.46289,25.66904],[-103.4627,25.66917],[-103.46269,25.66958],[-103.46259,25.66962],[-103.46258,25.67022],[-103.46238,25.67025],[-103.46237,25.67094],[-103.46197,25.67093],[-103.46198,25.6703],[-103.46208,25.67027],[-103.46209,25.66998],[-103.46199,25.66994],[-103.46197,25.66959],[-103.46159,25.66957],[-103.4616,25.66921],[-103.46169,25.66918],[-103.4617,25.66897],[-103.4614,25.66894],[-103.46141,25.66867],[-103.46151,25.66863],[-103.46151,25.66822],[-103.46201,25.66822],[-103.46205,25.66831],[-103.46251,25.66832],[-103.46254,25.66841],[-103.4628,25.66841],[-103.46283,25.6685],[-103.463,25.6685]]]}},{"type":"Feature","properties":{"id":55,"estado":"activa","confianza":"alta","area_m2":37850,"perimetro_m":828,"largo_m":280,"ancho_m":160,"lat":25.698995,"lon":-103.399679,"municipio":"Gómez Palacio","cerca_de":"Las Macitas","dist_ref_km":10.8,"d_ciudad_km":6.2,"altura_m":0.6,"precio_m2":150,"precio_m2_min":95,"precio_m2_max":220,"valor":5600000,"valor_min":3700000,"valor_max":8500000},"geometry":{"type":"Polygon","coordinates":[[[-103.40104,25.69835],[-103.40102,25.69935],[-103.40094,25.69936],[-103.40092,25.69944],[-103.40074,25.69944],[-103.40062,25.69961],[-103.39977,25.6996],[-103.39972,25.69969],[-103.39843,25.69968],[-103.39842,25.6996],[-103.39833,25.69959],[-103.39833,25.69935],[-103.39823,25.69932],[-103.39824,25.69904],[-103.39832,25.69904],[-103.39834,25.69896],[-103.39853,25.69885],[-103.39854,25.69869],[-103.39862,25.69868],[-103.39864,25.6986],[-103.39884,25.69849],[-103.39885,25.69833],[-103.3997,25.69834],[-103.39974,25.69825],[-103.40094,25.69826],[-103.40095,25.69834],[-103.40104,25.69835]]]}},{"type":"Feature","properties":{"id":56,"estado":"activa","confianza":"alta","area_m2":6066,"perimetro_m":350,"largo_m":110,"ancho_m":60,"lat":25.683812,"lon":-103.44532,"municipio":"Gómez Palacio","cerca_de":"Trece de Marzo","dist_ref_km":10.5,"d_ciudad_km":5.5,"altura_m":2.9,"precio_m2":190,"precio_m2_min":125,"precio_m2_max":290,"valor":1200000,"valor_min":750000,"valor_max":1700000},"geometry":{"type":"Polygon","coordinates":[[[-103.44567,25.6834],[-103.44567,25.68367],[-103.44557,25.68371],[-103.44557,25.68391],[-103.44567,25.68394],[-103.44566,25.6843],[-103.44506,25.68429],[-103.44508,25.6833],[-103.44538,25.6833],[-103.44541,25.68339],[-103.44567,25.6834]]]}},{"type":"Feature","properties":{"id":57,"estado":"activa","confianza":"alta","area_m2":71628,"perimetro_m":1998,"largo_m":774,"ancho_m":132,"lat":25.68148,"lon":-103.333317,"municipio":"Matamoros","cerca_de":"Hormiguero","dist_ref_km":10.6,"d_ciudad_km":5.6,"altura_m":1.4,"precio_m2":150,"precio_m2_min":100,"precio_m2_max":230,"valor":11000000,"valor_min":7000000,"valor_max":16000000,"grupo":43,"grupo_bloques":2,"grupo_m2":270229},"geometry":{"type":"Polygon","coordinates":[[[-103.33629,25.68255],[-103.33628,25.68291],[-103.33609,25.68303],[-103.33608,25.68336],[-103.33598,25.68339],[-103.33598,25.68354],[-103.33568,25.68354],[-103.33565,25.68345],[-103.33548,25.68345],[-103.33547,25.68329],[-103.33538,25.68326],[-103.33537,25.68319],[-103.33528,25.68317],[-103.33516,25.683],[-103.33499,25.68299],[-103.33487,25.68282],[-103.33469,25.6828],[-103.33466,25.68272],[-103.33439,25.68271],[-103.33427,25.68254],[-103.3341,25.68253],[-103.33399,25.68236],[-103.3338,25.68234],[-103.33368,25.68217],[-103.33351,25.68216],[-103.33349,25.68199],[-103.33321,25.68198],[-103.3332,25.6819],[-103.33311,25.68188],[-103.3331,25.68181],[-103.33301,25.68179],[-103.33289,25.68162],[-103.33272,25.68161],[-103.33268,25.68152],[-103.33252,25.68152],[-103.33251,25.68144],[-103.33242,25.68142],[-103.3323,25.68125],[-103.33212,25.68124],[-103.33201,25.68107],[-103.33183,25.68106],[-103.3317,25.68088],[-103.33153,25.68087],[-103.33151,25.6807],[-103.33123,25.68069],[-103.33122,25.68061],[-103.33114,25.6806],[-103.33113,25.68052],[-103.33104,25.68051],[-103.33092,25.68033],[-103.33074,25.68032],[-103.33071,25.68023],[-103.33054,25.68023],[-103.33053,25.68016],[-103.33044,25.68014],[-103.33033,25.67997],[-103.33015,25.67995],[-103.33013,25.67978],[-103.32985,25.67977],[-103.32984,25.67969],[-103.32975,25.67968],[-103.32976,25.67941],[-103.33016,25.67941],[-103.33019,25.67959],[-103.33075,25.6796],[-103.33075,25.67976],[-103.33095,25.67978],[-103.33098,25.67996],[-103.33134,25.67997],[-103.33139,25.68006],[-103.33161,25.68006],[-103.33164,25.67997],[-103.33194,25.67997],[-103.33197,25.68024],[-103.33221,25.68025],[-103.33224,25.68016],[-103.33264,25.68016],[-103.33276,25.68034],[-103.33293,25.68035],[-103.33295,25.68052],[-103.33323,25.68053],[-103.33335,25.68071],[-103.33352,25.68072],[-103.33354,25.68089],[-103.33372,25.6809],[-103.33376,25.68099],[-103.33392,25.68099],[-103.33393,25.68107],[-103.33402,25.68108],[-103.33402,25.68142],[-103.33411,25.68144],[-103.33413,25.68153],[-103.33471,25.68154],[-103.33473,25.68163],[-103.33491,25.68163],[-103.33503,25.68181],[-103.3352,25.68182],[-103.33533,25.682],[-103.3355,25.682],[-103.33552,25.68217],[-103.3358,25.68219],[-103.33581,25.68226],[-103.33589,25.68228],[-103.3359,25.68235],[-103.33599,25.68237],[-103.33611,25.68254],[-103.33629,25.68255]]]}},{"type":"Feature","properties":{"id":58,"estado":"activa","confianza":"alta","area_m2":198601,"perimetro_m":3091,"largo_m":855,"ancho_m":418,"lat":25.685891,"lon":-103.336124,"municipio":"Matamoros","cerca_de":"Hormiguero","dist_ref_km":10.9,"d_ciudad_km":5.7,"altura_m":2.4,"precio_m2":130,"precio_m2_min":85,"precio_m2_max":195,"valor":26000000,"valor_min":17000000,"valor_max":39000000,"grupo":43,"grupo_bloques":2,"grupo_m2":270229},"geometry":{"type":"Polygon","coordinates":[[[-103.33933,25.68584],[-103.33933,25.68611],[-103.33925,25.68612],[-103.33923,25.6862],[-103.33915,25.68621],[-103.33913,25.68629],[-103.33894,25.68639],[-103.33892,25.68655],[-103.33884,25.68657],[-103.33872,25.68673],[-103.33844,25.68674],[-103.33842,25.68691],[-103.33823,25.68692],[-103.33822,25.68709],[-103.33814,25.6871],[-103.33812,25.68718],[-103.33804,25.68719],[-103.33802,25.68727],[-103.33783,25.68737],[-103.33781,25.68753],[-103.33773,25.68755],[-103.33771,25.68762],[-103.33753,25.68763],[-103.33751,25.68771],[-103.33743,25.68772],[-103.33741,25.6878],[-103.33733,25.68781],[-103.33731,25.68789],[-103.33723,25.6879],[-103.33721,25.68798],[-103.33702,25.68808],[-103.33701,25.68816],[-103.33684,25.68816],[-103.33681,25.68825],[-103.33651,25.68824],[-103.33648,25.68816],[-103.33631,25.68815],[-103.33619,25.68798],[-103.33601,25.68797],[-103.33599,25.68779],[-103.33572,25.68778],[-103.3356,25.68761],[-103.33542,25.6876],[-103.3354,25.68742],[-103.33513,25.68741],[-103.33512,25.68734],[-103.33503,25.68732],[-103.33502,25.68725],[-103.33493,25.68723],[-103.33481,25.68706],[-103.33463,25.68705],[-103.33461,25.68687],[-103.33434,25.68686],[-103.33422,25.68669],[-103.33404,25.68668],[-103.33401,25.6865],[-103.33374,25.6865],[-103.33373,25.68642],[-103.33365,25.6864],[-103.33363,25.68614],[-103.33325,25.68613],[-103.33323,25.68596],[-103.33295,25.68594],[-103.33283,25.68577],[-103.33266,25.68576],[-103.33265,25.68569],[-103.33256,25.68567],[-103.33244,25.6855],[-103.33226,25.68549],[-103.33225,25.68541],[-103.33216,25.68539],[-103.33205,25.68522],[-103.33177,25.68521],[-103.33165,25.68503],[-103.33147,25.68502],[-103.33147,25.68487],[-103.33128,25.68484],[-103.33126,25.68467],[-103.33098,25.68466],[-103.33097,25.68458],[-103.33088,25.68457],[-103.33087,25.68449],[-103.33078,25.68448],[-103.33067,25.6843],[-103.33049,25.68429],[-103.33049,25.68402],[-103.33058,25.68401],[-103.33069,25.68384],[-103.33086,25.68384],[-103.33089,25.68375],[-103.33107,25.68375],[-103.33109,25.68358],[-103.33149,25.68358],[-103.33162,25.68376],[-103.33189,25.68377],[-103.3319,25.68384],[-103.33199,25.68386],[-103.332,25.68393],[-103.33209,25.68395],[-103.3322,25.68412],[-103.33238,25.68413],[-103.33242,25.68422],[-103.33258,25.68423],[-103.33269,25.6844],[-103.33288,25.68441],[-103.33291,25.6845],[-103.33307,25.6845],[-103.33309,25.68467],[-103.33327,25.68468],[-103.3333,25.68477],[-103.33347,25.68478],[-103.3335,25.68486],[-103.33367,25.68487],[-103.33368,25.68494],[-103.33376,25.68496],[-103.33378,25.68503],[-103.33386,25.68505],[-103.33387,25.68513],[-103.33396,25.68514],[-103.33409,25.68532],[-103.33451,25.68533],[-103.33456,25.68524],[-103.33483,25.68524],[-103.33486,25.68506],[-103.33505,25.68504],[-103.33506,25.68489],[-103.33566,25.68489],[-103.33567,25.68506],[-103.33605,25.68508],[-103.33608,25.68525],[-103.33651,25.68526],[-103.33655,25.68502],[-103.33645,25.68499],[-103.33645,25.68484],[-103.33636,25.68481],[-103.33634,25.68473],[-103.33616,25.68472],[-103.33614,25.68464],[-103.33596,25.68462],[-103.33592,25.68453],[-103.33536,25.68453],[-103.33537,25.68417],[-103.33545,25.68416],[-103.33547,25.68408],[-103.33555,25.68407],[-103.33557,25.68399],[-103.33565,25.68398],[-103.33567,25.6839],[-103.33586,25.68379],[-103.33588,25.68363],[-103.33647,25.68364],[-103.33649,25.6839],[-103.33687,25.68391],[-103.33699,25.68409],[-103.33716,25.6841],[-103.33717,25.68425],[-103.33726,25.68428],[-103.33726,25.68452],[-103.33746,25.68455],[-103.33747,25.68472],[-103.33775,25.68474],[-103.33787,25.68491],[-103.33805,25.68492],[-103.33807,25.68509],[-103.33825,25.6851],[-103.33837,25.68528],[-103.33854,25.68529],[-103.33866,25.68546],[-103.33884,25.68547],[-103.33895,25.68564],[-103.33914,25.68565],[-103.33915,25.68573],[-103.33933,25.68584]]]}},{"type":"Feature","properties":{"id":59,"estado":"activa","confianza":"alta","area_m2":11710,"perimetro_m":540,"largo_m":201,"ancho_m":92,"lat":25.586548,"lon":-103.290137,"municipio":"Torreón","cerca_de":"La Partida","dist_ref_km":10.4,"d_ciudad_km":3.7,"altura_m":3.2,"precio_m2":330,"precio_m2_min":210,"precio_m2_max":490,"valor":3800000,"valor_min":2500000,"valor_max":5700000},"geometry":{"type":"Polygon","coordinates":[[[-103.29133,25.58679],[-103.29132,25.58706],[-103.29063,25.58705],[-103.29059,25.58696],[-103.29013,25.58696],[-103.29009,25.58687],[-103.28973,25.58686],[-103.28972,25.58678],[-103.28954,25.58668],[-103.28954,25.58605],[-103.28994,25.58605],[-103.28998,25.58614],[-103.29024,25.58614],[-103.29026,25.58623],[-103.29044,25.58624],[-103.29047,25.58633],[-103.29064,25.58633],[-103.29064,25.58649],[-103.29073,25.58651],[-103.29074,25.58659],[-103.29083,25.5866],[-103.29095,25.58678],[-103.29133,25.58679]]]}},{"type":"Feature","properties":{"id":60,"estado":"activa","confianza":"alta","area_m2":159352,"perimetro_m":2403,"largo_m":831,"ancho_m":324,"lat":25.70378,"lon":-103.416809,"municipio":"Gómez Palacio","cerca_de":"Las Macitas","dist_ref_km":11.6,"d_ciudad_km":7.1,"altura_m":4.8,"precio_m2":115,"precio_m2_min":75,"precio_m2_max":170,"valor":18000000,"valor_min":12000000,"valor_max":27000000,"grupo":45,"grupo_bloques":2,"grupo_m2":267104},"geometry":{"type":"Polygon","coordinates":[[[-103.41864,25.70098],[-103.41863,25.70143],[-103.41854,25.70147],[-103.41853,25.7017],[-103.41833,25.70183],[-103.41832,25.7026],[-103.41822,25.70263],[-103.41821,25.70296],[-103.41812,25.703],[-103.41811,25.7035],[-103.41791,25.70354],[-103.4179,25.70432],[-103.4177,25.70445],[-103.41771,25.70493],[-103.41849,25.70495],[-103.41848,25.70522],[-103.41832,25.70522],[-103.41828,25.70531],[-103.41811,25.70532],[-103.41798,25.70549],[-103.41789,25.70551],[-103.41788,25.70558],[-103.41779,25.70559],[-103.41778,25.70567],[-103.4175,25.70567],[-103.41738,25.70584],[-103.41729,25.70586],[-103.41728,25.70593],[-103.41719,25.70595],[-103.41718,25.70602],[-103.41709,25.70604],[-103.41708,25.70611],[-103.41699,25.70613],[-103.41698,25.7062],[-103.4167,25.70621],[-103.41667,25.70638],[-103.4165,25.70638],[-103.41637,25.70656],[-103.4159,25.70656],[-103.41587,25.70664],[-103.41578,25.70667],[-103.41577,25.70691],[-103.41559,25.70692],[-103.41547,25.70709],[-103.4153,25.70709],[-103.41527,25.70718],[-103.41509,25.70718],[-103.41507,25.70726],[-103.41477,25.70726],[-103.41477,25.70699],[-103.41497,25.70696],[-103.41497,25.70675],[-103.41488,25.70672],[-103.41488,25.70636],[-103.41508,25.70625],[-103.41509,25.70582],[-103.41529,25.7057],[-103.4153,25.7051],[-103.41539,25.70508],[-103.4154,25.70492],[-103.4155,25.70488],[-103.41551,25.70438],[-103.4159,25.70435],[-103.4159,25.70405],[-103.41571,25.70402],[-103.41572,25.70321],[-103.41582,25.70318],[-103.41582,25.70294],[-103.41592,25.7029],[-103.41593,25.70258],[-103.41603,25.70254],[-103.41603,25.70213],[-103.41613,25.70209],[-103.41614,25.70141],[-103.41634,25.70129],[-103.41635,25.70078],[-103.41655,25.70065],[-103.41656,25.70006],[-103.41716,25.70006],[-103.41719,25.70015],[-103.41745,25.70016],[-103.41748,25.70024],[-103.41765,25.70025],[-103.41765,25.70052],[-103.41755,25.70056],[-103.41756,25.70078],[-103.41794,25.70079],[-103.41797,25.70088],[-103.41824,25.70089],[-103.41828,25.70098],[-103.41864,25.70098]]]}},{"type":"Feature","properties":{"id":61,"estado":"activa","confianza":"alta","area_m2":564388,"perimetro_m":4552,"largo_m":1687,"ancho_m":672,"lat":25.705109,"lon":-103.367118,"municipio":"Gómez Palacio","cerca_de":"San Isidro","dist_ref_km":11.7,"d_ciudad_km":6.0,"altura_m":4.7,"precio_m2":110,"precio_m2_min":70,"precio_m2_max":165,"valor":63000000,"valor_min":41000000,"valor_max":94000000,"grupo":46,"grupo_bloques":2,"grupo_m2":577222},"geometry":{"type":"Polygon","coordinates":[[[-103.37067,25.70416],[-103.37066,25.7047],[-103.37057,25.70471],[-103.37056,25.70479],[-103.37048,25.7048],[-103.37046,25.70488],[-103.37038,25.70489],[-103.37036,25.70496],[-103.37017,25.70507],[-103.37015,25.70514],[-103.36998,25.70515],[-103.36985,25.70532],[-103.36976,25.70534],[-103.36975,25.70541],[-103.36958,25.70541],[-103.36955,25.7055],[-103.36946,25.70551],[-103.36945,25.70568],[-103.36935,25.70571],[-103.36935,25.70604],[-103.36926,25.70605],[-103.36924,25.70613],[-103.36906,25.70623],[-103.36904,25.70639],[-103.36886,25.7064],[-103.36874,25.70657],[-103.36857,25.70658],[-103.36844,25.70675],[-103.36835,25.70676],[-103.36833,25.70711],[-103.36825,25.70712],[-103.36813,25.70729],[-103.36795,25.7073],[-103.36793,25.70747],[-103.36785,25.70748],[-103.36773,25.70764],[-103.36754,25.70766],[-103.36753,25.70773],[-103.36743,25.70775],[-103.36743,25.70791],[-103.36734,25.70792],[-103.36733,25.708],[-103.36704,25.70801],[-103.36702,25.70845],[-103.36694,25.70846],[-103.36692,25.70854],[-103.36683,25.70855],[-103.36682,25.70863],[-103.36674,25.70864],[-103.36672,25.70872],[-103.36664,25.70873],[-103.36662,25.70881],[-103.36654,25.70881],[-103.36652,25.70889],[-103.36643,25.7089],[-103.36642,25.70898],[-103.36623,25.70909],[-103.36621,25.70916],[-103.36604,25.70917],[-103.36591,25.70934],[-103.36582,25.70935],[-103.36581,25.70943],[-103.36572,25.70944],[-103.36571,25.70952],[-103.36563,25.70953],[-103.36561,25.70979],[-103.36544,25.70979],[-103.36541,25.70987],[-103.36532,25.70989],[-103.3653,25.71005],[-103.36521,25.71009],[-103.3652,25.71023],[-103.36504,25.71023],[-103.365,25.71032],[-103.36481,25.71034],[-103.3648,25.71059],[-103.36451,25.7106],[-103.3645,25.71086],[-103.3644,25.71088],[-103.36439,25.71104],[-103.364,25.71103],[-103.36397,25.71095],[-103.36375,25.71094],[-103.3637,25.71103],[-103.36361,25.71104],[-103.36359,25.71153],[-103.36379,25.71157],[-103.36378,25.71193],[-103.3637,25.71195],[-103.36368,25.71211],[-103.3636,25.71212],[-103.36358,25.7122],[-103.3635,25.71221],[-103.36348,25.71229],[-103.36329,25.7124],[-103.36328,25.71247],[-103.36311,25.71247],[-103.36308,25.71256],[-103.36278,25.71255],[-103.36278,25.71228],[-103.36287,25.71227],[-103.36288,25.7121],[-103.36298,25.71207],[-103.36299,25.71165],[-103.36319,25.71153],[-103.3632,25.71102],[-103.3634,25.7109],[-103.36341,25.71039],[-103.36361,25.71027],[-103.36362,25.70958],[-103.36372,25.70954],[-103.36373,25.70872],[-103.36353,25.70868],[-103.36354,25.70823],[-103.36363,25.7082],[-103.36364,25.7076],[-103.36374,25.70756],[-103.36376,25.70652],[-103.36384,25.7065],[-103.36396,25.70634],[-103.36416,25.7063],[-103.36416,25.70593],[-103.36407,25.70589],[-103.36408,25.70508],[-103.36418,25.70503],[-103.36419,25.70439],[-103.36409,25.70435],[-103.3641,25.70336],[-103.36419,25.70334],[-103.3642,25.70318],[-103.3643,25.70315],[-103.36431,25.70264],[-103.36451,25.70252],[-103.36452,25.7021],[-103.36471,25.70198],[-103.36472,25.70156],[-103.36492,25.70145],[-103.36493,25.7012],[-103.36542,25.70118],[-103.36542,25.70078],[-103.36513,25.70075],[-103.36514,25.70021],[-103.36533,25.70019],[-103.36534,25.69985],[-103.36544,25.69983],[-103.36545,25.69967],[-103.36554,25.69965],[-103.36555,25.69949],[-103.36565,25.69946],[-103.36565,25.69932],[-103.36575,25.69929],[-103.36575,25.69914],[-103.36595,25.69902],[-103.36596,25.69878],[-103.36615,25.69867],[-103.36616,25.69851],[-103.36636,25.69839],[-103.36636,25.69815],[-103.36645,25.69814],[-103.36646,25.69806],[-103.36655,25.69805],[-103.36657,25.69797],[-103.36675,25.69787],[-103.36677,25.6977],[-103.36707,25.69771],[-103.36708,25.69778],[-103.36717,25.6978],[-103.36716,25.69831],[-103.36736,25.69843],[-103.36736,25.69858],[-103.36745,25.69861],[-103.36747,25.69878],[-103.36755,25.69879],[-103.36756,25.69887],[-103.36765,25.69889],[-103.36777,25.69906],[-103.36795,25.69907],[-103.36795,25.69923],[-103.36804,25.69925],[-103.36804,25.69968],[-103.36814,25.6997],[-103.36814,25.69985],[-103.36823,25.69989],[-103.36825,25.70005],[-103.36843,25.70007],[-103.36844,25.70015],[-103.36853,25.70016],[-103.36853,25.70059],[-103.36872,25.7007],[-103.36874,25.70078],[-103.36882,25.70079],[-103.36884,25.70088],[-103.36892,25.70089],[-103.36892,25.70122],[-103.36911,25.70134],[-103.36911,25.70158],[-103.3693,25.7017],[-103.36931,25.70187],[-103.3694,25.70188],[-103.36952,25.70206],[-103.3696,25.70207],[-103.3696,25.7024],[-103.36969,25.70243],[-103.3697,25.70259],[-103.36989,25.7027],[-103.36989,25.7034],[-103.36998,25.70343],[-103.36999,25.70359],[-103.37017,25.7037],[-103.37019,25.70387],[-103.37027,25.70388],[-103.3703,25.70397],[-103.37047,25.70397],[-103.37048,25.70405],[-103.37067,25.70416]],[[-103.36447,25.70815],[-103.36533,25.70812],[-103.36533,25.70792],[-103.36513,25.70789],[-103.3651,25.7078],[-103.36468,25.70779],[-103.36464,25.70788],[-103.36444,25.70791],[-103.36447,25.70815]]]}},{"type":"Feature","properties":{"id":62,"estado":"activa","confianza":"alta","area_m2":652859,"perimetro_m":4465,"largo_m":1430,"ancho_m":630,"lat":25.687251,"lon":-103.328789,"municipio":"Matamoros","cerca_de":"Purísima","dist_ref_km":11.4,"d_ciudad_km":6.1,"altura_m":3.9,"precio_m2":145,"precio_m2_min":95,"precio_m2_max":220,"valor":96000000,"valor_min":62000000,"valor_max":140000000},"geometry":{"type":"Polygon","coordinates":[[[-103.3356,25.68904],[-103.3356,25.68932],[-103.33551,25.68933],[-103.3355,25.6894],[-103.33541,25.68941],[-103.3354,25.68949],[-103.33521,25.6896],[-103.33519,25.68967],[-103.33511,25.68968],[-103.33509,25.68976],[-103.33501,25.68977],[-103.33499,25.68985],[-103.3348,25.68995],[-103.33479,25.69012],[-103.3346,25.69013],[-103.33459,25.6903],[-103.3345,25.69031],[-103.33439,25.69047],[-103.3342,25.69049],[-103.33418,25.69065],[-103.334,25.69066],[-103.33398,25.69083],[-103.33382,25.69083],[-103.33378,25.69092],[-103.3336,25.69093],[-103.33358,25.69101],[-103.33348,25.69103],[-103.33348,25.69119],[-103.33339,25.6912],[-103.33328,25.69137],[-103.33292,25.69136],[-103.33288,25.69145],[-103.3327,25.69146],[-103.33268,25.69154],[-103.3326,25.69155],[-103.33258,25.69163],[-103.33249,25.69164],[-103.33248,25.69172],[-103.33229,25.69182],[-103.33227,25.6919],[-103.33209,25.69191],[-103.33207,25.69216],[-103.33177,25.69216],[-103.33177,25.69191],[-103.33168,25.69189],[-103.33167,25.69181],[-103.33158,25.6918],[-103.33157,25.69172],[-103.33148,25.69171],[-103.33136,25.69153],[-103.33118,25.69152],[-103.33115,25.69143],[-103.33098,25.69143],[-103.33086,25.69125],[-103.33069,25.69125],[-103.33068,25.69117],[-103.33059,25.69115],[-103.33047,25.69098],[-103.33029,25.69097],[-103.33028,25.6909],[-103.3302,25.69088],[-103.33007,25.6907],[-103.3299,25.69069],[-103.32989,25.69062],[-103.3298,25.6906],[-103.32979,25.69053],[-103.3297,25.69051],[-103.32958,25.69034],[-103.32941,25.69033],[-103.32937,25.69024],[-103.32881,25.69023],[-103.32878,25.69015],[-103.32861,25.69014],[-103.32861,25.6898],[-103.32842,25.68968],[-103.3284,25.6896],[-103.32832,25.68959],[-103.3283,25.68951],[-103.32812,25.6895],[-103.32809,25.68941],[-103.32792,25.68941],[-103.3278,25.68923],[-103.32763,25.68922],[-103.32762,25.68915],[-103.32753,25.68913],[-103.32741,25.68896],[-103.32723,25.68895],[-103.32722,25.68887],[-103.32713,25.68886],[-103.32712,25.68878],[-103.32704,25.68877],[-103.32703,25.68869],[-103.32694,25.68867],[-103.32682,25.6885],[-103.32654,25.68849],[-103.32652,25.6884],[-103.32634,25.6884],[-103.32622,25.68822],[-103.32605,25.68821],[-103.32601,25.68812],[-103.32585,25.68812],[-103.32584,25.68804],[-103.32575,25.68803],[-103.32575,25.68787],[-103.32565,25.68785],[-103.32564,25.68777],[-103.32546,25.68775],[-103.32542,25.68767],[-103.32526,25.68766],[-103.32525,25.68759],[-103.32516,25.68757],[-103.32504,25.6874],[-103.32486,25.68739],[-103.32485,25.68731],[-103.32477,25.6873],[-103.32464,25.68712],[-103.32447,25.68711],[-103.32446,25.68704],[-103.32437,25.68702],[-103.32436,25.68695],[-103.32427,25.68693],[-103.32426,25.68685],[-103.32417,25.68684],[-103.32416,25.68676],[-103.32408,25.68675],[-103.32396,25.68657],[-103.32372,25.68656],[-103.32368,25.68665],[-103.32328,25.68665],[-103.32327,25.68657],[-103.32318,25.68655],[-103.32307,25.68638],[-103.32289,25.68637],[-103.32287,25.68611],[-103.32249,25.6861],[-103.32247,25.68601],[-103.32229,25.686],[-103.32217,25.68583],[-103.322,25.68582],[-103.32188,25.68564],[-103.3217,25.68563],[-103.32169,25.68547],[-103.3215,25.68545],[-103.32149,25.68538],[-103.32141,25.68536],[-103.32141,25.68509],[-103.32177,25.68509],[-103.32181,25.685],[-103.32197,25.685],[-103.32201,25.68492],[-103.32219,25.68491],[-103.32221,25.68483],[-103.32229,25.68482],[-103.32231,25.68474],[-103.3225,25.68463],[-103.32251,25.68456],[-103.3226,25.68455],[-103.32261,25.68447],[-103.32269,25.68446],[-103.32271,25.68438],[-103.3229,25.68428],[-103.32292,25.6842],[-103.323,25.6842],[-103.32302,25.68412],[-103.3231,25.68411],[-103.32312,25.68403],[-103.32331,25.68392],[-103.32332,25.68367],[-103.32341,25.68366],[-103.32352,25.68349],[-103.32391,25.68348],[-103.32393,25.68313],[-103.3243,25.68313],[-103.32433,25.68296],[-103.32451,25.68295],[-103.32453,25.68278],[-103.32471,25.68277],[-103.32473,25.6826],[-103.32491,25.68259],[-103.32503,25.68242],[-103.32633,25.68244],[-103.32638,25.68253],[-103.32668,25.68253],[-103.32673,25.68244],[-103.32702,25.68245],[-103.32705,25.68289],[-103.32792,25.68291],[-103.32795,25.683],[-103.32841,25.683],[-103.32841,25.68346],[-103.32836,25.68351],[-103.3286,25.68355],[-103.3286,25.68396],[-103.3287,25.684],[-103.32869,25.68427],[-103.3286,25.6843],[-103.32859,25.68451],[-103.32869,25.68454],[-103.32872,25.68463],[-103.32889,25.68463],[-103.3289,25.6848],[-103.32918,25.68482],[-103.3292,25.6849],[-103.32938,25.685],[-103.3294,25.68517],[-103.32958,25.68518],[-103.32961,25.68527],[-103.32978,25.68528],[-103.3298,25.68536],[-103.32997,25.68537],[-103.33009,25.68554],[-103.33027,25.68555],[-103.33027,25.68571],[-103.33037,25.68573],[-103.33038,25.68581],[-103.33066,25.68583],[-103.33069,25.68591],[-103.33086,25.68592],[-103.33107,25.68618],[-103.33126,25.6862],[-103.33127,25.68627],[-103.33136,25.68629],[-103.33148,25.68646],[-103.33175,25.68647],[-103.33175,25.68663],[-103.33185,25.68665],[-103.33187,25.68673],[-103.33205,25.68675],[-103.33208,25.68684],[-103.33224,25.68684],[-103.33227,25.68693],[-103.33244,25.68693],[-103.33245,25.68701],[-103.33254,25.68702],[-103.33266,25.68719],[-103.33284,25.68721],[-103.33286,25.68738],[-103.33313,25.68739],[-103.33314,25.68747],[-103.33323,25.68748],[-103.33324,25.68756],[-103.33333,25.68757],[-103.33345,25.68775],[-103.33363,25.68776],[-103.33365,25.68793],[-103.33392,25.68794],[-103.33406,25.68812],[-103.33432,25.68813],[-103.33433,25.6883],[-103.33461,25.68831],[-103.33463,25.68848],[-103.33481,25.68849],[-103.33494,25.68867],[-103.33521,25.68868],[-103.33522,25.68885],[-103.3354,25.68886],[-103.33542,25.68894],[-103.3356,25.68904]]]}},{"type":"Feature","properties":{"id":63,"estado":"desmontada","confianza":"alta","area_m2":11027,"perimetro_m":530,"largo_m":210,"ancho_m":78,"lat":25.685699,"lon":-103.458397,"municipio":"Gómez Palacio","cerca_de":"La Popular","dist_ref_km":11.4,"d_ciudad_km":5.6,"altura_m":3.8,"precio_m2":150,"precio_m2_min":95,"precio_m2_max":220,"valor":1600000,"valor_min":1100000,"valor_max":2400000},"geometry":{"type":"Polygon","coordinates":[[[-103.45891,25.6848],[-103.4589,25.68507],[-103.4588,25.68511],[-103.4588,25.6857],[-103.4587,25.68574],[-103.45869,25.68615],[-103.45849,25.68627],[-103.45848,25.6866],[-103.45819,25.6866],[-103.45817,25.68652],[-103.45809,25.68651],[-103.45808,25.68626],[-103.45799,25.68624],[-103.458,25.6857],[-103.45809,25.68567],[-103.4581,25.68552],[-103.4583,25.6854],[-103.45831,25.68507],[-103.45839,25.68505],[-103.45861,25.6848],[-103.45891,25.6848]]]}},{"type":"Feature","properties":{"id":64,"estado":"activa","confianza":"media","area_m2":18407,"perimetro_m":649,"largo_m":232,"ancho_m":106,"lat":25.64659,"lon":-103.294459,"municipio":"Matamoros","cerca_de":"Solima","dist_ref_km":11.0,"d_ciudad_km":6.0,"altura_m":5.6,"precio_m2":165,"precio_m2_min":110,"precio_m2_max":250,"valor":3100000,"valor_min":2000000,"valor_max":4600000},"geometry":{"type":"Polygon","coordinates":[[[-103.29505,25.64678],[-103.29504,25.6475],[-103.29445,25.64749],[-103.29445,25.64726],[-103.29435,25.64722],[-103.29434,25.64706],[-103.29405,25.64704],[-103.29406,25.64671],[-103.29396,25.64667],[-103.29397,25.64608],[-103.29377,25.64595],[-103.29377,25.64568],[-103.29386,25.64567],[-103.29388,25.64559],[-103.29477,25.6456],[-103.29476,25.6462],[-103.29486,25.64623],[-103.29486,25.64648],[-103.29496,25.64651],[-103.29496,25.64675],[-103.29505,25.64678]]]}},{"type":"Feature","properties":{"id":65,"estado":"activa","confianza":"alta","area_m2":25492,"perimetro_m":1171,"largo_m":414,"ancho_m":135,"lat":25.686521,"lon":-103.459233,"municipio":"Gómez Palacio","cerca_de":"La Popular","dist_ref_km":11.5,"d_ciudad_km":5.5,"altura_m":5.9,"precio_m2":170,"precio_m2_min":110,"precio_m2_max":260,"valor":4400000,"valor_min":2800000,"valor_max":6600000},"geometry":{"type":"Polygon","coordinates":[[[-103.45978,25.68644],[-103.45978,25.68698],[-103.45919,25.68699],[-103.45917,25.68724],[-103.45907,25.68728],[-103.45907,25.68778],[-103.45897,25.68782],[-103.45896,25.68832],[-103.45866,25.68832],[-103.45864,25.68815],[-103.45837,25.68814],[-103.45837,25.68787],[-103.45857,25.68782],[-103.45856,25.68761],[-103.45837,25.6876],[-103.45838,25.68696],[-103.45874,25.68697],[-103.45878,25.68688],[-103.45888,25.68685],[-103.45887,25.68662],[-103.45868,25.68661],[-103.45869,25.68624],[-103.45889,25.68621],[-103.4589,25.6857],[-103.45899,25.68567],[-103.459,25.68507],[-103.4591,25.68504],[-103.45911,25.68462],[-103.45941,25.68463],[-103.4594,25.68531],[-103.4596,25.68535],[-103.45959,25.6858],[-103.45951,25.68581],[-103.45949,25.68589],[-103.4593,25.686],[-103.45929,25.68622],[-103.45959,25.68625],[-103.4596,25.68633],[-103.45978,25.68644]]]}},{"type":"Feature","properties":{"id":66,"estado":"activa","confianza":"alta","area_m2":107752,"perimetro_m":1735,"largo_m":444,"ancho_m":424,"lat":25.707694,"lon":-103.417256,"municipio":"Gómez Palacio","cerca_de":"La Tehua","dist_ref_km":12.0,"d_ciudad_km":7.7,"altura_m":6.2,"precio_m2":110,"precio_m2_min":75,"precio_m2_max":170,"valor":12000000,"valor_min":7800000,"valor_max":18000000,"grupo":45,"grupo_bloques":2,"grupo_m2":267104},"geometry":{"type":"Polygon","coordinates":[[[-103.42007,25.70587],[-103.42006,25.70632],[-103.41998,25.70634],[-103.41996,25.70641],[-103.41967,25.70644],[-103.41965,25.70713],[-103.41946,25.70716],[-103.41945,25.70785],[-103.41925,25.70788],[-103.41924,25.70812],[-103.41914,25.70816],[-103.41914,25.70848],[-103.41904,25.70852],[-103.41903,25.70884],[-103.41894,25.70886],[-103.41893,25.70902],[-103.41883,25.70905],[-103.41883,25.7092],[-103.41874,25.70921],[-103.41853,25.70947],[-103.41803,25.70946],[-103.41801,25.70938],[-103.41783,25.70937],[-103.4178,25.70928],[-103.41753,25.70928],[-103.41751,25.70919],[-103.41734,25.70918],[-103.4173,25.7091],[-103.41714,25.70909],[-103.41713,25.70902],[-103.41704,25.709],[-103.41703,25.70893],[-103.41694,25.70891],[-103.41682,25.70873],[-103.41664,25.70873],[-103.41664,25.70856],[-103.41655,25.70854],[-103.41654,25.70847],[-103.41645,25.70845],[-103.41633,25.70828],[-103.41605,25.70827],[-103.41592,25.70809],[-103.41566,25.70808],[-103.41561,25.70799],[-103.41516,25.70799],[-103.41515,25.70791],[-103.41506,25.7079],[-103.41507,25.70753],[-103.41515,25.70752],[-103.41517,25.70745],[-103.41535,25.70743],[-103.41537,25.70718],[-103.41555,25.70717],[-103.41567,25.707],[-103.41603,25.707],[-103.41607,25.70691],[-103.41625,25.70691],[-103.41627,25.70664],[-103.41645,25.70664],[-103.41657,25.70647],[-103.41695,25.70646],[-103.41698,25.70629],[-103.41706,25.70628],[-103.41708,25.7062],[-103.41737,25.70621],[-103.41739,25.70628],[-103.41747,25.7063],[-103.41747,25.70654],[-103.41757,25.70657],[-103.4176,25.70666],[-103.41842,25.70667],[-103.41857,25.70649],[-103.41866,25.70647],[-103.41867,25.70631],[-103.41875,25.7063],[-103.41877,25.70622],[-103.41905,25.70621],[-103.41907,25.70604],[-103.41944,25.70604],[-103.41947,25.70587],[-103.42007,25.70587]]]}},{"type":"Feature","properties":{"id":67,"estado":"activa","confianza":"alta","area_m2":32798,"perimetro_m":1194,"largo_m":373,"ancho_m":212,"lat":25.703575,"lon":-103.351789,"municipio":"Gómez Palacio","cerca_de":"El Cuije","dist_ref_km":12.0,"d_ciudad_km":6.9,"altura_m":3.6,"precio_m2":140,"precio_m2_min":90,"precio_m2_max":210,"valor":4600000,"valor_min":3000000,"valor_max":6900000},"geometry":{"type":"Polygon","coordinates":[[[-103.35304,25.70324],[-103.35304,25.70351],[-103.35294,25.70353],[-103.35294,25.70369],[-103.35267,25.70369],[-103.35253,25.70386],[-103.35236,25.70387],[-103.35233,25.70404],[-103.35215,25.70405],[-103.35213,25.70413],[-103.35205,25.70414],[-103.35203,25.70422],[-103.35184,25.70432],[-103.35183,25.7044],[-103.35155,25.70441],[-103.35153,25.70457],[-103.35123,25.70457],[-103.35123,25.70433],[-103.35113,25.7043],[-103.35113,25.70405],[-103.35094,25.70402],[-103.35094,25.70378],[-103.35074,25.70366],[-103.35073,25.70358],[-103.35055,25.70357],[-103.3505,25.70348],[-103.34975,25.70347],[-103.34973,25.70329],[-103.34935,25.70328],[-103.34936,25.70301],[-103.34953,25.70301],[-103.34956,25.70293],[-103.34983,25.70292],[-103.34996,25.70275],[-103.35032,25.70275],[-103.35036,25.70266],[-103.35054,25.70266],[-103.35056,25.70258],[-103.35086,25.70258],[-103.35085,25.70299],[-103.35095,25.70303],[-103.35098,25.70339],[-103.35131,25.70339],[-103.35135,25.70331],[-103.35221,25.70331],[-103.35235,25.70314],[-103.35251,25.70314],[-103.35255,25.70305],[-103.35263,25.70303],[-103.35265,25.70287],[-103.35295,25.70287],[-103.35294,25.7032],[-103.35304,25.70324]]]}},{"type":"Feature","properties":{"id":68,"estado":"activa","confianza":"alta","area_m2":6232,"perimetro_m":362,"largo_m":120,"ancho_m":70,"lat":25.705004,"lon":-103.349729,"municipio":"Gómez Palacio","cerca_de":"El Cuije","dist_ref_km":12.2,"d_ciudad_km":7.2,"altura_m":1.1,"precio_m2":155,"precio_m2_min":100,"precio_m2_max":230,"valor":960000,"valor_min":620000,"valor_max":1400000},"geometry":{"type":"Polygon","coordinates":[[[-103.35033,25.70492],[-103.35032,25.70519],[-103.35024,25.7052],[-103.35022,25.70528],[-103.34986,25.70528],[-103.34982,25.70537],[-103.34933,25.70536],[-103.34932,25.70511],[-103.34913,25.70509],[-103.34913,25.70482],[-103.34931,25.70481],[-103.34933,25.70473],[-103.34973,25.70473],[-103.34977,25.70482],[-103.35003,25.70483],[-103.35007,25.70492],[-103.35033,25.70492]]]}},{"type":"Feature","properties":{"id":69,"estado":"activa","confianza":"media","area_m2":7897,"perimetro_m":359,"largo_m":100,"ancho_m":90,"lat":25.651209,"lon":-103.291853,"municipio":"Matamoros","cerca_de":"Solima","dist_ref_km":11.5,"d_ciudad_km":6.6,"altura_m":4.7,"precio_m2":165,"precio_m2_min":105,"precio_m2_max":250,"valor":1300000,"valor_min":840000,"valor_max":1900000},"geometry":{"type":"Polygon","coordinates":[[[-103.2923,25.65108],[-103.2923,25.65162],[-103.29221,25.65163],[-103.29219,25.65171],[-103.2917,25.6517],[-103.29168,25.65163],[-103.2915,25.65152],[-103.29149,25.65136],[-103.2914,25.65134],[-103.29141,25.6508],[-103.29211,25.65081],[-103.29212,25.65088],[-103.29221,25.6509],[-103.29221,25.65106],[-103.2923,25.65108]]]}},{"type":"Feature","properties":{"id":70,"estado":"activa","confianza":"media","area_m2":7503,"perimetro_m":475,"largo_m":150,"ancho_m":90,"lat":25.711676,"lon":-103.369265,"municipio":"Gómez Palacio","cerca_de":"San Isidro","dist_ref_km":12.4,"d_ciudad_km":7.4,"altura_m":1.8,"precio_m2":150,"precio_m2_min":100,"precio_m2_max":230,"valor":1100000,"valor_min":740000,"valor_max":1700000},"geometry":{"type":"Polygon","coordinates":[[[-103.36967,25.71137],[-103.36967,25.71164],[-103.36949,25.71164],[-103.36947,25.71173],[-103.36907,25.71172],[-103.36902,25.71163],[-103.36861,25.71163],[-103.36857,25.71208],[-103.36817,25.71207],[-103.36817,25.71171],[-103.36836,25.7116],[-103.36838,25.71135],[-103.36846,25.71134],[-103.36848,25.71126],[-103.36957,25.71128],[-103.36959,25.71135],[-103.36967,25.71137]]]}},{"type":"Feature","properties":{"id":71,"estado":"activa","confianza":"alta","area_m2":25481,"perimetro_m":813,"largo_m":301,"ancho_m":137,"lat":25.564233,"lon":-103.285327,"municipio":"Matamoros","cerca_de":"La Esperanza","dist_ref_km":11.5,"d_ciudad_km":2.5,"altura_m":3.1,"precio_m2":320,"precio_m2_min":210,"precio_m2_max":490,"valor":8300000,"valor_min":5400000,"valor_max":12000000},"geometry":{"type":"Polygon","coordinates":[[[-103.28676,25.56516],[-103.28675,25.56543],[-103.28635,25.56543],[-103.28634,25.56535],[-103.28616,25.56533],[-103.28612,25.56524],[-103.28556,25.56524],[-103.28552,25.56515],[-103.28516,25.56514],[-103.28517,25.56491],[-103.28507,25.56487],[-103.28506,25.56471],[-103.28497,25.56469],[-103.28494,25.5646],[-103.28477,25.56459],[-103.28477,25.56444],[-103.28468,25.56441],[-103.28469,25.5636],[-103.28479,25.56357],[-103.28479,25.56333],[-103.28549,25.56334],[-103.2855,25.56342],[-103.28559,25.56343],[-103.28559,25.56386],[-103.28568,25.56388],[-103.2857,25.56397],[-103.28588,25.56398],[-103.28589,25.56405],[-103.28597,25.56407],[-103.28597,25.5644],[-103.28617,25.56452],[-103.28618,25.56469],[-103.28636,25.56479],[-103.28637,25.56496],[-103.28656,25.56498],[-103.28657,25.56505],[-103.28676,25.56516]]]}},{"type":"Feature","properties":{"id":72,"estado":"activa","confianza":"alta","area_m2":124864,"perimetro_m":1588,"largo_m":496,"ancho_m":358,"lat":25.714379,"lon":-103.378101,"municipio":"Gómez Palacio","cerca_de":"El Quemado","dist_ref_km":12.6,"d_ciudad_km":7.5,"altura_m":2.8,"precio_m2":115,"precio_m2_min":75,"precio_m2_max":170,"valor":14000000,"valor_min":9200000,"valor_max":21000000},"geometry":{"type":"Polygon","coordinates":[[[-103.38048,25.71537],[-103.38047,25.71582],[-103.38039,25.71583],[-103.38037,25.71591],[-103.37932,25.7159],[-103.37928,25.71599],[-103.379,25.71599],[-103.37897,25.71608],[-103.37852,25.71607],[-103.37848,25.71616],[-103.37801,25.71616],[-103.37797,25.71633],[-103.37789,25.71635],[-103.37787,25.71642],[-103.37748,25.71642],[-103.37747,25.71626],[-103.37728,25.71615],[-103.37726,25.71607],[-103.37718,25.71606],[-103.37716,25.71597],[-103.37708,25.71596],[-103.37708,25.71581],[-103.37689,25.71569],[-103.37688,25.71552],[-103.37669,25.71551],[-103.37669,25.71526],[-103.3765,25.71514],[-103.37648,25.71506],[-103.3764,25.71505],[-103.37639,25.71489],[-103.3762,25.71478],[-103.37621,25.71451],[-103.3763,25.71448],[-103.37631,25.71415],[-103.37641,25.71412],[-103.37641,25.71379],[-103.37651,25.71376],[-103.37652,25.71343],[-103.37661,25.71341],[-103.37662,25.71316],[-103.37672,25.71313],[-103.37673,25.7128],[-103.37683,25.71277],[-103.37683,25.71253],[-103.37692,25.71252],[-103.37693,25.71244],[-103.37743,25.71245],[-103.37745,25.71253],[-103.37763,25.71254],[-103.37767,25.71263],[-103.37892,25.71264],[-103.37893,25.7128],[-103.37912,25.71283],[-103.37912,25.71307],[-103.37931,25.71319],[-103.37931,25.71352],[-103.37951,25.71364],[-103.37951,25.7139],[-103.3797,25.71401],[-103.3797,25.71425],[-103.3799,25.71428],[-103.3799,25.71471],[-103.38009,25.71482],[-103.3801,25.71499],[-103.38028,25.7151],[-103.38029,25.71535],[-103.38048,25.71537]]]}},{"type":"Feature","properties":{"id":73,"estado":"activa","confianza":"alta","area_m2":19545,"perimetro_m":599,"largo_m":180,"ancho_m":130,"lat":25.714461,"lon":-103.373266,"municipio":"Gómez Palacio","cerca_de":"Reforma","dist_ref_km":12.6,"d_ciudad_km":7.6,"altura_m":5.5,"precio_m2":140,"precio_m2_min":90,"precio_m2_max":210,"valor":2700000,"valor_min":1800000,"valor_max":4100000,"grupo":56,"grupo_bloques":3,"grupo_m2":73382},"geometry":{"type":"Polygon","coordinates":[[[-103.37411,25.7144],[-103.3741,25.71512],[-103.37301,25.71511],[-103.37296,25.71502],[-103.37231,25.71501],[-103.37232,25.71456],[-103.37242,25.71453],[-103.37242,25.7142],[-103.37252,25.71417],[-103.37253,25.71393],[-103.37332,25.71394],[-103.37336,25.71402],[-103.37362,25.71403],[-103.37362,25.71418],[-103.37372,25.71421],[-103.37374,25.71429],[-103.37402,25.7143],[-103.37403,25.71438],[-103.37411,25.7144]]]}},{"type":"Feature","properties":{"id":74,"estado":"activa","confianza":"alta","area_m2":142545,"perimetro_m":1734,"largo_m":473,"ancho_m":407,"lat":25.713391,"lon":-103.365757,"municipio":"Gómez Palacio","cerca_de":"San Isidro","dist_ref_km":12.7,"d_ciudad_km":7.5,"altura_m":3.9,"precio_m2":110,"precio_m2_min":70,"precio_m2_max":165,"valor":16000000,"valor_min":10000000,"valor_max":24000000},"geometry":{"type":"Polygon","coordinates":[[[-103.36796,25.71252],[-103.36795,25.71306],[-103.36787,25.71308],[-103.36785,25.71324],[-103.36776,25.71327],[-103.36775,25.71351],[-103.36755,25.71363],[-103.36754,25.71414],[-103.36734,25.71417],[-103.36733,25.71477],[-103.36713,25.71489],[-103.36712,25.7154],[-103.36653,25.71539],[-103.36651,25.71531],[-103.36633,25.7153],[-103.3663,25.71521],[-103.36583,25.71521],[-103.36581,25.71512],[-103.36553,25.71511],[-103.3655,25.71502],[-103.36464,25.71501],[-103.36461,25.71493],[-103.36434,25.71492],[-103.3643,25.71483],[-103.36407,25.71483],[-103.36404,25.71501],[-103.36396,25.71502],[-103.36394,25.71509],[-103.36376,25.7151],[-103.36374,25.71518],[-103.36344,25.71518],[-103.36343,25.7151],[-103.36334,25.71509],[-103.36336,25.714],[-103.36355,25.7139],[-103.36356,25.71365],[-103.36376,25.71353],[-103.36377,25.71311],[-103.36386,25.71309],[-103.36387,25.71293],[-103.36397,25.7129],[-103.36397,25.71257],[-103.36406,25.71255],[-103.36428,25.7123],[-103.36466,25.71229],[-103.36468,25.71212],[-103.36478,25.71209],[-103.36478,25.71176],[-103.36488,25.71174],[-103.36488,25.71158],[-103.36505,25.71158],[-103.36509,25.7115],[-103.36517,25.71148],[-103.36519,25.71132],[-103.36559,25.71132],[-103.36561,25.71141],[-103.36578,25.71141],[-103.36582,25.7115],[-103.36598,25.71151],[-103.36611,25.71168],[-103.36638,25.71169],[-103.36642,25.71178],[-103.36668,25.71179],[-103.36679,25.71195],[-103.36697,25.71197],[-103.36709,25.71214],[-103.36737,25.71215],[-103.36749,25.71233],[-103.36766,25.71234],[-103.36769,25.71242],[-103.36786,25.71243],[-103.36788,25.71251],[-103.36796,25.71252]]]}},{"type":"Feature","properties":{"id":75,"estado":"activa","confianza":"media","area_m2":5558,"perimetro_m":311,"largo_m":90,"ancho_m":70,"lat":25.715307,"lon":-103.372607,"municipio":"Gómez Palacio","cerca_de":"Reforma","dist_ref_km":12.7,"d_ciudad_km":7.8,"altura_m":3.7,"precio_m2":145,"precio_m2_min":95,"precio_m2_max":220,"valor":810000,"valor_min":530000,"valor_max":1200000,"grupo":56,"grupo_bloques":3,"grupo_m2":73382},"geometry":{"type":"Polygon","coordinates":[[[-103.37301,25.7152],[-103.373,25.71547],[-103.37291,25.7155],[-103.3729,25.71574],[-103.3721,25.71573],[-103.37211,25.71546],[-103.37221,25.71542],[-103.37221,25.7151],[-103.37291,25.7151],[-103.37292,25.71518],[-103.37301,25.7152]]]}},{"type":"Feature","properties":{"id":76,"estado":"activa","confianza":"media","area_m2":17871,"perimetro_m":588,"largo_m":199,"ancho_m":123,"lat":25.71028,"lon":-103.353393,"municipio":"Gómez Palacio","cerca_de":"El Pilar","dist_ref_km":12.6,"d_ciudad_km":7.6,"altura_m":8.4,"precio_m2":140,"precio_m2_min":90,"precio_m2_max":210,"valor":2500000,"valor_min":1600000,"valor_max":3800000},"geometry":{"type":"Polygon","coordinates":[[[-103.35434,25.71002],[-103.35434,25.71047],[-103.35408,25.71047],[-103.35404,25.71056],[-103.35377,25.71056],[-103.35364,25.71074],[-103.35337,25.71073],[-103.35334,25.71082],[-103.35284,25.71082],[-103.35282,25.71074],[-103.35274,25.71073],[-103.35272,25.71055],[-103.35244,25.71054],[-103.35245,25.71009],[-103.35273,25.71009],[-103.35285,25.70991],[-103.35294,25.7099],[-103.35295,25.70982],[-103.35304,25.70981],[-103.35305,25.70974],[-103.35341,25.70974],[-103.35345,25.70965],[-103.35405,25.70966],[-103.35406,25.70973],[-103.35425,25.70984],[-103.35425,25.71],[-103.35434,25.71002]]]}},{"type":"Feature","properties":{"id":77,"estado":"activa","confianza":"alta","area_m2":12834,"perimetro_m":580,"largo_m":226,"ancho_m":83,"lat":25.713611,"lon":-103.362715,"municipio":"Gómez Palacio","cerca_de":"San Isidro","dist_ref_km":12.7,"d_ciudad_km":7.7,"altura_m":2.2,"precio_m2":145,"precio_m2_min":95,"precio_m2_max":220,"valor":1900000,"valor_min":1200000,"valor_max":2800000,"grupo":46,"grupo_bloques":2,"grupo_m2":577222},"geometry":{"type":"Polygon","coordinates":[[[-103.36317,25.71292],[-103.36316,25.71355],[-103.36297,25.71367],[-103.36296,25.71418],[-103.36287,25.71419],[-103.36285,25.71427],[-103.36266,25.71429],[-103.36265,25.71463],[-103.36235,25.71463],[-103.36236,25.7143],[-103.36226,25.71426],[-103.36226,25.7139],[-103.36236,25.71387],[-103.36237,25.71327],[-103.36246,25.71326],[-103.36247,25.71309],[-103.36257,25.71306],[-103.36258,25.71273],[-103.36266,25.71272],[-103.36268,25.71264],[-103.36298,25.71265],[-103.36298,25.71281],[-103.36317,25.71292]]]}},{"type":"Feature","properties":{"id":78,"estado":"activa","confianza":"alta","area_m2":48279,"perimetro_m":1016,"largo_m":273,"ancho_m":247,"lat":25.716175,"lon":-103.373194,"municipio":"Gómez Palacio","cerca_de":"Reforma","dist_ref_km":12.8,"d_ciudad_km":7.8,"altura_m":2.6,"precio_m2":125,"precio_m2_min":80,"precio_m2_max":185,"valor":5900000,"valor_min":3900000,"valor_max":8900000,"grupo":56,"grupo_bloques":3,"grupo_m2":73382},"geometry":{"type":"Polygon","coordinates":[[[-103.37458,25.71675],[-103.37457,25.71729],[-103.37312,25.71727],[-103.37298,25.71745],[-103.37258,25.71745],[-103.37256,25.71737],[-103.37248,25.71736],[-103.37246,25.71718],[-103.37228,25.71717],[-103.37224,25.71708],[-103.37189,25.71708],[-103.3719,25.71636],[-103.37209,25.71633],[-103.3721,25.71582],[-103.37298,25.71581],[-103.373,25.71556],[-103.3731,25.71552],[-103.37311,25.7152],[-103.3743,25.71521],[-103.3743,25.71566],[-103.3742,25.71569],[-103.37419,25.71599],[-103.37429,25.71602],[-103.37429,25.71636],[-103.37439,25.71639],[-103.37439,25.71653],[-103.37448,25.71657],[-103.37449,25.71673],[-103.37458,25.71675]]]}},{"type":"Feature","properties":{"id":79,"estado":"activa","confianza":"alta","area_m2":24511,"perimetro_m":859,"largo_m":280,"ancho_m":130,"lat":25.689902,"lon":-103.468057,"municipio":"Gómez Palacio","cerca_de":"La Popular","dist_ref_km":12.4,"d_ciudad_km":6.2,"altura_m":2.5,"precio_m2":160,"precio_m2_min":105,"precio_m2_max":240,"valor":3900000,"valor_min":2500000,"valor_max":5800000},"geometry":{"type":"Polygon","coordinates":[[[-103.4695,25.68997],[-103.4695,25.69042],[-103.46941,25.69043],[-103.46939,25.69051],[-103.4679,25.69049],[-103.46791,25.68999],[-103.46786,25.68995],[-103.46752,25.68997],[-103.4675,25.69031],[-103.46671,25.6903],[-103.46671,25.68994],[-103.4668,25.68993],[-103.46681,25.68985],[-103.46709,25.68984],[-103.46711,25.68967],[-103.4672,25.68966],[-103.46721,25.68958],[-103.46741,25.68957],[-103.46742,25.68941],[-103.46797,25.68941],[-103.46802,25.68932],[-103.46831,25.68933],[-103.46835,25.68941],[-103.46861,25.68942],[-103.46875,25.6896],[-103.46921,25.68961],[-103.46922,25.68986],[-103.4693,25.68988],[-103.46933,25.68996],[-103.4695,25.68997]]]}},{"type":"Feature","properties":{"id":80,"estado":"activa","confianza":"alta","area_m2":60957,"perimetro_m":1143,"largo_m":359,"ancho_m":211,"lat":25.717443,"lon":-103.381099,"municipio":"Gómez Palacio","cerca_de":"Reforma","dist_ref_km":12.9,"d_ciudad_km":7.9,"altura_m":3.8,"precio_m2":120,"precio_m2_min":75,"precio_m2_max":175,"valor":7200000,"valor_min":4700000,"valor_max":11000000,"grupo":60,"grupo_bloques":2,"grupo_m2":67412},"geometry":{"type":"Polygon","coordinates":[[[-103.38285,25.71675],[-103.38283,25.71847],[-103.38274,25.71848],[-103.38273,25.71855],[-103.38178,25.71854],[-103.38173,25.71863],[-103.38138,25.71863],[-103.38133,25.71872],[-103.38103,25.71872],[-103.38099,25.71863],[-103.38063,25.71862],[-103.38062,25.71854],[-103.38044,25.71853],[-103.3804,25.71844],[-103.38017,25.71844],[-103.38014,25.71853],[-103.37984,25.71852],[-103.37972,25.71835],[-103.37954,25.71834],[-103.37953,25.71826],[-103.37944,25.71825],[-103.37945,25.71783],[-103.37935,25.71779],[-103.37936,25.71698],[-103.37991,25.71699],[-103.37996,25.7169],[-103.38046,25.7169],[-103.38048,25.71699],[-103.38076,25.717],[-103.38079,25.71709],[-103.38111,25.71709],[-103.38116,25.717],[-103.38221,25.71701],[-103.38225,25.71692],[-103.38235,25.7169],[-103.38235,25.71674],[-103.38285,25.71675]]]}},{"type":"Feature","properties":{"id":81,"estado":"activa","confianza":"media","area_m2":5709,"perimetro_m":404,"largo_m":159,"ancho_m":49,"lat":25.717065,"lon":-103.407707,"municipio":"Gómez Palacio","cerca_de":"El Paraíso","dist_ref_km":12.9,"d_ciudad_km":8.4,"altura_m":3.2,"precio_m2":140,"precio_m2_min":90,"precio_m2_max":210,"valor":800000,"valor_min":520000,"valor_max":1200000,"grupo":61,"grupo_bloques":2,"grupo_m2":17089},"geometry":{"type":"Polygon","coordinates":[[[-103.40836,25.71694],[-103.40836,25.7173],[-103.40806,25.7173],[-103.40802,25.71721],[-103.40756,25.7172],[-103.40752,25.71711],[-103.40707,25.71711],[-103.40704,25.71702],[-103.40687,25.71701],[-103.40687,25.71674],[-103.40757,25.71675],[-103.40759,25.71684],[-103.40787,25.71685],[-103.4079,25.71693],[-103.40836,25.71694]]]}},{"type":"Feature","properties":{"id":82,"estado":"activa","confianza":"alta","area_m2":11380,"perimetro_m":557,"largo_m":192,"ancho_m":84,"lat":25.717514,"lon":-103.40711,"municipio":"Gómez Palacio","cerca_de":"El Paraíso","dist_ref_km":12.9,"d_ciudad_km":8.4,"altura_m":2.4,"precio_m2":140,"precio_m2_min":90,"precio_m2_max":210,"valor":1600000,"valor_min":1000000,"valor_max":2400000,"grupo":61,"grupo_bloques":2,"grupo_m2":17089},"geometry":{"type":"Polygon","coordinates":[[[-103.40806,25.71739],[-103.40805,25.71766],[-103.40796,25.71768],[-103.40795,25.71784],[-103.40787,25.71785],[-103.40785,25.71793],[-103.40755,25.71792],[-103.40752,25.71765],[-103.40719,25.71765],[-103.40716,25.71774],[-103.40698,25.71775],[-103.40696,25.71783],[-103.40656,25.71782],[-103.40653,25.71765],[-103.40616,25.71764],[-103.40616,25.71737],[-103.40625,25.71736],[-103.40647,25.7171],[-103.40697,25.71711],[-103.407,25.71719],[-103.40746,25.7172],[-103.4075,25.71729],[-103.40796,25.7173],[-103.40797,25.71737],[-103.40806,25.71739]]]}},{"type":"Feature","properties":{"id":83,"estado":"activa","confianza":"alta","area_m2":22189,"perimetro_m":1025,"largo_m":272,"ancho_m":168,"lat":25.713077,"lon":-103.354797,"municipio":"Gómez Palacio","cerca_de":"El Pilar","dist_ref_km":12.9,"d_ciudad_km":7.8,"altura_m":3.9,"precio_m2":135,"precio_m2_min":90,"precio_m2_max":200,"valor":3000000,"valor_min":1900000,"valor_max":4500000},"geometry":{"type":"Polygon","coordinates":[[[-103.355,25.71265],[-103.35499,25.71337],[-103.35481,25.71347],[-103.35479,25.71364],[-103.35471,25.71365],[-103.35469,25.71373],[-103.35452,25.71373],[-103.35449,25.71381],[-103.3544,25.71383],[-103.35439,25.71417],[-103.35379,25.71417],[-103.3538,25.71363],[-103.35406,25.71363],[-103.3542,25.71345],[-103.35446,25.71345],[-103.3545,25.71336],[-103.35459,25.71334],[-103.3546,25.71276],[-103.35375,25.71272],[-103.35371,25.71281],[-103.35341,25.71281],[-103.3534,25.71265],[-103.35321,25.71254],[-103.35322,25.71227],[-103.3536,25.71226],[-103.35362,25.712],[-103.35409,25.712],[-103.35412,25.71191],[-103.35422,25.71188],[-103.35422,25.71164],[-103.35462,25.71165],[-103.35461,25.71206],[-103.35471,25.7121],[-103.35471,25.71234],[-103.35481,25.71237],[-103.35482,25.71254],[-103.355,25.71265]]]}},{"type":"Feature","properties":{"id":84,"estado":"activa","confianza":"media","area_m2":6455,"perimetro_m":327,"largo_m":90,"ancho_m":80,"lat":25.719252,"lon":-103.380826,"municipio":"Gómez Palacio","cerca_de":"Reforma","dist_ref_km":13.1,"d_ciudad_km":8.2,"altura_m":1.0,"precio_m2":140,"precio_m2_min":90,"precio_m2_max":210,"valor":920000,"valor_min":600000,"valor_max":1400000,"grupo":60,"grupo_bloques":2,"grupo_m2":67412},"geometry":{"type":"Polygon","coordinates":[[[-103.38123,25.7189],[-103.38122,25.71971],[-103.38072,25.71971],[-103.3806,25.71953],[-103.38042,25.71952],[-103.38043,25.71898],[-103.38069,25.71898],[-103.38073,25.71889],[-103.38123,25.7189]]]}},{"type":"Feature","properties":{"id":85,"estado":"activa","confianza":"alta","area_m2":186863,"perimetro_m":2671,"largo_m":843,"ancho_m":335,"lat":25.719855,"lon":-103.386,"municipio":"Gómez Palacio","cerca_de":"Reforma","dist_ref_km":13.1,"d_ciudad_km":7.9,"altura_m":2.0,"precio_m2":105,"precio_m2_min":65,"precio_m2_max":155,"valor":19000000,"valor_min":13000000,"valor_max":29000000},"geometry":{"type":"Polygon","coordinates":[[[-103.38797,25.72141],[-103.38796,25.72249],[-103.38778,25.7225],[-103.38776,25.72267],[-103.38766,25.72271],[-103.38765,25.723],[-103.38775,25.72303],[-103.38774,25.72358],[-103.38735,25.72357],[-103.3873,25.72348],[-103.38655,25.72347],[-103.38651,25.72338],[-103.38525,25.72337],[-103.38524,25.72329],[-103.38516,25.72328],[-103.38516,25.72276],[-103.38486,25.72273],[-103.38487,25.72246],[-103.38497,25.72242],[-103.38497,25.72195],[-103.38468,25.72192],[-103.38468,25.72123],[-103.38459,25.72119],[-103.38459,25.72069],[-103.38449,25.72065],[-103.3845,25.72023],[-103.3844,25.7202],[-103.38441,25.71942],[-103.38421,25.71938],[-103.38422,25.71875],[-103.38431,25.71874],[-103.38432,25.71866],[-103.38461,25.71865],[-103.38463,25.71816],[-103.38433,25.71812],[-103.3842,25.71794],[-103.38393,25.71794],[-103.38394,25.71761],[-103.38384,25.71757],[-103.38384,25.71716],[-103.38374,25.71712],[-103.38375,25.71667],[-103.38394,25.71666],[-103.38395,25.71649],[-103.38422,25.71649],[-103.38425,25.7164],[-103.38465,25.71641],[-103.38466,25.71649],[-103.38475,25.7165],[-103.38474,25.71719],[-103.38504,25.71723],[-103.38504,25.71755],[-103.38523,25.71768],[-103.38524,25.71784],[-103.38563,25.71786],[-103.38564,25.71794],[-103.38573,25.71796],[-103.38586,25.71814],[-103.38622,25.71814],[-103.38624,25.71822],[-103.38632,25.71823],[-103.38633,25.7184],[-103.38642,25.71841],[-103.38645,25.7185],[-103.38662,25.71851],[-103.38663,25.71886],[-103.38701,25.71887],[-103.38702,25.71904],[-103.38721,25.71906],[-103.38723,25.71923],[-103.3874,25.71924],[-103.38741,25.7194],[-103.3876,25.71951],[-103.38759,25.72023],[-103.38743,25.72023],[-103.38739,25.72032],[-103.38721,25.72033],[-103.38719,25.72055],[-103.38748,25.72059],[-103.38752,25.72068],[-103.38778,25.72069],[-103.38778,25.72096],[-103.38769,25.72097],[-103.38758,25.72114],[-103.38728,25.72113],[-103.38724,25.72104],[-103.38701,25.72104],[-103.38698,25.72113],[-103.38688,25.72116],[-103.38688,25.72136],[-103.38797,25.72141]]]}},{"type":"Feature","properties":{"id":86,"estado":"activa","confianza":"alta","area_m2":72066,"perimetro_m":1532,"largo_m":436,"ancho_m":255,"lat":25.68963,"lon":-103.471945,"municipio":"Gómez Palacio","cerca_de":"La Popular","dist_ref_km":12.6,"d_ciudad_km":6.1,"altura_m":3.5,"precio_m2":140,"precio_m2_min":90,"precio_m2_max":210,"valor":10000000,"valor_min":6500000,"valor_max":15000000},"geometry":{"type":"Polygon","coordinates":[[[-103.47388,25.69038],[-103.47387,25.69083],[-103.47379,25.69084],[-103.47377,25.69092],[-103.47338,25.69091],[-103.47326,25.69074],[-103.47308,25.69073],[-103.47304,25.69064],[-103.47272,25.69064],[-103.47268,25.69072],[-103.47228,25.69072],[-103.47224,25.69054],[-103.47149,25.69053],[-103.47149,25.69038],[-103.47139,25.69035],[-103.47138,25.69018],[-103.47099,25.69017],[-103.47099,25.68991],[-103.4708,25.68989],[-103.47079,25.68982],[-103.4707,25.6898],[-103.47069,25.68973],[-103.4706,25.68971],[-103.47049,25.68954],[-103.4702,25.68953],[-103.47017,25.68944],[-103.46991,25.68943],[-103.46992,25.68853],[-103.47022,25.68853],[-103.47021,25.68886],[-103.47031,25.68889],[-103.47036,25.68908],[-103.47057,25.68908],[-103.47061,25.68899],[-103.47081,25.68895],[-103.4708,25.68874],[-103.47061,25.68872],[-103.4706,25.68864],[-103.47052,25.68863],[-103.47052,25.68836],[-103.47211,25.68837],[-103.47211,25.68852],[-103.47221,25.68855],[-103.47225,25.68864],[-103.47296,25.68865],[-103.47301,25.68856],[-103.4733,25.68856],[-103.47334,25.68865],[-103.4736,25.68866],[-103.4736,25.68893],[-103.4735,25.68897],[-103.4735,25.68929],[-103.4733,25.68931],[-103.47329,25.68961],[-103.47339,25.68965],[-103.47341,25.68973],[-103.47359,25.68974],[-103.4736,25.68982],[-103.47369,25.68983],[-103.47368,25.69025],[-103.47388,25.69038]]]}},{"type":"Feature","properties":{"id":87,"estado":"activa","confianza":"media","area_m2":17495,"perimetro_m":708,"largo_m":250,"ancho_m":110,"lat":25.581781,"lon":-103.275124,"municipio":"Matamoros","cerca_de":"El Doce","dist_ref_km":12.0,"d_ciudad_km":4.6,"altura_m":3.2,"precio_m2":210,"precio_m2_min":140,"precio_m2_max":320,"valor":3700000,"valor_min":2400000,"valor_max":5600000},"geometry":{"type":"Polygon","coordinates":[[[-103.27647,25.58147],[-103.27647,25.58174],[-103.27627,25.58176],[-103.27626,25.58201],[-103.27616,25.58204],[-103.27616,25.58228],[-103.27576,25.58227],[-103.27575,25.5822],[-103.27566,25.58218],[-103.27552,25.582],[-103.2753,25.582],[-103.27527,25.58209],[-103.27457,25.58208],[-103.27456,25.582],[-103.27447,25.58199],[-103.27435,25.58181],[-103.27398,25.5818],[-103.27398,25.58135],[-103.27438,25.58135],[-103.27442,25.58144],[-103.27572,25.58146],[-103.27578,25.58128],[-103.27627,25.58129],[-103.27638,25.58145],[-103.27647,25.58147]]]}},{"type":"Feature","properties":{"id":88,"estado":"activa","confianza":"alta","area_m2":11798,"perimetro_m":549,"largo_m":183,"ancho_m":100,"lat":25.712914,"lon":-103.346595,"municipio":"Matamoros","cerca_de":"El Pilar","dist_ref_km":13.1,"d_ciudad_km":8.1,"altura_m":0.7,"precio_m2":140,"precio_m2_min":90,"precio_m2_max":210,"valor":1700000,"valor_min":1100000,"valor_max":2500000},"geometry":{"type":"Polygon","coordinates":[[[-103.34723,25.71292],[-103.34722,25.71319],[-103.34703,25.7133],[-103.34702,25.71355],[-103.34652,25.71354],[-103.34651,25.71347],[-103.34642,25.71345],[-103.34642,25.71302],[-103.34603,25.713],[-103.346,25.71291],[-103.34573,25.7129],[-103.34573,25.71275],[-103.34564,25.71272],[-103.34564,25.71245],[-103.34572,25.71244],[-103.34584,25.71227],[-103.34624,25.71228],[-103.34636,25.71245],[-103.34654,25.71246],[-103.34655,25.71254],[-103.34663,25.71255],[-103.34664,25.7127],[-103.34673,25.71273],[-103.34675,25.71282],[-103.34713,25.71283],[-103.34714,25.71291],[-103.34723,25.71292]]]}},{"type":"Feature","properties":{"id":89,"estado":"activa","confianza":"alta","area_m2":33767,"perimetro_m":1103,"largo_m":305,"ancho_m":216,"lat":25.547625,"lon":-103.284664,"municipio":"Matamoros","cerca_de":"Lumbalca","dist_ref_km":12.4,"d_ciudad_km":2.0,"altura_m":1.9,"precio_m2":370,"precio_m2_min":240,"precio_m2_max":550,"valor":12000000,"valor_min":8100000,"valor_max":19000000},"geometry":{"type":"Polygon","coordinates":[[[-103.28542,25.54709],[-103.28542,25.54736],[-103.28532,25.5474],[-103.2853,25.54826],[-103.28512,25.54827],[-103.2851,25.54844],[-103.28501,25.54847],[-103.285,25.54889],[-103.2844,25.54888],[-103.28438,25.54862],[-103.28401,25.54861],[-103.28398,25.54852],[-103.28381,25.54851],[-103.28377,25.54842],[-103.28361,25.54842],[-103.28362,25.54806],[-103.2837,25.54805],[-103.28382,25.54788],[-103.28401,25.54785],[-103.28401,25.54727],[-103.28383,25.54725],[-103.28378,25.54716],[-103.28308,25.54715],[-103.28303,25.54724],[-103.28253,25.54723],[-103.28254,25.54687],[-103.28281,25.54687],[-103.28284,25.5467],[-103.28354,25.5467],[-103.28355,25.54678],[-103.28373,25.5468],[-103.28377,25.54689],[-103.28433,25.54689],[-103.28436,25.54698],[-103.28473,25.54699],[-103.28477,25.54708],[-103.28542,25.54709]]]}},{"type":"Feature","properties":{"id":90,"estado":"activa","confianza":"alta","area_m2":73613,"perimetro_m":1386,"largo_m":430,"ancho_m":240,"lat":25.723052,"lon":-103.395475,"municipio":"Gómez Palacio","cerca_de":"El Paraíso","dist_ref_km":13.4,"d_ciudad_km":8.6,"altura_m":0.5,"precio_m2":110,"precio_m2_min":70,"precio_m2_max":165,"valor":8100000,"valor_min":5300000,"valor_max":12000000},"geometry":{"type":"Polygon","coordinates":[[[-103.39762,25.72278],[-103.39761,25.72332],[-103.39751,25.72336],[-103.3975,25.72413],[-103.3971,25.72413],[-103.39706,25.72404],[-103.39621,25.72403],[-103.39607,25.72385],[-103.39512,25.72384],[-103.39507,25.72366],[-103.39475,25.72366],[-103.39462,25.72383],[-103.39453,25.72384],[-103.39451,25.72419],[-103.39372,25.72418],[-103.39368,25.72409],[-103.39332,25.72409],[-103.39334,25.72264],[-103.39343,25.72262],[-103.39344,25.72237],[-103.39354,25.72234],[-103.39355,25.72201],[-103.39384,25.72202],[-103.39399,25.7222],[-103.39421,25.7222],[-103.39424,25.72211],[-103.39454,25.72212],[-103.39456,25.7222],[-103.39474,25.72221],[-103.39476,25.72229],[-103.39494,25.7223],[-103.39498,25.72239],[-103.39593,25.7224],[-103.39596,25.72258],[-103.39673,25.72259],[-103.39674,25.72267],[-103.39692,25.72268],[-103.39696,25.72277],[-103.39762,25.72278]]]}},{"type":"Feature","properties":{"id":91,"estado":"activa","confianza":"media","area_m2":7642,"perimetro_m":399,"largo_m":120,"ancho_m":80,"lat":25.714564,"lon":-103.344523,"municipio":"Matamoros","cerca_de":"El Pilar","dist_ref_km":13.4,"d_ciudad_km":8.4,"altura_m":1.2,"precio_m2":140,"precio_m2_min":90,"precio_m2_max":210,"valor":1100000,"valor_min":700000,"valor_max":1600000},"geometry":{"type":"Polygon","coordinates":[[[-103.34521,25.71461],[-103.34521,25.71488],[-103.34512,25.7149],[-103.34511,25.71497],[-103.34471,25.71497],[-103.34466,25.71488],[-103.34444,25.71488],[-103.34441,25.71496],[-103.34401,25.71496],[-103.34402,25.71442],[-103.34411,25.7144],[-103.34412,25.71424],[-103.34472,25.71425],[-103.34473,25.71432],[-103.34482,25.71434],[-103.34483,25.71451],[-103.34501,25.71452],[-103.34505,25.71461],[-103.34521,25.71461]]]}},{"type":"Feature","properties":{"id":92,"estado":"activa","confianza":"media","area_m2":5379,"perimetro_m":307,"largo_m":80,"ancho_m":80,"lat":25.724462,"lon":-103.40308,"municipio":"Gómez Palacio","cerca_de":"El Paraíso","dist_ref_km":13.6,"d_ciudad_km":9.0,"altura_m":0.5,"precio_m2":135,"precio_m2_min":90,"precio_m2_max":200,"valor":720000,"valor_min":470000,"valor_max":1100000},"geometry":{"type":"Polygon","coordinates":[[[-103.40348,25.72411],[-103.40348,25.72465],[-103.40321,25.72465],[-103.40317,25.72474],[-103.40278,25.72473],[-103.40276,25.72466],[-103.40268,25.72464],[-103.40268,25.72428],[-103.40278,25.72425],[-103.40279,25.72401],[-103.40309,25.72402],[-103.40313,25.72411],[-103.40348,25.72411]]]}},{"type":"Feature","properties":{"id":93,"estado":"activa","confianza":"alta","area_m2":42205,"perimetro_m":1046,"largo_m":370,"ancho_m":160,"lat":25.705933,"lon":-103.326562,"municipio":"Matamoros","cerca_de":"Entrada El Cuije","dist_ref_km":13.3,"d_ciudad_km":8.2,"altura_m":7.2,"precio_m2":160,"precio_m2_min":105,"precio_m2_max":240,"valor":6700000,"valor_min":4300000,"valor_max":10000000,"grupo":71,"grupo_bloques":2,"grupo_m2":146800},"geometry":{"type":"Polygon","coordinates":[[[-103.32879,25.70585],[-103.32878,25.7063],[-103.32861,25.7063],[-103.32858,25.70639],[-103.32763,25.70638],[-103.32759,25.70647],[-103.32702,25.70646],[-103.32698,25.70673],[-103.32549,25.70671],[-103.32548,25.70655],[-103.32539,25.70653],[-103.32538,25.70646],[-103.32529,25.70644],[-103.32518,25.70627],[-103.3251,25.70626],[-103.32511,25.70545],[-103.32519,25.70543],[-103.32521,25.70536],[-103.32596,25.70536],[-103.32601,25.70527],[-103.32651,25.70528],[-103.32655,25.70537],[-103.3274,25.70538],[-103.32742,25.70546],[-103.3276,25.70547],[-103.32763,25.70556],[-103.328,25.70557],[-103.32803,25.70602],[-103.32835,25.70602],[-103.32849,25.70585],[-103.32879,25.70585]]]}},{"type":"Feature","properties":{"id":94,"estado":"activa","confianza":"alta","area_m2":106017,"perimetro_m":1736,"largo_m":628,"ancho_m":261,"lat":25.711129,"lon":-103.334195,"municipio":"Matamoros","cerca_de":"Ejido 20 de Noviembre","dist_ref_km":13.5,"d_ciudad_km":8.3,"altura_m":3.9,"precio_m2":120,"precio_m2_min":80,"precio_m2_max":185,"valor":13000000,"valor_min":8400000,"valor_max":19000000},"geometry":{"type":"Polygon","coordinates":[[[-103.33639,25.71126],[-103.33638,25.71162],[-103.33629,25.71164],[-103.33628,25.7118],[-103.3362,25.71181],[-103.33608,25.71198],[-103.3357,25.71199],[-103.33568,25.71216],[-103.33549,25.71217],[-103.33548,25.71233],[-103.33539,25.71235],[-103.33527,25.71251],[-103.33458,25.71251],[-103.33446,25.71233],[-103.33418,25.71232],[-103.33405,25.71214],[-103.33369,25.71213],[-103.33367,25.71197],[-103.33339,25.71195],[-103.33327,25.71178],[-103.33309,25.71177],[-103.33307,25.71159],[-103.3328,25.71158],[-103.33268,25.71141],[-103.3325,25.7114],[-103.33247,25.71131],[-103.3322,25.7113],[-103.33219,25.71123],[-103.3321,25.71121],[-103.33209,25.71105],[-103.33191,25.71103],[-103.33189,25.71086],[-103.33171,25.71085],[-103.33167,25.71076],[-103.33141,25.71075],[-103.33141,25.7106],[-103.33132,25.71057],[-103.33129,25.71049],[-103.33092,25.71048],[-103.3309,25.7104],[-103.33072,25.71029],[-103.33071,25.71012],[-103.33043,25.71011],[-103.33041,25.71003],[-103.33033,25.71002],[-103.33033,25.70975],[-103.33063,25.70975],[-103.33068,25.70984],[-103.33109,25.70985],[-103.33113,25.70976],[-103.33163,25.70976],[-103.33167,25.70985],[-103.33248,25.70986],[-103.33252,25.70977],[-103.33299,25.70977],[-103.33302,25.7096],[-103.33412,25.70961],[-103.33413,25.70968],[-103.33422,25.7097],[-103.33434,25.70988],[-103.33451,25.70989],[-103.33455,25.70997],[-103.33471,25.70998],[-103.33471,25.71013],[-103.33481,25.71016],[-103.33483,25.71024],[-103.33511,25.71025],[-103.33513,25.71034],[-103.3353,25.71035],[-103.33532,25.71043],[-103.3355,25.71044],[-103.33553,25.71053],[-103.3357,25.71053],[-103.33571,25.71088],[-103.33599,25.7109],[-103.33603,25.71099],[-103.33629,25.71099],[-103.33629,25.71123],[-103.33639,25.71126]]]}},{"type":"Feature","properties":{"id":95,"estado":"activa","confianza":"alta","area_m2":36153,"perimetro_m":1112,"largo_m":346,"ancho_m":143,"lat":25.716911,"lon":-103.345379,"municipio":"Matamoros","cerca_de":"El Pilar","dist_ref_km":13.6,"d_ciudad_km":8.6,"altura_m":2.9,"precio_m2":120,"precio_m2_min":80,"precio_m2_max":180,"valor":4400000,"valor_min":2800000,"valor_max":6500000},"geometry":{"type":"Polygon","coordinates":[[[-103.34647,25.71734],[-103.34647,25.71761],[-103.34638,25.71762],[-103.34636,25.71769],[-103.34628,25.7177],[-103.34626,25.71778],[-103.34618,25.71779],[-103.34616,25.71787],[-103.34597,25.71798],[-103.34596,25.71805],[-103.34546,25.71805],[-103.34534,25.71787],[-103.34517,25.71786],[-103.34513,25.71777],[-103.34497,25.71777],[-103.34484,25.71759],[-103.34467,25.71759],[-103.34466,25.71751],[-103.34457,25.71749],[-103.34455,25.71732],[-103.34428,25.71731],[-103.34414,25.71713],[-103.34388,25.71712],[-103.34387,25.71705],[-103.34378,25.71703],[-103.34378,25.71687],[-103.34369,25.71685],[-103.34368,25.71669],[-103.34349,25.71667],[-103.34347,25.71659],[-103.34339,25.71658],[-103.34339,25.71631],[-103.34348,25.71629],[-103.3435,25.71613],[-103.34359,25.7161],[-103.3436,25.71586],[-103.34368,25.71585],[-103.3437,25.71577],[-103.3441,25.71577],[-103.34413,25.71586],[-103.3444,25.71587],[-103.34441,25.71603],[-103.34459,25.71605],[-103.34461,25.71613],[-103.34479,25.71623],[-103.34478,25.71659],[-103.34459,25.71663],[-103.34461,25.71695],[-103.34486,25.71695],[-103.34488,25.71687],[-103.34498,25.71684],[-103.34498,25.71669],[-103.34507,25.71667],[-103.34508,25.7166],[-103.34548,25.7166],[-103.3455,25.71668],[-103.34558,25.71669],[-103.3456,25.71686],[-103.34588,25.71688],[-103.3459,25.71696],[-103.34608,25.71697],[-103.34609,25.71705],[-103.34617,25.71706],[-103.34618,25.71713],[-103.34627,25.71715],[-103.34639,25.71732],[-103.34647,25.71734]]]}},{"type":"Feature","properties":{"id":96,"estado":"activa","confianza":"alta","area_m2":35927,"perimetro_m":1035,"largo_m":330,"ancho_m":189,"lat":25.55288,"lon":-103.277725,"municipio":"Matamoros","cerca_de":"La Esperanza","dist_ref_km":12.7,"d_ciudad_km":2.7,"altura_m":5.0,"precio_m2":300,"precio_m2_min":195,"precio_m2_max":450,"valor":11000000,"valor_min":6900000,"valor_max":16000000},"geometry":{"type":"Polygon","coordinates":[[[-103.27918,25.55225],[-103.27917,25.5527],[-103.27898,25.55272],[-103.27897,25.55297],[-103.27888,25.55298],[-103.27887,25.55306],[-103.27869,25.55306],[-103.27867,25.55315],[-103.2782,25.55314],[-103.27817,25.55323],[-103.2776,25.55323],[-103.27757,25.55332],[-103.27747,25.55335],[-103.27746,25.55377],[-103.27716,25.55376],[-103.27712,25.55349],[-103.2769,25.55349],[-103.27687,25.55358],[-103.27651,25.55358],[-103.27647,25.55366],[-103.27617,25.55366],[-103.27618,25.55321],[-103.27626,25.5532],[-103.27628,25.55312],[-103.27648,25.553],[-103.27648,25.55279],[-103.27638,25.55276],[-103.27639,25.5524],[-103.27648,25.55238],[-103.27649,25.55222],[-103.27729,25.55223],[-103.27732,25.55232],[-103.27764,25.55232],[-103.27768,25.55223],[-103.27797,25.55222],[-103.27799,25.55197],[-103.27807,25.55195],[-103.27809,25.55188],[-103.27839,25.55188],[-103.27839,25.55204],[-103.27858,25.55206],[-103.27861,25.55224],[-103.27918,25.55225]]]}},{"type":"Feature","properties":{"id":97,"estado":"activa","confianza":"alta","area_m2":104595,"perimetro_m":2218,"largo_m":583,"ancho_m":323,"lat":25.70824,"lon":-103.323757,"municipio":"Matamoros","cerca_de":"Ejido 20 de Noviembre","dist_ref_km":13.7,"d_ciudad_km":8.3,"altura_m":4.8,"precio_m2":145,"precio_m2_min":95,"precio_m2_max":220,"valor":15000000,"valor_min":9800000,"valor_max":23000000,"grupo":71,"grupo_bloques":2,"grupo_m2":146800},"geometry":{"type":"Polygon","coordinates":[[[-103.32818,25.70674],[-103.32817,25.7072],[-103.32798,25.70731],[-103.32797,25.70764],[-103.32767,25.70764],[-103.32763,25.70755],[-103.32672,25.70754],[-103.32667,25.70763],[-103.3264,25.70763],[-103.32637,25.70781],[-103.32618,25.70783],[-103.32617,25.70817],[-103.32608,25.70818],[-103.32597,25.70834],[-103.32567,25.70834],[-103.32567,25.70798],[-103.32577,25.70794],[-103.32576,25.70764],[-103.32539,25.70763],[-103.32537,25.70789],[-103.32527,25.70792],[-103.32527,25.70816],[-103.32519,25.70817],[-103.32507,25.70833],[-103.3249,25.70834],[-103.32487,25.70842],[-103.32477,25.70846],[-103.3248,25.70869],[-103.32566,25.7087],[-103.32566,25.70897],[-103.32558,25.70898],[-103.32556,25.70906],[-103.32537,25.70917],[-103.32535,25.70933],[-103.32527,25.70934],[-103.32525,25.70942],[-103.32495,25.70942],[-103.32494,25.70906],[-103.3246,25.70905],[-103.32455,25.7095],[-103.32419,25.7095],[-103.32405,25.70968],[-103.32365,25.70967],[-103.32364,25.7095],[-103.32346,25.70949],[-103.32342,25.7094],[-103.32316,25.70939],[-103.32315,25.70896],[-103.32297,25.70894],[-103.32293,25.70885],[-103.32257,25.70885],[-103.32257,25.70869],[-103.32247,25.70866],[-103.32248,25.70834],[-103.32238,25.7083],[-103.3224,25.70686],[-103.32248,25.70685],[-103.3225,25.70677],[-103.3228,25.70677],[-103.32285,25.70686],[-103.32326,25.70687],[-103.3233,25.70678],[-103.32419,25.70679],[-103.3242,25.70695],[-103.32439,25.70697],[-103.32442,25.70706],[-103.32534,25.70707],[-103.32539,25.70698],[-103.32548,25.70696],[-103.32549,25.7068],[-103.32743,25.70683],[-103.32748,25.70674],[-103.32818,25.70674]]]}},{"type":"Feature","properties":{"id":98,"estado":"activa","confianza":"alta","area_m2":5660,"perimetro_m":340,"largo_m":130,"ancho_m":67,"lat":25.714238,"lon":-103.333555,"municipio":"Matamoros","cerca_de":"Ejido 20 de Noviembre","dist_ref_km":13.8,"d_ciudad_km":8.7,"altura_m":1.6,"precio_m2":145,"precio_m2_min":95,"precio_m2_max":220,"valor":830000,"valor_min":540000,"valor_max":1200000},"geometry":{"type":"Polygon","coordinates":[[[-103.33386,25.71385],[-103.33385,25.71439],[-103.33366,25.7145],[-103.33365,25.71466],[-103.33346,25.71468],[-103.33345,25.71484],[-103.33315,25.71484],[-103.33314,25.71476],[-103.33305,25.71474],[-103.33305,25.71447],[-103.33325,25.71436],[-103.33326,25.71412],[-103.33334,25.7141],[-103.33356,25.71385],[-103.33386,25.71385]]]}},{"type":"Feature","properties":{"id":99,"estado":"urbanizada","confianza":"alta","area_m2":77555,"perimetro_m":1324,"largo_m":418,"ancho_m":276,"lat":25.592237,"lon":-103.520134,"municipio":"Gómez Palacio","cerca_de":"Dolores (La Borrega)","dist_ref_km":12.9,"d_ciudad_km":0.0,"altura_m":4.4},"geometry":{"type":"Polygon","coordinates":[[[-103.52223,25.59102],[-103.52223,25.59147],[-103.52204,25.59158],[-103.52203,25.59174],[-103.52184,25.59175],[-103.52183,25.59192],[-103.52163,25.59204],[-103.52162,25.59219],[-103.52154,25.5922],[-103.52152,25.59228],[-103.52144,25.59229],[-103.52142,25.59237],[-103.52123,25.59247],[-103.52122,25.59263],[-103.52112,25.59267],[-103.52112,25.59281],[-103.52104,25.59282],[-103.52102,25.5929],[-103.52094,25.59291],[-103.52092,25.59299],[-103.52083,25.593],[-103.52082,25.59308],[-103.52073,25.59309],[-103.52071,25.59317],[-103.52053,25.59328],[-103.52051,25.59344],[-103.52033,25.59345],[-103.52031,25.59353],[-103.52012,25.59363],[-103.52011,25.59371],[-103.51994,25.59371],[-103.51991,25.5938],[-103.51961,25.59379],[-103.51959,25.59371],[-103.51941,25.5937],[-103.5194,25.59362],[-103.51932,25.59361],[-103.51931,25.59354],[-103.51922,25.59352],[-103.51921,25.59344],[-103.51912,25.59343],[-103.51911,25.59335],[-103.51902,25.59334],[-103.5189,25.59316],[-103.51882,25.59315],[-103.51883,25.59247],[-103.51873,25.59243],[-103.51874,25.59189],[-103.51893,25.59178],[-103.51894,25.59162],[-103.51904,25.59158],[-103.51904,25.59135],[-103.51954,25.59133],[-103.51954,25.5911],[-103.51935,25.59108],[-103.51935,25.59081],[-103.51965,25.59081],[-103.51969,25.59099],[-103.5203,25.591],[-103.52045,25.59082],[-103.52092,25.59082],[-103.52104,25.59065],[-103.52154,25.59065],[-103.52168,25.59083],[-103.52214,25.59084],[-103.52214,25.591],[-103.52223,25.59102]]]}},{"type":"Feature","properties":{"id":100,"estado":"activa","confianza":"alta","area_m2":32633,"perimetro_m":1085,"largo_m":371,"ancho_m":169,"lat":25.585377,"lon":-103.521419,"municipio":"Gómez Palacio","cerca_de":"Dolores (La Borrega)","dist_ref_km":13.1,"d_ciudad_km":0.0,"altura_m":3.4,"precio_m2":690,"precio_m2_min":450,"precio_m2_max":1030,"valor":22000000,"valor_min":15000000,"valor_max":34000000},"geometry":{"type":"Polygon","coordinates":[[[-103.52241,25.5847],[-103.5224,25.58533],[-103.52205,25.58533],[-103.522,25.58542],[-103.52163,25.58542],[-103.5216,25.58587],[-103.52121,25.58589],[-103.5212,25.58628],[-103.5213,25.58632],[-103.52129,25.58664],[-103.52139,25.58668],[-103.52139,25.58695],[-103.5213,25.58696],[-103.52129,25.58704],[-103.52079,25.58703],[-103.5208,25.58604],[-103.5209,25.58601],[-103.52091,25.58573],[-103.52081,25.58568],[-103.52081,25.58514],[-103.52091,25.5851],[-103.52092,25.58455],[-103.52082,25.58451],[-103.52081,25.58434],[-103.52072,25.58432],[-103.52073,25.58378],[-103.52082,25.58377],[-103.52083,25.58369],[-103.52123,25.5837],[-103.52124,25.58377],[-103.52143,25.58388],[-103.52144,25.58405],[-103.52162,25.58406],[-103.52163,25.58414],[-103.52172,25.58415],[-103.52173,25.58423],[-103.52182,25.58424],[-103.52183,25.58432],[-103.52192,25.58434],[-103.52193,25.58441],[-103.52202,25.58443],[-103.52213,25.5846],[-103.52231,25.58461],[-103.52233,25.58469],[-103.52241,25.5847]]]}},{"type":"Feature","properties":{"id":101,"estado":"activa","confianza":"alta","area_m2":42147,"perimetro_m":1122,"largo_m":412,"ancho_m":154,"lat":25.716404,"lon":-103.328796,"municipio":"Matamoros","cerca_de":"Ejido 20 de Noviembre","dist_ref_km":14.2,"d_ciudad_km":9.1,"altura_m":3.1,"precio_m2":130,"precio_m2_min":85,"precio_m2_max":195,"valor":5400000,"valor_min":3500000,"valor_max":8200000,"grupo":77,"grupo_bloques":3,"grupo_m2":57312},"geometry":{"type":"Polygon","coordinates":[[[-103.33122,25.71707],[-103.33122,25.71734],[-103.33076,25.71734],[-103.33072,25.71743],[-103.33042,25.71742],[-103.33039,25.71734],[-103.33017,25.71733],[-103.33012,25.71742],[-103.32985,25.71742],[-103.32982,25.71751],[-103.32953,25.7175],[-103.32953,25.71717],[-103.32943,25.71714],[-103.3294,25.71705],[-103.32843,25.71704],[-103.32842,25.71696],[-103.32824,25.71695],[-103.32822,25.71687],[-103.32804,25.71676],[-103.32802,25.71659],[-103.32774,25.71658],[-103.32773,25.71641],[-103.32755,25.7164],[-103.32755,25.71586],[-103.32765,25.71582],[-103.32766,25.7155],[-103.32784,25.71548],[-103.32786,25.71532],[-103.32826,25.71532],[-103.32827,25.7154],[-103.32836,25.71541],[-103.32847,25.71558],[-103.32865,25.7156],[-103.32869,25.71569],[-103.32885,25.71569],[-103.32886,25.71576],[-103.32895,25.71578],[-103.32907,25.71596],[-103.32935,25.71597],[-103.32947,25.71614],[-103.32964,25.71615],[-103.32968,25.71624],[-103.32984,25.71624],[-103.32996,25.71642],[-103.33014,25.71643],[-103.33027,25.71661],[-103.33043,25.71661],[-103.33045,25.71678],[-103.33083,25.7168],[-103.33085,25.71688],[-103.33103,25.71689],[-103.33104,25.71697],[-103.33122,25.71707]]]}},{"type":"Feature","properties":{"id":102,"estado":"activa","confianza":"media","area_m2":9650,"perimetro_m":492,"largo_m":148,"ancho_m":107,"lat":25.718078,"lon":-103.331212,"municipio":"Matamoros","cerca_de":"Ejido 20 de Noviembre","dist_ref_km":14.3,"d_ciudad_km":9.2,"altura_m":0.6,"precio_m2":145,"precio_m2_min":95,"precio_m2_max":220,"valor":1400000,"valor_min":900000,"valor_max":2100000,"grupo":77,"grupo_bloques":3,"grupo_m2":57312},"geometry":{"type":"Polygon","coordinates":[[[-103.33201,25.71762],[-103.33201,25.71789],[-103.33162,25.71792],[-103.3316,25.71861],[-103.3312,25.71861],[-103.33119,25.71826],[-103.33081,25.71824],[-103.33082,25.71788],[-103.33099,25.71788],[-103.33102,25.7177],[-103.33121,25.71768],[-103.33122,25.71734],[-103.33172,25.71735],[-103.33173,25.71742],[-103.33201,25.71762]]]}},{"type":"Feature","properties":{"id":103,"estado":"activa","confianza":"media","area_m2":8233,"perimetro_m":465,"largo_m":160,"ancho_m":80,"lat":25.712488,"lon":-103.321523,"municipio":"Matamoros","cerca_de":"Ejido 20 de Noviembre","dist_ref_km":14.2,"d_ciudad_km":9.1,"altura_m":1.9,"precio_m2":170,"precio_m2_min":110,"precio_m2_max":260,"valor":1400000,"valor_min":910000,"valor_max":2100000},"geometry":{"type":"Polygon","coordinates":[[[-103.32232,25.71227],[-103.32232,25.71254],[-103.32155,25.71254],[-103.32152,25.71281],[-103.32143,25.71282],[-103.32142,25.7129],[-103.32072,25.71289],[-103.32073,25.71244],[-103.32082,25.71242],[-103.32083,25.71226],[-103.32091,25.71224],[-103.32093,25.71217],[-103.32133,25.71217],[-103.32137,25.71226],[-103.32232,25.71227]]]}},{"type":"Feature","properties":{"id":104,"estado":"activa","confianza":"media","area_m2":5515,"perimetro_m":345,"largo_m":110,"ancho_m":70,"lat":25.718853,"lon":-103.332099,"municipio":"Matamoros","cerca_de":"Ejido 20 de Noviembre","dist_ref_km":14.3,"d_ciudad_km":9.3,"altura_m":2.1,"precio_m2":140,"precio_m2_min":90,"precio_m2_max":210,"valor":780000,"valor_min":510000,"valor_max":1200000,"grupo":77,"grupo_bloques":3,"grupo_m2":57312},"geometry":{"type":"Polygon","coordinates":[[[-103.3327,25.71853],[-103.3327,25.7188],[-103.3326,25.71883],[-103.33259,25.71898],[-103.33241,25.719],[-103.33239,25.71916],[-103.33199,25.71916],[-103.33199,25.719],[-103.3319,25.71897],[-103.33188,25.71889],[-103.3316,25.71888],[-103.3316,25.71861],[-103.33196,25.71861],[-103.332,25.71852],[-103.3327,25.71853]]]}},{"type":"Feature","properties":{"id":105,"estado":"activa","confianza":"alta","area_m2":33903,"perimetro_m":1145,"largo_m":379,"ancho_m":207,"lat":25.587575,"lon":-103.523523,"municipio":"Gómez Palacio","cerca_de":"Dolores (La Borrega)","dist_ref_km":13.3,"d_ciudad_km":0.0,"altura_m":3.1,"precio_m2":680,"precio_m2_min":440,"precio_m2_max":1010,"valor":23000000,"valor_min":15000000,"valor_max":34000000},"geometry":{"type":"Polygon","coordinates":[[[-103.52478,25.58653],[-103.52478,25.5868],[-103.52468,25.58683],[-103.52467,25.58698],[-103.52459,25.58699],[-103.52457,25.58707],[-103.52438,25.58719],[-103.52437,25.58752],[-103.52418,25.58763],[-103.52417,25.58779],[-103.52408,25.5878],[-103.52407,25.58788],[-103.52398,25.58789],[-103.52396,25.58797],[-103.52377,25.58808],[-103.52376,25.58869],[-103.52358,25.58869],[-103.52356,25.58878],[-103.52316,25.58877],[-103.52311,25.58868],[-103.52266,25.58868],[-103.52254,25.5885],[-103.52227,25.58849],[-103.52224,25.58832],[-103.52197,25.58831],[-103.52195,25.58813],[-103.52167,25.58813],[-103.52163,25.58804],[-103.52138,25.58803],[-103.52138,25.58776],[-103.52188,25.58777],[-103.522,25.58794],[-103.52227,25.58795],[-103.52231,25.58804],[-103.52254,25.58804],[-103.52257,25.58777],[-103.52277,25.58775],[-103.52278,25.5875],[-103.52336,25.58749],[-103.52338,25.58724],[-103.52357,25.58712],[-103.52358,25.58679],[-103.52367,25.58678],[-103.52368,25.5867],[-103.52376,25.58669],[-103.52378,25.58661],[-103.52397,25.58651],[-103.52398,25.58643],[-103.52428,25.58644],[-103.52433,25.58653],[-103.52478,25.58653]]]}},{"type":"Feature","properties":{"id":106,"estado":"activa","confianza":"alta","area_m2":18334,"perimetro_m":848,"largo_m":273,"ancho_m":132,"lat":25.629906,"lon":-103.521606,"municipio":"Gómez Palacio","cerca_de":"El Vergel","dist_ref_km":13.4,"d_ciudad_km":1.7,"altura_m":1.3,"precio_m2":430,"precio_m2_min":280,"precio_m2_max":650,"valor":7900000,"valor_min":5100000,"valor_max":12000000},"geometry":{"type":"Polygon","coordinates":[[[-103.52245,25.63057],[-103.52244,25.63084],[-103.52236,25.63085],[-103.52214,25.63111],[-103.52184,25.6311],[-103.52185,25.63051],[-103.52175,25.63047],[-103.52173,25.63039],[-103.52095,25.63037],[-103.52094,25.63029],[-103.52086,25.63028],[-103.52086,25.63001],[-103.52126,25.62997],[-103.52125,25.62967],[-103.52086,25.62965],[-103.52085,25.62957],[-103.52076,25.62956],[-103.52077,25.62929],[-103.52106,25.62926],[-103.52107,25.62884],[-103.52147,25.62884],[-103.52148,25.62892],[-103.52167,25.62902],[-103.52166,25.62944],[-103.52186,25.62948],[-103.52186,25.6298],[-103.52196,25.62984],[-103.52196,25.63017],[-103.52215,25.63029],[-103.52217,25.63037],[-103.52225,25.63038],[-103.52227,25.63046],[-103.52235,25.63048],[-103.52236,25.63056],[-103.52245,25.63057]]]}},{"type":"Feature","properties":{"id":107,"estado":"activa","confianza":"alta","area_m2":13389,"perimetro_m":608,"largo_m":236,"ancho_m":76,"lat":25.527479,"lon":-103.503063,"municipio":"Lerdo","cerca_de":"Álvaro Obregón","dist_ref_km":13.8,"d_ciudad_km":0.7,"altura_m":2.7,"precio_m2":610,"precio_m2_min":400,"precio_m2_max":920,"valor":8200000,"valor_min":5300000,"valor_max":12000000},"geometry":{"type":"Polygon","coordinates":[[[-103.50421,25.5271],[-103.50421,25.52764],[-103.50315,25.52763],[-103.50311,25.52772],[-103.50293,25.52773],[-103.50291,25.5278],[-103.50221,25.5278],[-103.50209,25.52762],[-103.50192,25.52761],[-103.50192,25.52734],[-103.50201,25.52733],[-103.50202,25.52725],[-103.50238,25.52726],[-103.50242,25.52717],[-103.50318,25.52717],[-103.50322,25.52709],[-103.50352,25.52709],[-103.50356,25.52718],[-103.50387,25.52718],[-103.50391,25.52709],[-103.50421,25.5271]]]}},{"type":"Feature","properties":{"id":108,"estado":"activa","confianza":"media","area_m2":9834,"perimetro_m":457,"largo_m":141,"ancho_m":106,"lat":25.719816,"lon":-103.330386,"municipio":"Matamoros","cerca_de":"Ejido 20 de Noviembre","dist_ref_km":14.5,"d_ciudad_km":9.4,"altura_m":0.8,"precio_m2":140,"precio_m2_min":90,"precio_m2_max":210,"valor":1400000,"valor_min":910000,"valor_max":2100000},"geometry":{"type":"Polygon","coordinates":[[[-103.33099,25.71969],[-103.33099,25.71996],[-103.33052,25.71995],[-103.33049,25.72004],[-103.33039,25.72007],[-103.33038,25.72022],[-103.33008,25.72022],[-103.33007,25.72014],[-103.32979,25.71994],[-103.32978,25.71969],[-103.32959,25.71967],[-103.3296,25.7194],[-103.32968,25.71939],[-103.3298,25.71922],[-103.3302,25.71923],[-103.33024,25.71932],[-103.3306,25.71932],[-103.33061,25.71949],[-103.33079,25.7195],[-103.33082,25.71968],[-103.33099,25.71969]]]}},{"type":"Feature","properties":{"id":109,"estado":"activa","confianza":"alta","area_m2":104546,"perimetro_m":1471,"largo_m":484,"ancho_m":263,"lat":25.545343,"lon":-103.269673,"municipio":"Matamoros","cerca_de":"Ejido Santo Tomas","dist_ref_km":13.8,"d_ciudad_km":3.0,"altura_m":4.7,"precio_m2":250,"precio_m2_min":160,"precio_m2_max":370,"valor":26000000,"valor_min":17000000,"valor_max":38000000,"grupo":83,"grupo_bloques":2,"grupo_m2":111566},"geometry":{"type":"Polygon","coordinates":[[[-103.27232,25.54459],[-103.27232,25.54495],[-103.27223,25.54496],[-103.27211,25.54513],[-103.27182,25.54515],[-103.27181,25.54548],[-103.27171,25.54552],[-103.2717,25.54611],[-103.27161,25.54613],[-103.2716,25.54629],[-103.27151,25.54631],[-103.2713,25.54656],[-103.27,25.54655],[-103.26996,25.54636],[-103.26861,25.54635],[-103.2686,25.54627],[-103.26842,25.54626],[-103.26838,25.54617],[-103.26792,25.54616],[-103.26789,25.54607],[-103.26752,25.54606],[-103.26751,25.54599],[-103.26742,25.54597],[-103.26743,25.54561],[-103.26753,25.54557],[-103.26753,25.5452],[-103.26744,25.54516],[-103.26744,25.54489],[-103.26752,25.54488],[-103.26754,25.5448],[-103.26774,25.54468],[-103.26775,25.54399],[-103.26904,25.54401],[-103.26906,25.54409],[-103.26924,25.5441],[-103.26928,25.54419],[-103.27034,25.5442],[-103.27037,25.54429],[-103.27083,25.5443],[-103.27087,25.54439],[-103.27133,25.54439],[-103.27136,25.54448],[-103.27182,25.54449],[-103.27187,25.54458],[-103.27232,25.54459]]]}},{"type":"Feature","properties":{"id":110,"estado":"activa","confianza":"media","area_m2":7020,"perimetro_m":401,"largo_m":140,"ancho_m":60,"lat":25.54389,"lon":-103.266857,"municipio":"Matamoros","cerca_de":"Ejido Santo Tomas","dist_ref_km":14.1,"d_ciudad_km":3.4,"altura_m":0.5,"precio_m2":300,"precio_m2_min":195,"precio_m2_max":450,"valor":2100000,"valor_min":1400000,"valor_max":3200000,"grupo":83,"grupo_bloques":2,"grupo_m2":111566},"geometry":{"type":"Polygon","coordinates":[[[-103.26755,25.54381],[-103.26755,25.54408],[-103.26747,25.54409],[-103.26745,25.54417],[-103.26705,25.54416],[-103.267,25.54407],[-103.26669,25.54407],[-103.26665,25.54416],[-103.26626,25.54415],[-103.26625,25.544],[-103.26616,25.54397],[-103.26616,25.54361],[-103.26696,25.54362],[-103.26699,25.54371],[-103.26736,25.54372],[-103.26738,25.5438],[-103.26755,25.54381]]]}},{"type":"Feature","properties":{"id":111,"estado":"desmontada","confianza":"alta","area_m2":63197,"perimetro_m":1308,"largo_m":354,"ancho_m":291,"lat":25.637377,"lon":-103.526173,"municipio":"Gómez Palacio","cerca_de":"El Vergel","dist_ref_km":14.0,"d_ciudad_km":2.3,"altura_m":2.7,"precio_m2":290,"precio_m2_min":190,"precio_m2_max":430,"valor":18000000,"valor_min":12000000,"valor_max":27000000},"geometry":{"type":"Polygon","coordinates":[[[-103.52774,25.63766],[-103.52773,25.6382],[-103.52764,25.63822],[-103.52763,25.63829],[-103.52727,25.63829],[-103.52723,25.63838],[-103.52696,25.63838],[-103.52683,25.63856],[-103.52664,25.63857],[-103.52663,25.63873],[-103.52645,25.63874],[-103.52643,25.63882],[-103.52576,25.63882],[-103.52573,25.63918],[-103.52543,25.63917],[-103.52541,25.63901],[-103.52523,25.63899],[-103.52523,25.63883],[-103.52513,25.63881],[-103.52513,25.63848],[-103.52504,25.63845],[-103.52504,25.63809],[-103.52514,25.63804],[-103.52515,25.63767],[-103.52505,25.63764],[-103.52506,25.637],[-103.52515,25.63698],[-103.52516,25.63682],[-103.52524,25.63681],[-103.52526,25.63673],[-103.52544,25.63673],[-103.52546,25.63665],[-103.52595,25.63662],[-103.52596,25.63614],[-103.52576,25.63611],[-103.52575,25.63603],[-103.52567,25.63602],[-103.52567,25.63566],[-103.52575,25.63564],[-103.52577,25.63557],[-103.52617,25.63557],[-103.52618,25.63565],[-103.52637,25.63575],[-103.52637,25.63592],[-103.52646,25.63593],[-103.52647,25.63601],[-103.52656,25.63603],[-103.52657,25.6361],[-103.52666,25.63612],[-103.52667,25.63619],[-103.52676,25.63621],[-103.52687,25.63638],[-103.52696,25.63639],[-103.52695,25.6369],[-103.52715,25.63693],[-103.52716,25.63701],[-103.52725,25.63703],[-103.52725,25.63737],[-103.52734,25.63739],[-103.52735,25.63746],[-103.52744,25.63748],[-103.52756,25.63765],[-103.52774,25.63766]]]}},{"type":"Feature","properties":{"id":112,"estado":"activa","confianza":"alta","area_m2":37075,"perimetro_m":1391,"largo_m":380,"ancho_m":280,"lat":25.579327,"lon":-103.250421,"municipio":"Matamoros","cerca_de":"Corona","dist_ref_km":14.5,"d_ciudad_km":6.2,"altura_m":3.8,"precio_m2":150,"precio_m2_min":100,"precio_m2_max":230,"valor":5600000,"valor_min":3600000,"valor_max":8400000},"geometry":{"type":"Polygon","coordinates":[[[-103.25352,25.57849],[-103.25351,25.57894],[-103.25343,25.57895],[-103.25341,25.57903],[-103.25291,25.57902],[-103.2528,25.57885],[-103.25262,25.57884],[-103.25249,25.57866],[-103.25202,25.57865],[-103.25199,25.57838],[-103.25176,25.57838],[-103.25173,25.57847],[-103.25135,25.57847],[-103.25123,25.57864],[-103.25114,25.57866],[-103.25113,25.57873],[-103.25103,25.57875],[-103.25102,25.57891],[-103.25094,25.57892],[-103.25092,25.579],[-103.25072,25.57903],[-103.25071,25.57968],[-103.25091,25.57972],[-103.25091,25.58008],[-103.25082,25.5801],[-103.2508,25.58026],[-103.25072,25.58027],[-103.2507,25.58035],[-103.25041,25.58035],[-103.2504,25.58019],[-103.25031,25.58017],[-103.25031,25.57983],[-103.25021,25.5798],[-103.25021,25.57964],[-103.25012,25.57962],[-103.25013,25.57885],[-103.24993,25.57872],[-103.24993,25.57839],[-103.24984,25.57835],[-103.24983,25.57819],[-103.24974,25.57817],[-103.24975,25.57781],[-103.25024,25.57782],[-103.25029,25.57791],[-103.25114,25.57792],[-103.25115,25.578],[-103.25134,25.57801],[-103.25137,25.5781],[-103.25203,25.57811],[-103.25206,25.5782],[-103.25263,25.57821],[-103.25267,25.5783],[-103.25332,25.57831],[-103.25334,25.57838],[-103.25352,25.57849]]]}},{"type":"Feature","properties":{"id":113,"estado":"activa","confianza":"alta","area_m2":30524,"perimetro_m":1119,"largo_m":306,"ancho_m":186,"lat":25.733375,"lon":-103.332735,"municipio":"Francisco I. Madero","cerca_de":"San Esteban de Egipto","dist_ref_km":15.8,"d_ciudad_km":10.7,"altura_m":0.7,"precio_m2":115,"precio_m2_min":75,"precio_m2_max":170,"valor":3400000,"valor_min":2200000,"valor_max":5200000},"geometry":{"type":"Polygon","coordinates":[[[-103.33359,25.73344],[-103.33358,25.7338],[-103.33318,25.73379],[-103.33317,25.73354],[-103.3329,25.73353],[-103.33289,25.73376],[-103.33298,25.73379],[-103.33298,25.73433],[-103.33269,25.73434],[-103.33268,25.73451],[-103.33258,25.73454],[-103.33257,25.73469],[-103.33227,25.73469],[-103.33228,25.73445],[-103.33218,25.73441],[-103.33218,25.73414],[-103.33228,25.73411],[-103.33229,25.73383],[-103.33219,25.73378],[-103.33219,25.73354],[-103.33199,25.73342],[-103.33199,25.73317],[-103.3318,25.73306],[-103.3318,25.73263],[-103.33131,25.7326],[-103.33131,25.73233],[-103.3316,25.73232],[-103.33161,25.73206],[-103.33221,25.73207],[-103.33221,25.73222],[-103.33231,25.73225],[-103.33235,25.73234],[-103.3332,25.73235],[-103.3332,25.73262],[-103.33312,25.73263],[-103.3331,25.73271],[-103.33291,25.73272],[-103.3329,25.73295],[-103.3331,25.73298],[-103.33313,25.73307],[-103.33329,25.73307],[-103.33331,25.73315],[-103.33339,25.73317],[-103.3334,25.73333],[-103.33359,25.73344]]]}},{"type":"Feature","properties":{"id":114,"estado":"activa","confianza":"alta","area_m2":13718,"perimetro_m":576,"largo_m":180,"ancho_m":120,"lat":25.55215,"lon":-103.255393,"municipio":"Matamoros","cerca_de":"Ejido Santo Tomas","dist_ref_km":14.8,"d_ciudad_km":4.8,"altura_m":5.8,"precio_m2":240,"precio_m2_min":155,"precio_m2_max":350,"valor":3200000,"valor_min":2100000,"valor_max":4800000},"geometry":{"type":"Polygon","coordinates":[[[-103.2559,25.55143],[-103.25589,25.55234],[-103.2558,25.55235],[-103.25579,25.55252],[-103.25569,25.55255],[-103.25568,25.55306],[-103.25508,25.55305],[-103.25507,25.55279],[-103.25469,25.55277],[-103.25469,25.55241],[-103.25489,25.55238],[-103.2549,25.55196],[-103.25507,25.55196],[-103.2551,25.55188],[-103.25538,25.55187],[-103.2554,25.55179],[-103.25549,25.55176],[-103.2555,25.55161],[-103.2556,25.55158],[-103.2556,25.55143],[-103.2559,25.55143]]]}},{"type":"Feature","properties":{"id":115,"estado":"activa","confianza":"alta","area_m2":38276,"perimetro_m":1016,"largo_m":336,"ancho_m":156,"lat":25.724475,"lon":-103.312367,"municipio":"Matamoros","cerca_de":"Santa Ana del Pilar","dist_ref_km":15.8,"d_ciudad_km":10.7,"altura_m":4.2,"precio_m2":125,"precio_m2_min":80,"precio_m2_max":185,"valor":4800000,"valor_min":3100000,"valor_max":7100000},"geometry":{"type":"Polygon","coordinates":[[[-103.31408,25.72464],[-103.31407,25.725],[-103.31369,25.72501],[-103.31367,25.72535],[-103.31358,25.72537],[-103.31357,25.72544],[-103.31317,25.72544],[-103.31317,25.72503],[-103.31313,25.72499],[-103.31282,25.72498],[-103.31277,25.72507],[-103.3126,25.72508],[-103.31257,25.72525],[-103.31217,25.72525],[-103.31216,25.72517],[-103.31198,25.72515],[-103.31195,25.72507],[-103.31168,25.72506],[-103.31156,25.72489],[-103.31138,25.72488],[-103.31127,25.72471],[-103.31109,25.72469],[-103.31107,25.72462],[-103.31089,25.72451],[-103.31089,25.72424],[-103.31099,25.7242],[-103.311,25.72379],[-103.31118,25.72378],[-103.3112,25.72361],[-103.31137,25.72361],[-103.3114,25.72352],[-103.3117,25.72353],[-103.31173,25.72361],[-103.3119,25.72362],[-103.31192,25.7237],[-103.3121,25.72371],[-103.31213,25.7238],[-103.31239,25.72381],[-103.31252,25.72398],[-103.31279,25.72399],[-103.31281,25.72407],[-103.31299,25.72408],[-103.31302,25.72417],[-103.31319,25.72418],[-103.31322,25.72426],[-103.31338,25.72427],[-103.31341,25.72436],[-103.31378,25.72436],[-103.3138,25.72444],[-103.31408,25.72464]]]}},{"type":"Feature","properties":{"id":116,"estado":"desmontada","confianza":"alta","area_m2":10699,"perimetro_m":484,"largo_m":140,"ancho_m":110,"lat":25.552658,"lon":-103.254092,"municipio":"Matamoros","cerca_de":"Ejido Santo Tomas","dist_ref_km":14.9,"d_ciudad_km":4.9,"altura_m":2.6,"precio_m2":210,"precio_m2_min":135,"precio_m2_max":310,"valor":2200000,"valor_min":1500000,"valor_max":3400000},"geometry":{"type":"Polygon","coordinates":[[[-103.25478,25.55296],[-103.25478,25.55332],[-103.25388,25.55331],[-103.25388,25.55306],[-103.25369,25.55294],[-103.2537,25.55258],[-103.25378,25.55257],[-103.2538,25.55249],[-103.25399,25.55247],[-103.254,25.55222],[-103.25409,25.5522],[-103.2541,25.55204],[-103.2545,25.55205],[-103.25451,25.55213],[-103.2546,25.55214],[-103.25459,25.55241],[-103.25449,25.55245],[-103.25449,25.55273],[-103.25469,25.55286],[-103.2547,25.55294],[-103.25478,25.55296]]]}},{"type":"Feature","properties":{"id":117,"estado":"activa","confianza":"alta","area_m2":49798,"perimetro_m":1255,"largo_m":356,"ancho_m":211,"lat":25.734612,"lon":-103.328782,"municipio":"Francisco I. Madero","cerca_de":"San Esteban de Egipto","dist_ref_km":16.0,"d_ciudad_km":10.9,"altura_m":5.4,"precio_m2":105,"precio_m2_min":70,"precio_m2_max":160,"valor":5300000,"valor_min":3500000,"valor_max":8000000},"geometry":{"type":"Polygon","coordinates":[[[-103.33019,25.73394],[-103.33018,25.73448],[-103.32999,25.73451],[-103.32998,25.73493],[-103.32989,25.73494],[-103.32978,25.73511],[-103.32959,25.73513],[-103.32957,25.73547],[-103.32911,25.73547],[-103.32897,25.73564],[-103.32879,25.73565],[-103.32877,25.736],[-103.32868,25.73601],[-103.32867,25.73609],[-103.32837,25.73609],[-103.32833,25.736],[-103.32807,25.73599],[-103.32807,25.73584],[-103.32797,25.73581],[-103.32794,25.73572],[-103.32758,25.73572],[-103.32758,25.73547],[-103.32748,25.73544],[-103.32748,25.7353],[-103.32738,25.73526],[-103.32738,25.7351],[-103.32729,25.73508],[-103.32729,25.73472],[-103.32757,25.73472],[-103.32759,25.73445],[-103.32787,25.73445],[-103.32799,25.73428],[-103.32817,25.73427],[-103.3282,25.73419],[-103.32849,25.73419],[-103.3285,25.73445],[-103.32877,25.73446],[-103.32879,25.73414],[-103.32859,25.7341],[-103.3286,25.73374],[-103.32897,25.73374],[-103.3291,25.73357],[-103.32939,25.73356],[-103.3294,25.73339],[-103.32949,25.73338],[-103.3296,25.73321],[-103.3299,25.73322],[-103.32992,25.73329],[-103.33,25.73331],[-103.33,25.73358],[-103.3298,25.7336],[-103.3298,25.73391],[-103.33019,25.73394]]]}},{"type":"Feature","properties":{"id":118,"estado":"activa","confianza":"alta","area_m2":86614,"perimetro_m":1701,"largo_m":517,"ancho_m":275,"lat":25.695484,"lon":-103.27633,"municipio":"Matamoros","cerca_de":"San Antonio del Coyote","dist_ref_km":15.6,"d_ciudad_km":10.8,"altura_m":1.2,"precio_m2":300,"precio_m2_min":195,"precio_m2_max":450,"valor":26000000,"valor_min":17000000,"valor_max":39000000},"geometry":{"type":"Polygon","coordinates":[[[-103.27833,25.69479],[-103.27832,25.69533],[-103.27806,25.69533],[-103.27802,25.69542],[-103.27776,25.69542],[-103.27772,25.6955],[-103.27762,25.69554],[-103.27762,25.69593],[-103.27791,25.69596],[-103.27791,25.69641],[-103.27771,25.69652],[-103.2777,25.69686],[-103.27631,25.69684],[-103.27628,25.6963],[-103.27512,25.69629],[-103.275,25.69611],[-103.27477,25.69606],[-103.27472,25.69609],[-103.27472,25.69628],[-103.27432,25.69628],[-103.27432,25.69595],[-103.27423,25.69591],[-103.27423,25.69576],[-103.27413,25.69573],[-103.27411,25.69565],[-103.27363,25.69564],[-103.27361,25.69555],[-103.27344,25.69554],[-103.27342,25.69547],[-103.27334,25.69545],[-103.27335,25.69486],[-103.27325,25.69482],[-103.27325,25.69446],[-103.27334,25.69445],[-103.27355,25.69419],[-103.27382,25.69419],[-103.27385,25.6941],[-103.27415,25.69411],[-103.27416,25.69436],[-103.27455,25.69438],[-103.27455,25.69463],[-103.27464,25.69466],[-103.27478,25.69484],[-103.27501,25.69484],[-103.27504,25.69475],[-103.2757,25.69476],[-103.27574,25.69467],[-103.27602,25.69466],[-103.27614,25.69449],[-103.2766,25.6945],[-103.27664,25.69441],[-103.27694,25.69441],[-103.27698,25.6945],[-103.27783,25.69451],[-103.27795,25.69469],[-103.27823,25.6947],[-103.27824,25.69477],[-103.27833,25.69479]],[[-103.27493,25.69547],[-103.27522,25.69545],[-103.27521,25.69512],[-103.27488,25.69511],[-103.27484,25.6952],[-103.27455,25.69521],[-103.27454,25.69591],[-103.27481,25.69595],[-103.27483,25.69574],[-103.27493,25.69571],[-103.27493,25.69547]],[[-103.27652,25.69585],[-103.27662,25.69582],[-103.2766,25.6955],[-103.27583,25.69551],[-103.27583,25.69572],[-103.27592,25.69575],[-103.27595,25.69584],[-103.27622,25.69585],[-103.27627,25.69594],[-103.27649,25.69594],[-103.27652,25.69585]]]}},{"type":"Feature","properties":{"id":119,"estado":"activa","confianza":"alta","area_m2":33701,"perimetro_m":832,"largo_m":263,"ancho_m":145,"lat":25.748327,"lon":-103.358002,"municipio":"Gómez Palacio","cerca_de":"Villa Gregorio García","dist_ref_km":16.6,"d_ciudad_km":11.5,"altura_m":3.8,"precio_m2":110,"precio_m2_min":70,"precio_m2_max":165,"valor":3700000,"valor_min":2400000,"valor_max":5500000},"geometry":{"type":"Polygon","coordinates":[[[-103.35872,25.74718],[-103.35871,25.74772],[-103.35861,25.74776],[-103.3586,25.74871],[-103.35849,25.74875],[-103.35849,25.74904],[-103.35859,25.74907],[-103.35859,25.74943],[-103.35799,25.74942],[-103.35794,25.74933],[-103.35729,25.74933],[-103.35729,25.74909],[-103.35719,25.74905],[-103.3572,25.74851],[-103.3574,25.74847],[-103.3574,25.74819],[-103.35731,25.74815],[-103.35732,25.74707],[-103.35862,25.74708],[-103.35863,25.74716],[-103.35872,25.74718]]]}},{"type":"Feature","properties":{"id":120,"estado":"activa","confianza":"alta","area_m2":31156,"perimetro_m":1037,"largo_m":327,"ancho_m":185,"lat":25.694738,"lon":-103.512184,"municipio":"Gómez Palacio","cerca_de":"Pastor Rouaix","dist_ref_km":15.8,"d_ciudad_km":7.1,"altura_m":4.1,"precio_m2":155,"precio_m2_min":100,"precio_m2_max":230,"valor":4800000,"valor_min":3100000,"valor_max":7200000},"geometry":{"type":"Polygon","coordinates":[[[-103.51349,25.69449],[-103.51348,25.69485],[-103.51329,25.69496],[-103.51328,25.69512],[-103.5129,25.69512],[-103.51288,25.69529],[-103.51271,25.6953],[-103.51268,25.69538],[-103.51251,25.69538],[-103.51248,25.69547],[-103.51229,25.69548],[-103.51228,25.69565],[-103.51188,25.69564],[-103.51186,25.69556],[-103.51168,25.69555],[-103.51167,25.69547],[-103.51158,25.69546],[-103.51158,25.6953],[-103.51139,25.69519],[-103.51138,25.69504],[-103.51129,25.69501],[-103.51127,25.69493],[-103.51109,25.69491],[-103.51106,25.69483],[-103.51089,25.69482],[-103.51088,25.69465],[-103.51079,25.69464],[-103.51078,25.69457],[-103.5107,25.69455],[-103.51058,25.69437],[-103.5104,25.69437],[-103.51041,25.69382],[-103.51058,25.69382],[-103.51061,25.69374],[-103.511,25.69374],[-103.511,25.69406],[-103.5111,25.6941],[-103.51111,25.69427],[-103.5118,25.69429],[-103.51181,25.69437],[-103.51189,25.69438],[-103.51193,25.69465],[-103.51227,25.69465],[-103.51229,25.69457],[-103.51239,25.69454],[-103.51239,25.69439],[-103.51248,25.69437],[-103.51249,25.6943],[-103.51267,25.69429],[-103.51269,25.69421],[-103.51319,25.69421],[-103.5132,25.69429],[-103.51349,25.69449]]]}},{"type":"Feature","properties":{"id":121,"estado":"desmontada","confianza":"alta","area_m2":41119,"perimetro_m":1263,"largo_m":395,"ancho_m":199,"lat":25.551112,"lon":-103.248534,"municipio":"Matamoros","cerca_de":"Mariano Matamoros","dist_ref_km":15.5,"d_ciudad_km":5.3,"altura_m":2.8,"precio_m2":185,"precio_m2_min":120,"precio_m2_max":280,"valor":7700000,"valor_min":5000000,"valor_max":12000000},"geometry":{"type":"Polygon","coordinates":[[[-103.24986,25.54965],[-103.24985,25.5501],[-103.24975,25.55013],[-103.24975,25.55037],[-103.24965,25.55039],[-103.24964,25.55055],[-103.24956,25.55056],[-103.24954,25.55064],[-103.24946,25.55064],[-103.24944,25.55072],[-103.24925,25.55083],[-103.24924,25.55099],[-103.24895,25.55101],[-103.24894,25.55126],[-103.24884,25.5513],[-103.24883,25.55153],[-103.24873,25.55156],[-103.24873,25.5518],[-103.24863,25.55183],[-103.24863,25.55207],[-103.24843,25.55218],[-103.24842,25.55243],[-103.24833,25.55245],[-103.24832,25.55261],[-103.24792,25.5526],[-103.2479,25.55197],[-103.24746,25.55197],[-103.24743,25.55224],[-103.24693,25.55223],[-103.24692,25.55215],[-103.24674,25.55205],[-103.24674,25.5515],[-103.24684,25.55149],[-103.24685,25.55133],[-103.24693,25.55131],[-103.24695,25.55124],[-103.2475,25.55124],[-103.24755,25.55115],[-103.2481,25.55116],[-103.24814,25.55107],[-103.24833,25.55105],[-103.24835,25.55057],[-103.24825,25.55053],[-103.24826,25.55017],[-103.24861,25.55017],[-103.24866,25.55008],[-103.24883,25.55008],[-103.24886,25.54981],[-103.24904,25.54981],[-103.24916,25.54964],[-103.24986,25.54965]]]}},{"type":"Feature","properties":{"id":122,"estado":"desmontada","confianza":"alta","area_m2":10509,"perimetro_m":503,"largo_m":185,"ancho_m":85,"lat":25.599525,"lon":-103.545781,"municipio":"Gómez Palacio","cerca_de":"Dolores (La Borrega)","dist_ref_km":15.4,"d_ciudad_km":0.9,"altura_m":3.1,"precio_m2":570,"precio_m2_min":370,"precio_m2_max":860,"valor":6000000,"valor_min":3900000,"valor_max":9000000},"geometry":{"type":"Polygon","coordinates":[[[-103.54643,25.59903],[-103.54643,25.59939],[-103.54634,25.5994],[-103.54633,25.59948],[-103.54615,25.59948],[-103.54613,25.59957],[-103.54593,25.59959],[-103.54592,25.6002],[-103.54522,25.60019],[-103.54523,25.59974],[-103.54542,25.59963],[-103.54543,25.59947],[-103.54553,25.59944],[-103.54553,25.59929],[-103.54563,25.59926],[-103.54563,25.59911],[-103.54583,25.59899],[-103.54584,25.59884],[-103.54633,25.59885],[-103.54634,25.599],[-103.54643,25.59903]]]}},{"type":"Feature","properties":{"id":123,"estado":"activa","confianza":"alta","area_m2":35785,"perimetro_m":1075,"largo_m":349,"ancho_m":150,"lat":25.550349,"lon":-103.245015,"municipio":"Matamoros","cerca_de":"Mariano Matamoros","dist_ref_km":15.9,"d_ciudad_km":5.6,"altura_m":1.9,"precio_m2":220,"precio_m2_min":145,"precio_m2_max":340,"valor":8000000,"valor_min":5200000,"valor_max":12000000},"geometry":{"type":"Polygon","coordinates":[[[-103.24598,25.54906],[-103.24598,25.54933],[-103.24588,25.54937],[-103.24587,25.54987],[-103.2456,25.54987],[-103.24557,25.55005],[-103.24537,25.55008],[-103.24537,25.55057],[-103.24576,25.55059],[-103.24574,25.55185],[-103.24566,25.55187],[-103.24564,25.55194],[-103.24525,25.55194],[-103.24524,25.55168],[-103.24505,25.55167],[-103.24504,25.55159],[-103.24476,25.55139],[-103.24475,25.55096],[-103.24466,25.55094],[-103.24463,25.55085],[-103.24447,25.55085],[-103.24447,25.55039],[-103.24464,25.55039],[-103.24467,25.55031],[-103.24477,25.55026],[-103.24477,25.54997],[-103.24468,25.54995],[-103.24465,25.54986],[-103.24448,25.54985],[-103.24449,25.54931],[-103.24459,25.54928],[-103.24459,25.54877],[-103.24529,25.54878],[-103.24531,25.54886],[-103.24549,25.54887],[-103.24552,25.54896],[-103.24589,25.54897],[-103.2459,25.54904],[-103.24598,25.54906]]]}},{"type":"Feature","properties":{"id":124,"estado":"activa","confianza":"alta","area_m2":208645,"perimetro_m":3206,"largo_m":643,"ancho_m":555,"lat":25.702083,"lon":-103.272744,"municipio":"Matamoros","cerca_de":"San Antonio del Coyote","dist_ref_km":16.4,"d_ciudad_km":11.2,"altura_m":3.8,"precio_m2":270,"precio_m2_min":180,"precio_m2_max":410,"valor":57000000,"valor_min":37000000,"valor_max":86000000,"grupo":93,"grupo_bloques":2,"grupo_m2":931849},"geometry":{"type":"Polygon","coordinates":[[[-103.27845,25.7003],[-103.27844,25.70066],[-103.27825,25.70077],[-103.27824,25.70102],[-103.27807,25.70102],[-103.27804,25.70111],[-103.27795,25.70112],[-103.27794,25.70128],[-103.27784,25.70132],[-103.27783,25.70146],[-103.27764,25.70157],[-103.27763,25.70173],[-103.27744,25.70183],[-103.27743,25.702],[-103.27723,25.70211],[-103.27722,25.70227],[-103.27714,25.70228],[-103.27702,25.70245],[-103.27683,25.70247],[-103.27682,25.70272],[-103.27673,25.70274],[-103.27672,25.70289],[-103.27662,25.70293],[-103.27661,25.70307],[-103.27643,25.70318],[-103.27641,25.70334],[-103.27621,25.70346],[-103.27621,25.70361],[-103.27613,25.70362],[-103.27611,25.7037],[-103.27592,25.7038],[-103.27591,25.70388],[-103.27582,25.70389],[-103.2758,25.70406],[-103.27561,25.70417],[-103.2756,25.70442],[-103.2754,25.70454],[-103.27539,25.70478],[-103.27522,25.70478],[-103.27509,25.70495],[-103.2746,25.70495],[-103.27448,25.70477],[-103.2743,25.70476],[-103.27429,25.70468],[-103.2742,25.70467],[-103.27418,25.7045],[-103.2739,25.70449],[-103.27389,25.70441],[-103.27381,25.7044],[-103.27379,25.70422],[-103.27341,25.70421],[-103.27341,25.70397],[-103.27331,25.70394],[-103.27329,25.70376],[-103.27302,25.70375],[-103.27297,25.70366],[-103.27252,25.70366],[-103.27251,25.70358],[-103.27242,25.70357],[-103.27242,25.70341],[-103.27233,25.70338],[-103.27233,25.70311],[-103.27242,25.70309],[-103.27243,25.70293],[-103.27272,25.70292],[-103.27273,25.70276],[-103.27293,25.70264],[-103.27292,25.70241],[-103.27247,25.7024],[-103.27234,25.70257],[-103.27224,25.7026],[-103.27224,25.70275],[-103.27184,25.70275],[-103.27183,25.70222],[-103.27125,25.7022],[-103.27124,25.70204],[-103.27105,25.70193],[-103.27106,25.70165],[-103.27205,25.70167],[-103.27218,25.70184],[-103.27245,25.70185],[-103.27249,25.70194],[-103.2728,25.70195],[-103.27285,25.70186],[-103.27304,25.70183],[-103.27305,25.7015],[-103.27342,25.7015],[-103.27345,25.70132],[-103.27385,25.70133],[-103.27384,25.70169],[-103.27374,25.70173],[-103.27376,25.70195],[-103.27404,25.70196],[-103.27407,25.70205],[-103.27424,25.70205],[-103.27428,25.70223],[-103.2746,25.70224],[-103.27464,25.70215],[-103.27511,25.70215],[-103.27511,25.70189],[-103.27444,25.70187],[-103.27444,25.70145],[-103.27435,25.70142],[-103.27431,25.70133],[-103.27405,25.70133],[-103.27405,25.70106],[-103.27422,25.70106],[-103.27425,25.70097],[-103.27442,25.70097],[-103.27445,25.70088],[-103.27464,25.70087],[-103.27466,25.7007],[-103.27475,25.70067],[-103.27476,25.70052],[-103.27484,25.70052],[-103.27486,25.70044],[-103.27506,25.70032],[-103.27506,25.70001],[-103.27467,25.69998],[-103.27467,25.69971],[-103.27545,25.69971],[-103.27547,25.69945],[-103.27567,25.69942],[-103.27567,25.69918],[-103.27637,25.69919],[-103.27639,25.69955],[-103.27706,25.69956],[-103.27719,25.69974],[-103.27746,25.69974],[-103.27757,25.69991],[-103.27776,25.69993],[-103.27788,25.7001],[-103.27815,25.70011],[-103.27827,25.70029],[-103.27845,25.7003]]]}},{"type":"Feature","properties":{"id":125,"estado":"desmontada","confianza":"alta","area_m2":27817,"perimetro_m":866,"largo_m":321,"ancho_m":125,"lat":25.72868,"lon":-103.299441,"municipio":"Francisco I. Madero","cerca_de":"Ejido Nuevo León","dist_ref_km":16.9,"d_ciudad_km":11.8,"altura_m":4.2,"precio_m2":95,"precio_m2_min":65,"precio_m2_max":145,"valor":2700000,"valor_min":1800000,"valor_max":4000000},"geometry":{"type":"Polygon","coordinates":[[[-103.30117,25.72828],[-103.30116,25.72855],[-103.30108,25.72856],[-103.30106,25.72864],[-103.30078,25.72865],[-103.30076,25.729],[-103.30067,25.72902],[-103.30066,25.72918],[-103.30057,25.72919],[-103.30056,25.72926],[-103.30006,25.72926],[-103.30001,25.72917],[-103.29936,25.72916],[-103.29934,25.72908],[-103.29916,25.72907],[-103.29913,25.72898],[-103.29877,25.72897],[-103.29863,25.72879],[-103.29817,25.72879],[-103.29816,25.72871],[-103.29797,25.7286],[-103.29798,25.72833],[-103.29806,25.72832],[-103.29808,25.72824],[-103.29836,25.72824],[-103.29848,25.72807],[-103.29938,25.72808],[-103.2994,25.72816],[-103.29967,25.72817],[-103.29969,25.72825],[-103.29987,25.72826],[-103.29992,25.72835],[-103.30034,25.72836],[-103.30047,25.72818],[-103.30087,25.72819],[-103.3009,25.72827],[-103.30117,25.72828]]]}},{"type":"Feature","properties":{"id":126,"estado":"activa","confianza":"alta","area_m2":81433,"perimetro_m":1496,"largo_m":451,"ancho_m":235,"lat":25.731326,"lon":-103.296245,"municipio":"Francisco I. Madero","cerca_de":"Ejido Nuevo León","dist_ref_km":17.3,"d_ciudad_km":12.1,"altura_m":5.7,"precio_m2":125,"precio_m2_min":80,"precio_m2_max":185,"valor":10000000,"valor_min":6500000,"valor_max":15000000},"geometry":{"type":"Polygon","coordinates":[[[-103.29816,25.7296],[-103.29815,25.73023],[-103.29806,25.73025],[-103.29805,25.73041],[-103.29795,25.73044],[-103.29794,25.73077],[-103.29786,25.73078],[-103.29774,25.73095],[-103.29738,25.73094],[-103.29734,25.73103],[-103.29714,25.73106],[-103.29715,25.73137],[-103.29724,25.73139],[-103.29736,25.73157],[-103.29753,25.73158],[-103.29753,25.73194],[-103.29728,25.73197],[-103.29733,25.73203],[-103.29732,25.73257],[-103.29723,25.73259],[-103.29722,25.73275],[-103.29674,25.73275],[-103.29671,25.7331],[-103.29663,25.73311],[-103.29661,25.73319],[-103.29582,25.73318],[-103.29578,25.733],[-103.29512,25.73299],[-103.29512,25.73272],[-103.29521,25.73271],[-103.29523,25.73263],[-103.29562,25.7326],[-103.29561,25.73229],[-103.29523,25.73227],[-103.29524,25.73173],[-103.29534,25.7317],[-103.29534,25.73128],[-103.29544,25.73125],[-103.29545,25.73092],[-103.29554,25.7309],[-103.29555,25.73074],[-103.29563,25.73073],[-103.29565,25.73065],[-103.29585,25.73053],[-103.29586,25.73011],[-103.29596,25.73007],[-103.29597,25.72966],[-103.29605,25.72965],[-103.29627,25.7294],[-103.29736,25.72941],[-103.2975,25.72959],[-103.29816,25.7296]]]}},{"type":"Feature","properties":{"id":127,"estado":"activa","confianza":"alta","area_m2":723204,"perimetro_m":6495,"largo_m":1474,"ancho_m":814,"lat":25.709896,"lon":-103.269934,"municipio":"Matamoros","cerca_de":"San Antonio del Coyote","dist_ref_km":17.2,"d_ciudad_km":11.8,"altura_m":3.2,"precio_m2":240,"precio_m2_min":155,"precio_m2_max":350,"valor":170000000,"valor_min":110000000,"valor_max":260000000,"grupo":93,"grupo_bloques":2,"grupo_m2":931849},"geometry":{"type":"Polygon","coordinates":[[[-103.27479,25.70522],[-103.27479,25.70558],[-103.27459,25.70569],[-103.27458,25.70585],[-103.2744,25.70595],[-103.27438,25.70612],[-103.27418,25.70623],[-103.27418,25.70639],[-103.27398,25.7064],[-103.27397,25.70665],[-103.27378,25.70676],[-103.27377,25.70692],[-103.27338,25.70694],[-103.27337,25.70719],[-103.27317,25.70731],[-103.27316,25.70791],[-103.27307,25.70792],[-103.27306,25.708],[-103.27286,25.70803],[-103.27285,25.70854],[-103.27255,25.70857],[-103.27254,25.70904],[-103.27274,25.70908],[-103.27274,25.70935],[-103.27265,25.70936],[-103.27264,25.70944],[-103.27234,25.70946],[-103.27233,25.71007],[-103.27223,25.7101],[-103.27222,25.71056],[-103.27236,25.7107],[-103.27272,25.7107],[-103.27274,25.71079],[-103.27292,25.71079],[-103.2729,25.71188],[-103.2728,25.7119],[-103.2728,25.71224],[-103.2727,25.71227],[-103.27269,25.71287],[-103.27231,25.71287],[-103.27229,25.71304],[-103.27149,25.71303],[-103.27148,25.71296],[-103.27129,25.71285],[-103.27128,25.71269],[-103.2712,25.71267],[-103.27121,25.71186],[-103.2714,25.71175],[-103.2714,25.71152],[-103.27131,25.7115],[-103.27127,25.71141],[-103.26994,25.7114],[-103.26991,25.71175],[-103.26982,25.71177],[-103.26981,25.71193],[-103.26971,25.71197],[-103.2697,25.71274],[-103.26961,25.71276],[-103.2696,25.71292],[-103.2692,25.71292],[-103.26918,25.71247],[-103.26875,25.71246],[-103.26871,25.7125],[-103.2687,25.71324],[-103.26889,25.71328],[-103.26888,25.71409],[-103.26878,25.71412],[-103.26877,25.71481],[-103.26867,25.71484],[-103.26867,25.71513],[-103.26871,25.71517],[-103.26937,25.71518],[-103.26936,25.71554],[-103.26926,25.71558],[-103.26925,25.71617],[-103.26917,25.71618],[-103.26915,25.71626],[-103.26756,25.71624],[-103.26752,25.71615],[-103.26706,25.71614],[-103.26707,25.71537],[-103.26687,25.71524],[-103.26687,25.71508],[-103.26678,25.71505],[-103.26678,25.71478],[-103.26706,25.71478],[-103.26708,25.71455],[-103.26688,25.71451],[-103.26687,25.71444],[-103.26669,25.71433],[-103.26668,25.71407],[-103.26639,25.71406],[-103.26635,25.71397],[-103.26612,25.71397],[-103.26609,25.71441],[-103.26549,25.71441],[-103.26546,25.71432],[-103.26509,25.71431],[-103.26506,25.71422],[-103.26479,25.71422],[-103.2648,25.71395],[-103.2649,25.71391],[-103.26491,25.71314],[-103.265,25.71312],[-103.26501,25.71296],[-103.26511,25.71292],[-103.26512,25.71242],[-103.26542,25.71242],[-103.26556,25.7126],[-103.26627,25.71261],[-103.26642,25.71243],[-103.26651,25.71241],[-103.26652,25.71225],[-103.26672,25.71222],[-103.26673,25.71108],[-103.26693,25.71106],[-103.26693,25.71075],[-103.26657,25.71072],[-103.26654,25.71081],[-103.26644,25.71084],[-103.26644,25.71099],[-103.26634,25.71101],[-103.26633,25.71117],[-103.26594,25.71116],[-103.26593,25.71082],[-103.26584,25.7108],[-103.26581,25.71071],[-103.26554,25.71071],[-103.26555,25.71026],[-103.26564,25.71024],[-103.26565,25.71017],[-103.26615,25.71017],[-103.26617,25.71026],[-103.26635,25.71027],[-103.26638,25.71044],[-103.2668,25.71045],[-103.26684,25.71036],[-103.26703,25.71035],[-103.26704,25.71027],[-103.26732,25.71027],[-103.26735,25.7101],[-103.26755,25.70997],[-103.26752,25.70974],[-103.2669,25.70973],[-103.26685,25.70982],[-103.26655,25.70982],[-103.26655,25.70966],[-103.26646,25.70963],[-103.26643,25.70955],[-103.26586,25.70954],[-103.26586,25.70927],[-103.26606,25.70923],[-103.26607,25.70873],[-103.26616,25.70871],[-103.26617,25.70864],[-103.26636,25.70863],[-103.26637,25.70855],[-103.26647,25.70853],[-103.26647,25.70837],[-103.26656,25.70836],[-103.26658,25.70828],[-103.26697,25.70825],[-103.26694,25.70802],[-103.26671,25.70802],[-103.26668,25.7081],[-103.26628,25.7081],[-103.26628,25.70768],[-103.26609,25.70755],[-103.26609,25.70719],[-103.26619,25.70716],[-103.2662,25.70683],[-103.26629,25.70681],[-103.2663,25.70656],[-103.2664,25.70653],[-103.26641,25.70602],[-103.26649,25.70601],[-103.26651,25.70593],[-103.26671,25.70581],[-103.26671,25.7056],[-103.26661,25.70557],[-103.26662,25.70512],[-103.26671,25.70511],[-103.26672,25.70503],[-103.26702,25.705],[-103.26702,25.7047],[-103.26683,25.70458],[-103.26683,25.70413],[-103.26749,25.70414],[-103.26753,25.70405],[-103.26771,25.70404],[-103.26773,25.70396],[-103.26859,25.70397],[-103.26863,25.70388],[-103.269,25.70388],[-103.26903,25.7038],[-103.26989,25.70381],[-103.26993,25.70363],[-103.27049,25.70363],[-103.27053,25.70354],[-103.27083,25.70355],[-103.27087,25.70364],[-103.27118,25.70364],[-103.27133,25.70346],[-103.27183,25.70347],[-103.27186,25.70365],[-103.27242,25.70366],[-103.27243,25.70373],[-103.27252,25.70375],[-103.27253,25.70392],[-103.27262,25.70393],[-103.27265,25.70402],[-103.27291,25.70402],[-103.27293,25.7041],[-103.27301,25.70412],[-103.27302,25.70427],[-103.27311,25.7043],[-103.27313,25.70438],[-103.27331,25.70439],[-103.27344,25.70457],[-103.2738,25.70458],[-103.27383,25.70475],[-103.2742,25.70476],[-103.27422,25.70485],[-103.2744,25.70485],[-103.27452,25.70503],[-103.27469,25.70504],[-103.2747,25.70519],[-103.27479,25.70522]],[[-103.27096,25.70833],[-103.27134,25.70833],[-103.27136,25.7081],[-103.27091,25.70806],[-103.27086,25.70815],[-103.27056,25.70815],[-103.27057,25.7077],[-103.27066,25.70768],[-103.27067,25.70752],[-103.27077,25.70748],[-103.27074,25.70725],[-103.2699,25.70725],[-103.26987,25.70787],[-103.26951,25.70787],[-103.26947,25.70795],[-103.26857,25.70798],[-103.26858,25.70857],[-103.26886,25.70858],[-103.2689,25.70867],[-103.26926,25.70867],[-103.26928,25.70875],[-103.26946,25.70877],[-103.2695,25.70886],[-103.27015,25.70887],[-103.27019,25.70923],[-103.27054,25.70921],[-103.27056,25.70869],[-103.27084,25.70868],[-103.27086,25.7086],[-103.27095,25.70857],[-103.27096,25.70833]],[[-103.26963,25.71067],[-103.26973,25.71063],[-103.26973,25.71006],[-103.26937,25.71003],[-103.26934,25.71021],[-103.26924,25.71025],[-103.26923,25.71053],[-103.26933,25.71057],[-103.26933,25.71084],[-103.26924,25.71085],[-103.26923,25.71093],[-103.26903,25.71096],[-103.26902,25.7112],[-103.26892,25.71124],[-103.26894,25.71173],[-103.26931,25.71172],[-103.26932,25.71156],[-103.26942,25.71153],[-103.26942,25.7112],[-103.26952,25.71117],[-103.26953,25.71084],[-103.26962,25.71082],[-103.26963,25.71067]]]}},{"type":"Feature","properties":{"id":128,"estado":"activa","confianza":"alta","area_m2":152799,"perimetro_m":2283,"largo_m":584,"ancho_m":416,"lat":25.747489,"lon":-103.313206,"municipio":"Francisco I. Madero","cerca_de":"Compuertas","dist_ref_km":18.0,"d_ciudad_km":12.8,"altura_m":8.3,"precio_m2":125,"precio_m2_min":80,"precio_m2_max":185,"valor":19000000,"valor_min":12000000,"valor_max":28000000},"geometry":{"type":"Polygon","coordinates":[[[-103.31563,25.74849],[-103.31563,25.74903],[-103.31554,25.74904],[-103.31553,25.74912],[-103.31457,25.74911],[-103.31453,25.74929],[-103.31373,25.74928],[-103.31369,25.7491],[-103.31259,25.74909],[-103.31253,25.74917],[-103.31079,25.74915],[-103.31074,25.74924],[-103.31037,25.74925],[-103.31024,25.74942],[-103.30984,25.74941],[-103.30985,25.74887],[-103.31004,25.74885],[-103.31005,25.74869],[-103.31014,25.74868],[-103.31015,25.74852],[-103.31025,25.74848],[-103.31025,25.74825],[-103.31091,25.74825],[-103.31095,25.74816],[-103.31112,25.74816],[-103.31115,25.74808],[-103.31135,25.74805],[-103.31136,25.74765],[-103.31116,25.74762],[-103.31116,25.74735],[-103.31137,25.74722],[-103.31136,25.74702],[-103.31127,25.74699],[-103.31128,25.74645],[-103.31176,25.74644],[-103.31178,25.74601],[-103.31187,25.74599],[-103.31188,25.74583],[-103.31197,25.74581],[-103.31209,25.74565],[-103.31324,25.74566],[-103.31328,25.74557],[-103.31408,25.74558],[-103.31409,25.74566],[-103.31418,25.74567],[-103.31418,25.746],[-103.31427,25.74604],[-103.31427,25.74618],[-103.31437,25.74622],[-103.31438,25.74638],[-103.31447,25.7464],[-103.31459,25.74658],[-103.31496,25.74659],[-103.31498,25.74666],[-103.31516,25.74677],[-103.31515,25.74727],[-103.31525,25.74731],[-103.31525,25.74767],[-103.31516,25.74768],[-103.31515,25.74776],[-103.31458,25.74776],[-103.31455,25.74784],[-103.31427,25.74785],[-103.31425,25.74793],[-103.31388,25.74793],[-103.31385,25.74817],[-103.3141,25.7482],[-103.31415,25.74811],[-103.31544,25.74813],[-103.31544,25.74846],[-103.31563,25.74849]]]}},{"type":"Feature","properties":{"id":129,"estado":"activa","confianza":"alta","area_m2":30676,"perimetro_m":860,"largo_m":252,"ancho_m":167,"lat":25.565055,"lon":-103.227346,"municipio":"Matamoros","cerca_de":"Ejido Andalucía","dist_ref_km":17.1,"d_ciudad_km":7.9,"altura_m":2.9,"precio_m2":160,"precio_m2_min":105,"precio_m2_max":240,"valor":4900000,"valor_min":3200000,"valor_max":7300000},"geometry":{"type":"Polygon","coordinates":[[[-103.22874,25.56465],[-103.22873,25.56501],[-103.22856,25.56501],[-103.22853,25.5651],[-103.22843,25.56513],[-103.22843,25.56534],[-103.22853,25.56537],[-103.22852,25.56573],[-103.22825,25.56573],[-103.22822,25.56591],[-103.22782,25.5659],[-103.22781,25.56582],[-103.22763,25.56581],[-103.22759,25.56572],[-103.22663,25.56571],[-103.22659,25.56562],[-103.22624,25.56561],[-103.22624,25.56537],[-103.22614,25.56534],[-103.22614,25.56498],[-103.22624,25.56496],[-103.22625,25.5648],[-103.22683,25.56479],[-103.22685,25.56427],[-103.22715,25.56427],[-103.22717,25.56444],[-103.22765,25.56446],[-103.22766,25.56454],[-103.22784,25.56455],[-103.22788,25.56464],[-103.22874,25.56465]]]}},{"type":"Feature","properties":{"id":130,"estado":"activa","confianza":"alta","area_m2":189001,"perimetro_m":3485,"largo_m":760,"ancho_m":580,"lat":25.753481,"lon":-103.317499,"municipio":"Francisco I. Madero","cerca_de":"Compuertas","dist_ref_km":18.4,"d_ciudad_km":13.2,"altura_m":4.4,"precio_m2":115,"precio_m2_min":75,"precio_m2_max":175,"valor":22000000,"valor_min":14000000,"valor_max":33000000},"geometry":{"type":"Polygon","coordinates":[[[-103.32075,25.75315],[-103.32074,25.75414],[-103.32054,25.75426],[-103.32053,25.7545],[-103.31938,25.75449],[-103.31934,25.75458],[-103.31854,25.75457],[-103.31851,25.75448],[-103.31829,25.75448],[-103.31824,25.75457],[-103.31794,25.75456],[-103.31792,25.75448],[-103.31774,25.75447],[-103.31773,25.7544],[-103.31764,25.75438],[-103.31752,25.7542],[-103.3172,25.75419],[-103.31715,25.75428],[-103.31705,25.75431],[-103.31704,25.75455],[-103.31658,25.75455],[-103.31644,25.75473],[-103.31614,25.75472],[-103.31602,25.75455],[-103.31577,25.75455],[-103.31575,25.75478],[-103.31594,25.7549],[-103.31593,25.75598],[-103.31443,25.75597],[-103.31442,25.75589],[-103.31433,25.75588],[-103.31435,25.75492],[-103.31425,25.75488],[-103.31423,25.75481],[-103.31396,25.75481],[-103.31394,25.75533],[-103.31386,25.75534],[-103.31384,25.75542],[-103.31344,25.75541],[-103.31344,25.7549],[-103.31315,25.75487],[-103.31316,25.75424],[-103.31345,25.75422],[-103.31346,25.75397],[-103.31356,25.75394],[-103.31357,25.75361],[-103.31424,25.75361],[-103.31427,25.75326],[-103.31437,25.75322],[-103.31437,25.75293],[-103.31428,25.7529],[-103.31414,25.75272],[-103.31379,25.75273],[-103.31377,25.75307],[-103.31338,25.75307],[-103.31339,25.75216],[-103.31347,25.75215],[-103.31349,25.75207],[-103.31395,25.75208],[-103.31399,25.75199],[-103.31497,25.75199],[-103.31499,25.75182],[-103.31509,25.75178],[-103.3151,25.75132],[-103.315,25.75128],[-103.315,25.75101],[-103.31509,25.751],[-103.3153,25.75074],[-103.3156,25.75075],[-103.31562,25.75082],[-103.3158,25.75093],[-103.31578,25.75233],[-103.31588,25.75237],[-103.31587,25.75315],[-103.31597,25.75319],[-103.316,25.75327],[-103.31692,25.75329],[-103.31696,25.7532],[-103.31816,25.75321],[-103.31819,25.7533],[-103.31843,25.7533],[-103.31846,25.75322],[-103.31866,25.7531],[-103.31866,25.7528],[-103.31817,25.75276],[-103.31817,25.7524],[-103.31846,25.75239],[-103.31847,25.75213],[-103.31856,25.75212],[-103.31858,25.75204],[-103.31977,25.75206],[-103.31978,25.75213],[-103.31987,25.75215],[-103.31987,25.75247],[-103.31996,25.75251],[-103.31996,25.75284],[-103.32006,25.75287],[-103.32007,25.75304],[-103.32016,25.75305],[-103.32019,25.75314],[-103.32075,25.75315]],[[-103.3149,25.75335],[-103.31517,25.75332],[-103.31517,25.75312],[-103.31497,25.75299],[-103.31498,25.7523],[-103.31472,25.75227],[-103.31467,25.75295],[-103.31477,25.75299],[-103.31477,25.75323],[-103.31487,25.75326],[-103.3149,25.75335]]]}},{"type":"Feature","properties":{"id":131,"estado":"activa","confianza":"alta","area_m2":222293,"perimetro_m":3438,"largo_m":1320,"ancho_m":310,"lat":25.651329,"lon":-103.558299,"municipio":"Gómez Palacio","cerca_de":"La Cantabra","dist_ref_km":17.5,"d_ciudad_km":5.4,"altura_m":5.3,"precio_m2":135,"precio_m2_min":90,"precio_m2_max":200,"valor":30000000,"valor_min":20000000,"valor_max":45000000},"geometry":{"type":"Polygon","coordinates":[[[-103.5604,25.65451],[-103.56039,25.65514],[-103.56031,25.65515],[-103.56029,25.65523],[-103.56021,25.65524],[-103.56019,25.65532],[-103.56011,25.65533],[-103.56009,25.65541],[-103.56001,25.65542],[-103.55999,25.6555],[-103.5598,25.6556],[-103.55979,25.65568],[-103.5596,25.65569],[-103.55959,25.65595],[-103.5595,25.65596],[-103.55949,25.65604],[-103.55931,25.65604],[-103.55929,25.65612],[-103.55921,25.65613],[-103.55919,25.65621],[-103.559,25.65632],[-103.55898,25.65639],[-103.5588,25.6564],[-103.55878,25.65648],[-103.5586,25.65659],[-103.55858,25.65666],[-103.5583,25.65667],[-103.55828,25.65684],[-103.5582,25.65685],[-103.55818,25.65693],[-103.5581,25.65694],[-103.55808,25.65702],[-103.55789,25.65712],[-103.55788,25.65728],[-103.55748,25.65728],[-103.55748,25.65712],[-103.55738,25.6571],[-103.55741,25.65497],[-103.55731,25.65493],[-103.55732,25.65403],[-103.55742,25.65399],[-103.55743,25.65313],[-103.55763,25.65308],[-103.55762,25.65287],[-103.55743,25.65286],[-103.55745,25.65145],[-103.55735,25.65141],[-103.55735,25.65114],[-103.55745,25.6511],[-103.55746,25.65028],[-103.55737,25.65024],[-103.55737,25.64979],[-103.55747,25.64974],[-103.55752,25.64536],[-103.55802,25.64537],[-103.55804,25.64545],[-103.55812,25.64546],[-103.55813,25.64563],[-103.55832,25.64564],[-103.55832,25.6458],[-103.55841,25.64582],[-103.55842,25.64607],[-103.55861,25.64619],[-103.55863,25.64627],[-103.55871,25.64628],[-103.5587,25.6466],[-103.5588,25.64664],[-103.55879,25.64742],[-103.55889,25.64745],[-103.5589,25.64762],[-103.55909,25.64773],[-103.5591,25.64789],[-103.55919,25.64791],[-103.55918,25.64818],[-103.5591,25.64819],[-103.55908,25.64827],[-103.55881,25.64827],[-103.55868,25.64844],[-103.55822,25.64844],[-103.55818,25.64853],[-103.55801,25.64853],[-103.55798,25.64862],[-103.55788,25.64865],[-103.55788,25.64885],[-103.55798,25.64889],[-103.55801,25.64898],[-103.55818,25.64898],[-103.5582,25.64907],[-103.55838,25.64907],[-103.55838,25.64923],[-103.55847,25.64925],[-103.55848,25.64942],[-103.55857,25.64944],[-103.55857,25.64968],[-103.55867,25.64971],[-103.55868,25.64987],[-103.55876,25.64989],[-103.55876,25.65052],[-103.55838,25.65053],[-103.55836,25.65076],[-103.55895,25.65079],[-103.55897,25.65087],[-103.55905,25.65089],[-103.55905,25.65104],[-103.55915,25.65107],[-103.55916,25.65123],[-103.55925,25.65125],[-103.55925,25.65158],[-103.55934,25.65161],[-103.55935,25.65177],[-103.55944,25.65179],[-103.55944,25.65213],[-103.55963,25.65225],[-103.55963,25.65257],[-103.55973,25.65261],[-103.55974,25.65277],[-103.55982,25.65279],[-103.55982,25.65329],[-103.56002,25.65342],[-103.56001,25.65374],[-103.56011,25.65379],[-103.56011,25.65411],[-103.56021,25.65415],[-103.56022,25.65431],[-103.5603,25.65433],[-103.56031,25.65449],[-103.5604,25.65451]]]}},{"type":"Feature","properties":{"id":132,"estado":"activa","confianza":"alta","area_m2":59003,"perimetro_m":1767,"largo_m":575,"ancho_m":227,"lat":25.729029,"lon":-103.273451,"municipio":"Francisco I. Madero","cerca_de":"Jaboncillo","dist_ref_km":18.5,"d_ciudad_km":13.3,"altura_m":3.1,"precio_m2":155,"precio_m2_min":100,"precio_m2_max":230,"valor":9100000,"valor_min":5900000,"valor_max":14000000},"geometry":{"type":"Polygon","coordinates":[[[-103.27577,25.72681],[-103.27577,25.72717],[-103.27568,25.72719],[-103.27567,25.72735],[-103.2751,25.72734],[-103.27497,25.72752],[-103.27488,25.72754],[-103.27487,25.72761],[-103.27477,25.72763],[-103.27477,25.72785],[-103.27486,25.72788],[-103.27485,25.72851],[-103.27477,25.72852],[-103.27465,25.72869],[-103.27406,25.72871],[-103.27405,25.72893],[-103.27415,25.72895],[-103.27415,25.7291],[-103.27425,25.72914],[-103.27425,25.7293],[-103.27434,25.72932],[-103.27435,25.72956],[-103.27444,25.72959],[-103.27446,25.72977],[-103.27474,25.72977],[-103.27473,25.73004],[-103.27464,25.73007],[-103.27463,25.73022],[-103.27443,25.73034],[-103.27442,25.73094],[-103.27423,25.73096],[-103.27422,25.73121],[-103.27393,25.73122],[-103.27391,25.73148],[-103.27361,25.73148],[-103.27362,25.73121],[-103.27381,25.73119],[-103.27382,25.73097],[-103.27342,25.73093],[-103.27339,25.73075],[-103.27303,25.73075],[-103.27303,25.73048],[-103.27311,25.73047],[-103.27313,25.73039],[-103.27321,25.73038],[-103.27323,25.7303],[-103.27343,25.73018],[-103.27344,25.72989],[-103.27324,25.72976],[-103.27322,25.72968],[-103.27314,25.72966],[-103.27312,25.72958],[-103.27304,25.72957],[-103.27303,25.72949],[-103.27295,25.72948],[-103.27293,25.7294],[-103.27285,25.72939],[-103.27283,25.72931],[-103.27275,25.7293],[-103.27275,25.72894],[-103.27285,25.72892],[-103.27286,25.72876],[-103.27312,25.72876],[-103.27326,25.72858],[-103.27335,25.72857],[-103.27336,25.7284],[-103.27344,25.72839],[-103.27346,25.72831],[-103.27354,25.72831],[-103.27356,25.72823],[-103.27376,25.72811],[-103.27377,25.72787],[-103.27396,25.72776],[-103.27397,25.7276],[-103.27415,25.72759],[-103.27417,25.72751],[-103.27425,25.7275],[-103.27427,25.72742],[-103.27435,25.72741],[-103.27437,25.72733],[-103.27445,25.72732],[-103.27447,25.72724],[-103.27455,25.72723],[-103.27457,25.72715],[-103.27476,25.72705],[-103.27478,25.72689],[-103.27486,25.72687],[-103.27498,25.72671],[-103.27515,25.7267],[-103.27518,25.72662],[-103.27568,25.72663],[-103.27568,25.72678],[-103.27577,25.72681]]]}},{"type":"Feature","properties":{"id":133,"estado":"activa","confianza":"alta","area_m2":20110,"perimetro_m":585,"largo_m":160,"ancho_m":140,"lat":25.755462,"lon":-103.309754,"municipio":"Francisco I. Madero","cerca_de":"Compuertas","dist_ref_km":18.9,"d_ciudad_km":13.9,"altura_m":0.7,"precio_m2":165,"precio_m2_min":110,"precio_m2_max":250,"valor":3300000,"valor_min":2200000,"valor_max":5000000},"geometry":{"type":"Polygon","coordinates":[[[-103.31056,25.75502],[-103.31055,25.75574],[-103.31045,25.75578],[-103.31044,25.7561],[-103.30998,25.7561],[-103.30994,25.75619],[-103.30967,25.75619],[-103.30964,25.75627],[-103.30904,25.75627],[-103.30903,25.75619],[-103.30895,25.75617],[-103.30896,25.75518],[-103.30915,25.75517],[-103.30916,25.755],[-103.31056,25.75502]]]}},{"type":"Feature","properties":{"id":134,"estado":"activa","confianza":"alta","area_m2":65866,"perimetro_m":1867,"largo_m":530,"ancho_m":311,"lat":25.506108,"lon":-103.542395,"municipio":"Lerdo","cerca_de":"El Sacrificio","dist_ref_km":18.4,"d_ciudad_km":1.1,"altura_m":1.1,"precio_m2":430,"precio_m2_min":280,"precio_m2_max":650,"valor":29000000,"valor_min":19000000,"valor_max":43000000},"geometry":{"type":"Polygon","coordinates":[[[-103.54525,25.50729],[-103.54524,25.50765],[-103.54516,25.50766],[-103.54504,25.50782],[-103.54465,25.50782],[-103.54453,25.50765],[-103.54435,25.50764],[-103.54421,25.50746],[-103.54289,25.50744],[-103.54285,25.50816],[-103.54225,25.50816],[-103.54225,25.50754],[-103.54176,25.50752],[-103.54175,25.50744],[-103.54167,25.50743],[-103.54167,25.50707],[-103.54186,25.50705],[-103.54187,25.50671],[-103.54205,25.50671],[-103.54207,25.50662],[-103.54217,25.50658],[-103.54217,25.50629],[-103.54198,25.50617],[-103.54196,25.50609],[-103.54188,25.50608],[-103.54188,25.50556],[-103.54179,25.50554],[-103.54176,25.50545],[-103.54159,25.50544],[-103.54158,25.50537],[-103.54139,25.50526],[-103.5414,25.50472],[-103.5417,25.50469],[-103.54171,25.50409],[-103.542,25.50409],[-103.54203,25.50418],[-103.5423,25.50419],[-103.54232,25.50426],[-103.5424,25.50428],[-103.54239,25.50473],[-103.54229,25.50477],[-103.54229,25.50541],[-103.54278,25.50545],[-103.54279,25.50561],[-103.54288,25.50564],[-103.54288,25.50609],[-103.54278,25.50613],[-103.54279,25.50653],[-103.54306,25.50652],[-103.54307,25.50618],[-103.54347,25.50618],[-103.54349,25.50626],[-103.54367,25.50628],[-103.5437,25.50636],[-103.54397,25.50637],[-103.544,25.50664],[-103.54423,25.50664],[-103.54426,25.50655],[-103.54476,25.50656],[-103.54488,25.50673],[-103.54506,25.50674],[-103.54506,25.50698],[-103.54515,25.50701],[-103.54516,25.50726],[-103.54525,25.50729]]]}},{"type":"Feature","properties":{"id":135,"estado":"urbanizada","confianza":"alta","area_m2":41356,"perimetro_m":1097,"largo_m":276,"ancho_m":259,"lat":25.768452,"lon":-103.32981,"municipio":"Gómez Palacio","cerca_de":"La Florida","dist_ref_km":19.5,"d_ciudad_km":14.4,"altura_m":3.3},"geometry":{"type":"Polygon","coordinates":[[[-103.33151,25.7679],[-103.33151,25.76826],[-103.33111,25.76828],[-103.3311,25.76862],[-103.331,25.76866],[-103.331,25.76898],[-103.3307,25.76897],[-103.33066,25.76888],[-103.33035,25.76888],[-103.3302,25.76906],[-103.33002,25.76906],[-103.33,25.76924],[-103.3299,25.76927],[-103.32989,25.76969],[-103.32949,25.76968],[-103.32948,25.76933],[-103.3293,25.76932],[-103.32926,25.76923],[-103.329,25.76923],[-103.32888,25.76905],[-103.3287,25.76904],[-103.32869,25.76896],[-103.32861,25.76895],[-103.3286,25.76879],[-103.32851,25.76877],[-103.32852,25.76823],[-103.32871,25.76812],[-103.32872,25.76787],[-103.32888,25.76787],[-103.32892,25.76778],[-103.32911,25.76776],[-103.32913,25.76733],[-103.32963,25.76734],[-103.32974,25.76751],[-103.32992,25.76752],[-103.33005,25.7677],[-103.33022,25.76771],[-103.33023,25.76778],[-103.33032,25.7678],[-103.33033,25.76787],[-103.33041,25.76789],[-103.33043,25.76796],[-103.33051,25.76798],[-103.33065,25.76816],[-103.33099,25.76816],[-103.33101,25.76789],[-103.33151,25.7679]]]}},{"type":"Feature","properties":{"id":136,"estado":"activa","confianza":"alta","area_m2":18387,"perimetro_m":704,"largo_m":277,"ancho_m":93,"lat":25.633854,"lon":-103.568084,"municipio":"Gómez Palacio","cerca_de":"La Cantabra","dist_ref_km":18.0,"d_ciudad_km":4.8,"altura_m":4.0,"precio_m2":200,"precio_m2_min":130,"precio_m2_max":300,"valor":3700000,"valor_min":2400000,"valor_max":5600000},"geometry":{"type":"Polygon","coordinates":[[[-103.56932,25.6332],[-103.56932,25.63356],[-103.56922,25.63358],[-103.56922,25.63374],[-103.56913,25.63375],[-103.56901,25.63392],[-103.56874,25.63392],[-103.56861,25.6341],[-103.56835,25.6341],[-103.56831,25.63418],[-103.56813,25.63419],[-103.56811,25.63427],[-103.56775,25.63427],[-103.56761,25.63445],[-103.56722,25.63444],[-103.56719,25.63436],[-103.56702,25.63435],[-103.56698,25.63426],[-103.56682,25.63426],[-103.56682,25.63399],[-103.56691,25.63398],[-103.56692,25.6339],[-103.56709,25.6339],[-103.56712,25.63381],[-103.56731,25.6338],[-103.56732,25.63372],[-103.5675,25.63372],[-103.56763,25.63354],[-103.56789,25.63354],[-103.56792,25.63346],[-103.56811,25.63345],[-103.56813,25.63337],[-103.56879,25.63337],[-103.56892,25.6332],[-103.56932,25.6332]]]}},{"type":"Feature","properties":{"id":137,"estado":"activa","confianza":"alta","area_m2":11334,"perimetro_m":491,"largo_m":178,"ancho_m":89,"lat":25.632883,"lon":-103.570518,"municipio":"Gómez Palacio","cerca_de":"Puente de la Torreña","dist_ref_km":18.2,"d_ciudad_km":4.9,"altura_m":3.6,"precio_m2":210,"precio_m2_min":135,"precio_m2_max":320,"valor":2400000,"valor_min":1600000,"valor_max":3600000},"geometry":{"type":"Polygon","coordinates":[[[-103.57123,25.63232],[-103.57122,25.63304],[-103.57095,25.63304],[-103.57092,25.63313],[-103.57074,25.63313],[-103.57072,25.63321],[-103.57045,25.63321],[-103.57032,25.63339],[-103.56992,25.63339],[-103.5699,25.63331],[-103.56972,25.6332],[-103.56972,25.63293],[-103.56981,25.63292],[-103.56982,25.63284],[-103.57001,25.63283],[-103.57003,25.63267],[-103.5703,25.63266],[-103.57043,25.63249],[-103.57071,25.63248],[-103.57083,25.63231],[-103.57123,25.63232]]]}},{"type":"Feature","properties":{"id":138,"estado":"activa","confianza":"alta","area_m2":68256,"perimetro_m":1938,"largo_m":467,"ancho_m":349,"lat":25.665643,"lon":-103.561613,"municipio":"Gómez Palacio","cerca_de":"La Cantabra","dist_ref_km":18.4,"d_ciudad_km":6.9,"altura_m":2.4,"precio_m2":140,"precio_m2_min":90,"precio_m2_max":210,"valor":9700000,"valor_min":6300000,"valor_max":15000000},"geometry":{"type":"Polygon","coordinates":[[[-103.56464,25.66638],[-103.56463,25.66746],[-103.56393,25.66746],[-103.56392,25.66738],[-103.56373,25.66736],[-103.5637,25.66727],[-103.56324,25.66727],[-103.5632,25.66718],[-103.56284,25.66717],[-103.56284,25.66675],[-103.56245,25.66672],[-103.56241,25.66636],[-103.56178,25.66635],[-103.56175,25.66644],[-103.56166,25.66647],[-103.56165,25.66671],[-103.56156,25.66672],[-103.56155,25.6668],[-103.56119,25.6668],[-103.56115,25.66698],[-103.56085,25.66697],[-103.56085,25.6667],[-103.56104,25.66669],[-103.56105,25.66648],[-103.56086,25.66643],[-103.56085,25.66628],[-103.56076,25.66625],[-103.56075,25.66609],[-103.56066,25.66607],[-103.56067,25.66547],[-103.56047,25.66535],[-103.56048,25.66462],[-103.56068,25.66449],[-103.56068,25.66429],[-103.56058,25.66426],[-103.56059,25.6639],[-103.56076,25.6639],[-103.56079,25.66381],[-103.56109,25.66382],[-103.56112,25.66427],[-103.56153,25.66427],[-103.56158,25.66418],[-103.56188,25.66419],[-103.56187,25.66473],[-103.56178,25.66476],[-103.56177,25.66509],[-103.56167,25.66512],[-103.56167,25.66542],[-103.56176,25.66545],[-103.5618,25.66554],[-103.56226,25.66554],[-103.5623,25.66563],[-103.56256,25.66564],[-103.56258,25.66617],[-103.56285,25.66618],[-103.56289,25.66627],[-103.56315,25.66627],[-103.56319,25.66636],[-103.56361,25.66637],[-103.56375,25.66619],[-103.56385,25.66616],[-103.56385,25.66565],[-103.56445,25.66566],[-103.56445,25.66625],[-103.56464,25.66638]]]}},{"type":"Feature","properties":{"id":139,"estado":"activa","confianza":"alta","area_m2":84867,"perimetro_m":1885,"largo_m":594,"ancho_m":310,"lat":25.50525,"lon":-103.545664,"municipio":"Lerdo","cerca_de":"El Sacrificio","dist_ref_km":18.8,"d_ciudad_km":1.4,"altura_m":5.0,"precio_m2":390,"precio_m2_min":250,"precio_m2_max":580,"valor":33000000,"valor_min":21000000,"valor_max":49000000},"geometry":{"type":"Polygon","coordinates":[[[-103.54667,25.50513],[-103.54666,25.50558],[-103.54656,25.50562],[-103.54656,25.50603],[-103.54636,25.50608],[-103.54635,25.50681],[-103.54645,25.50685],[-103.54646,25.50701],[-103.54655,25.50703],[-103.54654,25.50727],[-103.54664,25.5073],[-103.54664,25.50757],[-103.54654,25.50759],[-103.54654,25.50775],[-103.54618,25.50775],[-103.54614,25.50784],[-103.54584,25.50783],[-103.5458,25.50774],[-103.54544,25.50774],[-103.54545,25.50747],[-103.54562,25.50746],[-103.54565,25.50738],[-103.54584,25.50726],[-103.54585,25.50684],[-103.54595,25.5068],[-103.54595,25.50613],[-103.54546,25.50611],[-103.54545,25.50577],[-103.54527,25.50575],[-103.54525,25.50558],[-103.54507,25.50557],[-103.54486,25.50531],[-103.54468,25.50529],[-103.54465,25.50521],[-103.54338,25.50519],[-103.54336,25.50511],[-103.54319,25.5051],[-103.54317,25.50502],[-103.54309,25.50501],[-103.54309,25.50465],[-103.54319,25.50462],[-103.54319,25.50447],[-103.54339,25.50436],[-103.5434,25.5042],[-103.54359,25.50408],[-103.5436,25.50357],[-103.5438,25.50345],[-103.54381,25.50321],[-103.5439,25.50317],[-103.54391,25.50294],[-103.54447,25.50294],[-103.54461,25.50276],[-103.54478,25.50276],[-103.54481,25.50268],[-103.5452,25.50268],[-103.5452,25.50346],[-103.54539,25.50349],[-103.54542,25.50367],[-103.54579,25.50368],[-103.54579,25.50404],[-103.54569,25.50407],[-103.54568,25.50427],[-103.54588,25.50431],[-103.54588,25.50465],[-103.54608,25.50477],[-103.54609,25.50485],[-103.54617,25.50486],[-103.54619,25.50503],[-103.54637,25.50504],[-103.54641,25.50513],[-103.54667,25.50513]]]}},{"type":"Feature","properties":{"id":140,"estado":"activa","confianza":"alta","area_m2":49899,"perimetro_m":1287,"largo_m":350,"ancho_m":290,"lat":25.66252,"lon":-103.564537,"municipio":"Gómez Palacio","cerca_de":"La Cantabra","dist_ref_km":18.6,"d_ciudad_km":7.0,"altura_m":1.1,"precio_m2":140,"precio_m2_min":90,"precio_m2_max":210,"valor":7000000,"valor_min":4600000,"valor_max":11000000},"geometry":{"type":"Polygon","coordinates":[[[-103.5655,25.66124],[-103.56548,25.66314],[-103.56512,25.66314],[-103.56508,25.66322],[-103.5649,25.66323],[-103.56488,25.66331],[-103.5647,25.66332],[-103.56468,25.66358],[-103.56438,25.66358],[-103.56433,25.66349],[-103.56353,25.66348],[-103.56338,25.66366],[-103.56329,25.66367],[-103.56328,25.66375],[-103.56311,25.66375],[-103.56308,25.66384],[-103.56208,25.66383],[-103.56207,25.66375],[-103.56198,25.66373],[-103.56199,25.66346],[-103.56304,25.66347],[-103.56308,25.66338],[-103.56317,25.66337],[-103.56319,25.66321],[-103.56329,25.66317],[-103.56329,25.66294],[-103.56338,25.66291],[-103.56339,25.66276],[-103.56359,25.66263],[-103.56358,25.66241],[-103.5634,25.66239],[-103.56338,25.66232],[-103.5633,25.6623],[-103.5633,25.66203],[-103.56388,25.66203],[-103.5639,25.66195],[-103.56398,25.66194],[-103.564,25.66186],[-103.5642,25.66174],[-103.56421,25.66123],[-103.5655,25.66124]]]}},{"type":"Feature","properties":{"id":141,"estado":"desmontada","confianza":"alta","area_m2":125221,"perimetro_m":2665,"largo_m":678,"ancho_m":349,"lat":25.758178,"lon":-103.297553,"municipio":"Francisco I. Madero","cerca_de":"Compuertas","dist_ref_km":19.8,"d_ciudad_km":14.5,"altura_m":4.3,"precio_m2":200,"precio_m2_min":130,"precio_m2_max":300,"valor":25000000,"valor_min":16000000,"valor_max":38000000},"geometry":{"type":"Polygon","coordinates":[[[-103.29888,25.75615],[-103.29886,25.75705],[-103.29878,25.75707],[-103.29876,25.75723],[-103.29866,25.75726],[-103.29866,25.75759],[-103.29857,25.75761],[-103.29856,25.75777],[-103.29846,25.7578],[-103.29845,25.75795],[-103.29836,25.75798],[-103.29835,25.75813],[-103.29825,25.75815],[-103.29825,25.75849],[-103.29806,25.75859],[-103.29804,25.75876],[-103.29795,25.75879],[-103.29793,25.75948],[-103.29783,25.75951],[-103.29783,25.75984],[-103.29733,25.75983],[-103.29729,25.75974],[-103.29653,25.75973],[-103.2964,25.75955],[-103.29598,25.75955],[-103.29594,25.75972],[-103.29584,25.75976],[-103.29583,25.7599],[-103.29574,25.75993],[-103.29573,25.76017],[-103.29554,25.76028],[-103.29553,25.76053],[-103.29544,25.76054],[-103.29542,25.76062],[-103.29493,25.76062],[-103.29491,25.76054],[-103.29473,25.76052],[-103.29468,25.76043],[-103.29426,25.76043],[-103.29413,25.76061],[-103.29383,25.7606],[-103.2938,25.76052],[-103.29363,25.76051],[-103.29364,25.76024],[-103.2941,25.76024],[-103.29414,25.76015],[-103.29432,25.76015],[-103.29434,25.76007],[-103.29463,25.76007],[-103.29476,25.76025],[-103.29499,25.76025],[-103.29503,25.76008],[-103.29523,25.75996],[-103.29523,25.75909],[-103.29477,25.75909],[-103.29474,25.75944],[-103.29466,25.75945],[-103.29464,25.75953],[-103.29424,25.75952],[-103.29425,25.75925],[-103.29434,25.75923],[-103.29435,25.75907],[-103.29444,25.75906],[-103.29445,25.75889],[-103.29455,25.75886],[-103.29455,25.75872],[-103.29465,25.75869],[-103.29466,25.75854],[-103.29475,25.75851],[-103.29476,25.75836],[-103.29484,25.75834],[-103.29486,25.75827],[-103.29515,25.75825],[-103.29516,25.75791],[-103.29526,25.75788],[-103.29527,25.75764],[-103.29536,25.75762],[-103.29537,25.75746],[-103.29546,25.75745],[-103.29547,25.75728],[-103.29557,25.75725],[-103.29557,25.7571],[-103.29566,25.75709],[-103.29568,25.75701],[-103.29586,25.75691],[-103.29588,25.75674],[-103.29596,25.75673],[-103.29598,25.75666],[-103.29617,25.75664],[-103.29618,25.75648],[-103.29627,25.75647],[-103.29648,25.75621],[-103.29678,25.75621],[-103.2968,25.75629],[-103.29698,25.7564],[-103.29698,25.75667],[-103.29688,25.75671],[-103.29687,25.75712],[-103.29667,25.75723],[-103.29666,25.75752],[-103.29671,25.75757],[-103.29701,25.75757],[-103.29706,25.75753],[-103.29707,25.75712],[-103.29715,25.75711],[-103.29717,25.75703],[-103.29737,25.75691],[-103.29738,25.75631],[-103.29757,25.7562],[-103.29758,25.75604],[-103.29777,25.75603],[-103.29779,25.75586],[-103.29787,25.75585],[-103.29789,25.75578],[-103.29819,25.75578],[-103.29819,25.75594],[-103.29828,25.75596],[-103.29831,25.75605],[-103.29848,25.75605],[-103.29851,25.75614],[-103.29888,25.75615]],[[-103.297,25.75883],[-103.29705,25.75879],[-103.29705,25.75851],[-103.29695,25.75847],[-103.29695,25.75823],[-103.29685,25.7582],[-103.29683,25.75803],[-103.29659,25.75802],[-103.29656,25.75811],[-103.29646,25.75815],[-103.29645,25.7588],[-103.297,25.75883]]]}},{"type":"Feature","properties":{"id":142,"estado":"activa","confianza":"alta","area_m2":409660,"perimetro_m":3642,"largo_m":880,"ancho_m":740,"lat":25.508256,"lon":-103.552437,"municipio":"Lerdo","cerca_de":"Las Cuevas","dist_ref_km":19.1,"d_ciudad_km":1.7,"altura_m":5.1,"precio_m2":300,"precio_m2_min":195,"precio_m2_max":450,"valor":120000000,"valor_min":79000000,"valor_max":180000000},"geometry":{"type":"Polygon","coordinates":[[[-103.55639,25.50785],[-103.55638,25.50812],[-103.55629,25.50814],[-103.55628,25.5083],[-103.55618,25.50833],[-103.55618,25.50848],[-103.55598,25.5086],[-103.55597,25.50947],[-103.55587,25.50951],[-103.55586,25.51024],[-103.55596,25.51028],[-103.55597,25.51045],[-103.55615,25.51046],[-103.55615,25.51079],[-103.55625,25.51082],[-103.55625,25.51119],[-103.55616,25.5112],[-103.55615,25.51128],[-103.55606,25.51128],[-103.55604,25.51136],[-103.55586,25.51147],[-103.55584,25.51154],[-103.55558,25.51154],[-103.55554,25.51163],[-103.55236,25.5116],[-103.55236,25.51136],[-103.55226,25.51133],[-103.55214,25.51115],[-103.55157,25.51114],[-103.55155,25.51106],[-103.55137,25.51105],[-103.55133,25.51096],[-103.55078,25.51095],[-103.55065,25.51077],[-103.55028,25.51077],[-103.55027,25.51069],[-103.55018,25.51067],[-103.55016,25.5105],[-103.54989,25.51049],[-103.54987,25.51041],[-103.54979,25.5104],[-103.54976,25.51022],[-103.54929,25.51021],[-103.54928,25.51013],[-103.54909,25.51012],[-103.54906,25.51003],[-103.5485,25.51003],[-103.5485,25.50976],[-103.5487,25.50964],[-103.54871,25.5094],[-103.5493,25.50938],[-103.54931,25.50886],[-103.54951,25.50874],[-103.54951,25.50844],[-103.54882,25.5084],[-103.5488,25.50832],[-103.54862,25.50831],[-103.54858,25.50822],[-103.54763,25.50821],[-103.54764,25.50713],[-103.54783,25.50702],[-103.54784,25.50677],[-103.54814,25.50674],[-103.54815,25.50596],[-103.54824,25.50594],[-103.54825,25.50578],[-103.54855,25.50578],[-103.54857,25.50596],[-103.54885,25.50597],[-103.54888,25.50605],[-103.54914,25.50606],[-103.54917,25.50614],[-103.54934,25.50615],[-103.54938,25.50624],[-103.54954,25.50624],[-103.54955,25.50632],[-103.54964,25.50634],[-103.54965,25.50641],[-103.54974,25.50643],[-103.54985,25.5066],[-103.54993,25.50661],[-103.54993,25.50676],[-103.55003,25.50679],[-103.55003,25.50694],[-103.55013,25.50697],[-103.55013,25.50713],[-103.55022,25.50715],[-103.55022,25.50739],[-103.55032,25.50743],[-103.55033,25.50755],[-103.55059,25.50751],[-103.55063,25.50689],[-103.55102,25.50689],[-103.55105,25.50698],[-103.55127,25.50698],[-103.55132,25.50689],[-103.55181,25.50688],[-103.55183,25.50591],[-103.55193,25.50587],[-103.55194,25.50491],[-103.55244,25.50492],[-103.55248,25.50501],[-103.55284,25.50501],[-103.55287,25.50519],[-103.55323,25.5052],[-103.55326,25.50528],[-103.55343,25.50529],[-103.55344,25.50537],[-103.55353,25.50538],[-103.55354,25.50545],[-103.55363,25.50547],[-103.55374,25.50564],[-103.55382,25.50565],[-103.55384,25.50582],[-103.55392,25.50584],[-103.55393,25.50591],[-103.55402,25.50593],[-103.55403,25.506],[-103.55412,25.50602],[-103.55413,25.50609],[-103.55422,25.50611],[-103.55433,25.50628],[-103.55451,25.50629],[-103.55463,25.50647],[-103.55521,25.50648],[-103.55523,25.50657],[-103.55541,25.50657],[-103.5554,25.50681],[-103.5556,25.50694],[-103.55561,25.50719],[-103.5558,25.50721],[-103.55581,25.50737],[-103.55599,25.50739],[-103.556,25.50756],[-103.55619,25.50757],[-103.5562,25.50773],[-103.55639,25.50785]],[[-103.5508,25.50878],[-103.55077,25.5087],[-103.55051,25.50869],[-103.55048,25.50861],[-103.55031,25.5086],[-103.55029,25.50829],[-103.55013,25.50834],[-103.55011,25.5086],[-103.55001,25.50864],[-103.55001,25.50949],[-103.55038,25.50949],[-103.5504,25.50914],[-103.55108,25.50914],[-103.55109,25.50881],[-103.5508,25.50878]]]}},{"type":"Feature","properties":{"id":143,"estado":"activa","confianza":"alta","area_m2":22687,"perimetro_m":751,"largo_m":200,"ancho_m":190,"lat":25.760614,"lon":-103.29627,"municipio":"Francisco I. Madero","cerca_de":"Compuertas","dist_ref_km":20.1,"d_ciudad_km":15.0,"altura_m":5.3,"precio_m2":250,"precio_m2_min":160,"precio_m2_max":370,"valor":5600000,"valor_min":3700000,"valor_max":8500000},"geometry":{"type":"Polygon","coordinates":[[[-103.29693,25.75992],[-103.29691,25.76145],[-103.29661,25.76145],[-103.29658,25.76136],[-103.29631,25.76135],[-103.29629,25.76127],[-103.29601,25.76126],[-103.29597,25.76117],[-103.29575,25.76117],[-103.29571,25.76126],[-103.29542,25.76125],[-103.2954,25.76117],[-103.29522,25.76116],[-103.29519,25.76107],[-103.29492,25.76107],[-103.29492,25.7608],[-103.29548,25.7608],[-103.29552,25.76071],[-103.29561,25.76069],[-103.29563,25.76053],[-103.29572,25.7605],[-103.29573,25.76026],[-103.29593,25.76015],[-103.29593,25.75991],[-103.29603,25.75988],[-103.29604,25.75973],[-103.29643,25.75973],[-103.29656,25.75991],[-103.29693,25.75992]]]}},{"type":"Feature","properties":{"id":144,"estado":"activa","confianza":"media","area_m2":16895,"perimetro_m":560,"largo_m":160,"ancho_m":140,"lat":25.7747,"lon":-103.321546,"municipio":"Francisco I. Madero","cerca_de":"El Porvenir de Arriba","dist_ref_km":20.4,"d_ciudad_km":15.4,"altura_m":0.4,"precio_m2":140,"precio_m2_min":90,"precio_m2_max":210,"valor":2300000,"valor_min":1500000,"valor_max":3500000},"geometry":{"type":"Polygon","coordinates":[[[-103.32225,25.77456],[-103.32224,25.77484],[-103.32215,25.77485],[-103.32214,25.77501],[-103.32204,25.77504],[-103.32204,25.77528],[-103.32195,25.7753],[-103.32173,25.77555],[-103.32104,25.77554],[-103.32104,25.77503],[-103.32084,25.77491],[-103.32086,25.7741],[-103.32165,25.77411],[-103.32165,25.77435],[-103.32175,25.77438],[-103.32177,25.77446],[-103.32215,25.77447],[-103.32216,25.77455],[-103.32225,25.77456]]]}},{"type":"Feature","properties":{"id":145,"estado":"activa","confianza":"alta","area_m2":94788,"perimetro_m":1874,"largo_m":565,"ancho_m":253,"lat":25.778809,"lon":-103.329664,"municipio":"Gómez Palacio","cerca_de":"El Porvenir de Arriba","dist_ref_km":20.6,"d_ciudad_km":15.3,"altura_m":3.6,"precio_m2":105,"precio_m2_min":70,"precio_m2_max":155,"valor":9900000,"valor_min":6400000,"valor_max":15000000},"geometry":{"type":"Polygon","coordinates":[[[-103.33079,25.77647],[-103.33079,25.77692],[-103.33059,25.77704],[-103.33058,25.77764],[-103.33038,25.77767],[-103.33037,25.77845],[-103.33017,25.77857],[-103.33016,25.77917],[-103.32996,25.77929],[-103.32995,25.78007],[-103.32975,25.78019],[-103.32973,25.78106],[-103.32955,25.78107],[-103.32953,25.78124],[-103.32893,25.78123],[-103.32889,25.78114],[-103.32834,25.78113],[-103.32835,25.78041],[-103.32843,25.7804],[-103.32845,25.78032],[-103.32891,25.78033],[-103.32895,25.78024],[-103.32904,25.78021],[-103.32905,25.77991],[-103.32895,25.77988],[-103.32896,25.77934],[-103.32916,25.7793],[-103.32917,25.77857],[-103.32912,25.77853],[-103.32888,25.77854],[-103.32887,25.7787],[-103.32877,25.77874],[-103.32876,25.77897],[-103.32847,25.77897],[-103.32842,25.77888],[-103.3282,25.77888],[-103.32817,25.77897],[-103.32787,25.77896],[-103.32787,25.77869],[-103.32797,25.77865],[-103.32798,25.77797],[-103.32808,25.77794],[-103.32809,25.77752],[-103.32819,25.77748],[-103.32819,25.77698],[-103.32829,25.77694],[-103.3283,25.77653],[-103.32839,25.77651],[-103.3284,25.77635],[-103.32858,25.77635],[-103.3286,25.77626],[-103.3293,25.77627],[-103.32935,25.77636],[-103.33069,25.77638],[-103.33071,25.77645],[-103.33079,25.77647]]]}},{"type":"Feature","properties":{"id":146,"estado":"activa","confianza":"alta","area_m2":1359450,"perimetro_m":8068,"largo_m":1794,"ancho_m":1182,"lat":25.425771,"lon":-103.321414,"municipio":"Matamoros","cerca_de":"El Dólar","dist_ref_km":20.8,"d_ciudad_km":7.0,"altura_m":6.6,"precio_m2":90,"precio_m2_min":60,"precio_m2_max":135,"valor":120000000,"valor_min":80000000,"valor_max":190000000},"geometry":{"type":"Polygon","coordinates":[[[-103.32874,25.42273],[-103.32873,25.42345],[-103.32864,25.42348],[-103.32863,25.42372],[-103.32853,25.42376],[-103.32851,25.4248],[-103.32841,25.42484],[-103.32841,25.42507],[-103.32831,25.42511],[-103.32831,25.42534],[-103.32731,25.42533],[-103.32729,25.42525],[-103.32701,25.42524],[-103.32698,25.42515],[-103.32622,25.42514],[-103.3262,25.42506],[-103.32602,25.42505],[-103.32598,25.42496],[-103.32513,25.42495],[-103.3251,25.42486],[-103.32483,25.42485],[-103.32479,25.42476],[-103.32404,25.42475],[-103.324,25.42466],[-103.32375,25.42468],[-103.32374,25.42484],[-103.32365,25.42486],[-103.32364,25.42502],[-103.32354,25.42506],[-103.32352,25.4261],[-103.32343,25.42612],[-103.32342,25.42628],[-103.32332,25.42632],[-103.32331,25.42709],[-103.32321,25.42713],[-103.3232,25.42754],[-103.32311,25.42758],[-103.3231,25.42808],[-103.323,25.42811],[-103.32299,25.42853],[-103.32289,25.42857],[-103.32289,25.42907],[-103.32279,25.42911],[-103.32278,25.4297],[-103.32268,25.42974],[-103.32266,25.43097],[-103.32257,25.43098],[-103.32256,25.43115],[-103.32246,25.43118],[-103.32245,25.43178],[-103.32237,25.43179],[-103.32235,25.43187],[-103.32205,25.43186],[-103.32191,25.43168],[-103.32169,25.43168],[-103.32165,25.43177],[-103.32106,25.43176],[-103.32104,25.43168],[-103.32086,25.43167],[-103.32083,25.43158],[-103.32007,25.43157],[-103.32005,25.43149],[-103.31987,25.43148],[-103.31983,25.43139],[-103.31888,25.43138],[-103.31885,25.43129],[-103.31868,25.43128],[-103.31865,25.43119],[-103.31848,25.43119],[-103.31834,25.43101],[-103.31779,25.431],[-103.31774,25.43091],[-103.31689,25.4309],[-103.31686,25.43081],[-103.3164,25.43081],[-103.31637,25.43072],[-103.3161,25.43071],[-103.31606,25.43062],[-103.31501,25.43061],[-103.31498,25.43052],[-103.31451,25.43051],[-103.31448,25.43042],[-103.31412,25.43042],[-103.31399,25.43024],[-103.31372,25.43023],[-103.31373,25.42969],[-103.31383,25.42965],[-103.31384,25.42879],[-103.31394,25.42875],[-103.31395,25.42807],[-103.31405,25.42804],[-103.31406,25.42753],[-103.31416,25.42749],[-103.31417,25.42672],[-103.31426,25.4267],[-103.31427,25.42654],[-103.31437,25.4265],[-103.31438,25.42557],[-103.31409,25.42554],[-103.31395,25.42536],[-103.3129,25.42535],[-103.31288,25.42527],[-103.3127,25.42526],[-103.31266,25.42517],[-103.31181,25.42516],[-103.31167,25.42497],[-103.31081,25.42496],[-103.3108,25.42489],[-103.31062,25.42478],[-103.31063,25.42397],[-103.31072,25.42395],[-103.31073,25.4237],[-103.31083,25.42366],[-103.31084,25.4228],[-103.31093,25.42278],[-103.31095,25.42262],[-103.31105,25.42258],[-103.31106,25.42145],[-103.31116,25.42141],[-103.31117,25.421],[-103.31176,25.42098],[-103.31177,25.42046],[-103.31187,25.42043],[-103.31188,25.42001],[-103.31197,25.41998],[-103.31198,25.41974],[-103.31228,25.41974],[-103.31227,25.42015],[-103.31232,25.4202],[-103.31263,25.4202],[-103.31267,25.42011],[-103.31304,25.42011],[-103.31307,25.41993],[-103.31344,25.41993],[-103.31347,25.41967],[-103.31387,25.41967],[-103.31391,25.41976],[-103.31446,25.41977],[-103.31451,25.41986],[-103.31506,25.41987],[-103.31506,25.42014],[-103.31476,25.42017],[-103.31475,25.42095],[-103.31465,25.42099],[-103.31469,25.42122],[-103.3153,25.42122],[-103.31534,25.42113],[-103.31543,25.42112],[-103.31545,25.4205],[-103.31564,25.42048],[-103.31565,25.42014],[-103.31615,25.42015],[-103.31619,25.42024],[-103.31684,25.42025],[-103.31689,25.42034],[-103.31744,25.42034],[-103.31746,25.42042],[-103.31764,25.42044],[-103.31768,25.42053],[-103.31873,25.42054],[-103.31885,25.42071],[-103.31902,25.42072],[-103.31902,25.42124],[-103.31941,25.42127],[-103.31941,25.42172],[-103.31921,25.42185],[-103.3192,25.42235],[-103.31911,25.42237],[-103.3191,25.42262],[-103.319,25.42266],[-103.31899,25.42325],[-103.31879,25.42329],[-103.31878,25.42415],[-103.31868,25.42418],[-103.31867,25.4246],[-103.31857,25.42464],[-103.31856,25.42532],[-103.31847,25.42535],[-103.31846,25.42568],[-103.31836,25.42573],[-103.31837,25.42594],[-103.31845,25.42595],[-103.31849,25.42604],[-103.31875,25.42605],[-103.31879,25.42614],[-103.31913,25.42613],[-103.31915,25.42596],[-103.31925,25.42593],[-103.31925,25.42578],[-103.31935,25.42576],[-103.31937,25.4247],[-103.31955,25.42469],[-103.31957,25.42461],[-103.31966,25.42459],[-103.31967,25.42443],[-103.31977,25.4244],[-103.31977,25.42402],[-103.31968,25.42398],[-103.31967,25.42382],[-103.31958,25.4238],[-103.31958,25.42353],[-103.31968,25.42349],[-103.31969,25.42308],[-103.31979,25.42304],[-103.31979,25.42263],[-103.31999,25.42259],[-103.31998,25.42238],[-103.3198,25.42236],[-103.3198,25.42209],[-103.31989,25.42207],[-103.3199,25.42191],[-103.32,25.42187],[-103.32001,25.42137],[-103.32011,25.42133],[-103.32011,25.42101],[-103.32101,25.42102],[-103.32103,25.4211],[-103.32121,25.42111],[-103.32125,25.4212],[-103.32147,25.4212],[-103.3215,25.42111],[-103.3219,25.42112],[-103.32194,25.42121],[-103.3222,25.42121],[-103.32224,25.4213],[-103.3226,25.42131],[-103.32263,25.4214],[-103.32299,25.4214],[-103.32304,25.42149],[-103.32398,25.4215],[-103.32403,25.42159],[-103.32425,25.42159],[-103.32428,25.42151],[-103.32458,25.42151],[-103.32461,25.42169],[-103.32508,25.4217],[-103.3251,25.42178],[-103.32537,25.42179],[-103.3254,25.42187],[-103.32557,25.42188],[-103.32557,25.42213],[-103.32576,25.42216],[-103.3258,25.42224],[-103.32666,25.42226],[-103.32668,25.42234],[-103.32695,25.42235],[-103.327,25.42244],[-103.32722,25.42244],[-103.32725,25.42235],[-103.32752,25.42235],[-103.32755,25.42227],[-103.32825,25.42227],[-103.32826,25.42262],[-103.32864,25.42264],[-103.32865,25.42272],[-103.32874,25.42273]]]}},{"type":"Feature","properties":{"id":147,"estado":"activa","confianza":"alta","area_m2":19843,"perimetro_m":598,"largo_m":190,"ancho_m":120,"lat":25.788278,"lon":-103.344264,"municipio":"Gómez Palacio","cerca_de":"Ejido Venecia","dist_ref_km":21.2,"d_ciudad_km":16.2,"altura_m":4.1,"precio_m2":115,"precio_m2_min":75,"precio_m2_max":170,"valor":2300000,"valor_min":1500000,"valor_max":3400000},"geometry":{"type":"Polygon","coordinates":[[[-103.34519,25.78819],[-103.34518,25.78873],[-103.34462,25.78872],[-103.34458,25.78881],[-103.34338,25.7888],[-103.34339,25.7883],[-103.34329,25.78826],[-103.3433,25.78799],[-103.34338,25.78797],[-103.3434,25.7879],[-103.34357,25.78789],[-103.3436,25.78781],[-103.34406,25.78781],[-103.3441,25.78772],[-103.34499,25.78774],[-103.345,25.78789],[-103.34509,25.78792],[-103.34509,25.78816],[-103.34519,25.78819]]]}},{"type":"Feature","properties":{"id":148,"estado":"activa","confianza":"media","area_m2":18452,"perimetro_m":646,"largo_m":200,"ancho_m":140,"lat":25.744443,"lon":-103.261565,"municipio":"Francisco I. Madero","cerca_de":"Jaboncillo","dist_ref_km":20.5,"d_ciudad_km":15.6,"altura_m":2.3,"precio_m2":200,"precio_m2_min":130,"precio_m2_max":300,"valor":3700000,"valor_min":2400000,"valor_max":5500000},"geometry":{"type":"Polygon","coordinates":[[[-103.26218,25.74353],[-103.26217,25.74416],[-103.26207,25.7442],[-103.26205,25.74506],[-103.26197,25.74507],[-103.26195,25.74515],[-103.26165,25.74515],[-103.26164,25.74507],[-103.26146,25.74496],[-103.26144,25.7447],[-103.26106,25.74469],[-103.26107,25.74418],[-103.26097,25.74414],[-103.26096,25.74397],[-103.26077,25.74396],[-103.26078,25.7436],[-103.26144,25.74361],[-103.26148,25.74343],[-103.26174,25.74343],[-103.26178,25.74334],[-103.26208,25.74335],[-103.26208,25.7435],[-103.26218,25.74353]]]}},{"type":"Feature","properties":{"id":149,"estado":"activa","confianza":"alta","area_m2":18545,"perimetro_m":598,"largo_m":202,"ancho_m":114,"lat":25.742444,"lon":-103.257408,"municipio":"Francisco I. Madero","cerca_de":"Jaboncillo","dist_ref_km":20.7,"d_ciudad_km":15.8,"altura_m":7.3,"precio_m2":180,"precio_m2_min":115,"precio_m2_max":270,"valor":3300000,"valor_min":2200000,"valor_max":5000000},"geometry":{"type":"Polygon","coordinates":[[[-103.25841,25.74231],[-103.2584,25.74258],[-103.25831,25.7426],[-103.2583,25.74276],[-103.2582,25.74279],[-103.2582,25.74294],[-103.25811,25.74295],[-103.258,25.74312],[-103.2575,25.74311],[-103.25746,25.74302],[-103.257,25.74301],[-103.25698,25.74293],[-103.2567,25.74292],[-103.25668,25.74284],[-103.25651,25.74283],[-103.25649,25.74275],[-103.25641,25.74274],[-103.25641,25.74228],[-103.25651,25.74226],[-103.25652,25.74211],[-103.25669,25.7421],[-103.25672,25.74202],[-103.25731,25.74202],[-103.25735,25.74211],[-103.25781,25.74212],[-103.25785,25.74221],[-103.25831,25.74222],[-103.25832,25.74229],[-103.25841,25.74231]]]}},{"type":"Feature","properties":{"id":150,"estado":"activa","confianza":"alta","area_m2":56585,"perimetro_m":1522,"largo_m":464,"ancho_m":169,"lat":25.768509,"lon":-103.286737,"municipio":"Francisco I. Madero","cerca_de":"Francisco I. Madero (Chávez)","dist_ref_km":21.3,"d_ciudad_km":16.1,"altura_m":1.5,"precio_m2":310,"precio_m2_min":200,"precio_m2_max":460,"valor":17000000,"valor_min":11000000,"valor_max":26000000},"geometry":{"type":"Polygon","coordinates":[[[-103.28835,25.76704],[-103.28835,25.7674],[-103.28825,25.76742],[-103.28825,25.76758],[-103.28815,25.76761],[-103.28814,25.76776],[-103.28795,25.76778],[-103.28794,25.76794],[-103.28784,25.76797],[-103.28784,25.7683],[-103.28764,25.76832],[-103.28763,25.76856],[-103.28744,25.76868],[-103.28743,25.76892],[-103.28735,25.76893],[-103.28733,25.76901],[-103.28725,25.76902],[-103.28723,25.7691],[-103.28703,25.76921],[-103.28702,25.76955],[-103.28682,25.76958],[-103.28682,25.76991],[-103.28665,25.76991],[-103.28662,25.77],[-103.28644,25.77],[-103.28641,25.77018],[-103.28612,25.77017],[-103.28612,25.76972],[-103.28621,25.7697],[-103.28622,25.76954],[-103.28632,25.76951],[-103.28633,25.76922],[-103.28587,25.76918],[-103.28582,25.76999],[-103.28572,25.77001],[-103.28572,25.77017],[-103.28522,25.77016],[-103.2852,25.77008],[-103.28512,25.77007],[-103.28513,25.76971],[-103.28522,25.76968],[-103.28523,25.76944],[-103.28541,25.76934],[-103.28543,25.76917],[-103.28563,25.76906],[-103.28564,25.76872],[-103.28583,25.76861],[-103.28584,25.76845],[-103.28603,25.76843],[-103.28605,25.76809],[-103.28624,25.76808],[-103.28625,25.76774],[-103.28644,25.76772],[-103.28645,25.76756],[-103.28665,25.76744],[-103.28666,25.7672],[-103.28704,25.76719],[-103.28706,25.76684],[-103.28715,25.76683],[-103.28716,25.76675],[-103.28776,25.76676],[-103.2878,25.76685],[-103.28816,25.76686],[-103.28817,25.76693],[-103.28835,25.76704]]]}},{"type":"Feature","properties":{"id":151,"estado":"activa","confianza":"media","area_m2":13971,"perimetro_m":536,"largo_m":170,"ancho_m":110,"lat":25.488099,"lon":-103.554383,"municipio":"Lerdo","cerca_de":"Las Cuevas","dist_ref_km":20.6,"d_ciudad_km":3.5,"altura_m":4.4,"precio_m2":270,"precio_m2_min":180,"precio_m2_max":410,"valor":3800000,"valor_min":2500000,"valor_max":5800000},"geometry":{"type":"Polygon","coordinates":[[[-103.55523,25.48797],[-103.55522,25.48851],[-103.55463,25.48851],[-103.55459,25.48842],[-103.55423,25.48841],[-103.5542,25.48833],[-103.55383,25.48832],[-103.5538,25.48823],[-103.55354,25.48823],[-103.55354,25.48778],[-103.55363,25.48776],[-103.55364,25.48769],[-103.5542,25.48769],[-103.55424,25.4876],[-103.55471,25.4876],[-103.55474,25.48752],[-103.55504,25.48752],[-103.55504,25.48776],[-103.55513,25.48779],[-103.55514,25.48795],[-103.55523,25.48797]]]}},{"type":"Feature","properties":{"id":152,"estado":"activa","confianza":"alta","area_m2":114679,"perimetro_m":3192,"largo_m":675,"ancho_m":359,"lat":25.560748,"lon":-103.196694,"municipio":"Matamoros","cerca_de":"Ignacio Zaragoza","dist_ref_km":20.2,"d_ciudad_km":10.4,"altura_m":4.1,"precio_m2":115,"precio_m2_min":75,"precio_m2_max":175,"valor":13000000,"valor_min":8700000,"valor_max":20000000},"geometry":{"type":"Polygon","coordinates":[[[-103.19926,25.55914],[-103.19925,25.55959],[-103.19916,25.55962],[-103.19915,25.55986],[-103.19905,25.5599],[-103.19904,25.56022],[-103.19896,25.56024],[-103.19894,25.56031],[-103.19805,25.5603],[-103.19802,25.56022],[-103.19775,25.56021],[-103.19771,25.56012],[-103.19706,25.56011],[-103.19701,25.55993],[-103.19677,25.55994],[-103.19676,25.5602],[-103.19666,25.56023],[-103.19669,25.56047],[-103.19725,25.56047],[-103.19728,25.56056],[-103.19765,25.56057],[-103.19769,25.56066],[-103.19884,25.56067],[-103.19883,25.56112],[-103.19824,25.56112],[-103.19819,25.56103],[-103.19714,25.56101],[-103.1971,25.56092],[-103.19635,25.56091],[-103.19631,25.56082],[-103.19588,25.56082],[-103.19585,25.56109],[-103.19575,25.56112],[-103.19574,25.56145],[-103.19546,25.56145],[-103.19544,25.56171],[-103.19534,25.56175],[-103.19534,25.56196],[-103.19544,25.56199],[-103.19542,25.5628],[-103.19463,25.56279],[-103.1946,25.5627],[-103.19443,25.56269],[-103.19444,25.56188],[-103.19474,25.56185],[-103.19474,25.56165],[-103.19464,25.56161],[-103.19462,25.56153],[-103.19425,25.56152],[-103.19421,25.56143],[-103.19395,25.56143],[-103.19391,25.56134],[-103.19365,25.56133],[-103.19362,25.56115],[-103.19286,25.56114],[-103.19285,25.56106],[-103.19276,25.56105],[-103.19277,25.5606],[-103.19315,25.56059],[-103.19317,25.56051],[-103.19326,25.56049],[-103.19327,25.56024],[-103.19336,25.56023],[-103.19337,25.56015],[-103.19367,25.56016],[-103.19372,25.56025],[-103.19407,25.56025],[-103.19408,25.56042],[-103.19426,25.56044],[-103.19427,25.56087],[-103.19453,25.56088],[-103.19456,25.56066],[-103.19446,25.56062],[-103.19446,25.56035],[-103.19455,25.56034],[-103.19457,25.56026],[-103.19516,25.56023],[-103.19516,25.56002],[-103.19507,25.55999],[-103.19507,25.55954],[-103.19537,25.55955],[-103.19537,25.55996],[-103.19547,25.56],[-103.19549,25.56008],[-103.19566,25.56009],[-103.1958,25.56027],[-103.19614,25.56027],[-103.19616,25.5601],[-103.19626,25.56006],[-103.19626,25.55977],[-103.19617,25.55974],[-103.19613,25.55965],[-103.19587,25.55964],[-103.19587,25.55937],[-103.19623,25.55938],[-103.19627,25.55929],[-103.19636,25.55927],[-103.19637,25.55904],[-103.19618,25.55902],[-103.19618,25.55874],[-103.19655,25.55874],[-103.19658,25.55857],[-103.19698,25.55857],[-103.19702,25.55866],[-103.19817,25.55868],[-103.1983,25.55886],[-103.19877,25.55887],[-103.19889,25.55904],[-103.19906,25.55905],[-103.1991,25.55914],[-103.19926,25.55914]]]}},{"type":"Feature","properties":{"id":153,"estado":"activa","confianza":"alta","area_m2":28570,"perimetro_m":1188,"largo_m":330,"ancho_m":164,"lat":25.50478,"lon":-103.569159,"municipio":"Lerdo","cerca_de":"Las Piedras","dist_ref_km":20.8,"d_ciudad_km":3.8,"altura_m":4.4,"precio_m2":250,"precio_m2_min":160,"precio_m2_max":370,"valor":7100000,"valor_min":4600000,"valor_max":11000000},"geometry":{"type":"Polygon","coordinates":[[[-103.57134,25.50483],[-103.57134,25.50537],[-103.57125,25.50539],[-103.57114,25.50555],[-103.57034,25.50555],[-103.57032,25.50546],[-103.57014,25.50545],[-103.57015,25.505],[-103.57034,25.50498],[-103.57033,25.50465],[-103.56979,25.50464],[-103.56975,25.50482],[-103.56956,25.50484],[-103.56955,25.50509],[-103.56925,25.50508],[-103.56912,25.5049],[-103.56856,25.5049],[-103.56856,25.50447],[-103.56817,25.50444],[-103.56817,25.50417],[-103.56825,25.50416],[-103.56827,25.50408],[-103.56845,25.50408],[-103.56847,25.50399],[-103.56877,25.504],[-103.56877,25.50443],[-103.56911,25.50445],[-103.56926,25.50427],[-103.56945,25.50425],[-103.56946,25.504],[-103.56976,25.50401],[-103.56981,25.5041],[-103.57096,25.50411],[-103.57095,25.50447],[-103.57076,25.50449],[-103.57075,25.50471],[-103.57125,25.50474],[-103.57126,25.50482],[-103.57134,25.50483]]]}},{"type":"Feature","properties":{"id":154,"estado":"activa","confianza":"alta","area_m2":19060,"perimetro_m":664,"largo_m":240,"ancho_m":120,"lat":25.506045,"lon":-103.5744,"municipio":"Lerdo","cerca_de":"Las Piedras","dist_ref_km":21.1,"d_ciudad_km":4.2,"altura_m":3.7,"precio_m2":290,"precio_m2_min":190,"precio_m2_max":440,"valor":5600000,"valor_min":3700000,"valor_max":8400000},"geometry":{"type":"Polygon","coordinates":[[[-103.57591,25.50614],[-103.5759,25.50668],[-103.57421,25.50667],[-103.57409,25.50649],[-103.57381,25.50648],[-103.5738,25.50641],[-103.57352,25.50621],[-103.57352,25.50594],[-103.57378,25.50594],[-103.57382,25.50585],[-103.574,25.50584],[-103.57402,25.50558],[-103.57452,25.50559],[-103.57453,25.50566],[-103.57462,25.50568],[-103.57463,25.50575],[-103.57472,25.50577],[-103.57484,25.50595],[-103.57521,25.50595],[-103.57535,25.50614],[-103.57591,25.50614]]]}},{"type":"Feature","properties":{"id":155,"estado":"activa","confianza":"alta","area_m2":40139,"perimetro_m":947,"largo_m":260,"ancho_m":240,"lat":25.752597,"lon":-103.246892,"municipio":"Francisco I. Madero","cerca_de":"6 de Octubre","dist_ref_km":22.2,"d_ciudad_km":17.2,"altura_m":4.3,"precio_m2":230,"precio_m2_min":150,"precio_m2_max":340,"valor":9100000,"valor_min":5900000,"valor_max":14000000},"geometry":{"type":"Polygon","coordinates":[[[-103.2482,25.75203],[-103.24819,25.75266],[-103.248,25.75267],[-103.24798,25.75293],[-103.2479,25.75294],[-103.24778,25.7531],[-103.24752,25.7531],[-103.24748,25.75319],[-103.24721,25.75319],[-103.24718,25.75328],[-103.247,25.75329],[-103.24678,25.75354],[-103.24661,25.75355],[-103.24658,25.75363],[-103.2464,25.75364],[-103.24638,25.75372],[-103.24598,25.75371],[-103.24586,25.75354],[-103.24568,25.75353],[-103.24569,25.75303],[-103.24559,25.75299],[-103.2456,25.75254],[-103.24569,25.75251],[-103.2457,25.75231],[-103.2456,25.75227],[-103.24561,25.75173],[-103.2458,25.75162],[-103.24581,25.75155],[-103.24611,25.75155],[-103.24614,25.752],[-103.2482,25.75203]]]}},{"type":"Feature","properties":{"id":156,"estado":"activa","confianza":"alta","area_m2":24364,"perimetro_m":712,"largo_m":220,"ancho_m":160,"lat":25.75058,"lon":-103.244284,"municipio":"Francisco I. Madero","cerca_de":"6 de Octubre","dist_ref_km":22.2,"d_ciudad_km":17.3,"altura_m":4.2,"precio_m2":220,"precio_m2_min":140,"precio_m2_max":330,"valor":5300000,"valor_min":3500000,"valor_max":8000000},"geometry":{"type":"Polygon","coordinates":[[[-103.24543,25.75064],[-103.24542,25.75118],[-103.24532,25.7512],[-103.24532,25.75136],[-103.24422,25.75135],[-103.24422,25.75111],[-103.24412,25.75107],[-103.2441,25.7509],[-103.24393,25.75089],[-103.24388,25.7508],[-103.24323,25.75079],[-103.24323,25.75052],[-103.24343,25.75041],[-103.24344,25.75025],[-103.24361,25.75025],[-103.24374,25.75008],[-103.24402,25.75007],[-103.24404,25.7499],[-103.24434,25.7499],[-103.24438,25.74999],[-103.24524,25.75],[-103.24523,25.75051],[-103.24543,25.75064]]]}},{"type":"Feature","properties":{"id":157,"estado":"activa","confianza":"alta","area_m2":17266,"perimetro_m":643,"largo_m":190,"ancho_m":140,"lat":25.800518,"lon":-103.321137,"municipio":"Francisco I. Madero","cerca_de":"La Fortuna","dist_ref_km":23.2,"d_ciudad_km":18.1,"altura_m":3.0,"precio_m2":125,"precio_m2_min":85,"precio_m2_max":190,"valor":2200000,"valor_min":1400000,"valor_max":3300000},"geometry":{"type":"Polygon","coordinates":[[[-103.32218,25.80011],[-103.32218,25.80047],[-103.3218,25.80048],[-103.32178,25.80056],[-103.32169,25.80058],[-103.32168,25.80074],[-103.32159,25.80075],[-103.32158,25.80083],[-103.32101,25.80082],[-103.32097,25.80109],[-103.32071,25.80109],[-103.32067,25.80118],[-103.32028,25.80117],[-103.32028,25.80081],[-103.32048,25.80068],[-103.32048,25.8004],[-103.32039,25.80036],[-103.32039,25.8],[-103.32048,25.79999],[-103.32049,25.79991],[-103.32149,25.79992],[-103.32152,25.80001],[-103.32189,25.80002],[-103.32192,25.80011],[-103.32218,25.80011]]]}},{"type":"Feature","properties":{"id":158,"estado":"activa","confianza":"media","area_m2":5732,"perimetro_m":356,"largo_m":129,"ancho_m":63,"lat":25.803882,"lon":-103.319292,"municipio":"Francisco I. Madero","cerca_de":"La Fortuna","dist_ref_km":23.6,"d_ciudad_km":18.5,"altura_m":3.9,"precio_m2":135,"precio_m2_min":85,"precio_m2_max":200,"valor":770000,"valor_min":500000,"valor_max":1100000,"grupo":123,"grupo_bloques":2,"grupo_m2":24197},"geometry":{"type":"Polygon","coordinates":[[[-103.31965,25.80333],[-103.31964,25.80378],[-103.31955,25.8038],[-103.31954,25.80396],[-103.31944,25.80399],[-103.31943,25.80423],[-103.31934,25.80426],[-103.31933,25.80441],[-103.31903,25.80441],[-103.31902,25.80433],[-103.31893,25.80432],[-103.31894,25.80405],[-103.31904,25.80401],[-103.31904,25.8036],[-103.31924,25.80349],[-103.31925,25.80333],[-103.31965,25.80333]]]}},{"type":"Feature","properties":{"id":159,"estado":"activa","confianza":"alta","area_m2":23708,"perimetro_m":705,"largo_m":224,"ancho_m":134,"lat":25.731825,"lon":-103.220137,"municipio":"Matamoros","cerca_de":"Guadalupe Victoria","dist_ref_km":22.5,"d_ciudad_km":17.7,"altura_m":2.1,"precio_m2":120,"precio_m2_min":80,"precio_m2_max":180,"valor":2900000,"valor_min":1900000,"valor_max":4300000},"geometry":{"type":"Polygon","coordinates":[[[-103.22118,25.73175],[-103.22118,25.7322],[-103.22099,25.73231],[-103.22097,25.73247],[-103.22079,25.73248],[-103.22077,25.73265],[-103.22037,25.73264],[-103.22025,25.73246],[-103.21998,25.73246],[-103.21996,25.73228],[-103.21958,25.73227],[-103.21957,25.7321],[-103.21929,25.73209],[-103.21927,25.73201],[-103.21909,25.7319],[-103.21909,25.73163],[-103.21919,25.73159],[-103.2192,25.73127],[-103.21939,25.73116],[-103.2194,25.731],[-103.2198,25.73101],[-103.21982,25.73118],[-103.2202,25.73119],[-103.22032,25.73137],[-103.22059,25.73138],[-103.22061,25.73155],[-103.22089,25.73156],[-103.22101,25.73174],[-103.22118,25.73175]]]}},{"type":"Feature","properties":{"id":160,"estado":"activa","confianza":"alta","area_m2":78492,"perimetro_m":1746,"largo_m":580,"ancho_m":220,"lat":25.514475,"lon":-103.59029,"municipio":"Lerdo","cerca_de":"El Invernadero","dist_ref_km":22.1,"d_ciudad_km":4.8,"altura_m":1.9,"precio_m2":180,"precio_m2_min":115,"precio_m2_max":270,"valor":14000000,"valor_min":9200000,"valor_max":21000000},"geometry":{"type":"Polygon","coordinates":[[[-103.59412,25.51417],[-103.59411,25.51471],[-103.59403,25.51473],[-103.59401,25.5148],[-103.59374,25.51481],[-103.59361,25.51498],[-103.59311,25.51498],[-103.59308,25.51489],[-103.59285,25.51489],[-103.59282,25.51497],[-103.59272,25.515],[-103.59271,25.51524],[-103.59263,25.51525],[-103.59261,25.51533],[-103.59136,25.51532],[-103.59132,25.51541],[-103.59114,25.51542],[-103.59112,25.5155],[-103.58992,25.51549],[-103.58989,25.5154],[-103.58943,25.51539],[-103.58939,25.5153],[-103.58873,25.51529],[-103.58872,25.51512],[-103.58844,25.51511],[-103.58842,25.51503],[-103.58834,25.51502],[-103.58834,25.51475],[-103.58864,25.51475],[-103.58878,25.51493],[-103.58903,25.51491],[-103.58903,25.51469],[-103.58884,25.51457],[-103.58885,25.51403],[-103.58902,25.51403],[-103.58905,25.51394],[-103.5896,25.51395],[-103.58964,25.51386],[-103.59011,25.51386],[-103.59014,25.51377],[-103.59032,25.51376],[-103.59044,25.5136],[-103.59074,25.5136],[-103.59078,25.51369],[-103.59109,25.51369],[-103.59114,25.51351],[-103.59253,25.51353],[-103.59256,25.51379],[-103.59313,25.5138],[-103.59312,25.51416],[-103.59292,25.51429],[-103.59296,25.51461],[-103.5932,25.5146],[-103.59322,25.51443],[-103.5935,25.51443],[-103.59352,25.51417],[-103.59412,25.51417]],[[-103.59242,25.51461],[-103.59241,25.51453],[-103.59232,25.51452],[-103.59231,25.51426],[-103.59195,25.51425],[-103.59193,25.51442],[-103.59174,25.51443],[-103.59173,25.5146],[-103.59164,25.51461],[-103.59162,25.51469],[-103.59143,25.51471],[-103.59143,25.51503],[-103.59177,25.51505],[-103.59182,25.51496],[-103.59249,25.51496],[-103.59252,25.51464],[-103.59242,25.51461]]]}},{"type":"Feature","properties":{"id":161,"estado":"activa","confianza":"alta","area_m2":18465,"perimetro_m":602,"largo_m":190,"ancho_m":130,"lat":25.805354,"lon":-103.31872,"municipio":"Francisco I. Madero","cerca_de":"Buenavista de Arriba","dist_ref_km":23.7,"d_ciudad_km":18.7,"altura_m":3.0,"precio_m2":125,"precio_m2_min":80,"precio_m2_max":190,"valor":2300000,"valor_min":1500000,"valor_max":3500000,"grupo":123,"grupo_bloques":2,"grupo_m2":24197},"geometry":{"type":"Polygon","coordinates":[[[-103.31923,25.80459],[-103.31922,25.80559],[-103.31912,25.80562],[-103.31911,25.80622],[-103.31893,25.80622],[-103.31891,25.8063],[-103.31791,25.80629],[-103.31791,25.80593],[-103.318,25.80592],[-103.31802,25.80584],[-103.31822,25.80572],[-103.31822,25.80512],[-103.31832,25.80509],[-103.31833,25.80485],[-103.31841,25.80484],[-103.31863,25.80459],[-103.31923,25.80459]]]}},{"type":"Feature","properties":{"id":162,"estado":"activa","confianza":"media","area_m2":11793,"perimetro_m":441,"largo_m":120,"ancho_m":110,"lat":25.5008,"lon":-103.586265,"municipio":"Lerdo","cerca_de":"Las Piedras","dist_ref_km":22.5,"d_ciudad_km":5.5,"altura_m":3.7,"precio_m2":350,"precio_m2_min":230,"precio_m2_max":520,"valor":4100000,"valor_min":2700000,"valor_max":6100000},"geometry":{"type":"Polygon","coordinates":[[[-103.58682,25.5002],[-103.58681,25.50101],[-103.58663,25.50102],[-103.58651,25.50119],[-103.58581,25.50118],[-103.5858,25.5011],[-103.58571,25.50109],[-103.58572,25.50059],[-103.58562,25.50055],[-103.58562,25.50028],[-103.5858,25.50027],[-103.58582,25.50019],[-103.58682,25.5002]]]}},{"type":"Feature","properties":{"id":163,"estado":"activa","confianza":"alta","area_m2":16890,"perimetro_m":699,"largo_m":264,"ancho_m":98,"lat":25.38729,"lon":-103.440451,"municipio":"Lerdo","cerca_de":"Flor de Mayo","dist_ref_km":24.2,"d_ciudad_km":11.3,"altura_m":2.1,"precio_m2":260,"precio_m2_min":165,"precio_m2_max":380,"valor":4300000,"valor_min":2800000,"valor_max":6500000},"geometry":{"type":"Polygon","coordinates":[[[-103.44184,25.38678],[-103.44183,25.38723],[-103.44137,25.38723],[-103.44133,25.3874],[-103.44116,25.38741],[-103.44113,25.38749],[-103.44095,25.3875],[-103.44094,25.38758],[-103.44057,25.38758],[-103.44044,25.38775],[-103.44008,25.38775],[-103.44004,25.38784],[-103.43974,25.38784],[-103.43972,25.38766],[-103.43934,25.38765],[-103.43935,25.38738],[-103.43954,25.38735],[-103.43955,25.38702],[-103.4407,25.38703],[-103.44085,25.38686],[-103.44111,25.38686],[-103.44114,25.38677],[-103.44184,25.38678]]]}},{"type":"Feature","properties":{"id":164,"estado":"activa","confianza":"alta","area_m2":70700,"perimetro_m":1248,"largo_m":420,"ancho_m":200,"lat":25.398873,"lon":-103.306108,"municipio":"Matamoros","cerca_de":"Noacan","dist_ref_km":24.1,"d_ciudad_km":10.8,"altura_m":3.0,"precio_m2":100,"precio_m2_min":65,"precio_m2_max":150,"valor":7100000,"valor_min":4600000,"valor_max":11000000},"geometry":{"type":"Polygon","coordinates":[[[-103.30701,25.39829],[-103.30699,25.39946],[-103.30689,25.3995],[-103.3069,25.3997],[-103.30699,25.39973],[-103.30698,25.40036],[-103.30539,25.40034],[-103.30537,25.40026],[-103.30519,25.40025],[-103.30522,25.39813],[-103.30503,25.39799],[-103.30505,25.39655],[-103.30544,25.39655],[-103.30545,25.39663],[-103.30554,25.39664],[-103.30568,25.39683],[-103.30591,25.39683],[-103.30594,25.39674],[-103.30673,25.39675],[-103.30673,25.39738],[-103.30663,25.39741],[-103.30662,25.39761],[-103.30682,25.39765],[-103.30682,25.39816],[-103.30701,25.39829]]]}},{"type":"Feature","properties":{"id":165,"estado":"activa","confianza":"alta","area_m2":123169,"perimetro_m":2035,"largo_m":750,"ancho_m":240,"lat":25.809997,"lon":-103.31805,"municipio":"Francisco I. Madero","cerca_de":"Buenavista de Arriba","dist_ref_km":24.2,"d_ciudad_km":18.9,"altura_m":2.5,"precio_m2":100,"precio_m2_min":65,"precio_m2_max":150,"valor":12000000,"valor_min":8000000,"valor_max":18000000},"geometry":{"type":"Polygon","coordinates":[[[-103.31896,25.80937],[-103.31896,25.80964],[-103.31876,25.80968],[-103.31874,25.81127],[-103.31864,25.81131],[-103.31861,25.81289],[-103.31851,25.81293],[-103.31851,25.81343],[-103.31811,25.81343],[-103.31809,25.81334],[-103.31791,25.81333],[-103.3179,25.81326],[-103.31781,25.81324],[-103.31781,25.813],[-103.31772,25.81297],[-103.31771,25.81254],[-103.31752,25.81252],[-103.31751,25.81244],[-103.31733,25.81233],[-103.31731,25.81216],[-103.31703,25.81215],[-103.31703,25.81179],[-103.31713,25.81176],[-103.31713,25.81154],[-103.31684,25.81152],[-103.31683,25.81136],[-103.31674,25.81133],[-103.31676,25.81016],[-103.31733,25.81016],[-103.31736,25.80983],[-103.31676,25.8098],[-103.31676,25.80946],[-103.31657,25.80944],[-103.31657,25.80899],[-103.31677,25.80887],[-103.31678,25.80854],[-103.31688,25.8085],[-103.31688,25.80829],[-103.31678,25.80827],[-103.31679,25.80799],[-103.31698,25.80788],[-103.31699,25.80764],[-103.31719,25.80761],[-103.3172,25.80719],[-103.31739,25.80708],[-103.3174,25.80692],[-103.31759,25.8069],[-103.3176,25.80674],[-103.31769,25.80673],[-103.3177,25.80665],[-103.3182,25.80666],[-103.31825,25.80675],[-103.3188,25.80675],[-103.31876,25.80933],[-103.31896,25.80937]]]}},{"type":"Feature","properties":{"id":166,"estado":"activa","confianza":"alta","area_m2":103072,"perimetro_m":1959,"largo_m":579,"ancho_m":344,"lat":25.787163,"lon":-103.269369,"municipio":"Francisco I. Madero","cerca_de":"Las Virginias","dist_ref_km":24.0,"d_ciudad_km":18.7,"altura_m":6.0,"precio_m2":300,"precio_m2_min":190,"precio_m2_max":440,"valor":31000000,"valor_min":20000000,"valor_max":46000000},"geometry":{"type":"Polygon","coordinates":[[[-103.27059,25.78886],[-103.27059,25.78913],[-103.2705,25.78914],[-103.27038,25.7893],[-103.27011,25.78931],[-103.26998,25.78948],[-103.26989,25.7895],[-103.26988,25.78957],[-103.26948,25.78956],[-103.26947,25.78949],[-103.26938,25.78947],[-103.26938,25.78932],[-103.26929,25.78929],[-103.26929,25.78896],[-103.26919,25.78893],[-103.2692,25.78825],[-103.2691,25.78821],[-103.2691,25.78796],[-103.26901,25.78793],[-103.26901,25.78751],[-103.26892,25.78748],[-103.26888,25.78739],[-103.26852,25.78739],[-103.26853,25.78684],[-103.26862,25.78681],[-103.26862,25.7865],[-103.26833,25.78648],[-103.26832,25.7864],[-103.26813,25.7863],[-103.26813,25.78614],[-103.26804,25.78612],[-103.26799,25.78603],[-103.26776,25.78603],[-103.26774,25.78611],[-103.26764,25.78614],[-103.26764,25.78629],[-103.26755,25.7863],[-103.26753,25.78638],[-103.26736,25.78639],[-103.26733,25.78647],[-103.26674,25.78646],[-103.26673,25.78631],[-103.26664,25.78628],[-103.26664,25.78587],[-103.26655,25.78583],[-103.26655,25.78556],[-103.26664,25.78554],[-103.26665,25.78538],[-103.26674,25.78537],[-103.26685,25.7852],[-103.26704,25.78519],[-103.26706,25.78502],[-103.26723,25.78502],[-103.26726,25.78493],[-103.26766,25.78494],[-103.26769,25.78503],[-103.26792,25.78503],[-103.26795,25.78494],[-103.26805,25.78492],[-103.26806,25.78476],[-103.26833,25.78476],[-103.26846,25.78459],[-103.26855,25.78457],[-103.26856,25.7845],[-103.26892,25.7845],[-103.26896,25.78441],[-103.26976,25.78442],[-103.26975,25.78469],[-103.26965,25.78473],[-103.26965,25.7852],[-103.26975,25.78523],[-103.26975,25.7854],[-103.26984,25.78542],[-103.26984,25.78583],[-103.26994,25.78587],[-103.26993,25.78637],[-103.27003,25.78641],[-103.27003,25.78666],[-103.27012,25.78668],[-103.27012,25.78693],[-103.27022,25.78696],[-103.27021,25.78737],[-103.27031,25.78741],[-103.27031,25.78791],[-103.2704,25.78795],[-103.27041,25.7882],[-103.2705,25.78822],[-103.27049,25.78881],[-103.27059,25.78886]]]}},{"type":"Feature","properties":{"id":167,"estado":"activa","confianza":"alta","area_m2":209011,"perimetro_m":2231,"largo_m":694,"ancho_m":502,"lat":25.76102,"lon":-103.235553,"municipio":"Francisco I. Madero","cerca_de":"6 de Octubre","dist_ref_km":23.6,"d_ciudad_km":18.5,"altura_m":5.5,"precio_m2":160,"precio_m2_min":105,"precio_m2_max":240,"valor":34000000,"valor_min":22000000,"valor_max":50000000},"geometry":{"type":"Polygon","coordinates":[[[-103.2377,25.76111],[-103.23768,25.76183],[-103.23748,25.76187],[-103.23748,25.76216],[-103.23768,25.76228],[-103.23766,25.76336],[-103.23757,25.76339],[-103.23756,25.76354],[-103.23736,25.76365],[-103.23736,25.76381],[-103.23726,25.76384],[-103.23725,25.76399],[-103.23698,25.76399],[-103.23685,25.76417],[-103.23645,25.76416],[-103.23641,25.76407],[-103.23606,25.76407],[-103.23602,25.76398],[-103.23566,25.76397],[-103.23562,25.76388],[-103.23526,25.76388],[-103.23524,25.7637],[-103.23507,25.76369],[-103.23503,25.7636],[-103.23467,25.7636],[-103.23463,25.76351],[-103.23427,25.7635],[-103.23425,25.76342],[-103.23407,25.76341],[-103.23406,25.76334],[-103.23397,25.76332],[-103.23385,25.76314],[-103.23318,25.76313],[-103.23316,25.76305],[-103.23298,25.76304],[-103.23295,25.76295],[-103.23268,25.76294],[-103.23268,25.76278],[-103.23249,25.76267],[-103.23249,25.76222],[-103.23267,25.76221],[-103.2327,25.76204],[-103.23289,25.76202],[-103.2329,25.76168],[-103.23298,25.76167],[-103.233,25.76159],[-103.23319,25.76149],[-103.23321,25.76132],[-103.23329,25.76131],[-103.23331,25.76123],[-103.2335,25.76112],[-103.23351,25.76097],[-103.23359,25.76096],[-103.23361,25.76088],[-103.23369,25.76087],[-103.23371,25.76079],[-103.23379,25.76078],[-103.23381,25.7607],[-103.234,25.76059],[-103.23402,25.76043],[-103.2341,25.76042],[-103.23412,25.76034],[-103.2342,25.76033],[-103.23422,25.76025],[-103.2343,25.76024],[-103.23432,25.76016],[-103.23451,25.76006],[-103.23452,25.7599],[-103.23472,25.75978],[-103.23473,25.75954],[-103.23481,25.75952],[-103.23483,25.75945],[-103.23541,25.75944],[-103.23543,25.75936],[-103.23562,25.75925],[-103.23563,25.7591],[-103.23571,25.75909],[-103.23573,25.75901],[-103.23592,25.7589],[-103.23594,25.75874],[-103.23613,25.75863],[-103.23614,25.75847],[-103.2363,25.75847],[-103.23634,25.75838],[-103.23653,25.75836],[-103.23655,25.75793],[-103.23684,25.75794],[-103.23684,25.75836],[-103.23694,25.75839],[-103.23695,25.75855],[-103.23703,25.75857],[-103.23704,25.75873],[-103.23713,25.75875],[-103.23712,25.75962],[-103.23722,25.75966],[-103.23721,25.76017],[-103.23731,25.7602],[-103.2373,25.7608],[-103.2376,25.76084],[-103.2376,25.76107],[-103.2377,25.76111]]]}},{"type":"Feature","properties":{"id":168,"estado":"activa","confianza":"media","area_m2":41587,"perimetro_m":1231,"largo_m":490,"ancho_m":128,"lat":25.517714,"lon":-103.599863,"municipio":"Lerdo","cerca_de":"Seis de Enero","dist_ref_km":22.8,"d_ciudad_km":5.5,"altura_m":2.4,"precio_m2":160,"precio_m2_min":105,"precio_m2_max":240,"valor":6800000,"valor_min":4400000,"valor_max":10000000},"geometry":{"type":"Polygon","coordinates":[[[-103.60213,25.51813],[-103.60213,25.51849],[-103.60167,25.51849],[-103.60163,25.51858],[-103.60113,25.51857],[-103.60111,25.51849],[-103.60093,25.51848],[-103.60089,25.51839],[-103.60054,25.51839],[-103.60049,25.5183],[-103.60004,25.51829],[-103.60002,25.51821],[-103.59974,25.5182],[-103.5997,25.51811],[-103.59915,25.5181],[-103.59901,25.51792],[-103.59825,25.51791],[-103.59824,25.51784],[-103.59816,25.51782],[-103.59803,25.51765],[-103.59766,25.51764],[-103.59763,25.51755],[-103.59746,25.51755],[-103.59747,25.51718],[-103.59833,25.51719],[-103.59836,25.51692],[-103.59876,25.51693],[-103.59881,25.51702],[-103.59956,25.51702],[-103.59957,25.51719],[-103.59965,25.5172],[-103.59968,25.51729],[-103.59985,25.5173],[-103.59999,25.51748],[-103.60045,25.51748],[-103.6005,25.51757],[-103.6009,25.51758],[-103.60095,25.51749],[-103.60134,25.51749],[-103.60136,25.51757],[-103.60154,25.51758],[-103.60155,25.51766],[-103.60174,25.51777],[-103.60175,25.51812],[-103.60213,25.51813]]]}},{"type":"Feature","properties":{"id":169,"estado":"activa","confianza":"alta","area_m2":193094,"perimetro_m":2008,"largo_m":502,"ancho_m":426,"lat":25.694428,"lon":-103.598685,"municipio":"Gómez Palacio","cerca_de":"Las Margaritas","dist_ref_km":23.1,"d_ciudad_km":11.6,"altura_m":7.4,"precio_m2":95,"precio_m2_min":60,"precio_m2_max":140,"valor":18000000,"valor_min":12000000,"valor_max":27000000},"geometry":{"type":"Polygon","coordinates":[[[-103.60137,25.69509],[-103.60136,25.69581],[-103.60119,25.69581],[-103.60116,25.6959],[-103.60098,25.6959],[-103.60096,25.69598],[-103.6002,25.69598],[-103.60006,25.69616],[-103.5996,25.69615],[-103.59956,25.69624],[-103.59929,25.69624],[-103.59926,25.69633],[-103.5986,25.69632],[-103.59846,25.6965],[-103.598,25.6965],[-103.59796,25.69659],[-103.59769,25.69659],[-103.59766,25.69668],[-103.59677,25.69667],[-103.59677,25.69598],[-103.59657,25.69594],[-103.59658,25.69553],[-103.59648,25.69549],[-103.59648,25.69524],[-103.59638,25.69522],[-103.59639,25.6948],[-103.59619,25.69467],[-103.5962,25.69407],[-103.596,25.69395],[-103.59601,25.69314],[-103.59609,25.69313],[-103.59611,25.69305],[-103.59677,25.69305],[-103.59681,25.69297],[-103.59699,25.69296],[-103.59701,25.69288],[-103.59747,25.69288],[-103.59751,25.69279],[-103.59778,25.69279],[-103.59781,25.6927],[-103.59837,25.69271],[-103.59841,25.69262],[-103.59859,25.69261],[-103.59861,25.69253],[-103.59891,25.69253],[-103.59894,25.69271],[-103.59937,25.69272],[-103.59941,25.69236],[-103.59986,25.69236],[-103.59991,25.69227],[-103.6002,25.69228],[-103.60025,25.69237],[-103.6006,25.69237],[-103.60061,25.69253],[-103.6008,25.69264],[-103.60079,25.69291],[-103.6006,25.69295],[-103.60059,25.69342],[-103.60069,25.69345],[-103.6007,25.69362],[-103.60079,25.69364],[-103.60079,25.69398],[-103.60108,25.694],[-103.60109,25.69416],[-103.60118,25.69418],[-103.60117,25.69469],[-103.60127,25.69472],[-103.60127,25.69506],[-103.60137,25.69509]]]}},{"type":"Feature","properties":{"id":170,"estado":"activa","confianza":"alta","area_m2":18994,"perimetro_m":631,"largo_m":180,"ancho_m":130,"lat":25.828216,"lon":-103.369469,"municipio":"Gómez Palacio","cerca_de":"El Veintinueve de Agosto","dist_ref_km":25.2,"d_ciudad_km":20.2,"altura_m":0.8,"precio_m2":110,"precio_m2_min":70,"precio_m2_max":165,"valor":2100000,"valor_min":1400000,"valor_max":3100000},"geometry":{"type":"Polygon","coordinates":[[[-103.36998,25.82738],[-103.36996,25.82855],[-103.36987,25.82859],[-103.36986,25.829],[-103.36926,25.829],[-103.36923,25.82891],[-103.36896,25.8289],[-103.36892,25.82881],[-103.36866,25.82881],[-103.36867,25.82845],[-103.36884,25.82844],[-103.36887,25.82836],[-103.36897,25.82832],[-103.36897,25.82811],[-103.36877,25.828],[-103.36878,25.82773],[-103.36907,25.82771],[-103.36908,25.82737],[-103.36998,25.82738]]]}},{"type":"Feature","properties":{"id":171,"estado":"activa","confianza":"alta","area_m2":154131,"perimetro_m":2299,"largo_m":780,"ancho_m":393,"lat":25.76622,"lon":-103.233084,"municipio":"Francisco I. Madero","cerca_de":"6 de Octubre","dist_ref_km":24.2,"d_ciudad_km":19.2,"altura_m":5.9,"precio_m2":150,"precio_m2_min":95,"precio_m2_max":220,"valor":23000000,"valor_min":15000000,"valor_max":35000000},"geometry":{"type":"Polygon","coordinates":[[[-103.23618,25.76921],[-103.23617,25.76957],[-103.23568,25.76957],[-103.23564,25.76948],[-103.23528,25.76947],[-103.23526,25.76939],[-103.23508,25.76938],[-103.23505,25.76929],[-103.23468,25.76929],[-103.23465,25.7692],[-103.23429,25.76919],[-103.23425,25.7691],[-103.23399,25.7691],[-103.23397,25.76902],[-103.23379,25.769],[-103.23376,25.76892],[-103.23339,25.76891],[-103.23338,25.76883],[-103.2331,25.76863],[-103.23307,25.76846],[-103.2321,25.76844],[-103.23207,25.76835],[-103.23181,25.76835],[-103.23179,25.76827],[-103.23161,25.76817],[-103.23162,25.76753],[-103.23171,25.76751],[-103.23172,25.76726],[-103.23182,25.76723],[-103.23183,25.76663],[-103.23193,25.76659],[-103.23195,25.76541],[-103.23185,25.76537],[-103.23185,25.76514],[-103.23175,25.7651],[-103.23175,25.76494],[-103.23156,25.76482],[-103.23154,25.76474],[-103.23146,25.76473],[-103.23147,25.76401],[-103.23167,25.7639],[-103.23168,25.76356],[-103.23208,25.76357],[-103.23209,25.76383],[-103.23227,25.76384],[-103.23231,25.76393],[-103.23247,25.76393],[-103.2325,25.76402],[-103.23287,25.76403],[-103.23299,25.76421],[-103.23356,25.76422],[-103.2336,25.76431],[-103.23386,25.76431],[-103.23387,25.76439],[-103.23396,25.7644],[-103.23397,25.76466],[-103.23425,25.76468],[-103.23427,25.76475],[-103.23445,25.76486],[-103.23445,25.76513],[-103.23368,25.76512],[-103.23365,25.76536],[-103.23404,25.7654],[-103.23404,25.76582],[-103.23424,25.76585],[-103.23422,25.76681],[-103.23442,25.76694],[-103.23442,25.76709],[-103.23452,25.76712],[-103.23452,25.76737],[-103.23461,25.76739],[-103.23464,25.76747],[-103.23481,25.76748],[-103.23482,25.76756],[-103.23491,25.76757],[-103.23492,25.76774],[-103.235,25.76776],[-103.23502,25.76783],[-103.2351,25.76785],[-103.23511,25.76792],[-103.2352,25.76794],[-103.23532,25.76811],[-103.2354,25.76812],[-103.2354,25.76837],[-103.23559,25.76848],[-103.23561,25.76856],[-103.23569,25.76858],[-103.23571,25.76866],[-103.23579,25.76867],[-103.23579,25.76882],[-103.23589,25.76885],[-103.2359,25.76893],[-103.23608,25.76894],[-103.23608,25.76918],[-103.23618,25.76921]]]}},{"type":"Feature","properties":{"id":172,"estado":"activa","confianza":"alta","mixta":true,"area_m2":160558,"perimetro_m":2507,"largo_m":752,"ancho_m":384,"lat":25.508924,"lon":-103.602188,"municipio":"Lerdo","cerca_de":"El Paraíso","dist_ref_km":23.5,"d_ciudad_km":6.1,"altura_m":5.9,"precio_m2":195,"precio_m2_min":125,"precio_m2_max":290,"valor":31000000,"valor_min":20000000,"valor_max":46000000,"grupo":136,"grupo_bloques":2,"grupo_m2":427622},"geometry":{"type":"Polygon","coordinates":[[[-103.60575,25.5067],[-103.60574,25.50715],[-103.60557,25.50715],[-103.60554,25.50733],[-103.60535,25.50735],[-103.60534,25.5076],[-103.60515,25.50771],[-103.60514,25.50787],[-103.60504,25.5079],[-103.60503,25.50805],[-103.60495,25.50806],[-103.60493,25.50814],[-103.60474,25.50824],[-103.60473,25.50841],[-103.60454,25.50843],[-103.60453,25.50867],[-103.60433,25.50879],[-103.60433,25.50903],[-103.60424,25.50905],[-103.60423,25.50912],[-103.60395,25.50913],[-103.60392,25.50939],[-103.60384,25.5094],[-103.60382,25.50948],[-103.60355,25.50948],[-103.60352,25.50966],[-103.60333,25.50968],[-103.60332,25.50993],[-103.60322,25.50997],[-103.60322,25.51025],[-103.60332,25.51029],[-103.60331,25.51056],[-103.60314,25.51056],[-103.60311,25.51074],[-103.60294,25.51074],[-103.60281,25.51091],[-103.60264,25.51092],[-103.60261,25.511],[-103.60253,25.51102],[-103.60251,25.51118],[-103.60232,25.51129],[-103.60231,25.51145],[-103.60212,25.51156],[-103.60211,25.51172],[-103.60202,25.51173],[-103.60201,25.51181],[-103.60154,25.51181],[-103.60151,25.51199],[-103.60131,25.51201],[-103.60131,25.51216],[-103.60091,25.51216],[-103.60091,25.51182],[-103.60071,25.5118],[-103.60071,25.51164],[-103.60062,25.51162],[-103.60061,25.51145],[-103.60052,25.51143],[-103.60052,25.51092],[-103.60033,25.51089],[-103.60032,25.51073],[-103.60023,25.51071],[-103.60011,25.51054],[-103.60003,25.51053],[-103.60003,25.51019],[-103.59984,25.51016],[-103.59983,25.51001],[-103.59974,25.50998],[-103.59973,25.50982],[-103.59964,25.5098],[-103.59965,25.50944],[-103.59974,25.50942],[-103.59975,25.50926],[-103.59992,25.50926],[-103.59995,25.50917],[-103.60004,25.50915],[-103.60005,25.50881],[-103.60072,25.50881],[-103.60075,25.50873],[-103.60093,25.50872],[-103.60095,25.50864],[-103.60121,25.50864],[-103.60125,25.50855],[-103.60151,25.50855],[-103.60155,25.50847],[-103.60181,25.50847],[-103.60185,25.50838],[-103.60202,25.50837],[-103.60215,25.5082],[-103.60224,25.50818],[-103.60225,25.50811],[-103.60255,25.50811],[-103.60257,25.50847],[-103.6028,25.50848],[-103.60284,25.50839],[-103.60302,25.50838],[-103.60304,25.50821],[-103.60314,25.50816],[-103.60314,25.50797],[-103.60305,25.50794],[-103.60305,25.50767],[-103.60335,25.50767],[-103.60338,25.50776],[-103.6036,25.50776],[-103.60365,25.50767],[-103.60373,25.50766],[-103.60375,25.5074],[-103.60384,25.50738],[-103.60385,25.50722],[-103.60404,25.50712],[-103.60405,25.50695],[-103.60424,25.50685],[-103.60425,25.50669],[-103.60435,25.50665],[-103.60436,25.50651],[-103.60445,25.50648],[-103.60446,25.50633],[-103.60455,25.5063],[-103.60456,25.50615],[-103.60465,25.50612],[-103.60466,25.50579],[-103.60496,25.50579],[-103.60497,25.50587],[-103.60526,25.50606],[-103.60527,25.50623],[-103.60535,25.50624],[-103.60536,25.50632],[-103.60545,25.50634],[-103.60557,25.50651],[-103.60565,25.50652],[-103.60565,25.50667],[-103.60575,25.5067]]]}},{"type":"Feature","properties":{"id":173,"estado":"activa","confianza":"media","area_m2":5376,"perimetro_m":384,"largo_m":153,"ancho_m":57,"lat":25.377955,"lon":-103.461532,"municipio":"Lerdo","cerca_de":"La Campana","dist_ref_km":25.7,"d_ciudad_km":13.2,"altura_m":2.5,"precio_m2":150,"precio_m2_min":95,"precio_m2_max":220,"valor":800000,"valor_min":520000,"valor_max":1200000},"geometry":{"type":"Polygon","coordinates":[[[-103.46223,25.3776],[-103.46223,25.37787],[-103.46197,25.37787],[-103.46193,25.37796],[-103.46176,25.37796],[-103.46163,25.37814],[-103.46154,25.37815],[-103.46153,25.37823],[-103.46126,25.37823],[-103.46123,25.37831],[-103.46093,25.37831],[-103.46093,25.37804],[-103.46111,25.37803],[-103.46113,25.37795],[-103.46122,25.37794],[-103.46123,25.37786],[-103.46142,25.37776],[-103.46144,25.37768],[-103.46161,25.37768],[-103.46164,25.3776],[-103.46223,25.3776]]]}},{"type":"Feature","properties":{"id":174,"estado":"activa","confianza":"alta","area_m2":276697,"perimetro_m":4019,"largo_m":1023,"ancho_m":557,"lat":25.822867,"lon":-103.314333,"municipio":"Francisco I. Madero","cerca_de":"Buenavista de Arriba","dist_ref_km":25.7,"d_ciudad_km":20.3,"altura_m":3.8,"precio_m2":90,"precio_m2_min":55,"precio_m2_max":130,"valor":24000000,"valor_min":16000000,"valor_max":37000000},"geometry":{"type":"Polygon","coordinates":[[[-103.31619,25.82189],[-103.31618,25.82243],[-103.31608,25.82248],[-103.31609,25.82267],[-103.31618,25.8227],[-103.31618,25.82306],[-103.31609,25.82308],[-103.31607,25.82324],[-103.31597,25.82328],[-103.31595,25.82487],[-103.31585,25.82491],[-103.31583,25.82613],[-103.31573,25.82617],[-103.31572,25.82694],[-103.31522,25.82693],[-103.31519,25.82685],[-103.31483,25.82684],[-103.31478,25.82675],[-103.31368,25.82674],[-103.31353,25.82691],[-103.31344,25.82693],[-103.31343,25.827],[-103.31334,25.82702],[-103.31332,25.82718],[-103.31293,25.82718],[-103.31293,25.82694],[-103.31273,25.82682],[-103.31271,25.82673],[-103.31193,25.82672],[-103.31193,25.82656],[-103.31184,25.82653],[-103.31183,25.82637],[-103.31174,25.82635],[-103.31175,25.82554],[-103.31195,25.82542],[-103.31196,25.82482],[-103.31206,25.82479],[-103.31207,25.82446],[-103.31217,25.82443],[-103.31217,25.82392],[-103.31226,25.8239],[-103.31228,25.82374],[-103.31238,25.82371],[-103.31239,25.82293],[-103.31259,25.82281],[-103.3126,25.82221],[-103.3127,25.82218],[-103.3127,25.82194],[-103.31278,25.82193],[-103.3128,25.82185],[-103.313,25.82173],[-103.31302,25.82059],[-103.3131,25.82058],[-103.31312,25.8205],[-103.3133,25.82049],[-103.31332,25.82041],[-103.31351,25.8204],[-103.31352,25.82017],[-103.31313,25.82014],[-103.31309,25.82005],[-103.31277,25.82005],[-103.31273,25.82013],[-103.31254,25.82014],[-103.31242,25.82031],[-103.31213,25.82031],[-103.3121,25.82022],[-103.31183,25.82021],[-103.31181,25.82013],[-103.31163,25.82012],[-103.3116,25.82003],[-103.31133,25.82003],[-103.3112,25.81985],[-103.31094,25.81984],[-103.31081,25.81966],[-103.31044,25.81966],[-103.31042,25.81958],[-103.31024,25.81956],[-103.3102,25.81947],[-103.30974,25.81947],[-103.30975,25.8192],[-103.30983,25.81919],[-103.30985,25.81911],[-103.31003,25.8191],[-103.31005,25.81902],[-103.31013,25.81901],[-103.31015,25.81893],[-103.31034,25.81883],[-103.31035,25.81875],[-103.31063,25.81875],[-103.31075,25.81858],[-103.31105,25.81858],[-103.31106,25.81865],[-103.31115,25.81867],[-103.31116,25.81875],[-103.31125,25.81876],[-103.31138,25.81894],[-103.31175,25.81895],[-103.31179,25.81913],[-103.31203,25.81912],[-103.31205,25.81886],[-103.31245,25.81887],[-103.31249,25.81905],[-103.3136,25.81906],[-103.31364,25.81888],[-103.31373,25.81887],[-103.31374,25.81879],[-103.31404,25.8188],[-103.31409,25.81889],[-103.31474,25.81889],[-103.31477,25.81898],[-103.31504,25.81899],[-103.31503,25.81932],[-103.31523,25.81935],[-103.31523,25.81962],[-103.31487,25.81962],[-103.31483,25.81971],[-103.31436,25.8197],[-103.31433,25.81979],[-103.31415,25.8198],[-103.31413,25.81988],[-103.31396,25.81988],[-103.31393,25.81997],[-103.31383,25.82],[-103.31385,25.82023],[-103.31442,25.82024],[-103.31441,25.82079],[-103.31421,25.82082],[-103.31419,25.82256],[-103.31499,25.8226],[-103.31502,25.82269],[-103.31538,25.82269],[-103.31542,25.82278],[-103.31565,25.82278],[-103.31568,25.8227],[-103.31578,25.82266],[-103.31579,25.82207],[-103.31589,25.82204],[-103.31589,25.82189],[-103.31619,25.82189]]]}},{"type":"Feature","properties":{"id":175,"estado":"activa","confianza":"alta","mixta":true,"area_m2":267064,"perimetro_m":3872,"largo_m":719,"ancho_m":689,"lat":25.505768,"lon":-103.606402,"municipio":"Lerdo","cerca_de":"El Paraíso","dist_ref_km":24.0,"d_ciudad_km":6.8,"altura_m":3.9,"precio_m2":210,"precio_m2_min":140,"precio_m2_max":320,"valor":57000000,"valor_min":37000000,"valor_max":85000000,"grupo":136,"grupo_bloques":2,"grupo_m2":427622},"geometry":{"type":"Polygon","coordinates":[[[-103.61165,25.50405],[-103.61164,25.50468],[-103.61155,25.50469],[-103.61154,25.50477],[-103.61127,25.50477],[-103.61114,25.50494],[-103.61088,25.50494],[-103.61084,25.50503],[-103.61038,25.50503],[-103.61034,25.50512],[-103.61016,25.50513],[-103.61014,25.50521],[-103.60974,25.50524],[-103.60974,25.50563],[-103.60994,25.50575],[-103.60995,25.50591],[-103.61013,25.50602],[-103.61013,25.50662],[-103.61032,25.50665],[-103.61033,25.50709],[-103.61052,25.50711],[-103.61054,25.50719],[-103.61072,25.5072],[-103.61073,25.50728],[-103.61081,25.50729],[-103.61081,25.50774],[-103.61011,25.50773],[-103.60998,25.50756],[-103.60964,25.50756],[-103.60962,25.50779],[-103.60971,25.50782],[-103.60974,25.50791],[-103.60991,25.50791],[-103.60991,25.50818],[-103.60974,25.50818],[-103.60971,25.50827],[-103.60953,25.50828],[-103.60941,25.50845],[-103.60932,25.50847],[-103.60931,25.50854],[-103.60922,25.50855],[-103.60921,25.50863],[-103.60912,25.50864],[-103.60911,25.50872],[-103.60902,25.50873],[-103.60901,25.50881],[-103.60884,25.50881],[-103.60881,25.5089],[-103.60862,25.5089],[-103.60861,25.50898],[-103.60851,25.50901],[-103.6085,25.50916],[-103.60815,25.50916],[-103.6081,25.50925],[-103.60781,25.50925],[-103.60779,25.50917],[-103.60771,25.50916],[-103.60771,25.50892],[-103.60761,25.50888],[-103.60761,25.50864],[-103.60752,25.50861],[-103.60752,25.50834],[-103.6076,25.50833],[-103.60762,25.50825],[-103.6077,25.50824],[-103.60772,25.50816],[-103.6078,25.50815],[-103.60782,25.50807],[-103.6079,25.50806],[-103.60792,25.50798],[-103.60811,25.50788],[-103.60812,25.50781],[-103.60829,25.5078],[-103.60832,25.50772],[-103.60907,25.50772],[-103.60912,25.50768],[-103.60912,25.50749],[-103.60902,25.50745],[-103.60901,25.50729],[-103.60892,25.50727],[-103.60892,25.50711],[-103.60873,25.507],[-103.60873,25.50667],[-103.60863,25.50664],[-103.60863,25.50639],[-103.60844,25.50627],[-103.60844,25.50604],[-103.60834,25.506],[-103.60833,25.50575],[-103.60824,25.50573],[-103.60821,25.50564],[-103.60797,25.50564],[-103.60795,25.50573],[-103.60777,25.50574],[-103.60765,25.5059],[-103.60747,25.50591],[-103.60735,25.50608],[-103.60716,25.50609],[-103.60715,25.50617],[-103.60696,25.50628],[-103.60694,25.50635],[-103.60677,25.50636],[-103.60664,25.50653],[-103.60656,25.50654],[-103.60654,25.50662],[-103.60637,25.50662],[-103.60624,25.50679],[-103.60594,25.50679],[-103.60593,25.50671],[-103.60575,25.50661],[-103.60574,25.50644],[-103.60565,25.50643],[-103.60564,25.50635],[-103.60555,25.50634],[-103.60544,25.50616],[-103.60535,25.50615],[-103.60535,25.50599],[-103.60506,25.50579],[-103.60506,25.50543],[-103.60515,25.50542],[-103.60517,25.50534],[-103.60525,25.50533],[-103.60527,25.50525],[-103.60535,25.50524],[-103.60537,25.50516],[-103.60545,25.50515],[-103.60547,25.50507],[-103.60555,25.50506],[-103.60557,25.50498],[-103.60565,25.50497],[-103.60567,25.50489],[-103.60586,25.50479],[-103.60587,25.50471],[-103.60595,25.5047],[-103.60596,25.5046],[-103.60578,25.50464],[-103.60577,25.50471],[-103.60568,25.50473],[-103.60567,25.5048],[-103.60559,25.50481],[-103.60557,25.50489],[-103.60549,25.5049],[-103.60547,25.50498],[-103.60539,25.50499],[-103.60537,25.50507],[-103.60529,25.50508],[-103.60527,25.50516],[-103.60508,25.50526],[-103.60507,25.50534],[-103.60477,25.50534],[-103.60477,25.50506],[-103.60487,25.50502],[-103.60488,25.50447],[-103.60478,25.50443],[-103.60478,25.50407],[-103.60488,25.50404],[-103.60489,25.50362],[-103.60499,25.50358],[-103.60499,25.50317],[-103.60509,25.50315],[-103.60509,25.50299],[-103.60517,25.50298],[-103.60519,25.5029],[-103.60527,25.50289],[-103.60529,25.50281],[-103.60538,25.5028],[-103.60539,25.50272],[-103.60558,25.50262],[-103.6056,25.50245],[-103.60568,25.50244],[-103.6057,25.50237],[-103.60587,25.50236],[-103.6059,25.50228],[-103.60629,25.50228],[-103.60632,25.50237],[-103.60659,25.50237],[-103.60663,25.50246],[-103.60709,25.50247],[-103.60712,25.50256],[-103.60739,25.50256],[-103.6074,25.50264],[-103.60748,25.50265],[-103.60749,25.50281],[-103.60758,25.50283],[-103.60761,25.50337],[-103.60785,25.50337],[-103.60798,25.5032],[-103.60806,25.50318],[-103.60808,25.50311],[-103.60816,25.50309],[-103.60818,25.50275],[-103.60868,25.50275],[-103.60871,25.50284],[-103.60897,25.50285],[-103.60901,25.50294],[-103.60927,25.50294],[-103.60929,25.50302],[-103.60947,25.50303],[-103.60949,25.50311],[-103.60967,25.50313],[-103.6097,25.50321],[-103.61026,25.50322],[-103.6103,25.50331],[-103.61066,25.50332],[-103.61069,25.5034],[-103.61086,25.50341],[-103.61089,25.5035],[-103.61106,25.5035],[-103.61107,25.50358],[-103.61115,25.50359],[-103.61117,25.50366],[-103.61125,25.50368],[-103.61126,25.50376],[-103.61135,25.50377],[-103.61136,25.50385],[-103.61145,25.50386],[-103.61157,25.50404],[-103.61165,25.50405]],[[-103.60628,25.50345],[-103.60695,25.50346],[-103.60698,25.50322],[-103.60621,25.50319],[-103.60618,25.50336],[-103.60599,25.50339],[-103.606,25.50376],[-103.60627,25.50371],[-103.60628,25.50345]]]}},{"type":"Feature","properties":{"id":176,"estado":"activa","confianza":"media","area_m2":8326,"perimetro_m":456,"largo_m":142,"ancho_m":98,"lat":25.384704,"lon":-103.30328,"municipio":"Viesca","cerca_de":"Noacan","dist_ref_km":25.7,"d_ciudad_km":12.5,"altura_m":2.7,"precio_m2":120,"precio_m2_min":80,"precio_m2_max":180,"valor":1000000,"valor_min":660000,"valor_max":1500000},"geometry":{"type":"Polygon","coordinates":[[[-103.30402,25.3848],[-103.30401,25.38516],[-103.30393,25.38517],[-103.30391,25.38525],[-103.30361,25.38525],[-103.30358,25.38507],[-103.30332,25.38506],[-103.30328,25.38497],[-103.30272,25.38497],[-103.30273,25.3846],[-103.30301,25.38459],[-103.30303,25.38434],[-103.30312,25.38433],[-103.30313,25.38425],[-103.30343,25.38425],[-103.30344,25.38442],[-103.30363,25.38443],[-103.30363,25.38459],[-103.30382,25.38462],[-103.30384,25.38479],[-103.30402,25.3848]]]}},{"type":"Feature","properties":{"id":177,"estado":"activa","confianza":"alta","area_m2":31201,"perimetro_m":848,"largo_m":320,"ancho_m":120,"lat":25.834448,"lon":-103.362053,"municipio":"Gómez Palacio","cerca_de":"Jiménez","dist_ref_km":26.0,"d_ciudad_km":20.9,"altura_m":2.8,"precio_m2":105,"precio_m2_min":70,"precio_m2_max":155,"valor":3200000,"valor_min":2100000,"valor_max":4900000},"geometry":{"type":"Polygon","coordinates":[[[-103.36272,25.83335],[-103.36271,25.83407],[-103.36261,25.83411],[-103.3626,25.83479],[-103.3625,25.83482],[-103.36249,25.8356],[-103.36239,25.83564],[-103.36238,25.83596],[-103.3623,25.83597],[-103.36218,25.83614],[-103.36168,25.83613],[-103.36169,25.83545],[-103.36149,25.83541],[-103.36151,25.83378],[-103.3616,25.83377],[-103.36162,25.8336],[-103.36171,25.83357],[-103.36172,25.83324],[-103.36262,25.83325],[-103.36263,25.83333],[-103.36272,25.83335]]]}},{"type":"Feature","properties":{"id":178,"estado":"activa","confianza":"media","area_m2":5306,"perimetro_m":321,"largo_m":90,"ancho_m":80,"lat":25.388519,"lon":-103.291444,"municipio":"Viesca","cerca_de":"Noacan","dist_ref_km":25.7,"d_ciudad_km":12.5,"altura_m":1.1,"precio_m2":120,"precio_m2_min":80,"precio_m2_max":180,"valor":640000,"valor_min":420000,"valor_max":970000},"geometry":{"type":"Polygon","coordinates":[[[-103.29194,25.38863],[-103.29194,25.3889],[-103.29134,25.3889],[-103.29132,25.38872],[-103.29104,25.38871],[-103.29105,25.38844],[-103.29123,25.38843],[-103.29125,25.38835],[-103.29144,25.38825],[-103.29145,25.38818],[-103.29185,25.38818],[-103.29184,25.3886],[-103.29194,25.38863]]]}},{"type":"Feature","properties":{"id":179,"estado":"activa","confianza":"alta","area_m2":61773,"perimetro_m":2043,"largo_m":682,"ancho_m":183,"lat":25.77456,"lon":-103.230963,"municipio":"Francisco I. Madero","cerca_de":"6 de Octubre","dist_ref_km":25.1,"d_ciudad_km":20.0,"altura_m":1.7,"precio_m2":150,"precio_m2_min":100,"precio_m2_max":230,"valor":9400000,"valor_min":6100000,"valor_max":14000000},"geometry":{"type":"Polygon","coordinates":[[[-103.2354,25.77489],[-103.23539,25.77525],[-103.2353,25.77528],[-103.23529,25.77543],[-103.23483,25.77543],[-103.23479,25.77552],[-103.23394,25.77551],[-103.23389,25.7756],[-103.23359,25.77559],[-103.23345,25.77541],[-103.23234,25.7754],[-103.2323,25.77549],[-103.2309,25.77547],[-103.23088,25.77538],[-103.2307,25.77538],[-103.23071,25.77511],[-103.23107,25.77511],[-103.23111,25.77502],[-103.23129,25.77501],[-103.2313,25.77476],[-103.23091,25.77475],[-103.23087,25.77466],[-103.22986,25.77464],[-103.22972,25.77482],[-103.22963,25.77484],[-103.22961,25.77491],[-103.22932,25.77491],[-103.22931,25.77448],[-103.22892,25.77445],[-103.22892,25.77429],[-103.22883,25.77427],[-103.22884,25.77364],[-103.22892,25.77363],[-103.22894,25.77355],[-103.22931,25.77355],[-103.22934,25.77346],[-103.22974,25.77347],[-103.22977,25.77356],[-103.23013,25.77356],[-103.23025,25.77374],[-103.23043,25.77375],[-103.23046,25.77384],[-103.23063,25.77384],[-103.23064,25.77391],[-103.23073,25.77393],[-103.23086,25.77411],[-103.23202,25.77413],[-103.23215,25.77431],[-103.23251,25.77431],[-103.23253,25.77439],[-103.23261,25.77441],[-103.23261,25.77468],[-103.23193,25.77468],[-103.23195,25.77503],[-103.23266,25.77504],[-103.23271,25.77495],[-103.23307,25.77495],[-103.23311,25.77486],[-103.2354,25.77489]]]}},{"type":"Feature","properties":{"id":180,"estado":"activa","confianza":"media","area_m2":7009,"perimetro_m":419,"largo_m":160,"ancho_m":60,"lat":25.775399,"lon":-103.22891,"municipio":"Francisco I. Madero","cerca_de":"6 de Octubre","dist_ref_km":25.3,"d_ciudad_km":20.4,"altura_m":1.8,"precio_m2":165,"precio_m2_min":110,"precio_m2_max":250,"valor":1200000,"valor_min":760000,"valor_max":1700000},"geometry":{"type":"Polygon","coordinates":[[[-103.22971,25.77518],[-103.22971,25.77545],[-103.22962,25.77547],[-103.22961,25.77554],[-103.22895,25.77554],[-103.22891,25.77563],[-103.22854,25.77562],[-103.22851,25.77571],[-103.22821,25.77571],[-103.22819,25.77563],[-103.22811,25.77562],[-103.22811,25.77534],[-103.22829,25.77534],[-103.22841,25.77517],[-103.22971,25.77518]]]}},{"type":"Feature","properties":{"id":181,"estado":"activa","confianza":"alta","area_m2":778407,"perimetro_m":5257,"largo_m":1286,"ancho_m":981,"lat":25.833103,"lon":-103.31833,"municipio":"Francisco I. Madero","cerca_de":"Ejido Florencia","dist_ref_km":26.7,"d_ciudad_km":21.3,"altura_m":2.0,"precio_m2":75,"precio_m2_min":50,"precio_m2_max":110,"valor":58000000,"valor_min":37000000,"valor_max":86000000},"geometry":{"type":"Polygon","coordinates":[[[-103.32518,25.83554],[-103.32517,25.8359],[-103.32457,25.83589],[-103.32454,25.8358],[-103.32431,25.8358],[-103.32427,25.83616],[-103.32397,25.83615],[-103.32394,25.83588],[-103.32348,25.83588],[-103.32343,25.83579],[-103.32298,25.83578],[-103.32297,25.83552],[-103.3227,25.83552],[-103.32268,25.83592],[-103.32278,25.83596],[-103.32277,25.83664],[-103.32287,25.83668],[-103.32287,25.83702],[-103.32296,25.83704],[-103.32296,25.83741],[-103.32287,25.83742],[-103.32285,25.83749],[-103.32101,25.83747],[-103.32096,25.83756],[-103.32006,25.83755],[-103.32001,25.83746],[-103.31607,25.83742],[-103.31602,25.83733],[-103.31581,25.83733],[-103.31577,25.83741],[-103.31548,25.83741],[-103.31543,25.83732],[-103.31448,25.83731],[-103.31448,25.83679],[-103.31419,25.83676],[-103.31417,25.83669],[-103.31399,25.83658],[-103.314,25.83598],[-103.3139,25.83595],[-103.31389,25.83578],[-103.3138,25.83576],[-103.31381,25.83535],[-103.31371,25.83531],[-103.31371,25.83507],[-103.31361,25.83504],[-103.31362,25.83435],[-103.31342,25.83423],[-103.31342,25.83398],[-103.31323,25.83386],[-103.31323,25.83371],[-103.31313,25.83368],[-103.31312,25.83352],[-103.31294,25.8335],[-103.31293,25.83324],[-103.31244,25.83322],[-103.31244,25.83295],[-103.31253,25.83294],[-103.31255,25.83286],[-103.31303,25.83285],[-103.31305,25.83233],[-103.31362,25.83233],[-103.31365,25.83215],[-103.31435,25.83216],[-103.31439,25.83225],[-103.3147,25.83225],[-103.31475,25.83217],[-103.31504,25.83215],[-103.31506,25.83112],[-103.31487,25.83099],[-103.3149,25.82896],[-103.3147,25.82891],[-103.3147,25.82864],[-103.31479,25.82863],[-103.3148,25.82855],[-103.3153,25.82856],[-103.31535,25.82865],[-103.31575,25.82866],[-103.3158,25.82857],[-103.3161,25.82857],[-103.31609,25.82889],[-103.31619,25.82893],[-103.31623,25.82911],[-103.31665,25.82912],[-103.31679,25.82894],[-103.31709,25.82894],[-103.3171,25.82929],[-103.31728,25.82931],[-103.31732,25.8294],[-103.31758,25.8294],[-103.31763,25.82949],[-103.31834,25.8295],[-103.31838,25.82932],[-103.31878,25.82932],[-103.3189,25.82949],[-103.31908,25.82951],[-103.31909,25.82958],[-103.31927,25.82969],[-103.31929,25.83031],[-103.31966,25.83033],[-103.31969,25.83041],[-103.31986,25.83042],[-103.3199,25.8306],[-103.32046,25.83061],[-103.32047,25.83077],[-103.32075,25.83079],[-103.32078,25.83097],[-103.32115,25.83098],[-103.32128,25.83115],[-103.32155,25.83116],[-103.32168,25.83134],[-103.32194,25.83135],[-103.32196,25.83142],[-103.32204,25.83144],[-103.32203,25.83231],[-103.32223,25.83234],[-103.32225,25.83297],[-103.32338,25.83299],[-103.32342,25.83263],[-103.3236,25.83262],[-103.32372,25.83245],[-103.32412,25.83245],[-103.32414,25.83253],[-103.32422,25.83255],[-103.32421,25.83333],[-103.32451,25.83336],[-103.32452,25.83344],[-103.32461,25.83345],[-103.3246,25.83378],[-103.3248,25.83391],[-103.3248,25.83418],[-103.3246,25.83429],[-103.32459,25.83445],[-103.32429,25.83444],[-103.32428,25.83436],[-103.3241,25.83435],[-103.32406,25.83426],[-103.32363,25.83426],[-103.3236,25.83452],[-103.3235,25.83456],[-103.32349,25.83476],[-103.32379,25.8348],[-103.32379,25.83495],[-103.32389,25.83498],[-103.32388,25.83557],[-103.32398,25.83561],[-103.324,25.8357],[-103.32427,25.83569],[-103.32428,25.83516],[-103.32457,25.83516],[-103.32459,25.83508],[-103.32468,25.83505],[-103.32469,25.8349],[-103.32499,25.8349],[-103.32498,25.83541],[-103.32518,25.83554]]]}},{"type":"Feature","properties":{"id":182,"estado":"activa","confianza":"media","area_m2":7111,"perimetro_m":365,"largo_m":100,"ancho_m":90,"lat":25.37276,"lon":-103.309304,"municipio":"Viesca","cerca_de":"La Esperanza (Florencia)","dist_ref_km":26.7,"d_ciudad_km":13.5,"altura_m":5.5,"precio_m2":120,"precio_m2_min":80,"precio_m2_max":180,"valor":850000,"valor_min":550000,"valor_max":1300000},"geometry":{"type":"Polygon","coordinates":[[[-103.30976,25.37241],[-103.30975,25.37322],[-103.30966,25.37323],[-103.30964,25.37331],[-103.30935,25.37331],[-103.30931,25.37322],[-103.30905,25.37321],[-103.30904,25.37313],[-103.30895,25.37312],[-103.30895,25.37296],[-103.30885,25.37294],[-103.30886,25.37258],[-103.30932,25.37258],[-103.30936,25.3724],[-103.30976,25.37241]]]}},{"type":"Feature","properties":{"id":183,"estado":"activa","confianza":"media","area_m2":7046,"perimetro_m":399,"largo_m":130,"ancho_m":80,"lat":25.369409,"lon":-103.318495,"municipio":"Viesca","cerca_de":"La Esperanza (Florencia)","dist_ref_km":26.8,"d_ciudad_km":13.5,"altura_m":3.4,"precio_m2":120,"precio_m2_min":80,"precio_m2_max":180,"valor":850000,"valor_min":550000,"valor_max":1300000},"geometry":{"type":"Polygon","coordinates":[[[-103.31895,25.3689],[-103.31894,25.36926],[-103.31885,25.36929],[-103.31884,25.36953],[-103.31874,25.36957],[-103.31873,25.36998],[-103.31865,25.36999],[-103.31863,25.37007],[-103.31834,25.37007],[-103.31832,25.36999],[-103.31814,25.36989],[-103.31815,25.36925],[-103.31853,25.36924],[-103.31855,25.3689],[-103.31895,25.3689]]]}},{"type":"Feature","properties":{"id":184,"estado":"activa","confianza":"alta","area_m2":61717,"perimetro_m":1480,"largo_m":368,"ancho_m":323,"lat":25.37035,"lon":-103.310232,"municipio":"Viesca","cerca_de":"La Esperanza (Florencia)","dist_ref_km":26.9,"d_ciudad_km":13.6,"altura_m":3.6,"precio_m2":100,"precio_m2_min":65,"precio_m2_max":145,"valor":6000000,"valor_min":3900000,"valor_max":9000000},"geometry":{"type":"Polygon","coordinates":[[[-103.31108,25.36989],[-103.31108,25.37017],[-103.31098,25.37019],[-103.31098,25.37044],[-103.31088,25.37046],[-103.31087,25.37061],[-103.31059,25.37063],[-103.31057,25.37079],[-103.31038,25.37091],[-103.31037,25.37115],[-103.30998,25.37116],[-103.30997,25.37169],[-103.30977,25.37171],[-103.30976,25.37214],[-103.30946,25.37213],[-103.30945,25.37187],[-103.30897,25.37186],[-103.30896,25.37169],[-103.30868,25.37149],[-103.30868,25.37095],[-103.30878,25.37093],[-103.30879,25.37077],[-103.30936,25.37077],[-103.30939,25.37051],[-103.30948,25.37047],[-103.30948,25.37027],[-103.30899,25.37023],[-103.30895,25.37014],[-103.3082,25.37013],[-103.3082,25.36971],[-103.30801,25.36959],[-103.30802,25.36851],[-103.30842,25.36851],[-103.30843,25.36859],[-103.30852,25.3686],[-103.30853,25.36877],[-103.30901,25.36879],[-103.30905,25.36897],[-103.31,25.36898],[-103.31,25.3693],[-103.3101,25.36934],[-103.31011,25.36951],[-103.31029,25.36952],[-103.31041,25.3697],[-103.31059,25.36971],[-103.31062,25.3698],[-103.31079,25.3698],[-103.31082,25.36989],[-103.31108,25.36989]]]}},{"type":"Feature","properties":{"id":185,"estado":"activa","confianza":"media","area_m2":9746,"perimetro_m":461,"largo_m":143,"ancho_m":94,"lat":25.847216,"lon":-103.383626,"municipio":"Gómez Palacio","cerca_de":"El Veintinueve de Agosto","dist_ref_km":27.2,"d_ciudad_km":22.3,"altura_m":2.1,"precio_m2":115,"precio_m2_min":75,"precio_m2_max":175,"valor":1100000,"valor_min":740000,"valor_max":1700000},"geometry":{"type":"Polygon","coordinates":[[[-103.38408,25.84668],[-103.38408,25.84695],[-103.38398,25.84699],[-103.38397,25.84794],[-103.38367,25.84793],[-103.38362,25.84784],[-103.38317,25.84784],[-103.38316,25.84776],[-103.38307,25.84775],[-103.38307,25.84748],[-103.38327,25.84745],[-103.38328,25.84685],[-103.38355,25.84685],[-103.38358,25.84676],[-103.38376,25.84675],[-103.38378,25.84667],[-103.38408,25.84668]]]}},{"type":"Feature","properties":{"id":186,"estado":"activa","confianza":"alta","area_m2":44991,"perimetro_m":950,"largo_m":260,"ancho_m":220,"lat":25.850242,"lon":-103.391866,"municipio":"Gómez Palacio","cerca_de":"El Barro","dist_ref_km":27.5,"d_ciudad_km":22.6,"altura_m":2.7,"precio_m2":100,"precio_m2_min":65,"precio_m2_max":150,"valor":4500000,"valor_min":2900000,"valor_max":6700000},"geometry":{"type":"Polygon","coordinates":[[[-103.39301,25.85057],[-103.393,25.8512],[-103.39292,25.85121],[-103.3929,25.85129],[-103.39243,25.85129],[-103.3924,25.85146],[-103.3916,25.85145],[-103.39159,25.85119],[-103.3913,25.85118],[-103.39128,25.85109],[-103.39111,25.85109],[-103.39109,25.85101],[-103.39101,25.851],[-103.39102,25.8503],[-103.39082,25.85018],[-103.39082,25.84991],[-103.39091,25.8499],[-103.39092,25.84982],[-103.39112,25.84979],[-103.39112,25.84958],[-103.39103,25.84955],[-103.39103,25.8491],[-103.39173,25.84911],[-103.39178,25.8492],[-103.392,25.8492],[-103.39203,25.84911],[-103.39263,25.84912],[-103.39263,25.84936],[-103.39273,25.84939],[-103.39273,25.84964],[-103.39282,25.84966],[-103.39281,25.85053],[-103.39301,25.85057]]]}},{"type":"Feature","properties":{"id":187,"estado":"activa","confianza":"media","area_m2":12284,"perimetro_m":513,"largo_m":170,"ancho_m":100,"lat":25.851901,"lon":-103.391148,"municipio":"Gómez Palacio","cerca_de":"El Barro","dist_ref_km":27.7,"d_ciudad_km":22.9,"altura_m":2.3,"precio_m2":115,"precio_m2_min":75,"precio_m2_max":175,"valor":1400000,"valor_min":920000,"valor_max":2100000},"geometry":{"type":"Polygon","coordinates":[[[-103.39209,25.852],[-103.39209,25.85236],[-103.39119,25.85235],[-103.39115,25.85226],[-103.39069,25.85226],[-103.39068,25.85218],[-103.39059,25.85216],[-103.39059,25.852],[-103.3905,25.85198],[-103.39049,25.85182],[-103.3904,25.8518],[-103.3904,25.85153],[-103.39049,25.85152],[-103.3905,25.85144],[-103.3911,25.85145],[-103.39123,25.85163],[-103.3918,25.85164],[-103.3918,25.85198],[-103.39209,25.852]]]}},{"type":"Feature","properties":{"id":188,"estado":"activa","confianza":"alta","area_m2":71652,"perimetro_m":1300,"largo_m":410,"ancho_m":250,"lat":25.506212,"lon":-103.623615,"municipio":"Lerdo","cerca_de":"Rancho Santa Clara (Los Cerritos)","dist_ref_km":25.5,"d_ciudad_km":8.2,"altura_m":3.1,"precio_m2":165,"precio_m2_min":105,"precio_m2_max":250,"valor":12000000,"valor_min":7700000,"valor_max":18000000,"grupo":151,"grupo_bloques":2,"grupo_m2":347766},"geometry":{"type":"Polygon","coordinates":[[[-103.62576,25.50553],[-103.62575,25.5058],[-103.62547,25.50582],[-103.62545,25.50616],[-103.62537,25.50617],[-103.62535,25.50625],[-103.62527,25.50626],[-103.62525,25.50634],[-103.62506,25.50645],[-103.62505,25.50661],[-103.62486,25.50663],[-103.62484,25.50715],[-103.62379,25.50714],[-103.62375,25.50723],[-103.62348,25.50723],[-103.62345,25.50732],[-103.62216,25.50731],[-103.62212,25.50722],[-103.62166,25.50721],[-103.62167,25.50667],[-103.62196,25.50663],[-103.62196,25.50643],[-103.62187,25.5064],[-103.62187,25.50577],[-103.62196,25.50576],[-103.62198,25.50568],[-103.62225,25.50567],[-103.62238,25.5055],[-103.62246,25.50549],[-103.62248,25.50541],[-103.62256,25.5054],[-103.62258,25.50532],[-103.62285,25.50532],[-103.62288,25.50515],[-103.62314,25.50515],[-103.62318,25.50506],[-103.62357,25.50506],[-103.6236,25.50514],[-103.62377,25.50515],[-103.62379,25.50524],[-103.62397,25.50525],[-103.62399,25.50533],[-103.62417,25.50534],[-103.62421,25.50543],[-103.62445,25.50542],[-103.62447,25.50525],[-103.62487,25.50525],[-103.6249,25.50552],[-103.62576,25.50553]]]}},{"type":"Feature","properties":{"id":189,"estado":"activa","confianza":"alta","area_m2":276114,"perimetro_m":4384,"largo_m":1208,"ancho_m":437,"lat":25.504303,"lon":-103.631849,"municipio":"Lerdo","cerca_de":"Monterrey","dist_ref_km":26.4,"d_ciudad_km":8.5,"altura_m":1.3,"precio_m2":130,"precio_m2_min":85,"precio_m2_max":190,"valor":35000000,"valor_min":23000000,"valor_max":53000000,"grupo":151,"grupo_bloques":2,"grupo_m2":347766},"geometry":{"type":"Polygon","coordinates":[[[-103.63655,25.50139],[-103.63655,25.50175],[-103.63638,25.50175],[-103.63635,25.50184],[-103.63626,25.50185],[-103.63624,25.50202],[-103.63605,25.50214],[-103.63604,25.50229],[-103.63596,25.5023],[-103.63594,25.50238],[-103.63586,25.50239],[-103.63584,25.50247],[-103.63565,25.50258],[-103.63564,25.50292],[-103.63544,25.50303],[-103.63543,25.50328],[-103.63526,25.50328],[-103.63523,25.50346],[-103.63504,25.50347],[-103.63503,25.50372],[-103.63495,25.50374],[-103.63473,25.50399],[-103.63446,25.50399],[-103.63443,25.50417],[-103.63426,25.50417],[-103.63423,25.50426],[-103.63407,25.50426],[-103.63403,25.50435],[-103.63385,25.50436],[-103.63383,25.50444],[-103.63375,25.50445],[-103.63373,25.50452],[-103.63353,25.50464],[-103.63353,25.50488],[-103.63317,25.50488],[-103.63313,25.50497],[-103.63276,25.50497],[-103.63273,25.50506],[-103.63207,25.50505],[-103.63193,25.50523],[-103.63126,25.50523],[-103.63113,25.5054],[-103.63104,25.50543],[-103.63103,25.50558],[-103.63093,25.50561],[-103.63093,25.50576],[-103.63075,25.50577],[-103.63063,25.50594],[-103.62993,25.50593],[-103.6299,25.50585],[-103.62966,25.50585],[-103.62963,25.50593],[-103.62954,25.50596],[-103.62953,25.50611],[-103.62944,25.50614],[-103.62943,25.50629],[-103.62926,25.50629],[-103.62923,25.50638],[-103.62894,25.5064],[-103.62893,25.50674],[-103.62883,25.50678],[-103.62882,25.50719],[-103.62873,25.50721],[-103.62872,25.50737],[-103.62862,25.5074],[-103.62862,25.50755],[-103.62812,25.50754],[-103.62799,25.50736],[-103.62713,25.50735],[-103.62712,25.50728],[-103.62703,25.50726],[-103.62703,25.50694],[-103.62694,25.5069],[-103.62694,25.50663],[-103.62702,25.50662],[-103.62704,25.50654],[-103.62723,25.50643],[-103.62724,25.50613],[-103.62704,25.50609],[-103.62701,25.50591],[-103.62668,25.50591],[-103.62665,25.50608],[-103.62638,25.50608],[-103.62635,25.50617],[-103.62625,25.5062],[-103.62627,25.50643],[-103.62664,25.50645],[-103.62664,25.50681],[-103.62614,25.5068],[-103.62611,25.50662],[-103.62565,25.50662],[-103.62565,25.50635],[-103.62575,25.50631],[-103.62575,25.5058],[-103.62605,25.50581],[-103.62609,25.5059],[-103.62632,25.5059],[-103.62635,25.50581],[-103.62645,25.50578],[-103.62645,25.50554],[-103.62662,25.50554],[-103.62665,25.50545],[-103.62683,25.50545],[-103.62695,25.50527],[-103.62704,25.50526],[-103.62706,25.50519],[-103.62733,25.50518],[-103.62745,25.50501],[-103.62754,25.50499],[-103.62756,25.50492],[-103.62801,25.50492],[-103.62806,25.50483],[-103.62855,25.50484],[-103.62856,25.50492],[-103.62865,25.50493],[-103.62865,25.5052],[-103.62836,25.50521],[-103.62835,25.50529],[-103.62825,25.50532],[-103.62824,25.50556],[-103.62788,25.50556],[-103.62775,25.50573],[-103.62758,25.50574],[-103.62755,25.50582],[-103.62745,25.50584],[-103.62745,25.50607],[-103.62764,25.50609],[-103.62768,25.50627],[-103.62801,25.50627],[-103.62804,25.50619],[-103.62823,25.50608],[-103.62824,25.50592],[-103.62843,25.5059],[-103.62844,25.50556],[-103.62863,25.50554],[-103.62865,25.50529],[-103.62914,25.50529],[-103.62919,25.50539],[-103.62962,25.50538],[-103.62964,25.50521],[-103.62974,25.50516],[-103.62975,25.50444],[-103.62965,25.5044],[-103.62966,25.50376],[-103.62986,25.50364],[-103.62986,25.50322],[-103.62994,25.50322],[-103.62996,25.50314],[-103.63004,25.50313],[-103.63006,25.50305],[-103.63025,25.50294],[-103.63027,25.50278],[-103.63046,25.50266],[-103.63047,25.50251],[-103.63066,25.5024],[-103.63067,25.50224],[-103.63086,25.50213],[-103.63087,25.50197],[-103.63107,25.50186],[-103.63107,25.5017],[-103.63116,25.50169],[-103.63117,25.50161],[-103.63126,25.5016],[-103.63128,25.50152],[-103.63136,25.50151],[-103.63138,25.50143],[-103.63156,25.50133],[-103.63158,25.50125],[-103.63187,25.50126],[-103.63188,25.50142],[-103.63197,25.50144],[-103.63198,25.50151],[-103.63207,25.50153],[-103.63222,25.50171],[-103.63244,25.50171],[-103.63247,25.50162],[-103.63293,25.50162],[-103.63297,25.50145],[-103.63343,25.50145],[-103.63357,25.50127],[-103.63385,25.50127],[-103.63397,25.5011],[-103.63426,25.5011],[-103.63426,25.50151],[-103.63436,25.50155],[-103.6344,25.50173],[-103.63465,25.50171],[-103.63466,25.50119],[-103.63506,25.5012],[-103.6351,25.50129],[-103.63556,25.50129],[-103.6356,25.50138],[-103.63591,25.50138],[-103.63595,25.5013],[-103.63625,25.5013],[-103.63629,25.50139],[-103.63655,25.50139]]]}},{"type":"Feature","properties":{"id":190,"estado":"activa","confianza":"alta","area_m2":109677,"perimetro_m":1759,"largo_m":523,"ancho_m":304,"lat":25.494876,"lon":-103.635031,"municipio":"Lerdo","cerca_de":"Monterrey","dist_ref_km":27.1,"d_ciudad_km":9.7,"altura_m":1.4,"precio_m2":130,"precio_m2_min":85,"precio_m2_max":190,"valor":14000000,"valor_min":9100000,"valor_max":21000000,"grupo":152,"grupo_bloques":2,"grupo_m2":126439},"geometry":{"type":"Polygon","coordinates":[[[-103.63752,25.49445],[-103.63752,25.4949],[-103.63744,25.49491],[-103.63742,25.49499],[-103.63734,25.495],[-103.63732,25.49508],[-103.63724,25.49509],[-103.63722,25.49517],[-103.63703,25.49527],[-103.63701,25.49544],[-103.63692,25.49547],[-103.63691,25.49562],[-103.63683,25.49563],[-103.63681,25.49571],[-103.63673,25.49571],[-103.63671,25.49579],[-103.63663,25.4958],[-103.63661,25.49588],[-103.63642,25.49599],[-103.63641,25.49606],[-103.63601,25.49606],[-103.636,25.49598],[-103.63591,25.49597],[-103.63591,25.49581],[-103.63582,25.49579],[-103.63579,25.4957],[-103.63537,25.49569],[-103.63532,25.49596],[-103.63495,25.49596],[-103.63482,25.49614],[-103.63473,25.49615],[-103.63472,25.49623],[-103.63385,25.49622],[-103.63372,25.4964],[-103.63363,25.49641],[-103.63362,25.49649],[-103.63353,25.4965],[-103.63352,25.49658],[-103.63302,25.49657],[-103.63301,25.4965],[-103.63283,25.49639],[-103.63283,25.49603],[-103.63293,25.496],[-103.63293,25.49571],[-103.63274,25.49558],[-103.63273,25.49532],[-103.63254,25.4953],[-103.63254,25.49485],[-103.63263,25.49484],[-103.63275,25.49467],[-103.63291,25.49467],[-103.63295,25.49459],[-103.63312,25.49458],[-103.63325,25.49441],[-103.63341,25.49441],[-103.63345,25.49432],[-103.63362,25.49431],[-103.63375,25.49414],[-103.63391,25.49414],[-103.63395,25.49405],[-103.63412,25.49405],[-103.63415,25.49397],[-103.63454,25.49397],[-103.63458,25.49406],[-103.6349,25.49406],[-103.63494,25.49388],[-103.63524,25.49389],[-103.63537,25.49406],[-103.63571,25.49407],[-103.63574,25.49389],[-103.63594,25.49386],[-103.63594,25.49365],[-103.63584,25.49362],[-103.63584,25.49335],[-103.63612,25.49334],[-103.63614,25.49317],[-103.63644,25.49317],[-103.63648,25.49326],[-103.63694,25.49327],[-103.63695,25.49335],[-103.63704,25.49336],[-103.63703,25.49363],[-103.63694,25.49366],[-103.63694,25.49387],[-103.63713,25.4939],[-103.63715,25.49398],[-103.63733,25.49409],[-103.63733,25.49424],[-103.63743,25.49427],[-103.63744,25.49443],[-103.63752,25.49445]]]}},{"type":"Feature","properties":{"id":191,"estado":"activa","confianza":"alta","area_m2":16762,"perimetro_m":628,"largo_m":170,"ancho_m":150,"lat":25.495852,"lon":-103.637608,"municipio":"Lerdo","cerca_de":"Monterrey","dist_ref_km":27.3,"d_ciudad_km":10.1,"altura_m":1.5,"precio_m2":150,"precio_m2_min":95,"precio_m2_max":220,"valor":2500000,"valor_min":1600000,"valor_max":3700000,"grupo":152,"grupo_bloques":2,"grupo_m2":126439},"geometry":{"type":"Polygon","coordinates":[[[-103.6385,25.49599],[-103.6385,25.49626],[-103.6384,25.49629],[-103.6384,25.49644],[-103.63812,25.49645],[-103.638,25.49662],[-103.6377,25.49662],[-103.63768,25.49617],[-103.63744,25.49616],[-103.6374,25.49625],[-103.6371,25.49625],[-103.6371,25.49609],[-103.63701,25.49607],[-103.63701,25.49553],[-103.6371,25.49551],[-103.63712,25.49535],[-103.6372,25.49533],[-103.63742,25.49508],[-103.63781,25.49508],[-103.63783,25.49516],[-103.63791,25.49517],[-103.63793,25.49535],[-103.63831,25.49536],[-103.6383,25.49572],[-103.63821,25.49575],[-103.6382,25.49596],[-103.6385,25.49599]]]}},{"type":"Feature","properties":{"id":192,"estado":"activa","confianza":"media","area_m2":5589,"perimetro_m":328,"largo_m":100,"ancho_m":70,"lat":25.851446,"lon":-103.289361,"municipio":"Francisco I. Madero","cerca_de":"Ejido Lequeitio","dist_ref_km":29.5,"d_ciudad_km":24.5,"altura_m":1.7,"precio_m2":120,"precio_m2_min":80,"precio_m2_max":180,"valor":670000,"valor_min":440000,"valor_max":1000000},"geometry":{"type":"Polygon","coordinates":[[[-103.28973,25.85146],[-103.28973,25.85191],[-103.28943,25.85191],[-103.2894,25.85182],[-103.28923,25.85182],[-103.2892,25.85173],[-103.28903,25.85172],[-103.28904,25.851],[-103.28944,25.85101],[-103.28945,25.85117],[-103.28964,25.85119],[-103.28964,25.85143],[-103.28973,25.85146]]]}},{"type":"Feature","properties":{"id":193,"estado":"activa","confianza":"alta","area_m2":38431,"perimetro_m":1288,"largo_m":530,"ancho_m":100,"lat":25.76065,"lon":-103.173352,"municipio":"San Pedro","cerca_de":"Ejido Lázaro Cárdenas (Dolores)","dist_ref_km":28.2,"d_ciudad_km":23.2,"altura_m":0.7,"precio_m2":110,"precio_m2_min":75,"precio_m2_max":165,"valor":4300000,"valor_min":2800000,"valor_max":6400000},"geometry":{"type":"Polygon","coordinates":[[[-103.176,25.76035],[-103.17599,25.7608],[-103.1759,25.76082],[-103.17589,25.76098],[-103.17572,25.76098],[-103.17569,25.76107],[-103.17529,25.76106],[-103.17524,25.76097],[-103.17493,25.76097],[-103.17489,25.76106],[-103.17459,25.76105],[-103.17456,25.76096],[-103.17434,25.76096],[-103.17429,25.76105],[-103.17411,25.76106],[-103.17409,25.76114],[-103.1728,25.76112],[-103.17277,25.76103],[-103.1725,25.76103],[-103.17246,25.76093],[-103.17091,25.76092],[-103.17089,25.76084],[-103.17071,25.76073],[-103.17071,25.76037],[-103.17121,25.76038],[-103.17125,25.76056],[-103.17196,25.76057],[-103.17211,25.76039],[-103.17327,25.7604],[-103.17341,25.76022],[-103.17431,25.76024],[-103.17434,25.76032],[-103.17465,25.76033],[-103.1747,25.76024],[-103.1757,25.76025],[-103.17573,25.76034],[-103.176,25.76035]]]}},{"type":"Feature","properties":{"id":194,"estado":"activa","confianza":"alta","area_m2":502533,"perimetro_m":4764,"largo_m":1936,"ancho_m":445,"lat":25.80363,"lon":-103.212185,"municipio":"Francisco I. Madero","cerca_de":"Ejido San Agustín de Ulua","dist_ref_km":28.8,"d_ciudad_km":23.1,"altura_m":5.5,"precio_m2":80,"precio_m2_min":55,"precio_m2_max":125,"valor":41000000,"valor_min":27000000,"valor_max":62000000},"geometry":{"type":"Polygon","coordinates":[[[-103.21496,25.80145],[-103.21495,25.80236],[-103.21465,25.80238],[-103.21463,25.80335],[-103.21454,25.80337],[-103.21453,25.80352],[-103.21443,25.80356],[-103.21443,25.8037],[-103.21424,25.80372],[-103.21423,25.80388],[-103.21414,25.80389],[-103.21412,25.80397],[-103.21404,25.80398],[-103.21402,25.80406],[-103.21383,25.80417],[-103.21382,25.80433],[-103.21365,25.80433],[-103.21362,25.80442],[-103.21353,25.80443],[-103.21352,25.8046],[-103.21343,25.80461],[-103.21342,25.80468],[-103.21333,25.80469],[-103.21331,25.80477],[-103.21323,25.80478],[-103.21321,25.80486],[-103.21313,25.80487],[-103.21311,25.80495],[-103.21303,25.80496],[-103.21301,25.80504],[-103.21293,25.80505],[-103.21291,25.80513],[-103.21272,25.80524],[-103.21271,25.80549],[-103.21252,25.8055],[-103.2125,25.80567],[-103.21242,25.80568],[-103.2124,25.80576],[-103.21232,25.80576],[-103.2123,25.80584],[-103.21211,25.80595],[-103.2121,25.80611],[-103.21201,25.80612],[-103.2119,25.80629],[-103.21173,25.80629],[-103.21169,25.80638],[-103.21161,25.80639],[-103.21159,25.80656],[-103.21139,25.80667],[-103.21139,25.80683],[-103.21131,25.80684],[-103.21129,25.80691],[-103.21121,25.80692],[-103.21119,25.807],[-103.2111,25.80701],[-103.21109,25.80709],[-103.21089,25.8072],[-103.21088,25.80763],[-103.21069,25.80764],[-103.21067,25.8079],[-103.21048,25.80802],[-103.21046,25.80862],[-103.21028,25.80872],[-103.21026,25.80889],[-103.21006,25.809],[-103.21005,25.80943],[-103.20986,25.80954],[-103.20985,25.80979],[-103.20968,25.80979],[-103.20955,25.80996],[-103.20946,25.80998],[-103.20944,25.81023],[-103.20936,25.81024],[-103.20934,25.81032],[-103.20905,25.81033],[-103.20904,25.8105],[-103.20884,25.81062],[-103.20883,25.81095],[-103.20837,25.81094],[-103.20823,25.81112],[-103.20814,25.81114],[-103.20813,25.81121],[-103.20795,25.81122],[-103.20793,25.8113],[-103.20783,25.81132],[-103.20783,25.81148],[-103.20764,25.81158],[-103.20762,25.81174],[-103.20754,25.81176],[-103.20742,25.81192],[-103.20712,25.81192],[-103.207,25.81174],[-103.20683,25.81173],[-103.20684,25.81119],[-103.20703,25.81108],[-103.20704,25.81056],[-103.20724,25.81046],[-103.20725,25.8103],[-103.20735,25.81026],[-103.20735,25.81003],[-103.20745,25.81],[-103.20746,25.80949],[-103.20765,25.80938],[-103.20766,25.80922],[-103.20776,25.80919],[-103.20777,25.80904],[-103.20786,25.80901],[-103.20787,25.80868],[-103.20797,25.80865],[-103.20797,25.80841],[-103.20807,25.80838],[-103.20808,25.80814],[-103.20817,25.80812],[-103.20818,25.80787],[-103.20828,25.80783],[-103.20829,25.8076],[-103.20837,25.80758],[-103.20839,25.80742],[-103.20849,25.80739],[-103.20849,25.80715],[-103.20859,25.80713],[-103.2086,25.80688],[-103.20869,25.80685],[-103.2087,25.80661],[-103.20879,25.8066],[-103.2088,25.80643],[-103.2089,25.8064],[-103.20891,25.80616],[-103.209,25.80613],[-103.20901,25.8058],[-103.20911,25.80577],[-103.20911,25.80553],[-103.20931,25.80541],[-103.20932,25.805],[-103.20952,25.80488],[-103.20953,25.80455],[-103.20962,25.80453],[-103.20963,25.80437],[-103.20973,25.80434],[-103.20974,25.80401],[-103.20982,25.80399],[-103.20984,25.80383],[-103.20994,25.8038],[-103.20994,25.80347],[-103.21004,25.80344],[-103.21005,25.8032],[-103.21015,25.80316],[-103.21015,25.80293],[-103.21034,25.80282],[-103.21036,25.80248],[-103.21056,25.80236],[-103.21056,25.80194],[-103.21076,25.80182],[-103.21077,25.8014],[-103.21086,25.80138],[-103.21087,25.80122],[-103.21097,25.80119],[-103.21098,25.80104],[-103.21107,25.80102],[-103.21108,25.80077],[-103.21118,25.80074],[-103.21119,25.80041],[-103.21138,25.80029],[-103.21139,25.79978],[-103.21159,25.79968],[-103.2116,25.79934],[-103.2118,25.79922],[-103.21181,25.7988],[-103.21201,25.79877],[-103.21202,25.79826],[-103.21221,25.79823],[-103.21222,25.79772],[-103.21242,25.7976],[-103.21243,25.79718],[-103.21253,25.79716],[-103.21253,25.797],[-103.21263,25.79697],[-103.21264,25.79682],[-103.21283,25.79671],[-103.21284,25.79646],[-103.21293,25.79645],[-103.21294,25.79628],[-103.21304,25.79625],[-103.21305,25.79547],[-103.21345,25.79548],[-103.2135,25.79557],[-103.21395,25.79557],[-103.21394,25.79608],[-103.21404,25.79612],[-103.21403,25.79671],[-103.21413,25.79675],[-103.21413,25.797],[-103.21423,25.79702],[-103.21422,25.7978],[-103.21432,25.79783],[-103.21432,25.798],[-103.21441,25.79802],[-103.2144,25.79906],[-103.2145,25.7991],[-103.21449,25.7996],[-103.21459,25.79964],[-103.21459,25.80007],[-103.21468,25.8001],[-103.21468,25.80051],[-103.21477,25.80055],[-103.21476,25.80123],[-103.21486,25.80127],[-103.21487,25.80144],[-103.21496,25.80145]]]}},{"type":"Feature","properties":{"id":195,"estado":"activa","confianza":"alta","area_m2":40369,"perimetro_m":1043,"largo_m":370,"ancho_m":180,"lat":25.801748,"lon":-103.209571,"municipio":"San Pedro","cerca_de":"Ejido San Agustín de Ulua","dist_ref_km":28.8,"d_ciudad_km":23.7,"altura_m":0.2,"precio_m2":110,"precio_m2_min":70,"precio_m2_max":160,"valor":4300000,"valor_min":2800000,"valor_max":6500000},"geometry":{"type":"Polygon","coordinates":[[[-103.21079,25.80023],[-103.21078,25.80059],[-103.2107,25.80061],[-103.21068,25.80077],[-103.21058,25.8008],[-103.21057,25.80131],[-103.21041,25.80131],[-103.21037,25.8014],[-103.21028,25.80142],[-103.21027,25.80185],[-103.21017,25.80188],[-103.21016,25.80221],[-103.20996,25.80233],[-103.20995,25.80284],[-103.20975,25.80296],[-103.20974,25.80347],[-103.20935,25.80346],[-103.20936,25.80241],[-103.20896,25.80237],[-103.20895,25.8023],[-103.20886,25.80228],[-103.20887,25.80165],[-103.20897,25.80161],[-103.20899,25.80048],[-103.20908,25.80047],[-103.20919,25.8003],[-103.21024,25.80031],[-103.21029,25.80022],[-103.21079,25.80023]]]}},{"type":"Feature","properties":{"id":196,"estado":"activa","confianza":"alta","area_m2":86640,"perimetro_m":2406,"largo_m":595,"ancho_m":291,"lat":25.855179,"lon":-103.288783,"municipio":"Francisco I. Madero","cerca_de":"Ejido Lequeitio","dist_ref_km":29.9,"d_ciudad_km":24.6,"altura_m":0.6,"precio_m2":95,"precio_m2_min":60,"precio_m2_max":140,"valor":8100000,"valor_min":5300000,"valor_max":12000000},"geometry":{"type":"Polygon","coordinates":[[[-103.29076,25.85644],[-103.29075,25.85716],[-103.29065,25.85719],[-103.29065,25.85743],[-103.29056,25.85744],[-103.29054,25.85752],[-103.29037,25.85753],[-103.29034,25.85761],[-103.28975,25.8576],[-103.2897,25.85751],[-103.28845,25.8575],[-103.28842,25.85741],[-103.28825,25.8574],[-103.28821,25.85731],[-103.28795,25.85731],[-103.28794,25.85723],[-103.28786,25.85722],[-103.28786,25.85686],[-103.28795,25.85684],[-103.28796,25.85677],[-103.28836,25.85677],[-103.28841,25.85686],[-103.28863,25.85686],[-103.28866,25.85678],[-103.28916,25.85678],[-103.28918,25.85687],[-103.28946,25.85688],[-103.2895,25.85697],[-103.28985,25.85693],[-103.28986,25.85674],[-103.28976,25.8567],[-103.28975,25.85654],[-103.28966,25.85652],[-103.28964,25.85643],[-103.28946,25.85642],[-103.28945,25.85635],[-103.28936,25.85633],[-103.28935,25.85616],[-103.28887,25.85615],[-103.28885,25.85607],[-103.28877,25.85605],[-103.28876,25.85589],[-103.28867,25.85587],[-103.28855,25.8557],[-103.28818,25.85569],[-103.28819,25.85487],[-103.28828,25.85485],[-103.28829,25.85461],[-103.28839,25.85457],[-103.2884,25.85397],[-103.2886,25.85385],[-103.28862,25.8528],[-103.28882,25.85268],[-103.28882,25.85226],[-103.289,25.85226],[-103.28903,25.85218],[-103.28942,25.85218],[-103.28943,25.8528],[-103.29001,25.85282],[-103.29003,25.8529],[-103.29021,25.853],[-103.29022,25.85317],[-103.29041,25.85319],[-103.29042,25.85326],[-103.2906,25.85337],[-103.2906,25.85369],[-103.2907,25.85373],[-103.29069,25.85418],[-103.29061,25.85419],[-103.29059,25.85427],[-103.28979,25.85426],[-103.28977,25.85399],[-103.28905,25.85398],[-103.289,25.85402],[-103.28899,25.8543],[-103.28919,25.85444],[-103.28921,25.85452],[-103.28929,25.85453],[-103.28931,25.85461],[-103.28939,25.85462],[-103.28938,25.85548],[-103.28958,25.85552],[-103.28958,25.85578],[-103.29027,25.8558],[-103.29027,25.85604],[-103.29037,25.85607],[-103.29037,25.85623],[-103.29056,25.85626],[-103.29058,25.85633],[-103.29076,25.85644]]]}},{"type":"Feature","properties":{"id":197,"estado":"activa","confianza":"media","area_m2":7777,"perimetro_m":405,"largo_m":150,"ancho_m":60,"lat":25.491928,"lon":-103.643222,"municipio":"Lerdo","cerca_de":"Monterrey","dist_ref_km":28.0,"d_ciudad_km":10.8,"altura_m":0.6,"precio_m2":140,"precio_m2_min":90,"precio_m2_max":210,"valor":1100000,"valor_min":720000,"valor_max":1700000},"geometry":{"type":"Polygon","coordinates":[[[-103.64353,25.49143],[-103.64352,25.49234],[-103.64332,25.49245],[-103.64331,25.49279],[-103.64301,25.49278],[-103.64301,25.49254],[-103.64292,25.49251],[-103.64293,25.49152],[-103.64301,25.49151],[-103.64303,25.49143],[-103.64353,25.49143]]]}},{"type":"Feature","properties":{"id":198,"estado":"activa","confianza":"media","area_m2":5616,"perimetro_m":365,"largo_m":110,"ancho_m":70,"lat":25.783317,"lon":-103.186764,"municipio":"San Pedro","cerca_de":"Pueblo Luchana","dist_ref_km":28.8,"d_ciudad_km":24.1,"altura_m":0.1,"precio_m2":120,"precio_m2_min":80,"precio_m2_max":185,"valor":690000,"valor_min":450000,"valor_max":1000000},"geometry":{"type":"Polygon","coordinates":[[[-103.18732,25.78315],[-103.18731,25.78369],[-103.18671,25.78368],[-103.18668,25.7836],[-103.18651,25.78359],[-103.18649,25.78342],[-103.18621,25.7834],[-103.18622,25.78304],[-103.18652,25.78305],[-103.18654,25.78313],[-103.18672,25.78314],[-103.18676,25.78323],[-103.18698,25.78323],[-103.18702,25.78314],[-103.18732,25.78315]]]}},{"type":"Feature","properties":{"id":199,"estado":"activa","confianza":"alta","area_m2":18851,"perimetro_m":668,"largo_m":236,"ancho_m":113,"lat":25.361096,"lon":-103.253377,"municipio":"Viesca","cerca_de":"El Esfuerzo Sector Seis","dist_ref_km":30.1,"d_ciudad_km":17.0,"altura_m":1.1,"precio_m2":110,"precio_m2_min":70,"precio_m2_max":165,"valor":2100000,"valor_min":1400000,"valor_max":3100000},"geometry":{"type":"Polygon","coordinates":[[[-103.25398,25.36047],[-103.25398,25.36074],[-103.25388,25.36078],[-103.25386,25.36182],[-103.25368,25.36184],[-103.25366,25.36191],[-103.25347,25.36202],[-103.25346,25.36218],[-103.25286,25.36217],[-103.25286,25.36202],[-103.25277,25.36199],[-103.25278,25.36145],[-103.25288,25.36141],[-103.25289,25.36073],[-103.25327,25.36071],[-103.25329,25.36046],[-103.25339,25.36043],[-103.25339,25.3601],[-103.25369,25.36011],[-103.2537,25.36045],[-103.25398,25.36047]]]}},{"type":"Feature","properties":{"id":200,"estado":"activa","confianza":"alta","area_m2":52089,"perimetro_m":1330,"largo_m":300,"ancho_m":280,"lat":25.489475,"lon":-103.64655,"municipio":"Lerdo","cerca_de":"San Antonio (La Hortaliza)","dist_ref_km":28.4,"d_ciudad_km":11.1,"altura_m":2.0,"precio_m2":115,"precio_m2_min":75,"precio_m2_max":170,"valor":6000000,"valor_min":3900000,"valor_max":9000000},"geometry":{"type":"Polygon","coordinates":[[[-103.64814,25.48841],[-103.64813,25.48895],[-103.64804,25.48896],[-103.64803,25.48904],[-103.64784,25.48906],[-103.64783,25.48949],[-103.64764,25.4895],[-103.64762,25.48967],[-103.64734,25.48968],[-103.64732,25.48984],[-103.64714,25.48985],[-103.64712,25.49002],[-103.64695,25.49003],[-103.64682,25.4902],[-103.64673,25.49022],[-103.64672,25.49029],[-103.64663,25.49031],[-103.64662,25.49038],[-103.64653,25.49039],[-103.64652,25.49065],[-103.64643,25.49066],[-103.64642,25.49074],[-103.64612,25.49074],[-103.64608,25.49065],[-103.64562,25.49064],[-103.64562,25.49048],[-103.64543,25.49037],[-103.64543,25.4901],[-103.64553,25.49007],[-103.64553,25.48986],[-103.64533,25.48983],[-103.64534,25.4895],[-103.64524,25.48946],[-103.64524,25.48922],[-103.64514,25.48919],[-103.64515,25.48847],[-103.64524,25.48845],[-103.64525,25.48829],[-103.64561,25.48829],[-103.64565,25.4882],[-103.64605,25.48821],[-103.64618,25.48839],[-103.64664,25.48839],[-103.64666,25.48847],[-103.64674,25.48848],[-103.64674,25.48875],[-103.64654,25.48888],[-103.64654,25.48925],[-103.64658,25.4893],[-103.6469,25.4893],[-103.64693,25.48921],[-103.64702,25.48919],[-103.64704,25.48889],[-103.64694,25.48885],[-103.64694,25.48858],[-103.64712,25.48857],[-103.64724,25.4884],[-103.64814,25.48841]]]}},{"type":"Feature","properties":{"id":201,"estado":"activa","confianza":"alta","area_m2":56518,"perimetro_m":1918,"largo_m":543,"ancho_m":227,"lat":25.800506,"lon":-103.197117,"municipio":"San Pedro","cerca_de":"Pueblo Luchana","dist_ref_km":29.5,"d_ciudad_km":24.5,"altura_m":0.0,"precio_m2":100,"precio_m2_min":65,"precio_m2_max":150,"valor":5600000,"valor_min":3700000,"valor_max":8500000},"geometry":{"type":"Polygon","coordinates":[[[-103.19942,25.80045],[-103.1994,25.80144],[-103.19904,25.80144],[-103.199,25.80153],[-103.19801,25.80152],[-103.198,25.80136],[-103.19791,25.80133],[-103.19791,25.80106],[-103.19801,25.80102],[-103.19802,25.80074],[-103.19797,25.8007],[-103.19765,25.8007],[-103.19762,25.80079],[-103.19636,25.80077],[-103.19632,25.80095],[-103.19566,25.80095],[-103.19562,25.80103],[-103.19544,25.80104],[-103.19542,25.80112],[-103.19467,25.80111],[-103.19462,25.8012],[-103.19435,25.8012],[-103.19432,25.80129],[-103.19402,25.80129],[-103.19403,25.80074],[-103.19411,25.80073],[-103.19413,25.80065],[-103.1944,25.80065],[-103.19443,25.80057],[-103.19481,25.80056],[-103.19483,25.80039],[-103.19503,25.80028],[-103.19504,25.80003],[-103.1953,25.80003],[-103.19544,25.79986],[-103.19562,25.79985],[-103.19564,25.79968],[-103.19573,25.79967],[-103.19584,25.7995],[-103.19624,25.79951],[-103.19628,25.7996],[-103.19679,25.7996],[-103.19694,25.79943],[-103.19744,25.79943],[-103.19743,25.79988],[-103.19668,25.79987],[-103.19663,25.79996],[-103.19617,25.79996],[-103.19616,25.80032],[-103.1964,25.80032],[-103.19643,25.80023],[-103.19709,25.80024],[-103.19723,25.80006],[-103.19753,25.80006],[-103.19764,25.80023],[-103.19773,25.80025],[-103.19776,25.80043],[-103.19942,25.80045]]]}},{"type":"Feature","properties":{"id":202,"estado":"activa","confianza":"alta","area_m2":36026,"perimetro_m":969,"largo_m":337,"ancho_m":160,"lat":25.486501,"lon":-103.646075,"municipio":"Lerdo","cerca_de":"San Antonio (La Hortaliza)","dist_ref_km":28.5,"d_ciudad_km":11.3,"altura_m":1.6,"precio_m2":120,"precio_m2_min":80,"precio_m2_max":180,"valor":4300000,"valor_min":2800000,"valor_max":6400000},"geometry":{"type":"Polygon","coordinates":[[[-103.64718,25.48524],[-103.64717,25.48551],[-103.64697,25.48564],[-103.64697,25.4861],[-103.64707,25.48614],[-103.64706,25.48641],[-103.64679,25.48641],[-103.64676,25.48659],[-103.64667,25.48662],[-103.64666,25.48731],[-103.64657,25.48732],[-103.64646,25.48749],[-103.64617,25.4875],[-103.64615,25.48767],[-103.64596,25.48778],[-103.64595,25.48793],[-103.64555,25.48793],[-103.64543,25.48775],[-103.64516,25.48775],[-103.64516,25.48748],[-103.64526,25.48745],[-103.64526,25.48721],[-103.64536,25.48717],[-103.64537,25.48639],[-103.64546,25.48638],[-103.64547,25.48622],[-103.64557,25.48619],[-103.64558,25.48595],[-103.64577,25.48583],[-103.64578,25.48541],[-103.64587,25.48539],[-103.64588,25.48532],[-103.64618,25.48532],[-103.64621,25.48549],[-103.64653,25.4855],[-103.64668,25.48532],[-103.64677,25.48531],[-103.64678,25.48523],[-103.64718,25.48524]]]}},{"type":"Feature","properties":{"id":203,"estado":"activa","confianza":"alta","area_m2":118257,"perimetro_m":2040,"largo_m":541,"ancho_m":340,"lat":25.879582,"lon":-103.420711,"municipio":"Tlahualilo","cerca_de":"Nuevo Barro","dist_ref_km":30.9,"d_ciudad_km":26.0,"altura_m":4.5,"precio_m2":90,"precio_m2_min":55,"precio_m2_max":130,"valor":10000000,"valor_min":6800000,"valor_max":16000000},"geometry":{"type":"Polygon","coordinates":[[[-103.42244,25.88041],[-103.42244,25.88068],[-103.42214,25.88068],[-103.42213,25.8806],[-103.42204,25.88059],[-103.42205,25.88035],[-103.42195,25.88031],[-103.42194,25.88015],[-103.42167,25.88014],[-103.42165,25.88049],[-103.42156,25.8805],[-103.42134,25.88076],[-103.42115,25.88077],[-103.42114,25.88103],[-103.42094,25.88106],[-103.42093,25.88162],[-103.42103,25.88166],[-103.42103,25.88193],[-103.42043,25.88192],[-103.42043,25.8815],[-103.42024,25.88147],[-103.42022,25.88139],[-103.42014,25.88138],[-103.42012,25.88111],[-103.41974,25.8811],[-103.41975,25.88069],[-103.41965,25.88065],[-103.41965,25.88023],[-103.41945,25.88011],[-103.41944,25.88003],[-103.41936,25.88002],[-103.41935,25.87986],[-103.41926,25.87983],[-103.41927,25.87938],[-103.41994,25.87938],[-103.41996,25.87906],[-103.41947,25.87902],[-103.41942,25.87893],[-103.4192,25.87893],[-103.41917,25.87902],[-103.41867,25.87901],[-103.41866,25.87894],[-103.41857,25.87892],[-103.41857,25.87868],[-103.41848,25.87865],[-103.41847,25.87849],[-103.41838,25.87847],[-103.41839,25.87766],[-103.41865,25.87766],[-103.41869,25.87757],[-103.41906,25.87757],[-103.41919,25.8774],[-103.42005,25.8774],[-103.42019,25.87723],[-103.42065,25.87723],[-103.42069,25.87714],[-103.42109,25.87715],[-103.4211,25.87722],[-103.42129,25.87733],[-103.42129,25.87757],[-103.42138,25.8776],[-103.42139,25.87803],[-103.42148,25.87805],[-103.42161,25.87823],[-103.42197,25.87824],[-103.42197,25.87851],[-103.42187,25.87854],[-103.42187,25.87873],[-103.42197,25.87878],[-103.42196,25.87919],[-103.42206,25.87923],[-103.42206,25.87947],[-103.42216,25.8795],[-103.42216,25.87966],[-103.42225,25.87969],[-103.42225,25.87992],[-103.42235,25.87996],[-103.42235,25.88037],[-103.42244,25.88041]]]}},{"type":"Feature","properties":{"id":204,"estado":"activa","confianza":"alta","area_m2":85225,"perimetro_m":1290,"largo_m":324,"ancho_m":308,"lat":25.782496,"lon":-103.178825,"municipio":"San Pedro","cerca_de":"Pueblo Luchana","dist_ref_km":29.3,"d_ciudad_km":24.5,"altura_m":7.1,"precio_m2":100,"precio_m2_min":65,"precio_m2_max":150,"valor":8500000,"valor_min":5500000,"valor_max":13000000},"geometry":{"type":"Polygon","coordinates":[[[-103.18044,25.78297],[-103.18043,25.78333],[-103.18033,25.78336],[-103.18033,25.7836],[-103.18007,25.7836],[-103.18003,25.78369],[-103.17976,25.78369],[-103.17973,25.78377],[-103.17936,25.78377],[-103.17933,25.78386],[-103.17915,25.78387],[-103.17913,25.78395],[-103.17856,25.78394],[-103.17843,25.78412],[-103.17793,25.78411],[-103.17792,25.78396],[-103.17773,25.78384],[-103.17773,25.7836],[-103.17764,25.78357],[-103.17763,25.7834],[-103.17754,25.78339],[-103.17754,25.78314],[-103.17744,25.78311],[-103.17744,25.78295],[-103.17735,25.78293],[-103.17735,25.78251],[-103.17726,25.78248],[-103.17725,25.78232],[-103.17716,25.7823],[-103.17717,25.78167],[-103.17725,25.78165],[-103.17727,25.78158],[-103.17774,25.78158],[-103.17777,25.78149],[-103.17795,25.78149],[-103.17797,25.78141],[-103.17854,25.78141],[-103.17857,25.78105],[-103.17904,25.78106],[-103.17907,25.78097],[-103.17925,25.78096],[-103.17927,25.78088],[-103.17977,25.78089],[-103.17979,25.78096],[-103.17987,25.78098],[-103.17987,25.78122],[-103.17997,25.78125],[-103.17997,25.78149],[-103.18006,25.78152],[-103.18007,25.78169],[-103.18016,25.7817],[-103.18016,25.78203],[-103.18025,25.78207],[-103.18025,25.78231],[-103.18035,25.78234],[-103.18034,25.78293],[-103.18044,25.78297]]]}},{"type":"Feature","properties":{"id":205,"estado":"activa","confianza":"alta","area_m2":23442,"perimetro_m":777,"largo_m":270,"ancho_m":100,"lat":25.35801,"lon":-103.25332,"municipio":"Viesca","cerca_de":"El Esfuerzo Sector Seis","dist_ref_km":30.4,"d_ciudad_km":17.2,"altura_m":0.3,"precio_m2":110,"precio_m2_min":70,"precio_m2_max":160,"valor":2500000,"valor_min":1600000,"valor_max":3800000},"geometry":{"type":"Polygon","coordinates":[[[-103.25374,25.35686],[-103.2537,25.35911],[-103.25352,25.35912],[-103.2535,25.35929],[-103.25291,25.35928],[-103.2529,25.35895],[-103.25271,25.35892],[-103.25272,25.3582],[-103.25292,25.35816],[-103.25292,25.35786],[-103.25273,25.35784],[-103.25274,25.35712],[-103.25282,25.3571],[-103.25284,25.35703],[-103.25314,25.35703],[-103.25317,25.35712],[-103.2534,25.35712],[-103.25344,25.35685],[-103.25374,25.35686]]]}},{"type":"Feature","properties":{"id":206,"estado":"activa","confianza":"alta","area_m2":68288,"perimetro_m":1495,"largo_m":349,"ancho_m":308,"lat":25.504943,"lon":-103.655979,"municipio":"Lerdo","cerca_de":"León Guzmán","dist_ref_km":28.6,"d_ciudad_km":11.2,"altura_m":3.3,"precio_m2":105,"precio_m2_min":65,"precio_m2_max":155,"valor":7000000,"valor_min":4600000,"valor_max":11000000},"geometry":{"type":"Polygon","coordinates":[[[-103.6585,25.50457],[-103.6585,25.50511],[-103.65841,25.50513],[-103.65829,25.50529],[-103.6579,25.50529],[-103.65789,25.50522],[-103.6578,25.5052],[-103.65779,25.50512],[-103.6577,25.50511],[-103.65757,25.50493],[-103.65715,25.50492],[-103.6571,25.5051],[-103.657,25.50514],[-103.657,25.50555],[-103.65691,25.50557],[-103.6568,25.50573],[-103.6565,25.50573],[-103.6565,25.50549],[-103.6564,25.50546],[-103.65639,25.50538],[-103.65612,25.50538],[-103.65611,25.5057],[-103.6563,25.50582],[-103.65631,25.50598],[-103.65649,25.50609],[-103.65649,25.50636],[-103.65641,25.50637],[-103.65629,25.50654],[-103.65569,25.50653],[-103.65569,25.50637],[-103.6556,25.50635],[-103.65547,25.50618],[-103.6553,25.50617],[-103.65528,25.506],[-103.655,25.50599],[-103.65499,25.50591],[-103.65471,25.50571],[-103.65472,25.50499],[-103.65481,25.50496],[-103.65482,25.50472],[-103.6549,25.50471],[-103.65492,25.50463],[-103.655,25.50462],[-103.65502,25.50454],[-103.6551,25.50453],[-103.65512,25.50445],[-103.65531,25.50435],[-103.65532,25.50418],[-103.65541,25.50417],[-103.65552,25.504],[-103.65571,25.50399],[-103.65572,25.50383],[-103.65591,25.50372],[-103.65593,25.50356],[-103.65601,25.50354],[-103.65613,25.50338],[-103.65642,25.50338],[-103.65645,25.50347],[-103.65662,25.50347],[-103.65674,25.50365],[-103.65692,25.50366],[-103.65693,25.50373],[-103.65712,25.50384],[-103.65712,25.50408],[-103.65721,25.50411],[-103.65724,25.5042],[-103.65781,25.50421],[-103.65783,25.50429],[-103.65801,25.5043],[-103.65804,25.50439],[-103.6582,25.50439],[-103.65833,25.50457],[-103.6585,25.50457]]]}},{"type":"Feature","properties":{"id":207,"estado":"activa","confianza":"alta","area_m2":51766,"perimetro_m":1002,"largo_m":270,"ancho_m":250,"lat":25.881071,"lon":-103.427378,"municipio":"Tlahualilo","cerca_de":"Nuevo Barro","dist_ref_km":31.1,"d_ciudad_km":26.5,"altura_m":0.1,"precio_m2":95,"precio_m2_min":65,"precio_m2_max":145,"valor":5000000,"valor_min":3300000,"valor_max":7600000},"geometry":{"type":"Polygon","coordinates":[[[-103.42893,25.88021],[-103.42893,25.88048],[-103.42883,25.88052],[-103.42882,25.88093],[-103.42853,25.88097],[-103.42853,25.88117],[-103.42872,25.88129],[-103.42872,25.88156],[-103.42863,25.88157],[-103.42862,25.88165],[-103.42843,25.88166],[-103.42841,25.88192],[-103.42833,25.88193],[-103.42811,25.88219],[-103.42701,25.88217],[-103.427,25.88174],[-103.42692,25.88172],[-103.42688,25.88163],[-103.42642,25.88163],[-103.42642,25.88138],[-103.42632,25.88135],[-103.42632,25.88119],[-103.42623,25.88117],[-103.42624,25.88027],[-103.42671,25.88027],[-103.42684,25.8801],[-103.42693,25.88008],[-103.42694,25.88001],[-103.42789,25.88002],[-103.42794,25.87993],[-103.42854,25.87993],[-103.42856,25.88001],[-103.42874,25.88003],[-103.42875,25.8801],[-103.42893,25.88021]]]}},{"type":"Feature","properties":{"id":208,"estado":"activa","confianza":"alta","area_m2":37604,"perimetro_m":968,"largo_m":248,"ancho_m":205,"lat":25.499454,"lon":-103.655474,"municipio":"Lerdo","cerca_de":"León Guzmán","dist_ref_km":28.8,"d_ciudad_km":11.4,"altura_m":0.6,"precio_m2":110,"precio_m2_min":75,"precio_m2_max":165,"valor":4200000,"valor_min":2700000,"valor_max":6300000},"geometry":{"type":"Polygon","coordinates":[[[-103.65677,25.49932],[-103.65677,25.49959],[-103.65621,25.49959],[-103.65617,25.49968],[-103.65607,25.4997],[-103.65607,25.49986],[-103.65597,25.49989],[-103.65596,25.50018],[-103.65616,25.50022],[-103.65616,25.50058],[-103.65599,25.50058],[-103.65596,25.50067],[-103.65566,25.50066],[-103.65563,25.50058],[-103.65546,25.50057],[-103.65534,25.5004],[-103.65517,25.50039],[-103.65515,25.50022],[-103.65497,25.50021],[-103.65484,25.50003],[-103.65457,25.50002],[-103.65456,25.49986],[-103.65438,25.49984],[-103.65436,25.49976],[-103.65418,25.49966],[-103.65418,25.4993],[-103.65438,25.49918],[-103.65439,25.49894],[-103.65458,25.49883],[-103.65459,25.49867],[-103.65469,25.49863],[-103.65469,25.4984],[-103.65477,25.49839],[-103.65479,25.49831],[-103.65509,25.49831],[-103.65512,25.4984],[-103.65539,25.49841],[-103.6554,25.49848],[-103.65558,25.49859],[-103.6556,25.49876],[-103.65578,25.49877],[-103.65582,25.49886],[-103.65628,25.49886],[-103.65629,25.49903],[-103.65637,25.49905],[-103.65638,25.49912],[-103.65647,25.49914],[-103.65659,25.49931],[-103.65677,25.49932]]]}},{"type":"Feature","properties":{"id":209,"estado":"activa","confianza":"alta","area_m2":30965,"perimetro_m":1054,"largo_m":370,"ancho_m":140,"lat":25.797792,"lon":-103.188587,"municipio":"San Pedro","cerca_de":"Pueblo Luchana","dist_ref_km":29.8,"d_ciudad_km":24.9,"altura_m":1.6,"precio_m2":105,"precio_m2_min":70,"precio_m2_max":160,"valor":3300000,"valor_min":2200000,"valor_max":5000000},"geometry":{"type":"Polygon","coordinates":[[[-103.18907,25.79861],[-103.18907,25.79915],[-103.18898,25.79916],[-103.18897,25.79924],[-103.18879,25.79924],[-103.18876,25.79932],[-103.1886,25.79932],[-103.18856,25.79941],[-103.18839,25.79942],[-103.18836,25.7995],[-103.18806,25.7995],[-103.18804,25.79941],[-103.18787,25.7994],[-103.18788,25.79872],[-103.18768,25.79868],[-103.18768,25.79832],[-103.18814,25.79832],[-103.18818,25.79823],[-103.18827,25.79821],[-103.18829,25.79747],[-103.1881,25.79733],[-103.1881,25.79691],[-103.18791,25.79679],[-103.18791,25.79647],[-103.18781,25.79642],[-103.18782,25.79615],[-103.18831,25.79616],[-103.18833,25.79633],[-103.18861,25.79634],[-103.18862,25.79642],[-103.18871,25.79643],[-103.1887,25.79685],[-103.1888,25.79689],[-103.1888,25.79731],[-103.18889,25.79734],[-103.18888,25.79812],[-103.18898,25.79815],[-103.18898,25.79858],[-103.18907,25.79861]]]}},{"type":"Feature","properties":{"id":210,"estado":"activa","confianza":"alta","area_m2":83838,"perimetro_m":1846,"largo_m":525,"ancho_m":292,"lat":25.883462,"lon":-103.421906,"municipio":"Tlahualilo","cerca_de":"Nuevo Barro","dist_ref_km":31.4,"d_ciudad_km":26.5,"altura_m":1.5,"precio_m2":90,"precio_m2_min":60,"precio_m2_max":140,"valor":7700000,"valor_min":5000000,"valor_max":12000000},"geometry":{"type":"Polygon","coordinates":[[[-103.4235,25.88376],[-103.42349,25.88412],[-103.42339,25.88416],[-103.42339,25.88448],[-103.42293,25.88448],[-103.42289,25.88452],[-103.42291,25.88483],[-103.42338,25.88484],[-103.42338,25.8852],[-103.42329,25.88522],[-103.42318,25.88538],[-103.42191,25.88537],[-103.42188,25.88555],[-103.42168,25.88558],[-103.42167,25.886],[-103.42137,25.886],[-103.42136,25.88592],[-103.42127,25.8859],[-103.42128,25.88563],[-103.42148,25.88551],[-103.42148,25.88513],[-103.42129,25.885],[-103.42127,25.88483],[-103.42099,25.88482],[-103.42098,25.88474],[-103.42089,25.88473],[-103.4209,25.88423],[-103.4208,25.88418],[-103.4208,25.88394],[-103.4206,25.88391],[-103.42059,25.88383],[-103.4205,25.88382],[-103.42051,25.88328],[-103.42106,25.88328],[-103.42111,25.88319],[-103.4218,25.88318],[-103.42181,25.8827],[-103.42162,25.88257],[-103.42162,25.8823],[-103.42179,25.8823],[-103.42182,25.88221],[-103.42191,25.88219],[-103.42193,25.88194],[-103.42238,25.88194],[-103.42243,25.8819],[-103.42242,25.8817],[-103.42223,25.88158],[-103.42221,25.8815],[-103.42193,25.88149],[-103.42194,25.88104],[-103.42264,25.88104],[-103.42265,25.88112],[-103.42273,25.88114],[-103.42273,25.88192],[-103.42292,25.88195],[-103.42292,25.88255],[-103.42311,25.88267],[-103.42312,25.88302],[-103.42331,25.88313],[-103.4233,25.88364],[-103.4235,25.88376]]]}},{"type":"Feature","properties":{"id":211,"estado":"activa","confianza":"media","area_m2":12671,"perimetro_m":564,"largo_m":180,"ancho_m":90,"lat":25.790058,"lon":-103.180081,"municipio":"San Pedro","cerca_de":"Pueblo Luchana","dist_ref_km":29.8,"d_ciudad_km":25.0,"altura_m":2.9,"precio_m2":125,"precio_m2_min":80,"precio_m2_max":185,"valor":1600000,"valor_min":1000000,"valor_max":2300000},"geometry":{"type":"Polygon","coordinates":[[[-103.18053,25.78983],[-103.18053,25.79028],[-103.18044,25.7903],[-103.18042,25.79037],[-103.18003,25.7904],[-103.18003,25.79062],[-103.18022,25.79064],[-103.18022,25.791],[-103.17962,25.79099],[-103.17964,25.78973],[-103.17974,25.7897],[-103.17974,25.78937],[-103.18044,25.78938],[-103.18043,25.7898],[-103.18053,25.78983]]]}},{"type":"Feature","properties":{"id":212,"estado":"activa","confianza":"alta","area_m2":22384,"perimetro_m":706,"largo_m":235,"ancho_m":129,"lat":25.7842,"lon":-103.174239,"municipio":"San Pedro","cerca_de":"Pueblo Luchana","dist_ref_km":29.8,"d_ciudad_km":25.1,"altura_m":1.5,"precio_m2":120,"precio_m2_min":75,"precio_m2_max":180,"valor":2700000,"valor_min":1700000,"valor_max":4000000},"geometry":{"type":"Polygon","coordinates":[[[-103.17493,25.78444],[-103.17492,25.78498],[-103.17437,25.78497],[-103.17432,25.78515],[-103.17392,25.78515],[-103.17392,25.78499],[-103.17373,25.78487],[-103.17374,25.784],[-103.17354,25.78388],[-103.17353,25.7838],[-103.17345,25.78379],[-103.17346,25.78315],[-103.17401,25.78316],[-103.17406,25.78307],[-103.17435,25.78308],[-103.17435,25.78331],[-103.17445,25.78335],[-103.17445,25.78359],[-103.17455,25.78362],[-103.17454,25.78395],[-103.17474,25.78407],[-103.17475,25.78433],[-103.17493,25.78444]]]}},{"type":"Feature","properties":{"id":213,"estado":"activa","confianza":"alta","area_m2":86129,"perimetro_m":1449,"largo_m":498,"ancho_m":235,"lat":25.422668,"lon":-103.171297,"municipio":"Matamoros","cerca_de":"El Refugio","dist_ref_km":29.8,"d_ciudad_km":17.6,"altura_m":3.6,"precio_m2":90,"precio_m2_min":60,"precio_m2_max":140,"valor":7900000,"valor_min":5200000,"valor_max":12000000},"geometry":{"type":"Polygon","coordinates":[[[-103.17286,25.42304],[-103.17285,25.42367],[-103.17276,25.42369],[-103.17274,25.42385],[-103.17265,25.42389],[-103.17263,25.42457],[-103.17245,25.42458],[-103.17243,25.42475],[-103.17235,25.42476],[-103.17233,25.42484],[-103.17178,25.42483],[-103.17173,25.42492],[-103.17104,25.42491],[-103.17104,25.4245],[-103.17085,25.42437],[-103.17086,25.42359],[-103.17066,25.42347],[-103.17066,25.42323],[-103.17057,25.42319],[-103.17056,25.42303],[-103.17047,25.42301],[-103.17048,25.42269],[-103.17038,25.42265],[-103.17038,25.42229],[-103.17048,25.42225],[-103.17049,25.42157],[-103.17059,25.42154],[-103.1706,25.4213],[-103.17069,25.42127],[-103.17071,25.42067],[-103.17079,25.42066],[-103.17081,25.42058],[-103.17117,25.42058],[-103.17121,25.42049],[-103.17148,25.42049],[-103.17151,25.42041],[-103.1719,25.42041],[-103.17193,25.4205],[-103.1722,25.42051],[-103.17221,25.42058],[-103.1723,25.4206],[-103.17229,25.42105],[-103.17219,25.42109],[-103.17218,25.42168],[-103.17208,25.42172],[-103.17208,25.42192],[-103.17218,25.42195],[-103.17217,25.42273],[-103.17266,25.42277],[-103.17267,25.42293],[-103.17286,25.42304]]]}},{"type":"Feature","properties":{"id":214,"estado":"activa","confianza":"alta","area_m2":34353,"perimetro_m":1110,"largo_m":335,"ancho_m":212,"lat":25.797378,"lon":-103.184656,"municipio":"San Pedro","cerca_de":"Pueblo Luchana","dist_ref_km":30.1,"d_ciudad_km":25.2,"altura_m":3.3,"precio_m2":105,"precio_m2_min":70,"precio_m2_max":160,"valor":3700000,"valor_min":2400000,"valor_max":5500000},"geometry":{"type":"Polygon","coordinates":[[[-103.18549,25.79838],[-103.18548,25.79865],[-103.18469,25.79864],[-103.18469,25.7984],[-103.18459,25.79837],[-103.18459,25.79812],[-103.1845,25.7981],[-103.1845,25.79768],[-103.1844,25.79764],[-103.18441,25.79714],[-103.18421,25.79701],[-103.1842,25.79685],[-103.18395,25.79683],[-103.18391,25.79692],[-103.18312,25.79691],[-103.18312,25.79664],[-103.18322,25.7966],[-103.18323,25.79591],[-103.18369,25.79592],[-103.18373,25.79583],[-103.18403,25.79583],[-103.18408,25.79593],[-103.18458,25.79593],[-103.18463,25.79584],[-103.18493,25.79585],[-103.18494,25.79592],[-103.18503,25.79594],[-103.18503,25.79609],[-103.18512,25.79612],[-103.18511,25.79702],[-103.18491,25.79714],[-103.1849,25.79761],[-103.1852,25.79765],[-103.1852,25.79817],[-103.18539,25.79829],[-103.18541,25.79837],[-103.18549,25.79838]]]}},{"type":"Feature","properties":{"id":215,"estado":"activa","confianza":"alta","area_m2":36357,"perimetro_m":964,"largo_m":270,"ancho_m":210,"lat":25.800499,"lon":-103.184762,"municipio":"San Pedro","cerca_de":"Pueblo Luchana","dist_ref_km":30.3,"d_ciudad_km":25.4,"altura_m":9.6,"precio_m2":105,"precio_m2_min":70,"precio_m2_max":160,"valor":3800000,"valor_min":2500000,"valor_max":5800000,"grupo":176,"grupo_bloques":2,"grupo_m2":130080},"geometry":{"type":"Polygon","coordinates":[[[-103.18595,25.80064],[-103.18595,25.80091],[-103.18586,25.80093],[-103.18585,25.801],[-103.18567,25.80101],[-103.18564,25.80118],[-103.18547,25.80119],[-103.18534,25.80136],[-103.18516,25.80137],[-103.18504,25.80153],[-103.18468,25.80153],[-103.18464,25.80162],[-103.18424,25.80161],[-103.18423,25.80154],[-103.18414,25.80152],[-103.18414,25.80136],[-103.18405,25.80134],[-103.18404,25.80118],[-103.18395,25.80116],[-103.18395,25.801],[-103.18385,25.80098],[-103.18386,25.80026],[-103.18396,25.80022],[-103.18398,25.79917],[-103.18438,25.79918],[-103.18438,25.79934],[-103.18448,25.79936],[-103.18448,25.7996],[-103.18457,25.79963],[-103.18457,25.79979],[-103.18467,25.79981],[-103.1847,25.7999],[-103.18494,25.7999],[-103.18497,25.79982],[-103.18524,25.79982],[-103.18537,25.79964],[-103.18567,25.79965],[-103.18566,25.80001],[-103.18556,25.80004],[-103.18556,25.80034],[-103.18566,25.80037],[-103.18567,25.80063],[-103.18595,25.80064]]]}},{"type":"Feature","properties":{"id":216,"estado":"activa","confianza":"alta","area_m2":93723,"perimetro_m":1888,"largo_m":547,"ancho_m":297,"lat":25.803305,"lon":-103.187057,"municipio":"San Pedro","cerca_de":"Pueblo Luchana","dist_ref_km":30.4,"d_ciudad_km":25.4,"altura_m":8.5,"precio_m2":95,"precio_m2_min":60,"precio_m2_max":140,"valor":8800000,"valor_min":5700000,"valor_max":13000000,"grupo":176,"grupo_bloques":2,"grupo_m2":130080},"geometry":{"type":"Polygon","coordinates":[[[-103.18817,25.80536],[-103.18817,25.80573],[-103.18757,25.80572],[-103.18754,25.80554],[-103.18697,25.80553],[-103.18696,25.80545],[-103.18678,25.80544],[-103.18675,25.80535],[-103.18648,25.80534],[-103.18646,25.80517],[-103.18628,25.80516],[-103.18629,25.80444],[-103.18639,25.8044],[-103.1864,25.80376],[-103.1863,25.80372],[-103.18631,25.80293],[-103.18622,25.8029],[-103.18618,25.80281],[-103.18585,25.80281],[-103.18582,25.80308],[-103.18562,25.80319],[-103.18561,25.80335],[-103.18531,25.80334],[-103.1853,25.80327],[-103.18521,25.80325],[-103.18522,25.80255],[-103.18503,25.80244],[-103.18501,25.80226],[-103.18473,25.80225],[-103.18474,25.80198],[-103.18503,25.80199],[-103.18508,25.80217],[-103.1853,25.80217],[-103.18533,25.80208],[-103.18542,25.80206],[-103.18543,25.80175],[-103.18524,25.80172],[-103.18524,25.80145],[-103.18542,25.80144],[-103.18554,25.80127],[-103.1861,25.80128],[-103.18614,25.80119],[-103.18651,25.80119],[-103.18664,25.80101],[-103.18673,25.801],[-103.18675,25.80092],[-103.18724,25.80093],[-103.18726,25.80101],[-103.18734,25.80102],[-103.18734,25.80144],[-103.18744,25.80147],[-103.18745,25.80164],[-103.18763,25.80166],[-103.18763,25.80211],[-103.18742,25.80223],[-103.18742,25.80279],[-103.18751,25.80283],[-103.18754,25.80292],[-103.18771,25.80292],[-103.18772,25.80308],[-103.18781,25.8031],[-103.1878,25.80352],[-103.1879,25.80356],[-103.1879,25.80398],[-103.188,25.80401],[-103.18798,25.80497],[-103.18808,25.805],[-103.18808,25.80534],[-103.18817,25.80536]]]}},{"type":"Feature","properties":{"id":217,"estado":"activa","confianza":"alta","area_m2":21721,"perimetro_m":653,"largo_m":210,"ancho_m":130,"lat":25.800195,"lon":-103.182618,"municipio":"San Pedro","cerca_de":"Pueblo Luchana","dist_ref_km":30.4,"d_ciudad_km":25.6,"altura_m":1.1,"precio_m2":115,"precio_m2_min":75,"precio_m2_max":170,"valor":2400000,"valor_min":1600000,"valor_max":3700000},"geometry":{"type":"Polygon","coordinates":[[[-103.18327,25.79998],[-103.18326,25.8007],[-103.18298,25.80071],[-103.18296,25.80079],[-103.18286,25.80081],[-103.18286,25.80097],[-103.18277,25.80098],[-103.18275,25.80105],[-103.18226,25.80105],[-103.18226,25.80081],[-103.18206,25.80077],[-103.18207,25.80045],[-103.18197,25.80041],[-103.18198,25.79969],[-103.18208,25.79966],[-103.18209,25.79915],[-103.18268,25.79916],[-103.18271,25.79933],[-103.18308,25.79934],[-103.18308,25.79967],[-103.18317,25.79971],[-103.18318,25.79995],[-103.18327,25.79998]]]}},{"type":"Feature","properties":{"id":218,"estado":"activa","confianza":"media","area_m2":22941,"perimetro_m":1015,"largo_m":230,"ancho_m":210,"lat":25.875659,"lon":-103.291677,"municipio":"Francisco I. Madero","cerca_de":"Ejido La Coruña","dist_ref_km":32.0,"d_ciudad_km":26.9,"altura_m":0.7,"precio_m2":110,"precio_m2_min":70,"precio_m2_max":160,"valor":2500000,"valor_min":1600000,"valor_max":3700000},"geometry":{"type":"Polygon","coordinates":[[[-103.29228,25.87578],[-103.29227,25.87605],[-103.29197,25.87604],[-103.29195,25.87596],[-103.29178,25.87595],[-103.29174,25.87586],[-103.29158,25.87586],[-103.29155,25.87577],[-103.29128,25.87576],[-103.29126,25.87559],[-103.29101,25.87558],[-103.29099,25.87584],[-103.29128,25.87585],[-103.29127,25.87631],[-103.29119,25.87632],[-103.29107,25.87648],[-103.29077,25.87648],[-103.29076,25.87614],[-103.29042,25.87612],[-103.29038,25.87621],[-103.29028,25.87624],[-103.29027,25.87657],[-103.28997,25.87656],[-103.28998,25.8762],[-103.29008,25.87617],[-103.29008,25.87584],[-103.29028,25.87573],[-103.29029,25.87548],[-103.29049,25.87536],[-103.29049,25.87503],[-103.29068,25.87502],[-103.2907,25.87476],[-103.29078,25.87475],[-103.2908,25.87468],[-103.2911,25.87468],[-103.29111,25.87475],[-103.29119,25.87477],[-103.29131,25.87494],[-103.29139,25.87495],[-103.2914,25.87503],[-103.29149,25.87504],[-103.2915,25.87512],[-103.29159,25.87514],[-103.2917,25.87531],[-103.29189,25.87532],[-103.2919,25.8754],[-103.29208,25.8755],[-103.29209,25.87576],[-103.29228,25.87578]]]}},{"type":"Feature","properties":{"id":219,"estado":"activa","confianza":"media","area_m2":95469,"perimetro_m":2349,"largo_m":477,"ancho_m":420,"lat":25.735421,"lon":-103.132029,"municipio":"San Pedro","cerca_de":"Ejido San Lorenzo","dist_ref_km":30.0,"d_ciudad_km":24.3,"altura_m":0.4,"precio_m2":105,"precio_m2_min":65,"precio_m2_max":155,"valor":9800000,"valor_min":6400000,"valor_max":15000000},"geometry":{"type":"Polygon","coordinates":[[[-103.1355,25.73609],[-103.1355,25.73645],[-103.1352,25.73645],[-103.13516,25.73636],[-103.13471,25.73638],[-103.13471,25.73661],[-103.135,25.73663],[-103.13499,25.73713],[-103.13519,25.73717],[-103.13518,25.73744],[-103.1351,25.73745],[-103.13498,25.73762],[-103.13458,25.73762],[-103.13455,25.73753],[-103.13409,25.73752],[-103.13396,25.73734],[-103.13369,25.73733],[-103.13358,25.73716],[-103.1334,25.73715],[-103.13338,25.73707],[-103.1333,25.73706],[-103.13329,25.73698],[-103.1332,25.73697],[-103.13308,25.73679],[-103.133,25.73678],[-103.13299,25.73607],[-103.13264,25.73606],[-103.13261,25.73624],[-103.13253,25.73625],[-103.13231,25.7365],[-103.13201,25.7365],[-103.13197,25.73641],[-103.13141,25.7364],[-103.1314,25.73623],[-103.13112,25.73622],[-103.1311,25.73614],[-103.13102,25.73613],[-103.13102,25.73597],[-103.13092,25.73594],[-103.13093,25.73567],[-103.13103,25.73564],[-103.13103,25.73531],[-103.13123,25.73529],[-103.13124,25.73504],[-103.13132,25.73503],[-103.13134,25.73487],[-103.13144,25.73483],[-103.13144,25.7346],[-103.13174,25.7346],[-103.13186,25.73477],[-103.13204,25.73478],[-103.13207,25.73487],[-103.13243,25.73488],[-103.13248,25.73497],[-103.13293,25.73498],[-103.13293,25.7353],[-103.13302,25.73534],[-103.13303,25.7355],[-103.13341,25.73551],[-103.13343,25.7352],[-103.13333,25.73516],[-103.13332,25.73491],[-103.13323,25.73489],[-103.1332,25.7348],[-103.13303,25.7348],[-103.13302,25.73472],[-103.13284,25.73461],[-103.13284,25.73429],[-103.13274,25.73425],[-103.13275,25.7338],[-103.13285,25.73377],[-103.13286,25.73335],[-103.13304,25.73334],[-103.13306,25.73317],[-103.13366,25.73318],[-103.13378,25.73336],[-103.13415,25.73337],[-103.13415,25.73364],[-103.13405,25.73368],[-103.13404,25.734],[-103.13394,25.73404],[-103.13393,25.73463],[-103.13385,25.73464],[-103.13383,25.73472],[-103.13364,25.73482],[-103.13363,25.73505],[-103.13393,25.73508],[-103.13394,25.73516],[-103.13402,25.73517],[-103.13402,25.73551],[-103.13422,25.73553],[-103.13434,25.73571],[-103.13481,25.73572],[-103.13483,25.73608],[-103.1355,25.73609]]]}},{"type":"Feature","properties":{"id":220,"estado":"activa","confianza":"alta","mixta":true,"area_m2":513529,"perimetro_m":7581,"largo_m":1702,"ancho_m":792,"lat":25.477216,"lon":-103.664574,"municipio":"Lerdo","cerca_de":"San Antonio (La Hortaliza)","dist_ref_km":30.6,"d_ciudad_km":12.7,"altura_m":5.6,"precio_m2":80,"precio_m2_min":50,"precio_m2_max":120,"valor":40000000,"valor_min":26000000,"valor_max":61000000},"geometry":{"type":"Polygon","coordinates":[[[-103.67364,25.47546],[-103.67364,25.47582],[-103.67336,25.47583],[-103.67334,25.47609],[-103.67294,25.47608],[-103.6729,25.47599],[-103.67255,25.47599],[-103.67254,25.47582],[-103.67225,25.47581],[-103.67223,25.47573],[-103.67215,25.47571],[-103.67213,25.47554],[-103.67185,25.47553],[-103.67181,25.47544],[-103.67148,25.47544],[-103.67145,25.47562],[-103.67136,25.47565],[-103.67135,25.4758],[-103.67116,25.47582],[-103.67116,25.47614],[-103.67195,25.47616],[-103.67199,25.47625],[-103.67254,25.47626],[-103.67254,25.47653],[-103.67198,25.47653],[-103.67194,25.47662],[-103.67144,25.47661],[-103.6714,25.47652],[-103.67088,25.47652],[-103.67085,25.47661],[-103.67075,25.47664],[-103.67074,25.47706],[-103.67035,25.47705],[-103.67034,25.47689],[-103.67025,25.47687],[-103.67013,25.4767],[-103.67005,25.47669],[-103.67005,25.47642],[-103.67014,25.47641],[-103.67015,25.47633],[-103.67053,25.47632],[-103.67055,25.47609],[-103.67036,25.47597],[-103.67035,25.47581],[-103.67016,25.4757],[-103.67015,25.47554],[-103.66997,25.47542],[-103.66995,25.47534],[-103.66987,25.47533],[-103.66985,25.47526],[-103.66967,25.47524],[-103.66966,25.47517],[-103.66957,25.47515],[-103.66956,25.47508],[-103.66947,25.47506],[-103.66946,25.47498],[-103.66937,25.47497],[-103.66936,25.47489],[-103.66927,25.47488],[-103.66915,25.4747],[-103.66888,25.47469],[-103.66886,25.47461],[-103.66868,25.4746],[-103.66866,25.47452],[-103.66848,25.47451],[-103.66847,25.47443],[-103.66829,25.47442],[-103.66825,25.47433],[-103.66799,25.47432],[-103.66786,25.47414],[-103.66759,25.47414],[-103.66756,25.47396],[-103.667,25.47395],[-103.66696,25.47386],[-103.66663,25.47386],[-103.6666,25.47404],[-103.6665,25.47407],[-103.66649,25.47449],[-103.6664,25.47452],[-103.66639,25.47485],[-103.6663,25.47487],[-103.66629,25.47503],[-103.66619,25.47506],[-103.66619,25.47539],[-103.66609,25.47543],[-103.66609,25.47563],[-103.66618,25.47566],[-103.66618,25.47617],[-103.66637,25.47629],[-103.66638,25.47645],[-103.66647,25.47648],[-103.66647,25.47675],[-103.66638,25.47677],[-103.66637,25.47702],[-103.66627,25.47705],[-103.66626,25.47738],[-103.66618,25.47739],[-103.66616,25.47747],[-103.66599,25.47747],[-103.66596,25.47755],[-103.66579,25.47756],[-103.66576,25.47764],[-103.66556,25.47778],[-103.66559,25.478],[-103.66601,25.47801],[-103.66606,25.47783],[-103.66614,25.47781],[-103.66616,25.47774],[-103.66656,25.47774],[-103.6666,25.47783],[-103.66695,25.47783],[-103.66697,25.47791],[-103.66725,25.47811],[-103.66725,25.47838],[-103.66715,25.4784],[-103.66715,25.47856],[-103.66706,25.47857],[-103.66704,25.47865],[-103.66696,25.47866],[-103.66694,25.47874],[-103.66675,25.47885],[-103.66674,25.47901],[-103.66664,25.47904],[-103.66664,25.47919],[-103.66655,25.47921],[-103.66654,25.47937],[-103.66645,25.47938],[-103.66644,25.47945],[-103.66635,25.47947],[-103.66634,25.47954],[-103.66626,25.47955],[-103.66624,25.47963],[-103.66616,25.47964],[-103.66614,25.47972],[-103.66606,25.47973],[-103.66604,25.47981],[-103.66596,25.47982],[-103.66594,25.4799],[-103.66575,25.48001],[-103.66574,25.48008],[-103.66556,25.48008],[-103.66554,25.48017],[-103.66536,25.48018],[-103.66534,25.48026],[-103.66478,25.48025],[-103.66474,25.48034],[-103.66437,25.48034],[-103.66434,25.48052],[-103.66425,25.48054],[-103.66424,25.4807],[-103.66415,25.48071],[-103.66414,25.48079],[-103.66386,25.48079],[-103.66374,25.48097],[-103.66365,25.48098],[-103.66364,25.48105],[-103.66346,25.48106],[-103.66334,25.48123],[-103.66317,25.48123],[-103.66314,25.48132],[-103.66297,25.48132],[-103.66294,25.48141],[-103.66277,25.48141],[-103.66274,25.4815],[-103.66256,25.4815],[-103.66254,25.48159],[-103.66236,25.48159],[-103.66224,25.48176],[-103.66206,25.48177],[-103.66204,25.48185],[-103.66186,25.48186],[-103.66184,25.48194],[-103.66167,25.48194],[-103.66164,25.48203],[-103.66147,25.48203],[-103.66144,25.48212],[-103.66126,25.48212],[-103.66124,25.48221],[-103.66047,25.4822],[-103.66044,25.48229],[-103.66035,25.48231],[-103.66034,25.48247],[-103.66025,25.48248],[-103.66024,25.48256],[-103.65994,25.48256],[-103.65992,25.48247],[-103.65974,25.48246],[-103.65972,25.48238],[-103.65954,25.48237],[-103.6595,25.48228],[-103.65918,25.48228],[-103.65905,25.48246],[-103.65855,25.48245],[-103.65855,25.48218],[-103.65865,25.48214],[-103.65865,25.48182],[-103.65892,25.48182],[-103.65895,25.48173],[-103.65935,25.48174],[-103.65939,25.48183],[-103.65971,25.48183],[-103.65975,25.48174],[-103.66011,25.48174],[-103.66015,25.48165],[-103.66032,25.48165],[-103.66045,25.48148],[-103.661,25.48148],[-103.66105,25.48139],[-103.66123,25.48138],[-103.66125,25.48121],[-103.66135,25.48118],[-103.66135,25.48094],[-103.66143,25.48093],[-103.66145,25.48085],[-103.66175,25.48083],[-103.66175,25.48032],[-103.66194,25.48031],[-103.66195,25.48023],[-103.66204,25.48022],[-103.66206,25.48014],[-103.66214,25.48013],[-103.66216,25.48005],[-103.66224,25.48004],[-103.66226,25.47996],[-103.66245,25.47985],[-103.66246,25.47919],[-103.66236,25.47915],[-103.66237,25.47861],[-103.66246,25.47859],[-103.66247,25.47852],[-103.66265,25.47851],[-103.66267,25.47843],[-103.66287,25.47831],[-103.66287,25.4781],[-103.66277,25.47807],[-103.66278,25.47771],[-103.66288,25.47767],[-103.66289,25.47694],[-103.66279,25.47689],[-103.66278,25.47673],[-103.66269,25.47671],[-103.66257,25.47654],[-103.66249,25.47653],[-103.6625,25.47593],[-103.6624,25.4759],[-103.6624,25.47556],[-103.6623,25.47553],[-103.66231,25.47526],[-103.66241,25.47522],[-103.66242,25.47418],[-103.66251,25.47416],[-103.66252,25.474],[-103.66261,25.47399],[-103.66262,25.47391],[-103.66279,25.47391],[-103.66292,25.47373],[-103.66309,25.47373],[-103.66312,25.47365],[-103.6633,25.47364],[-103.66332,25.47356],[-103.6634,25.47355],[-103.66342,25.47347],[-103.66361,25.47336],[-103.66362,25.47329],[-103.66381,25.47328],[-103.66382,25.4732],[-103.66391,25.47319],[-103.66392,25.47311],[-103.66401,25.4731],[-103.66402,25.47302],[-103.6641,25.47301],[-103.66412,25.47293],[-103.66421,25.47292],[-103.66422,25.47284],[-103.66431,25.47283],[-103.66432,25.47275],[-103.66441,25.47274],[-103.66443,25.47266],[-103.66461,25.47256],[-103.66463,25.47249],[-103.6648,25.47248],[-103.66493,25.47231],[-103.66501,25.47229],[-103.66503,25.47222],[-103.6652,25.47221],[-103.66533,25.47204],[-103.6655,25.47204],[-103.66553,25.47195],[-103.6658,25.47195],[-103.66583,25.47187],[-103.66629,25.47187],[-103.66633,25.47178],[-103.66672,25.47178],[-103.66677,25.47187],[-103.66722,25.47188],[-103.66722,25.47224],[-103.66702,25.47236],[-103.66702,25.47267],[-103.66776,25.47269],[-103.66791,25.47252],[-103.6685,25.47252],[-103.6685,25.47279],[-103.6684,25.47283],[-103.66844,25.47315],[-103.66867,25.47315],[-103.6687,25.47306],[-103.66879,25.47304],[-103.6688,25.47275],[-103.6687,25.4727],[-103.6687,25.47243],[-103.66879,25.47242],[-103.66891,25.47225],[-103.6704,25.47227],[-103.67044,25.47236],[-103.67139,25.47237],[-103.67139,25.47273],[-103.67083,25.47272],[-103.67069,25.4729],[-103.67039,25.4729],[-103.67035,25.47281],[-103.67011,25.47282],[-103.67009,25.47299],[-103.66999,25.47302],[-103.66999,25.47335],[-103.6699,25.47336],[-103.66989,25.47344],[-103.66961,25.47344],[-103.66949,25.47361],[-103.6693,25.47363],[-103.66919,25.47379],[-103.66891,25.4738],[-103.66889,25.47404],[-103.66908,25.47406],[-103.66912,25.47415],[-103.66958,25.47416],[-103.66958,25.47431],[-103.66968,25.47434],[-103.66971,25.47443],[-103.67052,25.47444],[-103.67057,25.4744],[-103.67058,25.47417],[-103.67113,25.47417],[-103.67127,25.47399],[-103.67177,25.474],[-103.67177,25.47433],[-103.67197,25.47445],[-103.67196,25.47505],[-103.67216,25.47508],[-103.67217,25.47543],[-103.67251,25.47545],[-103.67255,25.47536],[-103.67315,25.47536],[-103.67319,25.47545],[-103.67364,25.47546]],[[-103.66389,25.47609],[-103.66399,25.47606],[-103.66397,25.47583],[-103.66352,25.47582],[-103.66349,25.47591],[-103.66341,25.47592],[-103.66339,25.476],[-103.66331,25.47601],[-103.66329,25.47609],[-103.6631,25.4762],[-103.6631,25.47652],[-103.66335,25.47654],[-103.66339,25.47645],[-103.66357,25.47644],[-103.66359,25.47627],[-103.66367,25.47626],[-103.66369,25.47618],[-103.66387,25.47617],[-103.66389,25.47609]]]}},{"type":"Feature","properties":{"id":221,"estado":"activa","confianza":"alta","area_m2":11768,"perimetro_m":523,"largo_m":140,"ancho_m":140,"lat":25.46209,"lon":-103.658535,"municipio":"Lerdo","cerca_de":"La Loma","dist_ref_km":30.9,"d_ciudad_km":13.8,"altura_m":0.3,"precio_m2":120,"precio_m2_min":80,"precio_m2_max":180,"valor":1400000,"valor_min":920000,"valor_max":2100000},"geometry":{"type":"Polygon","coordinates":[[[-103.65937,25.46215],[-103.65937,25.46242],[-103.65899,25.46242],[-103.65897,25.46268],[-103.65857,25.46268],[-103.65854,25.4625],[-103.65807,25.46249],[-103.65806,25.46242],[-103.65797,25.4624],[-103.65798,25.46204],[-103.65806,25.46203],[-103.65818,25.46186],[-103.65837,25.46185],[-103.65838,25.46159],[-103.65847,25.46158],[-103.65858,25.46142],[-103.65898,25.46142],[-103.65898,25.46194],[-103.65907,25.46196],[-103.6591,25.46214],[-103.65937,25.46215]]]}},{"type":"Feature","properties":{"id":222,"estado":"activa","confianza":"alta","area_m2":16328,"perimetro_m":767,"largo_m":288,"ancho_m":109,"lat":25.471323,"lon":-103.670758,"municipio":"Lerdo","cerca_de":"La Loma","dist_ref_km":31.5,"d_ciudad_km":14.3,"altura_m":0.7,"precio_m2":115,"precio_m2_min":75,"precio_m2_max":170,"valor":1900000,"valor_min":1200000,"valor_max":2800000},"geometry":{"type":"Polygon","coordinates":[[[-103.6724,25.47093],[-103.6724,25.47138],[-103.672,25.47138],[-103.67195,25.47129],[-103.67114,25.47128],[-103.6711,25.47137],[-103.67101,25.4714],[-103.671,25.47164],[-103.67092,25.47165],[-103.6708,25.47182],[-103.67044,25.47182],[-103.6704,25.47191],[-103.67,25.4719],[-103.66997,25.47181],[-103.66971,25.47181],[-103.66971,25.47145],[-103.66997,25.47145],[-103.67001,25.47136],[-103.67039,25.47136],[-103.67041,25.47118],[-103.67049,25.47117],[-103.67051,25.47109],[-103.67068,25.47109],[-103.67081,25.47092],[-103.671,25.4709],[-103.67101,25.47074],[-103.67161,25.47074],[-103.67163,25.47082],[-103.67181,25.47084],[-103.67184,25.47093],[-103.6724,25.47093]]]}},{"type":"Feature","properties":{"id":223,"estado":"activa","confianza":"alta","area_m2":33433,"perimetro_m":886,"largo_m":251,"ancho_m":207,"lat":25.807836,"lon":-103.159467,"municipio":"San Pedro","cerca_de":"Ejido Primero de Mayo (Algorta)","dist_ref_km":32.7,"d_ciudad_km":27.8,"altura_m":2.0,"precio_m2":115,"precio_m2_min":75,"precio_m2_max":170,"valor":3800000,"valor_min":2500000,"valor_max":5700000},"geometry":{"type":"Polygon","coordinates":[[[-103.16061,25.808],[-103.1606,25.80881],[-103.16032,25.80881],[-103.16029,25.80899],[-103.1595,25.80898],[-103.15949,25.8089],[-103.1594,25.80889],[-103.15927,25.80871],[-103.1589,25.8087],[-103.15891,25.80818],[-103.15851,25.80815],[-103.15852,25.80779],[-103.15921,25.80778],[-103.15922,25.80744],[-103.15932,25.80739],[-103.15932,25.8072],[-103.15923,25.80717],[-103.15923,25.8069],[-103.15959,25.8069],[-103.15963,25.80681],[-103.1599,25.80681],[-103.15993,25.80673],[-103.16023,25.80673],[-103.16022,25.80724],[-103.16042,25.80736],[-103.16042,25.80788],[-103.16061,25.808]]]}},{"type":"Feature","properties":{"id":224,"estado":"activa","confianza":"alta","area_m2":45272,"perimetro_m":943,"largo_m":249,"ancho_m":233,"lat":25.480868,"lon":-103.679852,"municipio":"Lerdo","cerca_de":"La Gloria","dist_ref_km":31.8,"d_ciudad_km":14.5,"altura_m":0.5,"precio_m2":100,"precio_m2_min":65,"precio_m2_max":150,"valor":4600000,"valor_min":3000000,"valor_max":6800000},"geometry":{"type":"Polygon","coordinates":[[[-103.68104,25.4813],[-103.68104,25.48157],[-103.68095,25.48159],[-103.68094,25.48166],[-103.68076,25.48167],[-103.68064,25.48184],[-103.68028,25.48184],[-103.68024,25.48193],[-103.67989,25.48192],[-103.67984,25.48201],[-103.67948,25.48201],[-103.67944,25.4821],[-103.67904,25.4821],[-103.67903,25.48202],[-103.67894,25.48201],[-103.67894,25.48185],[-103.67885,25.48182],[-103.67884,25.48166],[-103.67875,25.48164],[-103.67876,25.48101],[-103.67886,25.48097],[-103.67885,25.48077],[-103.67876,25.48074],[-103.67876,25.48047],[-103.67903,25.48047],[-103.67906,25.48029],[-103.67915,25.48028],[-103.67916,25.4802],[-103.67944,25.48019],[-103.67946,25.48011],[-103.67966,25.48],[-103.67967,25.47976],[-103.68012,25.47976],[-103.68016,25.47967],[-103.68056,25.47967],[-103.68058,25.47975],[-103.68066,25.47976],[-103.68066,25.48036],[-103.68085,25.48049],[-103.68085,25.48099],[-103.68094,25.48103],[-103.68095,25.48128],[-103.68104,25.4813]]]}},{"type":"Feature","properties":{"id":225,"estado":"activa","confianza":"alta","area_m2":10078,"perimetro_m":425,"largo_m":140,"ancho_m":80,"lat":25.48986,"lon":-103.683534,"municipio":"Lerdo","cerca_de":"La Gloria","dist_ref_km":31.8,"d_ciudad_km":14.5,"altura_m":0.1,"precio_m2":120,"precio_m2_min":75,"precio_m2_max":180,"valor":1200000,"valor_min":780000,"valor_max":1800000},"geometry":{"type":"Polygon","coordinates":[[[-103.68394,25.48936],[-103.68393,25.49036],[-103.68357,25.49035],[-103.68343,25.49053],[-103.68313,25.49053],[-103.68314,25.48936],[-103.68331,25.48935],[-103.68334,25.48927],[-103.68384,25.48927],[-103.68385,25.48935],[-103.68394,25.48936]]]}},{"type":"Feature","properties":{"id":226,"estado":"activa","confianza":"media","area_m2":72279,"perimetro_m":1756,"largo_m":485,"ancho_m":289,"lat":25.47502,"lon":-103.678028,"municipio":"Lerdo","cerca_de":"La Loma","dist_ref_km":32.0,"d_ciudad_km":14.5,"altura_m":7.6,"precio_m2":95,"precio_m2_min":60,"precio_m2_max":145,"valor":6900000,"valor_min":4500000,"valor_max":10000000},"geometry":{"type":"Polygon","coordinates":[[[-103.67963,25.47434],[-103.67962,25.47461],[-103.67953,25.47463],[-103.67952,25.47479],[-103.67942,25.47482],[-103.67942,25.47497],[-103.67923,25.47507],[-103.67922,25.47524],[-103.67914,25.47525],[-103.67912,25.47533],[-103.67893,25.47543],[-103.67892,25.47559],[-103.67883,25.47561],[-103.67861,25.47586],[-103.67844,25.47587],[-103.67841,25.47595],[-103.67815,25.47595],[-103.67811,25.47604],[-103.67696,25.47603],[-103.67682,25.47621],[-103.67673,25.47622],[-103.67672,25.4763],[-103.67654,25.4763],[-103.67642,25.47648],[-103.67633,25.47649],[-103.67632,25.47656],[-103.67614,25.47657],[-103.67602,25.47674],[-103.67552,25.47674],[-103.67552,25.47647],[-103.6757,25.47646],[-103.67572,25.47629],[-103.67591,25.47628],[-103.67593,25.47602],[-103.67603,25.47598],[-103.67603,25.47569],[-103.67593,25.47566],[-103.67593,25.4753],[-103.67612,25.47529],[-103.67614,25.47512],[-103.67673,25.47509],[-103.67673,25.47479],[-103.67664,25.47476],[-103.67663,25.4746],[-103.67654,25.47458],[-103.67655,25.47404],[-103.67712,25.47403],[-103.67714,25.47386],[-103.67724,25.47383],[-103.67725,25.47359],[-103.67753,25.47358],[-103.67755,25.47333],[-103.67804,25.47333],[-103.67809,25.47342],[-103.67874,25.47343],[-103.67874,25.47379],[-103.67854,25.47392],[-103.67854,25.47413],[-103.67873,25.47415],[-103.67873,25.47442],[-103.67824,25.47443],[-103.67825,25.47495],[-103.6787,25.47496],[-103.67872,25.47487],[-103.67892,25.47476],[-103.67893,25.4746],[-103.67911,25.47459],[-103.67913,25.47451],[-103.67931,25.47441],[-103.67933,25.47433],[-103.67963,25.47434]]]}},{"type":"Feature","properties":{"id":227,"estado":"activa","confianza":"alta","area_m2":54524,"perimetro_m":1116,"largo_m":402,"ancho_m":161,"lat":25.810677,"lon":-103.158323,"municipio":"San Pedro","cerca_de":"Ejido Primero de Mayo (Algorta)","dist_ref_km":33.0,"d_ciudad_km":28.1,"altura_m":5.4,"precio_m2":105,"precio_m2_min":70,"precio_m2_max":160,"valor":5900000,"valor_min":3800000,"valor_max":8800000},"geometry":{"type":"Polygon","coordinates":[[[-103.16028,25.81007],[-103.16027,25.81079],[-103.16017,25.81081],[-103.16016,25.81097],[-103.15971,25.81097],[-103.15966,25.81105],[-103.15939,25.81106],[-103.15936,25.81114],[-103.1589,25.81114],[-103.15886,25.81123],[-103.15868,25.81123],[-103.15866,25.81131],[-103.15781,25.8113],[-103.15776,25.81148],[-103.15667,25.81147],[-103.15665,25.81139],[-103.15657,25.81138],[-103.15657,25.81113],[-103.15647,25.8111],[-103.15646,25.81094],[-103.15637,25.81092],[-103.15638,25.81056],[-103.15647,25.81055],[-103.15648,25.81038],[-103.15657,25.81037],[-103.15669,25.8102],[-103.15724,25.81021],[-103.15728,25.81012],[-103.15756,25.81012],[-103.15759,25.81004],[-103.15814,25.81004],[-103.15819,25.80995],[-103.15855,25.80995],[-103.15859,25.80987],[-103.15914,25.80987],[-103.15918,25.80979],[-103.15937,25.80978],[-103.15939,25.8097],[-103.16008,25.80971],[-103.1601,25.80978],[-103.16018,25.8098],[-103.16018,25.81004],[-103.16028,25.81007]]]}},{"type":"Feature","properties":{"id":228,"estado":"activa","confianza":"alta","area_m2":266239,"perimetro_m":3282,"largo_m":966,"ancho_m":384,"lat":25.800123,"lon":-103.147911,"municipio":"San Pedro","cerca_de":"Ejido 20 de Noviembre","dist_ref_km":32.9,"d_ciudad_km":27.8,"altura_m":1.5,"precio_m2":105,"precio_m2_min":70,"precio_m2_max":160,"valor":28000000,"valor_min":18000000,"valor_max":42000000},"geometry":{"type":"Polygon","coordinates":[[[-103.15237,25.79878],[-103.15237,25.79914],[-103.1522,25.79914],[-103.15217,25.79922],[-103.15207,25.79926],[-103.15206,25.79967],[-103.15179,25.79968],[-103.15176,25.79985],[-103.15159,25.79985],[-103.15156,25.79994],[-103.15138,25.79995],[-103.15136,25.80003],[-103.15106,25.80002],[-103.15106,25.79987],[-103.15086,25.79975],[-103.15085,25.79967],[-103.15059,25.79966],[-103.15056,25.79998],[-103.15076,25.80002],[-103.15076,25.80029],[-103.15067,25.8003],[-103.15065,25.80038],[-103.15057,25.80039],[-103.15055,25.80047],[-103.15047,25.80048],[-103.15045,25.80056],[-103.15026,25.80066],[-103.15025,25.80073],[-103.14997,25.80074],[-103.14995,25.80091],[-103.14977,25.80092],[-103.14965,25.80109],[-103.14937,25.80109],[-103.14934,25.80126],[-103.14917,25.80127],[-103.14904,25.80144],[-103.14886,25.80145],[-103.14874,25.80162],[-103.14857,25.80162],[-103.14854,25.80171],[-103.14838,25.80171],[-103.14834,25.80179],[-103.14816,25.8018],[-103.14814,25.80197],[-103.14797,25.80197],[-103.14794,25.80206],[-103.14775,25.80207],[-103.14773,25.80215],[-103.14756,25.80215],[-103.14743,25.80232],[-103.14716,25.80233],[-103.14713,25.8025],[-103.14695,25.80251],[-103.14683,25.80268],[-103.14655,25.80268],[-103.14643,25.80285],[-103.14634,25.80287],[-103.14633,25.80294],[-103.14624,25.80296],[-103.14623,25.80303],[-103.14596,25.80303],[-103.14582,25.80321],[-103.14555,25.80321],[-103.14552,25.80338],[-103.14472,25.80337],[-103.14473,25.80285],[-103.14443,25.80283],[-103.14442,25.80275],[-103.14434,25.80274],[-103.14435,25.80201],[-103.14454,25.80191],[-103.14455,25.80175],[-103.14474,25.80173],[-103.14475,25.80157],[-103.14494,25.80155],[-103.14495,25.80139],[-103.14505,25.80135],[-103.14506,25.80107],[-103.14486,25.80103],[-103.14485,25.80095],[-103.14476,25.80094],[-103.14474,25.80076],[-103.14457,25.80075],[-103.14457,25.8003],[-103.14495,25.8003],[-103.14497,25.80013],[-103.14515,25.80012],[-103.14528,25.79995],[-103.14555,25.79995],[-103.14558,25.79977],[-103.14575,25.79977],[-103.14578,25.79968],[-103.14594,25.79968],[-103.14598,25.7996],[-103.14616,25.79959],[-103.14618,25.79951],[-103.14628,25.79948],[-103.14628,25.79924],[-103.14667,25.79923],[-103.14669,25.7987],[-103.14699,25.79871],[-103.14703,25.79898],[-103.14725,25.79898],[-103.14729,25.79889],[-103.14756,25.79889],[-103.14759,25.79871],[-103.14778,25.79869],[-103.14779,25.79854],[-103.14797,25.79853],[-103.14809,25.79836],[-103.14837,25.79836],[-103.14849,25.79818],[-103.14858,25.79817],[-103.1486,25.7981],[-103.14876,25.7981],[-103.1488,25.79801],[-103.14897,25.798],[-103.1491,25.79783],[-103.14938,25.79783],[-103.1494,25.79765],[-103.1499,25.79766],[-103.14991,25.79774],[-103.15,25.79775],[-103.14999,25.79818],[-103.15019,25.79821],[-103.15019,25.79872],[-103.15045,25.79875],[-103.15049,25.79839],[-103.15069,25.79826],[-103.15069,25.79806],[-103.15059,25.79803],[-103.1506,25.79753],[-103.1505,25.79749],[-103.1505,25.79722],[-103.15059,25.79721],[-103.15061,25.79713],[-103.15079,25.79712],[-103.15091,25.79695],[-103.15118,25.79695],[-103.15121,25.79687],[-103.15151,25.79687],[-103.15152,25.79704],[-103.1516,25.79705],[-103.15163,25.79714],[-103.1518,25.79714],[-103.1518,25.79748],[-103.15199,25.7976],[-103.15199,25.79802],[-103.15218,25.79814],[-103.15218,25.79874],[-103.15237,25.79878]]]}},{"type":"Feature","properties":{"id":229,"estado":"activa","confianza":"alta","area_m2":19776,"perimetro_m":785,"largo_m":300,"ancho_m":100,"lat":25.775556,"lon":-103.129599,"municipio":"San Pedro","cerca_de":"Concordia (La Rosita)","dist_ref_km":32.7,"d_ciudad_km":27.6,"altura_m":1.0,"precio_m2":350,"precio_m2_min":230,"precio_m2_max":530,"valor":7000000,"valor_min":4600000,"valor_max":11000000},"geometry":{"type":"Polygon","coordinates":[[[-103.13101,25.77485],[-103.13101,25.77521],[-103.13083,25.77522],[-103.1307,25.77539],[-103.13044,25.77539],[-103.1304,25.77548],[-103.13023,25.77548],[-103.1302,25.77565],[-103.13012,25.77567],[-103.1301,25.77574],[-103.12984,25.77574],[-103.1297,25.77592],[-103.12942,25.77592],[-103.1294,25.77609],[-103.12922,25.7761],[-103.12909,25.77627],[-103.1285,25.77626],[-103.12848,25.77619],[-103.1284,25.77617],[-103.12841,25.77563],[-103.12896,25.77564],[-103.12901,25.77546],[-103.12938,25.77546],[-103.12941,25.7751],[-103.1295,25.77509],[-103.12951,25.77501],[-103.12979,25.77501],[-103.12981,25.77484],[-103.13101,25.77485]]]}},{"type":"Feature","properties":{"id":230,"estado":"activa","confianza":"alta","area_m2":79869,"perimetro_m":1663,"largo_m":439,"ancho_m":306,"lat":25.913005,"lon":-103.342096,"municipio":"Francisco I. Madero","cerca_de":"Jauja","dist_ref_km":34.8,"d_ciudad_km":29.7,"altura_m":0.8,"precio_m2":90,"precio_m2_min":60,"precio_m2_max":140,"valor":7400000,"valor_min":4800000,"valor_max":11000000},"geometry":{"type":"Polygon","coordinates":[[[-103.34393,25.91411],[-103.34393,25.91447],[-103.34363,25.91447],[-103.34362,25.91439],[-103.34353,25.91438],[-103.34349,25.91411],[-103.34325,25.91411],[-103.34323,25.91428],[-103.34273,25.91428],[-103.3427,25.91419],[-103.34248,25.91418],[-103.34243,25.91427],[-103.34114,25.91426],[-103.341,25.91408],[-103.33984,25.91406],[-103.33984,25.91373],[-103.33965,25.9137],[-103.33965,25.91325],[-103.34012,25.9133],[-103.34015,25.91316],[-103.34033,25.91316],[-103.34046,25.91299],[-103.34164,25.91299],[-103.34165,25.91275],[-103.34146,25.91264],[-103.34147,25.91155],[-103.34197,25.91156],[-103.34202,25.91165],[-103.34257,25.91166],[-103.34261,25.91175],[-103.34284,25.91175],[-103.34287,25.91166],[-103.34327,25.91167],[-103.34328,25.91174],[-103.34337,25.91176],[-103.34348,25.91193],[-103.34366,25.91194],[-103.34365,25.91262],[-103.34375,25.91266],[-103.34375,25.91303],[-103.34308,25.91302],[-103.34305,25.91335],[-103.34324,25.91347],[-103.34325,25.91373],[-103.34364,25.91375],[-103.34366,25.91383],[-103.34384,25.91384],[-103.34384,25.91408],[-103.34393,25.91411]]]}},{"type":"Feature","properties":{"id":231,"estado":"activa","confianza":"media","area_m2":10055,"perimetro_m":567,"largo_m":218,"ancho_m":70,"lat":25.759416,"lon":-103.117044,"municipio":"San Pedro","cerca_de":"Concordia (La Rosita)","dist_ref_km":32.7,"d_ciudad_km":27.4,"altura_m":0.5,"precio_m2":210,"precio_m2_min":135,"precio_m2_max":310,"valor":2100000,"valor_min":1400000,"valor_max":3100000},"geometry":{"type":"Polygon","coordinates":[[[-103.11789,25.75952],[-103.11789,25.75988],[-103.11729,25.75987],[-103.11727,25.75979],[-103.11709,25.75978],[-103.11706,25.75969],[-103.11669,25.75968],[-103.11669,25.75952],[-103.1164,25.7595],[-103.11637,25.75932],[-103.1159,25.75931],[-103.11591,25.75904],[-103.11617,25.75904],[-103.11621,25.75895],[-103.11651,25.75896],[-103.11652,25.75904],[-103.1167,25.75905],[-103.11673,25.75914],[-103.117,25.75914],[-103.11713,25.75932],[-103.1177,25.75933],[-103.11771,25.7595],[-103.11789,25.75952]]]}},{"type":"Feature","properties":{"id":232,"estado":"activa","confianza":"alta","area_m2":29815,"perimetro_m":837,"largo_m":257,"ancho_m":151,"lat":25.765899,"lon":-103.120534,"municipio":"San Pedro","cerca_de":"Concordia (La Rosita)","dist_ref_km":32.8,"d_ciudad_km":27.5,"altura_m":1.5,"precio_m2":240,"precio_m2_min":155,"precio_m2_max":360,"valor":7100000,"valor_min":4600000,"valor_max":11000000},"geometry":{"type":"Polygon","coordinates":[[[-103.12178,25.76562],[-103.12177,25.76634],[-103.12158,25.76645],[-103.12157,25.76679],[-103.12107,25.76678],[-103.12103,25.7666],[-103.12037,25.76659],[-103.12035,25.76641],[-103.11988,25.7664],[-103.11976,25.76623],[-103.11958,25.76622],[-103.11956,25.76614],[-103.11938,25.76613],[-103.11937,25.76605],[-103.11929,25.76603],[-103.11929,25.76576],[-103.11937,25.76575],[-103.11939,25.76567],[-103.11959,25.76556],[-103.1196,25.76514],[-103.1203,25.76514],[-103.12042,25.76532],[-103.12079,25.76533],[-103.12083,25.76569],[-103.12107,25.76569],[-103.12109,25.76552],[-103.12169,25.76552],[-103.1217,25.7656],[-103.12178,25.76562]]]}},{"type":"Feature","properties":{"id":233,"estado":"activa","confianza":"alta","area_m2":44858,"perimetro_m":1497,"largo_m":495,"ancho_m":212,"lat":25.734238,"lon":-103.10374,"municipio":"San Pedro","cerca_de":"Ejido San Ignacio","dist_ref_km":32.5,"d_ciudad_km":26.6,"altura_m":0.6,"precio_m2":110,"precio_m2_min":70,"precio_m2_max":165,"valor":5000000,"valor_min":3200000,"valor_max":7500000},"geometry":{"type":"Polygon","coordinates":[[[-103.10556,25.73282],[-103.10555,25.73318],[-103.10547,25.73319],[-103.10545,25.73327],[-103.10527,25.73327],[-103.10515,25.73344],[-103.10506,25.73346],[-103.10504,25.7338],[-103.10495,25.73383],[-103.10494,25.73398],[-103.10456,25.73399],[-103.10454,25.73416],[-103.10445,25.73417],[-103.10444,25.73425],[-103.10435,25.73426],[-103.10434,25.73434],[-103.10425,25.73435],[-103.10424,25.73442],[-103.10415,25.73443],[-103.10413,25.73451],[-103.10394,25.73462],[-103.10393,25.73469],[-103.10385,25.7347],[-103.10383,25.73478],[-103.10375,25.73479],[-103.10373,25.73487],[-103.10354,25.73497],[-103.10352,25.73532],[-103.10334,25.73533],[-103.10332,25.73541],[-103.10313,25.73552],[-103.10312,25.73567],[-103.10272,25.73567],[-103.1026,25.73549],[-103.10242,25.73548],[-103.10241,25.73541],[-103.10233,25.73539],[-103.10232,25.73532],[-103.10223,25.7353],[-103.1021,25.73512],[-103.10114,25.73511],[-103.10114,25.73475],[-103.10123,25.73473],[-103.10134,25.73457],[-103.10173,25.73456],[-103.10175,25.73421],[-103.10205,25.73422],[-103.10205,25.73437],[-103.10214,25.7344],[-103.10214,25.73464],[-103.10224,25.73467],[-103.10226,25.73475],[-103.1026,25.73476],[-103.10274,25.73459],[-103.10293,25.73457],[-103.10294,25.73432],[-103.10303,25.73431],[-103.10304,25.73423],[-103.10333,25.73421],[-103.10335,25.73387],[-103.10393,25.73386],[-103.10395,25.73365],[-103.10385,25.73361],[-103.10385,25.73334],[-103.10403,25.73333],[-103.10416,25.73316],[-103.10433,25.73316],[-103.10436,25.73307],[-103.10463,25.73307],[-103.10476,25.7329],[-103.10485,25.73288],[-103.10486,25.73281],[-103.10556,25.73282]]]}},{"type":"Feature","properties":{"id":234,"estado":"activa","confianza":"alta","area_m2":19290,"perimetro_m":642,"largo_m":230,"ancho_m":100,"lat":25.464093,"lon":-103.679986,"municipio":"Lerdo","cerca_de":"La Loma","dist_ref_km":32.7,"d_ciudad_km":15.5,"altura_m":4.3,"precio_m2":110,"precio_m2_min":70,"precio_m2_max":165,"valor":2100000,"valor_min":1400000,"valor_max":3200000},"geometry":{"type":"Polygon","coordinates":[[[-103.68113,25.46379],[-103.68113,25.46424],[-103.68105,25.46425],[-103.68103,25.46433],[-103.68084,25.46443],[-103.68083,25.4646],[-103.68074,25.46461],[-103.68073,25.46469],[-103.68043,25.46468],[-103.68038,25.46459],[-103.67923,25.46458],[-103.6792,25.46449],[-103.67884,25.46449],[-103.67884,25.46395],[-103.67893,25.46393],[-103.67904,25.46377],[-103.67974,25.46377],[-103.67979,25.46387],[-103.68001,25.46386],[-103.68004,25.46378],[-103.68113,25.46379]]]}},{"type":"Feature","properties":{"id":235,"estado":"activa","confianza":"alta","area_m2":28745,"perimetro_m":765,"largo_m":230,"ancho_m":180,"lat":25.745266,"lon":-103.106754,"municipio":"San Pedro","cerca_de":"Ejido San Ignacio","dist_ref_km":32.8,"d_ciudad_km":27.2,"altura_m":0.0,"precio_m2":135,"precio_m2_min":85,"precio_m2_max":200,"valor":3800000,"valor_min":2500000,"valor_max":5800000},"geometry":{"type":"Polygon","coordinates":[[[-103.10756,25.74485],[-103.10755,25.74566],[-103.10737,25.74566],[-103.10724,25.74584],[-103.10716,25.74585],[-103.10714,25.74611],[-103.10657,25.7461],[-103.10654,25.74628],[-103.10645,25.74629],[-103.10644,25.74637],[-103.10614,25.74637],[-103.1061,25.74627],[-103.10574,25.74627],[-103.10575,25.74564],[-103.10584,25.74562],[-103.10585,25.74546],[-103.10595,25.74543],[-103.10596,25.7451],[-103.10616,25.74499],[-103.10617,25.74474],[-103.10636,25.74463],[-103.10637,25.74429],[-103.10677,25.7443],[-103.10681,25.74439],[-103.10717,25.74439],[-103.10718,25.74447],[-103.10727,25.74448],[-103.10727,25.74483],[-103.10756,25.74485]]]}},{"type":"Feature","properties":{"id":236,"estado":"activa","confianza":"alta","area_m2":41011,"perimetro_m":919,"largo_m":325,"ancho_m":177,"lat":25.440993,"lon":-103.6698,"municipio":"Lerdo","cerca_de":"La Loma","dist_ref_km":33.1,"d_ciudad_km":15.8,"altura_m":4.0,"precio_m2":100,"precio_m2_min":65,"precio_m2_max":150,"valor":4100000,"valor_min":2700000,"valor_max":6200000},"geometry":{"type":"Polygon","coordinates":[[[-103.67095,25.44013],[-103.67094,25.44094],[-103.67086,25.44095],[-103.67084,25.44103],[-103.67076,25.44104],[-103.67074,25.44112],[-103.67055,25.44123],[-103.67054,25.4413],[-103.67035,25.44131],[-103.67034,25.44139],[-103.67024,25.44141],[-103.67024,25.44157],[-103.67015,25.44158],[-103.67014,25.44166],[-103.67005,25.44167],[-103.67004,25.44175],[-103.66996,25.44176],[-103.66994,25.44184],[-103.66986,25.44185],[-103.66984,25.44193],[-103.66975,25.44193],[-103.66974,25.44201],[-103.66965,25.44202],[-103.66964,25.4421],[-103.66945,25.44221],[-103.66943,25.44228],[-103.66904,25.44228],[-103.66903,25.44212],[-103.66894,25.4421],[-103.66894,25.44185],[-103.66884,25.44183],[-103.66884,25.4415],[-103.66875,25.44146],[-103.66876,25.44065],[-103.66884,25.44064],[-103.66896,25.44047],[-103.66912,25.44047],[-103.66916,25.44038],[-103.66934,25.44038],[-103.66936,25.4403],[-103.66944,25.44029],[-103.66946,25.44021],[-103.66965,25.4401],[-103.66966,25.44003],[-103.66994,25.44002],[-103.66996,25.43985],[-103.67004,25.43984],[-103.67016,25.43967],[-103.67076,25.43968],[-103.67076,25.43983],[-103.67085,25.43986],[-103.67085,25.4401],[-103.67095,25.44013]]]}},{"type":"Feature","properties":{"id":237,"estado":"activa","confianza":"media","area_m2":9176,"perimetro_m":422,"largo_m":140,"ancho_m":80,"lat":25.773965,"lon":-103.121753,"municipio":"San Pedro","cerca_de":"Concordia (La Rosita)","dist_ref_km":33.2,"d_ciudad_km":28.1,"altura_m":1.6,"precio_m2":380,"precio_m2_min":250,"precio_m2_max":570,"valor":3500000,"valor_min":2300000,"valor_max":5200000},"geometry":{"type":"Polygon","coordinates":[[[-103.12245,25.77384],[-103.12245,25.77411],[-103.12226,25.77422],[-103.12224,25.77438],[-103.12195,25.77437],[-103.1219,25.77428],[-103.12168,25.77428],[-103.12165,25.77437],[-103.12125,25.77436],[-103.12124,25.7742],[-103.12105,25.77409],[-103.12106,25.77382],[-103.12124,25.77381],[-103.12126,25.77364],[-103.12216,25.77365],[-103.12228,25.77383],[-103.12245,25.77384]]]}},{"type":"Feature","properties":{"id":238,"estado":"desmontada","confianza":"alta","area_m2":83477,"perimetro_m":1515,"largo_m":410,"ancho_m":380,"lat":25.461721,"lon":-103.682169,"municipio":"Lerdo","cerca_de":"La Loma","dist_ref_km":33.0,"d_ciudad_km":15.7,"altura_m":6.5,"precio_m2":55,"precio_m2_min":35,"precio_m2_max":85,"valor":4800000,"valor_min":3100000,"valor_max":7200000},"geometry":{"type":"Polygon","coordinates":[[[-103.68403,25.46273],[-103.68402,25.46345],[-103.68332,25.46345],[-103.6832,25.46327],[-103.68278,25.46326],[-103.68263,25.46344],[-103.68233,25.46344],[-103.6822,25.46326],[-103.68184,25.46325],[-103.6818,25.46307],[-103.68114,25.46306],[-103.68112,25.46298],[-103.68094,25.46297],[-103.6809,25.46288],[-103.67995,25.46287],[-103.67995,25.46251],[-103.68005,25.46249],[-103.68005,25.46233],[-103.68033,25.46233],[-103.68045,25.46216],[-103.68054,25.46214],[-103.68056,25.46207],[-103.68064,25.46205],[-103.68066,25.46198],[-103.68074,25.46196],[-103.68076,25.4618],[-103.68084,25.46178],[-103.68096,25.46162],[-103.68113,25.46161],[-103.68126,25.46144],[-103.68143,25.46144],[-103.68146,25.46135],[-103.68164,25.46134],[-103.68166,25.46126],[-103.68183,25.46126],[-103.68196,25.46109],[-103.68205,25.46107],[-103.68206,25.461],[-103.68224,25.46098],[-103.68226,25.46091],[-103.68235,25.46088],[-103.68236,25.46073],[-103.68253,25.46073],[-103.68256,25.46064],[-103.68265,25.46062],[-103.68266,25.46037],[-103.68275,25.46035],[-103.68276,25.46019],[-103.68285,25.46018],[-103.68296,25.46001],[-103.68326,25.46001],[-103.68327,25.46017],[-103.68336,25.4602],[-103.68335,25.46098],[-103.68355,25.46101],[-103.68355,25.46117],[-103.68365,25.46119],[-103.68364,25.46164],[-103.68345,25.46166],[-103.68344,25.46188],[-103.68374,25.46191],[-103.68374,25.46215],[-103.68384,25.46219],[-103.68385,25.46235],[-103.68393,25.46237],[-103.68393,25.46269],[-103.68403,25.46273]]]}},{"type":"Feature","properties":{"id":239,"estado":"desmontada","confianza":"alta","area_m2":14357,"perimetro_m":572,"largo_m":174,"ancho_m":120,"lat":25.458749,"lon":-103.682031,"municipio":"Lerdo","cerca_de":"La Loma","dist_ref_km":33.1,"d_ciudad_km":16.0,"altura_m":2.8,"precio_m2":70,"precio_m2_min":45,"precio_m2_max":105,"valor":1000000,"valor_min":660000,"valor_max":1500000},"geometry":{"type":"Polygon","coordinates":[[[-103.68269,25.45811],[-103.68268,25.45838],[-103.68259,25.45841],[-103.68258,25.45856],[-103.68238,25.45869],[-103.68238,25.45906],[-103.68248,25.4591],[-103.68247,25.45947],[-103.68239,25.45948],[-103.68237,25.45955],[-103.68207,25.45955],[-103.68203,25.45946],[-103.68138,25.45946],[-103.68139,25.45882],[-103.68168,25.45881],[-103.68169,25.45865],[-103.68179,25.45861],[-103.68179,25.45829],[-103.68187,25.45827],[-103.68209,25.45802],[-103.68239,25.45802],[-103.68242,25.45811],[-103.68269,25.45811]]]}},{"type":"Feature","properties":{"id":240,"estado":"activa","confianza":"alta","area_m2":12323,"perimetro_m":661,"largo_m":180,"ancho_m":150,"lat":25.77192,"lon":-103.117199,"municipio":"San Pedro","cerca_de":"Concordia (La Rosita)","dist_ref_km":33.4,"d_ciudad_km":28.3,"altura_m":1.3,"precio_m2":350,"precio_m2_min":230,"precio_m2_max":520,"valor":4300000,"valor_min":2800000,"valor_max":6400000},"geometry":{"type":"Polygon","coordinates":[[[-103.11849,25.77234],[-103.11848,25.7727],[-103.11699,25.77268],[-103.11695,25.7726],[-103.11669,25.77259],[-103.11669,25.77232],[-103.11689,25.77229],[-103.1169,25.77178],[-103.1171,25.77175],[-103.11711,25.77133],[-103.11741,25.77134],[-103.11742,25.77141],[-103.11751,25.77143],[-103.1175,25.77206],[-103.1174,25.77209],[-103.11741,25.77232],[-103.11849,25.77234]]]}},{"type":"Feature","properties":{"id":241,"estado":"activa","confianza":"alta","area_m2":61564,"perimetro_m":1123,"largo_m":320,"ancho_m":260,"lat":25.774406,"lon":-103.117609,"municipio":"San Pedro","cerca_de":"Concordia (La Rosita)","dist_ref_km":33.6,"d_ciudad_km":28.3,"altura_m":1.8,"precio_m2":320,"precio_m2_min":210,"precio_m2_max":480,"valor":20000000,"valor_min":13000000,"valor_max":29000000},"geometry":{"type":"Polygon","coordinates":[[[-103.11926,25.77389],[-103.11926,25.77425],[-103.11906,25.77436],[-103.11905,25.77452],[-103.11826,25.77453],[-103.11824,25.77523],[-103.11815,25.77524],[-103.11814,25.77541],[-103.11806,25.77542],[-103.11794,25.77559],[-103.11744,25.77558],[-103.11729,25.7754],[-103.11707,25.7754],[-103.11694,25.77557],[-103.11624,25.77556],[-103.11623,25.7754],[-103.11605,25.77538],[-103.11606,25.77448],[-103.11616,25.77446],[-103.11617,25.77421],[-103.11626,25.77417],[-103.11627,25.77376],[-103.11635,25.77375],[-103.11637,25.77367],[-103.11656,25.77357],[-103.11658,25.7734],[-103.11666,25.77339],[-103.11678,25.77322],[-103.11748,25.77323],[-103.11762,25.77341],[-103.11784,25.77341],[-103.11787,25.77333],[-103.11847,25.77334],[-103.11851,25.77343],[-103.11907,25.77343],[-103.11908,25.77351],[-103.11917,25.77353],[-103.11917,25.77386],[-103.11926,25.77389]]]}},{"type":"Feature","properties":{"id":242,"estado":"activa","confianza":"media","area_m2":17334,"perimetro_m":755,"largo_m":281,"ancho_m":89,"lat":25.765864,"lon":-103.112337,"municipio":"San Pedro","cerca_de":"Concordia (La Rosita)","dist_ref_km":33.5,"d_ciudad_km":28.2,"altura_m":0.1,"precio_m2":250,"precio_m2_min":165,"precio_m2_max":380,"valor":4400000,"valor_min":2800000,"valor_max":6500000},"geometry":{"type":"Polygon","coordinates":[[[-103.114,25.76588],[-103.114,25.76624],[-103.11381,25.76634],[-103.11379,25.76651],[-103.1133,25.7665],[-103.11328,25.76642],[-103.1132,25.76641],[-103.11319,25.76624],[-103.113,25.76622],[-103.11297,25.76614],[-103.11211,25.76612],[-103.11197,25.76594],[-103.11151,25.76593],[-103.1115,25.76586],[-103.11141,25.76584],[-103.11142,25.76521],[-103.11192,25.76522],[-103.11205,25.7654],[-103.11252,25.76541],[-103.11254,25.76549],[-103.11271,25.7655],[-103.11275,25.76559],[-103.11291,25.76559],[-103.11292,25.76566],[-103.11301,25.76568],[-103.11302,25.76576],[-103.11311,25.76577],[-103.11324,25.76595],[-103.11366,25.76596],[-103.11371,25.76587],[-103.114,25.76588]]]}},{"type":"Feature","properties":{"id":243,"estado":"desmontada","confianza":"alta","area_m2":94666,"perimetro_m":1594,"largo_m":467,"ancho_m":325,"lat":25.460974,"lon":-103.687232,"municipio":"Lerdo","cerca_de":"La Loma","dist_ref_km":33.5,"d_ciudad_km":16.2,"altura_m":7.1,"precio_m2":55,"precio_m2_min":35,"precio_m2_max":85,"valor":5300000,"valor_min":3500000,"valor_max":8000000},"geometry":{"type":"Polygon","coordinates":[[[-103.68883,25.46015],[-103.68883,25.46061],[-103.68873,25.46063],[-103.68872,25.46079],[-103.68853,25.46089],[-103.68852,25.46105],[-103.68835,25.46106],[-103.68822,25.46123],[-103.68803,25.46125],[-103.68802,25.46159],[-103.68776,25.46159],[-103.68772,25.46168],[-103.68763,25.4617],[-103.68761,25.46222],[-103.68753,25.46223],[-103.68751,25.46231],[-103.68743,25.46232],[-103.68741,25.4624],[-103.68723,25.4625],[-103.68721,25.46267],[-103.68692,25.46268],[-103.68691,25.46303],[-103.68682,25.46304],[-103.68681,25.46312],[-103.68651,25.46311],[-103.68652,25.46266],[-103.6866,25.46265],[-103.68662,25.46257],[-103.6869,25.46256],[-103.68692,25.46234],[-103.68682,25.4623],[-103.68679,25.46222],[-103.68662,25.46221],[-103.68661,25.46169],[-103.68653,25.46167],[-103.68641,25.46149],[-103.68623,25.46149],[-103.68621,25.4614],[-103.68603,25.46139],[-103.68602,25.46132],[-103.68593,25.4613],[-103.68594,25.46071],[-103.68584,25.46067],[-103.68585,25.46016],[-103.68575,25.46013],[-103.68574,25.45996],[-103.68565,25.45994],[-103.68566,25.45949],[-103.68595,25.45948],[-103.68596,25.45904],[-103.68604,25.45903],[-103.68606,25.45896],[-103.68681,25.45896],[-103.68686,25.45887],[-103.68704,25.45886],[-103.68706,25.45878],[-103.68751,25.45879],[-103.68755,25.4587],[-103.68805,25.4587],[-103.68809,25.45879],[-103.68865,25.4588],[-103.68865,25.45895],[-103.68874,25.45898],[-103.68874,25.45943],[-103.68864,25.45947],[-103.68863,25.46002],[-103.68883,25.46015]]]}},{"type":"Feature","properties":{"id":244,"estado":"activa","confianza":"media","area_m2":9354,"perimetro_m":468,"largo_m":170,"ancho_m":70,"lat":25.494219,"lon":-103.701077,"municipio":"Lerdo","cerca_de":"Juan E. García","dist_ref_km":33.2,"d_ciudad_km":15.9,"altura_m":3.5,"precio_m2":120,"precio_m2_min":75,"precio_m2_max":175,"valor":1100000,"valor_min":720000,"valor_max":1700000},"geometry":{"type":"Polygon","coordinates":[[[-103.70199,25.49386],[-103.70199,25.49413],[-103.70191,25.49414],[-103.70179,25.49431],[-103.70161,25.49432],[-103.70149,25.49449],[-103.70119,25.49448],[-103.70114,25.49439],[-103.70093,25.49439],[-103.70089,25.49448],[-103.7004,25.49448],[-103.70039,25.49432],[-103.7003,25.4943],[-103.7003,25.49393],[-103.70125,25.49394],[-103.7013,25.49385],[-103.70199,25.49386]]]}},{"type":"Feature","properties":{"id":245,"estado":"activa","confianza":"alta","area_m2":38840,"perimetro_m":897,"largo_m":233,"ancho_m":197,"lat":25.509034,"lon":-103.706366,"municipio":"Lerdo","cerca_de":"Salamanca","dist_ref_km":33.2,"d_ciudad_km":15.8,"altura_m":0.8,"precio_m2":100,"precio_m2_min":65,"precio_m2_max":155,"valor":4000000,"valor_min":2600000,"valor_max":5900000},"geometry":{"type":"Polygon","coordinates":[[[-103.7076,25.50935],[-103.7076,25.50962],[-103.70742,25.50962],[-103.7074,25.50971],[-103.70712,25.50971],[-103.707,25.50988],[-103.70682,25.50989],[-103.7068,25.50997],[-103.70662,25.50998],[-103.7066,25.51006],[-103.70633,25.51006],[-103.7063,25.51015],[-103.706,25.51015],[-103.70597,25.51006],[-103.7058,25.51005],[-103.7058,25.50972],[-103.70561,25.50969],[-103.7056,25.50935],[-103.70541,25.50933],[-103.70541,25.50908],[-103.70522,25.50897],[-103.70522,25.50842],[-103.70531,25.50841],[-103.70542,25.50825],[-103.7058,25.50824],[-103.70582,25.50807],[-103.70628,25.50807],[-103.70642,25.50789],[-103.70672,25.5079],[-103.70673,25.50797],[-103.70682,25.50799],[-103.70683,25.50815],[-103.70701,25.50826],[-103.70702,25.5086],[-103.70721,25.50862],[-103.70721,25.50896],[-103.7074,25.50899],[-103.70741,25.50932],[-103.7076,25.50935]]]}},{"type":"Feature","properties":{"id":246,"estado":"activa","confianza":"alta","area_m2":58449,"perimetro_m":1345,"largo_m":417,"ancho_m":244,"lat":25.77022,"lon":-103.111393,"municipio":"San Pedro","cerca_de":"Concordia (La Rosita)","dist_ref_km":33.8,"d_ciudad_km":28.5,"altura_m":2.2,"precio_m2":280,"precio_m2_min":180,"precio_m2_max":410,"valor":16000000,"valor_min":10000000,"valor_max":24000000},"geometry":{"type":"Polygon","coordinates":[[[-103.11236,25.76883],[-103.11236,25.76928],[-103.11226,25.76932],[-103.11224,25.77037],[-103.11195,25.77039],[-103.11193,25.77099],[-103.11185,25.771],[-103.11183,25.77108],[-103.11164,25.77119],[-103.11162,25.77144],[-103.11154,25.77145],[-103.11152,25.77153],[-103.11133,25.77155],[-103.11132,25.77189],[-103.11032,25.77188],[-103.1103,25.77179],[-103.11012,25.77178],[-103.11012,25.77163],[-103.11003,25.7716],[-103.11,25.77151],[-103.10953,25.7715],[-103.10951,25.77142],[-103.10933,25.77141],[-103.1093,25.77132],[-103.10903,25.77132],[-103.10904,25.77105],[-103.10934,25.77105],[-103.10936,25.77114],[-103.10963,25.77115],[-103.10967,25.77124],[-103.10999,25.77124],[-103.11003,25.77115],[-103.11013,25.77112],[-103.11014,25.77097],[-103.11033,25.77086],[-103.11034,25.77052],[-103.11054,25.7704],[-103.11055,25.77007],[-103.11075,25.76995],[-103.11076,25.76926],[-103.11096,25.76915],[-103.11097,25.76873],[-103.11106,25.76871],[-103.11107,25.76855],[-103.11116,25.76853],[-103.11117,25.76846],[-103.11167,25.76846],[-103.11179,25.76864],[-103.11217,25.76865],[-103.11218,25.76873],[-103.11236,25.76883]]]}},{"type":"Feature","properties":{"id":247,"estado":"activa","confianza":"alta","area_m2":32518,"perimetro_m":840,"largo_m":280,"ancho_m":156,"lat":25.740612,"lon":-103.093778,"municipio":"San Pedro","cerca_de":"Ejido San Ignacio","dist_ref_km":33.7,"d_ciudad_km":27.9,"altura_m":1.7,"precio_m2":120,"precio_m2_min":75,"precio_m2_max":180,"valor":3900000,"valor_min":2500000,"valor_max":5800000,"grupo":204,"grupo_bloques":2,"grupo_m2":44070},"geometry":{"type":"Polygon","coordinates":[[[-103.09527,25.74063],[-103.09526,25.74099],[-103.09507,25.74109],[-103.09506,25.74126],[-103.09497,25.74127],[-103.09475,25.74152],[-103.09426,25.74152],[-103.09423,25.74143],[-103.09406,25.74142],[-103.09393,25.74125],[-103.09366,25.74124],[-103.09355,25.74107],[-103.09337,25.74105],[-103.09333,25.74096],[-103.09297,25.74096],[-103.09296,25.74088],[-103.09287,25.74087],[-103.09276,25.74069],[-103.09257,25.74068],[-103.09256,25.7406],[-103.09248,25.74059],[-103.09248,25.74023],[-103.09266,25.74022],[-103.09268,25.74005],[-103.09287,25.74004],[-103.09289,25.73996],[-103.09297,25.73995],[-103.09299,25.73987],[-103.09318,25.73977],[-103.09319,25.7397],[-103.09369,25.7397],[-103.09369,25.73986],[-103.09388,25.73998],[-103.0939,25.74006],[-103.09408,25.74007],[-103.0941,25.74015],[-103.09428,25.74016],[-103.09431,25.74025],[-103.09457,25.74026],[-103.09469,25.74043],[-103.09487,25.74044],[-103.095,25.74062],[-103.09527,25.74063]]]}},{"type":"Feature","properties":{"id":248,"estado":"desmontada","confianza":"alta","area_m2":35269,"perimetro_m":898,"largo_m":303,"ancho_m":158,"lat":25.460996,"lon":-103.691013,"municipio":"Lerdo","cerca_de":"La Loma","dist_ref_km":33.8,"d_ciudad_km":16.6,"altura_m":4.7,"precio_m2":65,"precio_m2_min":40,"precio_m2_max":95,"valor":2200000,"valor_min":1400000,"valor_max":3300000},"geometry":{"type":"Polygon","coordinates":[[[-103.69271,25.46028],[-103.6927,25.46064],[-103.69262,25.46065],[-103.6925,25.46082],[-103.69234,25.46082],[-103.6923,25.46091],[-103.69221,25.46093],[-103.6922,25.46118],[-103.6921,25.46121],[-103.6921,25.46145],[-103.69164,25.46144],[-103.6916,25.46153],[-103.6913,25.46153],[-103.69127,25.46144],[-103.69104,25.46144],[-103.6909,25.46162],[-103.69063,25.46162],[-103.6905,25.46179],[-103.69011,25.46179],[-103.69009,25.46171],[-103.69001,25.4617],[-103.69001,25.46119],[-103.68982,25.46107],[-103.68982,25.4607],[-103.6899,25.46069],[-103.68992,25.46062],[-103.69009,25.46061],[-103.69012,25.46053],[-103.6903,25.46052],[-103.69032,25.46044],[-103.69069,25.46044],[-103.69072,25.46035],[-103.6909,25.46034],[-103.69092,25.46026],[-103.69138,25.46027],[-103.69142,25.46018],[-103.6916,25.46017],[-103.69162,25.46009],[-103.69201,25.46009],[-103.69205,25.46018],[-103.69251,25.46019],[-103.69254,25.46027],[-103.69271,25.46028]]]}},{"type":"Feature","properties":{"id":249,"estado":"activa","confianza":"alta","area_m2":19489,"perimetro_m":655,"largo_m":189,"ancho_m":151,"lat":25.830289,"lon":-103.152434,"municipio":"San Pedro","cerca_de":"Ejido Primero de Mayo (Algorta)","dist_ref_km":34.9,"d_ciudad_km":30.1,"altura_m":1.8,"precio_m2":115,"precio_m2_min":75,"precio_m2_max":170,"valor":2200000,"valor_min":1500000,"valor_max":3400000},"geometry":{"type":"Polygon","coordinates":[[[-103.15329,25.83002],[-103.15327,25.83074],[-103.15318,25.83077],[-103.15317,25.83101],[-103.15287,25.83101],[-103.15283,25.83092],[-103.15168,25.8309],[-103.15168,25.83058],[-103.15158,25.83054],[-103.15159,25.83004],[-103.15149,25.83],[-103.1515,25.82964],[-103.15158,25.82963],[-103.1516,25.82955],[-103.1519,25.82955],[-103.15191,25.82963],[-103.152,25.82964],[-103.152,25.8299],[-103.15229,25.82992],[-103.15232,25.83001],[-103.15329,25.83002]]]}},{"type":"Feature","properties":{"id":250,"estado":"activa","confianza":"alta","area_m2":11552,"perimetro_m":516,"largo_m":191,"ancho_m":92,"lat":25.741257,"lon":-103.09167,"municipio":"San Pedro","cerca_de":"Ejido San Ignacio","dist_ref_km":33.9,"d_ciudad_km":28.2,"altura_m":1.9,"precio_m2":135,"precio_m2_min":85,"precio_m2_max":200,"valor":1500000,"valor_min":1000000,"valor_max":2300000,"grupo":204,"grupo_bloques":2,"grupo_m2":44070},"geometry":{"type":"Polygon","coordinates":[[[-103.09247,25.74068],[-103.09247,25.74104],[-103.09228,25.74115],[-103.09227,25.74131],[-103.09208,25.74132],[-103.09206,25.74149],[-103.09188,25.7415],[-103.09186,25.74167],[-103.09167,25.74168],[-103.09166,25.74184],[-103.09106,25.74184],[-103.09107,25.7412],[-103.09116,25.74119],[-103.09117,25.74111],[-103.09145,25.74111],[-103.09157,25.74094],[-103.09166,25.74092],[-103.09167,25.74085],[-103.09176,25.74084],[-103.09178,25.74076],[-103.09186,25.74075],[-103.09188,25.74067],[-103.09205,25.74067],[-103.09208,25.74059],[-103.09238,25.74059],[-103.09239,25.74067],[-103.09247,25.74068]]]}},{"type":"Feature","properties":{"id":251,"estado":"activa","confianza":"alta","area_m2":13673,"perimetro_m":508,"largo_m":170,"ancho_m":90,"lat":25.830284,"lon":-103.15029,"municipio":"San Pedro","cerca_de":"Ejido El Retiro","dist_ref_km":35.1,"d_ciudad_km":30.3,"altura_m":0.5,"precio_m2":120,"precio_m2_min":80,"precio_m2_max":180,"valor":1600000,"valor_min":1100000,"valor_max":2500000},"geometry":{"type":"Polygon","coordinates":[[[-103.15078,25.8308],[-103.15078,25.83107],[-103.15068,25.8311],[-103.15067,25.83125],[-103.1505,25.83126],[-103.15047,25.83134],[-103.14997,25.83133],[-103.14996,25.83126],[-103.14988,25.83124],[-103.1499,25.8298],[-103.1507,25.82981],[-103.15068,25.83076],[-103.15078,25.8308]]]}},{"type":"Feature","properties":{"id":252,"estado":"activa","confianza":"alta","area_m2":65598,"perimetro_m":1598,"largo_m":527,"ancho_m":206,"lat":25.934612,"lon":-103.374099,"municipio":"Tlahualilo","cerca_de":"Jauja","dist_ref_km":36.9,"d_ciudad_km":31.8,"altura_m":4.6,"precio_m2":95,"precio_m2_min":60,"precio_m2_max":140,"valor":6200000,"valor_min":4000000,"valor_max":9300000},"geometry":{"type":"Polygon","coordinates":[[[-103.37559,25.93505],[-103.37558,25.93604],[-103.37548,25.93608],[-103.37547,25.93645],[-103.37557,25.9365],[-103.37557,25.93677],[-103.37547,25.9368],[-103.37546,25.93704],[-103.37506,25.93703],[-103.37507,25.93634],[-103.37487,25.93631],[-103.37484,25.93622],[-103.37448,25.93623],[-103.37447,25.93666],[-103.37397,25.93666],[-103.37397,25.93639],[-103.37407,25.93636],[-103.37407,25.93614],[-103.37368,25.93611],[-103.37369,25.93489],[-103.3735,25.93485],[-103.3735,25.93434],[-103.3734,25.93431],[-103.37341,25.93349],[-103.37351,25.93346],[-103.37352,25.93317],[-103.37342,25.93313],[-103.37342,25.93281],[-103.37333,25.93277],[-103.37333,25.9325],[-103.37423,25.93251],[-103.37425,25.93259],[-103.37443,25.9326],[-103.37444,25.93268],[-103.37452,25.93269],[-103.37452,25.93305],[-103.37442,25.93308],[-103.37442,25.93338],[-103.37461,25.93351],[-103.37463,25.93359],[-103.37471,25.9336],[-103.37471,25.93392],[-103.37481,25.93396],[-103.3748,25.93441],[-103.3747,25.93445],[-103.3747,25.93483],[-103.37515,25.93487],[-103.37519,25.93478],[-103.37549,25.93478],[-103.37549,25.93502],[-103.37559,25.93505]]]}},{"type":"Feature","properties":{"id":253,"estado":"activa","confianza":"alta","area_m2":17780,"perimetro_m":637,"largo_m":210,"ancho_m":130,"lat":25.468233,"lon":-103.698739,"municipio":"Lerdo","cerca_de":"El Ranchito","dist_ref_km":34.2,"d_ciudad_km":16.9,"altura_m":1.1,"precio_m2":110,"precio_m2_min":70,"precio_m2_max":165,"valor":2000000,"valor_min":1300000,"valor_max":3000000},"geometry":{"type":"Polygon","coordinates":[[[-103.69978,25.46811],[-103.69978,25.46838],[-103.6997,25.46839],[-103.69968,25.46847],[-103.69931,25.46847],[-103.69918,25.46864],[-103.69901,25.46865],[-103.69898,25.46873],[-103.69849,25.46873],[-103.69846,25.46855],[-103.69809,25.46854],[-103.69806,25.46846],[-103.69779,25.46845],[-103.69778,25.46837],[-103.69769,25.46836],[-103.6977,25.46809],[-103.69778,25.46808],[-103.6978,25.468],[-103.69788,25.46799],[-103.6979,25.46791],[-103.69809,25.4678],[-103.6981,25.46773],[-103.69827,25.46773],[-103.6983,25.46764],[-103.6986,25.46764],[-103.69863,25.46773],[-103.69885,25.46774],[-103.6989,25.46756],[-103.69919,25.46756],[-103.69921,25.46782],[-103.69939,25.46783],[-103.6994,25.46791],[-103.69949,25.46792],[-103.69961,25.4681],[-103.69978,25.46811]]]}},{"type":"Feature","properties":{"id":254,"estado":"activa","confianza":"alta","area_m2":35430,"perimetro_m":944,"largo_m":329,"ancho_m":165,"lat":25.833513,"lon":-103.151044,"municipio":"San Pedro","cerca_de":"Ejido El Retiro","dist_ref_km":35.3,"d_ciudad_km":30.4,"altura_m":2.5,"precio_m2":105,"precio_m2_min":70,"precio_m2_max":160,"valor":3800000,"valor_min":2400000,"valor_max":5600000},"geometry":{"type":"Polygon","coordinates":[[[-103.15263,25.83353],[-103.15263,25.8338],[-103.15227,25.8338],[-103.15223,25.83389],[-103.15205,25.8339],[-103.15203,25.83398],[-103.15137,25.83397],[-103.15133,25.83406],[-103.15086,25.83406],[-103.15083,25.83414],[-103.15017,25.83414],[-103.15003,25.83431],[-103.14953,25.83431],[-103.14952,25.83423],[-103.14943,25.83421],[-103.14943,25.83394],[-103.14954,25.8339],[-103.14954,25.83353],[-103.14944,25.83349],[-103.14945,25.83322],[-103.14982,25.83322],[-103.14985,25.83296],[-103.14993,25.83294],[-103.14995,25.83287],[-103.15051,25.83287],[-103.15065,25.8327],[-103.15115,25.8327],[-103.15127,25.83288],[-103.15145,25.83289],[-103.15144,25.83313],[-103.15154,25.83316],[-103.15156,25.83324],[-103.15174,25.83325],[-103.15178,25.83334],[-103.15244,25.83335],[-103.15245,25.83343],[-103.15263,25.83353]]]}},{"type":"Feature","properties":{"id":255,"estado":"activa","confianza":"alta","area_m2":35875,"perimetro_m":860,"largo_m":270,"ancho_m":180,"lat":25.730439,"lon":-103.082474,"municipio":"San Pedro","cerca_de":"Ejido San Pablo","dist_ref_km":34.2,"d_ciudad_km":28.3,"altura_m":2.0,"precio_m2":110,"precio_m2_min":70,"precio_m2_max":160,"valor":3900000,"valor_min":2500000,"valor_max":5800000},"geometry":{"type":"Polygon","coordinates":[[[-103.08396,25.731],[-103.08395,25.73127],[-103.08296,25.73126],[-103.08293,25.73117],[-103.08266,25.73116],[-103.08262,25.73107],[-103.08206,25.73107],[-103.08205,25.73099],[-103.08187,25.73097],[-103.08183,25.73088],[-103.08127,25.73087],[-103.08129,25.72988],[-103.08137,25.72987],[-103.08139,25.72979],[-103.08157,25.72978],[-103.08169,25.72962],[-103.08248,25.72963],[-103.08252,25.72981],[-103.08308,25.72982],[-103.0831,25.7299],[-103.08328,25.72991],[-103.08331,25.73],[-103.08368,25.73],[-103.08366,25.73087],[-103.08386,25.73091],[-103.08387,25.73099],[-103.08396,25.731]]]}},{"type":"Feature","properties":{"id":256,"estado":"activa","confianza":"alta","area_m2":22230,"perimetro_m":656,"largo_m":190,"ancho_m":152,"lat":25.455192,"lon":-103.694354,"municipio":"Lerdo","cerca_de":"El Ranchito","dist_ref_km":34.4,"d_ciudad_km":17.2,"altura_m":6.5,"precio_m2":110,"precio_m2_min":70,"precio_m2_max":165,"valor":2400000,"valor_min":1600000,"valor_max":3600000},"geometry":{"type":"Polygon","coordinates":[[[-103.69525,25.45497],[-103.69525,25.45543],[-103.69488,25.45542],[-103.69485,25.45551],[-103.69467,25.45552],[-103.69465,25.4556],[-103.69409,25.4556],[-103.69405,25.45578],[-103.69365,25.45577],[-103.69365,25.45562],[-103.69355,25.45559],[-103.69354,25.45543],[-103.69346,25.45541],[-103.69347,25.4546],[-103.69404,25.4546],[-103.69407,25.45433],[-103.69506,25.45434],[-103.69506,25.45458],[-103.69516,25.45461],[-103.69515,25.45494],[-103.69525,25.45497]]]}},{"type":"Feature","properties":{"id":257,"estado":"activa","confianza":"alta","area_m2":24103,"perimetro_m":816,"largo_m":246,"ancho_m":152,"lat":25.753657,"lon":-103.092765,"municipio":"San Pedro","cerca_de":"Ejido San Ignacio","dist_ref_km":34.5,"d_ciudad_km":28.8,"altura_m":2.6,"precio_m2":140,"precio_m2_min":90,"precio_m2_max":210,"valor":3400000,"valor_min":2200000,"valor_max":5100000},"geometry":{"type":"Polygon","coordinates":[[[-103.09387,25.75289],[-103.09387,25.75316],[-103.09379,25.75317],[-103.09377,25.75325],[-103.09317,25.75327],[-103.09319,25.7535],[-103.09357,25.75351],[-103.09356,25.75378],[-103.09347,25.75381],[-103.09346,25.75396],[-103.09329,25.75396],[-103.09326,25.75405],[-103.09317,25.75407],[-103.09315,25.75432],[-103.09306,25.75434],[-103.09305,25.7545],[-103.09196,25.75449],[-103.09194,25.75441],[-103.09186,25.75439],[-103.09185,25.75424],[-103.09176,25.75421],[-103.09176,25.75394],[-103.09186,25.75392],[-103.09187,25.75376],[-103.09197,25.75373],[-103.09197,25.75358],[-103.09206,25.75357],[-103.09207,25.75349],[-103.09226,25.75347],[-103.09228,25.75314],[-103.09237,25.75311],[-103.09238,25.75296],[-103.09313,25.75297],[-103.09318,25.75288],[-103.09387,25.75289]]]}},{"type":"Feature","properties":{"id":258,"estado":"activa","confianza":"media","area_m2":5029,"perimetro_m":335,"largo_m":130,"ancho_m":40,"lat":25.458192,"lon":-103.69641,"municipio":"Lerdo","cerca_de":"El Ranchito","dist_ref_km":34.5,"d_ciudad_km":17.3,"altura_m":4.3,"precio_m2":120,"precio_m2_min":75,"precio_m2_max":175,"valor":590000,"valor_min":380000,"valor_max":890000},"geometry":{"type":"Polygon","coordinates":[[[-103.69661,25.4577],[-103.6966,25.45869],[-103.69652,25.4587],[-103.6965,25.45878],[-103.69621,25.45878],[-103.69622,25.4576],[-103.69652,25.4576],[-103.69653,25.45768],[-103.69661,25.4577]]]}},{"type":"Feature","properties":{"id":259,"estado":"activa","confianza":"alta","area_m2":41232,"perimetro_m":1147,"largo_m":367,"ancho_m":208,"lat":25.452397,"lon":-103.693887,"municipio":"Lerdo","cerca_de":"Sapioris","dist_ref_km":34.5,"d_ciudad_km":17.4,"altura_m":9.4,"precio_m2":100,"precio_m2_min":65,"precio_m2_max":150,"valor":4100000,"valor_min":2700000,"valor_max":6200000},"geometry":{"type":"Polygon","coordinates":[[[-103.69497,25.45308],[-103.69496,25.45398],[-103.69457,25.45398],[-103.69457,25.45374],[-103.69447,25.4537],[-103.69446,25.45317],[-103.69421,25.45316],[-103.69418,25.45325],[-103.69328,25.45324],[-103.69329,25.45256],[-103.69319,25.45252],[-103.69319,25.45228],[-103.69279,25.45224],[-103.6928,25.45179],[-103.69288,25.45178],[-103.6929,25.4517],[-103.69298,25.45169],[-103.693,25.45161],[-103.69319,25.45151],[-103.6932,25.45143],[-103.69348,25.45143],[-103.6935,25.45126],[-103.69368,25.45125],[-103.6937,25.45117],[-103.69378,25.45116],[-103.6938,25.45108],[-103.69388,25.45107],[-103.6939,25.45099],[-103.69398,25.45098],[-103.694,25.4509],[-103.69419,25.4508],[-103.6942,25.45072],[-103.6947,25.45073],[-103.69469,25.45127],[-103.69461,25.45128],[-103.69459,25.45145],[-103.69449,25.45149],[-103.69449,25.45204],[-103.69459,25.45208],[-103.69458,25.45277],[-103.69468,25.4528],[-103.69471,25.45289],[-103.69488,25.45289],[-103.69488,25.45305],[-103.69497,25.45308]]]}},{"type":"Feature","properties":{"id":260,"estado":"activa","confianza":"alta","area_m2":37465,"perimetro_m":1300,"largo_m":369,"ancho_m":264,"lat":25.793025,"lon":-103.115123,"municipio":"San Pedro","cerca_de":"Concordia (La Rosita)","dist_ref_km":35.0,"d_ciudad_km":30.0,"altura_m":1.9,"precio_m2":290,"precio_m2_min":190,"precio_m2_max":430,"valor":11000000,"valor_min":7000000,"valor_max":16000000},"geometry":{"type":"Polygon","coordinates":[[[-103.11668,25.79236],[-103.11667,25.79263],[-103.1161,25.79263],[-103.11607,25.7928],[-103.11597,25.79283],[-103.11597,25.79298],[-103.11558,25.79299],[-103.11557,25.79325],[-103.11537,25.79328],[-103.11535,25.79415],[-103.11518,25.79415],[-103.11515,25.79433],[-103.11496,25.79434],[-103.11495,25.79459],[-103.11455,25.79459],[-103.11456,25.79378],[-103.11475,25.79376],[-103.11477,25.79342],[-103.11505,25.79341],[-103.11507,25.79319],[-103.11497,25.79315],[-103.11494,25.79306],[-103.11467,25.79306],[-103.11466,25.79298],[-103.11457,25.79296],[-103.11458,25.79255],[-103.11448,25.79251],[-103.11448,25.79226],[-103.11439,25.79224],[-103.11439,25.792],[-103.11419,25.79188],[-103.11417,25.79179],[-103.11389,25.79178],[-103.11388,25.7917],[-103.1138,25.79169],[-103.1138,25.79142],[-103.1144,25.79143],[-103.11441,25.7916],[-103.11479,25.79161],[-103.11483,25.79179],[-103.11559,25.7918],[-103.11562,25.79189],[-103.11589,25.7919],[-103.11591,25.79198],[-103.11608,25.79199],[-103.11621,25.79217],[-103.11658,25.79218],[-103.11658,25.79233],[-103.11668,25.79236]]]}},{"type":"Feature","properties":{"id":261,"estado":"activa","confianza":"alta","area_m2":10252,"perimetro_m":551,"largo_m":170,"ancho_m":102,"lat":25.831605,"lon":-103.14608,"municipio":"San Pedro","cerca_de":"Ejido El Retiro","dist_ref_km":35.5,"d_ciudad_km":30.7,"altura_m":0.7,"precio_m2":125,"precio_m2_min":80,"precio_m2_max":185,"valor":1300000,"valor_min":820000,"valor_max":1900000},"geometry":{"type":"Polygon","coordinates":[[[-103.14678,25.83138],[-103.14677,25.83192],[-103.14668,25.83195],[-103.14667,25.8321],[-103.14637,25.8321],[-103.14633,25.83201],[-103.14587,25.832],[-103.14584,25.83191],[-103.14548,25.83191],[-103.14547,25.83166],[-103.14528,25.83154],[-103.14529,25.831],[-103.14569,25.83101],[-103.14572,25.83155],[-103.14595,25.83155],[-103.14598,25.83146],[-103.14635,25.83147],[-103.14638,25.83138],[-103.14678,25.83138]]]}},{"type":"Feature","properties":{"id":262,"estado":"activa","confianza":"alta","area_m2":37336,"perimetro_m":1079,"largo_m":326,"ancho_m":170,"lat":25.475113,"lon":-103.705876,"municipio":"Lerdo","cerca_de":"El Ranchito","dist_ref_km":34.5,"d_ciudad_km":17.2,"altura_m":0.8,"precio_m2":100,"precio_m2_min":65,"precio_m2_max":155,"valor":3800000,"valor_min":2500000,"valor_max":5700000},"geometry":{"type":"Polygon","coordinates":[[[-103.70736,25.47585],[-103.70736,25.47612],[-103.70727,25.47613],[-103.70716,25.4763],[-103.70687,25.47631],[-103.70686,25.47657],[-103.70656,25.47656],[-103.70653,25.47648],[-103.70636,25.47647],[-103.70623,25.47629],[-103.70576,25.47629],[-103.70576,25.47613],[-103.70557,25.47601],[-103.70557,25.47574],[-103.70577,25.47571],[-103.70577,25.47541],[-103.70558,25.47538],[-103.70554,25.4752],[-103.70508,25.4752],[-103.70508,25.47469],[-103.70489,25.47465],[-103.70489,25.47429],[-103.70498,25.47428],[-103.70509,25.47411],[-103.70527,25.4741],[-103.70539,25.47393],[-103.70556,25.47393],[-103.70559,25.47385],[-103.70577,25.47384],[-103.70579,25.47376],[-103.70609,25.47376],[-103.70609,25.47392],[-103.70619,25.47394],[-103.70619,25.47419],[-103.70638,25.4743],[-103.7064,25.47448],[-103.70658,25.47449],[-103.70657,25.47499],[-103.70667,25.47503],[-103.70667,25.47539],[-103.70657,25.47542],[-103.70657,25.47573],[-103.70676,25.47575],[-103.7068,25.47584],[-103.70736,25.47585]]]}},{"type":"Feature","properties":{"id":263,"estado":"activa","confianza":"alta","area_m2":12870,"perimetro_m":610,"largo_m":210,"ancho_m":90,"lat":25.897936,"lon":-103.228176,"municipio":"Francisco I. Madero","cerca_de":"Ejido San José de la Niña","dist_ref_km":36.7,"d_ciudad_km":31.7,"altura_m":1.9,"precio_m2":115,"precio_m2_min":75,"precio_m2_max":175,"valor":1500000,"valor_min":960000,"valor_max":2200000},"geometry":{"type":"Polygon","coordinates":[[[-103.22888,25.89777],[-103.22888,25.89804],[-103.22879,25.89805],[-103.22878,25.89812],[-103.2286,25.89813],[-103.22848,25.8983],[-103.22788,25.89829],[-103.22776,25.89812],[-103.22758,25.89811],[-103.22757,25.89803],[-103.22748,25.89802],[-103.22745,25.89775],[-103.2272,25.89775],[-103.22719,25.89783],[-103.22709,25.89786],[-103.22708,25.89801],[-103.22678,25.89801],[-103.22679,25.89756],[-103.22688,25.89755],[-103.22689,25.89747],[-103.22779,25.89748],[-103.22783,25.89757],[-103.22869,25.89758],[-103.2287,25.89766],[-103.22888,25.89777]]]}},{"type":"Feature","properties":{"id":264,"estado":"activa","confianza":"media","area_m2":10521,"perimetro_m":435,"largo_m":130,"ancho_m":100,"lat":25.798041,"lon":-103.116188,"municipio":"San Pedro","cerca_de":"Concordia (La Rosita)","dist_ref_km":35.2,"d_ciudad_km":30.4,"altura_m":1.9,"precio_m2":250,"precio_m2_min":165,"precio_m2_max":380,"valor":2700000,"valor_min":1700000,"valor_max":4000000},"geometry":{"type":"Polygon","coordinates":[[[-103.11669,25.7976],[-103.11668,25.79814],[-103.11649,25.79826],[-103.11648,25.79868],[-103.11588,25.79867],[-103.11585,25.79858],[-103.11568,25.79858],[-103.11569,25.79794],[-103.11589,25.79783],[-103.1159,25.7975],[-103.1163,25.7975],[-103.11633,25.79759],[-103.11669,25.7976]]]}},{"type":"Feature","properties":{"id":265,"estado":"activa","confianza":"alta","area_m2":76172,"perimetro_m":1499,"largo_m":526,"ancho_m":256,"lat":25.463356,"lon":-103.70193,"municipio":"Lerdo","cerca_de":"El Ranchito","dist_ref_km":34.7,"d_ciudad_km":17.3,"altura_m":5.4,"precio_m2":95,"precio_m2_min":60,"precio_m2_max":140,"valor":7100000,"valor_min":4600000,"valor_max":11000000},"geometry":{"type":"Polygon","coordinates":[[[-103.70433,25.46183],[-103.70432,25.46228],[-103.70413,25.46239],[-103.70412,25.46255],[-103.70395,25.46255],[-103.70392,25.46264],[-103.70382,25.46267],[-103.70382,25.46327],[-103.70324,25.46327],[-103.70322,25.46344],[-103.70312,25.46347],[-103.70312,25.46362],[-103.70303,25.46363],[-103.70291,25.4638],[-103.70273,25.46381],[-103.70271,25.46389],[-103.70263,25.4639],[-103.70261,25.46398],[-103.70253,25.46399],[-103.70251,25.46407],[-103.70243,25.46408],[-103.70241,25.46416],[-103.70222,25.46427],[-103.70221,25.46475],[-103.70231,25.46479],[-103.7023,25.46506],[-103.70222,25.46507],[-103.7022,25.46515],[-103.70181,25.46515],[-103.70178,25.46506],[-103.70141,25.46505],[-103.70137,25.46496],[-103.70022,25.46495],[-103.70022,25.46468],[-103.70041,25.46457],[-103.70042,25.46441],[-103.70051,25.46439],[-103.70052,25.46423],[-103.70062,25.4642],[-103.70063,25.46324],[-103.70072,25.46323],[-103.70073,25.46315],[-103.70081,25.46314],[-103.70083,25.46306],[-103.70091,25.46305],[-103.70093,25.46297],[-103.70102,25.46296],[-103.70103,25.46288],[-103.70122,25.46278],[-103.70124,25.4627],[-103.70141,25.4627],[-103.70154,25.46252],[-103.70172,25.46251],[-103.70184,25.46235],[-103.70223,25.46235],[-103.70228,25.46244],[-103.703,25.46244],[-103.70303,25.46236],[-103.70313,25.46232],[-103.70314,25.46173],[-103.70331,25.46172],[-103.70334,25.46164],[-103.70403,25.46164],[-103.70415,25.46182],[-103.70433,25.46183]]]}},{"type":"Feature","properties":{"id":266,"estado":"activa","confianza":"alta","area_m2":20057,"perimetro_m":705,"largo_m":237,"ancho_m":118,"lat":25.800122,"lon":-103.117301,"municipio":"San Pedro","cerca_de":"Concordia (La Rosita)","dist_ref_km":35.3,"d_ciudad_km":30.4,"altura_m":0.4,"precio_m2":220,"precio_m2_min":145,"precio_m2_max":330,"valor":4400000,"valor_min":2900000,"valor_max":6600000},"geometry":{"type":"Polygon","coordinates":[[[-103.11776,25.79932],[-103.11776,25.7996],[-103.11766,25.79963],[-103.11765,25.80041],[-103.11745,25.80053],[-103.11744,25.80113],[-103.11735,25.80114],[-103.11733,25.80121],[-103.11654,25.8012],[-103.11652,25.80113],[-103.11644,25.80111],[-103.11645,25.80039],[-103.11654,25.80038],[-103.11655,25.8003],[-103.11695,25.80027],[-103.11695,25.79998],[-103.11686,25.79994],[-103.11687,25.79913],[-103.11717,25.79914],[-103.11721,25.79923],[-103.11766,25.79923],[-103.11768,25.79931],[-103.11776,25.79932]]]}},{"type":"Feature","properties":{"id":267,"estado":"activa","confianza":"alta","area_m2":14483,"perimetro_m":545,"largo_m":190,"ancho_m":100,"lat":25.688943,"lon":-103.06411,"municipio":"San Pedro","cerca_de":"Tacubaya","dist_ref_km":34.3,"d_ciudad_km":28.0,"altura_m":0.8,"precio_m2":115,"precio_m2_min":75,"precio_m2_max":170,"valor":1700000,"valor_min":1100000,"valor_max":2500000},"geometry":{"type":"Polygon","coordinates":[[[-103.06462,25.68841],[-103.0646,25.68913],[-103.06452,25.68915],[-103.0645,25.68931],[-103.0644,25.68934],[-103.06439,25.68994],[-103.06409,25.68994],[-103.06406,25.68985],[-103.0638,25.68984],[-103.06378,25.68976],[-103.0636,25.68966],[-103.06361,25.68876],[-103.06381,25.68873],[-103.06382,25.68858],[-103.06392,25.68854],[-103.06392,25.68822],[-103.06422,25.68822],[-103.06434,25.6884],[-103.06462,25.68841]]]}},{"type":"Feature","properties":{"id":268,"estado":"activa","confianza":"alta","area_m2":53719,"perimetro_m":1111,"largo_m":300,"ancho_m":250,"lat":25.734656,"lon":-103.078016,"municipio":"San Pedro","cerca_de":"Ejido San Pablo","dist_ref_km":34.8,"d_ciudad_km":28.9,"altura_m":2.5,"precio_m2":105,"precio_m2_min":65,"precio_m2_max":155,"valor":5500000,"valor_min":3600000,"valor_max":8300000},"geometry":{"type":"Polygon","coordinates":[[[-103.07904,25.73319],[-103.07903,25.73355],[-103.07883,25.73369],[-103.07883,25.73406],[-103.07893,25.73409],[-103.07892,25.73478],[-103.07901,25.73482],[-103.079,25.7359],[-103.07661,25.73587],[-103.07661,25.73536],[-103.07651,25.73533],[-103.07652,25.73478],[-103.07711,25.73477],[-103.07712,25.73454],[-103.07693,25.73452],[-103.07693,25.73425],[-103.07711,25.73424],[-103.07723,25.73407],[-103.07732,25.73406],[-103.07733,25.73398],[-103.07751,25.73398],[-103.07764,25.73381],[-103.07782,25.73379],[-103.07794,25.73363],[-103.0781,25.73363],[-103.07814,25.73354],[-103.07831,25.73354],[-103.07834,25.73345],[-103.07843,25.73343],[-103.07844,25.73327],[-103.07861,25.73327],[-103.07864,25.73319],[-103.07904,25.73319]]]}},{"type":"Feature","properties":{"id":269,"estado":"activa","confianza":"alta","area_m2":55161,"perimetro_m":1153,"largo_m":309,"ancho_m":237,"lat":25.744719,"lon":-103.082449,"municipio":"San Pedro","cerca_de":"Ejido San Ignacio","dist_ref_km":34.9,"d_ciudad_km":29.1,"altura_m":1.2,"precio_m2":110,"precio_m2_min":70,"precio_m2_max":165,"valor":6000000,"valor_min":3900000,"valor_max":9100000},"geometry":{"type":"Polygon","coordinates":[[[-103.08424,25.74482],[-103.08423,25.74518],[-103.08404,25.74519],[-103.08403,25.74535],[-103.08356,25.74535],[-103.08353,25.74553],[-103.08343,25.74556],[-103.08342,25.74571],[-103.08325,25.74571],[-103.08322,25.74579],[-103.08295,25.7458],[-103.08292,25.74588],[-103.08283,25.74591],[-103.08282,25.74606],[-103.08242,25.74606],[-103.08241,25.74588],[-103.08213,25.74587],[-103.08211,25.74579],[-103.08203,25.74578],[-103.08202,25.74571],[-103.08193,25.74569],[-103.08192,25.74561],[-103.08183,25.7456],[-103.08172,25.74542],[-103.08163,25.74541],[-103.08162,25.74515],[-103.08114,25.74514],[-103.08102,25.74496],[-103.08084,25.74495],[-103.08085,25.7445],[-103.08104,25.74449],[-103.08105,25.74432],[-103.08153,25.74432],[-103.08156,25.74397],[-103.08174,25.74396],[-103.08176,25.74379],[-103.08185,25.74378],[-103.08186,25.7437],[-103.08194,25.74369],[-103.08196,25.74361],[-103.08215,25.74351],[-103.08216,25.74343],[-103.08246,25.74344],[-103.08249,25.74352],[-103.08266,25.74353],[-103.08268,25.7437],[-103.08286,25.74371],[-103.08286,25.74387],[-103.08305,25.74399],[-103.08307,25.74407],[-103.08325,25.74408],[-103.08328,25.74417],[-103.08345,25.74417],[-103.08348,25.74426],[-103.08365,25.74427],[-103.08366,25.74443],[-103.08384,25.74445],[-103.08385,25.74461],[-103.08404,25.74463],[-103.08406,25.74481],[-103.08424,25.74482]]]}},{"type":"Feature","properties":{"id":270,"estado":"desmontada","confianza":"alta","area_m2":15727,"perimetro_m":730,"largo_m":227,"ancho_m":148,"lat":25.469709,"lon":-103.707359,"municipio":"Lerdo","cerca_de":"El Ranchito","dist_ref_km":34.9,"d_ciudad_km":17.6,"altura_m":4.2,"precio_m2":70,"precio_m2_min":45,"precio_m2_max":105,"valor":1100000,"valor_min":710000,"valor_max":1600000},"geometry":{"type":"Polygon","coordinates":[[[-103.70842,25.4699],[-103.70842,25.47017],[-103.70806,25.47017],[-103.70802,25.47026],[-103.70784,25.47026],[-103.70782,25.47034],[-103.70752,25.47034],[-103.70752,25.46993],[-103.70742,25.46989],[-103.7074,25.46981],[-103.70707,25.4698],[-103.70703,25.46989],[-103.70673,25.46988],[-103.70673,25.46973],[-103.70663,25.4697],[-103.7066,25.46962],[-103.70603,25.46961],[-103.70604,25.46934],[-103.70679,25.46934],[-103.70693,25.46916],[-103.70729,25.46917],[-103.70733,25.46908],[-103.70783,25.46908],[-103.70783,25.46932],[-103.70793,25.46935],[-103.70793,25.46969],[-103.70812,25.46972],[-103.70825,25.46989],[-103.70842,25.4699]]]}},{"type":"Feature","properties":{"id":271,"estado":"activa","confianza":"alta","area_m2":44754,"perimetro_m":1345,"largo_m":382,"ancho_m":219,"lat":25.70434,"lon":-103.064323,"municipio":"San Pedro","cerca_de":"Santa Brígida","dist_ref_km":34.8,"d_ciudad_km":28.6,"altura_m":2.2,"precio_m2":100,"precio_m2_min":65,"precio_m2_max":150,"valor":4500000,"valor_min":2900000,"valor_max":6700000},"geometry":{"type":"Polygon","coordinates":[[[-103.06574,25.70503],[-103.06574,25.70548],[-103.06553,25.70561],[-103.06553,25.70581],[-103.06563,25.70584],[-103.06563,25.70611],[-103.06533,25.70611],[-103.06531,25.70594],[-103.06513,25.70593],[-103.06512,25.70576],[-103.06493,25.70574],[-103.06492,25.70567],[-103.06474,25.70556],[-103.06473,25.70539],[-103.06464,25.70538],[-103.06452,25.7052],[-103.06434,25.70519],[-103.06434,25.70503],[-103.06415,25.70501],[-103.06415,25.70485],[-103.06395,25.70483],[-103.06393,25.70466],[-103.06376,25.70465],[-103.06375,25.70448],[-103.06366,25.70446],[-103.06354,25.70429],[-103.06336,25.70428],[-103.06335,25.70411],[-103.06317,25.7041],[-103.06318,25.70355],[-103.06347,25.70356],[-103.06348,25.70363],[-103.06357,25.70365],[-103.06358,25.70372],[-103.06367,25.70374],[-103.0638,25.70392],[-103.06406,25.7039],[-103.06407,25.7036],[-103.06397,25.70356],[-103.06397,25.70341],[-103.06378,25.70338],[-103.06378,25.70293],[-103.06407,25.70274],[-103.06409,25.70266],[-103.06449,25.70267],[-103.06451,25.70303],[-103.06508,25.70304],[-103.06508,25.70319],[-103.06517,25.70322],[-103.06517,25.70358],[-103.06507,25.70361],[-103.06506,25.70394],[-103.06496,25.70397],[-103.06496,25.70427],[-103.06515,25.70439],[-103.06516,25.70474],[-103.06545,25.70476],[-103.06547,25.70484],[-103.06565,25.70485],[-103.06565,25.70501],[-103.06574,25.70503]]]}},{"type":"Feature","properties":{"id":272,"estado":"activa","confianza":"alta","area_m2":14214,"perimetro_m":613,"largo_m":160,"ancho_m":150,"lat":25.834297,"lon":-103.138847,"municipio":"San Pedro","cerca_de":"Ejido El Retiro","dist_ref_km":36.2,"d_ciudad_km":31.4,"altura_m":1.8,"precio_m2":120,"precio_m2_min":80,"precio_m2_max":180,"valor":1700000,"valor_min":1100000,"valor_max":2600000},"geometry":{"type":"Polygon","coordinates":[[[-103.13965,25.83463],[-103.13964,25.83499],[-103.13914,25.83499],[-103.13911,25.83463],[-103.13888,25.83463],[-103.13885,25.83471],[-103.13805,25.8347],[-103.13806,25.83434],[-103.13822,25.83434],[-103.13826,25.83425],[-103.13846,25.83422],[-103.13846,25.83401],[-103.13836,25.83398],[-103.13837,25.83371],[-103.13863,25.83371],[-103.13867,25.83363],[-103.13897,25.83363],[-103.13898,25.83371],[-103.13906,25.83372],[-103.13907,25.8338],[-103.13916,25.83381],[-103.13917,25.83389],[-103.13926,25.8339],[-103.13938,25.83408],[-103.13946,25.83409],[-103.13945,25.83451],[-103.13965,25.83463]]]}},{"type":"Feature","properties":{"id":273,"estado":"activa","confianza":"alta","area_m2":67202,"perimetro_m":1651,"largo_m":484,"ancho_m":243,"lat":25.801825,"lon":-103.111587,"municipio":"San Pedro","cerca_de":"Concordia (La Rosita)","dist_ref_km":35.9,"d_ciudad_km":30.9,"altura_m":4.1,"precio_m2":195,"precio_m2_min":125,"precio_m2_max":290,"valor":13000000,"valor_min":8500000,"valor_max":20000000},"geometry":{"type":"Polygon","coordinates":[[[-103.11323,25.80243],[-103.11322,25.80315],[-103.11313,25.80316],[-103.11311,25.80333],[-103.11302,25.80335],[-103.11301,25.80369],[-103.11292,25.8037],[-103.11291,25.80378],[-103.11241,25.80377],[-103.1124,25.80361],[-103.11221,25.8035],[-103.11219,25.80341],[-103.11182,25.8034],[-103.11179,25.80331],[-103.11162,25.80331],[-103.11162,25.80306],[-103.11142,25.80294],[-103.11143,25.80267],[-103.11162,25.80257],[-103.11163,25.8024],[-103.11192,25.8024],[-103.11193,25.80223],[-103.11222,25.80222],[-103.11223,25.8018],[-103.11198,25.80178],[-103.11194,25.80187],[-103.11124,25.80186],[-103.11111,25.80168],[-103.11075,25.80167],[-103.11075,25.80144],[-103.1107,25.8014],[-103.11046,25.80141],[-103.11045,25.80158],[-103.11035,25.80161],[-103.11035,25.80176],[-103.11005,25.80175],[-103.11004,25.80151],[-103.10985,25.80139],[-103.10986,25.80094],[-103.10995,25.80091],[-103.10996,25.80076],[-103.11006,25.80072],[-103.11007,25.80049],[-103.11016,25.80047],[-103.11017,25.80031],[-103.11027,25.80028],[-103.11027,25.80013],[-103.11047,25.80002],[-103.11048,25.79986],[-103.11077,25.79987],[-103.11079,25.79995],[-103.11097,25.79996],[-103.111,25.80005],[-103.11127,25.80005],[-103.11129,25.80022],[-103.11147,25.80024],[-103.11159,25.80041],[-103.11186,25.80042],[-103.11198,25.80059],[-103.11216,25.80061],[-103.11217,25.80068],[-103.11245,25.80088],[-103.11245,25.80115],[-103.11235,25.80119],[-103.11235,25.80148],[-103.11274,25.80152],[-103.11274,25.80185],[-103.11293,25.80197],[-103.11295,25.80205],[-103.11303,25.80206],[-103.11304,25.80241],[-103.11323,25.80243]]]}},{"type":"Feature","properties":{"id":274,"estado":"activa","confianza":"alta","area_m2":51911,"perimetro_m":1211,"largo_m":401,"ancho_m":223,"lat":25.48029,"lon":-103.715963,"municipio":"Lerdo","cerca_de":"El Ranchito","dist_ref_km":35.2,"d_ciudad_km":17.8,"altura_m":1.7,"precio_m2":100,"precio_m2_min":65,"precio_m2_max":145,"valor":5100000,"valor_min":3300000,"valor_max":7600000},"geometry":{"type":"Polygon","coordinates":[[[-103.71758,25.47865],[-103.71757,25.47892],[-103.71748,25.47894],[-103.71747,25.47919],[-103.71738,25.4792],[-103.71737,25.47937],[-103.71727,25.47939],[-103.71727,25.47964],[-103.71718,25.47965],[-103.71717,25.47982],[-103.71707,25.47984],[-103.71706,25.48009],[-103.71687,25.48021],[-103.71686,25.48054],[-103.71667,25.48065],[-103.71666,25.4809],[-103.71657,25.48091],[-103.71656,25.48108],[-103.71646,25.48111],[-103.71645,25.48162],[-103.71637,25.48163],[-103.71625,25.4818],[-103.71597,25.4818],[-103.71585,25.48197],[-103.71535,25.48197],[-103.71535,25.48182],[-103.71526,25.48179],[-103.71525,25.48162],[-103.71506,25.4816],[-103.71506,25.48145],[-103.71486,25.48133],[-103.71485,25.48117],[-103.71466,25.48115],[-103.71466,25.48099],[-103.71447,25.48088],[-103.71447,25.48052],[-103.71465,25.48051],[-103.71467,25.48043],[-103.71495,25.48042],[-103.71497,25.48034],[-103.71505,25.48033],[-103.71507,25.48025],[-103.71515,25.48024],[-103.71517,25.48016],[-103.71525,25.48015],[-103.71527,25.48007],[-103.71546,25.47997],[-103.71548,25.4798],[-103.71565,25.4798],[-103.71578,25.47962],[-103.71606,25.47962],[-103.71608,25.47945],[-103.71627,25.47942],[-103.71628,25.47927],[-103.71645,25.47926],[-103.71658,25.47909],[-103.71686,25.47908],[-103.71688,25.479],[-103.71707,25.47889],[-103.71708,25.47873],[-103.71725,25.47873],[-103.71728,25.47864],[-103.71758,25.47865]]]}},{"type":"Feature","properties":{"id":275,"estado":"activa","confianza":"alta","area_m2":20813,"perimetro_m":664,"largo_m":240,"ancho_m":100,"lat":25.81472,"lon":-103.119767,"municipio":"San Pedro","cerca_de":"Ejido El Retiro","dist_ref_km":36.1,"d_ciudad_km":31.3,"altura_m":0.9,"precio_m2":145,"precio_m2_min":95,"precio_m2_max":220,"valor":3000000,"valor_min":2000000,"valor_max":4600000},"geometry":{"type":"Polygon","coordinates":[[[-103.12102,25.81426],[-103.12101,25.81462],[-103.12092,25.81464],[-103.12091,25.8148],[-103.12081,25.81483],[-103.12081,25.81507],[-103.11965,25.81506],[-103.11961,25.81515],[-103.11881,25.81514],[-103.1188,25.81497],[-103.11861,25.81495],[-103.11862,25.81432],[-103.11928,25.81433],[-103.11932,25.81424],[-103.12102,25.81426]]]}},{"type":"Feature","properties":{"id":276,"estado":"activa","confianza":"alta","area_m2":18708,"perimetro_m":827,"largo_m":240,"ancho_m":150,"lat":25.700681,"lon":-103.060629,"municipio":"San Pedro","cerca_de":"Tacubaya","dist_ref_km":35.1,"d_ciudad_km":28.8,"altura_m":0.2,"precio_m2":110,"precio_m2_min":75,"precio_m2_max":165,"valor":2100000,"valor_min":1400000,"valor_max":3100000},"geometry":{"type":"Polygon","coordinates":[[[-103.06184,25.70002],[-103.06183,25.70029],[-103.06124,25.70031],[-103.06124,25.70062],[-103.06143,25.70064],[-103.06144,25.70072],[-103.06163,25.70083],[-103.06162,25.70119],[-103.06144,25.7012],[-103.06142,25.70136],[-103.06112,25.70136],[-103.06098,25.70118],[-103.06062,25.70117],[-103.0605,25.701],[-103.06023,25.70099],[-103.0602,25.70081],[-103.05983,25.7008],[-103.05982,25.70063],[-103.05954,25.70062],[-103.05952,25.70054],[-103.05944,25.70053],[-103.05944,25.70025],[-103.06,25.70026],[-103.06004,25.70017],[-103.06034,25.70018],[-103.06047,25.70036],[-103.06079,25.70036],[-103.06094,25.70018],[-103.06113,25.70017],[-103.06114,25.70001],[-103.06184,25.70002]]]}},{"type":"Feature","properties":{"id":277,"estado":"activa","confianza":"alta","area_m2":78878,"perimetro_m":2813,"largo_m":507,"ancho_m":390,"lat":25.948175,"lon":-103.374261,"municipio":"Tlahualilo","cerca_de":"Jauja","dist_ref_km":38.4,"d_ciudad_km":33.3,"altura_m":1.6,"precio_m2":95,"precio_m2_min":60,"precio_m2_max":140,"valor":7300000,"valor_min":4700000,"valor_max":11000000,"grupo":231,"grupo_bloques":2,"grupo_m2":84943},"geometry":{"type":"Polygon","coordinates":[[[-103.37538,25.95013],[-103.37538,25.9504],[-103.37521,25.9504],[-103.37518,25.95048],[-103.37491,25.95048],[-103.37488,25.95057],[-103.37438,25.95057],[-103.37436,25.95049],[-103.37418,25.95047],[-103.37415,25.95038],[-103.37378,25.95038],[-103.37377,25.95003],[-103.37359,25.95002],[-103.37355,25.94993],[-103.37333,25.94992],[-103.37328,25.95028],[-103.3731,25.95029],[-103.37308,25.95046],[-103.37248,25.95045],[-103.37247,25.95019],[-103.37213,25.95018],[-103.37198,25.95036],[-103.37189,25.95038],[-103.37188,25.95063],[-103.37158,25.95062],[-103.37159,25.95021],[-103.37149,25.95017],[-103.37151,25.94891],[-103.3716,25.94889],[-103.37161,25.94873],[-103.37191,25.94873],[-103.3719,25.94942],[-103.3721,25.94955],[-103.37211,25.94963],[-103.37219,25.94964],[-103.37224,25.94982],[-103.37288,25.94981],[-103.3729,25.94911],[-103.3732,25.94911],[-103.37321,25.94919],[-103.3733,25.9492],[-103.37333,25.94938],[-103.37366,25.94938],[-103.3737,25.94902],[-103.3738,25.94899],[-103.3738,25.94878],[-103.3737,25.94875],[-103.37371,25.94848],[-103.37391,25.94836],[-103.37392,25.94754],[-103.37372,25.94749],[-103.37372,25.94697],[-103.37343,25.94694],[-103.37339,25.94685],[-103.37314,25.94687],[-103.37312,25.94757],[-103.37262,25.94757],[-103.37262,25.94723],[-103.37243,25.94711],[-103.37241,25.94703],[-103.37233,25.94702],[-103.37233,25.94675],[-103.37253,25.94672],[-103.37254,25.94621],[-103.37263,25.9462],[-103.37274,25.94603],[-103.37314,25.94604],[-103.37316,25.94621],[-103.37354,25.94622],[-103.37358,25.94631],[-103.37414,25.94632],[-103.37418,25.94641],[-103.37464,25.94642],[-103.37463,25.94687],[-103.37443,25.94699],[-103.37442,25.94746],[-103.37462,25.9475],[-103.37462,25.94766],[-103.37472,25.94768],[-103.37471,25.94795],[-103.37461,25.94799],[-103.37461,25.94858],[-103.37442,25.9486],[-103.3744,25.94881],[-103.3745,25.94885],[-103.37454,25.94894],[-103.3749,25.94895],[-103.3749,25.94931],[-103.3746,25.94933],[-103.37459,25.94985],[-103.37449,25.94987],[-103.37449,25.95008],[-103.37494,25.95012],[-103.37499,25.95003],[-103.37528,25.95003],[-103.3753,25.95011],[-103.37538,25.95013]]]}},{"type":"Feature","properties":{"id":278,"estado":"activa","confianza":"media","area_m2":6065,"perimetro_m":376,"largo_m":120,"ancho_m":80,"lat":25.948391,"lon":-103.372835,"municipio":"Tlahualilo","cerca_de":"Jauja","dist_ref_km":38.5,"d_ciudad_km":33.5,"altura_m":0.5,"precio_m2":115,"precio_m2_min":75,"precio_m2_max":175,"valor":710000,"valor_min":460000,"valor_max":1100000,"grupo":231,"grupo_bloques":2,"grupo_m2":84943},"geometry":{"type":"Polygon","coordinates":[[[-103.37332,25.94794],[-103.37331,25.9483],[-103.37311,25.94833],[-103.3731,25.94893],[-103.3728,25.94892],[-103.3728,25.94868],[-103.37261,25.94856],[-103.37261,25.9484],[-103.37251,25.94838],[-103.37252,25.94811],[-103.3726,25.9481],[-103.37262,25.94802],[-103.3729,25.94801],[-103.37292,25.94784],[-103.37322,25.94784],[-103.37323,25.94792],[-103.37332,25.94794]]]}},{"type":"Feature","properties":{"id":279,"estado":"activa","confianza":"alta","area_m2":38714,"perimetro_m":1102,"largo_m":349,"ancho_m":197,"lat":25.768986,"lon":-103.087716,"municipio":"San Pedro","cerca_de":"Concordia (La Rosita)","dist_ref_km":35.8,"d_ciudad_km":30.2,"altura_m":1.7,"precio_m2":160,"precio_m2_min":100,"precio_m2_max":240,"valor":6100000,"valor_min":4000000,"valor_max":9200000},"geometry":{"type":"Polygon","coordinates":[[[-103.08965,25.768],[-103.08963,25.76881],[-103.08955,25.76882],[-103.08953,25.7689],[-103.08925,25.7689],[-103.08913,25.76907],[-103.08895,25.76908],[-103.08883,25.76925],[-103.08835,25.76925],[-103.08833,25.76933],[-103.08823,25.76935],[-103.08823,25.76951],[-103.08814,25.76952],[-103.08812,25.7696],[-103.08796,25.7696],[-103.08792,25.76969],[-103.08775,25.76969],[-103.08762,25.76986],[-103.08722,25.76986],[-103.0871,25.76968],[-103.08693,25.76967],[-103.08691,25.7695],[-103.08663,25.76949],[-103.08662,25.76942],[-103.08653,25.7694],[-103.08642,25.76923],[-103.08624,25.76921],[-103.08624,25.76876],[-103.08633,25.76875],[-103.08635,25.76867],[-103.08664,25.76865],[-103.08665,25.76814],[-103.08725,25.76814],[-103.08728,25.76823],[-103.08745,25.76824],[-103.08748,25.76841],[-103.08804,25.76843],[-103.08807,25.7686],[-103.08859,25.76861],[-103.08864,25.76852],[-103.08882,25.76852],[-103.08884,25.76844],[-103.08902,25.76843],[-103.08904,25.76835],[-103.08923,25.76834],[-103.08925,25.76808],[-103.08933,25.76807],[-103.08935,25.76799],[-103.08965,25.768]]]}},{"type":"Feature","properties":{"id":280,"estado":"activa","confianza":"alta","area_m2":26282,"perimetro_m":713,"largo_m":190,"ancho_m":180,"lat":25.840301,"lon":-103.138563,"municipio":"San Pedro","cerca_de":"Ejido El Retiro","dist_ref_km":36.7,"d_ciudad_km":31.9,"altura_m":0.3,"precio_m2":110,"precio_m2_min":70,"precio_m2_max":165,"valor":2900000,"valor_min":1900000,"valor_max":4300000},"geometry":{"type":"Polygon","coordinates":[[[-103.13965,25.84086],[-103.13965,25.84122],[-103.13895,25.84121],[-103.1389,25.84112],[-103.13868,25.84112],[-103.13865,25.84121],[-103.13825,25.8412],[-103.13824,25.84113],[-103.13815,25.84111],[-103.13814,25.84094],[-103.13805,25.84093],[-103.13803,25.84084],[-103.13786,25.84084],[-103.13784,25.84076],[-103.13776,25.84075],[-103.13777,25.83975],[-103.13834,25.83976],[-103.13837,25.83958],[-103.13897,25.83959],[-103.13899,25.83967],[-103.13917,25.83977],[-103.13917,25.8401],[-103.13936,25.84013],[-103.13936,25.84047],[-103.13956,25.84059],[-103.13955,25.84083],[-103.13965,25.84086]]]}},{"type":"Feature","properties":{"id":281,"estado":"activa","confianza":"alta","area_m2":9623,"perimetro_m":492,"largo_m":160,"ancho_m":100,"lat":25.685653,"lon":-103.054178,"municipio":"San Pedro","cerca_de":"Tacubaya","dist_ref_km":35.2,"d_ciudad_km":28.8,"altura_m":1.6,"precio_m2":120,"precio_m2_min":75,"precio_m2_max":175,"valor":1100000,"valor_min":740000,"valor_max":1700000},"geometry":{"type":"Polygon","coordinates":[[[-103.05509,25.68584],[-103.05509,25.68611],[-103.05479,25.68611],[-103.05474,25.68602],[-103.05452,25.68602],[-103.05449,25.68611],[-103.05379,25.6861],[-103.0538,25.68577],[-103.0537,25.68574],[-103.05369,25.68557],[-103.05351,25.68546],[-103.05351,25.68519],[-103.05401,25.6852],[-103.05413,25.68537],[-103.0543,25.68538],[-103.05434,25.68547],[-103.0545,25.68547],[-103.05451,25.68555],[-103.0546,25.68557],[-103.05472,25.68574],[-103.0549,25.68575],[-103.05493,25.68584],[-103.05509,25.68584]]]}},{"type":"Feature","properties":{"id":282,"estado":"desmontada","confianza":"alta","area_m2":8323,"perimetro_m":383,"largo_m":110,"ancho_m":90,"lat":25.949894,"lon":-103.370843,"municipio":"Tlahualilo","cerca_de":"Jauja","dist_ref_km":38.6,"d_ciudad_km":33.7,"altura_m":3.3,"precio_m2":70,"precio_m2_min":45,"precio_m2_max":105,"valor":600000,"valor_min":390000,"valor_max":890000},"geometry":{"type":"Polygon","coordinates":[[[-103.3713,25.94963],[-103.37129,25.95026],[-103.3712,25.95027],[-103.37119,25.95035],[-103.37069,25.95034],[-103.37067,25.95026],[-103.37049,25.95025],[-103.37047,25.95017],[-103.37039,25.95016],[-103.3704,25.94953],[-103.37057,25.94953],[-103.3706,25.94944],[-103.37078,25.94943],[-103.3708,25.94935],[-103.3711,25.94936],[-103.3711,25.94961],[-103.3713,25.94963]]]}},{"type":"Feature","properties":{"id":283,"estado":"activa","confianza":"alta","area_m2":43265,"perimetro_m":1236,"largo_m":418,"ancho_m":163,"lat":25.804919,"lon":-103.108692,"municipio":"San Pedro","cerca_de":"Concordia (La Rosita)","dist_ref_km":36.3,"d_ciudad_km":31.4,"altura_m":1.7,"precio_m2":175,"precio_m2_min":115,"precio_m2_max":260,"valor":7600000,"valor_min":5000000,"valor_max":11000000},"geometry":{"type":"Polygon","coordinates":[[[-103.1104,25.80465],[-103.11039,25.80501],[-103.1102,25.80512],[-103.11019,25.80546],[-103.11,25.80547],[-103.10998,25.80563],[-103.10989,25.80567],[-103.10988,25.8059],[-103.10958,25.8059],[-103.10955,25.80563],[-103.10899,25.80562],[-103.10897,25.80554],[-103.10879,25.80553],[-103.10876,25.80544],[-103.10849,25.80543],[-103.10836,25.80525],[-103.1078,25.80524],[-103.10778,25.80516],[-103.1076,25.80515],[-103.10757,25.80506],[-103.1072,25.80506],[-103.10718,25.80497],[-103.107,25.80496],[-103.10697,25.80488],[-103.10671,25.80487],[-103.10669,25.80479],[-103.10651,25.80478],[-103.10647,25.80469],[-103.10621,25.80468],[-103.10622,25.80432],[-103.10641,25.80422],[-103.10642,25.80405],[-103.1065,25.80404],[-103.10652,25.80396],[-103.10692,25.80397],[-103.10694,25.80405],[-103.10712,25.80406],[-103.10713,25.80414],[-103.10722,25.80415],[-103.10724,25.80433],[-103.10761,25.80434],[-103.10766,25.80443],[-103.10821,25.80444],[-103.10835,25.80462],[-103.1086,25.8046],[-103.10861,25.80426],[-103.10941,25.80427],[-103.10944,25.80436],[-103.10971,25.80437],[-103.10972,25.80444],[-103.1098,25.80446],[-103.10993,25.80464],[-103.1104,25.80465]]]}},{"type":"Feature","properties":{"id":284,"estado":"activa","confianza":"alta","area_m2":120373,"perimetro_m":2260,"largo_m":647,"ancho_m":276,"lat":25.446756,"lon":-103.705188,"municipio":"Lerdo","cerca_de":"Sapioris","dist_ref_km":35.8,"d_ciudad_km":18.5,"altura_m":4.0,"precio_m2":90,"precio_m2_min":55,"precio_m2_max":130,"valor":11000000,"valor_min":6900000,"valor_max":16000000},"geometry":{"type":"Polygon","coordinates":[[[-103.70666,25.44857],[-103.70665,25.44921],[-103.70655,25.44924],[-103.70655,25.44948],[-103.70625,25.44947],[-103.70621,25.4492],[-103.70466,25.44919],[-103.70462,25.4491],[-103.70427,25.44909],[-103.70427,25.44882],[-103.70515,25.44882],[-103.70517,25.44856],[-103.70526,25.44853],[-103.70527,25.44823],[-103.70517,25.4482],[-103.70513,25.44811],[-103.70438,25.4481],[-103.70438,25.44783],[-103.70464,25.44783],[-103.70468,25.44779],[-103.70467,25.44758],[-103.70448,25.44756],[-103.70448,25.44741],[-103.70438,25.44738],[-103.70438,25.44704],[-103.70419,25.44693],[-103.70419,25.44657],[-103.70428,25.44655],[-103.70429,25.44648],[-103.70448,25.44646],[-103.70449,25.44615],[-103.70424,25.44612],[-103.7042,25.44621],[-103.7039,25.4462],[-103.70388,25.44585],[-103.70331,25.44584],[-103.7033,25.44568],[-103.70321,25.44565],[-103.7032,25.44549],[-103.70311,25.44547],[-103.70311,25.4452],[-103.7032,25.44519],[-103.70321,25.44511],[-103.7034,25.4451],[-103.70341,25.44488],[-103.70302,25.44484],[-103.703,25.44476],[-103.70292,25.44475],[-103.70292,25.4443],[-103.70388,25.44431],[-103.70392,25.44422],[-103.7041,25.44421],[-103.70412,25.44413],[-103.7044,25.44412],[-103.70452,25.44395],[-103.70551,25.44396],[-103.70551,25.44428],[-103.70561,25.44432],[-103.70561,25.44474],[-103.7057,25.44477],[-103.7057,25.4451],[-103.7058,25.44514],[-103.7058,25.44538],[-103.7059,25.44541],[-103.70589,25.44591],[-103.70599,25.44595],[-103.706,25.44611],[-103.70609,25.44613],[-103.70608,25.44664],[-103.70618,25.44667],[-103.70619,25.44684],[-103.70628,25.44686],[-103.70628,25.44719],[-103.70647,25.44731],[-103.70647,25.44772],[-103.70657,25.44776],[-103.70656,25.44821],[-103.70647,25.44824],[-103.70646,25.44845],[-103.70666,25.44857]]]}},{"type":"Feature","properties":{"id":285,"estado":"activa","confianza":"media","area_m2":7295,"perimetro_m":359,"largo_m":120,"ancho_m":70,"lat":25.815281,"lon":-103.115766,"municipio":"San Pedro","cerca_de":"Ejido El Retiro","dist_ref_km":36.5,"d_ciudad_km":31.7,"altura_m":0.4,"precio_m2":155,"precio_m2_min":100,"precio_m2_max":240,"valor":1100000,"valor_min":750000,"valor_max":1700000},"geometry":{"type":"Polygon","coordinates":[[[-103.11612,25.81501],[-103.11611,25.81555],[-103.11602,25.81557],[-103.11601,25.81573],[-103.11592,25.81574],[-103.11591,25.81582],[-103.11573,25.81583],[-103.11571,25.81591],[-103.11541,25.8159],[-103.11542,25.81491],[-103.11551,25.8149],[-103.11552,25.81482],[-103.11592,25.81483],[-103.11594,25.8149],[-103.11612,25.81501]]]}},{"type":"Feature","properties":{"id":286,"estado":"activa","confianza":"media","area_m2":6982,"perimetro_m":406,"largo_m":110,"ancho_m":110,"lat":25.766962,"lon":-103.083131,"municipio":"San Pedro","cerca_de":"Ejido San Ignacio","dist_ref_km":36.0,"d_ciudad_km":30.6,"altura_m":1.3,"precio_m2":160,"precio_m2_min":105,"precio_m2_max":240,"valor":1100000,"valor_min":730000,"valor_max":1700000},"geometry":{"type":"Polygon","coordinates":[[[-103.08358,25.76674],[-103.08358,25.76701],[-103.08309,25.76702],[-103.08308,25.76728],[-103.08298,25.7673],[-103.08297,25.76746],[-103.08248,25.76745],[-103.08248,25.76718],[-103.08267,25.76707],[-103.08268,25.76691],[-103.08278,25.76688],[-103.08279,25.76646],[-103.08329,25.76647],[-103.0833,25.76654],[-103.08358,25.76674]]]}},{"type":"Feature","properties":{"id":287,"estado":"activa","confianza":"alta","area_m2":195721,"perimetro_m":2537,"largo_m":623,"ancho_m":499,"lat":25.703104,"lon":-103.05651,"municipio":"San Pedro","cerca_de":"Tacubaya","dist_ref_km":35.5,"d_ciudad_km":28.9,"altura_m":0.7,"precio_m2":85,"precio_m2_min":55,"precio_m2_max":125,"valor":17000000,"valor_min":11000000,"valor_max":25000000},"geometry":{"type":"Polygon","coordinates":[[[-103.06119,25.70317],[-103.06118,25.70344],[-103.0611,25.70345],[-103.06108,25.70353],[-103.061,25.70354],[-103.06098,25.70362],[-103.0609,25.70362],[-103.06088,25.7037],[-103.0608,25.70371],[-103.06078,25.70379],[-103.06059,25.7039],[-103.06058,25.70406],[-103.06039,25.70407],[-103.06037,25.70424],[-103.06018,25.70426],[-103.06017,25.70442],[-103.06001,25.70442],[-103.05997,25.7045],[-103.05978,25.70452],[-103.05977,25.70486],[-103.05969,25.70487],[-103.05967,25.70495],[-103.05958,25.70496],[-103.05956,25.70504],[-103.05938,25.70514],[-103.05936,25.70531],[-103.05757,25.70528],[-103.05752,25.70519],[-103.05637,25.70518],[-103.05634,25.70509],[-103.05608,25.70508],[-103.05608,25.70481],[-103.05618,25.70477],[-103.05614,25.70454],[-103.05571,25.70455],[-103.05569,25.70463],[-103.05559,25.70466],[-103.05558,25.7049],[-103.05498,25.70489],[-103.05497,25.70481],[-103.05489,25.7048],[-103.05489,25.70428],[-103.05479,25.70425],[-103.05477,25.70417],[-103.0546,25.70416],[-103.05457,25.70407],[-103.0543,25.70407],[-103.0543,25.70391],[-103.0542,25.70389],[-103.05421,25.70362],[-103.05439,25.7036],[-103.05441,25.70344],[-103.05449,25.70343],[-103.05451,25.70335],[-103.05459,25.70334],[-103.05461,25.70326],[-103.05469,25.70325],[-103.05471,25.70317],[-103.05479,25.70316],[-103.05481,25.70308],[-103.055,25.70298],[-103.05502,25.70281],[-103.0551,25.7028],[-103.05522,25.70264],[-103.0554,25.70263],[-103.05542,25.70255],[-103.05561,25.70244],[-103.05562,25.70237],[-103.05611,25.70236],[-103.05612,25.7022],[-103.05622,25.70216],[-103.05623,25.70184],[-103.05631,25.70182],[-103.05633,25.70175],[-103.05641,25.70174],[-103.05643,25.70166],[-103.05651,25.70165],[-103.05653,25.70157],[-103.05672,25.70147],[-103.05673,25.70139],[-103.05723,25.7014],[-103.05726,25.70148],[-103.05743,25.70149],[-103.05747,25.70167],[-103.05839,25.70168],[-103.05843,25.70132],[-103.05851,25.70131],[-103.05853,25.70124],[-103.05871,25.70123],[-103.05883,25.70106],[-103.05901,25.70105],[-103.05903,25.70088],[-103.05933,25.70089],[-103.05935,25.70105],[-103.05953,25.70107],[-103.05953,25.70134],[-103.05943,25.70138],[-103.05942,25.70167],[-103.05952,25.7017],[-103.05951,25.70206],[-103.05942,25.70209],[-103.05942,25.70231],[-103.0597,25.70231],[-103.05972,25.70188],[-103.06021,25.70189],[-103.06023,25.70197],[-103.06041,25.70207],[-103.06041,25.70234],[-103.06032,25.70236],[-103.0603,25.70243],[-103.06002,25.70245],[-103.06001,25.70277],[-103.0604,25.7028],[-103.06043,25.70288],[-103.0607,25.70289],[-103.06071,25.70297],[-103.06079,25.70298],[-103.06083,25.70316],[-103.06119,25.70317]],[[-103.05929,25.70368],[-103.05958,25.70367],[-103.05957,25.70334],[-103.0589,25.70332],[-103.05878,25.70314],[-103.0585,25.70313],[-103.05846,25.70304],[-103.05824,25.70304],[-103.0582,25.70313],[-103.05803,25.70313],[-103.058,25.7033],[-103.0578,25.70334],[-103.05781,25.70365],[-103.05819,25.70367],[-103.05821,25.70384],[-103.05839,25.70385],[-103.05852,25.70403],[-103.05888,25.70404],[-103.05892,25.70413],[-103.05917,25.70411],[-103.05919,25.70377],[-103.05927,25.70376],[-103.05929,25.70368]]]}},{"type":"Feature","properties":{"id":288,"estado":"activa","confianza":"alta","area_m2":71049,"perimetro_m":1681,"largo_m":470,"ancho_m":330,"lat":25.818141,"lon":-103.115527,"municipio":"San Pedro","cerca_de":"Ejido El Retiro","dist_ref_km":36.7,"d_ciudad_km":31.7,"altura_m":0.6,"precio_m2":125,"precio_m2_min":80,"precio_m2_max":185,"valor":8700000,"valor_min":5700000,"valor_max":13000000,"grupo":240,"grupo_bloques":3,"grupo_m2":121044},"geometry":{"type":"Polygon","coordinates":[[[-103.11858,25.81703],[-103.11857,25.81766],[-103.11849,25.81767],[-103.11847,25.81775],[-103.11821,25.81775],[-103.11817,25.81784],[-103.11771,25.81783],[-103.11757,25.81801],[-103.11719,25.81801],[-103.11716,25.81827],[-103.11708,25.81829],[-103.11706,25.81836],[-103.11611,25.81835],[-103.11606,25.81844],[-103.11588,25.81845],[-103.11586,25.81853],[-103.11568,25.81854],[-103.11566,25.81885],[-103.11576,25.81889],[-103.11575,25.81916],[-103.11566,25.81918],[-103.11565,25.81934],[-103.11557,25.81935],[-103.11555,25.81943],[-103.1146,25.81941],[-103.11455,25.8195],[-103.11415,25.8195],[-103.11414,25.81942],[-103.11396,25.81932],[-103.11397,25.81845],[-103.11387,25.81841],[-103.11388,25.81796],[-103.11398,25.81792],[-103.11399,25.81688],[-103.11436,25.81688],[-103.1144,25.8167],[-103.11476,25.81671],[-103.1149,25.81653],[-103.1152,25.81653],[-103.11519,25.81703],[-103.11529,25.81708],[-103.11528,25.81758],[-103.11553,25.8178],[-103.11613,25.81781],[-103.11618,25.81772],[-103.11654,25.81772],[-103.11658,25.81763],[-103.11676,25.81763],[-103.11678,25.81755],[-103.11705,25.81755],[-103.11708,25.81746],[-103.11717,25.81743],[-103.11718,25.81728],[-103.11727,25.81727],[-103.11738,25.8171],[-103.11804,25.81711],[-103.11808,25.81702],[-103.11858,25.81703]]]}},{"type":"Feature","properties":{"id":289,"estado":"activa","confianza":"media","area_m2":20760,"perimetro_m":689,"largo_m":252,"ancho_m":110,"lat":25.459291,"lon":-103.713803,"municipio":"Lerdo","cerca_de":"Sapioris","dist_ref_km":36.0,"d_ciudad_km":18.7,"altura_m":4.7,"precio_m2":110,"precio_m2_min":70,"precio_m2_max":165,"valor":2300000,"valor_min":1500000,"valor_max":3400000},"geometry":{"type":"Polygon","coordinates":[[[-103.715,25.45921],[-103.71499,25.45948],[-103.7149,25.45951],[-103.71489,25.45966],[-103.7148,25.45969],[-103.71479,25.45984],[-103.71439,25.45984],[-103.71435,25.45975],[-103.7139,25.45974],[-103.71378,25.45957],[-103.7136,25.45956],[-103.71356,25.45947],[-103.7133,25.45947],[-103.71327,25.45938],[-103.71261,25.45937],[-103.71262,25.45865],[-103.71341,25.45866],[-103.71344,25.45874],[-103.71371,25.45875],[-103.71375,25.45884],[-103.7145,25.45885],[-103.71462,25.45902],[-103.7148,25.45903],[-103.71481,25.45911],[-103.715,25.45921]]]}},{"type":"Feature","properties":{"id":290,"estado":"activa","confianza":"alta","area_m2":31210,"perimetro_m":939,"largo_m":384,"ancho_m":97,"lat":25.799656,"lon":-103.101603,"municipio":"San Pedro","cerca_de":"Concordia (La Rosita)","dist_ref_km":36.5,"d_ciudad_km":31.5,"altura_m":2.1,"precio_m2":200,"precio_m2_min":130,"precio_m2_max":310,"valor":6300000,"valor_min":4100000,"valor_max":9500000},"geometry":{"type":"Polygon","coordinates":[[[-103.1035,25.79941],[-103.10349,25.79995],[-103.10284,25.79994],[-103.10279,25.80003],[-103.1012,25.80001],[-103.10116,25.79992],[-103.0997,25.7999],[-103.09972,25.79909],[-103.10052,25.7991],[-103.10056,25.79919],[-103.10261,25.79922],[-103.10274,25.7994],[-103.1035,25.79941]]]}},{"type":"Feature","properties":{"id":291,"estado":"activa","confianza":"media","area_m2":14963,"perimetro_m":545,"largo_m":160,"ancho_m":130,"lat":25.766445,"lon":-103.081546,"municipio":"San Pedro","cerca_de":"Ejido San Ignacio","dist_ref_km":36.1,"d_ciudad_km":30.7,"altura_m":2.6,"precio_m2":150,"precio_m2_min":100,"precio_m2_max":230,"valor":2300000,"valor_min":1500000,"valor_max":3400000},"geometry":{"type":"Polygon","coordinates":[[[-103.0822,25.76627],[-103.08219,25.76681],[-103.0819,25.76682],[-103.08188,25.76708],[-103.0818,25.76709],[-103.08178,25.76717],[-103.08129,25.76716],[-103.08128,25.76691],[-103.08109,25.76689],[-103.08108,25.76663],[-103.0809,25.76662],[-103.0809,25.76617],[-103.08099,25.76615],[-103.081,25.76599],[-103.0811,25.76597],[-103.08111,25.76581],[-103.08119,25.76579],[-103.08121,25.76572],[-103.08171,25.76572],[-103.08171,25.76588],[-103.0819,25.766],[-103.08191,25.76616],[-103.0821,25.76618],[-103.08211,25.76626],[-103.0822,25.76627]]]}},{"type":"Feature","properties":{"id":292,"estado":"activa","confianza":"alta","area_m2":34818,"perimetro_m":1127,"largo_m":385,"ancho_m":170,"lat":25.816586,"lon":-103.113075,"municipio":"San Pedro","cerca_de":"Ejido El Retiro","dist_ref_km":36.8,"d_ciudad_km":31.9,"altura_m":1.9,"precio_m2":135,"precio_m2_min":90,"precio_m2_max":200,"valor":4800000,"valor_min":3100000,"valor_max":7100000,"grupo":240,"grupo_bloques":3,"grupo_m2":121044},"geometry":{"type":"Polygon","coordinates":[[[-103.1139,25.81661],[-103.1139,25.81688],[-103.11333,25.81687],[-103.11319,25.81705],[-103.11242,25.81705],[-103.11239,25.81749],[-103.1123,25.8175],[-103.11229,25.81758],[-103.11164,25.81757],[-103.11159,25.81766],[-103.11132,25.81766],[-103.11129,25.81775],[-103.11079,25.81774],[-103.1108,25.8172],[-103.1109,25.81716],[-103.11091,25.81675],[-103.1112,25.81675],[-103.11125,25.81684],[-103.1117,25.81685],[-103.11184,25.81703],[-103.11227,25.81703],[-103.11231,25.8165],[-103.1124,25.81646],[-103.11241,25.81614],[-103.11251,25.81611],[-103.11251,25.81587],[-103.1126,25.81585],[-103.11262,25.81578],[-103.1128,25.81577],[-103.11292,25.8156],[-103.11329,25.8156],[-103.11342,25.81543],[-103.11382,25.81543],[-103.1138,25.81656],[-103.1139,25.81661]]]}},{"type":"Feature","properties":{"id":293,"estado":"activa","confianza":"alta","area_m2":9913,"perimetro_m":443,"largo_m":140,"ancho_m":90,"lat":25.836576,"lon":-103.129543,"municipio":"San Pedro","cerca_de":"Ejido El Retiro","dist_ref_km":37.0,"d_ciudad_km":32.2,"altura_m":3.7,"precio_m2":125,"precio_m2_min":80,"precio_m2_max":185,"valor":1200000,"valor_min":800000,"valor_max":1800000},"geometry":{"type":"Polygon","coordinates":[[[-103.13025,25.83623],[-103.13024,25.83677],[-103.12978,25.83676],[-103.12974,25.83685],[-103.12956,25.83686],[-103.12954,25.83694],[-103.12926,25.83694],[-103.12924,25.83703],[-103.12894,25.83702],[-103.12892,25.83694],[-103.12884,25.83693],[-103.12885,25.83639],[-103.12893,25.83638],[-103.12895,25.8363],[-103.12921,25.8363],[-103.12925,25.83621],[-103.13025,25.83623]]]}},{"type":"Feature","properties":{"id":294,"estado":"activa","confianza":"alta","area_m2":95618,"perimetro_m":1618,"largo_m":590,"ancho_m":250,"lat":25.801998,"lon":-103.101103,"municipio":"San Pedro","cerca_de":"Concordia (La Rosita)","dist_ref_km":36.7,"d_ciudad_km":31.7,"altura_m":0.1,"precio_m2":165,"precio_m2_min":110,"precio_m2_max":250,"valor":16000000,"valor_min":10000000,"valor_max":24000000},"geometry":{"type":"Polygon","coordinates":[[[-103.10268,25.8012],[-103.10267,25.80148],[-103.10257,25.80152],[-103.10256,25.80211],[-103.10246,25.80215],[-103.10245,25.80283],[-103.10236,25.80284],[-103.10215,25.80309],[-103.10149,25.80309],[-103.10145,25.80317],[-103.10095,25.80317],[-103.10091,25.80308],[-103.09985,25.80306],[-103.09986,25.80282],[-103.09976,25.80279],[-103.09976,25.80246],[-103.09966,25.80243],[-103.09964,25.80189],[-103.09688,25.80185],[-103.09687,25.80177],[-103.09678,25.80176],[-103.09679,25.8014],[-103.09689,25.80136],[-103.0969,25.80095],[-103.09984,25.80099],[-103.09989,25.8009],[-103.10218,25.80093],[-103.1023,25.8011],[-103.10258,25.80111],[-103.10259,25.80119],[-103.10268,25.8012]]]}},{"type":"Feature","properties":{"id":295,"estado":"activa","confianza":"alta","area_m2":15177,"perimetro_m":569,"largo_m":184,"ancho_m":114,"lat":25.816913,"lon":-103.109921,"municipio":"San Pedro","cerca_de":"Ejido El Retiro","dist_ref_km":37.0,"d_ciudad_km":32.3,"altura_m":1.0,"precio_m2":150,"precio_m2_min":95,"precio_m2_max":220,"valor":2300000,"valor_min":1500000,"valor_max":3400000,"grupo":240,"grupo_bloques":3,"grupo_m2":121044},"geometry":{"type":"Polygon","coordinates":[[[-103.1106,25.81683],[-103.1106,25.81738],[-103.10944,25.81736],[-103.1094,25.81745],[-103.1089,25.81744],[-103.10889,25.81737],[-103.1088,25.81735],[-103.10881,25.81708],[-103.10889,25.81707],[-103.10891,25.81699],[-103.10918,25.81699],[-103.10931,25.81682],[-103.1094,25.8168],[-103.10941,25.81646],[-103.11007,25.81647],[-103.11011,25.81638],[-103.11041,25.81638],[-103.11043,25.81646],[-103.11051,25.81647],[-103.11051,25.81681],[-103.1106,25.81683]]]}},{"type":"Feature","properties":{"id":296,"estado":"activa","confianza":"alta","area_m2":12048,"perimetro_m":514,"largo_m":170,"ancho_m":90,"lat":25.720964,"lon":-103.057363,"municipio":"San Pedro","cerca_de":"Ejido San Pablo","dist_ref_km":36.1,"d_ciudad_km":30.1,"altura_m":1.4,"precio_m2":120,"precio_m2_min":80,"precio_m2_max":180,"valor":1500000,"valor_min":950000,"valor_max":2200000},"geometry":{"type":"Polygon","coordinates":[[[-103.05792,25.72036],[-103.05791,25.72082],[-103.05771,25.72094],[-103.0577,25.72172],[-103.057,25.72171],[-103.05701,25.72144],[-103.05711,25.7214],[-103.05711,25.72103],[-103.05701,25.72098],[-103.05702,25.72062],[-103.05712,25.72059],[-103.05713,25.72017],[-103.05753,25.72018],[-103.05755,25.72026],[-103.05782,25.72027],[-103.05784,25.72035],[-103.05792,25.72036]]]}},{"type":"Feature","properties":{"id":297,"estado":"activa","confianza":"alta","area_m2":32908,"perimetro_m":933,"largo_m":324,"ancho_m":142,"lat":25.481677,"lon":-103.727044,"municipio":"Lerdo","cerca_de":"San Jacinto","dist_ref_km":36.2,"d_ciudad_km":18.7,"altura_m":6.3,"precio_m2":105,"precio_m2_min":65,"precio_m2_max":155,"valor":3400000,"valor_min":2200000,"valor_max":5100000},"geometry":{"type":"Polygon","coordinates":[[[-103.72869,25.48154],[-103.72868,25.48181],[-103.72833,25.48181],[-103.72828,25.4819],[-103.72803,25.4819],[-103.72799,25.48199],[-103.72781,25.48199],[-103.72779,25.48208],[-103.72742,25.48208],[-103.72729,25.48225],[-103.72702,25.48225],[-103.72699,25.48234],[-103.72669,25.48234],[-103.72664,25.48225],[-103.72642,25.48225],[-103.72639,25.48234],[-103.72599,25.48233],[-103.72598,25.48226],[-103.72589,25.48224],[-103.72577,25.48207],[-103.7255,25.48206],[-103.72549,25.4819],[-103.7254,25.48188],[-103.7254,25.48151],[-103.72576,25.48152],[-103.7258,25.48143],[-103.72617,25.48143],[-103.7262,25.48134],[-103.72637,25.48134],[-103.7264,25.48125],[-103.72658,25.48125],[-103.7266,25.48116],[-103.72687,25.48116],[-103.727,25.48099],[-103.72747,25.48098],[-103.7276,25.48081],[-103.728,25.48081],[-103.728,25.48097],[-103.7281,25.481],[-103.72811,25.48116],[-103.72819,25.48118],[-103.7282,25.48143],[-103.72829,25.48145],[-103.72833,25.48154],[-103.72869,25.48154]]]}},{"type":"Feature","properties":{"id":298,"estado":"activa","confianza":"alta","area_m2":255565,"perimetro_m":3585,"largo_m":674,"ancho_m":620,"lat":25.766104,"lon":-103.076571,"municipio":"San Pedro","cerca_de":"Ejido San Ignacio","dist_ref_km":36.6,"d_ciudad_km":30.6,"altura_m":1.5,"precio_m2":105,"precio_m2_min":70,"precio_m2_max":160,"valor":27000000,"valor_min":18000000,"valor_max":41000000},"geometry":{"type":"Polygon","coordinates":[[[-103.08152,25.765],[-103.08151,25.76527],[-103.08134,25.76527],[-103.08131,25.76536],[-103.08105,25.76536],[-103.08091,25.76553],[-103.08072,25.76555],[-103.08071,25.7658],[-103.08061,25.76582],[-103.08061,25.76598],[-103.08052,25.76599],[-103.0805,25.76607],[-103.08032,25.76608],[-103.0803,25.76625],[-103.0802,25.76628],[-103.0802,25.76652],[-103.08,25.76654],[-103.07999,25.76697],[-103.07969,25.76696],[-103.07966,25.76678],[-103.0789,25.7668],[-103.07889,25.76722],[-103.07879,25.76727],[-103.07879,25.76755],[-103.07889,25.76758],[-103.07888,25.76785],[-103.07869,25.76787],[-103.07868,25.76809],[-103.07913,25.76813],[-103.07918,25.76804],[-103.07958,25.76804],[-103.07959,25.7683],[-103.07997,25.76832],[-103.07998,25.7684],[-103.08007,25.76841],[-103.08006,25.76873],[-103.08016,25.76877],[-103.08016,25.76904],[-103.08007,25.76906],[-103.07985,25.76931],[-103.07876,25.7693],[-103.07874,25.76922],[-103.07856,25.7692],[-103.07855,25.76913],[-103.07836,25.76902],[-103.07832,25.76884],[-103.0781,25.76884],[-103.07807,25.76893],[-103.07798,25.76894],[-103.07796,25.7692],[-103.07766,25.76919],[-103.07764,25.76911],[-103.07747,25.7691],[-103.07743,25.76892],[-103.07701,25.76891],[-103.07687,25.76909],[-103.07647,25.76909],[-103.07644,25.76873],[-103.07602,25.76872],[-103.07597,25.76881],[-103.07538,25.7688],[-103.07536,25.76872],[-103.07528,25.76871],[-103.07528,25.76837],[-103.07509,25.76835],[-103.07509,25.76789],[-103.07518,25.76788],[-103.07519,25.76781],[-103.07559,25.76781],[-103.07563,25.76817],[-103.07586,25.76817],[-103.07599,25.768],[-103.07644,25.768],[-103.07649,25.76796],[-103.07646,25.76773],[-103.07589,25.76772],[-103.07586,25.76764],[-103.0756,25.76763],[-103.07558,25.76755],[-103.0755,25.76754],[-103.0755,25.76693],[-103.07521,25.7669],[-103.0752,25.76674],[-103.07501,25.76663],[-103.07502,25.76636],[-103.07512,25.76631],[-103.07512,25.76603],[-103.07502,25.766],[-103.07503,25.76564],[-103.07571,25.76563],[-103.07574,25.7651],[-103.076,25.7651],[-103.07604,25.76493],[-103.07632,25.76492],[-103.07634,25.76466],[-103.07653,25.76455],[-103.07654,25.76439],[-103.07663,25.76438],[-103.07665,25.76421],[-103.07675,25.76418],[-103.07675,25.76388],[-103.07655,25.76385],[-103.07654,25.76368],[-103.07596,25.76366],[-103.07595,25.7635],[-103.07576,25.76348],[-103.07577,25.76303],[-103.07585,25.76302],[-103.07587,25.76294],[-103.07637,25.76295],[-103.07641,25.76313],[-103.07796,25.76315],[-103.07798,25.76332],[-103.07836,25.76333],[-103.07839,25.76351],[-103.07875,25.76352],[-103.07876,25.76442],[-103.079,25.76442],[-103.07904,25.76434],[-103.07944,25.76434],[-103.07947,25.76443],[-103.07993,25.76444],[-103.08006,25.76461],[-103.08033,25.76462],[-103.08036,25.76489],[-103.08088,25.7649],[-103.08092,25.76481],[-103.08132,25.76482],[-103.08133,25.76498],[-103.08152,25.765]],[[-103.0784,25.76658],[-103.07839,25.76651],[-103.07831,25.76649],[-103.07829,25.76605],[-103.07805,25.76604],[-103.07801,25.76613],[-103.07784,25.76613],[-103.07781,25.76621],[-103.07771,25.76626],[-103.07771,25.76646],[-103.07781,25.76649],[-103.0778,25.76676],[-103.07752,25.76677],[-103.07751,25.767],[-103.0777,25.76703],[-103.07775,25.76712],[-103.07825,25.76712],[-103.0783,25.76703],[-103.07847,25.76703],[-103.0785,25.76662],[-103.0784,25.76658]]]}},{"type":"Feature","properties":{"id":299,"estado":"activa","confianza":"alta","area_m2":36691,"perimetro_m":927,"largo_m":305,"ancho_m":149,"lat":25.487104,"lon":-103.729722,"municipio":"Lerdo","cerca_de":"San Jacinto","dist_ref_km":36.2,"d_ciudad_km":18.8,"altura_m":2.7,"precio_m2":100,"precio_m2_min":65,"precio_m2_max":155,"valor":3700000,"valor_min":2400000,"valor_max":5600000},"geometry":{"type":"Polygon","coordinates":[[[-103.73112,25.48671],[-103.73111,25.48725],[-103.73085,25.48725],[-103.73081,25.48734],[-103.73063,25.48735],[-103.73061,25.48743],[-103.73035,25.48743],[-103.73031,25.48752],[-103.73015,25.48752],[-103.73011,25.4876],[-103.72994,25.48761],[-103.72992,25.48769],[-103.72955,25.48769],[-103.72952,25.48787],[-103.72925,25.48787],[-103.72922,25.48796],[-103.72904,25.48797],[-103.72902,25.48805],[-103.72852,25.48804],[-103.7285,25.48796],[-103.72842,25.48795],[-103.72842,25.48771],[-103.72832,25.48768],[-103.72833,25.48696],[-103.7287,25.48695],[-103.72873,25.48687],[-103.72889,25.48687],[-103.72893,25.48678],[-103.72911,25.48677],[-103.72913,25.4866],[-103.7294,25.4866],[-103.72953,25.48643],[-103.72991,25.48642],[-103.72993,25.48625],[-103.7304,25.48625],[-103.73043,25.48607],[-103.73073,25.48607],[-103.73074,25.48615],[-103.73092,25.48626],[-103.73093,25.48659],[-103.73112,25.48671]]]}},{"type":"Feature","properties":{"id":300,"estado":"activa","confianza":"alta","area_m2":11418,"perimetro_m":443,"largo_m":160,"ancho_m":80,"lat":25.741212,"lon":-103.06436,"municipio":"San Pedro","cerca_de":"Ejido San Pablo","dist_ref_km":36.4,"d_ciudad_km":30.5,"altura_m":0.6,"precio_m2":125,"precio_m2_min":80,"precio_m2_max":185,"valor":1400000,"valor_min":930000,"valor_max":2100000},"geometry":{"type":"Polygon","coordinates":[[[-103.06516,25.74104],[-103.06515,25.7414],[-103.06507,25.74142],[-103.06485,25.74167],[-103.06385,25.74166],[-103.06384,25.74158],[-103.06356,25.74138],[-103.06357,25.74102],[-103.06365,25.74101],[-103.06367,25.74093],[-103.06496,25.74095],[-103.06499,25.74103],[-103.06516,25.74104]]]}},{"type":"Feature","properties":{"id":301,"estado":"activa","confianza":"alta","area_m2":441813,"perimetro_m":2776,"largo_m":780,"ancho_m":600,"lat":25.780713,"lon":-103.083709,"municipio":"San Pedro","cerca_de":"Concordia (La Rosita)","dist_ref_km":36.8,"d_ciudad_km":31.1,"altura_m":5.3,"precio_m2":120,"precio_m2_min":80,"precio_m2_max":180,"valor":53000000,"valor_min":35000000,"valor_max":80000000},"geometry":{"type":"Polygon","coordinates":[[[-103.08768,25.77862],[-103.08766,25.78016],[-103.08746,25.7802],[-103.08741,25.78318],[-103.08751,25.78322],[-103.0875,25.78358],[-103.08742,25.7836],[-103.0873,25.78376],[-103.08635,25.78375],[-103.0863,25.78384],[-103.086,25.78383],[-103.08596,25.78374],[-103.08541,25.78374],[-103.08536,25.78365],[-103.08336,25.78362],[-103.08331,25.78371],[-103.08251,25.7837],[-103.08247,25.78361],[-103.08215,25.78361],[-103.08211,25.78369],[-103.08002,25.78367],[-103.08004,25.7828],[-103.07994,25.78276],[-103.07995,25.78186],[-103.08005,25.78182],[-103.08006,25.78127],[-103.07996,25.78123],[-103.07999,25.77964],[-103.07989,25.7796],[-103.0799,25.77861],[-103.07999,25.7786],[-103.08011,25.77843],[-103.08166,25.77845],[-103.0817,25.77836],[-103.0827,25.77838],[-103.08275,25.77847],[-103.08297,25.77847],[-103.083,25.77838],[-103.08748,25.77844],[-103.0876,25.77861],[-103.08768,25.77862]]]}},{"type":"Feature","properties":{"id":302,"estado":"activa","confianza":"media","area_m2":9948,"perimetro_m":429,"largo_m":130,"ancho_m":100,"lat":25.815423,"lon":-103.106189,"municipio":"San Pedro","cerca_de":"Ejido El Retiro","dist_ref_km":37.2,"d_ciudad_km":32.5,"altura_m":0.4,"precio_m2":155,"precio_m2_min":100,"precio_m2_max":240,"valor":1600000,"valor_min":1000000,"valor_max":2300000},"geometry":{"type":"Polygon","coordinates":[[[-103.10684,25.81534],[-103.10683,25.81588],[-103.10623,25.81587],[-103.10621,25.81579],[-103.10603,25.81578],[-103.106,25.81569],[-103.10564,25.81569],[-103.10563,25.81553],[-103.10554,25.8155],[-103.10555,25.81514],[-103.10564,25.81512],[-103.10565,25.81496],[-103.10615,25.81497],[-103.10627,25.81515],[-103.10664,25.81516],[-103.10666,25.81524],[-103.10684,25.81534]]]}},{"type":"Feature","properties":{"id":303,"estado":"activa","confianza":"alta","area_m2":116032,"perimetro_m":1947,"largo_m":625,"ancho_m":333,"lat":25.82166,"lon":-103.110329,"municipio":"San Pedro","cerca_de":"Ejido El Retiro","dist_ref_km":37.3,"d_ciudad_km":32.3,"altura_m":1.5,"precio_m2":110,"precio_m2_min":75,"precio_m2_max":170,"valor":13000000,"valor_min":8400000,"valor_max":19000000},"geometry":{"type":"Polygon","coordinates":[[[-103.11217,25.81893],[-103.11215,25.81992],[-103.11195,25.82005],[-103.11192,25.82209],[-103.11175,25.82209],[-103.11172,25.82217],[-103.11162,25.8222],[-103.11161,25.82262],[-103.11152,25.82265],[-103.11151,25.82289],[-103.11141,25.82294],[-103.11141,25.82315],[-103.1116,25.82317],[-103.11161,25.82324],[-103.1118,25.82335],[-103.11179,25.82367],[-103.11189,25.82371],[-103.11188,25.82425],[-103.11171,25.82426],[-103.11168,25.82434],[-103.1115,25.82435],[-103.11148,25.82443],[-103.11068,25.82442],[-103.11068,25.82426],[-103.11059,25.82424],[-103.1106,25.82337],[-103.1105,25.82333],[-103.11048,25.82325],[-103.11024,25.82324],[-103.1102,25.82333],[-103.10891,25.82331],[-103.10892,25.82263],[-103.10882,25.82259],[-103.10882,25.82234],[-103.10872,25.82232],[-103.10874,25.82123],[-103.10882,25.82122],[-103.10884,25.82114],[-103.10999,25.82116],[-103.11004,25.82107],[-103.11052,25.82107],[-103.11054,25.82072],[-103.11074,25.82059],[-103.11075,25.82009],[-103.11095,25.82005],[-103.11097,25.81901],[-103.11133,25.81901],[-103.11137,25.81892],[-103.11155,25.81891],[-103.11157,25.81883],[-103.11207,25.81884],[-103.11208,25.81892],[-103.11217,25.81893]]]}},{"type":"Feature","properties":{"id":304,"estado":"activa","confianza":"media","area_m2":9676,"perimetro_m":408,"largo_m":110,"ancho_m":100,"lat":25.723611,"lon":-103.055327,"municipio":"San Pedro","cerca_de":"Ejido San Pablo","dist_ref_km":36.4,"d_ciudad_km":30.4,"altura_m":1.7,"precio_m2":125,"precio_m2_min":80,"precio_m2_max":185,"valor":1200000,"valor_min":780000,"valor_max":1800000},"geometry":{"type":"Polygon","coordinates":[[[-103.05587,25.72395],[-103.05587,25.72422],[-103.05569,25.72422],[-103.05566,25.72431],[-103.05507,25.7243],[-103.05505,25.72422],[-103.05497,25.72421],[-103.05497,25.72396],[-103.05487,25.72393],[-103.05488,25.7233],[-103.05578,25.72332],[-103.05577,25.72391],[-103.05587,25.72395]]]}},{"type":"Feature","properties":{"id":305,"estado":"activa","confianza":"alta","area_m2":7256,"perimetro_m":399,"largo_m":110,"ancho_m":100,"lat":25.728283,"lon":-103.056214,"municipio":"San Pedro","cerca_de":"Ejido San Pablo","dist_ref_km":36.5,"d_ciudad_km":30.6,"altura_m":2.2,"precio_m2":125,"precio_m2_min":80,"precio_m2_max":190,"valor":910000,"valor_min":590000,"valor_max":1400000},"geometry":{"type":"Polygon","coordinates":[[[-103.0566,25.7282],[-103.05659,25.72856],[-103.05631,25.72857],[-103.05629,25.72883],[-103.05559,25.72882],[-103.0556,25.72837],[-103.05577,25.72836],[-103.0559,25.72819],[-103.05599,25.72818],[-103.056,25.72792],[-103.05609,25.72791],[-103.05611,25.72783],[-103.0564,25.72784],[-103.0564,25.72817],[-103.0566,25.7282]]]}},{"type":"Feature","properties":{"id":306,"estado":"activa","confianza":"alta","area_m2":201850,"perimetro_m":3538,"largo_m":815,"ancho_m":508,"lat":25.701619,"lon":-103.045871,"municipio":"San Pedro","cerca_de":"Ejido Santa Elena","dist_ref_km":36.5,"d_ciudad_km":29.8,"altura_m":1.9,"precio_m2":85,"precio_m2_min":55,"precio_m2_max":130,"valor":17000000,"valor_min":11000000,"valor_max":26000000},"geometry":{"type":"Polygon","coordinates":[[[-103.05144,25.7024],[-103.05143,25.70268],[-103.05135,25.70269],[-103.05133,25.70276],[-103.05093,25.7028],[-103.05095,25.70302],[-103.05123,25.70303],[-103.05122,25.70348],[-103.05114,25.7035],[-103.05112,25.70357],[-103.05065,25.70357],[-103.05062,25.70375],[-103.05053,25.70376],[-103.05052,25.70384],[-103.05023,25.70385],[-103.05021,25.70437],[-103.05012,25.70439],[-103.05011,25.70446],[-103.04971,25.70446],[-103.04969,25.70437],[-103.04951,25.70436],[-103.0495,25.70429],[-103.04941,25.70427],[-103.04942,25.704],[-103.04952,25.70396],[-103.0495,25.70356],[-103.04913,25.70355],[-103.04908,25.70346],[-103.04873,25.70345],[-103.04869,25.70336],[-103.04823,25.70335],[-103.04819,25.70326],[-103.04788,25.70326],[-103.04783,25.70335],[-103.04744,25.70337],[-103.04743,25.70394],[-103.04753,25.70398],[-103.04752,25.70425],[-103.04743,25.70427],[-103.04742,25.70443],[-103.04692,25.70442],[-103.0469,25.70434],[-103.04672,25.70433],[-103.04673,25.70381],[-103.04663,25.70378],[-103.0466,25.7037],[-103.04643,25.70369],[-103.04642,25.70361],[-103.04624,25.70351],[-103.04623,25.70307],[-103.04599,25.70305],[-103.04595,25.70314],[-103.04565,25.70314],[-103.04564,25.70298],[-103.04545,25.70287],[-103.04543,25.70278],[-103.04495,25.70277],[-103.04494,25.70269],[-103.04486,25.70268],[-103.04491,25.69965],[-103.04481,25.69961],[-103.0448,25.69944],[-103.04471,25.69943],[-103.04472,25.69897],[-103.0449,25.69896],[-103.04492,25.6988],[-103.04518,25.6988],[-103.04522,25.69871],[-103.04552,25.69871],[-103.04556,25.69881],[-103.04721,25.69883],[-103.04724,25.69891],[-103.04741,25.69892],[-103.04742,25.69899],[-103.04751,25.69901],[-103.04763,25.69919],[-103.0482,25.6992],[-103.0482,25.69956],[-103.0479,25.69959],[-103.04789,25.70001],[-103.0472,25.70002],[-103.0472,25.70035],[-103.04768,25.70037],[-103.04767,25.701],[-103.04729,25.70101],[-103.04727,25.70154],[-103.04687,25.70157],[-103.04687,25.70187],[-103.04706,25.70189],[-103.04707,25.70197],[-103.04726,25.70208],[-103.04726,25.70223],[-103.04735,25.70226],[-103.04735,25.70259],[-103.04745,25.70262],[-103.04747,25.70271],[-103.04785,25.70272],[-103.04789,25.70281],[-103.04821,25.70281],[-103.04834,25.70263],[-103.04863,25.70262],[-103.04865,25.70246],[-103.04875,25.70242],[-103.04875,25.70219],[-103.04912,25.70219],[-103.04925,25.70201],[-103.04934,25.702],[-103.04934,25.70176],[-103.04916,25.70174],[-103.04914,25.70167],[-103.04896,25.70156],[-103.04896,25.70129],[-103.04905,25.70128],[-103.04907,25.7012],[-103.04946,25.7012],[-103.04947,25.70136],[-103.04966,25.70139],[-103.04968,25.70156],[-103.04996,25.70157],[-103.05009,25.70175],[-103.05035,25.70176],[-103.05047,25.70193],[-103.05065,25.70194],[-103.05078,25.70212],[-103.05094,25.70213],[-103.05106,25.7023],[-103.05134,25.70231],[-103.05135,25.70239],[-103.05144,25.7024]]]}},{"type":"Feature","properties":{"id":307,"estado":"activa","confianza":"alta","area_m2":202140,"perimetro_m":2338,"largo_m":761,"ancho_m":397,"lat":25.84216,"lon":-103.122376,"municipio":"San Pedro","cerca_de":"Ejido El Retiro","dist_ref_km":38.0,"d_ciudad_km":33.0,"altura_m":5.1,"precio_m2":85,"precio_m2_min":55,"precio_m2_max":130,"valor":18000000,"valor_min":11000000,"valor_max":26000000},"geometry":{"type":"Polygon","coordinates":[[[-103.12674,25.84358],[-103.12673,25.84412],[-103.12643,25.84412],[-103.12642,25.84404],[-103.12633,25.84403],[-103.1263,25.84385],[-103.12588,25.84384],[-103.12584,25.84393],[-103.12534,25.84393],[-103.12532,25.84375],[-103.12494,25.84374],[-103.12483,25.84357],[-103.12465,25.84356],[-103.12463,25.84348],[-103.12455,25.84346],[-103.1244,25.84328],[-103.12377,25.84328],[-103.12374,25.84372],[-103.12255,25.84371],[-103.1224,25.84353],[-103.12217,25.84353],[-103.12215,25.8437],[-103.12125,25.84369],[-103.12122,25.8436],[-103.12065,25.84359],[-103.12061,25.8435],[-103.11956,25.84349],[-103.11954,25.84341],[-103.11946,25.8434],[-103.11946,25.84313],[-103.11956,25.8431],[-103.11957,25.84289],[-103.11947,25.84286],[-103.11946,25.84269],[-103.11937,25.84268],[-103.11939,25.84132],[-103.11948,25.84131],[-103.11949,25.84123],[-103.11977,25.84123],[-103.1198,25.84115],[-103.11998,25.84114],[-103.12,25.84106],[-103.12028,25.84105],[-103.1203,25.84097],[-103.1204,25.84094],[-103.1204,25.84061],[-103.1206,25.84059],[-103.12061,25.84025],[-103.12069,25.84024],[-103.12071,25.84017],[-103.12161,25.84018],[-103.12165,25.84027],[-103.12196,25.84027],[-103.122,25.84018],[-103.1223,25.84019],[-103.12233,25.84027],[-103.1227,25.84028],[-103.12273,25.84037],[-103.123,25.84038],[-103.12304,25.84047],[-103.1235,25.84047],[-103.12351,25.84055],[-103.12359,25.84056],[-103.12361,25.84064],[-103.12369,25.84066],[-103.12371,25.84073],[-103.12379,25.84075],[-103.1238,25.84082],[-103.12389,25.84084],[-103.1239,25.84092],[-103.12399,25.84093],[-103.124,25.84101],[-103.12409,25.84102],[-103.1241,25.8411],[-103.12418,25.84111],[-103.1242,25.84119],[-103.12428,25.8412],[-103.1243,25.84128],[-103.12438,25.8413],[-103.12439,25.84137],[-103.12448,25.84139],[-103.12449,25.84146],[-103.12458,25.84148],[-103.12459,25.84155],[-103.12468,25.84157],[-103.12469,25.84164],[-103.12477,25.84166],[-103.12489,25.84183],[-103.12497,25.84185],[-103.12497,25.842],[-103.12507,25.84203],[-103.12508,25.8421],[-103.12537,25.84212],[-103.12538,25.8422],[-103.12556,25.8423],[-103.12557,25.84247],[-103.12566,25.84249],[-103.12567,25.84256],[-103.12576,25.84258],[-103.12577,25.84265],[-103.12586,25.84267],[-103.12587,25.84274],[-103.12595,25.84276],[-103.12607,25.84293],[-103.12625,25.84294],[-103.12626,25.84302],[-103.12635,25.84304],[-103.12636,25.84321],[-103.12655,25.84322],[-103.12655,25.84347],[-103.12674,25.84358]]]}},{"type":"Feature","properties":{"id":308,"estado":"activa","confianza":"alta","area_m2":92379,"perimetro_m":1912,"largo_m":440,"ancho_m":300,"lat":25.790778,"lon":-103.083997,"municipio":"San Pedro","cerca_de":"Concordia (La Rosita)","dist_ref_km":37.4,"d_ciudad_km":32.0,"altura_m":3.6,"precio_m2":135,"precio_m2_min":90,"precio_m2_max":210,"valor":13000000,"valor_min":8200000,"valor_max":19000000},"geometry":{"type":"Polygon","coordinates":[[[-103.08748,25.79108],[-103.08747,25.79198],[-103.08729,25.79198],[-103.08716,25.79216],[-103.08477,25.79212],[-103.08465,25.79195],[-103.08443,25.79194],[-103.08427,25.79212],[-103.08348,25.79211],[-103.08335,25.79193],[-103.08308,25.79192],[-103.08311,25.79021],[-103.08319,25.79019],[-103.08321,25.79012],[-103.08379,25.79011],[-103.08381,25.79003],[-103.08391,25.78999],[-103.08391,25.78979],[-103.08381,25.78976],[-103.08382,25.78949],[-103.08399,25.78949],[-103.08402,25.78941],[-103.08442,25.78941],[-103.08447,25.7895],[-103.08468,25.7895],[-103.08472,25.78941],[-103.08501,25.78942],[-103.08503,25.7895],[-103.08511,25.78951],[-103.08515,25.78978],[-103.08539,25.78977],[-103.08541,25.78969],[-103.0855,25.78967],[-103.08551,25.78952],[-103.0856,25.7895],[-103.08561,25.78943],[-103.08611,25.78943],[-103.08612,25.7896],[-103.08631,25.78962],[-103.08631,25.78986],[-103.0864,25.78989],[-103.0864,25.79016],[-103.08495,25.79014],[-103.0848,25.79032],[-103.08472,25.79033],[-103.0847,25.79056],[-103.0848,25.79059],[-103.0848,25.79074],[-103.08489,25.79077],[-103.08492,25.79086],[-103.08516,25.79086],[-103.08519,25.79078],[-103.08575,25.79078],[-103.08579,25.79069],[-103.08629,25.7907],[-103.0863,25.79077],[-103.08639,25.79079],[-103.08652,25.79097],[-103.08675,25.79097],[-103.08679,25.79089],[-103.08738,25.79089],[-103.08739,25.79105],[-103.08748,25.79108]]]}},{"type":"Feature","properties":{"id":309,"estado":"desmontada","confianza":"alta","area_m2":119818,"perimetro_m":2219,"largo_m":590,"ancho_m":430,"lat":25.781131,"lon":-103.078267,"municipio":"San Pedro","cerca_de":"Concordia (La Rosita)","dist_ref_km":37.3,"d_ciudad_km":31.8,"altura_m":4.5,"precio_m2":90,"precio_m2_min":60,"precio_m2_max":135,"valor":11000000,"valor_min":7000000,"valor_max":16000000},"geometry":{"type":"Polygon","coordinates":[[[-103.07966,25.7814],[-103.07965,25.78195],[-103.07955,25.78199],[-103.07954,25.78276],[-103.07944,25.7828],[-103.07943,25.78317],[-103.07963,25.7833],[-103.07963,25.78357],[-103.07913,25.78356],[-103.07913,25.78323],[-103.07893,25.7832],[-103.0789,25.78302],[-103.07856,25.78302],[-103.07854,25.7831],[-103.07844,25.78313],[-103.07843,25.78328],[-103.07793,25.78328],[-103.07792,25.78302],[-103.07754,25.783],[-103.07752,25.78283],[-103.07729,25.78282],[-103.07724,25.783],[-103.07646,25.783],[-103.07643,25.78371],[-103.07635,25.78372],[-103.07633,25.7838],[-103.07573,25.78379],[-103.07569,25.7837],[-103.07534,25.78369],[-103.07534,25.78342],[-103.07543,25.7834],[-103.07544,25.78324],[-103.07553,25.78323],[-103.07555,25.78307],[-103.07564,25.78303],[-103.07565,25.78289],[-103.07574,25.78286],[-103.07575,25.78271],[-103.07594,25.78269],[-103.07595,25.78253],[-103.07605,25.7825],[-103.07606,25.78235],[-103.07615,25.78232],[-103.07616,25.78217],[-103.07625,25.78214],[-103.07626,25.78199],[-103.07636,25.78196],[-103.07636,25.78181],[-103.07646,25.78179],[-103.07647,25.78163],[-103.07655,25.78162],[-103.07657,25.78154],[-103.07676,25.78144],[-103.07677,25.78128],[-103.07685,25.78127],[-103.07687,25.78119],[-103.07707,25.78108],[-103.07708,25.78092],[-103.07717,25.78089],[-103.07718,25.78074],[-103.07726,25.78073],[-103.07728,25.78065],[-103.07747,25.78054],[-103.07748,25.78029],[-103.07758,25.78027],[-103.07759,25.78011],[-103.07776,25.78011],[-103.07779,25.78003],[-103.07808,25.78],[-103.07809,25.77961],[-103.0779,25.77949],[-103.07788,25.77941],[-103.0778,25.77939],[-103.07781,25.77889],[-103.07771,25.77885],[-103.07771,25.77849],[-103.07821,25.7785],[-103.07822,25.77857],[-103.07831,25.77859],[-103.07832,25.77894],[-103.0787,25.77895],[-103.07882,25.77913],[-103.079,25.77914],[-103.07899,25.7795],[-103.07889,25.77954],[-103.07889,25.77992],[-103.07899,25.77995],[-103.07899,25.78012],[-103.07918,25.78022],[-103.07918,25.78075],[-103.07957,25.78077],[-103.07956,25.78136],[-103.07966,25.7814]]]}},{"type":"Feature","properties":{"id":310,"estado":"activa","confianza":"alta","area_m2":47953,"perimetro_m":1320,"largo_m":414,"ancho_m":214,"lat":25.819165,"lon":-103.102935,"municipio":"San Pedro","cerca_de":"Ejido El Retiro","dist_ref_km":37.7,"d_ciudad_km":32.9,"altura_m":1.4,"precio_m2":125,"precio_m2_min":80,"precio_m2_max":185,"valor":5900000,"valor_min":3900000,"valor_max":8900000},"geometry":{"type":"Polygon","coordinates":[[[-103.10457,25.81983],[-103.10457,25.82019],[-103.10417,25.82018],[-103.10414,25.82009],[-103.10377,25.82009],[-103.10372,25.81999],[-103.10341,25.81999],[-103.10337,25.82008],[-103.10228,25.82007],[-103.10223,25.81998],[-103.10048,25.81995],[-103.10049,25.81941],[-103.10078,25.8194],[-103.1008,25.81905],[-103.10088,25.81904],[-103.1009,25.81896],[-103.1012,25.81897],[-103.10119,25.81958],[-103.10156,25.8196],[-103.10159,25.81943],[-103.10187,25.81924],[-103.10189,25.81907],[-103.10209,25.81895],[-103.1021,25.81853],[-103.10237,25.81853],[-103.1025,25.81835],[-103.10269,25.81834],[-103.1028,25.81818],[-103.1032,25.81818],[-103.10321,25.81853],[-103.1034,25.81855],[-103.10341,25.81862],[-103.10349,25.81864],[-103.10351,25.81881],[-103.10359,25.81882],[-103.10362,25.81891],[-103.10379,25.81891],[-103.10381,25.81908],[-103.10399,25.8191],[-103.10399,25.81926],[-103.10418,25.81937],[-103.10419,25.81962],[-103.10438,25.81964],[-103.1044,25.81982],[-103.10457,25.81983]]]}},{"type":"Feature","properties":{"id":311,"estado":"activa","confianza":"alta","area_m2":14087,"perimetro_m":542,"largo_m":160,"ancho_m":120,"lat":25.748748,"lon":-103.060848,"municipio":"San Pedro","cerca_de":"Ejido San Pablo","dist_ref_km":37.1,"d_ciudad_km":31.2,"altura_m":0.3,"precio_m2":125,"precio_m2_min":80,"precio_m2_max":190,"valor":1800000,"valor_min":1100000,"valor_max":2600000},"geometry":{"type":"Polygon","coordinates":[[[-103.06146,25.74794],[-103.06144,25.74885],[-103.06106,25.74885],[-103.06104,25.74929],[-103.06095,25.7493],[-103.06094,25.74938],[-103.06064,25.74938],[-103.06063,25.74921],[-103.06044,25.74919],[-103.06043,25.74912],[-103.06034,25.7491],[-103.06034,25.74894],[-103.06025,25.74892],[-103.06025,25.74865],[-103.06045,25.74862],[-103.06046,25.74793],[-103.06146,25.74794]]]}},{"type":"Feature","properties":{"id":312,"estado":"activa","confianza":"alta","area_m2":53871,"perimetro_m":1002,"largo_m":300,"ancho_m":240,"lat":25.878335,"lon":-103.156676,"municipio":"San Pedro","cerca_de":"Ejido San Rafael de Arriba","dist_ref_km":38.7,"d_ciudad_km":33.6,"altura_m":7.4,"precio_m2":95,"precio_m2_min":65,"precio_m2_max":145,"valor":5200000,"valor_min":3400000,"valor_max":7800000},"geometry":{"type":"Polygon","coordinates":[[[-103.15823,25.87793],[-103.15823,25.8782],[-103.15813,25.87824],[-103.15811,25.87937],[-103.15802,25.87938],[-103.15801,25.87946],[-103.15601,25.87943],[-103.15601,25.8791],[-103.15582,25.87898],[-103.15582,25.87855],[-103.15573,25.87853],[-103.15569,25.87844],[-103.15523,25.87843],[-103.15523,25.87816],[-103.15532,25.87815],[-103.15554,25.87789],[-103.1558,25.87789],[-103.15594,25.87772],[-103.15612,25.87771],[-103.15614,25.87754],[-103.15623,25.87753],[-103.15634,25.87736],[-103.15652,25.87735],[-103.15654,25.87727],[-103.15704,25.87728],[-103.15709,25.87737],[-103.15794,25.87738],[-103.15794,25.87763],[-103.15813,25.87775],[-103.15814,25.8779],[-103.15823,25.87793]]]}},{"type":"Feature","properties":{"id":313,"estado":"activa","confianza":"alta","area_m2":56703,"perimetro_m":1182,"largo_m":375,"ancho_m":232,"lat":25.848686,"lon":-103.125037,"municipio":"San Pedro","cerca_de":"Ejido El Retiro","dist_ref_km":38.3,"d_ciudad_km":33.4,"altura_m":5.3,"precio_m2":100,"precio_m2_min":65,"precio_m2_max":150,"valor":5600000,"valor_min":3700000,"valor_max":8400000},"geometry":{"type":"Polygon","coordinates":[[[-103.12647,25.84782],[-103.12647,25.84809],[-103.12637,25.84812],[-103.12637,25.84827],[-103.12607,25.8483],[-103.12606,25.84872],[-103.12596,25.84875],[-103.12595,25.84917],[-103.12585,25.84921],[-103.12584,25.84971],[-103.12574,25.84975],[-103.12573,25.85043],[-103.12543,25.85043],[-103.1253,25.85025],[-103.12484,25.85024],[-103.12483,25.85016],[-103.12464,25.85006],[-103.12463,25.84989],[-103.12455,25.84987],[-103.12452,25.84979],[-103.12435,25.84978],[-103.12433,25.8497],[-103.12415,25.8496],[-103.12415,25.84945],[-103.12405,25.84942],[-103.12404,25.84934],[-103.12386,25.84932],[-103.12386,25.84878],[-103.12407,25.84865],[-103.12408,25.84806],[-103.12485,25.84806],[-103.12487,25.84798],[-103.12507,25.84786],[-103.12509,25.84708],[-103.12545,25.84709],[-103.12549,25.847],[-103.12579,25.847],[-103.12591,25.84718],[-103.12608,25.84719],[-103.12608,25.8477],[-103.12637,25.84773],[-103.12639,25.84781],[-103.12647,25.84782]]]}},{"type":"Feature","properties":{"id":314,"estado":"activa","confianza":"alta","area_m2":305607,"perimetro_m":4460,"largo_m":880,"ancho_m":630,"lat":25.707849,"lon":-103.043774,"municipio":"San Pedro","cerca_de":"Ejido Reynosa","dist_ref_km":36.9,"d_ciudad_km":30.5,"altura_m":2.1,"precio_m2":85,"precio_m2_min":55,"precio_m2_max":125,"valor":25000000,"valor_min":17000000,"valor_max":38000000},"geometry":{"type":"Polygon","coordinates":[[[-103.04642,25.71037],[-103.04642,25.71064],[-103.04612,25.71064],[-103.04607,25.71055],[-103.04585,25.71055],[-103.04582,25.71063],[-103.04513,25.71062],[-103.04508,25.71053],[-103.04328,25.71051],[-103.04313,25.71069],[-103.04254,25.71068],[-103.04251,25.7106],[-103.04234,25.71059],[-103.04232,25.71051],[-103.04214,25.71049],[-103.04209,25.7104],[-103.04158,25.7104],[-103.04154,25.71049],[-103.04074,25.71048],[-103.0407,25.71039],[-103.0403,25.71038],[-103.04025,25.71047],[-103.03999,25.71047],[-103.03995,25.71056],[-103.03977,25.71056],[-103.03974,25.71064],[-103.03915,25.71063],[-103.039,25.71045],[-103.03878,25.71045],[-103.03875,25.71054],[-103.03839,25.71054],[-103.03835,25.71062],[-103.03785,25.71062],[-103.03784,25.71054],[-103.03766,25.71043],[-103.03767,25.7098],[-103.03775,25.70979],[-103.03777,25.70971],[-103.03797,25.70959],[-103.03798,25.70894],[-103.03788,25.7089],[-103.03789,25.70854],[-103.03799,25.7085],[-103.038,25.70773],[-103.03819,25.70762],[-103.03821,25.70728],[-103.0383,25.70726],[-103.03831,25.7071],[-103.03839,25.70709],[-103.03841,25.70701],[-103.03859,25.70701],[-103.03871,25.70684],[-103.03951,25.70685],[-103.03952,25.70693],[-103.03961,25.70694],[-103.03958,25.70955],[-103.04192,25.70959],[-103.04196,25.7095],[-103.04215,25.70947],[-103.04216,25.70896],[-103.04246,25.70896],[-103.04248,25.70904],[-103.04256,25.70906],[-103.04258,25.70923],[-103.04283,25.70924],[-103.04296,25.70906],[-103.04313,25.70906],[-103.04316,25.70897],[-103.04325,25.70896],[-103.04326,25.70879],[-103.04336,25.70876],[-103.04336,25.70862],[-103.04346,25.70859],[-103.04346,25.708],[-103.04218,25.70797],[-103.04216,25.70707],[-103.0399,25.70703],[-103.03989,25.70696],[-103.03981,25.70694],[-103.03981,25.70667],[-103.0404,25.70665],[-103.04041,25.70635],[-103.04031,25.70632],[-103.04033,25.7056],[-103.04042,25.70556],[-103.04043,25.70524],[-103.0406,25.70523],[-103.04063,25.70515],[-103.04099,25.70515],[-103.04103,25.70506],[-103.04288,25.70509],[-103.04293,25.705],[-103.04322,25.705],[-103.04327,25.70509],[-103.04442,25.70511],[-103.04443,25.70519],[-103.04461,25.70529],[-103.04461,25.70565],[-103.04451,25.70569],[-103.04451,25.70618],[-103.04487,25.70619],[-103.0449,25.70593],[-103.0452,25.70593],[-103.04521,25.70609],[-103.0454,25.70621],[-103.04536,25.70833],[-103.04546,25.70837],[-103.04545,25.70915],[-103.04555,25.70919],[-103.04556,25.70945],[-103.04584,25.70946],[-103.04586,25.70954],[-103.04594,25.70955],[-103.04593,25.70997],[-103.04603,25.71001],[-103.04604,25.71017],[-103.04613,25.71019],[-103.04614,25.71035],[-103.04642,25.71037]],[[-103.04382,25.70699],[-103.04409,25.70696],[-103.04409,25.70668],[-103.044,25.70664],[-103.044,25.70628],[-103.0441,25.70624],[-103.04407,25.70592],[-103.04383,25.70592],[-103.0438,25.70609],[-103.04372,25.70611],[-103.0436,25.70627],[-103.0433,25.70627],[-103.04327,25.70618],[-103.04303,25.70618],[-103.043,25.70626],[-103.04292,25.70627],[-103.0429,25.70635],[-103.04282,25.70636],[-103.0428,25.70644],[-103.0426,25.70656],[-103.04263,25.70689],[-103.04296,25.70689],[-103.043,25.70681],[-103.04359,25.70681],[-103.04361,25.70689],[-103.04379,25.70691],[-103.04382,25.70699]]]}},{"type":"Feature","properties":{"id":315,"estado":"activa","confianza":"alta","area_m2":44147,"perimetro_m":977,"largo_m":300,"ancho_m":180,"lat":25.743579,"lon":-103.05565,"municipio":"San Pedro","cerca_de":"Ejido San Pablo","dist_ref_km":37.3,"d_ciudad_km":31.3,"altura_m":0.0,"precio_m2":110,"precio_m2_min":75,"precio_m2_max":170,"valor":5000000,"valor_min":3200000,"valor_max":7400000},"geometry":{"type":"Polygon","coordinates":[[[-103.05657,25.74237],[-103.05656,25.74273],[-103.05646,25.74278],[-103.05646,25.74297],[-103.05656,25.74301],[-103.05655,25.74364],[-103.05645,25.74368],[-103.05645,25.74388],[-103.05654,25.74391],[-103.05653,25.7449],[-103.05644,25.74491],[-103.05642,25.74499],[-103.05573,25.74498],[-103.05569,25.74489],[-103.05513,25.74488],[-103.05512,25.7448],[-103.05484,25.74461],[-103.05485,25.74392],[-103.05475,25.74388],[-103.05475,25.74352],[-103.05513,25.74352],[-103.05516,25.74326],[-103.05536,25.74313],[-103.05536,25.74293],[-103.05526,25.7429],[-103.05526,25.74266],[-103.05517,25.74262],[-103.05517,25.74235],[-103.05526,25.74234],[-103.05527,25.74226],[-103.05647,25.74228],[-103.05648,25.74236],[-103.05657,25.74237]]]}},{"type":"Feature","properties":{"id":316,"estado":"activa","confianza":"alta","area_m2":80362,"perimetro_m":1646,"largo_m":618,"ancho_m":173,"lat":25.70174,"lon":-103.040537,"municipio":"San Pedro","cerca_de":"Ejido Santa Elena","dist_ref_km":37.0,"d_ciudad_km":30.6,"altura_m":3.0,"precio_m2":95,"precio_m2_min":60,"precio_m2_max":145,"valor":7700000,"valor_min":5000000,"valor_max":12000000},"geometry":{"type":"Polygon","coordinates":[[[-103.04171,25.70002],[-103.0417,25.70056],[-103.04151,25.70059],[-103.04149,25.7011],[-103.0414,25.70112],[-103.04139,25.70146],[-103.04129,25.70149],[-103.04128,25.70191],[-103.04119,25.70192],[-103.04118,25.70209],[-103.04108,25.70212],[-103.04107,25.70281],[-103.04097,25.70283],[-103.04097,25.70299],[-103.04087,25.70302],[-103.04086,25.70317],[-103.04066,25.70329],[-103.04065,25.70388],[-103.04055,25.70392],[-103.04054,25.70452],[-103.03935,25.7045],[-103.03923,25.70432],[-103.03905,25.70431],[-103.03906,25.7035],[-103.03926,25.70339],[-103.03927,25.70296],[-103.03947,25.70284],[-103.03948,25.70242],[-103.03968,25.70231],[-103.03969,25.70189],[-103.03978,25.70186],[-103.03979,25.70162],[-103.03989,25.70158],[-103.0399,25.70108],[-103.03998,25.70107],[-103.04,25.70099],[-103.04019,25.70088],[-103.04021,25.70063],[-103.04029,25.70062],[-103.04031,25.70054],[-103.04049,25.70054],[-103.04051,25.70045],[-103.04071,25.70033],[-103.0407,25.7001],[-103.04042,25.70009],[-103.04042,25.69964],[-103.04052,25.69961],[-103.04053,25.69928],[-103.04062,25.69926],[-103.04063,25.6991],[-103.04093,25.6991],[-103.04095,25.69928],[-103.04123,25.69929],[-103.04123,25.69945],[-103.04132,25.69947],[-103.04144,25.69964],[-103.04152,25.69965],[-103.04152,25.7],[-103.04171,25.70002]]]}},{"type":"Feature","properties":{"id":317,"estado":"desmontada","confianza":"alta","area_m2":9390,"perimetro_m":474,"largo_m":130,"ancho_m":120,"lat":25.783044,"lon":-103.073902,"municipio":"San Pedro","cerca_de":"Concordia (La Rosita)","dist_ref_km":37.8,"d_ciudad_km":32.4,"altura_m":3.0,"precio_m2":105,"precio_m2_min":70,"precio_m2_max":160,"valor":990000,"valor_min":640000,"valor_max":1500000},"geometry":{"type":"Polygon","coordinates":[[[-103.07465,25.78305],[-103.07464,25.78332],[-103.07456,25.78334],[-103.07454,25.78341],[-103.07437,25.78342],[-103.07434,25.7835],[-103.07416,25.78351],[-103.07414,25.78359],[-103.07354,25.78358],[-103.07355,25.78317],[-103.07345,25.78313],[-103.07344,25.78296],[-103.07335,25.78295],[-103.07336,25.78258],[-103.07344,25.78257],[-103.07346,25.7825],[-103.07386,25.7825],[-103.07387,25.78258],[-103.07396,25.78259],[-103.07396,25.78293],[-103.07405,25.78296],[-103.07407,25.78304],[-103.07465,25.78305]]]}},{"type":"Feature","properties":{"id":318,"estado":"activa","confianza":"alta","area_m2":23881,"perimetro_m":649,"largo_m":180,"ancho_m":160,"lat":25.698382,"lon":-103.038351,"municipio":"San Pedro","cerca_de":"Ejido Santa Elena","dist_ref_km":37.1,"d_ciudad_km":30.8,"altura_m":1.0,"precio_m2":110,"precio_m2_min":70,"precio_m2_max":165,"valor":2600000,"valor_min":1700000,"valor_max":3900000},"geometry":{"type":"Polygon","coordinates":[[[-103.03916,25.69746],[-103.03914,25.69881],[-103.03895,25.69892],[-103.03894,25.69908],[-103.03844,25.69907],[-103.03832,25.69889],[-103.03794,25.69888],[-103.03793,25.69871],[-103.03765,25.6987],[-103.03764,25.69862],[-103.03755,25.69861],[-103.03756,25.69816],[-103.03765,25.69813],[-103.03766,25.69798],[-103.03786,25.69794],[-103.03787,25.69744],[-103.03916,25.69746]]]}},{"type":"Feature","properties":{"id":319,"estado":"activa","confianza":"alta","area_m2":11275,"perimetro_m":544,"largo_m":160,"ancho_m":120,"lat":25.714499,"lon":-103.043119,"municipio":"San Pedro","cerca_de":"Ejido Reynosa","dist_ref_km":37.2,"d_ciudad_km":31.0,"altura_m":0.7,"precio_m2":125,"precio_m2_min":80,"precio_m2_max":185,"valor":1400000,"valor_min":910000,"valor_max":2100000},"geometry":{"type":"Polygon","coordinates":[[[-103.04367,25.71413],[-103.04366,25.71494],[-103.0429,25.71493],[-103.04286,25.71502],[-103.04248,25.71502],[-103.04246,25.71519],[-103.04206,25.71519],[-103.04207,25.71492],[-103.04246,25.7149],[-103.04247,25.71474],[-103.04257,25.71471],[-103.04257,25.71429],[-103.04285,25.71429],[-103.04288,25.71412],[-103.04367,25.71413]]]}},{"type":"Feature","properties":{"id":320,"estado":"desmontada","confianza":"alta","area_m2":34068,"perimetro_m":1306,"largo_m":426,"ancho_m":212,"lat":25.790594,"lon":-103.077495,"municipio":"San Pedro","cerca_de":"Ejido Flores Magón","dist_ref_km":37.9,"d_ciudad_km":32.6,"altura_m":3.2,"precio_m2":95,"precio_m2_min":65,"precio_m2_max":145,"valor":3300000,"valor_min":2200000,"valor_max":5000000},"geometry":{"type":"Polygon","coordinates":[[[-103.0791,25.79133],[-103.0791,25.7916],[-103.0788,25.79159],[-103.07878,25.79152],[-103.0787,25.7915],[-103.07867,25.79132],[-103.078,25.79131],[-103.07796,25.79104],[-103.07765,25.79104],[-103.07761,25.79113],[-103.07641,25.79111],[-103.07638,25.79102],[-103.07616,25.79102],[-103.07601,25.7912],[-103.07492,25.79118],[-103.07492,25.79082],[-103.07528,25.79082],[-103.07532,25.79074],[-103.0755,25.79073],[-103.07552,25.79065],[-103.07602,25.79065],[-103.07605,25.79074],[-103.07628,25.79075],[-103.07632,25.79057],[-103.0765,25.79056],[-103.07662,25.79039],[-103.07692,25.7904],[-103.07697,25.79049],[-103.07739,25.79049],[-103.07742,25.7904],[-103.0775,25.79039],[-103.07752,25.79031],[-103.07772,25.79018],[-103.07772,25.78998],[-103.07753,25.78986],[-103.07753,25.78959],[-103.07813,25.7896],[-103.07813,25.78984],[-103.07823,25.78987],[-103.07822,25.79011],[-103.07832,25.79014],[-103.07833,25.7903],[-103.07852,25.79042],[-103.07853,25.7905],[-103.07862,25.79051],[-103.07863,25.79059],[-103.07871,25.7906],[-103.07872,25.79076],[-103.07881,25.79078],[-103.07882,25.79095],[-103.07901,25.79105],[-103.079,25.79129],[-103.0791,25.79133]]]}},{"type":"Feature","properties":{"id":321,"estado":"desmontada","confianza":"alta","area_m2":8318,"perimetro_m":488,"largo_m":167,"ancho_m":72,"lat":25.789748,"lon":-103.076462,"municipio":"San Pedro","cerca_de":"Ejido Flores Magón","dist_ref_km":37.9,"d_ciudad_km":32.7,"altura_m":2.7,"precio_m2":105,"precio_m2_min":70,"precio_m2_max":160,"valor":880000,"valor_min":570000,"valor_max":1300000},"geometry":{"type":"Polygon","coordinates":[[[-103.07684,25.78949],[-103.07683,25.78976],[-103.07674,25.78978],[-103.07673,25.78994],[-103.07656,25.78994],[-103.07653,25.79003],[-103.07578,25.79002],[-103.07573,25.79011],[-103.07523,25.7901],[-103.07524,25.78983],[-103.07533,25.7898],[-103.07534,25.78956],[-103.07574,25.78957],[-103.07586,25.78974],[-103.07609,25.78975],[-103.07614,25.78948],[-103.07631,25.78948],[-103.07634,25.78939],[-103.07674,25.7894],[-103.07675,25.78948],[-103.07684,25.78949]]]}},{"type":"Feature","properties":{"id":322,"estado":"activa","confianza":"alta","area_m2":11600,"perimetro_m":545,"largo_m":210,"ancho_m":70,"lat":25.79578,"lon":-103.079578,"municipio":"San Pedro","cerca_de":"Ejido Flores Magón","dist_ref_km":38.0,"d_ciudad_km":32.9,"altura_m":2.9,"precio_m2":150,"precio_m2_min":100,"precio_m2_max":230,"valor":1700000,"valor_min":1100000,"valor_max":2600000},"geometry":{"type":"Polygon","coordinates":[[[-103.07984,25.79513],[-103.07981,25.79693],[-103.07964,25.79694],[-103.07961,25.79702],[-103.07931,25.79702],[-103.07928,25.79693],[-103.07911,25.79692],[-103.07912,25.79629],[-103.07921,25.79628],[-103.07922,25.79611],[-103.07932,25.79608],[-103.07933,25.79548],[-103.07943,25.79545],[-103.07944,25.79512],[-103.07984,25.79513]]]}},{"type":"Feature","properties":{"id":323,"estado":"activa","confianza":"alta","area_m2":129710,"perimetro_m":2537,"largo_m":981,"ancho_m":192,"lat":25.77936,"lon":-103.069916,"municipio":"San Pedro","cerca_de":"Ejido Flores Magón","dist_ref_km":37.9,"d_ciudad_km":32.2,"altura_m":5.2,"precio_m2":110,"precio_m2_min":70,"precio_m2_max":160,"valor":14000000,"valor_min":9100000,"valor_max":21000000},"geometry":{"type":"Polygon","coordinates":[[[-103.07391,25.77907],[-103.0739,25.78006],[-103.07381,25.78008],[-103.0737,25.78024],[-103.0729,25.78023],[-103.07286,25.78014],[-103.0721,25.78013],[-103.07209,25.78005],[-103.072,25.78004],[-103.07196,25.77986],[-103.07173,25.77987],[-103.07171,25.78004],[-103.07131,25.78003],[-103.0713,25.77986],[-103.07101,25.77985],[-103.07088,25.77967],[-103.07037,25.77966],[-103.07021,25.77984],[-103.06954,25.77983],[-103.06951,25.78001],[-103.06934,25.78001],[-103.06921,25.78018],[-103.06861,25.78017],[-103.06858,25.78009],[-103.06837,25.78008],[-103.06831,25.78017],[-103.06746,25.78016],[-103.06742,25.78025],[-103.06622,25.78023],[-103.06619,25.78015],[-103.06602,25.78014],[-103.06599,25.77996],[-103.06523,25.77995],[-103.06518,25.77986],[-103.06496,25.77986],[-103.06493,25.77995],[-103.06463,25.77994],[-103.06461,25.77968],[-103.06413,25.77966],[-103.06414,25.77939],[-103.0645,25.7794],[-103.06454,25.77931],[-103.06494,25.77931],[-103.06498,25.77949],[-103.0653,25.7795],[-103.06534,25.77941],[-103.0659,25.77941],[-103.06593,25.77933],[-103.06613,25.77931],[-103.06614,25.77915],[-103.06623,25.77912],[-103.06624,25.77897],[-103.06652,25.77896],[-103.06654,25.77879],[-103.06663,25.77878],[-103.06664,25.7787],[-103.06754,25.77872],[-103.06758,25.77899],[-103.0679,25.77899],[-103.06794,25.7789],[-103.06873,25.77891],[-103.06876,25.779],[-103.06898,25.77901],[-103.06903,25.77892],[-103.06913,25.77889],[-103.06913,25.77874],[-103.06922,25.77873],[-103.06934,25.77856],[-103.07238,25.7786],[-103.07243,25.77851],[-103.07382,25.77853],[-103.07382,25.77903],[-103.07391,25.77907]]]}},{"type":"Feature","properties":{"id":324,"estado":"activa","confianza":"alta","area_m2":37005,"perimetro_m":1026,"largo_m":357,"ancho_m":158,"lat":25.477888,"lon":-103.739265,"municipio":"Lerdo","cerca_de":"San Jacinto","dist_ref_km":37.5,"d_ciudad_km":20.0,"altura_m":5.4,"precio_m2":100,"precio_m2_min":65,"precio_m2_max":150,"valor":3800000,"valor_min":2400000,"valor_max":5600000},"geometry":{"type":"Polygon","coordinates":[[[-103.74086,25.47822],[-103.74085,25.47849],[-103.74077,25.4785],[-103.74075,25.47858],[-103.74049,25.47858],[-103.74045,25.47866],[-103.7402,25.47866],[-103.74016,25.47875],[-103.73989,25.47875],[-103.73986,25.47884],[-103.73936,25.47884],[-103.73936,25.4785],[-103.73926,25.47847],[-103.73923,25.47839],[-103.73906,25.47838],[-103.73904,25.47821],[-103.7388,25.4782],[-103.73877,25.47829],[-103.73837,25.47829],[-103.73837,25.47804],[-103.73817,25.47801],[-103.73816,25.47784],[-103.73778,25.47783],[-103.73777,25.47766],[-103.73758,25.47765],[-103.73758,25.47749],[-103.73748,25.47746],[-103.73749,25.47719],[-103.73757,25.47718],[-103.73759,25.4771],[-103.73825,25.47711],[-103.73828,25.47693],[-103.73898,25.47694],[-103.7391,25.47711],[-103.73928,25.47712],[-103.73929,25.4772],[-103.73957,25.47739],[-103.73959,25.47766],[-103.74007,25.47767],[-103.74018,25.47784],[-103.74036,25.47785],[-103.74037,25.47792],[-103.74046,25.47794],[-103.74058,25.47811],[-103.74076,25.47813],[-103.74077,25.4782],[-103.74086,25.47822]]]}},{"type":"Feature","properties":{"id":325,"estado":"desmontada","confianza":"alta","area_m2":11815,"perimetro_m":536,"largo_m":160,"ancho_m":110,"lat":25.782853,"lon":-103.070216,"municipio":"San Pedro","cerca_de":"Ejido Flores Magón","dist_ref_km":38.1,"d_ciudad_km":32.6,"altura_m":2.8,"precio_m2":95,"precio_m2_min":65,"precio_m2_max":145,"valor":1200000,"valor_min":750000,"valor_max":1700000},"geometry":{"type":"Polygon","coordinates":[[[-103.07087,25.78219],[-103.07087,25.78246],[-103.07078,25.78247],[-103.07077,25.78255],[-103.07057,25.78259],[-103.07057,25.78279],[-103.07076,25.78291],[-103.07077,25.78307],[-103.07086,25.78309],[-103.07085,25.78345],[-103.07077,25.78347],[-103.07075,25.78354],[-103.07025,25.78354],[-103.07024,25.78346],[-103.07016,25.78345],[-103.07015,25.78328],[-103.07006,25.78326],[-103.07005,25.78319],[-103.06996,25.78317],[-103.06985,25.783],[-103.06976,25.78299],[-103.06977,25.78272],[-103.06994,25.78272],[-103.06997,25.78263],[-103.07006,25.78261],[-103.07007,25.78236],[-103.07016,25.78235],[-103.07038,25.78209],[-103.07078,25.7821],[-103.07079,25.78218],[-103.07087,25.78219]]]}},{"type":"Feature","properties":{"id":326,"estado":"activa","confianza":"alta","area_m2":5620,"perimetro_m":317,"largo_m":100,"ancho_m":60,"lat":25.736295,"lon":-103.047596,"municipio":"San Pedro","cerca_de":"Ejido Reynosa","dist_ref_km":37.7,"d_ciudad_km":31.7,"altura_m":2.1,"precio_m2":135,"precio_m2_min":90,"precio_m2_max":200,"valor":760000,"valor_min":490000,"valor_max":1100000},"geometry":{"type":"Polygon","coordinates":[[[-103.0479,25.73603],[-103.04789,25.73657],[-103.04729,25.73656],[-103.04731,25.73566],[-103.04781,25.73567],[-103.0478,25.73599],[-103.0479,25.73603]]]}},{"type":"Feature","properties":{"id":327,"estado":"desmontada","confianza":"alta","area_m2":41707,"perimetro_m":1087,"largo_m":358,"ancho_m":187,"lat":25.782121,"lon":-103.06918,"municipio":"San Pedro","cerca_de":"Ejido Flores Magón","dist_ref_km":38.1,"d_ciudad_km":32.6,"altura_m":2.9,"precio_m2":85,"precio_m2_min":55,"precio_m2_max":125,"valor":3500000,"valor_min":2300000,"valor_max":5200000},"geometry":{"type":"Polygon","coordinates":[[[-103.0705,25.78092],[-103.07048,25.78155],[-103.07039,25.78158],[-103.07038,25.78173],[-103.07001,25.78173],[-103.06998,25.78182],[-103.06981,25.78182],[-103.06978,25.78191],[-103.06958,25.78202],[-103.06958,25.78223],[-103.06968,25.78227],[-103.06967,25.7829],[-103.06939,25.7829],[-103.06936,25.78298],[-103.06927,25.78301],[-103.06926,25.78316],[-103.06918,25.78317],[-103.06916,25.78325],[-103.069,25.78325],[-103.06896,25.78334],[-103.06878,25.78335],[-103.06876,25.78361],[-103.06836,25.7836],[-103.06834,25.78352],[-103.06826,25.78351],[-103.06826,25.78309],[-103.06817,25.78306],[-103.06818,25.78234],[-103.06826,25.78232],[-103.06828,25.78225],[-103.06878,25.78222],[-103.06879,25.78175],[-103.06869,25.78171],[-103.06869,25.78126],[-103.06879,25.78122],[-103.0688,25.78081],[-103.06889,25.7808],[-103.069,25.78063],[-103.0698,25.78064],[-103.06982,25.78072],[-103.07,25.78074],[-103.07003,25.78082],[-103.0703,25.78083],[-103.07032,25.78091],[-103.0705,25.78092]]]}},{"type":"Feature","properties":{"id":328,"estado":"activa","confianza":"alta","area_m2":31803,"perimetro_m":1199,"largo_m":301,"ancho_m":199,"lat":25.8218,"lon":-103.094219,"municipio":"San Pedro","cerca_de":"Ejido El Retiro","dist_ref_km":38.6,"d_ciudad_km":33.7,"altura_m":1.5,"precio_m2":120,"precio_m2_min":80,"precio_m2_max":185,"valor":3900000,"valor_min":2500000,"valor_max":5800000},"geometry":{"type":"Polygon","coordinates":[[[-103.09577,25.82115],[-103.09576,25.82206],[-103.09556,25.82208],[-103.09555,25.82269],[-103.09547,25.8227],[-103.09545,25.82278],[-103.09495,25.82277],[-103.09497,25.82187],[-103.09506,25.82184],[-103.09507,25.82164],[-103.09497,25.8216],[-103.09495,25.82142],[-103.09468,25.82143],[-103.09467,25.82186],[-103.09457,25.82188],[-103.09456,25.82204],[-103.09447,25.82207],[-103.09446,25.82222],[-103.09386,25.82221],[-103.09386,25.82206],[-103.09377,25.82203],[-103.09377,25.82176],[-103.09387,25.82172],[-103.09385,25.8215],[-103.09298,25.82148],[-103.09299,25.82094],[-103.09348,25.82094],[-103.0935,25.82111],[-103.09374,25.82113],[-103.09378,25.82095],[-103.09388,25.82092],[-103.09389,25.82077],[-103.09419,25.82077],[-103.09423,25.82086],[-103.09478,25.82087],[-103.09491,25.82105],[-103.09558,25.82106],[-103.0956,25.82115],[-103.09577,25.82115]]]}},{"type":"Feature","properties":{"id":329,"estado":"activa","confianza":"alta","area_m2":20291,"perimetro_m":973,"largo_m":290,"ancho_m":160,"lat":25.704182,"lon":-103.036212,"municipio":"San Pedro","cerca_de":"Ejido Santa Elena","dist_ref_km":37.5,"d_ciudad_km":31.1,"altura_m":0.4,"precio_m2":115,"precio_m2_min":75,"precio_m2_max":170,"valor":2300000,"valor_min":1500000,"valor_max":3500000,"grupo":273,"grupo_bloques":2,"grupo_m2":1159516},"geometry":{"type":"Polygon","coordinates":[[[-103.03856,25.70359],[-103.03856,25.70386],[-103.0383,25.70385],[-103.03826,25.70394],[-103.03786,25.70397],[-103.03786,25.70445],[-103.03815,25.70448],[-103.03815,25.70484],[-103.03785,25.70484],[-103.0378,25.70466],[-103.03748,25.70466],[-103.03745,25.70474],[-103.03727,25.70475],[-103.03725,25.70483],[-103.03685,25.70483],[-103.03681,25.70465],[-103.03659,25.70465],[-103.03655,25.70473],[-103.03596,25.70472],[-103.03592,25.70464],[-103.03566,25.70463],[-103.03566,25.70427],[-103.03575,25.70426],[-103.03587,25.70409],[-103.03656,25.7041],[-103.03669,25.70428],[-103.03702,25.70429],[-103.03706,25.70411],[-103.03745,25.7041],[-103.03746,25.70393],[-103.03766,25.70382],[-103.03767,25.70366],[-103.03775,25.70365],[-103.03777,25.70358],[-103.03795,25.70357],[-103.03807,25.7034],[-103.03837,25.7034],[-103.03838,25.70348],[-103.03856,25.70359]]]}},{"type":"Feature","properties":{"id":330,"estado":"activa","confianza":"media","area_m2":12663,"perimetro_m":467,"largo_m":120,"ancho_m":120,"lat":25.832933,"lon":-103.102569,"municipio":"San Pedro","cerca_de":"Ejido El Retiro","dist_ref_km":38.8,"d_ciudad_km":34.0,"altura_m":0.2,"precio_m2":125,"precio_m2_min":80,"precio_m2_max":190,"valor":1600000,"valor_min":1000000,"valor_max":2400000},"geometry":{"type":"Polygon","coordinates":[[[-103.10317,25.83244],[-103.10316,25.83335],[-103.1026,25.83334],[-103.10246,25.83352],[-103.10196,25.83351],[-103.10198,25.83252],[-103.10244,25.83252],[-103.10248,25.83244],[-103.10317,25.83244]]]}},{"type":"Feature","properties":{"id":331,"estado":"activa","confianza":"alta","area_m2":12364,"perimetro_m":528,"largo_m":200,"ancho_m":70,"lat":25.738672,"lon":-103.047756,"municipio":"San Pedro","cerca_de":"Ejido Reynosa","dist_ref_km":37.8,"d_ciudad_km":31.8,"altura_m":1.1,"precio_m2":135,"precio_m2_min":90,"precio_m2_max":200,"valor":1700000,"valor_min":1100000,"valor_max":2500000},"geometry":{"type":"Polygon","coordinates":[[[-103.04815,25.73928],[-103.04814,25.73982],[-103.04754,25.73981],[-103.04753,25.73974],[-103.04744,25.73972],[-103.04747,25.7381],[-103.04755,25.73809],[-103.04757,25.73801],[-103.04797,25.73801],[-103.04798,25.73809],[-103.04806,25.73811],[-103.04805,25.73924],[-103.04815,25.73928]]]}},{"type":"Feature","properties":{"id":332,"estado":"activa","confianza":"alta","area_m2":11878,"perimetro_m":465,"largo_m":130,"ancho_m":120,"lat":25.824022,"lon":-103.095478,"municipio":"San Pedro","cerca_de":"Ejido El Retiro","dist_ref_km":38.7,"d_ciudad_km":33.9,"altura_m":1.9,"precio_m2":135,"precio_m2_min":85,"precio_m2_max":200,"valor":1600000,"valor_min":1000000,"valor_max":2400000},"geometry":{"type":"Polygon","coordinates":[[[-103.09603,25.82387],[-103.09602,25.82423],[-103.09593,25.82426],[-103.09592,25.8245],[-103.09556,25.82449],[-103.09552,25.82458],[-103.09502,25.82457],[-103.0949,25.8244],[-103.09473,25.82439],[-103.09473,25.82412],[-103.09492,25.8241],[-103.09493,25.82394],[-103.09503,25.82391],[-103.09504,25.82367],[-103.09512,25.82366],[-103.09524,25.82349],[-103.09594,25.8235],[-103.09593,25.82383],[-103.09603,25.82387]]]}},{"type":"Feature","properties":{"id":333,"estado":"activa","confianza":"alta","area_m2":22878,"perimetro_m":652,"largo_m":200,"ancho_m":140,"lat":25.849264,"lon":-103.11393,"municipio":"San Pedro","cerca_de":"Ejido El Retiro","dist_ref_km":39.1,"d_ciudad_km":34.3,"altura_m":2.8,"precio_m2":110,"precio_m2_min":70,"precio_m2_max":165,"valor":2500000,"valor_min":1600000,"valor_max":3800000},"geometry":{"type":"Polygon","coordinates":[[[-103.11467,25.84957],[-103.11467,25.84993],[-103.11449,25.84993],[-103.11447,25.85001],[-103.11429,25.85002],[-103.11427,25.8501],[-103.11327,25.85009],[-103.11329,25.84901],[-103.11348,25.84898],[-103.11349,25.84856],[-103.11377,25.84856],[-103.11379,25.84847],[-103.11397,25.84846],[-103.1141,25.84829],[-103.11449,25.8483],[-103.11449,25.84854],[-103.11459,25.84857],[-103.11457,25.84952],[-103.11467,25.84957]]]}},{"type":"Feature","properties":{"id":334,"estado":"activa","confianza":"alta","area_m2":30115,"perimetro_m":806,"largo_m":279,"ancho_m":151,"lat":25.867692,"lon":-103.131199,"municipio":"San Pedro","cerca_de":"Ejido San Rafael de Arriba","dist_ref_km":39.4,"d_ciudad_km":34.5,"altura_m":3.4,"precio_m2":105,"precio_m2_min":70,"precio_m2_max":155,"valor":3200000,"valor_min":2000000,"valor_max":4700000},"geometry":{"type":"Polygon","coordinates":[[[-103.13195,25.86775],[-103.13193,25.86865],[-103.13185,25.86867],[-103.13183,25.86874],[-103.13156,25.86875],[-103.13153,25.86883],[-103.13117,25.86883],[-103.13113,25.86892],[-103.13073,25.86891],[-103.13072,25.86883],[-103.13063,25.86882],[-103.13063,25.86849],[-103.13054,25.86846],[-103.13055,25.86759],[-103.13045,25.86755],[-103.13045,25.86731],[-103.13036,25.86728],[-103.13037,25.86647],[-103.13067,25.86647],[-103.13068,25.86655],[-103.13077,25.86656],[-103.13079,25.86674],[-103.13106,25.86675],[-103.13107,25.86682],[-103.13116,25.86684],[-103.13117,25.86691],[-103.13126,25.86693],[-103.13139,25.86711],[-103.13166,25.86712],[-103.13166,25.86727],[-103.13175,25.8673],[-103.13175,25.86763],[-103.13195,25.86775]]]}},{"type":"Feature","properties":{"id":335,"estado":"activa","confianza":"alta","area_m2":165427,"perimetro_m":2070,"largo_m":661,"ancho_m":312,"lat":25.882549,"lon":-103.146983,"municipio":"San Pedro","cerca_de":"Ejido San Rafael de Arriba","dist_ref_km":39.7,"d_ciudad_km":34.4,"altura_m":5.7,"precio_m2":85,"precio_m2_min":55,"precio_m2_max":125,"valor":14000000,"valor_min":9100000,"valor_max":21000000},"geometry":{"type":"Polygon","coordinates":[[[-103.1503,25.88099],[-103.15029,25.88144],[-103.15009,25.88156],[-103.15008,25.88198],[-103.14972,25.88197],[-103.14968,25.88206],[-103.14958,25.8821],[-103.14959,25.88231],[-103.14978,25.88233],[-103.14979,25.88241],[-103.14988,25.88243],[-103.14988,25.88267],[-103.15007,25.88279],[-103.15006,25.88342],[-103.14998,25.88343],[-103.14986,25.8836],[-103.14871,25.88358],[-103.14866,25.88367],[-103.14839,25.88368],[-103.14836,25.88376],[-103.14771,25.88375],[-103.14766,25.88384],[-103.14736,25.88384],[-103.14734,25.88375],[-103.14716,25.88374],[-103.14704,25.88357],[-103.14687,25.88356],[-103.14685,25.88339],[-103.14661,25.88338],[-103.14647,25.88356],[-103.14551,25.88354],[-103.14547,25.88363],[-103.1452,25.88363],[-103.14507,25.88381],[-103.14498,25.88382],[-103.14496,25.8839],[-103.14487,25.88392],[-103.14486,25.88417],[-103.14477,25.88418],[-103.14476,25.88426],[-103.14426,25.88425],[-103.14426,25.88401],[-103.14416,25.88398],[-103.14416,25.88373],[-103.14407,25.8837],[-103.1441,25.88172],[-103.14419,25.88171],[-103.1443,25.88154],[-103.14466,25.88155],[-103.1447,25.88146],[-103.14526,25.88146],[-103.1453,25.88137],[-103.14577,25.88138],[-103.1458,25.88129],[-103.14646,25.8813],[-103.1465,25.88121],[-103.14706,25.88122],[-103.1471,25.88113],[-103.14757,25.88113],[-103.1476,25.88104],[-103.14826,25.88105],[-103.1483,25.88096],[-103.14886,25.88097],[-103.1489,25.88088],[-103.1492,25.88088],[-103.14925,25.88097],[-103.14985,25.88098],[-103.1499,25.88089],[-103.1502,25.8809],[-103.15021,25.88097],[-103.1503,25.88099]]]}},{"type":"Feature","properties":{"id":336,"estado":"activa","confianza":"media","area_m2":9411,"perimetro_m":535,"largo_m":150,"ancho_m":120,"lat":25.824133,"lon":-103.092435,"municipio":"San Pedro","cerca_de":"Ejido El Retiro","dist_ref_km":38.9,"d_ciudad_km":34.1,"altura_m":1.9,"precio_m2":135,"precio_m2_min":85,"precio_m2_max":200,"valor":1300000,"valor_min":820000,"valor_max":1900000},"geometry":{"type":"Polygon","coordinates":[[[-103.09344,25.82356],[-103.09344,25.82392],[-103.09324,25.82404],[-103.09323,25.82437],[-103.09313,25.8244],[-103.09313,25.82464],[-103.09193,25.82462],[-103.09194,25.82417],[-103.0922,25.82417],[-103.09224,25.82409],[-103.09264,25.82409],[-103.09267,25.82418],[-103.0929,25.82418],[-103.09294,25.82374],[-103.09313,25.82372],[-103.09314,25.82356],[-103.09344,25.82356]]]}},{"type":"Feature","properties":{"id":337,"estado":"desmontada","confianza":"alta","area_m2":17352,"perimetro_m":763,"largo_m":180,"ancho_m":140,"lat":25.78322,"lon":-103.065873,"municipio":"San Pedro","cerca_de":"Ejido Flores Magón","dist_ref_km":38.4,"d_ciudad_km":33.0,"altura_m":3.5,"precio_m2":85,"precio_m2_min":55,"precio_m2_max":130,"valor":1500000,"valor_min":990000,"valor_max":2300000},"geometry":{"type":"Polygon","coordinates":[[[-103.06727,25.78323],[-103.06726,25.78359],[-103.06717,25.78361],[-103.06716,25.78377],[-103.06707,25.78378],[-103.06706,25.78386],[-103.06646,25.78385],[-103.06643,25.78376],[-103.06616,25.78375],[-103.06612,25.78366],[-103.06547,25.78365],[-103.06548,25.78284],[-103.06566,25.78283],[-103.06568,25.78275],[-103.06587,25.78265],[-103.06588,25.78258],[-103.06628,25.78258],[-103.06628,25.78285],[-103.06618,25.78289],[-103.06617,25.78317],[-103.06627,25.78321],[-103.0663,25.7833],[-103.06666,25.78328],[-103.06667,25.78299],[-103.06657,25.78295],[-103.06658,25.78268],[-103.06688,25.78268],[-103.06689,25.78276],[-103.06707,25.78286],[-103.06707,25.78301],[-103.06717,25.78304],[-103.06718,25.7832],[-103.06727,25.78323]]]}},{"type":"Feature","properties":{"id":338,"estado":"activa","confianza":"media","area_m2":9543,"perimetro_m":450,"largo_m":160,"ancho_m":80,"lat":25.684536,"lon":-103.027867,"municipio":"San Pedro","cerca_de":"Ejido Santa Elena","dist_ref_km":37.7,"d_ciudad_km":31.3,"altura_m":2.9,"precio_m2":120,"precio_m2_min":75,"precio_m2_max":180,"valor":1100000,"valor_min":740000,"valor_max":1700000},"geometry":{"type":"Polygon","coordinates":[[[-103.02822,25.6844],[-103.02821,25.68521],[-103.02791,25.68521],[-103.02789,25.68513],[-103.02781,25.68512],[-103.0278,25.68495],[-103.02761,25.68484],[-103.02761,25.68459],[-103.02742,25.68448],[-103.02743,25.68376],[-103.02793,25.68376],[-103.02794,25.68384],[-103.02803,25.68386],[-103.02804,25.68402],[-103.02813,25.68404],[-103.02812,25.68437],[-103.02822,25.6844]]]}},{"type":"Feature","properties":{"id":339,"estado":"desmontada","confianza":"alta","area_m2":9549,"perimetro_m":499,"largo_m":140,"ancho_m":100,"lat":25.451511,"lon":-103.734969,"municipio":"Lerdo","cerca_de":"Ejido 21 de Marzo","dist_ref_km":38.2,"d_ciudad_km":21.1,"altura_m":4.1,"precio_m2":70,"precio_m2_min":45,"precio_m2_max":105,"valor":680000,"valor_min":440000,"valor_max":1000000},"geometry":{"type":"Polygon","coordinates":[[[-103.73557,25.45099],[-103.73557,25.45135],[-103.73549,25.45136],[-103.73547,25.45144],[-103.73527,25.45158],[-103.73528,25.45179],[-103.73556,25.45181],[-103.73556,25.45217],[-103.73516,25.45216],[-103.73515,25.4519],[-103.73477,25.45189],[-103.73475,25.45181],[-103.73457,25.45171],[-103.73457,25.45144],[-103.73477,25.45132],[-103.73478,25.4509],[-103.73527,25.4509],[-103.73531,25.45099],[-103.73557,25.45099]]]}},{"type":"Feature","properties":{"id":340,"estado":"activa","confianza":"media","area_m2":11706,"perimetro_m":536,"largo_m":140,"ancho_m":140,"lat":25.453397,"lon":-103.736143,"municipio":"Lerdo","cerca_de":"Ejido 21 de Marzo","dist_ref_km":38.3,"d_ciudad_km":21.0,"altura_m":6.1,"precio_m2":115,"precio_m2_min":75,"precio_m2_max":175,"valor":1400000,"valor_min":890000,"valor_max":2000000},"geometry":{"type":"Polygon","coordinates":[[[-103.73684,25.45326],[-103.73684,25.45353],[-103.73646,25.45354],[-103.73644,25.45362],[-103.73635,25.45364],[-103.73634,25.4538],[-103.73625,25.45382],[-103.73624,25.45398],[-103.73615,25.45399],[-103.73614,25.45407],[-103.73596,25.45407],[-103.73594,25.45416],[-103.73554,25.45415],[-103.73554,25.45365],[-103.73544,25.45361],[-103.73545,25.45289],[-103.73595,25.45289],[-103.73596,25.45297],[-103.73605,25.45298],[-103.73608,25.45325],[-103.73684,25.45326]]]}},{"type":"Feature","properties":{"id":341,"estado":"activa","confianza":"media","area_m2":5568,"perimetro_m":305,"largo_m":80,"ancho_m":80,"lat":25.690391,"lon":-103.027324,"municipio":"San Pedro","cerca_de":"Ejido Santa Elena","dist_ref_km":37.9,"d_ciudad_km":31.6,"altura_m":1.3,"precio_m2":120,"precio_m2_min":80,"precio_m2_max":180,"valor":670000,"valor_min":430000,"valor_max":1000000},"geometry":{"type":"Polygon","coordinates":[[[-103.02773,25.69008],[-103.02772,25.69062],[-103.02754,25.69063],[-103.02742,25.6908],[-103.02702,25.69079],[-103.02701,25.69072],[-103.02692,25.6907],[-103.02693,25.69016],[-103.02719,25.69016],[-103.02723,25.69007],[-103.02773,25.69008]]]}},{"type":"Feature","properties":{"id":342,"estado":"desmontada","confianza":"alta","area_m2":11724,"perimetro_m":504,"largo_m":169,"ancho_m":94,"lat":25.451866,"lon":-103.737053,"municipio":"Lerdo","cerca_de":"Ejido 21 de Marzo","dist_ref_km":38.4,"d_ciudad_km":21.2,"altura_m":3.9,"precio_m2":70,"precio_m2_min":45,"precio_m2_max":105,"valor":840000,"valor_min":540000,"valor_max":1300000},"geometry":{"type":"Polygon","coordinates":[[[-103.73756,25.45146],[-103.73755,25.45173],[-103.73745,25.45176],[-103.73745,25.452],[-103.73735,25.45203],[-103.73735,25.45236],[-103.73725,25.45239],[-103.73725,25.45254],[-103.73707,25.45255],[-103.73705,25.45263],[-103.73635,25.45263],[-103.73635,25.45235],[-103.73644,25.45234],[-103.73645,25.45217],[-103.73655,25.45214],[-103.73656,25.45199],[-103.73665,25.45197],[-103.73666,25.45163],[-103.73675,25.45161],[-103.73676,25.45145],[-103.73686,25.45142],[-103.73686,25.45128],[-103.73716,25.45128],[-103.73728,25.45145],[-103.73756,25.45146]]]}},{"type":"Feature","properties":{"id":343,"estado":"activa","confianza":"alta","area_m2":12200,"perimetro_m":489,"largo_m":150,"ancho_m":110,"lat":25.871928,"lon":-103.130234,"municipio":"San Pedro","cerca_de":"Ejido San Rafael de Arriba","dist_ref_km":39.8,"d_ciudad_km":34.9,"altura_m":3.5,"precio_m2":115,"precio_m2_min":75,"precio_m2_max":175,"valor":1400000,"valor_min":920000,"valor_max":2100000},"geometry":{"type":"Polygon","coordinates":[[[-103.13078,25.8718],[-103.13078,25.87216],[-103.13068,25.87219],[-103.13067,25.87243],[-103.13059,25.87244],[-103.13047,25.87261],[-103.12987,25.8726],[-103.12986,25.87252],[-103.12978,25.87251],[-103.12978,25.8721],[-103.12968,25.87206],[-103.12969,25.8717],[-103.12977,25.87168],[-103.12979,25.87161],[-103.13007,25.8716],[-103.13009,25.87134],[-103.13018,25.87133],[-103.13019,25.87125],[-103.13059,25.87126],[-103.13059,25.87177],[-103.13078,25.8718]]]}},{"type":"Feature","properties":{"id":344,"estado":"activa","confianza":"alta","area_m2":1139225,"perimetro_m":4897,"largo_m":1373,"ancho_m":1090,"lat":25.711198,"lon":-103.031515,"municipio":"San Pedro","cerca_de":"Ejido Reynosa","dist_ref_km":38.2,"d_ciudad_km":31.3,"altura_m":6.1,"precio_m2":75,"precio_m2_min":50,"precio_m2_max":115,"valor":87000000,"valor_min":56000000,"valor_max":130000000,"grupo":273,"grupo_bloques":2,"grupo_m2":1159516},"geometry":{"type":"Polygon","coordinates":[[[-103.03752,25.70682],[-103.03751,25.70727],[-103.03741,25.7073],[-103.03741,25.70745],[-103.03732,25.70746],[-103.0373,25.70754],[-103.03722,25.70755],[-103.0372,25.70763],[-103.037,25.70775],[-103.03699,25.70853],[-103.03679,25.70865],[-103.03678,25.70907],[-103.03669,25.70909],[-103.03668,25.70934],[-103.03658,25.70938],[-103.03657,25.70997],[-103.03648,25.70998],[-103.03646,25.71015],[-103.03637,25.71017],[-103.03636,25.7106],[-103.03627,25.71061],[-103.03625,25.71078],[-103.03616,25.7108],[-103.03615,25.71105],[-103.03605,25.71108],[-103.03605,25.71132],[-103.03595,25.71135],[-103.03594,25.71177],[-103.03574,25.71188],[-103.03573,25.71221],[-103.03564,25.71223],[-103.03563,25.71239],[-103.03553,25.71242],[-103.03552,25.71275],[-103.03543,25.71278],[-103.03542,25.71311],[-103.03532,25.71315],[-103.03532,25.71335],[-103.03541,25.71338],[-103.03541,25.71374],[-103.03531,25.71378],[-103.0353,25.71428],[-103.03521,25.7143],[-103.0352,25.71446],[-103.0351,25.71449],[-103.03509,25.71482],[-103.03499,25.71486],[-103.03499,25.71518],[-103.03489,25.71521],[-103.03488,25.71545],[-103.03479,25.71547],[-103.03478,25.71563],[-103.03468,25.71566],[-103.03468,25.71581],[-103.03458,25.71584],[-103.03457,25.71608],[-103.03449,25.71609],[-103.03447,25.71617],[-103.03439,25.71618],[-103.03437,25.71626],[-103.03418,25.71637],[-103.03417,25.71653],[-103.03407,25.71656],[-103.03406,25.7167],[-103.03388,25.71672],[-103.03386,25.71688],[-103.03378,25.71689],[-103.03376,25.71697],[-103.03368,25.71698],[-103.03366,25.71706],[-103.03358,25.71707],[-103.03356,25.71715],[-103.03337,25.71726],[-103.03336,25.71742],[-103.03181,25.7174],[-103.03176,25.71749],[-103.03031,25.71747],[-103.03026,25.71756],[-103.02807,25.71753],[-103.02808,25.71694],[-103.02798,25.71689],[-103.028,25.71594],[-103.0279,25.7159],[-103.02792,25.7145],[-103.02782,25.71445],[-103.02783,25.71403],[-103.02773,25.714],[-103.02771,25.71373],[-103.02704,25.71372],[-103.02705,25.71318],[-103.02722,25.71318],[-103.02725,25.71309],[-103.02735,25.71307],[-103.02735,25.71282],[-103.02745,25.71279],[-103.02746,25.71246],[-103.02755,25.71244],[-103.02756,25.71223],[-103.02716,25.71219],[-103.02717,25.71168],[-103.02697,25.71164],[-103.02698,25.71105],[-103.02688,25.71101],[-103.02688,25.71085],[-103.02679,25.71083],[-103.02681,25.70966],[-103.02737,25.70966],[-103.02741,25.70948],[-103.02761,25.70936],[-103.02765,25.70687],[-103.02785,25.70684],[-103.02786,25.70651],[-103.02796,25.70647],[-103.02796,25.70615],[-103.02826,25.70613],[-103.02827,25.70543],[-103.02836,25.70542],[-103.02847,25.70526],[-103.03102,25.70529],[-103.03107,25.7052],[-103.03163,25.70521],[-103.03167,25.70512],[-103.03196,25.70512],[-103.03201,25.70521],[-103.03223,25.70521],[-103.03226,25.70513],[-103.0353,25.70517],[-103.03535,25.70508],[-103.03601,25.70508],[-103.03605,25.705],[-103.03685,25.70501],[-103.03687,25.70518],[-103.03724,25.70519],[-103.03724,25.70546],[-103.03714,25.70551],[-103.03714,25.70571],[-103.03723,25.70573],[-103.03723,25.70628],[-103.03703,25.7063],[-103.03702,25.70654],[-103.03693,25.70657],[-103.03692,25.70678],[-103.03752,25.70682]]]}},{"type":"Feature","properties":{"id":345,"estado":"activa","confianza":"alta","area_m2":24627,"perimetro_m":734,"largo_m":219,"ancho_m":148,"lat":25.841547,"lon":-103.099936,"municipio":"San Pedro","cerca_de":"Ejido El Retiro","dist_ref_km":39.6,"d_ciudad_km":34.8,"altura_m":0.8,"precio_m2":110,"precio_m2_min":75,"precio_m2_max":170,"valor":2800000,"valor_min":1800000,"valor_max":4100000},"geometry":{"type":"Polygon","coordinates":[[[-103.10095,25.8409],[-103.10094,25.84117],[-103.10085,25.84119],[-103.10084,25.84135],[-103.10064,25.84146],[-103.10063,25.84171],[-103.10044,25.84182],[-103.10043,25.84198],[-103.10023,25.842],[-103.10022,25.84243],[-103.10014,25.84244],[-103.10012,25.84252],[-103.09972,25.84251],[-103.0996,25.84233],[-103.09933,25.84232],[-103.09919,25.84214],[-103.09893,25.84214],[-103.09894,25.84178],[-103.09902,25.84177],[-103.09904,25.84169],[-103.09912,25.84168],[-103.09914,25.8416],[-103.09933,25.8415],[-103.09934,25.84142],[-103.09953,25.8414],[-103.09954,25.84115],[-103.09964,25.84112],[-103.09965,25.84088],[-103.09974,25.84087],[-103.09975,25.8407],[-103.09984,25.84069],[-103.09985,25.84062],[-103.10025,25.84062],[-103.10029,25.84071],[-103.10065,25.84072],[-103.10077,25.84089],[-103.10095,25.8409]]]}},{"type":"Feature","properties":{"id":346,"estado":"activa","confianza":"alta","area_m2":44914,"perimetro_m":1010,"largo_m":340,"ancho_m":160,"lat":25.757976,"lon":-103.047641,"municipio":"San Pedro","cerca_de":"Ejido Reynosa","dist_ref_km":38.7,"d_ciudad_km":32.8,"altura_m":0.5,"precio_m2":125,"precio_m2_min":80,"precio_m2_max":185,"valor":5600000,"valor_min":3600000,"valor_max":8400000},"geometry":{"type":"Polygon","coordinates":[[[-103.04856,25.75662],[-103.04854,25.75761],[-103.04834,25.75774],[-103.04834,25.75821],[-103.04853,25.75833],[-103.04852,25.75887],[-103.04842,25.75891],[-103.04841,25.75941],[-103.04796,25.75941],[-103.04791,25.7595],[-103.04762,25.75949],[-103.04762,25.75926],[-103.04752,25.75922],[-103.0475,25.75914],[-103.04692,25.75912],[-103.04695,25.75759],[-103.04725,25.75755],[-103.04725,25.75709],[-103.04716,25.75705],[-103.04717,25.75642],[-103.04786,25.75643],[-103.048,25.75661],[-103.04856,25.75662]]]}},{"type":"Feature","properties":{"id":347,"estado":"activa","confianza":"alta","area_m2":22560,"perimetro_m":696,"largo_m":190,"ancho_m":150,"lat":25.687858,"lon":-103.02363,"municipio":"San Pedro","cerca_de":"Ejido Santa Elena","dist_ref_km":38.2,"d_ciudad_km":31.8,"altura_m":2.8,"precio_m2":110,"precio_m2_min":70,"precio_m2_max":165,"valor":2500000,"valor_min":1600000,"valor_max":3700000},"geometry":{"type":"Polygon","coordinates":[[[-103.02459,25.68733],[-103.02457,25.68796],[-103.02448,25.688],[-103.02447,25.68841],[-103.02387,25.6884],[-103.02386,25.68833],[-103.02377,25.68831],[-103.02373,25.68813],[-103.0235,25.68813],[-103.02347,25.68831],[-103.02339,25.68832],[-103.02337,25.6884],[-103.02319,25.6884],[-103.02317,25.68848],[-103.02277,25.68848],[-103.02276,25.6884],[-103.02267,25.68839],[-103.02269,25.68776],[-103.02278,25.68772],[-103.02279,25.68731],[-103.02288,25.68729],[-103.02299,25.68713],[-103.02349,25.68713],[-103.02363,25.68732],[-103.02459,25.68733]]]}},{"type":"Feature","properties":{"id":348,"estado":"activa","confianza":"media","area_m2":6557,"perimetro_m":448,"largo_m":178,"ancho_m":63,"lat":25.796165,"lon":-103.06641,"municipio":"San Pedro","cerca_de":"Ejido Flores Magón","dist_ref_km":39.2,"d_ciudad_km":33.9,"altura_m":0.1,"precio_m2":130,"precio_m2_min":85,"precio_m2_max":195,"valor":860000,"valor_min":560000,"valor_max":1300000},"geometry":{"type":"Polygon","coordinates":[[[-103.06687,25.7955],[-103.06686,25.79577],[-103.06666,25.79589],[-103.06665,25.79667],[-103.06655,25.7967],[-103.06654,25.79703],[-103.06625,25.79702],[-103.06626,25.79634],[-103.06616,25.7963],[-103.06616,25.79603],[-103.06624,25.79602],[-103.06626,25.79594],[-103.06646,25.79583],[-103.06647,25.79558],[-103.06655,25.79557],[-103.06657,25.79549],[-103.06687,25.7955]]]}},{"type":"Feature","properties":{"id":349,"estado":"activa","confianza":"alta","area_m2":56554,"perimetro_m":1526,"largo_m":354,"ancho_m":322,"lat":25.706821,"lon":-103.026559,"municipio":"San Pedro","cerca_de":"Ejido Santa Elena","dist_ref_km":38.5,"d_ciudad_km":32.2,"altura_m":4.1,"precio_m2":105,"precio_m2_min":65,"precio_m2_max":155,"valor":5900000,"valor_min":3800000,"valor_max":8800000},"geometry":{"type":"Polygon","coordinates":[[[-103.02736,25.70632],[-103.02735,25.70677],[-103.02718,25.70678],[-103.02715,25.70686],[-103.02706,25.70688],[-103.02705,25.70713],[-103.02696,25.70714],[-103.02695,25.70722],[-103.02637,25.70722],[-103.02634,25.70748],[-103.02615,25.7076],[-103.02614,25.70784],[-103.02605,25.70785],[-103.02604,25.70793],[-103.02584,25.70795],[-103.02583,25.7082],[-103.02575,25.70821],[-103.02573,25.70829],[-103.02543,25.70828],[-103.02544,25.70792],[-103.02553,25.70791],[-103.02554,25.70783],[-103.02574,25.7078],[-103.02575,25.70711],[-103.02595,25.707],[-103.02595,25.70678],[-103.02569,25.70676],[-103.02556,25.70693],[-103.02476,25.70692],[-103.02473,25.70674],[-103.02446,25.70674],[-103.02442,25.70664],[-103.02397,25.70664],[-103.02395,25.70656],[-103.02387,25.70655],[-103.02387,25.70613],[-103.02378,25.70609],[-103.02378,25.70564],[-103.02408,25.70565],[-103.0241,25.70573],[-103.02428,25.70574],[-103.02432,25.70583],[-103.02464,25.70583],[-103.02468,25.70566],[-103.02478,25.70562],[-103.02478,25.70548],[-103.02508,25.70548],[-103.0251,25.70556],[-103.02518,25.70557],[-103.02518,25.70573],[-103.02528,25.70575],[-103.0253,25.70584],[-103.02563,25.70585],[-103.02568,25.70558],[-103.02596,25.70557],[-103.02598,25.70549],[-103.02608,25.70547],[-103.02608,25.70531],[-103.02648,25.70532],[-103.02651,25.7054],[-103.02668,25.70541],[-103.02668,25.70556],[-103.02677,25.70559],[-103.0268,25.70568],[-103.02727,25.70569],[-103.02726,25.70628],[-103.02736,25.70632]]]}},{"type":"Feature","properties":{"id":350,"estado":"activa","confianza":"media","area_m2":5904,"perimetro_m":335,"largo_m":100,"ancho_m":80,"lat":25.721027,"lon":-103.030751,"municipio":"San Pedro","cerca_de":"Ejido Reynosa","dist_ref_km":38.6,"d_ciudad_km":32.5,"altura_m":3.0,"precio_m2":135,"precio_m2_min":90,"precio_m2_max":200,"valor":800000,"valor_min":520000,"valor_max":1200000},"geometry":{"type":"Polygon","coordinates":[[[-103.03121,25.72064],[-103.0312,25.72109],[-103.03112,25.7211],[-103.031,25.72127],[-103.03055,25.72126],[-103.0305,25.72135],[-103.0302,25.72135],[-103.03021,25.72108],[-103.03029,25.72107],[-103.03031,25.72099],[-103.0305,25.72088],[-103.03051,25.72063],[-103.03121,25.72064]]]}},{"type":"Feature","properties":{"id":351,"estado":"activa","confianza":"alta","area_m2":20317,"perimetro_m":702,"largo_m":190,"ancho_m":140,"lat":25.698538,"lon":-103.023899,"municipio":"San Pedro","cerca_de":"Ejido Santa Elena","dist_ref_km":38.5,"d_ciudad_km":32.2,"altura_m":0.7,"precio_m2":115,"precio_m2_min":75,"precio_m2_max":170,"valor":2300000,"valor_min":1500000,"valor_max":3500000},"geometry":{"type":"Polygon","coordinates":[[[-103.02441,25.69798],[-103.02439,25.69942],[-103.02309,25.69941],[-103.0231,25.69913],[-103.0232,25.6991],[-103.0232,25.69877],[-103.0234,25.69873],[-103.0234,25.69834],[-103.02301,25.69832],[-103.02301,25.69805],[-103.02311,25.69801],[-103.02312,25.69769],[-103.02342,25.69769],[-103.02345,25.69796],[-103.02441,25.69798]]]}},{"type":"Feature","properties":{"id":352,"estado":"activa","confianza":"alta","area_m2":73458,"perimetro_m":1378,"largo_m":360,"ancho_m":300,"lat":25.761922,"lon":-103.046637,"municipio":"San Pedro","cerca_de":"Ejido Bolívar","dist_ref_km":39.0,"d_ciudad_km":33.1,"altura_m":0.2,"precio_m2":120,"precio_m2_min":80,"precio_m2_max":180,"valor":8800000,"valor_min":5700000,"valor_max":13000000},"geometry":{"type":"Polygon","coordinates":[[[-103.04849,25.76095],[-103.04848,25.76131],[-103.04838,25.76135],[-103.04837,25.76185],[-103.0481,25.76185],[-103.04807,25.76221],[-103.04789,25.76221],[-103.04777,25.76238],[-103.04747,25.76241],[-103.04746,25.76271],[-103.04756,25.76274],[-103.04757,25.76291],[-103.04766,25.76292],[-103.04765,25.7632],[-103.04748,25.7632],[-103.04745,25.76328],[-103.04705,25.76328],[-103.04706,25.76278],[-103.04702,25.76274],[-103.04649,25.76274],[-103.04646,25.763],[-103.04638,25.76301],[-103.04636,25.76309],[-103.04566,25.76308],[-103.04562,25.76299],[-103.04527,25.76298],[-103.04528,25.76203],[-103.04518,25.76199],[-103.04519,25.76158],[-103.04509,25.76154],[-103.0451,25.76112],[-103.0449,25.76099],[-103.0449,25.76072],[-103.0467,25.76075],[-103.04674,25.76084],[-103.04715,25.76084],[-103.0472,25.76075],[-103.04729,25.76073],[-103.0473,25.76057],[-103.0476,25.76058],[-103.04773,25.76076],[-103.04799,25.76076],[-103.04802,25.76085],[-103.04829,25.76086],[-103.04832,25.76094],[-103.04849,25.76095]]]}},{"type":"Feature","properties":{"id":353,"estado":"activa","confianza":"alta","area_m2":54953,"perimetro_m":1631,"largo_m":430,"ancho_m":160,"lat":25.757651,"lon":-103.044551,"municipio":"San Pedro","cerca_de":"Ejido Reynosa","dist_ref_km":39.0,"d_ciudad_km":33.1,"altura_m":4.9,"precio_m2":130,"precio_m2_min":85,"precio_m2_max":190,"valor":7000000,"valor_min":4600000,"valor_max":11000000},"geometry":{"type":"Polygon","coordinates":[[[-103.04498,25.75621],[-103.04492,25.75946],[-103.04484,25.75947],[-103.04482,25.75955],[-103.04452,25.75954],[-103.04449,25.75945],[-103.04403,25.75945],[-103.04399,25.75936],[-103.04373,25.75935],[-103.04369,25.75926],[-103.04343,25.75926],[-103.04343,25.7591],[-103.04334,25.75908],[-103.04337,25.75673],[-103.04367,25.75673],[-103.04369,25.75681],[-103.04377,25.75682],[-103.04377,25.75715],[-103.04387,25.75719],[-103.04386,25.75746],[-103.04376,25.7575],[-103.04379,25.75781],[-103.04414,25.75781],[-103.04416,25.75728],[-103.04434,25.75728],[-103.04436,25.75719],[-103.04446,25.75715],[-103.04447,25.75678],[-103.04437,25.75674],[-103.04437,25.7564],[-103.04401,25.75638],[-103.04398,25.75656],[-103.04348,25.75655],[-103.04347,25.75639],[-103.04338,25.75637],[-103.04339,25.75583],[-103.04356,25.75582],[-103.04359,25.75574],[-103.04415,25.75575],[-103.04419,25.75566],[-103.04469,25.75566],[-103.04469,25.756],[-103.04488,25.75612],[-103.0449,25.7562],[-103.04498,25.75621]]]}},{"type":"Feature","properties":{"id":354,"estado":"activa","confianza":"media","area_m2":6490,"perimetro_m":339,"largo_m":90,"ancho_m":90,"lat":25.800622,"lon":-103.06531,"municipio":"San Pedro","cerca_de":"Ejido Flores Magón","dist_ref_km":39.5,"d_ciudad_km":34.3,"altura_m":0.5,"precio_m2":130,"precio_m2_min":85,"precio_m2_max":195,"valor":840000,"valor_min":550000,"valor_max":1300000},"geometry":{"type":"Polygon","coordinates":[[[-103.0657,25.80018],[-103.06569,25.80081],[-103.06559,25.80083],[-103.06558,25.80099],[-103.06528,25.80098],[-103.06527,25.80091],[-103.06519,25.80089],[-103.06518,25.80082],[-103.06509,25.8008],[-103.06508,25.80073],[-103.06499,25.80071],[-103.06487,25.80054],[-103.06479,25.80052],[-103.0648,25.80016],[-103.0657,25.80018]]]}},{"type":"Feature","properties":{"id":355,"estado":"activa","confianza":"alta","area_m2":83312,"perimetro_m":1802,"largo_m":490,"ancho_m":310,"lat":25.723853,"lon":-103.029557,"municipio":"San Pedro","cerca_de":"Ejido Reynosa","dist_ref_km":38.9,"d_ciudad_km":32.6,"altura_m":4.5,"precio_m2":110,"precio_m2_min":75,"precio_m2_max":170,"valor":9300000,"valor_min":6100000,"valor_max":14000000},"geometry":{"type":"Polygon","coordinates":[[[-103.03118,25.72262],[-103.03116,25.72353],[-103.03098,25.72354],[-103.03096,25.7237],[-103.03057,25.72372],[-103.03056,25.72397],[-103.03046,25.724],[-103.03045,25.72424],[-103.03036,25.72426],[-103.03035,25.72442],[-103.02995,25.72445],[-103.02996,25.72476],[-103.03044,25.72478],[-103.03046,25.72504],[-103.03084,25.72506],[-103.03083,25.72533],[-103.03028,25.72532],[-103.03023,25.72541],[-103.03005,25.72542],[-103.03003,25.7255],[-103.02937,25.72549],[-103.02923,25.72567],[-103.02905,25.72568],[-103.02893,25.72584],[-103.02875,25.72585],[-103.02863,25.72602],[-103.02833,25.72602],[-103.02833,25.72586],[-103.02823,25.72583],[-103.02824,25.72556],[-103.02832,25.72555],[-103.02834,25.72547],[-103.02891,25.72548],[-103.02904,25.7253],[-103.02913,25.72528],[-103.02915,25.72462],[-103.02895,25.72449],[-103.02895,25.72405],[-103.02866,25.72403],[-103.02865,25.72396],[-103.02856,25.72394],[-103.02854,25.72376],[-103.02817,25.72376],[-103.02817,25.72352],[-103.02807,25.72348],[-103.02808,25.72312],[-103.02816,25.72311],[-103.02818,25.72303],[-103.02837,25.72293],[-103.02838,25.72286],[-103.02846,25.72285],[-103.02848,25.72277],[-103.02857,25.72276],[-103.02859,25.72268],[-103.02878,25.72257],[-103.02879,25.72241],[-103.02887,25.7224],[-103.02899,25.72223],[-103.02918,25.72222],[-103.02919,25.72206],[-103.02938,25.72204],[-103.0294,25.72188],[-103.02959,25.72176],[-103.0296,25.72161],[-103.0304,25.72162],[-103.0304,25.72214],[-103.03069,25.72217],[-103.03068,25.7224],[-103.03078,25.72244],[-103.0308,25.72261],[-103.03118,25.72262]]]}},{"type":"Feature","properties":{"id":356,"estado":"activa","confianza":"media","area_m2":7205,"perimetro_m":355,"largo_m":110,"ancho_m":80,"lat":25.686644,"lon":-103.017872,"municipio":"San Pedro","cerca_de":"Ejido Santa Elena","dist_ref_km":38.8,"d_ciudad_km":32.3,"altura_m":2.6,"precio_m2":120,"precio_m2_min":80,"precio_m2_max":180,"valor":860000,"valor_min":560000,"valor_max":1300000},"geometry":{"type":"Polygon","coordinates":[[[-103.01842,25.68634],[-103.01842,25.68688],[-103.01762,25.68687],[-103.01759,25.68679],[-103.01732,25.68678],[-103.01733,25.68651],[-103.01742,25.68649],[-103.01743,25.68633],[-103.0177,25.68633],[-103.01783,25.68615],[-103.01823,25.68616],[-103.01824,25.68624],[-103.01842,25.68634]]]}},{"type":"Feature","properties":{"id":357,"estado":"activa","confianza":"alta","area_m2":224356,"perimetro_m":2649,"largo_m":649,"ancho_m":602,"lat":25.721475,"lon":-103.026715,"municipio":"San Pedro","cerca_de":"Ejido Reynosa","dist_ref_km":39.0,"d_ciudad_km":32.6,"altura_m":3.7,"precio_m2":100,"precio_m2_min":65,"precio_m2_max":150,"valor":22000000,"valor_min":14000000,"valor_max":33000000},"geometry":{"type":"Polygon","coordinates":[[[-103.02982,25.72062],[-103.02981,25.72098],[-103.02962,25.72109],[-103.02961,25.72125],[-103.02952,25.72126],[-103.0295,25.72134],[-103.02922,25.72135],[-103.0292,25.7216],[-103.02912,25.72162],[-103.0291,25.72169],[-103.02891,25.7217],[-103.0289,25.72187],[-103.02881,25.72188],[-103.0288,25.72196],[-103.02871,25.72197],[-103.0287,25.72205],[-103.02861,25.72206],[-103.02859,25.72214],[-103.02851,25.72215],[-103.02849,25.72223],[-103.02841,25.72224],[-103.02839,25.72231],[-103.0282,25.72242],[-103.02819,25.72249],[-103.028,25.72251],[-103.02799,25.72267],[-103.02779,25.72279],[-103.02778,25.72294],[-103.0276,25.72295],[-103.02758,25.72303],[-103.02739,25.72314],[-103.02738,25.72329],[-103.0272,25.7233],[-103.02708,25.72347],[-103.02699,25.72349],[-103.02698,25.72356],[-103.02689,25.72357],[-103.02688,25.72365],[-103.02679,25.72366],[-103.02677,25.72392],[-103.02627,25.72391],[-103.02626,25.72383],[-103.02617,25.72382],[-103.02619,25.7231],[-103.02629,25.72306],[-103.02626,25.72274],[-103.02602,25.72274],[-103.02599,25.72291],[-103.0258,25.72294],[-103.02578,25.72345],[-103.02439,25.72343],[-103.02439,25.72302],[-103.0243,25.72298],[-103.02431,25.72235],[-103.0244,25.72231],[-103.02441,25.72194],[-103.02422,25.72181],[-103.02423,25.72075],[-103.02413,25.72072],[-103.02408,25.72063],[-103.02368,25.72063],[-103.02364,25.72072],[-103.02244,25.7207],[-103.02246,25.71953],[-103.02254,25.71951],[-103.02256,25.71944],[-103.02391,25.71946],[-103.02396,25.71919],[-103.02442,25.71919],[-103.02446,25.7191],[-103.02516,25.71911],[-103.0252,25.7192],[-103.0257,25.71921],[-103.02575,25.71912],[-103.02605,25.71912],[-103.02609,25.71921],[-103.0267,25.71922],[-103.02675,25.71913],[-103.02702,25.71913],[-103.02705,25.71905],[-103.02775,25.71906],[-103.02776,25.71913],[-103.02785,25.71915],[-103.02785,25.71931],[-103.02804,25.71942],[-103.02804,25.72058],[-103.02982,25.72062]]]}},{"type":"Feature","properties":{"id":358,"estado":"activa","confianza":"alta","area_m2":12797,"perimetro_m":633,"largo_m":230,"ancho_m":90,"lat":25.443261,"lon":-103.74395,"municipio":"Lerdo","cerca_de":"Los Zamudios","dist_ref_km":39.5,"d_ciudad_km":22.2,"altura_m":1.4,"precio_m2":115,"precio_m2_min":75,"precio_m2_max":175,"valor":1500000,"valor_min":960000,"valor_max":2200000},"geometry":{"type":"Polygon","coordinates":[[[-103.745,25.44286],[-103.745,25.44331],[-103.7449,25.44334],[-103.7449,25.44367],[-103.7445,25.44367],[-103.74445,25.44358],[-103.7438,25.44357],[-103.74367,25.44339],[-103.74291,25.44338],[-103.7429,25.44321],[-103.74271,25.4432],[-103.74272,25.44293],[-103.74331,25.44293],[-103.74336,25.44302],[-103.74465,25.44304],[-103.74471,25.44286],[-103.745,25.44286]]]}},{"type":"Feature","properties":{"id":359,"estado":"activa","confianza":"alta","area_m2":44045,"perimetro_m":1021,"largo_m":376,"ancho_m":180,"lat":25.724796,"lon":-103.024361,"municipio":"San Pedro","cerca_de":"Ejido Reynosa","dist_ref_km":39.4,"d_ciudad_km":33.1,"altura_m":2.9,"precio_m2":125,"precio_m2_min":80,"precio_m2_max":185,"valor":5500000,"valor_min":3600000,"valor_max":8300000},"geometry":{"type":"Polygon","coordinates":[[[-103.02597,25.72427],[-103.02596,25.72454],[-103.02587,25.72456],[-103.02586,25.72472],[-103.02576,25.72475],[-103.02576,25.7249],[-103.02568,25.72491],[-103.02566,25.72499],[-103.02547,25.72509],[-103.02545,25.72525],[-103.02537,25.72527],[-103.02535,25.72534],[-103.02518,25.72535],[-103.02515,25.72543],[-103.0243,25.72542],[-103.02425,25.72551],[-103.0237,25.7255],[-103.02365,25.72559],[-103.02347,25.7256],[-103.02335,25.72577],[-103.02265,25.72576],[-103.02264,25.72568],[-103.02256,25.72567],[-103.02256,25.72531],[-103.02276,25.72519],[-103.02277,25.72486],[-103.02296,25.72484],[-103.02297,25.72459],[-103.02306,25.72458],[-103.02307,25.7245],[-103.02334,25.7245],[-103.02337,25.72441],[-103.02363,25.72442],[-103.02368,25.72433],[-103.02395,25.72433],[-103.02398,25.72424],[-103.02424,25.72424],[-103.02438,25.72407],[-103.02447,25.72405],[-103.02448,25.72398],[-103.02466,25.72397],[-103.02478,25.7238],[-103.02508,25.7238],[-103.02512,25.72398],[-103.02557,25.72399],[-103.02559,25.72416],[-103.02577,25.72418],[-103.0258,25.72426],[-103.02597,25.72427]]]}},{"type":"Feature","properties":{"id":360,"estado":"activa","confianza":"alta","area_m2":20784,"perimetro_m":649,"largo_m":200,"ancho_m":140,"lat":25.75635,"lon":-103.035406,"municipio":"San Pedro","cerca_de":"Ejido Bolívar","dist_ref_km":39.7,"d_ciudad_km":33.8,"altura_m":1.4,"precio_m2":175,"precio_m2_min":110,"precio_m2_max":260,"valor":3600000,"valor_min":2300000,"valor_max":5400000},"geometry":{"type":"Polygon","coordinates":[[[-103.03641,25.75591],[-103.0364,25.75663],[-103.03593,25.75663],[-103.0359,25.75672],[-103.0358,25.75674],[-103.0358,25.7569],[-103.03494,25.75689],[-103.0349,25.75698],[-103.0345,25.75697],[-103.03449,25.75689],[-103.0344,25.75688],[-103.03441,25.75607],[-103.0345,25.75605],[-103.03451,25.75598],[-103.03508,25.75598],[-103.03511,25.7559],[-103.03521,25.75587],[-103.03522,25.75572],[-103.03552,25.75572],[-103.03565,25.7559],[-103.03641,25.75591]]]}},{"type":"Feature","properties":{"id":361,"estado":"activa","confianza":"alta","area_m2":100148,"perimetro_m":1884,"largo_m":620,"ancho_m":269,"lat":25.696048,"lon":-103.014826,"municipio":"San Pedro","cerca_de":"Ejido Santa Elena","dist_ref_km":39.3,"d_ciudad_km":32.6,"altura_m":5.2,"precio_m2":95,"precio_m2_min":60,"precio_m2_max":145,"valor":9500000,"valor_min":6200000,"valor_max":14000000},"geometry":{"type":"Polygon","coordinates":[[[-103.01847,25.69537],[-103.01846,25.69654],[-103.01837,25.69656],[-103.01835,25.69663],[-103.01806,25.69663],[-103.01803,25.69654],[-103.01786,25.69654],[-103.01785,25.69646],[-103.01776,25.69644],[-103.01775,25.69637],[-103.01766,25.69635],[-103.01754,25.69618],[-103.01727,25.69617],[-103.01724,25.6959],[-103.01682,25.69589],[-103.01677,25.69593],[-103.01677,25.69625],[-103.01667,25.69629],[-103.01666,25.69661],[-103.01658,25.69662],[-103.01656,25.6967],[-103.01639,25.6967],[-103.01636,25.69679],[-103.0157,25.69678],[-103.01566,25.69696],[-103.0151,25.69695],[-103.01506,25.69713],[-103.01489,25.69713],[-103.01486,25.69722],[-103.01386,25.6972],[-103.01384,25.69712],[-103.01366,25.69711],[-103.01363,25.69684],[-103.01327,25.69683],[-103.01323,25.69674],[-103.01247,25.69673],[-103.01248,25.69646],[-103.01265,25.69646],[-103.01268,25.69638],[-103.01288,25.69626],[-103.01289,25.69548],[-103.01298,25.69546],[-103.01299,25.69539],[-103.01317,25.69538],[-103.0132,25.6953],[-103.01367,25.6953],[-103.0137,25.69503],[-103.01396,25.69504],[-103.014,25.69495],[-103.01505,25.69496],[-103.0151,25.69478],[-103.01518,25.69477],[-103.0152,25.69469],[-103.0156,25.6947],[-103.01564,25.69479],[-103.01599,25.6948],[-103.01613,25.69498],[-103.01659,25.69498],[-103.01658,25.69549],[-103.01668,25.69553],[-103.01672,25.69562],[-103.01704,25.69562],[-103.01708,25.69553],[-103.01754,25.69554],[-103.01758,25.69527],[-103.01788,25.69527],[-103.01792,25.69536],[-103.01847,25.69537]]]}},{"type":"Feature","properties":{"id":362,"estado":"activa","confianza":"alta","area_m2":23434,"perimetro_m":717,"largo_m":250,"ancho_m":120,"lat":25.698404,"lon":-103.01519,"municipio":"San Pedro","cerca_de":"Ejido Santa Elena","dist_ref_km":39.4,"d_ciudad_km":32.9,"altura_m":1.1,"precio_m2":115,"precio_m2_min":75,"precio_m2_max":170,"valor":2700000,"valor_min":1700000,"valor_max":4000000},"geometry":{"type":"Polygon","coordinates":[[[-103.01653,25.6985],[-103.01653,25.69877],[-103.01547,25.69876],[-103.01543,25.69885],[-103.01516,25.69885],[-103.01513,25.69894],[-103.01483,25.69893],[-103.01478,25.69884],[-103.01456,25.69884],[-103.01453,25.69893],[-103.01403,25.69892],[-103.01405,25.69802],[-103.01413,25.69801],[-103.01415,25.69793],[-103.01433,25.69792],[-103.01435,25.69784],[-103.01544,25.69786],[-103.01546,25.69794],[-103.01564,25.69795],[-103.01568,25.69804],[-103.01604,25.69805],[-103.01605,25.69812],[-103.01633,25.69832],[-103.01635,25.69849],[-103.01653,25.6985]]]}},{"type":"Feature","properties":{"id":363,"estado":"activa","confianza":"alta","area_m2":8039,"perimetro_m":418,"largo_m":140,"ancho_m":80,"lat":25.424521,"lon":-103.739129,"municipio":"Lerdo","cerca_de":"Los Zamudios","dist_ref_km":40.0,"d_ciudad_km":22.9,"altura_m":3.7,"precio_m2":115,"precio_m2_min":75,"precio_m2_max":175,"valor":940000,"valor_min":610000,"valor_max":1400000},"geometry":{"type":"Polygon","coordinates":[[[-103.73993,25.42403],[-103.73993,25.4243],[-103.73973,25.42433],[-103.73972,25.42466],[-103.73917,25.42466],[-103.73913,25.42475],[-103.73853,25.42474],[-103.73853,25.42438],[-103.73871,25.42438],[-103.73883,25.4242],[-103.73901,25.4242],[-103.73903,25.42412],[-103.73921,25.42411],[-103.73923,25.42403],[-103.73993,25.42403]]]}},{"type":"Feature","properties":{"id":364,"estado":"activa","confianza":"alta","area_m2":8300,"perimetro_m":444,"largo_m":160,"ancho_m":60,"lat":25.719919,"lon":-103.020908,"municipio":"San Pedro","cerca_de":"Ejido Reynosa","dist_ref_km":39.5,"d_ciudad_km":33.3,"altura_m":1.8,"precio_m2":140,"precio_m2_min":90,"precio_m2_max":210,"valor":1200000,"valor_min":760000,"valor_max":1700000},"geometry":{"type":"Polygon","coordinates":[[[-103.02127,25.71924],[-103.02126,25.71969],[-103.02116,25.71973],[-103.02115,25.7201],[-103.02125,25.72014],[-103.02125,25.72059],[-103.02116,25.72061],[-103.02114,25.72068],[-103.02085,25.72068],[-103.02084,25.72052],[-103.02075,25.7205],[-103.02075,25.72017],[-103.02066,25.72013],[-103.02067,25.71923],[-103.02127,25.71924]]]}},{"type":"Feature","properties":{"id":365,"estado":"activa","confianza":"alta","area_m2":10162,"perimetro_m":475,"largo_m":160,"ancho_m":90,"lat":25.691093,"lon":-103.009729,"municipio":"San Pedro","cerca_de":"Ejido Santa Elena","dist_ref_km":39.7,"d_ciudad_km":33.3,"altura_m":2.4,"precio_m2":120,"precio_m2_min":80,"precio_m2_max":185,"valor":1200000,"valor_min":810000,"valor_max":1900000},"geometry":{"type":"Polygon","coordinates":[[[-103.01019,25.69038],[-103.01017,25.69129],[-103.00997,25.69141],[-103.00997,25.69182],[-103.00947,25.69182],[-103.00945,25.69174],[-103.00937,25.69173],[-103.00938,25.69132],[-103.00928,25.69127],[-103.00928,25.69091],[-103.00947,25.6909],[-103.00949,25.69073],[-103.00977,25.69073],[-103.00979,25.69056],[-103.00989,25.69053],[-103.00989,25.69038],[-103.01019,25.69038]]]}},{"type":"Feature","properties":{"id":366,"estado":"activa","confianza":"alta","area_m2":50075,"perimetro_m":1228,"largo_m":460,"ancho_m":160,"lat":25.719923,"lon":-103.017571,"municipio":"San Pedro","cerca_de":"Ejido Reynosa","dist_ref_km":39.8,"d_ciudad_km":33.4,"altura_m":1.3,"precio_m2":120,"precio_m2_min":80,"precio_m2_max":180,"valor":6000000,"valor_min":3900000,"valor_max":9000000},"geometry":{"type":"Polygon","coordinates":[[[-103.02007,25.71922],[-103.02006,25.71976],[-103.01969,25.71977],[-103.01966,25.71994],[-103.01949,25.71994],[-103.01936,25.72012],[-103.01927,25.72013],[-103.01925,25.72066],[-103.01547,25.7206],[-103.01548,25.71988],[-103.01565,25.71988],[-103.01568,25.7198],[-103.01677,25.71981],[-103.01681,25.7199],[-103.01723,25.71991],[-103.01727,25.71973],[-103.01766,25.71971],[-103.01768,25.71928],[-103.01883,25.7193],[-103.01888,25.71921],[-103.02007,25.71922]]]}},{"type":"Feature","properties":{"id":367,"estado":"activa","confianza":"alta","mixta":true,"area_m2":687664,"perimetro_m":6950,"largo_m":1790,"ancho_m":820,"lat":25.416664,"lon":-103.739859,"municipio":"Lerdo","cerca_de":"El Pedregal","dist_ref_km":40.5,"d_ciudad_km":22.8,"altura_m":7.5,"precio_m2":70,"precio_m2_min":45,"precio_m2_max":105,"valor":49000000,"valor_min":32000000,"valor_max":74000000},"geometry":{"type":"Polygon","coordinates":[[[-103.74494,25.42028],[-103.74494,25.42055],[-103.74456,25.42056],[-103.74454,25.42073],[-103.74434,25.42085],[-103.74434,25.421],[-103.74406,25.42101],[-103.74404,25.42109],[-103.74394,25.42112],[-103.74393,25.42127],[-103.74366,25.42127],[-103.74354,25.42145],[-103.74336,25.42145],[-103.74334,25.42153],[-103.74297,25.42153],[-103.74284,25.42171],[-103.74275,25.42172],[-103.74273,25.42225],[-103.74264,25.42227],[-103.74263,25.42243],[-103.74255,25.42244],[-103.74253,25.42252],[-103.74234,25.42254],[-103.74233,25.42288],[-103.74213,25.42299],[-103.74212,25.42324],[-103.74183,25.42327],[-103.74185,25.4235],[-103.74228,25.42351],[-103.74232,25.42333],[-103.74251,25.42331],[-103.74252,25.42315],[-103.74289,25.42315],[-103.74302,25.42298],[-103.7432,25.42297],[-103.74322,25.42289],[-103.74352,25.42289],[-103.74356,25.42298],[-103.74431,25.42299],[-103.74431,25.42353],[-103.74412,25.42354],[-103.74411,25.42371],[-103.74381,25.42371],[-103.74377,25.42362],[-103.74342,25.42363],[-103.74341,25.42402],[-103.74351,25.42406],[-103.74351,25.42433],[-103.74342,25.42435],[-103.74341,25.42442],[-103.74322,25.42444],[-103.7432,25.4246],[-103.74291,25.4246],[-103.74289,25.42407],[-103.74246,25.42406],[-103.74241,25.42424],[-103.74231,25.42427],[-103.74231,25.4246],[-103.74203,25.4246],[-103.74201,25.42477],[-103.74171,25.42477],[-103.7416,25.4246],[-103.74141,25.42459],[-103.7414,25.42451],[-103.74132,25.4245],[-103.74132,25.42435],[-103.74122,25.42432],[-103.74121,25.42415],[-103.74102,25.42413],[-103.74099,25.42404],[-103.74082,25.42404],[-103.74081,25.42396],[-103.74053,25.42377],[-103.74049,25.42359],[-103.73878,25.42357],[-103.73874,25.42366],[-103.73856,25.42367],[-103.73854,25.42375],[-103.73836,25.42376],[-103.73834,25.42384],[-103.73798,25.42384],[-103.73794,25.42393],[-103.73777,25.42393],[-103.73764,25.4241],[-103.73734,25.4241],[-103.73732,25.42375],[-103.73715,25.42374],[-103.73711,25.42365],[-103.73675,25.42364],[-103.73676,25.42301],[-103.73695,25.4229],[-103.73696,25.42247],[-103.73716,25.42235],[-103.73717,25.42166],[-103.73727,25.42164],[-103.73727,25.4213],[-103.73737,25.42127],[-103.73738,25.42067],[-103.73748,25.42064],[-103.73748,25.42022],[-103.73758,25.42018],[-103.73759,25.41959],[-103.73767,25.41958],[-103.73769,25.4195],[-103.73788,25.41939],[-103.73789,25.41923],[-103.73809,25.41919],[-103.73809,25.41881],[-103.7379,25.41869],[-103.73789,25.41853],[-103.7378,25.41851],[-103.7378,25.41836],[-103.7377,25.41833],[-103.7377,25.41817],[-103.7376,25.41814],[-103.7376,25.4179],[-103.73751,25.41787],[-103.73748,25.41779],[-103.73731,25.41778],[-103.73728,25.41769],[-103.73711,25.41769],[-103.73711,25.41736],[-103.73702,25.41733],[-103.73702,25.41706],[-103.73722,25.41702],[-103.73722,25.41661],[-103.73751,25.41659],[-103.73752,25.41629],[-103.73713,25.41624],[-103.73711,25.41617],[-103.73703,25.41615],[-103.73703,25.4157],[-103.73713,25.41567],[-103.73713,25.41547],[-103.73704,25.41543],[-103.73703,25.41518],[-103.73694,25.41516],[-103.73694,25.41492],[-103.73684,25.41489],[-103.73685,25.41453],[-103.73693,25.41451],[-103.73695,25.41435],[-103.73705,25.41431],[-103.73705,25.41372],[-103.73761,25.41372],[-103.73765,25.41368],[-103.73765,25.41347],[-103.73746,25.41336],[-103.73746,25.41277],[-103.73736,25.41272],[-103.73736,25.41248],[-103.73707,25.41245],[-103.73707,25.41209],[-103.73745,25.41208],[-103.73747,25.41176],[-103.73698,25.41173],[-103.73698,25.41105],[-103.73688,25.41101],[-103.73689,25.41046],[-103.73697,25.41045],[-103.73699,25.41037],[-103.73717,25.41037],[-103.73719,25.4102],[-103.73729,25.41016],[-103.73729,25.40968],[-103.7371,25.40965],[-103.73711,25.40857],[-103.73741,25.40857],[-103.73741,25.40873],[-103.7375,25.40875],[-103.7375,25.409],[-103.7376,25.40903],[-103.73761,25.40919],[-103.7377,25.40921],[-103.7377,25.40944],[-103.73779,25.40948],[-103.7378,25.40972],[-103.73789,25.40975],[-103.7379,25.40991],[-103.73799,25.40993],[-103.73799,25.41017],[-103.73808,25.4102],[-103.73809,25.41045],[-103.73818,25.41047],[-103.73819,25.41064],[-103.73828,25.41066],[-103.73828,25.4109],[-103.73838,25.41093],[-103.73837,25.4112],[-103.73828,25.41123],[-103.73828,25.41144],[-103.73837,25.41147],[-103.73837,25.41163],[-103.73857,25.41174],[-103.73859,25.41182],[-103.73886,25.41183],[-103.73886,25.41229],[-103.7385,25.41228],[-103.73846,25.41237],[-103.73826,25.41241],[-103.73826,25.41261],[-103.73836,25.41264],[-103.73837,25.41281],[-103.73846,25.41282],[-103.73845,25.41337],[-103.73835,25.41341],[-103.73834,25.41396],[-103.73844,25.414],[-103.73844,25.41424],[-103.73854,25.41427],[-103.73854,25.4145],[-103.73864,25.41454],[-103.73864,25.4147],[-103.73873,25.41472],[-103.73876,25.41481],[-103.73898,25.41482],[-103.73903,25.41473],[-103.73963,25.4147],[-103.73962,25.4143],[-103.73943,25.41428],[-103.73942,25.41411],[-103.73924,25.4141],[-103.73922,25.41393],[-103.73904,25.41391],[-103.73903,25.41375],[-103.73884,25.41373],[-103.73883,25.41365],[-103.73874,25.41364],[-103.73875,25.41319],[-103.73883,25.41318],[-103.73885,25.4131],[-103.73904,25.41299],[-103.73905,25.41283],[-103.73935,25.41283],[-103.73936,25.41291],[-103.73945,25.41292],[-103.73945,25.41316],[-103.73954,25.4132],[-103.73954,25.41343],[-103.73964,25.41347],[-103.73965,25.41363],[-103.73974,25.41365],[-103.73975,25.41381],[-103.73993,25.41392],[-103.73995,25.41409],[-103.74003,25.4141],[-103.74004,25.41418],[-103.74013,25.41419],[-103.74014,25.41427],[-103.74023,25.41428],[-103.74024,25.41436],[-103.74033,25.41438],[-103.74034,25.41445],[-103.74043,25.41447],[-103.74054,25.41464],[-103.74062,25.41465],[-103.74063,25.41481],[-103.74072,25.41483],[-103.74073,25.41508],[-103.74092,25.41519],[-103.74093,25.41527],[-103.74101,25.41528],[-103.74103,25.41545],[-103.74131,25.41565],[-103.74131,25.41597],[-103.7414,25.41601],[-103.74141,25.41617],[-103.7421,25.4162],[-103.74211,25.41627],[-103.7422,25.41629],[-103.74221,25.41636],[-103.7423,25.41638],[-103.74241,25.41655],[-103.74249,25.41656],[-103.7425,25.41672],[-103.74269,25.41683],[-103.74269,25.41716],[-103.74278,25.4172],[-103.74278,25.41752],[-103.74288,25.41756],[-103.74289,25.41772],[-103.74308,25.41783],[-103.74309,25.418],[-103.74317,25.41801],[-103.74318,25.41809],[-103.74327,25.4181],[-103.74328,25.41818],[-103.74337,25.41819],[-103.74338,25.41827],[-103.74347,25.41829],[-103.74358,25.41846],[-103.74367,25.41847],[-103.74368,25.41863],[-103.74376,25.41865],[-103.74379,25.41874],[-103.74396,25.41874],[-103.74397,25.41882],[-103.74416,25.41892],[-103.74415,25.41934],[-103.74425,25.41938],[-103.74426,25.41954],[-103.74435,25.41956],[-103.74435,25.41989],[-103.74445,25.41992],[-103.74448,25.42001],[-103.74484,25.42001],[-103.74484,25.42025],[-103.74494,25.42028]]]}},{"type":"Feature","properties":{"id":368,"estado":"activa","confianza":"alta","area_m2":29639,"perimetro_m":843,"largo_m":260,"ancho_m":150,"lat":25.728383,"lon":-103.019098,"municipio":"San Pedro","cerca_de":"Ejido Reynosa","dist_ref_km":40.0,"d_ciudad_km":33.8,"altura_m":4.2,"precio_m2":140,"precio_m2_min":95,"precio_m2_max":210,"valor":4200000,"valor_min":2700000,"valor_max":6300000},"geometry":{"type":"Polygon","coordinates":[[[-103.02032,25.72807],[-103.02031,25.72898],[-103.01966,25.72897],[-103.01961,25.72906],[-103.01931,25.72905],[-103.01928,25.72896],[-103.01901,25.72896],[-103.01897,25.72878],[-103.01864,25.72878],[-103.01862,25.72895],[-103.01782,25.72894],[-103.01781,25.72886],[-103.01772,25.72885],[-103.01773,25.7284],[-103.01803,25.72837],[-103.01804,25.72777],[-103.01864,25.72778],[-103.01867,25.72787],[-103.01919,25.72788],[-103.01923,25.7277],[-103.01963,25.7277],[-103.01965,25.72778],[-103.01973,25.72779],[-103.01975,25.72797],[-103.01993,25.72798],[-103.01997,25.72807],[-103.02032,25.72807]]]}},{"type":"Feature","properties":{"id":369,"estado":"activa","confianza":"alta","area_m2":38359,"perimetro_m":1240,"largo_m":378,"ancho_m":228,"lat":25.753699,"lon":-103.02739,"municipio":"San Pedro","cerca_de":"Ejido Bolívar","dist_ref_km":40.3,"d_ciudad_km":34.3,"altura_m":0.7,"precio_m2":210,"precio_m2_min":135,"precio_m2_max":310,"valor":8000000,"valor_min":5200000,"valor_max":12000000},"geometry":{"type":"Polygon","coordinates":[[[-103.02869,25.75274],[-103.02867,25.75355],[-103.02857,25.75359],[-103.02857,25.754],[-103.02847,25.75402],[-103.02846,25.75418],[-103.02758,25.75419],[-103.02757,25.75441],[-103.02766,25.75444],[-103.02765,25.75489],[-103.02706,25.75488],[-103.02702,25.7547],[-103.02636,25.75469],[-103.02635,25.75462],[-103.02626,25.7546],[-103.02624,25.75434],[-103.02587,25.75433],[-103.02586,25.75416],[-103.02567,25.75414],[-103.02564,25.75405],[-103.02518,25.75405],[-103.02518,25.75378],[-103.02613,25.75379],[-103.02628,25.75361],[-103.02723,25.75362],[-103.02738,25.75344],[-103.02796,25.75344],[-103.02798,25.75321],[-103.02788,25.75318],[-103.02789,25.75246],[-103.02798,25.75245],[-103.028,25.75237],[-103.02829,25.75237],[-103.02832,25.75273],[-103.02869,25.75274]]]}},{"type":"Feature","properties":{"id":370,"estado":"activa","confianza":"alta","area_m2":19469,"perimetro_m":956,"largo_m":384,"ancho_m":91,"lat":25.791282,"lon":-103.0453,"municipio":"San Pedro","cerca_de":"Ejido Flores Magón","dist_ref_km":40.7,"d_ciudad_km":35.1,"altura_m":3.1,"precio_m2":120,"precio_m2_min":80,"precio_m2_max":180,"valor":2300000,"valor_min":1500000,"valor_max":3500000},"geometry":{"type":"Polygon","coordinates":[[[-103.04602,25.78971],[-103.04602,25.78998],[-103.04592,25.79002],[-103.04591,25.79043],[-103.04581,25.79047],[-103.0458,25.79097],[-103.04561,25.79108],[-103.0456,25.79133],[-103.0454,25.79145],[-103.04539,25.79169],[-103.0453,25.79171],[-103.04529,25.79187],[-103.04519,25.7919],[-103.04518,25.79232],[-103.04499,25.79243],[-103.04498,25.79268],[-103.04488,25.7927],[-103.04488,25.79286],[-103.04479,25.79287],[-103.04477,25.79295],[-103.04448,25.79294],[-103.04448,25.79267],[-103.04458,25.79263],[-103.04459,25.79222],[-103.04469,25.79218],[-103.0447,25.79159],[-103.04487,25.79159],[-103.0449,25.7915],[-103.04499,25.79149],[-103.045,25.79123],[-103.0451,25.7912],[-103.0451,25.79091],[-103.04501,25.79087],[-103.04501,25.79042],[-103.0451,25.79041],[-103.04512,25.79033],[-103.04539,25.79033],[-103.04552,25.79016],[-103.04561,25.79014],[-103.04562,25.7898],[-103.04571,25.78979],[-103.04572,25.78971],[-103.04602,25.78971]]]}},{"type":"Feature","properties":{"id":371,"estado":"activa","confianza":"alta","area_m2":9004,"perimetro_m":437,"largo_m":157,"ancho_m":89,"lat":25.809425,"lon":-103.055126,"municipio":"San Pedro","cerca_de":"Ejido Flores Magón","dist_ref_km":40.9,"d_ciudad_km":35.7,"altura_m":0.5,"precio_m2":120,"precio_m2_min":80,"precio_m2_max":185,"valor":1100000,"valor_min":720000,"valor_max":1700000},"geometry":{"type":"Polygon","coordinates":[[[-103.05567,25.80952],[-103.05567,25.80979],[-103.05557,25.80981],[-103.05556,25.80997],[-103.05497,25.80996],[-103.05495,25.80989],[-103.05487,25.80987],[-103.05487,25.80964],[-103.05477,25.8096],[-103.05477,25.80944],[-103.05458,25.80933],[-103.05457,25.80917],[-103.05448,25.80914],[-103.05449,25.80887],[-103.05478,25.80888],[-103.05492,25.80906],[-103.05538,25.80907],[-103.05539,25.80914],[-103.05548,25.80916],[-103.05548,25.80941],[-103.05567,25.80952]]]}},{"type":"Feature","properties":{"id":372,"estado":"activa","confianza":"alta","area_m2":801171,"perimetro_m":5284,"largo_m":1931,"ancho_m":801,"lat":25.44289,"lon":-103.755297,"municipio":"Lerdo","cerca_de":"Los Zamudios","dist_ref_km":40.5,"d_ciudad_km":22.5,"altura_m":9.0,"precio_m2":70,"precio_m2_min":45,"precio_m2_max":105,"valor":56000000,"valor_min":37000000,"valor_max":84000000},"geometry":{"type":"Polygon","coordinates":[[[-103.76046,25.43884],[-103.76045,25.4392],[-103.76036,25.43922],[-103.76035,25.43938],[-103.76027,25.43939],[-103.76025,25.43956],[-103.76016,25.43958],[-103.76015,25.43974],[-103.75996,25.43985],[-103.75995,25.44],[-103.75985,25.44004],[-103.75985,25.44018],[-103.75977,25.44019],[-103.75975,25.44027],[-103.75956,25.44038],[-103.75955,25.44054],[-103.75945,25.44057],[-103.75944,25.44072],[-103.75936,25.44073],[-103.75934,25.44081],[-103.75926,25.44082],[-103.75924,25.4409],[-103.75905,25.44101],[-103.75904,25.44126],[-103.75896,25.44127],[-103.75894,25.44135],[-103.75875,25.44146],[-103.75874,25.44162],[-103.75855,25.44173],[-103.75854,25.44189],[-103.75844,25.44191],[-103.75844,25.44216],[-103.75835,25.44217],[-103.75834,25.44225],[-103.75814,25.44236],[-103.75813,25.44252],[-103.75795,25.44262],[-103.75793,25.44279],[-103.75784,25.44281],[-103.75783,25.44297],[-103.75775,25.44298],[-103.75773,25.44306],[-103.75765,25.44307],[-103.75763,25.44315],[-103.75744,25.44326],[-103.75743,25.4435],[-103.75735,25.44351],[-103.75733,25.44359],[-103.75725,25.4436],[-103.75723,25.44368],[-103.75704,25.44379],[-103.75702,25.44404],[-103.75683,25.44416],[-103.75682,25.4444],[-103.75674,25.44442],[-103.75662,25.44458],[-103.75643,25.4446],[-103.75642,25.44494],[-103.75623,25.44496],[-103.75622,25.44521],[-103.75603,25.44532],[-103.75602,25.44548],[-103.75582,25.4456],[-103.75581,25.44575],[-103.75573,25.44576],[-103.75571,25.44584],[-103.75563,25.44585],[-103.75561,25.44593],[-103.75542,25.44604],[-103.75541,25.44629],[-103.75523,25.4463],[-103.75521,25.44647],[-103.75502,25.44657],[-103.75501,25.44683],[-103.75493,25.44683],[-103.75491,25.44691],[-103.75472,25.44702],[-103.7547,25.44718],[-103.75461,25.44722],[-103.7546,25.44736],[-103.75441,25.44748],[-103.7544,25.44772],[-103.75421,25.44775],[-103.7542,25.44799],[-103.754,25.44811],[-103.754,25.44835],[-103.75392,25.44836],[-103.7539,25.44844],[-103.75381,25.44845],[-103.7538,25.44853],[-103.75361,25.44864],[-103.75359,25.44889],[-103.75351,25.4489],[-103.75349,25.44898],[-103.7533,25.44908],[-103.75329,25.44925],[-103.75319,25.44928],[-103.75319,25.44943],[-103.753,25.44954],[-103.75299,25.44979],[-103.75291,25.4498],[-103.75289,25.44988],[-103.75281,25.44989],[-103.75279,25.44997],[-103.75271,25.44998],[-103.75269,25.45006],[-103.7526,25.45007],[-103.75259,25.45015],[-103.75239,25.45025],[-103.75238,25.45041],[-103.75219,25.45053],[-103.75218,25.45077],[-103.75199,25.45088],[-103.75198,25.45104],[-103.75188,25.45107],[-103.75188,25.45122],[-103.75179,25.45124],[-103.75168,25.4514],[-103.75138,25.4514],[-103.75139,25.45086],[-103.75147,25.45084],[-103.75149,25.45068],[-103.75158,25.45065],[-103.75159,25.45041],[-103.75179,25.45029],[-103.75179,25.44987],[-103.75199,25.44974],[-103.75201,25.44852],[-103.7521,25.44848],[-103.75211,25.44816],[-103.75221,25.44812],[-103.75221,25.44779],[-103.75231,25.44776],[-103.75232,25.44707],[-103.75241,25.44705],[-103.75242,25.44689],[-103.75252,25.44686],[-103.75252,25.44671],[-103.75282,25.44668],[-103.75282,25.44647],[-103.75262,25.44635],[-103.75266,25.44329],[-103.75276,25.44325],[-103.75276,25.4427],[-103.75266,25.44265],[-103.75268,25.44116],[-103.75258,25.44112],[-103.75259,25.44017],[-103.75249,25.44012],[-103.7525,25.43922],[-103.7526,25.43918],[-103.75261,25.43814],[-103.75271,25.4381],[-103.75273,25.43633],[-103.75293,25.43629],[-103.75294,25.43489],[-103.75303,25.43488],[-103.75304,25.4348],[-103.75334,25.4348],[-103.75348,25.43498],[-103.75371,25.43498],[-103.75374,25.4349],[-103.75423,25.4349],[-103.75428,25.43499],[-103.7545,25.43499],[-103.75453,25.4349],[-103.75483,25.43491],[-103.75486,25.43508],[-103.75529,25.43509],[-103.75533,25.43482],[-103.75541,25.43481],[-103.75543,25.43473],[-103.75561,25.43472],[-103.75563,25.43464],[-103.75581,25.43463],[-103.75583,25.43455],[-103.75592,25.43453],[-103.75593,25.43437],[-103.75602,25.43436],[-103.75603,25.43428],[-103.75643,25.43429],[-103.75644,25.43436],[-103.75653,25.43438],[-103.75654,25.43454],[-103.75662,25.43456],[-103.75664,25.43463],[-103.75672,25.43465],[-103.75673,25.43472],[-103.75682,25.43474],[-103.75683,25.43482],[-103.75692,25.43483],[-103.75704,25.435],[-103.75712,25.43501],[-103.75712,25.43525],[-103.75721,25.43529],[-103.75722,25.43545],[-103.75741,25.43547],[-103.75742,25.43555],[-103.75751,25.43556],[-103.75752,25.43572],[-103.75771,25.43574],[-103.75772,25.43582],[-103.7578,25.43583],[-103.75781,25.436],[-103.7579,25.43601],[-103.75791,25.43609],[-103.758,25.43611],[-103.75812,25.43628],[-103.7582,25.43629],[-103.7582,25.43644],[-103.7583,25.43647],[-103.75831,25.43682],[-103.75879,25.43683],[-103.75891,25.43701],[-103.75918,25.43702],[-103.75932,25.4372],[-103.75958,25.4372],[-103.75959,25.43728],[-103.75968,25.43729],[-103.75969,25.43746],[-103.75988,25.43748],[-103.75988,25.43764],[-103.76007,25.43775],[-103.76007,25.43811],[-103.75987,25.43814],[-103.75987,25.43871],[-103.76036,25.43874],[-103.76037,25.43882],[-103.76046,25.43884]]]}},{"type":"Feature","properties":{"id":373,"estado":"activa","confianza":"alta","area_m2":71040,"perimetro_m":1539,"largo_m":524,"ancho_m":241,"lat":25.434234,"lon":-103.751753,"municipio":"Lerdo","cerca_de":"El Refugio","dist_ref_km":40.6,"d_ciudad_km":23.2,"altura_m":6.3,"precio_m2":95,"precio_m2_min":60,"precio_m2_max":140,"valor":6700000,"valor_min":4300000,"valor_max":10000000},"geometry":{"type":"Polygon","coordinates":[[[-103.75247,25.43209],[-103.75246,25.43308],[-103.75236,25.43312],[-103.75233,25.43615],[-103.75223,25.43618],[-103.75223,25.4366],[-103.75206,25.4366],[-103.75203,25.43669],[-103.75074,25.43668],[-103.75069,25.43659],[-103.74994,25.43658],[-103.74994,25.43631],[-103.75004,25.43626],[-103.75004,25.43607],[-103.74995,25.43604],[-103.74995,25.43568],[-103.75005,25.43564],[-103.75005,25.43532],[-103.75025,25.4352],[-103.75026,25.43487],[-103.75044,25.43486],[-103.75046,25.43478],[-103.75055,25.43475],[-103.75056,25.4346],[-103.75073,25.43459],[-103.75076,25.43451],[-103.75114,25.4345],[-103.75116,25.43397],[-103.75135,25.43386],[-103.75136,25.4337],[-103.75182,25.43371],[-103.75186,25.43362],[-103.75196,25.43358],[-103.75196,25.43326],[-103.75206,25.43322],[-103.75207,25.43285],[-103.75197,25.4328],[-103.75197,25.43238],[-103.75178,25.43226],[-103.75178,25.43199],[-103.75218,25.43199],[-103.75221,25.43208],[-103.75247,25.43209]]]}},{"type":"Feature","properties":{"id":374,"estado":"activa","confianza":"alta","area_m2":48450,"perimetro_m":1275,"largo_m":432,"ancho_m":213,"lat":25.790231,"lon":-103.043126,"municipio":"San Pedro","cerca_de":"Ejido Flores Magón","dist_ref_km":40.8,"d_ciudad_km":35.2,"altura_m":1.1,"precio_m2":110,"precio_m2_min":70,"precio_m2_max":165,"valor":5300000,"valor_min":3400000,"valor_max":7900000},"geometry":{"type":"Polygon","coordinates":[[[-103.04423,25.78942],[-103.04423,25.78969],[-103.04415,25.7897],[-103.04413,25.78978],[-103.04405,25.78979],[-103.04403,25.78987],[-103.04384,25.78997],[-103.04382,25.79013],[-103.04373,25.79015],[-103.04372,25.79031],[-103.04362,25.79035],[-103.04362,25.79056],[-103.04381,25.79068],[-103.04379,25.79194],[-103.04362,25.79194],[-103.04349,25.79212],[-103.042,25.7921],[-103.042,25.79176],[-103.0418,25.79173],[-103.04181,25.79101],[-103.04208,25.79101],[-103.04222,25.79083],[-103.04251,25.79082],[-103.04253,25.79012],[-103.0427,25.79011],[-103.04273,25.79003],[-103.04319,25.79003],[-103.04323,25.78995],[-103.04342,25.78992],[-103.04345,25.78841],[-103.04375,25.78842],[-103.04377,25.7885],[-103.04395,25.78851],[-103.04396,25.78859],[-103.04415,25.78869],[-103.04414,25.78896],[-103.04404,25.789],[-103.04404,25.78937],[-103.04423,25.78942]]]}},{"type":"Feature","properties":{"id":375,"estado":"activa","confianza":"alta","area_m2":148392,"perimetro_m":2457,"largo_m":714,"ancho_m":408,"lat":25.750886,"lon":-103.023785,"municipio":"San Pedro","cerca_de":"Ejido Reynosa","dist_ref_km":40.5,"d_ciudad_km":34.4,"altura_m":1.9,"precio_m2":190,"precio_m2_min":125,"precio_m2_max":290,"valor":29000000,"valor_min":19000000,"valor_max":43000000},"geometry":{"type":"Polygon","coordinates":[[[-103.02672,25.75109],[-103.02671,25.75181],[-103.02661,25.75183],[-103.02661,25.75199],[-103.02611,25.75202],[-103.02611,25.75232],[-103.0263,25.75244],[-103.02629,25.75316],[-103.0262,25.75317],[-103.02619,25.75325],[-103.02553,25.75324],[-103.02549,25.75333],[-103.02509,25.75332],[-103.0251,25.75282],[-103.025,25.75278],[-103.02499,25.75262],[-103.0249,25.7526],[-103.02492,25.75154],[-103.02482,25.75151],[-103.02479,25.75143],[-103.02462,25.75142],[-103.02459,25.75133],[-103.02413,25.75132],[-103.0241,25.75106],[-103.02357,25.75105],[-103.02353,25.75113],[-103.02316,25.75113],[-103.02313,25.75122],[-103.02217,25.75121],[-103.02213,25.7513],[-103.02186,25.7513],[-103.02183,25.75138],[-103.02113,25.75137],[-103.02112,25.7513],[-103.02094,25.75119],[-103.02095,25.7505],[-103.02085,25.75047],[-103.02084,25.7503],[-103.02075,25.75028],[-103.02076,25.74977],[-103.02056,25.74965],[-103.02057,25.7492],[-103.02067,25.74916],[-103.02067,25.74896],[-103.02058,25.74893],[-103.02058,25.74848],[-103.02178,25.74849],[-103.02182,25.74858],[-103.02258,25.74859],[-103.02257,25.74892],[-103.02267,25.74896],[-103.02269,25.74904],[-103.02356,25.74906],[-103.02356,25.7493],[-103.02366,25.74933],[-103.02366,25.74966],[-103.02375,25.74969],[-103.02375,25.75019],[-103.02384,25.75024],[-103.02388,25.7506],[-103.02429,25.7506],[-103.02434,25.75051],[-103.02461,25.75051],[-103.02474,25.75034],[-103.02491,25.75034],[-103.02494,25.75025],[-103.02512,25.75024],[-103.02514,25.75016],[-103.0256,25.75017],[-103.02574,25.74999],[-103.02593,25.74998],[-103.02604,25.74982],[-103.02634,25.74982],[-103.02636,25.7499],[-103.02654,25.75],[-103.02653,25.75069],[-103.02663,25.75073],[-103.02663,25.75106],[-103.02672,25.75109]]]}},{"type":"Feature","properties":{"id":376,"estado":"activa","confianza":"alta","mixta":true,"area_m2":181664,"perimetro_m":2597,"largo_m":789,"ancho_m":344,"lat":25.398976,"lon":-103.734474,"municipio":"Lerdo","cerca_de":"Santa Anita","dist_ref_km":41.1,"d_ciudad_km":23.6,"altura_m":5.9,"precio_m2":85,"precio_m2_min":55,"precio_m2_max":125,"valor":15000000,"valor_min":9900000,"valor_max":23000000},"geometry":{"type":"Polygon","coordinates":[[[-103.73653,25.39764],[-103.73652,25.39809],[-103.73643,25.39811],[-103.73642,25.39827],[-103.73632,25.3983],[-103.73632,25.39845],[-103.73622,25.39848],[-103.73622,25.39872],[-103.73612,25.39874],[-103.73611,25.39899],[-103.73602,25.39903],[-103.73601,25.39926],[-103.73591,25.39929],[-103.73591,25.39953],[-103.73581,25.39956],[-103.73581,25.3998],[-103.73571,25.39983],[-103.7357,25.40016],[-103.73561,25.40018],[-103.7356,25.40043],[-103.7355,25.40046],[-103.7355,25.40088],[-103.7354,25.40091],[-103.73539,25.40124],[-103.73529,25.40128],[-103.73529,25.4016],[-103.73519,25.40164],[-103.73519,25.40223],[-103.73509,25.40226],[-103.73508,25.4025],[-103.73479,25.4025],[-103.73478,25.40225],[-103.73469,25.40223],[-103.73468,25.40215],[-103.73459,25.40214],[-103.73446,25.40196],[-103.73422,25.40196],[-103.73419,25.40204],[-103.73364,25.40204],[-103.7336,25.40213],[-103.7333,25.40213],[-103.73317,25.40195],[-103.7328,25.40194],[-103.7328,25.40178],[-103.73261,25.40167],[-103.73261,25.40122],[-103.7327,25.4012],[-103.73271,25.40104],[-103.73281,25.401],[-103.73283,25.39896],[-103.73302,25.39886],[-103.73304,25.39869],[-103.73313,25.39866],[-103.73314,25.39779],[-103.73333,25.39769],[-103.73335,25.39752],[-103.73343,25.39751],[-103.73345,25.39743],[-103.73363,25.39742],[-103.73365,25.39725],[-103.73403,25.39724],[-103.73405,25.39681],[-103.73425,25.39668],[-103.73425,25.39647],[-103.73415,25.39644],[-103.73411,25.39636],[-103.73388,25.39636],[-103.73375,25.39653],[-103.73346,25.39653],[-103.73346,25.39617],[-103.73363,25.39616],[-103.73366,25.39608],[-103.73413,25.39608],[-103.73416,25.39599],[-103.73434,25.39598],[-103.73446,25.39582],[-103.73476,25.39582],[-103.7348,25.39591],[-103.73512,25.39591],[-103.73525,25.39573],[-103.73535,25.3957],[-103.73536,25.39546],[-103.73605,25.39547],[-103.73605,25.39574],[-103.73596,25.39575],[-103.73595,25.39592],[-103.73585,25.39595],[-103.73584,25.39619],[-103.73576,25.3962],[-103.73574,25.39628],[-103.73525,25.3963],[-103.73525,25.39645],[-103.73515,25.39649],[-103.73514,25.39699],[-103.73504,25.39702],[-103.73504,25.39723],[-103.73623,25.39728],[-103.73624,25.39762],[-103.73653,25.39764]]]}},{"type":"Feature","properties":{"id":377,"estado":"activa","confianza":"alta","area_m2":13002,"perimetro_m":521,"largo_m":170,"ancho_m":100,"lat":25.720118,"lon":-103.012335,"municipio":"San Pedro","cerca_de":"San Esteban de Abajo","dist_ref_km":40.3,"d_ciudad_km":34.1,"altura_m":2.0,"precio_m2":145,"precio_m2_min":95,"precio_m2_max":220,"valor":1900000,"valor_min":1200000,"valor_max":2800000},"geometry":{"type":"Polygon","coordinates":[[[-103.01318,25.71994],[-103.01318,25.72039],[-103.013,25.7204],[-103.01288,25.72057],[-103.01248,25.72056],[-103.01244,25.72029],[-103.01221,25.72029],[-103.01218,25.72038],[-103.01148,25.72037],[-103.01149,25.71983],[-103.01158,25.71982],[-103.01169,25.71965],[-103.01269,25.71966],[-103.01281,25.71984],[-103.01299,25.71985],[-103.01302,25.71994],[-103.01318,25.71994]]]}},{"type":"Feature","properties":{"id":378,"estado":"activa","confianza":"alta","area_m2":33542,"perimetro_m":796,"largo_m":260,"ancho_m":160,"lat":25.699785,"lon":-103.005898,"municipio":"San Pedro","cerca_de":"San Esteban de Abajo","dist_ref_km":40.3,"d_ciudad_km":33.9,"altura_m":5.7,"precio_m2":110,"precio_m2_min":75,"precio_m2_max":170,"valor":3800000,"valor_min":2400000,"valor_max":5600000},"geometry":{"type":"Polygon","coordinates":[[[-103.00724,25.70009],[-103.00723,25.70045],[-103.00715,25.70047],[-103.00703,25.70063],[-103.00623,25.70062],[-103.00619,25.70053],[-103.00544,25.70052],[-103.00542,25.70044],[-103.00524,25.70043],[-103.00521,25.70034],[-103.00474,25.70033],[-103.00473,25.70025],[-103.00464,25.70024],[-103.00466,25.69952],[-103.00484,25.6995],[-103.00486,25.69934],[-103.00582,25.69935],[-103.00596,25.69917],[-103.00626,25.69918],[-103.0063,25.69927],[-103.00705,25.69928],[-103.00707,25.69935],[-103.00715,25.69937],[-103.00714,25.70005],[-103.00724,25.70009]]]}},{"type":"Feature","properties":{"id":379,"estado":"activa","confianza":"alta","mixta":true,"area_m2":478966,"perimetro_m":6808,"largo_m":1858,"ancho_m":661,"lat":25.41728,"lon":-103.745964,"municipio":"Lerdo","cerca_de":"El Pedregal","dist_ref_km":41.0,"d_ciudad_km":23.6,"altura_m":2.6,"precio_m2":75,"precio_m2_min":50,"precio_m2_max":110,"valor":36000000,"valor_min":23000000,"valor_max":54000000},"geometry":{"type":"Polygon","coordinates":[[[-103.7501,25.42096],[-103.7501,25.42123],[-103.74973,25.42123],[-103.7497,25.42141],[-103.74952,25.42141],[-103.7494,25.42159],[-103.74911,25.42161],[-103.7491,25.42217],[-103.74919,25.42222],[-103.74919,25.42267],[-103.74911,25.42268],[-103.74909,25.42276],[-103.74833,25.42275],[-103.74829,25.42293],[-103.7482,25.42295],[-103.74819,25.42335],[-103.74829,25.42338],[-103.74829,25.42354],[-103.74878,25.42357],[-103.74878,25.42393],[-103.74869,25.42395],[-103.74868,25.42411],[-103.74848,25.42422],[-103.74848,25.42447],[-103.74818,25.42447],[-103.74817,25.42403],[-103.74759,25.42401],[-103.74757,25.42393],[-103.74749,25.42392],[-103.74748,25.42375],[-103.74739,25.42374],[-103.74738,25.42366],[-103.74729,25.42364],[-103.74718,25.42347],[-103.74709,25.42346],[-103.74709,25.42313],[-103.7469,25.42301],[-103.7469,25.42285],[-103.7467,25.42274],[-103.7467,25.42258],[-103.74661,25.42256],[-103.7466,25.42239],[-103.74651,25.42237],[-103.7465,25.42203],[-103.74631,25.42201],[-103.7463,25.42193],[-103.74602,25.42174],[-103.74601,25.42157],[-103.74592,25.42156],[-103.7458,25.42139],[-103.74572,25.42137],[-103.74572,25.42113],[-103.74563,25.4211],[-103.74562,25.42094],[-103.74553,25.42092],[-103.74553,25.42067],[-103.74543,25.42065],[-103.74544,25.42005],[-103.74534,25.42002],[-103.74534,25.41987],[-103.74524,25.41984],[-103.74523,25.41967],[-103.74505,25.41956],[-103.74505,25.41924],[-103.74495,25.4192],[-103.74495,25.41888],[-103.74486,25.41884],[-103.74485,25.41859],[-103.74476,25.41857],[-103.74476,25.41832],[-103.74466,25.4183],[-103.74466,25.41814],[-103.74456,25.41811],[-103.74456,25.41797],[-103.74447,25.41793],[-103.74446,25.41777],[-103.74437,25.41775],[-103.74436,25.41759],[-103.74427,25.41757],[-103.74427,25.41741],[-103.74417,25.41739],[-103.74417,25.41723],[-103.74398,25.41712],[-103.74398,25.41697],[-103.74388,25.41693],[-103.74387,25.41677],[-103.74368,25.41666],[-103.74367,25.41658],[-103.74359,25.41657],[-103.74357,25.41649],[-103.74349,25.41648],[-103.74347,25.4164],[-103.74339,25.41639],[-103.74337,25.41631],[-103.74329,25.4163],[-103.74327,25.41622],[-103.74319,25.41621],[-103.74318,25.41613],[-103.74309,25.41611],[-103.74308,25.41604],[-103.743,25.41602],[-103.74298,25.41594],[-103.7428,25.41593],[-103.74267,25.41575],[-103.7425,25.41575],[-103.74229,25.41549],[-103.74211,25.41547],[-103.7421,25.4154],[-103.74201,25.41538],[-103.74189,25.41521],[-103.74171,25.4152],[-103.7417,25.41512],[-103.74161,25.41511],[-103.7416,25.41504],[-103.74151,25.41502],[-103.7415,25.41494],[-103.74142,25.41493],[-103.74141,25.41485],[-103.74132,25.41484],[-103.7412,25.41466],[-103.74112,25.41465],[-103.74112,25.41442],[-103.74102,25.41438],[-103.74102,25.41413],[-103.74093,25.41411],[-103.74081,25.41394],[-103.74073,25.41393],[-103.74072,25.41385],[-103.74063,25.41384],[-103.74062,25.41376],[-103.74053,25.41375],[-103.74042,25.41357],[-103.74034,25.41356],[-103.74032,25.41349],[-103.74024,25.41347],[-103.74022,25.4133],[-103.73994,25.41329],[-103.73994,25.41296],[-103.73975,25.41284],[-103.73974,25.41268],[-103.73965,25.41265],[-103.73965,25.41251],[-103.73955,25.41247],[-103.73955,25.41231],[-103.73945,25.41229],[-103.73945,25.41195],[-103.73926,25.41184],[-103.73926,25.41169],[-103.73916,25.41166],[-103.73915,25.41149],[-103.73907,25.41148],[-103.73906,25.41132],[-103.73887,25.4112],[-103.73887,25.41105],[-103.73877,25.41102],[-103.73876,25.41086],[-103.73867,25.41084],[-103.73867,25.4106],[-103.73858,25.41057],[-103.73858,25.4103],[-103.73888,25.4103],[-103.7389,25.41038],[-103.73908,25.41039],[-103.73912,25.41048],[-103.73963,25.41049],[-103.73967,25.4104],[-103.73977,25.41037],[-103.73978,25.41013],[-103.74007,25.41013],[-103.74008,25.41056],[-103.74017,25.41058],[-103.74029,25.41076],[-103.74046,25.41077],[-103.74048,25.41084],[-103.74056,25.41086],[-103.74069,25.41103],[-103.74096,25.41104],[-103.74099,25.41113],[-103.74121,25.41113],[-103.74126,25.41095],[-103.74205,25.41096],[-103.74208,25.41104],[-103.74225,25.41105],[-103.74238,25.41123],[-103.74275,25.41124],[-103.74277,25.41132],[-103.74304,25.41133],[-103.74309,25.41142],[-103.74374,25.41143],[-103.74376,25.41151],[-103.74394,25.41152],[-103.74397,25.41161],[-103.74413,25.41161],[-103.74413,25.41233],[-103.74404,25.41234],[-103.74403,25.41242],[-103.74384,25.41243],[-103.74383,25.41251],[-103.74373,25.41254],[-103.74373,25.41269],[-103.74344,25.4127],[-103.74343,25.41292],[-103.74352,25.41296],[-103.74356,25.41305],[-103.74402,25.41305],[-103.74405,25.41323],[-103.74442,25.41324],[-103.74442,25.4134],[-103.74461,25.41351],[-103.74462,25.41394],[-103.745,25.41396],[-103.74502,25.41413],[-103.7451,25.41415],[-103.74513,25.41423],[-103.7453,25.41424],[-103.74531,25.41431],[-103.7454,25.41433],[-103.7454,25.41465],[-103.74549,25.41469],[-103.74549,25.41496],[-103.74501,25.41497],[-103.74503,25.41532],[-103.74526,25.41532],[-103.74529,25.41523],[-103.74566,25.41523],[-103.74579,25.41505],[-103.74645,25.41506],[-103.74649,25.41497],[-103.74665,25.41497],[-103.74669,25.41488],[-103.74687,25.41487],[-103.74689,25.41461],[-103.74699,25.41458],[-103.74699,25.41428],[-103.74679,25.41416],[-103.74678,25.41399],[-103.7466,25.41389],[-103.74659,25.41355],[-103.7464,25.41343],[-103.74638,25.41335],[-103.7463,25.41334],[-103.74629,25.41326],[-103.74621,25.41325],[-103.74621,25.41271],[-103.74701,25.41272],[-103.74705,25.41281],[-103.7474,25.41281],[-103.74741,25.41306],[-103.7476,25.41308],[-103.7476,25.41333],[-103.74779,25.41345],[-103.74779,25.41381],[-103.74769,25.41385],[-103.74769,25.41414],[-103.74779,25.41417],[-103.74778,25.41507],[-103.74768,25.41511],[-103.74767,25.41543],[-103.74748,25.41546],[-103.74747,25.4157],[-103.74737,25.41574],[-103.74737,25.41612],[-103.74787,25.41616],[-103.74787,25.41659],[-103.74816,25.41661],[-103.74815,25.41706],[-103.74776,25.41708],[-103.74775,25.41733],[-103.74756,25.41745],[-103.74755,25.41778],[-103.74735,25.4179],[-103.74735,25.41814],[-103.74715,25.41816],[-103.74714,25.41859],[-103.74695,25.4187],[-103.74694,25.41886],[-103.74686,25.41887],[-103.74684,25.41895],[-103.74645,25.41897],[-103.74644,25.41948],[-103.74624,25.4196],[-103.74623,25.4202],[-103.74613,25.42024],[-103.74613,25.42045],[-103.74623,25.42048],[-103.74622,25.42117],[-103.74649,25.42119],[-103.74652,25.42093],[-103.74669,25.42093],[-103.74672,25.42084],[-103.74691,25.42083],[-103.74693,25.4203],[-103.74711,25.42029],[-103.74713,25.42021],[-103.74721,25.4202],[-103.74723,25.42012],[-103.74742,25.42002],[-103.74743,25.41994],[-103.74812,25.41995],[-103.74814,25.42003],[-103.74822,25.42004],[-103.74823,25.42012],[-103.74832,25.42013],[-103.74844,25.4203],[-103.74852,25.42031],[-103.74853,25.42057],[-103.74871,25.42059],[-103.74875,25.42068],[-103.74927,25.42068],[-103.74931,25.4205],[-103.74971,25.42051],[-103.74972,25.42058],[-103.74991,25.42069],[-103.74992,25.42085],[-103.7501,25.42096]],[[-103.74246,25.41394],[-103.74272,25.41391],[-103.74272,25.4137],[-103.74262,25.41367],[-103.74261,25.4135],[-103.74242,25.41349],[-103.74243,25.41322],[-103.74253,25.41318],[-103.74252,25.41288],[-103.74223,25.41286],[-103.74222,25.4126],[-103.74214,25.41259],[-103.74202,25.41241],[-103.74194,25.4124],[-103.74193,25.41233],[-103.74184,25.41231],[-103.74183,25.41224],[-103.74174,25.41222],[-103.74163,25.41205],[-103.74155,25.41204],[-103.74153,25.41196],[-103.74145,25.41195],[-103.74143,25.41178],[-103.74125,25.41177],[-103.74125,25.41161],[-103.74105,25.41149],[-103.74104,25.41141],[-103.74068,25.41141],[-103.74066,25.41173],[-103.74085,25.41176],[-103.74085,25.4123],[-103.74059,25.4123],[-103.74055,25.41239],[-103.74027,25.4124],[-103.74025,25.41264],[-103.74045,25.41266],[-103.74045,25.41282],[-103.74064,25.41284],[-103.74065,25.413],[-103.74084,25.41312],[-103.74086,25.4132],[-103.74123,25.41321],[-103.74124,25.41336],[-103.74133,25.41339],[-103.74136,25.41348],[-103.74153,25.41348],[-103.74155,25.41356],[-103.74173,25.41358],[-103.74177,25.41367],[-103.74199,25.41366],[-103.74203,25.41358],[-103.74232,25.41358],[-103.74233,25.41383],[-103.74242,25.41385],[-103.74246,25.41394]],[[-103.74528,25.41586],[-103.74527,25.41579],[-103.74519,25.41577],[-103.74507,25.4156],[-103.74482,25.41559],[-103.74479,25.41611],[-103.74498,25.41613],[-103.74502,25.41622],[-103.74525,25.41622],[-103.74528,25.41613],[-103.74538,25.41609],[-103.74538,25.41589],[-103.74528,25.41586]],[[-103.74569,25.4193],[-103.74604,25.41926],[-103.74604,25.41888],[-103.74595,25.41885],[-103.74593,25.41867],[-103.74568,25.41867],[-103.74555,25.41884],[-103.74545,25.41887],[-103.74545,25.41918],[-103.74565,25.41921],[-103.74569,25.4193]],[[-103.74825,25.42266],[-103.7483,25.42262],[-103.7483,25.4218],[-103.74821,25.42176],[-103.7482,25.4216],[-103.74743,25.42158],[-103.74743,25.42183],[-103.74791,25.42184],[-103.74791,25.42264],[-103.74825,25.42266]]]}},{"type":"Feature","properties":{"id":380,"estado":"activa","confianza":"alta","area_m2":77751,"perimetro_m":1843,"largo_m":642,"ancho_m":283,"lat":25.402716,"lon":-103.73839,"municipio":"Lerdo","cerca_de":"Santa Anita","dist_ref_km":41.2,"d_ciudad_km":23.9,"altura_m":1.0,"precio_m2":95,"precio_m2_min":60,"precio_m2_max":140,"valor":7200000,"valor_min":4700000,"valor_max":11000000},"geometry":{"type":"Polygon","coordinates":[[[-103.74152,25.40463],[-103.74152,25.40491],[-103.74125,25.40491],[-103.74112,25.40508],[-103.74095,25.40509],[-103.74092,25.40517],[-103.74052,25.40517],[-103.74052,25.40419],[-103.74033,25.40417],[-103.7403,25.40399],[-103.73974,25.40399],[-103.73971,25.40381],[-103.73924,25.4038],[-103.73923,25.40373],[-103.73915,25.40371],[-103.73914,25.40355],[-103.73905,25.40353],[-103.73904,25.40337],[-103.73895,25.40335],[-103.73895,25.40319],[-103.73885,25.40317],[-103.73883,25.40308],[-103.7377,25.40307],[-103.73756,25.40325],[-103.73739,25.40325],[-103.73736,25.40333],[-103.73706,25.40333],[-103.73707,25.40261],[-103.73717,25.40257],[-103.73718,25.40171],[-103.73727,25.40168],[-103.73728,25.40144],[-103.73738,25.4014],[-103.73738,25.40117],[-103.73748,25.40114],[-103.73749,25.40072],[-103.73758,25.40069],[-103.73759,25.40036],[-103.73768,25.40034],[-103.73769,25.40027],[-103.73809,25.40027],[-103.7381,25.40035],[-103.73819,25.40036],[-103.73819,25.40051],[-103.73828,25.40054],[-103.73829,25.40069],[-103.73838,25.40072],[-103.73839,25.40089],[-103.73858,25.401],[-103.73858,25.40115],[-103.73877,25.40127],[-103.73878,25.40143],[-103.73897,25.40154],[-103.73897,25.40169],[-103.73907,25.40172],[-103.73908,25.40189],[-103.73917,25.40191],[-103.73928,25.40208],[-103.73936,25.40209],[-103.73937,25.40234],[-103.73956,25.40245],[-103.73957,25.40253],[-103.73966,25.40254],[-103.73967,25.40271],[-103.73975,25.40272],[-103.73976,25.4028],[-103.73985,25.40281],[-103.73986,25.40289],[-103.73995,25.40291],[-103.74007,25.40308],[-103.74015,25.40309],[-103.74016,25.40326],[-103.74024,25.40327],[-103.74025,25.40334],[-103.74034,25.40336],[-103.74035,25.40343],[-103.74044,25.40345],[-103.74056,25.40362],[-103.74064,25.40363],[-103.74064,25.40379],[-103.74083,25.40391],[-103.74085,25.40399],[-103.74093,25.404],[-103.74094,25.40416],[-103.74113,25.40418],[-103.74114,25.40434],[-103.74123,25.40436],[-103.74124,25.40443],[-103.74133,25.40445],[-103.74144,25.40462],[-103.74152,25.40463]]]}},{"type":"Feature","properties":{"id":381,"estado":"activa","confianza":"alta","area_m2":36443,"perimetro_m":1071,"largo_m":290,"ancho_m":170,"lat":25.75821,"lon":-103.024012,"municipio":"San Pedro","cerca_de":"Ejido Bolívar","dist_ref_km":40.8,"d_ciudad_km":34.9,"altura_m":1.5,"precio_m2":230,"precio_m2_min":150,"precio_m2_max":340,"valor":8300000,"valor_min":5400000,"valor_max":12000000},"geometry":{"type":"Polygon","coordinates":[[[-103.0249,25.75874],[-103.0249,25.75901],[-103.02481,25.75902],[-103.02479,25.7591],[-103.0245,25.75909],[-103.02447,25.759],[-103.02425,25.759],[-103.0242,25.75909],[-103.0239,25.75908],[-103.02387,25.75891],[-103.0234,25.7589],[-103.02339,25.75882],[-103.02321,25.75871],[-103.02322,25.75772],[-103.02378,25.75773],[-103.02382,25.75764],[-103.02399,25.75764],[-103.02402,25.75755],[-103.02422,25.75751],[-103.02419,25.75728],[-103.02396,25.75728],[-103.02393,25.75737],[-103.02343,25.75736],[-103.02344,25.75664],[-103.02371,25.75664],[-103.02384,25.75646],[-103.02444,25.75647],[-103.02446,25.75665],[-103.02473,25.75666],[-103.02473,25.7572],[-103.02463,25.75723],[-103.02462,25.75752],[-103.02482,25.75765],[-103.0248,25.75869],[-103.0249,25.75874]]]}},{"type":"Feature","properties":{"id":382,"estado":"activa","confianza":"alta","area_m2":48938,"perimetro_m":1207,"largo_m":486,"ancho_m":124,"lat":25.706203,"lon":-103.005243,"municipio":"San Pedro","cerca_de":"San Esteban de Abajo","dist_ref_km":40.6,"d_ciudad_km":34.0,"altura_m":3.8,"precio_m2":115,"precio_m2_min":75,"precio_m2_max":170,"valor":5500000,"valor_min":3600000,"valor_max":8300000},"geometry":{"type":"Polygon","coordinates":[[[-103.00764,25.70578],[-103.00763,25.70642],[-103.00735,25.70642],[-103.00733,25.70659],[-103.00716,25.7066],[-103.00713,25.70668],[-103.00663,25.70667],[-103.0066,25.70659],[-103.00638,25.70658],[-103.00633,25.70667],[-103.00596,25.70662],[-103.00593,25.70675],[-103.00378,25.70672],[-103.00364,25.7069],[-103.00324,25.7069],[-103.00321,25.70681],[-103.00304,25.7068],[-103.00301,25.70672],[-103.00284,25.70671],[-103.00285,25.70599],[-103.00295,25.70597],[-103.00296,25.70581],[-103.00461,25.70583],[-103.00465,25.70574],[-103.00764,25.70578]]]}},{"type":"Feature","properties":{"id":383,"estado":"activa","confianza":"media","area_m2":5046,"perimetro_m":294,"largo_m":80,"ancho_m":70,"lat":25.81071,"lon":-103.050117,"municipio":"San Pedro","cerca_de":"Ejido Flores Magón","dist_ref_km":41.4,"d_ciudad_km":36.2,"altura_m":1.2,"precio_m2":120,"precio_m2_min":80,"precio_m2_max":180,"valor":610000,"valor_min":400000,"valor_max":910000},"geometry":{"type":"Polygon","coordinates":[[[-103.05047,25.81044],[-103.05046,25.81099],[-103.04976,25.81098],[-103.04977,25.81043],[-103.04987,25.81041],[-103.04988,25.81026],[-103.05027,25.81026],[-103.05029,25.81043],[-103.05047,25.81044]]]}},{"type":"Feature","properties":{"id":384,"estado":"activa","confianza":"alta","area_m2":21563,"perimetro_m":835,"largo_m":210,"ancho_m":180,"lat":25.816682,"lon":-103.053616,"municipio":"San Pedro","cerca_de":"Ejido Flores Magón","dist_ref_km":41.5,"d_ciudad_km":36.3,"altura_m":1.6,"precio_m2":110,"precio_m2_min":75,"precio_m2_max":170,"valor":2400000,"valor_min":1600000,"valor_max":3600000},"geometry":{"type":"Polygon","coordinates":[[[-103.05496,25.81619],[-103.05495,25.81682],[-103.05487,25.81683],[-103.05485,25.81691],[-103.05445,25.81691],[-103.05445,25.81675],[-103.05436,25.81672],[-103.05434,25.81664],[-103.05409,25.81663],[-103.05406,25.81672],[-103.05396,25.81675],[-103.05395,25.81699],[-103.05386,25.81702],[-103.05385,25.81735],[-103.05375,25.81738],[-103.05374,25.81762],[-103.05325,25.81761],[-103.05323,25.81753],[-103.05315,25.81752],[-103.05316,25.81662],[-103.05326,25.81658],[-103.05327,25.81599],[-103.05357,25.81599],[-103.05357,25.81614],[-103.05367,25.81617],[-103.05368,25.81625],[-103.05393,25.81627],[-103.05397,25.81609],[-103.05417,25.81597],[-103.05417,25.81573],[-103.05457,25.81573],[-103.05459,25.81581],[-103.05477,25.81592],[-103.05478,25.81608],[-103.05496,25.81619]]]}},{"type":"Feature","properties":{"id":385,"estado":"activa","confianza":"alta","area_m2":36407,"perimetro_m":855,"largo_m":240,"ancho_m":210,"lat":25.423541,"lon":-103.752015,"municipio":"Lerdo","cerca_de":"El Pedregal","dist_ref_km":41.2,"d_ciudad_km":24.0,"altura_m":0.2,"precio_m2":100,"precio_m2_min":65,"precio_m2_max":150,"valor":3700000,"valor_min":2400000,"valor_max":5600000},"geometry":{"type":"Polygon","coordinates":[[[-103.75306,25.42297],[-103.75305,25.42396],[-103.75297,25.42398],[-103.75295,25.42405],[-103.75259,25.42405],[-103.75255,25.42423],[-103.7521,25.42423],[-103.75206,25.42432],[-103.75066,25.42431],[-103.75067,25.42403],[-103.75106,25.42401],[-103.75106,25.4238],[-103.75097,25.42377],[-103.75097,25.42332],[-103.75107,25.42329],[-103.75107,25.42314],[-103.75127,25.42302],[-103.75128,25.42278],[-103.75136,25.42276],[-103.75138,25.42269],[-103.75166,25.42268],[-103.75168,25.42251],[-103.75176,25.4225],[-103.75178,25.42242],[-103.75208,25.42242],[-103.75212,25.42251],[-103.75247,25.42252],[-103.75259,25.42269],[-103.75277,25.4227],[-103.75278,25.42278],[-103.75306,25.42297]]]}},{"type":"Feature","properties":{"id":386,"estado":"activa","confianza":"alta","area_m2":257874,"perimetro_m":2765,"largo_m":910,"ancho_m":420,"lat":25.789376,"lon":-103.036956,"municipio":"San Pedro","cerca_de":"Ejido Bolívar","dist_ref_km":41.3,"d_ciudad_km":35.4,"altura_m":5.2,"precio_m2":95,"precio_m2_min":60,"precio_m2_max":145,"valor":25000000,"valor_min":16000000,"valor_max":37000000},"geometry":{"type":"Polygon","coordinates":[[[-103.0395,25.78647],[-103.03949,25.78674],[-103.03941,25.78675],[-103.03939,25.78682],[-103.03889,25.78685],[-103.03888,25.7875],[-103.03898,25.78754],[-103.03897,25.78808],[-103.03871,25.78808],[-103.03867,25.78817],[-103.03837,25.78821],[-103.03835,25.78925],[-103.03826,25.78927],[-103.03825,25.78948],[-103.03845,25.78952],[-103.03843,25.79092],[-103.03852,25.79097],[-103.03852,25.7913],[-103.03862,25.79133],[-103.0386,25.79223],[-103.03852,25.79224],[-103.0384,25.79241],[-103.03765,25.7924],[-103.0376,25.79249],[-103.03733,25.79249],[-103.0372,25.79266],[-103.03711,25.79268],[-103.0371,25.79275],[-103.03701,25.79277],[-103.037,25.79284],[-103.03691,25.79286],[-103.0369,25.79293],[-103.03681,25.79294],[-103.03679,25.79311],[-103.0366,25.79313],[-103.03659,25.79338],[-103.03619,25.79337],[-103.03619,25.79294],[-103.0359,25.79292],[-103.03589,25.79275],[-103.0357,25.79273],[-103.03569,25.79266],[-103.03561,25.79264],[-103.03563,25.79124],[-103.03543,25.7911],[-103.03545,25.7902],[-103.03554,25.79018],[-103.03555,25.78975],[-103.03565,25.78972],[-103.03566,25.78908],[-103.03557,25.78903],[-103.03557,25.78843],[-103.03548,25.7884],[-103.03549,25.78762],[-103.03539,25.78758],[-103.03538,25.78742],[-103.03529,25.7874],[-103.03531,25.78623],[-103.03569,25.78623],[-103.03571,25.78614],[-103.03581,25.78612],[-103.03582,25.78592],[-103.03562,25.78587],[-103.0356,25.78579],[-103.03532,25.7856],[-103.03533,25.78533],[-103.03593,25.78533],[-103.03595,25.78542],[-103.03622,25.78543],[-103.03627,25.78552],[-103.03717,25.78553],[-103.03722,25.78544],[-103.03749,25.78544],[-103.03752,25.78536],[-103.03828,25.78536],[-103.03842,25.78519],[-103.03872,25.78519],[-103.03873,25.78527],[-103.03882,25.78528],[-103.03882,25.78544],[-103.03891,25.78546],[-103.03891,25.78616],[-103.039,25.78619],[-103.03903,25.78627],[-103.0392,25.78628],[-103.03932,25.78646],[-103.0395,25.78647]]]}},{"type":"Feature","properties":{"id":387,"estado":"activa","confianza":"alta","area_m2":81213,"perimetro_m":1428,"largo_m":433,"ancho_m":292,"lat":25.748957,"lon":-103.017501,"municipio":"San Pedro","cerca_de":"Ejido Bolívar","dist_ref_km":41.0,"d_ciudad_km":35.0,"altura_m":1.1,"precio_m2":220,"precio_m2_min":145,"precio_m2_max":330,"valor":18000000,"valor_min":12000000,"valor_max":27000000,"grupo":327,"grupo_bloques":2,"grupo_m2":252999},"geometry":{"type":"Polygon","coordinates":[[[-103.01899,25.74855],[-103.01898,25.74927],[-103.01889,25.74928],[-103.01877,25.74945],[-103.01861,25.74945],[-103.01857,25.74953],[-103.01839,25.74954],[-103.01837,25.74971],[-103.01799,25.74972],[-103.01797,25.74998],[-103.01788,25.74999],[-103.01787,25.75006],[-103.01779,25.75007],[-103.01777,25.75015],[-103.01768,25.75016],[-103.01766,25.75024],[-103.01747,25.75035],[-103.01746,25.75042],[-103.01696,25.75041],[-103.01695,25.75034],[-103.01687,25.75032],[-103.01686,25.75025],[-103.01677,25.75023],[-103.01665,25.75006],[-103.01657,25.75005],[-103.01656,25.74988],[-103.01638,25.74986],[-103.01637,25.7497],[-103.01618,25.74959],[-103.01618,25.74932],[-103.01628,25.74928],[-103.01628,25.74907],[-103.01609,25.74905],[-103.01595,25.74887],[-103.0154,25.74886],[-103.01538,25.74878],[-103.0153,25.74877],[-103.01529,25.74869],[-103.0152,25.74867],[-103.01519,25.7486],[-103.0151,25.74858],[-103.01509,25.74851],[-103.015,25.74849],[-103.01489,25.74832],[-103.01481,25.74831],[-103.0148,25.74805],[-103.01461,25.74803],[-103.0146,25.74796],[-103.01451,25.74794],[-103.01452,25.74767],[-103.01557,25.74769],[-103.01562,25.7476],[-103.01761,25.74762],[-103.01765,25.74771],[-103.01801,25.74772],[-103.01802,25.7478],[-103.0182,25.7479],[-103.0182,25.74817],[-103.0181,25.74821],[-103.01812,25.74844],[-103.01859,25.74845],[-103.01863,25.74854],[-103.01899,25.74855]]]}},{"type":"Feature","properties":{"id":388,"estado":"activa","confianza":"alta","area_m2":23791,"perimetro_m":882,"largo_m":258,"ancho_m":198,"lat":25.708907,"lon":-103.003633,"municipio":"San Pedro","cerca_de":"San Esteban de Abajo","dist_ref_km":40.8,"d_ciudad_km":34.4,"altura_m":2.0,"precio_m2":125,"precio_m2_min":80,"precio_m2_max":190,"valor":3000000,"valor_min":2000000,"valor_max":4500000},"geometry":{"type":"Polygon","coordinates":[[[-103.00531,25.70801],[-103.00531,25.70828],[-103.00494,25.70828],[-103.00491,25.70846],[-103.00472,25.70847],[-103.0047,25.70881],[-103.00443,25.70881],[-103.0043,25.70899],[-103.00381,25.709],[-103.00379,25.70988],[-103.00349,25.70988],[-103.00348,25.70944],[-103.0033,25.70943],[-103.00326,25.70934],[-103.0031,25.70933],[-103.00307,25.70925],[-103.0029,25.70924],[-103.00291,25.70883],[-103.00281,25.70879],[-103.00282,25.70834],[-103.00291,25.70831],[-103.00292,25.70816],[-103.00477,25.70818],[-103.00481,25.708],[-103.00531,25.70801]]]}},{"type":"Feature","properties":{"id":389,"estado":"activa","confianza":"alta","area_m2":220434,"perimetro_m":2504,"largo_m":934,"ancho_m":399,"lat":25.727327,"lon":-103.008277,"municipio":"San Pedro","cerca_de":"San Esteban de Abajo","dist_ref_km":41.0,"d_ciudad_km":34.6,"altura_m":1.2,"precio_m2":130,"precio_m2_min":85,"precio_m2_max":195,"valor":29000000,"valor_min":19000000,"valor_max":43000000},"geometry":{"type":"Polygon","coordinates":[[[-103.01039,25.72622],[-103.01038,25.72685],[-103.01018,25.72699],[-103.01019,25.7272],[-103.01037,25.72722],[-103.01035,25.72866],[-103.01026,25.72867],[-103.01015,25.72884],[-103.00996,25.72885],[-103.00994,25.72901],[-103.00908,25.72901],[-103.00904,25.72936],[-103.00877,25.72936],[-103.00874,25.72945],[-103.00856,25.72946],[-103.00854,25.72954],[-103.00817,25.72954],[-103.00804,25.72971],[-103.00785,25.72972],[-103.00774,25.72989],[-103.00737,25.72989],[-103.00724,25.73006],[-103.00529,25.73003],[-103.00524,25.73012],[-103.00468,25.73012],[-103.00464,25.73021],[-103.00335,25.73019],[-103.00336,25.72965],[-103.00344,25.72963],[-103.00346,25.72956],[-103.00354,25.72955],[-103.00356,25.72947],[-103.00375,25.72936],[-103.00376,25.72929],[-103.00395,25.72928],[-103.00396,25.7292],[-103.00405,25.72919],[-103.00406,25.72911],[-103.00415,25.7291],[-103.00416,25.72903],[-103.00425,25.72901],[-103.00427,25.72894],[-103.00435,25.72893],[-103.00437,25.72885],[-103.00456,25.72874],[-103.00457,25.72867],[-103.00465,25.72866],[-103.00467,25.72858],[-103.00475,25.72857],[-103.00477,25.72849],[-103.00496,25.72839],[-103.00497,25.72822],[-103.00515,25.72822],[-103.00518,25.72805],[-103.00537,25.72803],[-103.00538,25.72787],[-103.00556,25.72786],[-103.00568,25.72769],[-103.00577,25.72768],[-103.00578,25.7276],[-103.00587,25.72759],[-103.00588,25.72751],[-103.00606,25.72751],[-103.00608,25.72743],[-103.00618,25.7274],[-103.00619,25.72725],[-103.00627,25.72724],[-103.00629,25.72716],[-103.00646,25.72716],[-103.00659,25.72698],[-103.00677,25.72698],[-103.00679,25.72681],[-103.00688,25.72679],[-103.00699,25.72663],[-103.00718,25.72662],[-103.0072,25.72645],[-103.00728,25.72644],[-103.0074,25.72627],[-103.00768,25.72626],[-103.0077,25.72619],[-103.0078,25.72616],[-103.0078,25.72592],[-103.00816,25.72592],[-103.0082,25.72583],[-103.00858,25.72583],[-103.00861,25.72557],[-103.0089,25.72554],[-103.00891,25.72521],[-103.00918,25.72521],[-103.00921,25.72503],[-103.00939,25.72503],[-103.00952,25.72486],[-103.0098,25.72485],[-103.00982,25.72459],[-103.0099,25.72458],[-103.00992,25.7245],[-103.01022,25.72451],[-103.0102,25.72559],[-103.0101,25.72562],[-103.0101,25.72591],[-103.01019,25.72595],[-103.0102,25.72611],[-103.01039,25.72622]]]}},{"type":"Feature","properties":{"id":390,"estado":"activa","confianza":"alta","area_m2":14653,"perimetro_m":577,"largo_m":177,"ancho_m":115,"lat":25.689867,"lon":-102.997644,"municipio":"San Pedro","cerca_de":"San Esteban de Abajo","dist_ref_km":40.8,"d_ciudad_km":34.3,"altura_m":2.9,"precio_m2":120,"precio_m2_min":75,"precio_m2_max":180,"valor":1700000,"valor_min":1100000,"valor_max":2600000},"geometry":{"type":"Polygon","coordinates":[[[-102.99845,25.68932],[-102.99844,25.68995],[-102.99835,25.68997],[-102.99834,25.69013],[-102.99825,25.69014],[-102.99824,25.69022],[-102.99768,25.69021],[-102.99754,25.69039],[-102.99714,25.69039],[-102.99712,25.69031],[-102.99704,25.69029],[-102.99703,25.69004],[-102.99685,25.69002],[-102.99685,25.68978],[-102.99675,25.68975],[-102.99675,25.68948],[-102.99755,25.68949],[-102.99758,25.68958],[-102.9978,25.68958],[-102.99785,25.6894],[-102.99794,25.68939],[-102.99805,25.68922],[-102.99835,25.68923],[-102.99837,25.68931],[-102.99845,25.68932]]]}},{"type":"Feature","properties":{"id":391,"estado":"activa","confianza":"alta","area_m2":20066,"perimetro_m":690,"largo_m":200,"ancho_m":160,"lat":25.783243,"lon":-103.029878,"municipio":"San Pedro","cerca_de":"Ejido Bolívar","dist_ref_km":41.6,"d_ciudad_km":35.9,"altura_m":1.7,"precio_m2":140,"precio_m2_min":90,"precio_m2_max":210,"valor":2800000,"valor_min":1800000,"valor_max":4200000},"geometry":{"type":"Polygon","coordinates":[[[-103.03077,25.78346],[-103.03077,25.78373],[-103.03041,25.78373],[-103.03037,25.78381],[-103.02877,25.78379],[-103.02878,25.78352],[-103.02894,25.78352],[-103.02898,25.78343],[-103.02917,25.78341],[-103.02918,25.78308],[-103.02927,25.78306],[-103.02929,25.7829],[-103.02938,25.78287],[-103.02939,25.78245],[-103.02948,25.78244],[-103.02949,25.78236],[-103.02979,25.78236],[-103.0298,25.78252],[-103.02999,25.78255],[-103.03002,25.78272],[-103.03048,25.78273],[-103.0305,25.78281],[-103.03058,25.78282],[-103.03058,25.78343],[-103.03077,25.78346]]]}},{"type":"Feature","properties":{"id":392,"estado":"activa","confianza":"alta","area_m2":61345,"perimetro_m":1602,"largo_m":610,"ancho_m":210,"lat":25.745989,"lon":-103.013499,"municipio":"San Pedro","cerca_de":"Ejido Reynosa","dist_ref_km":41.3,"d_ciudad_km":34.9,"altura_m":4.1,"precio_m2":230,"precio_m2_min":145,"precio_m2_max":340,"valor":14000000,"valor_min":9000000,"valor_max":21000000,"grupo":332,"grupo_bloques":2,"grupo_m2":130727},"geometry":{"type":"Polygon","coordinates":[[[-103.01812,25.74655],[-103.01812,25.74691],[-103.01803,25.74692],[-103.01802,25.747],[-103.01602,25.74697],[-103.01598,25.74679],[-103.01575,25.7468],[-103.01573,25.74697],[-103.01343,25.74694],[-103.01341,25.74685],[-103.01324,25.74684],[-103.01322,25.74677],[-103.01314,25.74675],[-103.01314,25.7466],[-103.01304,25.74657],[-103.01303,25.7464],[-103.01294,25.74639],[-103.01291,25.7463],[-103.01265,25.74629],[-103.01263,25.74622],[-103.01255,25.7462],[-103.01254,25.74604],[-103.01245,25.74602],[-103.01244,25.74595],[-103.01235,25.74593],[-103.01234,25.74585],[-103.01226,25.74584],[-103.01214,25.74566],[-103.01206,25.74565],[-103.01207,25.7452],[-103.01215,25.74519],[-103.01217,25.74511],[-103.01342,25.74513],[-103.01347,25.74504],[-103.01376,25.74504],[-103.01381,25.74513],[-103.01416,25.74514],[-103.01428,25.74531],[-103.01446,25.74532],[-103.01447,25.7454],[-103.01456,25.74542],[-103.01455,25.74569],[-103.01445,25.74572],[-103.01446,25.74594],[-103.01455,25.74596],[-103.01456,25.74603],[-103.01464,25.74605],[-103.01476,25.74622],[-103.01494,25.74623],[-103.01508,25.74642],[-103.01803,25.74646],[-103.01804,25.74653],[-103.01812,25.74655]]]}},{"type":"Feature","properties":{"id":393,"estado":"activa","confianza":"alta","area_m2":34437,"perimetro_m":1091,"largo_m":375,"ancho_m":169,"lat":25.754752,"lon":-103.016537,"municipio":"San Pedro","cerca_de":"Ejido Bolívar","dist_ref_km":41.4,"d_ciudad_km":35.3,"altura_m":1.2,"precio_m2":310,"precio_m2_min":200,"precio_m2_max":470,"valor":11000000,"valor_min":7000000,"valor_max":16000000},"geometry":{"type":"Polygon","coordinates":[[[-103.01869,25.75423],[-103.01868,25.75531],[-103.01712,25.75529],[-103.01708,25.75556],[-103.01699,25.75557],[-103.01698,25.75565],[-103.01548,25.75563],[-103.01545,25.75554],[-103.01518,25.75553],[-103.01519,25.75526],[-103.01529,25.75522],[-103.01529,25.7549],[-103.01547,25.7549],[-103.0156,25.75473],[-103.01635,25.75474],[-103.0164,25.75465],[-103.01667,25.75465],[-103.0167,25.75456],[-103.01709,25.75457],[-103.01713,25.75475],[-103.01786,25.75476],[-103.01789,25.75467],[-103.01809,25.75455],[-103.0181,25.75386],[-103.0186,25.75387],[-103.0186,25.75419],[-103.01869,25.75423]]]}},{"type":"Feature","properties":{"id":394,"estado":"activa","confianza":"alta","area_m2":18833,"perimetro_m":581,"largo_m":170,"ancho_m":130,"lat":25.785875,"lon":-103.030732,"municipio":"San Pedro","cerca_de":"Ejido Bolívar","dist_ref_km":41.6,"d_ciudad_km":36.0,"altura_m":1.4,"precio_m2":135,"precio_m2_min":90,"precio_m2_max":200,"valor":2500000,"valor_min":1600000,"valor_max":3800000},"geometry":{"type":"Polygon","coordinates":[[[-103.03163,25.78609],[-103.03162,25.78654],[-103.03042,25.78652],[-103.03041,25.78645],[-103.03032,25.78643],[-103.03031,25.78626],[-103.03003,25.78625],[-103.03002,25.78609],[-103.02993,25.78607],[-103.02994,25.7857],[-103.03004,25.78567],[-103.03004,25.78543],[-103.03069,25.78544],[-103.03074,25.78535],[-103.03154,25.78536],[-103.03153,25.78605],[-103.03163,25.78609]]]}},{"type":"Feature","properties":{"id":395,"estado":"activa","confianza":"media","area_m2":8695,"perimetro_m":458,"largo_m":110,"ancho_m":110,"lat":25.704549,"lon":-102.99949,"municipio":"San Pedro","cerca_de":"San Esteban de Abajo","dist_ref_km":41.1,"d_ciudad_km":34.7,"altura_m":3.7,"precio_m2":135,"precio_m2_min":85,"precio_m2_max":200,"valor":1200000,"valor_min":760000,"valor_max":1700000},"geometry":{"type":"Polygon","coordinates":[[[-103.0,25.70405],[-102.99999,25.70478],[-102.99969,25.70477],[-102.99966,25.70469],[-102.99942,25.70468],[-102.99938,25.70504],[-102.99908,25.70504],[-102.99909,25.70471],[-102.99899,25.70467],[-102.99899,25.70443],[-102.9989,25.7044],[-102.9989,25.70413],[-102.99899,25.70412],[-102.999,25.70404],[-102.9994,25.70405],[-102.99945,25.70414],[-102.99967,25.70414],[-102.9997,25.70405],[-103.0,25.70405]]]}},{"type":"Feature","properties":{"id":396,"estado":"activa","confianza":"alta","area_m2":575116,"perimetro_m":4483,"largo_m":1183,"ancho_m":605,"lat":25.683583,"lon":-102.994515,"municipio":"San Pedro","cerca_de":"San Felipe de Purcell","dist_ref_km":41.0,"d_ciudad_km":34.0,"altura_m":2.0,"precio_m2":75,"precio_m2_min":50,"precio_m2_max":115,"valor":44000000,"valor_min":28000000,"valor_max":66000000},"geometry":{"type":"Polygon","coordinates":[[[-102.99933,25.68464],[-102.99931,25.68563],[-102.99922,25.68564],[-102.99921,25.68572],[-102.99893,25.68572],[-102.99891,25.6859],[-102.99873,25.6859],[-102.9986,25.68607],[-102.99801,25.68606],[-102.99798,25.68598],[-102.99781,25.68597],[-102.99779,25.6858],[-102.99756,25.68579],[-102.99751,25.68583],[-102.99751,25.68615],[-102.99715,25.68614],[-102.99711,25.68623],[-102.99148,25.68616],[-102.99143,25.68624],[-102.99093,25.68624],[-102.9909,25.68615],[-102.99058,25.68614],[-102.99053,25.68623],[-102.98997,25.68623],[-102.98993,25.68631],[-102.98914,25.6863],[-102.98915,25.68544],[-102.98905,25.6854],[-102.98906,25.68513],[-102.98924,25.68512],[-102.98926,25.68495],[-102.98991,25.68496],[-102.98996,25.68487],[-102.99025,25.68486],[-102.99026,25.68451],[-102.99036,25.68447],[-102.99037,25.68406],[-102.99047,25.68403],[-102.99047,25.68365],[-102.99028,25.68352],[-102.99026,25.68335],[-102.99002,25.68334],[-102.98997,25.68397],[-102.98908,25.68396],[-102.98908,25.68344],[-102.98869,25.68341],[-102.98866,25.68319],[-102.98841,25.68323],[-102.98829,25.6834],[-102.98769,25.68339],[-102.98768,25.68332],[-102.98759,25.6833],[-102.98761,25.68244],[-102.98751,25.6824],[-102.98751,25.68213],[-102.988,25.68212],[-102.98802,25.68155],[-102.98798,25.6815],[-102.98762,25.6815],[-102.98763,25.68123],[-102.98898,25.68125],[-102.98913,25.68107],[-102.99077,25.68109],[-102.99082,25.681],[-102.99109,25.681],[-102.99112,25.68091],[-102.99142,25.68092],[-102.99146,25.68101],[-102.99236,25.68102],[-102.99241,25.68093],[-102.99436,25.68096],[-102.99441,25.68087],[-102.99471,25.68087],[-102.99475,25.68096],[-102.99506,25.68097],[-102.99521,25.68079],[-102.9971,25.68082],[-102.9971,25.68097],[-102.9972,25.681],[-102.9972,25.68115],[-102.99729,25.68118],[-102.99731,25.68126],[-102.99779,25.68128],[-102.99778,25.68206],[-102.99802,25.68209],[-102.99808,25.68191],[-102.99817,25.68188],[-102.99818,25.68164],[-102.99828,25.68161],[-102.99829,25.68119],[-102.99869,25.6812],[-102.9987,25.68155],[-102.99918,25.68157],[-102.99919,25.68164],[-102.99928,25.68166],[-102.99927,25.68229],[-102.99891,25.68229],[-102.99887,25.68233],[-102.99888,25.68255],[-102.99916,25.68256],[-102.99917,25.68264],[-102.99926,25.68265],[-102.99925,25.6831],[-102.99917,25.68311],[-102.99915,25.68319],[-102.99897,25.6832],[-102.99895,25.68337],[-102.99878,25.68337],[-102.99875,25.68346],[-102.99866,25.68347],[-102.99864,25.68378],[-102.99924,25.68382],[-102.99923,25.6846],[-102.99933,25.68464]],[[-102.9889,25.68269],[-102.989,25.68265],[-102.98899,25.68234],[-102.98842,25.68234],[-102.9884,25.68265],[-102.9886,25.68278],[-102.98862,25.68308],[-102.98888,25.68303],[-102.9889,25.68269]],[[-102.99212,25.682],[-102.9924,25.68197],[-102.99239,25.68176],[-102.9921,25.68174],[-102.99209,25.6813],[-102.99184,25.68129],[-102.99181,25.68138],[-102.99164,25.68138],[-102.99161,25.68146],[-102.99152,25.68148],[-102.99153,25.68182],[-102.9921,25.68183],[-102.99212,25.682]],[[-102.99602,25.68188],[-102.99648,25.68185],[-102.99649,25.68166],[-102.99639,25.68162],[-102.99638,25.68136],[-102.99609,25.68134],[-102.99608,25.68127],[-102.996,25.68125],[-102.99587,25.68107],[-102.99561,25.68108],[-102.9956,25.68125],[-102.9954,25.68137],[-102.99541,25.68168],[-102.99589,25.6817],[-102.99602,25.68188]]]}},{"type":"Feature","properties":{"id":397,"estado":"activa","confianza":"alta","area_m2":13102,"perimetro_m":503,"largo_m":180,"ancho_m":80,"lat":25.689639,"lon":-102.995357,"municipio":"San Pedro","cerca_de":"San Esteban de Abajo","dist_ref_km":41.0,"d_ciudad_km":34.6,"altura_m":3.5,"precio_m2":120,"precio_m2_min":80,"precio_m2_max":180,"valor":1600000,"valor_min":1000000,"valor_max":2400000},"geometry":{"type":"Polygon","coordinates":[[[-102.99626,25.68929],[-102.99625,25.68974],[-102.99616,25.68976],[-102.99615,25.68992],[-102.99606,25.68993],[-102.99605,25.69001],[-102.99485,25.68999],[-102.99483,25.68991],[-102.99466,25.6899],[-102.99462,25.68981],[-102.99446,25.68981],[-102.99446,25.68954],[-102.99455,25.68952],[-102.99456,25.68936],[-102.99465,25.68934],[-102.99467,25.68927],[-102.99626,25.68929]]]}},{"type":"Feature","properties":{"id":398,"estado":"activa","confianza":"alta","area_m2":47586,"perimetro_m":1211,"largo_m":383,"ancho_m":227,"lat":25.721713,"lon":-103.00309,"municipio":"San Pedro","cerca_de":"San Esteban de Abajo","dist_ref_km":41.3,"d_ciudad_km":35.0,"altura_m":3.8,"precio_m2":145,"precio_m2_min":95,"precio_m2_max":210,"valor":6800000,"valor_min":4400000,"valor_max":10000000},"geometry":{"type":"Polygon","coordinates":[[[-103.00409,25.72144],[-103.00408,25.72198],[-103.004,25.722],[-103.00398,25.72207],[-103.00381,25.72208],[-103.00378,25.72216],[-103.00348,25.72216],[-103.00344,25.72207],[-103.00279,25.72208],[-103.00278,25.72251],[-103.00268,25.72255],[-103.00266,25.72341],[-103.00258,25.72342],[-103.00256,25.7235],[-103.00177,25.72349],[-103.00175,25.72341],[-103.00167,25.7234],[-103.00167,25.72312],[-103.00187,25.72299],[-103.00187,25.72279],[-103.00178,25.72276],[-103.00177,25.7226],[-103.00168,25.72258],[-103.00169,25.72222],[-103.00177,25.72221],[-103.00189,25.72204],[-103.00209,25.72201],[-103.00211,25.72069],[-103.00221,25.72066],[-103.00222,25.72024],[-103.00239,25.72024],[-103.00242,25.72016],[-103.00282,25.72016],[-103.00285,25.72025],[-103.00311,25.72026],[-103.00312,25.72078],[-103.0037,25.72081],[-103.0037,25.72114],[-103.0039,25.72117],[-103.00391,25.72143],[-103.00409,25.72144]]]}},{"type":"Feature","properties":{"id":399,"estado":"activa","confianza":"alta","area_m2":218565,"perimetro_m":3767,"largo_m":1215,"ancho_m":436,"lat":25.726326,"lon":-103.004249,"municipio":"San Pedro","cerca_de":"San Esteban de Abajo","dist_ref_km":41.3,"d_ciudad_km":34.5,"altura_m":2.3,"precio_m2":140,"precio_m2_min":90,"precio_m2_max":210,"valor":30000000,"valor_min":20000000,"valor_max":45000000},"geometry":{"type":"Polygon","coordinates":[[[-103.01004,25.72324],[-103.01003,25.7236],[-103.00985,25.72361],[-103.00983,25.72369],[-103.00964,25.72379],[-103.00963,25.72387],[-103.00947,25.72386],[-103.00943,25.72395],[-103.00925,25.72396],[-103.00923,25.72422],[-103.00903,25.72433],[-103.00902,25.72449],[-103.00884,25.7245],[-103.00882,25.72458],[-103.00874,25.72459],[-103.00872,25.72467],[-103.00864,25.72467],[-103.00862,25.72475],[-103.00843,25.72486],[-103.00842,25.72493],[-103.00825,25.72493],[-103.00822,25.72502],[-103.00803,25.72503],[-103.00801,25.7252],[-103.00782,25.72531],[-103.00781,25.72547],[-103.00773,25.72548],[-103.00771,25.72555],[-103.00743,25.72556],[-103.00741,25.72573],[-103.00722,25.72574],[-103.00721,25.72591],[-103.00702,25.72592],[-103.007,25.72609],[-103.00682,25.7261],[-103.0068,25.72626],[-103.00672,25.72628],[-103.0066,25.72644],[-103.00641,25.72645],[-103.0064,25.72662],[-103.00621,25.72663],[-103.00619,25.7268],[-103.00601,25.72681],[-103.00599,25.72688],[-103.00591,25.7269],[-103.00589,25.72697],[-103.00581,25.72699],[-103.00579,25.72706],[-103.00571,25.72707],[-103.00569,25.72715],[-103.00561,25.72716],[-103.00559,25.72724],[-103.0055,25.72725],[-103.00549,25.72733],[-103.0054,25.72734],[-103.00539,25.72742],[-103.0053,25.72743],[-103.00529,25.72751],[-103.0052,25.72752],[-103.00518,25.7276],[-103.0051,25.7276],[-103.00508,25.72768],[-103.00489,25.72779],[-103.00488,25.72786],[-103.0048,25.72787],[-103.00478,25.72795],[-103.0047,25.72796],[-103.00468,25.72804],[-103.00449,25.72814],[-103.00448,25.72831],[-103.00439,25.72832],[-103.00417,25.72857],[-103.00399,25.72859],[-103.00397,25.72875],[-103.00388,25.72876],[-103.00377,25.72893],[-103.00358,25.72894],[-103.00356,25.72911],[-103.00338,25.72912],[-103.00336,25.72929],[-103.00318,25.7293],[-103.00316,25.72946],[-103.00276,25.72946],[-103.00265,25.72929],[-103.00247,25.72927],[-103.00245,25.7292],[-103.00227,25.72909],[-103.00227,25.72894],[-103.00217,25.72891],[-103.00216,25.72874],[-103.00158,25.72872],[-103.00144,25.72854],[-103.0012,25.72854],[-103.00118,25.72871],[-103.00053,25.72871],[-103.00048,25.72879],[-102.99919,25.72878],[-102.99918,25.72862],[-102.99909,25.7286],[-102.9991,25.72823],[-102.99918,25.72822],[-102.9992,25.72815],[-102.99976,25.72815],[-102.9998,25.72806],[-102.9999,25.72802],[-102.99987,25.7278],[-102.9993,25.72779],[-102.99931,25.72752],[-102.99948,25.72751],[-102.99951,25.72743],[-102.99996,25.72743],[-103.00001,25.72734],[-103.00028,25.72734],[-103.00031,25.7269],[-103.00061,25.7269],[-103.00066,25.72699],[-103.00151,25.727],[-103.00156,25.72709],[-103.00177,25.72709],[-103.00181,25.72701],[-103.0022,25.72699],[-103.00221,25.7265],[-103.00191,25.72647],[-103.0019,25.72639],[-103.00182,25.72638],[-103.00182,25.72587],[-103.00173,25.72583],[-103.00174,25.72529],[-103.00182,25.72528],[-103.00194,25.72511],[-103.00224,25.72512],[-103.00227,25.72548],[-103.00333,25.72549],[-103.00335,25.72558],[-103.00362,25.72559],[-103.00366,25.72568],[-103.00442,25.72569],[-103.00445,25.72578],[-103.00482,25.72579],[-103.00485,25.72588],[-103.00538,25.72588],[-103.00552,25.7257],[-103.0056,25.72569],[-103.00562,25.72562],[-103.0057,25.7256],[-103.00572,25.72553],[-103.00581,25.72551],[-103.00582,25.72544],[-103.00591,25.72542],[-103.00592,25.72535],[-103.00609,25.72535],[-103.00622,25.72517],[-103.00641,25.72516],[-103.00642,25.72509],[-103.00662,25.72497],[-103.00663,25.72482],[-103.00702,25.72482],[-103.00706,25.72491],[-103.00731,25.7249],[-103.00732,25.72468],[-103.00723,25.72464],[-103.00723,25.72428],[-103.00773,25.72429],[-103.00777,25.72438],[-103.008,25.72438],[-103.00803,25.72402],[-103.00812,25.72401],[-103.00814,25.72394],[-103.00843,25.72394],[-103.00846,25.72403],[-103.00868,25.72403],[-103.00873,25.72394],[-103.00902,25.72393],[-103.00904,25.72341],[-103.00941,25.72341],[-103.00954,25.72323],[-103.01004,25.72324]]]}},{"type":"Feature","properties":{"id":400,"estado":"activa","confianza":"alta","area_m2":38095,"perimetro_m":851,"largo_m":237,"ancho_m":190,"lat":25.772255,"lon":-103.022033,"municipio":"San Pedro","cerca_de":"Ejido Bolívar","dist_ref_km":41.7,"d_ciudad_km":35.9,"altura_m":3.7,"precio_m2":175,"precio_m2_min":115,"precio_m2_max":260,"valor":6700000,"valor_min":4400000,"valor_max":10000000},"geometry":{"type":"Polygon","coordinates":[[[-103.02319,25.7718],[-103.02318,25.77252],[-103.02309,25.77254],[-103.02307,25.7727],[-103.02297,25.77274],[-103.02296,25.77324],[-103.02237,25.77323],[-103.02235,25.77315],[-103.02217,25.77314],[-103.02213,25.77305],[-103.02117,25.77304],[-103.02106,25.77287],[-103.02088,25.77285],[-103.02086,25.77278],[-103.02078,25.77276],[-103.02079,25.7724],[-103.02088,25.77238],[-103.02089,25.77213],[-103.02099,25.7721],[-103.021,25.77159],[-103.0211,25.77156],[-103.0211,25.77132],[-103.0214,25.77133],[-103.02144,25.77141],[-103.0217,25.77142],[-103.02172,25.7715],[-103.0219,25.77151],[-103.02194,25.7716],[-103.02289,25.77162],[-103.02291,25.7717],[-103.02309,25.77171],[-103.0231,25.77179],[-103.02319,25.7718]]]}},{"type":"Feature","properties":{"id":401,"estado":"activa","confianza":"alta","area_m2":69382,"perimetro_m":1443,"largo_m":500,"ancho_m":220,"lat":25.74624,"lon":-103.010165,"municipio":"San Pedro","cerca_de":"San Pedro de las Colonias","dist_ref_km":41.6,"d_ciudad_km":35.4,"altura_m":5.1,"precio_m2":240,"precio_m2_min":155,"precio_m2_max":360,"valor":17000000,"valor_min":11000000,"valor_max":25000000,"grupo":332,"grupo_bloques":2,"grupo_m2":130727},"geometry":{"type":"Polygon","coordinates":[[[-103.01314,25.74684],[-103.01313,25.7472],[-103.01304,25.74721],[-103.01303,25.74729],[-103.01143,25.74727],[-103.01143,25.74702],[-103.01124,25.747],[-103.01119,25.7469],[-103.01097,25.74691],[-103.01094,25.74699],[-103.01056,25.74699],[-103.01054,25.74726],[-103.00954,25.74724],[-103.0095,25.74715],[-103.00875,25.74714],[-103.00873,25.74706],[-103.00865,25.74705],[-103.00865,25.74653],[-103.00816,25.7465],[-103.00816,25.74614],[-103.00826,25.74612],[-103.00827,25.74596],[-103.00865,25.74596],[-103.00867,25.74579],[-103.00903,25.74579],[-103.00907,25.7457],[-103.00953,25.74571],[-103.00957,25.74562],[-103.01042,25.74563],[-103.01047,25.74545],[-103.01065,25.74545],[-103.01077,25.74527],[-103.01117,25.74528],[-103.01117,25.74543],[-103.01127,25.74546],[-103.01127,25.74562],[-103.01156,25.74565],[-103.01156,25.74579],[-103.01166,25.74583],[-103.01167,25.746],[-103.01205,25.74601],[-103.01205,25.74617],[-103.01215,25.7462],[-103.01218,25.74628],[-103.01255,25.74629],[-103.01256,25.74637],[-103.01265,25.74638],[-103.01265,25.74654],[-103.01274,25.74656],[-103.01275,25.74682],[-103.01314,25.74684]]]}},{"type":"Feature","properties":{"id":402,"estado":"activa","confianza":"alta","area_m2":682341,"perimetro_m":4146,"largo_m":1086,"ancho_m":1070,"lat":25.393758,"lon":-103.744319,"municipio":"Lerdo","cerca_de":"Santa Anita","dist_ref_km":42.2,"d_ciudad_km":24.3,"altura_m":12.3,"precio_m2":70,"precio_m2_min":45,"precio_m2_max":105,"valor":49000000,"valor_min":32000000,"valor_max":73000000},"geometry":{"type":"Polygon","coordinates":[[[-103.74896,25.39657],[-103.74895,25.39729],[-103.74887,25.39731],[-103.74885,25.39738],[-103.7485,25.39738],[-103.74846,25.39747],[-103.748,25.39747],[-103.74796,25.39756],[-103.74759,25.39756],[-103.74756,25.39764],[-103.7471,25.39764],[-103.74706,25.39773],[-103.7466,25.39773],[-103.74656,25.39782],[-103.74601,25.39781],[-103.74597,25.3979],[-103.74569,25.3979],[-103.74567,25.39799],[-103.74521,25.39799],[-103.74517,25.39807],[-103.74422,25.39807],[-103.74417,25.39816],[-103.74352,25.39815],[-103.74348,25.39824],[-103.74311,25.39824],[-103.74308,25.39833],[-103.74272,25.39833],[-103.74268,25.39841],[-103.74193,25.39841],[-103.74188,25.3985],[-103.7417,25.39851],[-103.74168,25.39859],[-103.74102,25.39858],[-103.74099,25.39876],[-103.74072,25.39876],[-103.74069,25.39885],[-103.74051,25.39886],[-103.74049,25.39894],[-103.73993,25.39893],[-103.73989,25.39902],[-103.73952,25.39902],[-103.73949,25.39911],[-103.7387,25.3991],[-103.7387,25.39847],[-103.73879,25.39845],[-103.73881,25.39829],[-103.7389,25.39826],[-103.73891,25.39802],[-103.739,25.398],[-103.73901,25.39784],[-103.7391,25.39782],[-103.73911,25.39766],[-103.7392,25.39764],[-103.73921,25.39748],[-103.73931,25.39745],[-103.73931,25.3973],[-103.73941,25.39727],[-103.73941,25.39712],[-103.73951,25.39709],[-103.73952,25.39685],[-103.7396,25.39684],[-103.73962,25.39676],[-103.7398,25.39675],[-103.73982,25.39658],[-103.74001,25.39648],[-103.74002,25.39631],[-103.74012,25.39628],[-103.74012,25.39589],[-103.73992,25.39586],[-103.73993,25.39541],[-103.74003,25.39538],[-103.74004,25.39451],[-103.74014,25.39447],[-103.74014,25.39397],[-103.74024,25.39393],[-103.74025,25.39361],[-103.74033,25.39359],[-103.74035,25.39343],[-103.74043,25.39342],[-103.74045,25.39334],[-103.74064,25.39323],[-103.74065,25.39307],[-103.74073,25.39306],[-103.74085,25.39289],[-103.74113,25.39289],[-103.74125,25.39271],[-103.74134,25.3927],[-103.74135,25.39262],[-103.74144,25.39261],[-103.74145,25.39253],[-103.74154,25.39252],[-103.74155,25.39245],[-103.74164,25.39243],[-103.74165,25.39236],[-103.74174,25.39234],[-103.74175,25.39218],[-103.74194,25.39207],[-103.74195,25.39191],[-103.74205,25.39188],[-103.74206,25.39146],[-103.74225,25.39135],[-103.74226,25.39119],[-103.74236,25.39116],[-103.74236,25.39101],[-103.74246,25.39098],[-103.74246,25.39083],[-103.74265,25.39072],[-103.74266,25.39056],[-103.74286,25.39044],[-103.74286,25.39029],[-103.74306,25.39018],[-103.74307,25.39002],[-103.74326,25.38991],[-103.74327,25.38975],[-103.74346,25.38964],[-103.74347,25.38948],[-103.74357,25.38945],[-103.74357,25.3893],[-103.74367,25.38928],[-103.74367,25.38912],[-103.74386,25.38901],[-103.74387,25.38885],[-103.74396,25.38883],[-103.74397,25.38867],[-103.74407,25.38865],[-103.74408,25.38849],[-103.74416,25.38848],[-103.74418,25.3884],[-103.74447,25.38841],[-103.74447,25.38918],[-103.74466,25.38922],[-103.74467,25.38993],[-103.74476,25.38994],[-103.74477,25.39002],[-103.74485,25.39004],[-103.74498,25.39021],[-103.74525,25.39022],[-103.74525,25.39037],[-103.74535,25.3904],[-103.74537,25.39048],[-103.74565,25.39049],[-103.74566,25.39057],[-103.74574,25.39058],[-103.74575,25.39075],[-103.74594,25.39086],[-103.74594,25.39101],[-103.74604,25.39104],[-103.74604,25.3912],[-103.74613,25.39122],[-103.74615,25.39129],[-103.74623,25.39131],[-103.74624,25.39139],[-103.74633,25.3914],[-103.74645,25.39158],[-103.74693,25.39159],[-103.74694,25.39166],[-103.74702,25.39168],[-103.74715,25.39186],[-103.74762,25.39186],[-103.74764,25.39195],[-103.74782,25.39196],[-103.74781,25.39232],[-103.74772,25.39234],[-103.74768,25.39249],[-103.74821,25.3925],[-103.74821,25.39274],[-103.74831,25.39277],[-103.7483,25.39346],[-103.7484,25.3935],[-103.74839,25.39391],[-103.74849,25.39395],[-103.74849,25.39437],[-103.74859,25.3944],[-103.74858,25.39485],[-103.74848,25.39488],[-103.74848,25.39518],[-103.74858,25.39521],[-103.74859,25.39538],[-103.74877,25.39549],[-103.74877,25.39599],[-103.74887,25.39603],[-103.74887,25.39654],[-103.74896,25.39657]]]}},{"type":"Feature","properties":{"id":403,"estado":"activa","confianza":"alta","area_m2":34859,"perimetro_m":864,"largo_m":300,"ancho_m":140,"lat":25.708176,"lon":-102.997039,"municipio":"San Pedro","cerca_de":"San Esteban de Abajo","dist_ref_km":41.4,"d_ciudad_km":35.1,"altura_m":5.2,"precio_m2":125,"precio_m2_min":80,"precio_m2_max":185,"valor":4300000,"valor_min":2800000,"valor_max":6500000},"geometry":{"type":"Polygon","coordinates":[[[-102.99775,25.70763],[-102.99773,25.70872],[-102.99763,25.70876],[-102.99763,25.70896],[-102.99772,25.70899],[-102.99771,25.70962],[-102.99761,25.70966],[-102.99761,25.71007],[-102.99721,25.71006],[-102.99721,25.70991],[-102.99711,25.70988],[-102.99711,25.70973],[-102.99701,25.7097],[-102.99699,25.70962],[-102.99652,25.7096],[-102.99652,25.70936],[-102.99642,25.70933],[-102.99641,25.70917],[-102.99633,25.70915],[-102.99635,25.70753],[-102.99644,25.70751],[-102.99645,25.70744],[-102.99663,25.70743],[-102.99665,25.70735],[-102.99715,25.70736],[-102.99718,25.70753],[-102.99765,25.70754],[-102.99766,25.70762],[-102.99775,25.70763]]]}},{"type":"Feature","properties":{"id":404,"estado":"activa","confianza":"alta","area_m2":123153,"perimetro_m":2526,"largo_m":620,"ancho_m":400,"lat":25.733088,"lon":-103.004443,"municipio":"San Pedro","cerca_de":"San Esteban de Abajo","dist_ref_km":41.6,"d_ciudad_km":35.1,"altura_m":3.1,"precio_m2":160,"precio_m2_min":105,"precio_m2_max":240,"valor":20000000,"valor_min":13000000,"valor_max":29000000,"grupo":343,"grupo_bloques":2,"grupo_m2":172515},"geometry":{"type":"Polygon","coordinates":[[[-103.00851,25.73152],[-103.0085,25.73206],[-103.00734,25.73205],[-103.0073,25.73223],[-103.00721,25.73224],[-103.0072,25.73232],[-103.0069,25.73231],[-103.00687,25.73223],[-103.00664,25.73222],[-103.0066,25.7324],[-103.00641,25.73242],[-103.00638,25.73366],[-103.00628,25.7337],[-103.00627,25.73434],[-103.00637,25.73438],[-103.00636,25.73474],[-103.00536,25.73473],[-103.00535,25.73465],[-103.00527,25.73464],[-103.00527,25.7344],[-103.00517,25.73437],[-103.00518,25.73395],[-103.00498,25.73382],[-103.00499,25.73346],[-103.00509,25.73342],[-103.00505,25.7331],[-103.00454,25.73309],[-103.00439,25.73323],[-103.00439,25.73369],[-103.00468,25.73373],[-103.00467,25.73432],[-103.00497,25.73436],[-103.00496,25.73481],[-103.00457,25.73481],[-103.00452,25.73472],[-103.00362,25.73471],[-103.00347,25.73488],[-103.00297,25.73488],[-103.00285,25.7347],[-103.00267,25.73469],[-103.00266,25.73452],[-103.00248,25.73451],[-103.00246,25.73434],[-103.00228,25.73433],[-103.00229,25.73406],[-103.00249,25.73392],[-103.00249,25.73346],[-103.0023,25.73342],[-103.0023,25.73315],[-103.00247,25.73315],[-103.0025,25.73307],[-103.00376,25.73308],[-103.0038,25.73299],[-103.00406,25.733],[-103.0041,25.73291],[-103.00429,25.73289],[-103.0043,25.73273],[-103.0044,25.73269],[-103.00441,25.73196],[-103.00432,25.73192],[-103.00432,25.73156],[-103.00441,25.73154],[-103.00442,25.73147],[-103.00479,25.73147],[-103.00492,25.73129],[-103.00632,25.73131],[-103.00637,25.7314],[-103.00668,25.73141],[-103.00672,25.73132],[-103.00831,25.73134],[-103.00832,25.73142],[-103.00851,25.73152]]]}},{"type":"Feature","properties":{"id":405,"estado":"activa","confianza":"alta","area_m2":46103,"perimetro_m":1595,"largo_m":521,"ancho_m":236,"lat":25.741433,"lon":-103.007097,"municipio":"San Pedro","cerca_de":"San Pedro de las Colonias","dist_ref_km":41.7,"d_ciudad_km":35.3,"altura_m":2.4,"precio_m2":230,"precio_m2_min":150,"precio_m2_max":340,"valor":11000000,"valor_min":6800000,"valor_max":16000000},"geometry":{"type":"Polygon","coordinates":[[[-103.01025,25.74075],[-103.01024,25.74102],[-103.01014,25.74106],[-103.01014,25.74129],[-103.0077,25.74126],[-103.00765,25.74135],[-103.00747,25.74136],[-103.00745,25.74144],[-103.00736,25.74145],[-103.00734,25.74153],[-103.00715,25.74164],[-103.00714,25.74197],[-103.00694,25.74209],[-103.00693,25.74233],[-103.00684,25.74236],[-103.00683,25.74251],[-103.00673,25.74254],[-103.00673,25.74269],[-103.00643,25.74269],[-103.00629,25.74251],[-103.00593,25.7425],[-103.00591,25.74232],[-103.00554,25.74231],[-103.00552,25.74214],[-103.00524,25.74213],[-103.00525,25.74168],[-103.00542,25.74168],[-103.00555,25.7415],[-103.00564,25.74149],[-103.00565,25.74141],[-103.00583,25.74141],[-103.00585,25.74133],[-103.00595,25.7413],[-103.00596,25.74115],[-103.00625,25.74115],[-103.00625,25.74149],[-103.00645,25.74151],[-103.00648,25.7416],[-103.00672,25.7416],[-103.00675,25.74143],[-103.00694,25.74141],[-103.00695,25.74116],[-103.00715,25.74113],[-103.00715,25.74083],[-103.00706,25.7408],[-103.00706,25.74035],[-103.00716,25.74033],[-103.00717,25.74017],[-103.00747,25.74017],[-103.00751,25.74026],[-103.00796,25.74027],[-103.008,25.74036],[-103.00846,25.74037],[-103.00847,25.74044],[-103.00856,25.74046],[-103.00857,25.74053],[-103.00866,25.74055],[-103.00877,25.74073],[-103.00905,25.74074],[-103.00907,25.74082],[-103.00925,25.74083],[-103.00929,25.74092],[-103.00991,25.74093],[-103.00995,25.74075],[-103.01025,25.74075]]]}},{"type":"Feature","properties":{"id":406,"estado":"activa","confianza":"alta","area_m2":103586,"perimetro_m":1611,"largo_m":520,"ancho_m":280,"lat":25.717788,"lon":-102.997626,"municipio":"San Pedro","cerca_de":"San Esteban de Abajo","dist_ref_km":41.7,"d_ciudad_km":35.2,"altura_m":3.4,"precio_m2":125,"precio_m2_min":80,"precio_m2_max":190,"valor":13000000,"valor_min":8400000,"valor_max":19000000},"geometry":{"type":"Polygon","coordinates":[[[-103.00019,25.7166],[-103.00017,25.7176],[-103.00007,25.71763],[-103.00006,25.71823],[-102.99996,25.71827],[-102.99995,25.71904],[-102.99986,25.71905],[-102.99985,25.71913],[-102.99775,25.7191],[-102.99773,25.71901],[-102.99756,25.71901],[-102.99755,25.71857],[-102.99736,25.71855],[-102.99723,25.71837],[-102.99498,25.71834],[-102.99498,25.71807],[-102.99518,25.71794],[-102.99519,25.71744],[-102.99557,25.71743],[-102.99559,25.71708],[-102.99609,25.71709],[-102.99611,25.71717],[-102.99619,25.71718],[-102.99621,25.71735],[-102.99644,25.71737],[-102.99659,25.71719],[-102.99678,25.71717],[-102.99679,25.71701],[-102.99728,25.717],[-102.99729,25.71693],[-102.99739,25.71689],[-102.9974,25.71657],[-102.99799,25.71657],[-102.99804,25.71667],[-102.99836,25.71667],[-102.99839,25.71658],[-103.00019,25.7166]]]}},{"type":"Feature","properties":{"id":407,"estado":"activa","confianza":"alta","area_m2":15444,"perimetro_m":543,"largo_m":140,"ancho_m":140,"lat":25.769996,"lon":-103.015841,"municipio":"San Pedro","cerca_de":"Ejido Bolívar","dist_ref_km":42.1,"d_ciudad_km":36.3,"altura_m":0.7,"precio_m2":220,"precio_m2_min":140,"precio_m2_max":330,"valor":3400000,"valor_min":2200000,"valor_max":5100000},"geometry":{"type":"Polygon","coordinates":[[[-103.01654,25.76973],[-103.01653,25.77027],[-103.01643,25.7703],[-103.01643,25.77081],[-103.01603,25.7708],[-103.01599,25.77062],[-103.01513,25.77061],[-103.01515,25.76971],[-103.01562,25.76971],[-103.01565,25.76953],[-103.01595,25.76954],[-103.01598,25.76963],[-103.01625,25.76963],[-103.01628,25.76972],[-103.01654,25.76973]]]}},{"type":"Feature","properties":{"id":408,"estado":"activa","confianza":"alta","area_m2":171786,"perimetro_m":3888,"largo_m":1125,"ancho_m":423,"lat":25.750296,"lon":-103.007198,"municipio":"San Pedro","cerca_de":"San Pedro de las Colonias","dist_ref_km":42.0,"d_ciudad_km":35.3,"altura_m":2.6,"precio_m2":270,"precio_m2_min":180,"precio_m2_max":410,"valor":47000000,"valor_min":31000000,"valor_max":71000000,"grupo":327,"grupo_bloques":2,"grupo_m2":252999},"geometry":{"type":"Polygon","coordinates":[[[-103.01578,25.74986],[-103.01577,25.75022],[-103.01539,25.75022],[-103.01537,25.75057],[-103.01487,25.75057],[-103.01485,25.75049],[-103.01477,25.75047],[-103.01476,25.75031],[-103.01467,25.75029],[-103.01466,25.75022],[-103.01458,25.7502],[-103.01457,25.75013],[-103.01448,25.75011],[-103.01447,25.75004],[-103.01438,25.75002],[-103.01426,25.74985],[-103.01408,25.74983],[-103.01407,25.74976],[-103.01398,25.74974],[-103.01399,25.74938],[-103.01419,25.74926],[-103.01418,25.74894],[-103.014,25.74893],[-103.01395,25.74884],[-103.0131,25.74883],[-103.01306,25.74874],[-103.01271,25.74873],[-103.01256,25.74855],[-103.01185,25.74854],[-103.01171,25.74872],[-103.01145,25.74871],[-103.01141,25.7488],[-103.01123,25.74881],[-103.0112,25.74934],[-103.01112,25.74935],[-103.0111,25.74943],[-103.0108,25.74943],[-103.0108,25.749],[-103.01053,25.74898],[-103.01051,25.74915],[-103.01041,25.74919],[-103.0104,25.7496],[-103.01,25.74963],[-103.00999,25.75032],[-103.00949,25.75031],[-103.00937,25.75014],[-103.00919,25.75013],[-103.00916,25.75004],[-103.009,25.75003],[-103.009,25.74971],[-103.0089,25.74967],[-103.0089,25.74952],[-103.00881,25.74949],[-103.00878,25.7494],[-103.00795,25.74939],[-103.00791,25.74973],[-103.0082,25.74975],[-103.00823,25.74984],[-103.0084,25.74985],[-103.00844,25.74993],[-103.0086,25.74994],[-103.00859,25.7503],[-103.00842,25.7503],[-103.00839,25.75039],[-103.00812,25.75039],[-103.00799,25.75056],[-103.00782,25.75056],[-103.00779,25.75065],[-103.00752,25.75065],[-103.00739,25.75082],[-103.00722,25.75083],[-103.00709,25.751],[-103.00692,25.751],[-103.00689,25.75109],[-103.0068,25.7511],[-103.00678,25.7515],[-103.00688,25.75154],[-103.00687,25.75199],[-103.00648,25.75201],[-103.00646,25.75253],[-103.006,25.75252],[-103.00596,25.75261],[-103.00537,25.7526],[-103.00536,25.75245],[-103.00527,25.75242],[-103.00525,25.75234],[-103.00497,25.75233],[-103.00496,25.75225],[-103.00487,25.75223],[-103.00488,25.75196],[-103.00497,25.75195],[-103.00498,25.75178],[-103.00508,25.75175],[-103.00509,25.75133],[-103.00526,25.75133],[-103.00529,25.75125],[-103.00538,25.75123],[-103.00539,25.75089],[-103.00548,25.75088],[-103.00549,25.7508],[-103.00569,25.75077],[-103.0057,25.75053],[-103.0058,25.7505],[-103.0058,25.75017],[-103.00589,25.75016],[-103.00591,25.75008],[-103.00599,25.75007],[-103.00601,25.74999],[-103.0062,25.74989],[-103.00621,25.74954],[-103.0064,25.74944],[-103.00642,25.74928],[-103.00661,25.74916],[-103.00663,25.74856],[-103.00709,25.74856],[-103.00713,25.74847],[-103.00848,25.74849],[-103.00853,25.7484],[-103.00882,25.74841],[-103.00887,25.7485],[-103.00977,25.74851],[-103.00982,25.74842],[-103.01068,25.74843],[-103.01082,25.74825],[-103.01101,25.74824],[-103.01102,25.74799],[-103.01401,25.74803],[-103.01414,25.74821],[-103.01451,25.74821],[-103.01453,25.7483],[-103.01471,25.74831],[-103.01471,25.74883],[-103.0149,25.74885],[-103.01493,25.74894],[-103.01509,25.74894],[-103.01511,25.74911],[-103.01529,25.74913],[-103.0153,25.7492],[-103.01539,25.74922],[-103.01539,25.74983],[-103.01578,25.74986]]]}},{"type":"Feature","properties":{"id":409,"estado":"activa","confianza":"alta","area_m2":8509,"perimetro_m":405,"largo_m":110,"ancho_m":100,"lat":25.774724,"lon":-103.016711,"municipio":"San Pedro","cerca_de":"Ejido Bolívar","dist_ref_km":42.3,"d_ciudad_km":36.6,"altura_m":0.9,"precio_m2":195,"precio_m2_min":125,"precio_m2_max":290,"valor":1600000,"valor_min":1100000,"valor_max":2500000},"geometry":{"type":"Polygon","coordinates":[[[-103.01735,25.77506],[-103.01735,25.77533],[-103.01699,25.77533],[-103.01695,25.77542],[-103.01645,25.77541],[-103.01645,25.77525],[-103.01635,25.77523],[-103.01636,25.77451],[-103.01645,25.77449],[-103.01647,25.77442],[-103.01706,25.77443],[-103.01706,25.77494],[-103.01725,25.77497],[-103.01727,25.77505],[-103.01735,25.77506]]]}},{"type":"Feature","properties":{"id":410,"estado":"activa","confianza":"alta","area_m2":49362,"perimetro_m":1792,"largo_m":370,"ancho_m":280,"lat":25.733591,"lon":-103.000129,"municipio":"San Pedro","cerca_de":"San Esteban de Abajo","dist_ref_km":42.0,"d_ciudad_km":35.7,"altura_m":0.4,"precio_m2":190,"precio_m2_min":125,"precio_m2_max":290,"valor":9500000,"valor_min":6200000,"valor_max":14000000,"grupo":343,"grupo_bloques":2,"grupo_m2":172515},"geometry":{"type":"Polygon","coordinates":[[[-103.0022,25.73306],[-103.0022,25.73333],[-103.00203,25.73333],[-103.002,25.73342],[-103.0015,25.73341],[-103.00149,25.73306],[-103.00111,25.73307],[-103.0011,25.73359],[-103.00091,25.7336],[-103.00091,25.73384],[-103.00118,25.73385],[-103.0012,25.73359],[-103.0015,25.73359],[-103.00151,25.73385],[-103.00189,25.73387],[-103.00189,25.73414],[-103.0017,25.73415],[-103.00168,25.73432],[-103.00129,25.73433],[-103.00128,25.73476],[-103.00119,25.73478],[-103.00118,25.73485],[-103.00078,25.73485],[-103.00076,25.73477],[-103.00068,25.73476],[-103.00068,25.7345],[-103.00049,25.73439],[-103.00047,25.73431],[-103.00039,25.7343],[-103.00037,25.73422],[-103.00029,25.73421],[-103.00027,25.73413],[-103.00019,25.73412],[-103.00018,25.73404],[-103.00009,25.73403],[-103.00005,25.73384],[-102.99983,25.73384],[-102.9998,25.73393],[-102.9995,25.73396],[-102.9995,25.73427],[-102.99989,25.73429],[-102.99989,25.73456],[-102.99953,25.73456],[-102.99949,25.73465],[-102.99902,25.73464],[-102.99888,25.73482],[-102.99849,25.73482],[-102.99849,25.73454],[-102.99858,25.73453],[-102.99859,25.73437],[-102.99869,25.73434],[-102.9987,25.7341],[-102.9989,25.73398],[-102.9989,25.73374],[-102.99908,25.73373],[-102.9991,25.73365],[-102.99919,25.73364],[-102.99921,25.73356],[-102.99929,25.73355],[-102.99931,25.73347],[-102.99939,25.73346],[-102.99941,25.73338],[-102.9996,25.73328],[-102.99961,25.73321],[-102.99987,25.73321],[-102.99991,25.73312],[-103.00029,25.73312],[-103.00031,25.73285],[-103.00059,25.73285],[-103.00071,25.73268],[-103.00109,25.73268],[-103.00112,25.7325],[-103.00157,25.73251],[-103.00172,25.73233],[-103.00212,25.73234],[-103.0021,25.73302],[-103.0022,25.73306]]]}},{"type":"Feature","properties":{"id":411,"estado":"activa","confianza":"alta","area_m2":62003,"perimetro_m":1257,"largo_m":388,"ancho_m":226,"lat":25.770092,"lon":-103.012302,"municipio":"San Pedro","cerca_de":"Ejido Bolívar","dist_ref_km":42.5,"d_ciudad_km":36.5,"altura_m":2.9,"precio_m2":195,"precio_m2_min":130,"precio_m2_max":290,"valor":12000000,"valor_min":7900000,"valor_max":18000000},"geometry":{"type":"Polygon","coordinates":[[[-103.01406,25.76897],[-103.01406,25.76933],[-103.01386,25.76936],[-103.01385,25.76978],[-103.01377,25.76979],[-103.01375,25.76987],[-103.01348,25.76987],[-103.01345,25.76995],[-103.01336,25.76997],[-103.01334,25.77031],[-103.01315,25.77033],[-103.01314,25.77058],[-103.01285,25.77059],[-103.01283,25.77094],[-103.01264,25.77096],[-103.01262,25.77166],[-103.01187,25.77165],[-103.01182,25.77174],[-103.01153,25.77173],[-103.0115,25.77165],[-103.01133,25.77164],[-103.01133,25.77132],[-103.01123,25.77128],[-103.01124,25.77068],[-103.01114,25.77064],[-103.01115,25.77019],[-103.01125,25.77017],[-103.01125,25.77001],[-103.01144,25.77],[-103.01146,25.76984],[-103.01156,25.76981],[-103.01156,25.76966],[-103.01166,25.76963],[-103.01166,25.76948],[-103.01186,25.76936],[-103.01187,25.76903],[-103.01197,25.769],[-103.01198,25.76858],[-103.01207,25.76856],[-103.01208,25.7684],[-103.01216,25.76839],[-103.01218,25.76831],[-103.01258,25.76832],[-103.0126,25.7684],[-103.01278,25.76841],[-103.01279,25.76849],[-103.01288,25.7685],[-103.01288,25.76875],[-103.01297,25.76877],[-103.0131,25.76895],[-103.01406,25.76897]]]}},{"type":"Feature","properties":{"id":412,"estado":"activa","confianza":"alta","area_m2":32491,"perimetro_m":983,"largo_m":314,"ancho_m":192,"lat":25.743448,"lon":-103.001582,"municipio":"San Pedro","cerca_de":"San Pedro de las Colonias","dist_ref_km":42.3,"d_ciudad_km":36.1,"altura_m":4.7,"precio_m2":270,"precio_m2_min":175,"precio_m2_max":410,"valor":8900000,"valor_min":5800000,"valor_max":13000000},"geometry":{"type":"Polygon","coordinates":[[[-103.00294,25.74273],[-103.00293,25.743],[-103.00274,25.7431],[-103.00273,25.74327],[-103.00263,25.7433],[-103.00263,25.74359],[-103.00272,25.74363],[-103.00272,25.7439],[-103.00086,25.74388],[-103.00082,25.74419],[-103.00092,25.74424],[-103.00091,25.7446],[-103.00042,25.74459],[-103.00042,25.74432],[-103.00052,25.74428],[-103.00054,25.74306],[-103.00063,25.74305],[-103.00064,25.74297],[-103.00141,25.74297],[-103.00144,25.74289],[-103.00154,25.74286],[-103.00155,25.74262],[-103.00173,25.74261],[-103.00175,25.74244],[-103.00183,25.74243],[-103.00185,25.74235],[-103.00215,25.74236],[-103.00218,25.74245],[-103.00244,25.74245],[-103.00256,25.74263],[-103.00284,25.74264],[-103.00285,25.74272],[-103.00294,25.74273]]]}},{"type":"Feature","properties":{"id":413,"estado":"activa","confianza":"alta","area_m2":54034,"perimetro_m":1737,"largo_m":587,"ancho_m":224,"lat":25.722971,"lon":-102.994697,"municipio":"San Pedro","cerca_de":"San Esteban de Abajo","dist_ref_km":42.1,"d_ciudad_km":35.9,"altura_m":0.4,"precio_m2":160,"precio_m2_min":105,"precio_m2_max":240,"valor":8700000,"valor_min":5700000,"valor_max":13000000},"geometry":{"type":"Polygon","coordinates":[[[-102.99509,25.72358],[-102.99508,25.72385],[-102.995,25.72386],[-102.99498,25.72394],[-102.99478,25.72406],[-102.99477,25.72483],[-102.99467,25.72487],[-102.99466,25.72547],[-102.99457,25.72548],[-102.99456,25.72555],[-102.99426,25.72555],[-102.99427,25.72492],[-102.99447,25.72479],[-102.99449,25.7237],[-102.99439,25.72366],[-102.99436,25.72357],[-102.99409,25.72356],[-102.9941,25.7232],[-102.99418,25.72319],[-102.9942,25.72311],[-102.9944,25.72307],[-102.9944,25.72287],[-102.9942,25.72275],[-102.99421,25.72248],[-102.99431,25.72245],[-102.99431,25.72226],[-102.99421,25.72221],[-102.99421,25.72197],[-102.99395,25.72194],[-102.99382,25.72211],[-102.99373,25.72213],[-102.99372,25.7222],[-102.99342,25.7222],[-102.99338,25.72211],[-102.99312,25.7221],[-102.99311,25.72194],[-102.99302,25.72192],[-102.99291,25.72175],[-102.99283,25.72174],[-102.99282,25.72159],[-102.99273,25.72156],[-102.99273,25.72141],[-102.99263,25.72138],[-102.99263,25.72121],[-102.99244,25.72119],[-102.99242,25.72111],[-102.99234,25.7211],[-102.99235,25.72065],[-102.99274,25.72065],[-102.99277,25.72074],[-102.993,25.72075],[-102.99304,25.72066],[-102.99341,25.72066],[-102.99344,25.72057],[-102.99414,25.72058],[-102.99418,25.72067],[-102.99454,25.72068],[-102.99454,25.72084],[-102.99463,25.72086],[-102.99463,25.72119],[-102.99473,25.72122],[-102.99472,25.72155],[-102.99482,25.72159],[-102.99483,25.72175],[-102.99492,25.72177],[-102.99491,25.72213],[-102.99482,25.72216],[-102.99481,25.72236],[-102.99501,25.72249],[-102.99499,25.72353],[-102.99509,25.72358]]]}},{"type":"Feature","properties":{"id":414,"estado":"activa","confianza":"media","area_m2":8742,"perimetro_m":413,"largo_m":140,"ancho_m":70,"lat":25.694107,"lon":-102.985519,"municipio":"San Pedro","cerca_de":"Ignacio Zaragoza","dist_ref_km":42.1,"d_ciudad_km":35.7,"altura_m":8.1,"precio_m2":125,"precio_m2_min":80,"precio_m2_max":190,"valor":1100000,"valor_min":710000,"valor_max":1600000},"geometry":{"type":"Polygon","coordinates":[[[-102.98622,25.69385],[-102.98621,25.69439],[-102.98482,25.69437],[-102.98483,25.69383],[-102.98548,25.69384],[-102.98553,25.69375],[-102.98582,25.69375],[-102.98587,25.69384],[-102.98622,25.69385]]]}},{"type":"Feature","properties":{"id":415,"estado":"activa","confianza":"alta","area_m2":18105,"perimetro_m":557,"largo_m":150,"ancho_m":150,"lat":25.754999,"lon":-103.00413,"municipio":"San Pedro","cerca_de":"San Pedro de las Colonias","dist_ref_km":42.5,"d_ciudad_km":36.5,"altura_m":2.3,"precio_m2":370,"precio_m2_min":240,"precio_m2_max":550,"valor":6600000,"valor_min":4300000,"valor_max":10000000},"geometry":{"type":"Polygon","coordinates":[[[-103.00493,25.75458],[-103.00493,25.75494],[-103.00473,25.75505],[-103.00472,25.75539],[-103.00453,25.7555],[-103.00452,25.75566],[-103.00352,25.75565],[-103.00352,25.75549],[-103.00342,25.75546],[-103.00343,25.75492],[-103.00353,25.75489],[-103.00354,25.75465],[-103.00373,25.75454],[-103.00374,25.7543],[-103.00434,25.7543],[-103.00436,25.75439],[-103.00464,25.7544],[-103.00466,25.75448],[-103.00484,25.75449],[-103.00485,25.75457],[-103.00493,25.75458]]]}},{"type":"Feature","properties":{"id":416,"estado":"activa","confianza":"alta","area_m2":187322,"perimetro_m":3475,"largo_m":848,"ancho_m":447,"lat":25.738875,"lon":-102.997671,"municipio":"San Pedro","cerca_de":"San Pedro de las Colonias","dist_ref_km":42.4,"d_ciudad_km":36.1,"altura_m":4.0,"precio_m2":220,"precio_m2_min":145,"precio_m2_max":330,"valor":42000000,"valor_min":27000000,"valor_max":63000000},"geometry":{"type":"Polygon","coordinates":[[[-102.99889,25.74024],[-102.99888,25.74078],[-102.99839,25.74077],[-102.99835,25.74068],[-102.99811,25.74069],[-102.99808,25.74113],[-102.99779,25.74114],[-102.99778,25.74144],[-102.99782,25.74149],[-102.99816,25.74148],[-102.99818,25.74113],[-102.99835,25.74113],[-102.99838,25.74104],[-102.99888,25.74105],[-102.99888,25.74132],[-102.99859,25.74133],[-102.99857,25.74159],[-102.99839,25.7416],[-102.99837,25.74176],[-102.99828,25.74178],[-102.99827,25.74185],[-102.99778,25.74186],[-102.99776,25.74257],[-102.99739,25.74257],[-102.99726,25.74274],[-102.99666,25.74273],[-102.99666,25.74241],[-102.99657,25.74237],[-102.99658,25.74147],[-102.99668,25.74144],[-102.99668,25.74123],[-102.99629,25.74119],[-102.99628,25.74104],[-102.99619,25.74101],[-102.9962,25.74065],[-102.9964,25.74052],[-102.99641,25.73952],[-102.99632,25.73948],[-102.99632,25.73912],[-102.99652,25.73908],[-102.99653,25.73871],[-102.99643,25.73867],[-102.99643,25.73824],[-102.99615,25.73823],[-102.99613,25.73839],[-102.99603,25.73843],[-102.99603,25.73866],[-102.99594,25.73868],[-102.99593,25.73875],[-102.99565,25.73876],[-102.99563,25.73893],[-102.99523,25.73895],[-102.99524,25.73918],[-102.99542,25.7392],[-102.99546,25.73929],[-102.99562,25.73929],[-102.99561,25.73974],[-102.99521,25.73974],[-102.9952,25.73947],[-102.99462,25.73946],[-102.99461,25.73929],[-102.99443,25.73927],[-102.99443,25.73882],[-102.99452,25.73881],[-102.99453,25.73873],[-102.99462,25.73872],[-102.99464,25.73864],[-102.99472,25.73863],[-102.99474,25.73856],[-102.99482,25.73855],[-102.99484,25.73847],[-102.99503,25.73836],[-102.99504,25.73829],[-102.99521,25.73829],[-102.99534,25.73811],[-102.99551,25.73811],[-102.99554,25.73802],[-102.99571,25.73802],[-102.99574,25.73794],[-102.99592,25.73793],[-102.99605,25.73776],[-102.99644,25.73777],[-102.99646,25.73784],[-102.99654,25.73786],[-102.99655,25.7382],[-102.99683,25.7382],[-102.99684,25.73771],[-102.99674,25.73768],[-102.99674,25.73743],[-102.99665,25.73741],[-102.99653,25.73724],[-102.99645,25.73722],[-102.99646,25.73695],[-102.99655,25.73693],[-102.99656,25.73677],[-102.99676,25.73675],[-102.99676,25.73651],[-102.99686,25.73647],[-102.99687,25.73615],[-102.99707,25.73602],[-102.99708,25.73561],[-102.99727,25.7355],[-102.99728,25.73534],[-102.99746,25.73534],[-102.99758,25.73516],[-102.99804,25.73517],[-102.99808,25.73508],[-102.99868,25.73509],[-102.99869,25.73517],[-102.99878,25.73518],[-102.99876,25.73649],[-102.99886,25.73654],[-102.99884,25.73762],[-102.99876,25.73763],[-102.99874,25.73771],[-102.99854,25.73782],[-102.99853,25.73802],[-102.99857,25.73807],[-102.99883,25.73807],[-102.9988,25.73978],[-102.99871,25.73981],[-102.9987,25.74001],[-102.9988,25.74006],[-102.99881,25.74022],[-102.99889,25.74024]]]}},{"type":"Feature","properties":{"id":417,"estado":"activa","confianza":"alta","area_m2":22079,"perimetro_m":944,"largo_m":330,"ancho_m":110,"lat":25.747947,"lon":-102.999491,"municipio":"San Pedro","cerca_de":"San Pedro de las Colonias","dist_ref_km":42.6,"d_ciudad_km":36.5,"altura_m":2.9,"precio_m2":340,"precio_m2_min":220,"precio_m2_max":510,"valor":7500000,"valor_min":4900000,"valor_max":11000000},"geometry":{"type":"Polygon","coordinates":[[[-103.00116,25.74767],[-103.00116,25.74794],[-103.00107,25.74795],[-103.00106,25.74803],[-103.00086,25.74805],[-103.00085,25.74839],[-103.00045,25.74838],[-103.00041,25.74829],[-103.00005,25.74829],[-103.00006,25.74805],[-103.00001,25.74802],[-102.99929,25.74801],[-102.99926,25.7481],[-102.99907,25.74811],[-102.99906,25.74827],[-102.99897,25.74829],[-102.99896,25.74836],[-102.99869,25.74836],[-102.99866,25.74845],[-102.99826,25.74844],[-102.99822,25.74835],[-102.99786,25.74835],[-102.99787,25.74772],[-102.99804,25.74772],[-102.99807,25.74763],[-102.99825,25.74762],[-102.99827,25.74745],[-102.99867,25.74746],[-102.99881,25.74764],[-102.99904,25.74764],[-102.99907,25.74755],[-102.99937,25.74756],[-102.9994,25.74764],[-103.00007,25.74766],[-103.00011,25.74775],[-103.00052,25.74775],[-103.00056,25.74766],[-103.00116,25.74767]]]}},{"type":"Feature","properties":{"id":418,"estado":"desmontada","confianza":"alta","area_m2":92534,"perimetro_m":1700,"largo_m":462,"ancho_m":299,"lat":25.740765,"lon":-102.995097,"municipio":"San Pedro","cerca_de":"San Pedro de las Colonias","dist_ref_km":42.8,"d_ciudad_km":36.5,"altura_m":6.5,"precio_m2":240,"precio_m2_min":160,"precio_m2_max":370,"valor":23000000,"valor_min":15000000,"valor_max":34000000},"geometry":{"type":"Polygon","coordinates":[[[-102.99647,25.74237],[-102.99646,25.74291],[-102.99576,25.7429],[-102.99561,25.74272],[-102.9953,25.74272],[-102.99526,25.7428],[-102.99499,25.74281],[-102.99496,25.74289],[-102.99417,25.74288],[-102.99413,25.74279],[-102.99357,25.74278],[-102.99358,25.74219],[-102.99348,25.74215],[-102.99349,25.74179],[-102.99357,25.74178],[-102.99359,25.7417],[-102.99378,25.74159],[-102.99379,25.74125],[-102.99388,25.74124],[-102.9939,25.74116],[-102.99408,25.74106],[-102.9941,25.74089],[-102.9942,25.74085],[-102.99419,25.74064],[-102.99401,25.74053],[-102.99399,25.74045],[-102.99391,25.74044],[-102.99389,25.74036],[-102.99381,25.74035],[-102.99382,25.73954],[-102.99391,25.73952],[-102.99403,25.73936],[-102.99452,25.73936],[-102.99455,25.73972],[-102.99512,25.73973],[-102.99524,25.73991],[-102.99557,25.73992],[-102.99561,25.73983],[-102.99571,25.73979],[-102.99573,25.73893],[-102.9959,25.73892],[-102.99603,25.73875],[-102.99633,25.73876],[-102.99632,25.73903],[-102.99612,25.73916],[-102.99612,25.73944],[-102.99622,25.73948],[-102.9962,25.74056],[-102.996,25.74068],[-102.99599,25.74097],[-102.99609,25.74101],[-102.9961,25.74127],[-102.99619,25.74128],[-102.99621,25.74137],[-102.99638,25.74138],[-102.99637,25.74233],[-102.99647,25.74237]]]}},{"type":"Feature","properties":{"id":419,"estado":"activa","confianza":"alta","area_m2":20527,"perimetro_m":745,"largo_m":180,"ancho_m":180,"lat":25.749533,"lon":-102.997965,"municipio":"San Pedro","cerca_de":"San Pedro de las Colonias","dist_ref_km":42.8,"d_ciudad_km":36.8,"altura_m":4.2,"precio_m2":360,"precio_m2_min":230,"precio_m2_max":540,"valor":7400000,"valor_min":4800000,"valor_max":11000000},"geometry":{"type":"Polygon","coordinates":[[[-102.99844,25.74926],[-102.99843,25.75034],[-102.99673,25.75032],[-102.99672,25.75024],[-102.99663,25.75023],[-102.99664,25.74986],[-102.99694,25.74987],[-102.99697,25.74996],[-102.99719,25.74996],[-102.99724,25.74987],[-102.99753,25.74985],[-102.99754,25.74955],[-102.99744,25.74951],[-102.99745,25.74919],[-102.99735,25.74915],[-102.99735,25.74888],[-102.99763,25.74888],[-102.99776,25.74871],[-102.99825,25.74871],[-102.99827,25.74879],[-102.99835,25.74881],[-102.99835,25.74922],[-102.99844,25.74926]]]}},{"type":"Feature","properties":{"id":420,"estado":"activa","confianza":"alta","area_m2":29871,"perimetro_m":756,"largo_m":210,"ancho_m":180,"lat":25.769164,"lon":-103.00455,"municipio":"San Pedro","cerca_de":"Ejido Bolívar","dist_ref_km":43.1,"d_ciudad_km":37.2,"altura_m":2.2,"precio_m2":260,"precio_m2_min":165,"precio_m2_max":390,"valor":7700000,"valor_min":5000000,"valor_max":12000000},"geometry":{"type":"Polygon","coordinates":[[[-103.00569,25.76922],[-103.00567,25.77003],[-103.00559,25.77004],[-103.00557,25.77012],[-103.00388,25.77009],[-103.0039,25.76847],[-103.00409,25.76845],[-103.00411,25.7682],[-103.00471,25.76821],[-103.00472,25.76828],[-103.0048,25.7683],[-103.00492,25.76847],[-103.0051,25.76849],[-103.0051,25.7691],[-103.00519,25.76912],[-103.00523,25.76921],[-103.00569,25.76922]]]}},{"type":"Feature","properties":{"id":421,"estado":"activa","confianza":"alta","area_m2":26280,"perimetro_m":728,"largo_m":244,"ancho_m":152,"lat":25.736259,"lon":-102.991885,"municipio":"San Pedro","cerca_de":"San Pedro de las Colonias","dist_ref_km":42.9,"d_ciudad_km":36.7,"altura_m":2.7,"precio_m2":270,"precio_m2_min":175,"precio_m2_max":400,"valor":7100000,"valor_min":4600000,"valor_max":11000000},"geometry":{"type":"Polygon","coordinates":[[[-102.99289,25.73546],[-102.99288,25.73618],[-102.99269,25.7362],[-102.99268,25.73654],[-102.9926,25.73655],[-102.99258,25.73663],[-102.99249,25.73664],[-102.99247,25.73672],[-102.99229,25.73682],[-102.99227,25.73699],[-102.99211,25.73699],[-102.99207,25.73707],[-102.99189,25.73708],[-102.99187,25.73725],[-102.99147,25.73725],[-102.99147,25.73691],[-102.99138,25.73688],[-102.99126,25.73671],[-102.99108,25.7367],[-102.99107,25.73662],[-102.99098,25.73661],[-102.99099,25.73634],[-102.99108,25.73631],[-102.99109,25.73616],[-102.99117,25.73615],[-102.99119,25.73607],[-102.99127,25.73606],[-102.99129,25.73598],[-102.99148,25.73588],[-102.9915,25.73571],[-102.99169,25.7356],[-102.9917,25.73544],[-102.99187,25.73544],[-102.9919,25.73536],[-102.9927,25.73537],[-102.99272,25.73545],[-102.99289,25.73546]]]}},{"type":"Feature","properties":{"id":422,"estado":"activa","confianza":"alta","area_m2":99431,"perimetro_m":1894,"largo_m":573,"ancho_m":332,"lat":25.740407,"lon":-102.992464,"municipio":"San Pedro","cerca_de":"San Pedro de las Colonias","dist_ref_km":43.0,"d_ciudad_km":36.6,"altura_m":4.7,"precio_m2":260,"precio_m2_min":170,"precio_m2_max":390,"valor":26000000,"valor_min":17000000,"valor_max":39000000},"geometry":{"type":"Polygon","coordinates":[[[-102.99444,25.7381],[-102.99444,25.73846],[-102.99426,25.73847],[-102.99424,25.73855],[-102.99404,25.73866],[-102.99403,25.73882],[-102.99385,25.73882],[-102.99383,25.7389],[-102.99375,25.73891],[-102.99373,25.73899],[-102.99365,25.739],[-102.99363,25.73908],[-102.99355,25.73909],[-102.99353,25.73917],[-102.99345,25.73918],[-102.99343,25.73926],[-102.99323,25.73938],[-102.99325,25.73961],[-102.99362,25.73962],[-102.99361,25.74032],[-102.99371,25.74035],[-102.99372,25.74052],[-102.99391,25.74053],[-102.99392,25.74061],[-102.994,25.74062],[-102.994,25.74089],[-102.99391,25.74091],[-102.9939,25.74107],[-102.99382,25.74108],[-102.9938,25.74116],[-102.9936,25.74128],[-102.99359,25.74161],[-102.9934,25.74162],[-102.99339,25.74179],[-102.99309,25.74181],[-102.99309,25.74213],[-102.99338,25.74215],[-102.99337,25.7426],[-102.99329,25.74261],[-102.99327,25.74269],[-102.99241,25.74268],[-102.99237,25.74276],[-102.99178,25.74276],[-102.99174,25.74267],[-102.99138,25.74266],[-102.99139,25.74207],[-102.99119,25.74203],[-102.99119,25.7416],[-102.9904,25.74156],[-102.99041,25.74111],[-102.9906,25.74101],[-102.99061,25.74085],[-102.9908,25.74083],[-102.99081,25.74067],[-102.991,25.74066],[-102.99101,25.74058],[-102.99121,25.74047],[-102.99122,25.74031],[-102.9914,25.7403],[-102.99142,25.74013],[-102.99151,25.74012],[-102.99152,25.74005],[-102.99161,25.74003],[-102.99162,25.73996],[-102.99171,25.73994],[-102.99172,25.73987],[-102.99181,25.73986],[-102.99183,25.73978],[-102.99191,25.73977],[-102.99193,25.73969],[-102.99201,25.73968],[-102.99203,25.7396],[-102.99211,25.73959],[-102.99213,25.73951],[-102.99221,25.7395],[-102.99223,25.73942],[-102.99231,25.73941],[-102.99233,25.73933],[-102.99241,25.73933],[-102.99243,25.73925],[-102.99251,25.73924],[-102.99253,25.73916],[-102.99262,25.73915],[-102.99263,25.73907],[-102.99282,25.73896],[-102.99284,25.73889],[-102.99302,25.73888],[-102.99304,25.73871],[-102.99322,25.7387],[-102.99324,25.73853],[-102.99342,25.73853],[-102.99344,25.73845],[-102.99352,25.73844],[-102.99354,25.73836],[-102.99363,25.73835],[-102.99364,25.73827],[-102.99373,25.73826],[-102.99375,25.73818],[-102.99394,25.73808],[-102.99395,25.738],[-102.99435,25.73801],[-102.99436,25.73809],[-102.99444,25.7381]]]}},{"type":"Feature","properties":{"id":423,"estado":"activa","confianza":"alta","area_m2":10548,"perimetro_m":456,"largo_m":140,"ancho_m":100,"lat":25.690144,"lon":-102.977764,"municipio":"San Pedro","cerca_de":"Ignacio Zaragoza","dist_ref_km":42.8,"d_ciudad_km":36.3,"altura_m":4.3,"precio_m2":125,"precio_m2_min":80,"precio_m2_max":185,"valor":1300000,"valor_min":850000,"valor_max":2000000},"geometry":{"type":"Polygon","coordinates":[[[-102.97812,25.68976],[-102.9781,25.69084],[-102.97802,25.69086],[-102.978,25.69093],[-102.9773,25.69092],[-102.97729,25.69085],[-102.97711,25.69074],[-102.97711,25.69047],[-102.97741,25.69045],[-102.97742,25.68984],[-102.97751,25.68983],[-102.97752,25.68975],[-102.9777,25.68975],[-102.97772,25.68967],[-102.97802,25.68967],[-102.97804,25.68975],[-102.97812,25.68976]]]}},{"type":"Feature","properties":{"id":424,"estado":"activa","confianza":"alta","area_m2":35454,"perimetro_m":963,"largo_m":346,"ancho_m":141,"lat":25.739174,"lon":-102.99064,"municipio":"San Pedro","cerca_de":"San Pedro de las Colonias","dist_ref_km":43.1,"d_ciudad_km":36.9,"altura_m":4.3,"precio_m2":300,"precio_m2_min":195,"precio_m2_max":450,"valor":11000000,"valor_min":7000000,"valor_max":16000000},"geometry":{"type":"Polygon","coordinates":[[[-102.99165,25.73851],[-102.99164,25.73905],[-102.99155,25.73907],[-102.99154,25.73914],[-102.99146,25.73915],[-102.99144,25.73923],[-102.99135,25.73924],[-102.99133,25.73932],[-102.99125,25.73933],[-102.99123,25.73941],[-102.99104,25.73951],[-102.99103,25.73959],[-102.99085,25.7396],[-102.99083,25.73976],[-102.99074,25.73978],[-102.99073,25.73985],[-102.99065,25.73986],[-102.99063,25.73994],[-102.99055,25.73995],[-102.99053,25.74003],[-102.99034,25.74014],[-102.99032,25.74021],[-102.99014,25.74022],[-102.99012,25.7403],[-102.99003,25.74032],[-102.99002,25.74048],[-102.98993,25.74049],[-102.98992,25.74056],[-102.98962,25.74056],[-102.98962,25.74032],[-102.98952,25.74029],[-102.98953,25.73987],[-102.98943,25.73984],[-102.98944,25.7392],[-102.98983,25.7392],[-102.98984,25.73903],[-102.98994,25.739],[-102.98995,25.73885],[-102.99004,25.73882],[-102.99005,25.73867],[-102.99023,25.73866],[-102.99025,25.73858],[-102.99033,25.73857],[-102.99035,25.73849],[-102.99043,25.73849],[-102.99045,25.73841],[-102.99053,25.7384],[-102.99055,25.73832],[-102.99064,25.73831],[-102.99066,25.73823],[-102.99085,25.73812],[-102.99086,25.73796],[-102.99105,25.73795],[-102.99106,25.73778],[-102.99146,25.73779],[-102.99145,25.7382],[-102.99155,25.73824],[-102.99155,25.73849],[-102.99165,25.73851]]]}},{"type":"Feature","properties":{"id":425,"estado":"activa","confianza":"alta","area_m2":11726,"perimetro_m":583,"largo_m":217,"ancho_m":74,"lat":25.696374,"lon":-102.977009,"municipio":"San Pedro","cerca_de":"Ignacio Zaragoza","dist_ref_km":43.0,"d_ciudad_km":36.5,"altura_m":3.7,"precio_m2":125,"precio_m2_min":80,"precio_m2_max":190,"valor":1500000,"valor_min":960000,"valor_max":2200000},"geometry":{"type":"Polygon","coordinates":[[[-102.97801,25.69626],[-102.978,25.69671],[-102.97721,25.6967],[-102.97717,25.69661],[-102.97691,25.69661],[-102.97687,25.69643],[-102.97664,25.69642],[-102.97661,25.69651],[-102.97621,25.69651],[-102.97619,25.69642],[-102.97602,25.69641],[-102.976,25.69634],[-102.97592,25.69632],[-102.97592,25.69605],[-102.97601,25.69604],[-102.97602,25.69596],[-102.97682,25.69597],[-102.97684,25.69605],[-102.97702,25.69607],[-102.97706,25.69616],[-102.97728,25.69616],[-102.97732,25.69607],[-102.97762,25.69607],[-102.97774,25.69625],[-102.97801,25.69626]]]}},{"type":"Feature","properties":{"id":426,"estado":"activa","confianza":"alta","area_m2":22104,"perimetro_m":678,"largo_m":180,"ancho_m":180,"lat":25.663369,"lon":-102.970703,"municipio":"San Pedro","cerca_de":"San Felipe de Purcell","dist_ref_km":42.9,"d_ciudad_km":35.9,"altura_m":1.6,"precio_m2":110,"precio_m2_min":70,"precio_m2_max":165,"valor":2400000,"valor_min":1600000,"valor_max":3600000},"geometry":{"type":"Polygon","coordinates":[[[-102.9716,25.66304],[-102.97159,25.66331],[-102.97151,25.66333],[-102.97139,25.66349],[-102.9711,25.66351],[-102.97109,25.66373],[-102.97119,25.66376],[-102.97118,25.66412],[-102.9711,25.66413],[-102.97108,25.66421],[-102.97028,25.6642],[-102.97027,25.66412],[-102.96999,25.66392],[-102.97,25.66341],[-102.9698,25.66329],[-102.96981,25.66266],[-102.96999,25.66265],[-102.97001,25.66257],[-102.97051,25.66258],[-102.97052,25.66265],[-102.97071,25.66276],[-102.97074,25.66294],[-102.9715,25.66295],[-102.97151,25.66303],[-102.9716,25.66304]]]}},{"type":"Feature","properties":{"id":427,"estado":"activa","confianza":"alta","area_m2":96738,"perimetro_m":1768,"largo_m":565,"ancho_m":282,"lat":25.764529,"lon":-102.998288,"municipio":"San Pedro","cerca_de":"San Pedro de las Colonias","dist_ref_km":43.5,"d_ciudad_km":37.4,"altura_m":5.0,"precio_m2":300,"precio_m2_min":195,"precio_m2_max":450,"valor":29000000,"valor_min":19000000,"valor_max":44000000},"geometry":{"type":"Polygon","coordinates":[[[-102.99979,25.76381],[-102.99979,25.76408],[-102.99963,25.76408],[-102.99959,25.76417],[-102.99939,25.7642],[-102.99939,25.76459],[-102.99958,25.76462],[-102.99958,25.76489],[-102.99948,25.76492],[-102.99947,25.76516],[-102.99938,25.76518],[-102.99937,25.76534],[-102.99889,25.76534],[-102.99887,25.7656],[-102.99877,25.76563],[-102.99876,25.76638],[-102.99895,25.76651],[-102.99895,25.76687],[-102.99886,25.76688],[-102.99884,25.76696],[-102.99805,25.76694],[-102.99802,25.76686],[-102.99755,25.76685],[-102.99751,25.76676],[-102.99636,25.76674],[-102.99634,25.76666],[-102.99626,25.76665],[-102.99627,25.76611],[-102.99637,25.76607],[-102.99637,25.76575],[-102.99646,25.76573],[-102.99648,25.76557],[-102.99657,25.76554],[-102.99658,25.76539],[-102.99667,25.76536],[-102.99668,25.76521],[-102.99678,25.76518],[-102.99679,25.76494],[-102.99697,25.76493],[-102.99699,25.76467],[-102.99707,25.76466],[-102.99709,25.76458],[-102.99729,25.76447],[-102.99729,25.76432],[-102.99739,25.76429],[-102.9974,25.76414],[-102.99748,25.76413],[-102.9976,25.76396],[-102.99789,25.76394],[-102.99789,25.76371],[-102.9977,25.76369],[-102.99771,25.76333],[-102.99779,25.76332],[-102.99781,25.76324],[-102.998,25.76313],[-102.99802,25.76288],[-102.9981,25.76287],[-102.99812,25.76279],[-102.9982,25.76278],[-102.99822,25.7627],[-102.99841,25.76259],[-102.99843,25.76217],[-102.99851,25.76215],[-102.99853,25.76208],[-102.99883,25.76208],[-102.99881,25.7635],[-102.999,25.76353],[-102.99904,25.76362],[-102.9994,25.76362],[-102.99943,25.7638],[-102.99979,25.76381]]]}},{"type":"Feature","properties":{"id":428,"estado":"activa","confianza":"alta","area_m2":12565,"perimetro_m":652,"largo_m":180,"ancho_m":150,"lat":25.785113,"lon":-103.006863,"municipio":"San Pedro","cerca_de":"Ejido Bolívar","dist_ref_km":43.7,"d_ciudad_km":38.0,"altura_m":3.4,"precio_m2":195,"precio_m2_min":125,"precio_m2_max":290,"valor":2400000,"valor_min":1600000,"valor_max":3700000,"grupo":364,"grupo_bloques":2,"grupo_m2":23583},"geometry":{"type":"Polygon","coordinates":[[[-103.00762,25.78459],[-103.00762,25.78486],[-103.00753,25.78487],[-103.00752,25.78495],[-103.00712,25.78497],[-103.00711,25.78566],[-103.00691,25.78577],[-103.0069,25.78593],[-103.0066,25.78593],[-103.00661,25.7856],[-103.00651,25.78556],[-103.00651,25.78529],[-103.00661,25.78526],[-103.0066,25.78495],[-103.00582,25.78492],[-103.00583,25.78465],[-103.00591,25.78464],[-103.00593,25.78456],[-103.00762,25.78459]]]}},{"type":"Feature","properties":{"id":429,"estado":"activa","confianza":"alta","area_m2":11018,"perimetro_m":514,"largo_m":140,"ancho_m":130,"lat":25.785641,"lon":-103.005211,"municipio":"San Pedro","cerca_de":"Ejido Bolívar","dist_ref_km":43.9,"d_ciudad_km":38.1,"altura_m":0.9,"precio_m2":200,"precio_m2_min":130,"precio_m2_max":300,"valor":2200000,"valor_min":1400000,"valor_max":3300000,"grupo":364,"grupo_bloques":2,"grupo_m2":23583},"geometry":{"type":"Polygon","coordinates":[[[-103.00591,25.78547],[-103.00591,25.78574],[-103.00541,25.78575],[-103.0054,25.78627],[-103.0047,25.78626],[-103.00469,25.78619],[-103.00451,25.78608],[-103.00452,25.78554],[-103.00497,25.78554],[-103.00502,25.78545],[-103.00519,25.78545],[-103.00522,25.78528],[-103.00541,25.78526],[-103.00542,25.7851],[-103.00582,25.7851],[-103.00581,25.78543],[-103.00591,25.78547]]]}},{"type":"Feature","properties":{"id":430,"estado":"activa","confianza":"alta","area_m2":38351,"perimetro_m":1023,"largo_m":310,"ancho_m":150,"lat":25.779116,"lon":-103.002033,"municipio":"San Pedro","cerca_de":"Ejido Bolívar","dist_ref_km":43.8,"d_ciudad_km":38.0,"altura_m":1.4,"precio_m2":220,"precio_m2_min":140,"precio_m2_max":320,"valor":8300000,"valor_min":5400000,"valor_max":12000000},"geometry":{"type":"Polygon","coordinates":[[[-103.00294,25.77839],[-103.00293,25.77884],[-103.00276,25.77884],[-103.00273,25.77892],[-103.00253,25.77897],[-103.00254,25.77927],[-103.00283,25.77929],[-103.00284,25.77936],[-103.00292,25.77938],[-103.00292,25.77965],[-103.00282,25.77968],[-103.00281,25.77992],[-103.00261,25.77996],[-103.00263,25.78018],[-103.00291,25.78019],[-103.0029,25.78055],[-103.00273,25.78055],[-103.0027,25.78064],[-103.0024,25.78063],[-103.00236,25.78054],[-103.00171,25.78053],[-103.0017,25.78037],[-103.00151,25.78035],[-103.00152,25.78003],[-103.00142,25.77999],[-103.00142,25.77972],[-103.00152,25.77967],[-103.00155,25.77832],[-103.00145,25.77827],[-103.00145,25.778],[-103.00163,25.778],[-103.00175,25.77783],[-103.00275,25.77784],[-103.00274,25.77835],[-103.00294,25.77839]]]}},{"type":"Feature","properties":{"id":431,"estado":"activa","confianza":"alta","area_m2":92565,"perimetro_m":2283,"largo_m":670,"ancho_m":240,"lat":25.787995,"lon":-103.00577,"municipio":"San Pedro","cerca_de":"Ejido Bolívar","dist_ref_km":43.9,"d_ciudad_km":38.0,"altura_m":2.5,"precio_m2":155,"precio_m2_min":100,"precio_m2_max":230,"valor":14000000,"valor_min":9300000,"valor_max":21000000},"geometry":{"type":"Polygon","coordinates":[[[-103.00947,25.7875],[-103.00946,25.78795],[-103.00937,25.78796],[-103.00936,25.78804],[-103.00917,25.78805],[-103.00916,25.78822],[-103.00886,25.78822],[-103.00874,25.78804],[-103.00856,25.78803],[-103.00852,25.78794],[-103.0082,25.78794],[-103.00816,25.78803],[-103.00658,25.78802],[-103.00657,25.78824],[-103.00666,25.78828],[-103.00668,25.78836],[-103.00686,25.78837],[-103.00699,25.78855],[-103.00736,25.78856],[-103.00738,25.78864],[-103.00755,25.78865],[-103.00758,25.78883],[-103.00785,25.78883],[-103.00785,25.7891],[-103.00755,25.7891],[-103.00751,25.78892],[-103.00705,25.78891],[-103.00692,25.78873],[-103.00656,25.78873],[-103.00641,25.78854],[-103.00597,25.78855],[-103.00595,25.78908],[-103.00525,25.78907],[-103.00513,25.78889],[-103.00496,25.78888],[-103.00493,25.78871],[-103.00456,25.7887],[-103.00452,25.78861],[-103.00416,25.7886],[-103.00413,25.78851],[-103.00377,25.78851],[-103.00375,25.78843],[-103.00357,25.78832],[-103.00357,25.78816],[-103.00338,25.78805],[-103.00336,25.78797],[-103.00318,25.78796],[-103.00305,25.78778],[-103.00278,25.78777],[-103.00279,25.78705],[-103.00365,25.78706],[-103.00369,25.78697],[-103.00475,25.78699],[-103.00479,25.7869],[-103.00549,25.78691],[-103.00551,25.78699],[-103.00569,25.787],[-103.0057,25.78708],[-103.00579,25.78709],[-103.00578,25.78733],[-103.00588,25.78736],[-103.00587,25.78786],[-103.00592,25.7879],[-103.00616,25.78789],[-103.00617,25.78773],[-103.00627,25.7877],[-103.00628,25.78755],[-103.00636,25.78754],[-103.00638,25.78746],[-103.00657,25.78734],[-103.00658,25.7871],[-103.00818,25.78712],[-103.00832,25.78731],[-103.00893,25.78731],[-103.00897,25.78722],[-103.00937,25.78723],[-103.00937,25.78747],[-103.00947,25.7875]]]}},{"type":"Feature","properties":{"id":432,"estado":"desmontada","confianza":"alta","area_m2":10681,"perimetro_m":480,"largo_m":140,"ancho_m":110,"lat":25.733061,"lon":-102.982313,"municipio":"San Pedro","cerca_de":"Tacuba","dist_ref_km":43.7,"d_ciudad_km":37.5,"altura_m":3.0,"precio_m2":250,"precio_m2_min":165,"precio_m2_max":380,"valor":2700000,"valor_min":1700000,"valor_max":4000000},"geometry":{"type":"Polygon","coordinates":[[[-102.98278,25.7327],[-102.98277,25.73315],[-102.98259,25.73316],[-102.98257,25.73333],[-102.98248,25.73334],[-102.98246,25.73342],[-102.98229,25.73343],[-102.98226,25.73351],[-102.98196,25.7335],[-102.98196,25.73335],[-102.98187,25.73332],[-102.98185,25.73297],[-102.98138,25.73295],[-102.98138,25.7325],[-102.98238,25.73252],[-102.98241,25.7326],[-102.98268,25.73261],[-102.98269,25.73269],[-102.98278,25.7327]]]}},{"type":"Feature","properties":{"id":433,"estado":"activa","confianza":"alta","area_m2":108333,"perimetro_m":2115,"largo_m":680,"ancho_m":240,"lat":25.771159,"lon":-102.996303,"municipio":"San Pedro","cerca_de":"San Pedro de las Colonias","dist_ref_km":44.0,"d_ciudad_km":37.9,"altura_m":2.4,"precio_m2":280,"precio_m2_min":180,"precio_m2_max":420,"valor":30000000,"valor_min":20000000,"valor_max":45000000},"geometry":{"type":"Polygon","coordinates":[[[-102.99713,25.76811],[-102.99711,25.76919],[-102.99703,25.7692],[-102.99701,25.76928],[-102.99675,25.76927],[-102.99671,25.76932],[-102.99671,25.7696],[-102.9969,25.76973],[-102.99691,25.76997],[-102.9971,25.77],[-102.99707,25.7719],[-102.99697,25.77193],[-102.99696,25.77262],[-102.99685,25.77266],[-102.99685,25.77294],[-102.99695,25.77298],[-102.99694,25.77361],[-102.99684,25.77364],[-102.99683,25.77388],[-102.99654,25.77389],[-102.99653,25.77414],[-102.99617,25.77414],[-102.99613,25.77423],[-102.99483,25.77421],[-102.99484,25.77371],[-102.99474,25.77367],[-102.99476,25.77268],[-102.99575,25.77267],[-102.99576,25.77242],[-102.99586,25.77238],[-102.99587,25.77215],[-102.99596,25.77213],[-102.99597,25.77197],[-102.99607,25.77194],[-102.99608,25.7713],[-102.99604,25.77125],[-102.99558,25.77124],[-102.99557,25.77117],[-102.99548,25.77115],[-102.99545,25.77088],[-102.99522,25.77088],[-102.99509,25.77106],[-102.99479,25.77105],[-102.99478,25.77097],[-102.99469,25.77096],[-102.9947,25.77024],[-102.9949,25.77013],[-102.99491,25.76988],[-102.99499,25.76987],[-102.99511,25.7697],[-102.99548,25.7697],[-102.99561,25.76953],[-102.9957,25.76951],[-102.99572,25.76881],[-102.99592,25.7687],[-102.99593,25.76845],[-102.99601,25.76844],[-102.99603,25.76836],[-102.99631,25.76835],[-102.99633,25.76818],[-102.99669,25.76819],[-102.99673,25.7681],[-102.99713,25.76811]]]}},{"type":"Feature","properties":{"id":434,"estado":"activa","confianza":"alta","area_m2":14798,"perimetro_m":521,"largo_m":140,"ancho_m":130,"lat":25.675867,"lon":-102.967995,"municipio":"San Pedro","cerca_de":"San Felipe de Purcell","dist_ref_km":43.4,"d_ciudad_km":36.6,"altura_m":0.3,"precio_m2":115,"precio_m2_min":75,"precio_m2_max":175,"valor":1700000,"valor_min":1100000,"valor_max":2600000},"geometry":{"type":"Polygon","coordinates":[[[-102.9686,25.67555],[-102.96858,25.67663],[-102.96768,25.67662],[-102.96769,25.6762],[-102.96759,25.67617],[-102.96756,25.67608],[-102.96739,25.67607],[-102.9674,25.67566],[-102.9673,25.67562],[-102.96731,25.67535],[-102.9682,25.67536],[-102.96833,25.67554],[-102.9686,25.67555]]]}},{"type":"Feature","properties":{"id":435,"estado":"activa","confianza":"alta","area_m2":14039,"perimetro_m":573,"largo_m":160,"ancho_m":140,"lat":25.73309,"lon":-102.980886,"municipio":"San Pedro","cerca_de":"Tacuba","dist_ref_km":43.8,"d_ciudad_km":37.6,"altura_m":5.8,"precio_m2":270,"precio_m2_min":175,"precio_m2_max":400,"valor":3700000,"valor_min":2400000,"valor_max":5600000},"geometry":{"type":"Polygon","coordinates":[[[-102.98177,25.73314],[-102.98177,25.7335],[-102.98138,25.73351],[-102.98136,25.73386],[-102.98096,25.73385],[-102.98095,25.73369],[-102.98067,25.73367],[-102.98065,25.73359],[-102.98057,25.73358],[-102.98056,25.73332],[-102.98038,25.73321],[-102.98039,25.7324],[-102.98099,25.73241],[-102.98101,25.73249],[-102.98118,25.7325],[-102.98119,25.73303],[-102.98137,25.73304],[-102.98141,25.73313],[-102.98177,25.73314]]]}},{"type":"Feature","properties":{"id":436,"estado":"activa","confianza":"media","mixta":true,"area_m2":49583,"perimetro_m":1461,"largo_m":541,"ancho_m":164,"lat":25.345081,"lon":-103.739857,"municipio":"Lerdo","cerca_de":"Santa Anita","dist_ref_km":45.1,"d_ciudad_km":27.7,"altura_m":6.1,"precio_m2":100,"precio_m2_min":65,"precio_m2_max":145,"valor":4900000,"valor_min":3200000,"valor_max":7300000},"geometry":{"type":"Polygon","coordinates":[[[-103.74046,25.34404],[-103.74046,25.3444],[-103.74037,25.34442],[-103.74036,25.34458],[-103.74026,25.34462],[-103.74025,25.345],[-103.74035,25.34503],[-103.74036,25.3452],[-103.74045,25.34521],[-103.74044,25.34639],[-103.74025,25.34649],[-103.74024,25.34666],[-103.74014,25.34668],[-103.74013,25.34711],[-103.74005,25.34712],[-103.74003,25.3472],[-103.73967,25.34719],[-103.73963,25.34728],[-103.73946,25.34729],[-103.73943,25.34755],[-103.73913,25.34755],[-103.73914,25.34728],[-103.73933,25.34724],[-103.73934,25.34665],[-103.73943,25.34662],[-103.73944,25.34647],[-103.73961,25.34646],[-103.73964,25.34638],[-103.73974,25.34634],[-103.73974,25.34614],[-103.73964,25.34611],[-103.73965,25.34551],[-103.73955,25.34548],[-103.73955,25.34533],[-103.73945,25.34529],[-103.73945,25.34513],[-103.73926,25.34502],[-103.73926,25.34487],[-103.73916,25.34484],[-103.73915,25.34468],[-103.73906,25.34466],[-103.73906,25.34442],[-103.73897,25.34439],[-103.73897,25.3437],[-103.73888,25.34366],[-103.73887,25.3435],[-103.73878,25.34348],[-103.73878,25.34321],[-103.73917,25.34319],[-103.73918,25.34267],[-103.73948,25.34268],[-103.7395,25.34275],[-103.73968,25.34286],[-103.73969,25.34312],[-103.73978,25.34313],[-103.73981,25.34322],[-103.74007,25.34322],[-103.74007,25.34365],[-103.74017,25.34368],[-103.74018,25.34384],[-103.74046,25.34404]]]}},{"type":"Feature","properties":{"id":437,"estado":"activa","confianza":"alta","area_m2":43529,"perimetro_m":1461,"largo_m":329,"ancho_m":285,"lat":25.791118,"lon":-103.003573,"municipio":"San Pedro","cerca_de":"Ejido La Carolina","dist_ref_km":44.3,"d_ciudad_km":38.6,"altura_m":4.4,"precio_m2":160,"precio_m2_min":105,"precio_m2_max":240,"valor":7100000,"valor_min":4600000,"valor_max":11000000},"geometry":{"type":"Polygon","coordinates":[[[-103.00411,25.79194],[-103.0041,25.79248],[-103.00235,25.79246],[-103.0023,25.79264],[-103.00131,25.79263],[-103.00133,25.7914],[-103.00123,25.79136],[-103.00123,25.79091],[-103.00133,25.79088],[-103.00134,25.79068],[-103.00124,25.79064],[-103.00124,25.79039],[-103.00114,25.79037],[-103.00115,25.78973],[-103.00145,25.78974],[-103.00147,25.78982],[-103.00165,25.78992],[-103.00166,25.79009],[-103.00175,25.7901],[-103.00173,25.79133],[-103.00192,25.79137],[-103.00193,25.7919],[-103.0028,25.79191],[-103.00282,25.79174],[-103.00292,25.79171],[-103.00292,25.79138],[-103.00312,25.79135],[-103.00313,25.79084],[-103.00403,25.79086],[-103.00402,25.79158],[-103.00392,25.79161],[-103.00391,25.79181],[-103.00411,25.79194]]]}},{"type":"Feature","properties":{"id":438,"estado":"activa","confianza":"alta","area_m2":43012,"perimetro_m":1010,"largo_m":278,"ancho_m":223,"lat":25.777507,"lon":-102.995926,"municipio":"San Pedro","cerca_de":"Ejido Bolívar","dist_ref_km":44.3,"d_ciudad_km":38.3,"altura_m":2.4,"precio_m2":270,"precio_m2_min":180,"precio_m2_max":410,"valor":12000000,"valor_min":7600000,"valor_max":18000000,"grupo":372,"grupo_bloques":2,"grupo_m2":86359},"geometry":{"type":"Polygon","coordinates":[[[-102.99739,25.77614],[-102.99739,25.77641],[-102.9973,25.77643],[-102.99729,25.7765],[-102.99699,25.77653],[-102.99698,25.77686],[-102.99688,25.7769],[-102.99688,25.7771],[-102.99698,25.77713],[-102.99697,25.77794],[-102.99677,25.77796],[-102.99676,25.77839],[-102.99667,25.7784],[-102.99666,25.77848],[-102.99626,25.77847],[-102.99622,25.77839],[-102.99596,25.77838],[-102.99594,25.77802],[-102.99557,25.77801],[-102.99555,25.77793],[-102.99537,25.77792],[-102.99533,25.77783],[-102.99487,25.77782],[-102.99488,25.77719],[-102.99517,25.77718],[-102.99519,25.77692],[-102.99539,25.77681],[-102.99539,25.77659],[-102.99529,25.77657],[-102.9953,25.77621],[-102.99539,25.77619],[-102.9954,25.77612],[-102.99739,25.77614]]]}},{"type":"Feature","properties":{"id":439,"estado":"activa","confianza":"media","area_m2":5090,"perimetro_m":309,"largo_m":80,"ancho_m":80,"lat":25.787229,"lon":-102.9999,"municipio":"San Pedro","cerca_de":"Ejido La Carolina","dist_ref_km":44.4,"d_ciudad_km":38.7,"altura_m":4.1,"precio_m2":210,"precio_m2_min":135,"precio_m2_max":310,"valor":1100000,"valor_min":690000,"valor_max":1600000},"geometry":{"type":"Polygon","coordinates":[[[-103.0003,25.78701],[-103.00029,25.78765],[-102.99979,25.78764],[-102.99978,25.78738],[-102.9995,25.78736],[-102.9995,25.78709],[-102.99959,25.78708],[-102.99961,25.78701],[-102.99978,25.787],[-102.99981,25.78692],[-103.0002,25.78692],[-103.00022,25.787],[-103.0003,25.78701]]]}},{"type":"Feature","properties":{"id":440,"estado":"activa","confianza":"alta","area_m2":43347,"perimetro_m":976,"largo_m":310,"ancho_m":180,"lat":25.778624,"lon":-102.994145,"municipio":"San Pedro","cerca_de":"Ejido Bolívar","dist_ref_km":44.5,"d_ciudad_km":38.6,"altura_m":3.5,"precio_m2":280,"precio_m2_min":180,"precio_m2_max":420,"valor":12000000,"valor_min":7900000,"valor_max":18000000,"grupo":372,"grupo_bloques":2,"grupo_m2":86359},"geometry":{"type":"Polygon","coordinates":[[[-102.99565,25.77883],[-102.99565,25.77919],[-102.99536,25.7792],[-102.99534,25.77945],[-102.99485,25.77945],[-102.9947,25.77926],[-102.9939,25.77925],[-102.99385,25.77934],[-102.99305,25.77933],[-102.99303,25.77925],[-102.99286,25.77924],[-102.99286,25.77863],[-102.99257,25.7786],[-102.99258,25.77779],[-102.99368,25.77781],[-102.99373,25.7779],[-102.99423,25.7779],[-102.99428,25.77781],[-102.99477,25.77782],[-102.99478,25.77817],[-102.99487,25.77818],[-102.99491,25.77827],[-102.99536,25.77828],[-102.99538,25.77836],[-102.99546,25.77837],[-102.99546,25.77862],[-102.99556,25.77864],[-102.99557,25.77881],[-102.99565,25.77883]]]}},{"type":"Feature","properties":{"id":441,"estado":"activa","confianza":"alta","area_m2":88869,"perimetro_m":1714,"largo_m":598,"ancho_m":314,"lat":25.79762,"lon":-103.001523,"municipio":"San Pedro","cerca_de":"Ejido La Carolina","dist_ref_km":44.8,"d_ciudad_km":39.1,"altura_m":0.5,"precio_m2":130,"precio_m2_min":85,"precio_m2_max":200,"valor":12000000,"valor_min":7600000,"valor_max":18000000},"geometry":{"type":"Polygon","coordinates":[[[-103.00419,25.79898],[-103.00419,25.79925],[-103.0041,25.79927],[-103.00408,25.79934],[-103.0038,25.79935],[-103.00378,25.79952],[-103.00348,25.79952],[-103.00334,25.79933],[-103.0006,25.7993],[-103.00058,25.79922],[-103.0005,25.7992],[-103.0005,25.79875],[-103.0006,25.79872],[-103.00061,25.79843],[-103.00041,25.79839],[-103.00043,25.79716],[-102.99963,25.79712],[-102.99965,25.79598],[-102.99955,25.79594],[-102.99956,25.79567],[-102.99964,25.79566],[-102.99966,25.79558],[-102.99996,25.79559],[-102.99998,25.79567],[-103.00016,25.79568],[-103.00017,25.79576],[-103.00026,25.79577],[-103.00027,25.79594],[-103.00035,25.79595],[-103.00038,25.79604],[-103.00055,25.79604],[-103.00056,25.79612],[-103.00065,25.79614],[-103.00066,25.79621],[-103.00075,25.79623],[-103.00087,25.7964],[-103.00104,25.79641],[-103.00105,25.79658],[-103.00124,25.7966],[-103.00124,25.79676],[-103.00144,25.79678],[-103.00144,25.79694],[-103.00163,25.79705],[-103.00165,25.79714],[-103.00273,25.79716],[-103.00272,25.79743],[-103.00262,25.79747],[-103.00263,25.79777],[-103.00271,25.79779],[-103.00274,25.79787],[-103.00291,25.79788],[-103.00293,25.79796],[-103.00301,25.79797],[-103.00301,25.79823],[-103.00311,25.79825],[-103.00323,25.79842],[-103.0034,25.79843],[-103.00341,25.79859],[-103.0036,25.7987],[-103.00361,25.79878],[-103.00379,25.7988],[-103.00392,25.79898],[-103.00419,25.79898]]]}},{"type":"Feature","properties":{"id":442,"estado":"activa","confianza":"media","area_m2":8798,"perimetro_m":501,"largo_m":200,"ancho_m":60,"lat":25.720314,"lon":-102.971426,"municipio":"San Pedro","cerca_de":"Candelaria","dist_ref_km":44.3,"d_ciudad_km":37.9,"altura_m":2.8,"precio_m2":165,"precio_m2_min":110,"precio_m2_max":250,"valor":1500000,"valor_min":950000,"valor_max":2200000},"geometry":{"type":"Polygon","coordinates":[[[-102.97243,25.72001],[-102.97242,25.72037],[-102.97234,25.72039],[-102.97232,25.72046],[-102.97196,25.72046],[-102.97192,25.72055],[-102.97043,25.72053],[-102.97043,25.72026],[-102.9706,25.72025],[-102.97063,25.72017],[-102.97158,25.72018],[-102.97173,25.72],[-102.97243,25.72001]]]}},{"type":"Feature","properties":{"id":443,"estado":"activa","confianza":"media","area_m2":6599,"perimetro_m":362,"largo_m":110,"ancho_m":80,"lat":25.662985,"lon":-102.959299,"municipio":"San Pedro","cerca_de":"San Felipe de Purcell","dist_ref_km":44.0,"d_ciudad_km":37.0,"altura_m":0.2,"precio_m2":120,"precio_m2_min":75,"precio_m2_max":175,"valor":780000,"valor_min":500000,"valor_max":1200000},"geometry":{"type":"Polygon","coordinates":[[[-102.95966,25.66251],[-102.95965,25.66315],[-102.95948,25.66315],[-102.95944,25.66323],[-102.95936,25.66325],[-102.95934,25.6635],[-102.95894,25.6635],[-102.95893,25.66342],[-102.95884,25.66341],[-102.95885,25.66305],[-102.95905,25.66293],[-102.95906,25.66251],[-102.95966,25.66251]]]}},{"type":"Feature","properties":{"id":444,"estado":"desmontada","confianza":"alta","area_m2":9793,"perimetro_m":476,"largo_m":161,"ancho_m":87,"lat":25.694802,"lon":-102.964088,"municipio":"San Pedro","cerca_de":"Ignacio Zaragoza","dist_ref_km":44.2,"d_ciudad_km":37.8,"altura_m":2.6,"precio_m2":80,"precio_m2_min":50,"precio_m2_max":120,"valor":780000,"valor_min":510000,"valor_max":1200000},"geometry":{"type":"Polygon","coordinates":[[[-102.96488,25.69499],[-102.96488,25.69526],[-102.96458,25.69526],[-102.96458,25.69511],[-102.96448,25.69508],[-102.96444,25.69499],[-102.96421,25.69499],[-102.96418,25.69507],[-102.96358,25.69507],[-102.96357,25.69499],[-102.96339,25.69488],[-102.96339,25.69452],[-102.96349,25.6945],[-102.9635,25.69434],[-102.9639,25.69435],[-102.96394,25.69444],[-102.96449,25.69445],[-102.96451,25.69452],[-102.96479,25.69472],[-102.96478,25.69496],[-102.96488,25.69499]]]}},{"type":"Feature","properties":{"id":445,"estado":"activa","confianza":"alta","area_m2":31607,"perimetro_m":787,"largo_m":260,"ancho_m":140,"lat":25.775161,"lon":-102.988188,"municipio":"San Pedro","cerca_de":"San Pedro de las Colonias","dist_ref_km":44.9,"d_ciudad_km":39.0,"altura_m":2.0,"precio_m2":340,"precio_m2_min":220,"precio_m2_max":510,"valor":11000000,"valor_min":7000000,"valor_max":16000000},"geometry":{"type":"Polygon","coordinates":[[[-102.98885,25.77413],[-102.98885,25.77449],[-102.98875,25.77453],[-102.98875,25.77473],[-102.98884,25.77476],[-102.98882,25.7763],[-102.98865,25.7763],[-102.98862,25.77638],[-102.98792,25.77637],[-102.9879,25.77629],[-102.98772,25.77628],[-102.98771,25.7762],[-102.98762,25.77619],[-102.98764,25.77533],[-102.98754,25.77528],[-102.98754,25.77504],[-102.98744,25.77501],[-102.98746,25.77429],[-102.98754,25.77428],[-102.98756,25.7742],[-102.98793,25.7742],[-102.98796,25.77412],[-102.98814,25.77411],[-102.98816,25.77403],[-102.98876,25.77404],[-102.98877,25.77411],[-102.98885,25.77413]]]}},{"type":"Feature","properties":{"id":446,"estado":"activa","confianza":"alta","area_m2":14905,"perimetro_m":651,"largo_m":253,"ancho_m":97,"lat":25.707338,"lon":-102.963224,"municipio":"San Pedro","cerca_de":"Candelaria","dist_ref_km":44.6,"d_ciudad_km":38.2,"altura_m":1.4,"precio_m2":130,"precio_m2_min":85,"precio_m2_max":195,"valor":1900000,"valor_min":1300000,"valor_max":2900000},"geometry":{"type":"Polygon","coordinates":[[[-102.96417,25.70762],[-102.96416,25.70789],[-102.96347,25.70788],[-102.96343,25.70779],[-102.96317,25.70779],[-102.96304,25.70761],[-102.96267,25.7076],[-102.96266,25.70752],[-102.96258,25.70751],[-102.96256,25.70715],[-102.96198,25.70714],[-102.96199,25.70669],[-102.96229,25.70669],[-102.96232,25.70678],[-102.96259,25.70679],[-102.96263,25.70688],[-102.96328,25.70689],[-102.9634,25.70706],[-102.96358,25.70707],[-102.96371,25.70725],[-102.96388,25.70726],[-102.96388,25.70742],[-102.96407,25.70744],[-102.96407,25.7076],[-102.96417,25.70762]]]}},{"type":"Feature","properties":{"id":447,"estado":"activa","confianza":"alta","area_m2":147717,"perimetro_m":2143,"largo_m":500,"ancho_m":460,"lat":25.778815,"lon":-102.986982,"municipio":"San Pedro","cerca_de":"San Pedro de las Colonias","dist_ref_km":45.2,"d_ciudad_km":39.1,"altura_m":1.9,"precio_m2":270,"precio_m2_min":175,"precio_m2_max":410,"valor":40000000,"valor_min":26000000,"valor_max":60000000},"geometry":{"type":"Polygon","coordinates":[[[-102.98956,25.77937],[-102.98956,25.77974],[-102.98896,25.77976],[-102.98895,25.78045],[-102.98875,25.78048],[-102.98874,25.78099],[-102.98834,25.78098],[-102.98834,25.78055],[-102.9881,25.78053],[-102.98805,25.78057],[-102.98804,25.78089],[-102.98754,25.78088],[-102.98751,25.78079],[-102.98719,25.78079],[-102.98715,25.78088],[-102.98677,25.78088],[-102.98674,25.78105],[-102.98644,25.78105],[-102.98645,25.78045],[-102.98636,25.78041],[-102.98636,25.78008],[-102.98616,25.77996],[-102.98617,25.77926],[-102.98589,25.77925],[-102.98587,25.77968],[-102.98557,25.77968],[-102.98558,25.77926],[-102.98538,25.77923],[-102.98537,25.77897],[-102.98498,25.77895],[-102.98499,25.77868],[-102.98516,25.77868],[-102.98519,25.77859],[-102.98539,25.77855],[-102.98539,25.77827],[-102.9853,25.77823],[-102.9853,25.77796],[-102.9854,25.77792],[-102.98541,25.77728],[-102.98531,25.77724],[-102.98532,25.77679],[-102.98541,25.77678],[-102.98542,25.7767],[-102.98579,25.7767],[-102.98592,25.77653],[-102.98672,25.77654],[-102.98686,25.77672],[-102.98761,25.77673],[-102.98762,25.77707],[-102.98801,25.7771],[-102.98805,25.77719],[-102.98847,25.77719],[-102.98851,25.77701],[-102.98881,25.77702],[-102.9888,25.77729],[-102.9886,25.77732],[-102.9886,25.7777],[-102.98879,25.77774],[-102.98881,25.77782],[-102.98889,25.77783],[-102.98889,25.77825],[-102.98898,25.77828],[-102.98897,25.77924],[-102.98937,25.77928],[-102.98939,25.77937],[-102.98956,25.77937]]]}},{"type":"Feature","properties":{"id":448,"estado":"activa","confianza":"media","area_m2":6126,"perimetro_m":315,"largo_m":90,"ancho_m":70,"lat":25.701024,"lon":-102.960444,"municipio":"San Pedro","cerca_de":"San Miguel","dist_ref_km":44.7,"d_ciudad_km":38.3,"altura_m":2.3,"precio_m2":125,"precio_m2_min":85,"precio_m2_max":190,"valor":780000,"valor_min":510000,"valor_max":1200000},"geometry":{"type":"Polygon","coordinates":[[[-102.9608,25.70071],[-102.96079,25.70144],[-102.96019,25.70143],[-102.96018,25.70135],[-102.96009,25.70134],[-102.9601,25.70061],[-102.9607,25.70062],[-102.96071,25.7007],[-102.9608,25.70071]]]}},{"type":"Feature","properties":{"id":449,"estado":"activa","confianza":"alta","area_m2":42243,"perimetro_m":1262,"largo_m":334,"ancho_m":274,"lat":25.669515,"lon":-102.954359,"municipio":"San Pedro","cerca_de":"San Felipe de Purcell","dist_ref_km":44.6,"d_ciudad_km":37.5,"altura_m":5.4,"precio_m2":100,"precio_m2_min":65,"precio_m2_max":150,"valor":4300000,"valor_min":2800000,"valor_max":6400000},"geometry":{"type":"Polygon","coordinates":[[[-102.95607,25.66833],[-102.95606,25.66887],[-102.9558,25.66887],[-102.95576,25.66896],[-102.9554,25.66896],[-102.95536,25.66904],[-102.9548,25.66904],[-102.95476,25.66913],[-102.95457,25.66914],[-102.95454,25.67066],[-102.95445,25.67067],[-102.95433,25.67084],[-102.95374,25.67083],[-102.95372,25.67075],[-102.95364,25.67073],[-102.95366,25.66974],[-102.95414,25.66973],[-102.95416,25.6693],[-102.95426,25.66927],[-102.95427,25.66907],[-102.95422,25.66903],[-102.95347,25.66902],[-102.95347,25.66878],[-102.95337,25.66874],[-102.95338,25.66829],[-102.95348,25.66827],[-102.95348,25.66812],[-102.95376,25.66811],[-102.95389,25.66794],[-102.95445,25.66794],[-102.95459,25.66777],[-102.95498,25.66778],[-102.955,25.66785],[-102.95518,25.66796],[-102.9552,25.66813],[-102.95538,25.66814],[-102.95542,25.66823],[-102.95577,25.66824],[-102.95581,25.66833],[-102.95607,25.66833]]]}},{"type":"Feature","properties":{"id":450,"estado":"activa","confianza":"media","area_m2":6114,"perimetro_m":367,"largo_m":110,"ancho_m":80,"lat":25.781757,"lon":-102.987031,"municipio":"San Pedro","cerca_de":"San Pedro de las Colonias","dist_ref_km":45.3,"d_ciudad_km":39.5,"altura_m":2.1,"precio_m2":300,"precio_m2_min":190,"precio_m2_max":440,"valor":1800000,"valor_min":1200000,"valor_max":2700000},"geometry":{"type":"Polygon","coordinates":[[[-102.98733,25.78151],[-102.98732,25.78214],[-102.98715,25.78214],[-102.98712,25.78223],[-102.98652,25.78222],[-102.98653,25.78195],[-102.98673,25.78192],[-102.98673,25.78159],[-102.98683,25.78155],[-102.98684,25.78123],[-102.98714,25.78124],[-102.98714,25.78149],[-102.98733,25.78151]]]}},{"type":"Feature","properties":{"id":451,"estado":"activa","confianza":"media","area_m2":7035,"perimetro_m":352,"largo_m":100,"ancho_m":90,"lat":25.777719,"lon":-102.984557,"municipio":"San Pedro","cerca_de":"San Pedro de las Colonias","dist_ref_km":45.3,"d_ciudad_km":39.5,"altura_m":2.0,"precio_m2":360,"precio_m2_min":240,"precio_m2_max":540,"valor":2500000,"valor_min":1700000,"valor_max":3800000},"geometry":{"type":"Polygon","coordinates":[[[-102.98501,25.77733],[-102.985,25.77796],[-102.98464,25.77795],[-102.9846,25.77813],[-102.9843,25.77813],[-102.9843,25.77797],[-102.98411,25.77785],[-102.98411,25.77758],[-102.9842,25.77756],[-102.98421,25.7774],[-102.9843,25.77739],[-102.98442,25.77723],[-102.98491,25.77723],[-102.98493,25.77731],[-102.98501,25.77733]]]}},{"type":"Feature","properties":{"id":452,"estado":"activa","confianza":"alta","area_m2":12137,"perimetro_m":612,"largo_m":150,"ancho_m":150,"lat":25.654629,"lon":-102.950827,"municipio":"San Pedro","cerca_de":"San Felipe de Purcell","dist_ref_km":44.7,"d_ciudad_km":37.3,"altura_m":0.5,"precio_m2":115,"precio_m2_min":75,"precio_m2_max":175,"valor":1400000,"valor_min":920000,"valor_max":2100000},"geometry":{"type":"Polygon","coordinates":[[[-102.95184,25.65383],[-102.95183,25.65419],[-102.95165,25.6542],[-102.95163,25.65437],[-102.95117,25.65436],[-102.95113,25.65445],[-102.95103,25.65448],[-102.95103,25.65478],[-102.95112,25.65481],[-102.95112,25.65517],[-102.95082,25.65517],[-102.95079,25.65508],[-102.95062,25.65508],[-102.95063,25.65438],[-102.95033,25.65435],[-102.95034,25.65399],[-102.95043,25.65397],[-102.95044,25.65381],[-102.95094,25.65382],[-102.95099,25.65391],[-102.9513,25.65391],[-102.95134,25.65382],[-102.95184,25.65383]]]}},{"type":"Feature","properties":{"id":453,"estado":"activa","confianza":"alta","area_m2":23756,"perimetro_m":794,"largo_m":240,"ancho_m":180,"lat":25.807688,"lon":-102.997166,"municipio":"San Pedro","cerca_de":"Ejido La Carolina","dist_ref_km":45.8,"d_ciudad_km":40.2,"altura_m":0.4,"precio_m2":130,"precio_m2_min":85,"precio_m2_max":195,"valor":3100000,"valor_min":2000000,"valor_max":4600000},"geometry":{"type":"Polygon","coordinates":[[[-102.99825,25.80802],[-102.99825,25.80829],[-102.99817,25.8083],[-102.99805,25.80847],[-102.99786,25.80848],[-102.99784,25.80874],[-102.99776,25.80875],[-102.99774,25.80882],[-102.99685,25.80881],[-102.99684,25.80865],[-102.99675,25.80863],[-102.99676,25.80822],[-102.99666,25.80818],[-102.99666,25.80793],[-102.99646,25.80781],[-102.99648,25.80664],[-102.99678,25.80664],[-102.99678,25.80688],[-102.99688,25.80692],[-102.99689,25.80736],[-102.99747,25.80738],[-102.99749,25.80755],[-102.99786,25.80756],[-102.99787,25.80791],[-102.99816,25.80793],[-102.99817,25.808],[-102.99825,25.80802]]]}},{"type":"Feature","properties":{"id":454,"estado":"activa","confianza":"media","area_m2":6437,"perimetro_m":346,"largo_m":110,"ancho_m":80,"lat":25.656019,"lon":-102.949111,"municipio":"San Pedro","cerca_de":"San Felipe de Purcell","dist_ref_km":44.9,"d_ciudad_km":37.6,"altura_m":1.3,"precio_m2":115,"precio_m2_min":75,"precio_m2_max":175,"valor":760000,"valor_min":490000,"valor_max":1100000},"geometry":{"type":"Polygon","coordinates":[[[-102.94971,25.65561],[-102.94971,25.65588],[-102.94961,25.65591],[-102.94961,25.65615],[-102.94933,25.65615],[-102.9492,25.65632],[-102.94881,25.65631],[-102.94879,25.65624],[-102.94861,25.65613],[-102.94861,25.65586],[-102.9487,25.65585],[-102.94872,25.65577],[-102.94899,25.65577],[-102.94912,25.6556],[-102.94971,25.65561]]]}},{"type":"Feature","properties":{"id":455,"estado":"activa","confianza":"alta","area_m2":338410,"perimetro_m":4730,"largo_m":954,"ancho_m":778,"lat":25.73421,"lon":-102.965486,"municipio":"San Pedro","cerca_de":"Tacuba","dist_ref_km":45.3,"d_ciudad_km":38.6,"altura_m":4.2,"precio_m2":160,"precio_m2_min":105,"precio_m2_max":240,"valor":54000000,"valor_min":35000000,"valor_max":80000000},"geometry":{"type":"Polygon","coordinates":[[[-102.97003,25.73207],[-102.97003,25.73235],[-102.96994,25.73236],[-102.96972,25.73261],[-102.96953,25.73263],[-102.96952,25.73288],[-102.96943,25.73289],[-102.96942,25.73297],[-102.96914,25.73297],[-102.96902,25.73314],[-102.96853,25.73316],[-102.96851,25.73332],[-102.96841,25.73336],[-102.96841,25.73364],[-102.96851,25.73368],[-102.9685,25.73395],[-102.96842,25.73396],[-102.9684,25.73404],[-102.96821,25.73406],[-102.9682,25.7344],[-102.96801,25.73441],[-102.96799,25.73457],[-102.9675,25.73457],[-102.96747,25.73448],[-102.96724,25.73447],[-102.9672,25.73456],[-102.96702,25.73457],[-102.967,25.73465],[-102.96644,25.73464],[-102.9664,25.73473],[-102.9662,25.73477],[-102.96619,25.73506],[-102.96629,25.73509],[-102.96632,25.73518],[-102.96655,25.73518],[-102.96659,25.7351],[-102.96709,25.7351],[-102.96708,25.73564],[-102.96699,25.73566],[-102.96698,25.73573],[-102.96678,25.73575],[-102.96677,25.73618],[-102.96637,25.73621],[-102.96637,25.73642],[-102.96647,25.73645],[-102.96646,25.73672],[-102.96627,25.73673],[-102.96626,25.73694],[-102.96636,25.73699],[-102.96636,25.73714],[-102.96695,25.73718],[-102.967,25.73727],[-102.96775,25.73728],[-102.96774,25.73764],[-102.96757,25.73764],[-102.96754,25.73773],[-102.96735,25.73784],[-102.96734,25.73799],[-102.96715,25.73801],[-102.96714,25.73817],[-102.96704,25.73821],[-102.96704,25.73851],[-102.96741,25.73853],[-102.96743,25.73827],[-102.96813,25.73828],[-102.96814,25.73844],[-102.96833,25.73846],[-102.96832,25.73891],[-102.96673,25.73889],[-102.96668,25.7388],[-102.96646,25.7388],[-102.96643,25.73888],[-102.96603,25.73888],[-102.96591,25.73871],[-102.96573,25.73869],[-102.96572,25.73862],[-102.96563,25.7386],[-102.96564,25.73836],[-102.96554,25.73833],[-102.96555,25.73779],[-102.96563,25.73778],[-102.96565,25.7377],[-102.96605,25.73771],[-102.96608,25.73779],[-102.96641,25.7378],[-102.96645,25.73748],[-102.96605,25.73744],[-102.96604,25.73736],[-102.96595,25.73734],[-102.96592,25.73716],[-102.96516,25.73715],[-102.96516,25.73688],[-102.96533,25.73688],[-102.96547,25.7367],[-102.96565,25.7367],[-102.96567,25.73653],[-102.96577,25.73648],[-102.96578,25.73602],[-102.96558,25.73598],[-102.96559,25.73547],[-102.96539,25.73544],[-102.96539,25.73528],[-102.96529,25.73526],[-102.96529,25.73492],[-102.96444,25.73489],[-102.9644,25.73497],[-102.96413,25.73498],[-102.9641,25.73506],[-102.96344,25.73505],[-102.9634,25.73523],[-102.9631,25.73523],[-102.9631,25.73507],[-102.963,25.73505],[-102.96299,25.73488],[-102.96291,25.73486],[-102.9629,25.73471],[-102.96271,25.73459],[-102.96272,25.73423],[-102.96282,25.73419],[-102.96282,25.7338],[-102.96233,25.73377],[-102.96233,25.73336],[-102.96224,25.73332],[-102.96225,25.73242],[-102.96235,25.73239],[-102.96235,25.73224],[-102.96244,25.73223],[-102.96256,25.73206],[-102.96272,25.73206],[-102.96276,25.73197],[-102.96293,25.73197],[-102.96296,25.73189],[-102.96312,25.73189],[-102.96316,25.7318],[-102.96334,25.73179],[-102.96346,25.73162],[-102.96365,25.73161],[-102.96386,25.73136],[-102.96404,25.73135],[-102.96406,25.73127],[-102.96425,25.73126],[-102.96427,25.73118],[-102.96466,25.73119],[-102.9647,25.73128],[-102.96494,25.73127],[-102.96496,25.73104],[-102.96477,25.73101],[-102.96477,25.73074],[-102.96496,25.73064],[-102.96497,25.73056],[-102.96524,25.73056],[-102.96527,25.73047],[-102.96564,25.73048],[-102.96568,25.7303],[-102.96627,25.73031],[-102.96631,25.7304],[-102.96665,25.7304],[-102.96667,25.73013],[-102.96687,25.73001],[-102.96688,25.72977],[-102.96697,25.72976],[-102.96698,25.72969],[-102.96726,25.72968],[-102.96728,25.72951],[-102.96768,25.72951],[-102.96766,25.73167],[-102.9682,25.73169],[-102.96824,25.7316],[-102.96843,25.73159],[-102.96845,25.73151],[-102.96904,25.73152],[-102.96908,25.7317],[-102.96984,25.73171],[-102.96984,25.73205],[-102.97003,25.73207]],[[-102.96903,25.73242],[-102.96846,25.73242],[-102.96843,25.7325],[-102.96833,25.73253],[-102.96833,25.73275],[-102.96859,25.73277],[-102.96862,25.73269],[-102.96881,25.73268],[-102.96883,25.7326],[-102.96942,25.73258],[-102.9694,25.73225],[-102.96906,25.73225],[-102.96903,25.73242]]]}},{"type":"Feature","properties":{"id":456,"estado":"desmontada","confianza":"alta","area_m2":28606,"perimetro_m":806,"largo_m":222,"ancho_m":204,"lat":25.672269,"lon":-102.950874,"municipio":"San Pedro","cerca_de":"Ejido Frontera","dist_ref_km":45.0,"d_ciudad_km":38.1,"altura_m":3.8,"precio_m2":65,"precio_m2_min":40,"precio_m2_max":100,"valor":1900000,"valor_min":1200000,"valor_max":2800000},"geometry":{"type":"Polygon","coordinates":[[[-102.95202,25.67225],[-102.95202,25.67252],[-102.95193,25.67253],[-102.95191,25.6727],[-102.95182,25.67272],[-102.95181,25.67297],[-102.95171,25.67299],[-102.95171,25.67315],[-102.95121,25.67314],[-102.95116,25.67305],[-102.95094,25.67305],[-102.95091,25.67313],[-102.95061,25.67313],[-102.95057,25.67304],[-102.94982,25.67303],[-102.9498,25.67295],[-102.94962,25.67284],[-102.94963,25.6723],[-102.94971,25.67229],[-102.94983,25.67213],[-102.94999,25.67213],[-102.95003,25.67204],[-102.95022,25.67202],[-102.95024,25.67159],[-102.95032,25.67158],[-102.95034,25.6715],[-102.95052,25.6715],[-102.95054,25.67141],[-102.95084,25.67142],[-102.95084,25.67176],[-102.95093,25.67178],[-102.95094,25.67185],[-102.95103,25.67187],[-102.95115,25.67205],[-102.95133,25.67206],[-102.95144,25.67223],[-102.95202,25.67225]]]}},{"type":"Feature","properties":{"id":457,"estado":"activa","confianza":"alta","area_m2":34228,"perimetro_m":1036,"largo_m":225,"ancho_m":223,"lat":25.789312,"lon":-102.985655,"municipio":"San Pedro","cerca_de":"Ejido La Carolina","dist_ref_km":45.8,"d_ciudad_km":40.0,"altura_m":4.1,"precio_m2":195,"precio_m2_min":130,"precio_m2_max":300,"valor":6800000,"valor_min":4400000,"valor_max":10000000},"geometry":{"type":"Polygon","coordinates":[[[-102.98662,25.78854],[-102.98661,25.78899],[-102.98624,25.78899],[-102.98621,25.78917],[-102.98611,25.78921],[-102.98611,25.78942],[-102.9863,25.78953],[-102.98632,25.78961],[-102.9864,25.78962],[-102.98639,25.79025],[-102.98504,25.79023],[-102.98499,25.79032],[-102.98449,25.79032],[-102.9845,25.78969],[-102.98497,25.78969],[-102.985,25.7896],[-102.98521,25.78947],[-102.98519,25.78907],[-102.98481,25.78906],[-102.98477,25.78897],[-102.98442,25.78896],[-102.98442,25.78869],[-102.98461,25.78868],[-102.98462,25.78851],[-102.98539,25.78852],[-102.98542,25.78834],[-102.9856,25.78834],[-102.98563,25.78826],[-102.98622,25.78826],[-102.98634,25.78844],[-102.98652,25.78845],[-102.98653,25.78853],[-102.98662,25.78854]]]}},{"type":"Feature","properties":{"id":458,"estado":"activa","confianza":"alta","area_m2":8138,"perimetro_m":374,"largo_m":110,"ancho_m":80,"lat":25.795602,"lon":-102.988094,"municipio":"San Pedro","cerca_de":"Ejido La Carolina","dist_ref_km":45.9,"d_ciudad_km":40.2,"altura_m":1.6,"precio_m2":180,"precio_m2_min":115,"precio_m2_max":270,"valor":1500000,"valor_min":960000,"valor_max":2200000},"geometry":{"type":"Polygon","coordinates":[[[-102.9885,25.79534],[-102.98848,25.79624],[-102.98831,25.79624],[-102.98828,25.79633],[-102.98778,25.79632],[-102.98779,25.79591],[-102.98769,25.79587],[-102.9877,25.79533],[-102.9885,25.79534]]]}},{"type":"Feature","properties":{"id":459,"estado":"activa","confianza":"media","area_m2":6448,"perimetro_m":373,"largo_m":141,"ancho_m":71,"lat":25.808515,"lon":-102.994112,"municipio":"San Pedro","cerca_de":"Ejido La Carolina","dist_ref_km":46.1,"d_ciudad_km":40.5,"altura_m":0.2,"precio_m2":140,"precio_m2_min":90,"precio_m2_max":210,"valor":900000,"valor_min":590000,"valor_max":1400000},"geometry":{"type":"Polygon","coordinates":[[[-102.99476,25.80806],[-102.99476,25.80833],[-102.99467,25.80834],[-102.99466,25.80842],[-102.99447,25.80843],[-102.99446,25.8086],[-102.99428,25.8086],[-102.99425,25.80878],[-102.99406,25.80879],[-102.99405,25.80895],[-102.99375,25.80895],[-102.99376,25.80832],[-102.99385,25.80831],[-102.99407,25.80805],[-102.99476,25.80806]]]}},{"type":"Feature","properties":{"id":460,"estado":"activa","confianza":"alta","area_m2":232794,"perimetro_m":3660,"largo_m":971,"ancho_m":340,"lat":25.79378,"lon":-102.986776,"municipio":"San Pedro","cerca_de":"Ejido La Carolina","dist_ref_km":45.9,"d_ciudad_km":40.0,"altura_m":3.1,"precio_m2":140,"precio_m2_min":90,"precio_m2_max":210,"valor":32000000,"valor_min":21000000,"valor_max":48000000},"geometry":{"type":"Polygon","coordinates":[[[-102.98934,25.79273],[-102.98933,25.793],[-102.98923,25.79305],[-102.98921,25.79458],[-102.98931,25.79463],[-102.9893,25.79526],[-102.989,25.79525],[-102.98899,25.79509],[-102.9888,25.79507],[-102.98879,25.79499],[-102.9887,25.79498],[-102.98868,25.79472],[-102.98851,25.79471],[-102.98847,25.79462],[-102.98816,25.79461],[-102.98801,25.79479],[-102.98546,25.79475],[-102.98541,25.79484],[-102.98505,25.79484],[-102.98501,25.79493],[-102.98455,25.79492],[-102.98451,25.79501],[-102.98342,25.795],[-102.98339,25.79491],[-102.98316,25.7949],[-102.98311,25.79526],[-102.98176,25.79524],[-102.98172,25.79533],[-102.97972,25.79531],[-102.97974,25.79431],[-102.97984,25.79428],[-102.97985,25.79373],[-102.97975,25.79368],[-102.97975,25.79326],[-102.97966,25.79323],[-102.97967,25.7926],[-102.97976,25.79258],[-102.97977,25.79242],[-102.97986,25.79241],[-102.97987,25.79233],[-102.98017,25.79233],[-102.98022,25.79242],[-102.98053,25.79243],[-102.98057,25.79234],[-102.98087,25.79234],[-102.98088,25.79242],[-102.98097,25.79243],[-102.98096,25.7928],[-102.98086,25.79283],[-102.98085,25.79375],[-102.98094,25.79379],[-102.98094,25.79421],[-102.98104,25.79424],[-102.98109,25.79433],[-102.9814,25.79433],[-102.98144,25.79425],[-102.9818,25.79425],[-102.98184,25.79416],[-102.98214,25.79417],[-102.98227,25.79435],[-102.98298,25.79436],[-102.98313,25.79418],[-102.98351,25.79418],[-102.98353,25.794],[-102.98433,25.79399],[-102.98433,25.79377],[-102.98414,25.79365],[-102.98411,25.79347],[-102.98294,25.79345],[-102.98295,25.79309],[-102.98305,25.79306],[-102.98305,25.79276],[-102.98286,25.79273],[-102.98282,25.79264],[-102.98236,25.79263],[-102.98237,25.79236],[-102.98322,25.79238],[-102.98326,25.79229],[-102.98446,25.7923],[-102.98449,25.79239],[-102.98481,25.7924],[-102.98486,25.79231],[-102.98552,25.79232],[-102.98556,25.79223],[-102.98626,25.79224],[-102.98638,25.79242],[-102.9868,25.79242],[-102.98685,25.79234],[-102.98732,25.79234],[-102.98735,25.79225],[-102.98915,25.79228],[-102.98915,25.79243],[-102.98924,25.79246],[-102.98924,25.7927],[-102.98934,25.79273]]]}},{"type":"Feature","properties":{"id":461,"estado":"activa","confianza":"media","area_m2":7729,"perimetro_m":497,"largo_m":190,"ancho_m":60,"lat":25.695602,"lon":-102.953264,"municipio":"San Pedro","cerca_de":"San Miguel","dist_ref_km":45.3,"d_ciudad_km":38.8,"altura_m":0.5,"precio_m2":125,"precio_m2_min":80,"precio_m2_max":185,"valor":950000,"valor_min":620000,"valor_max":1400000},"geometry":{"type":"Polygon","coordinates":[[[-102.95421,25.69548],[-102.95421,25.69575],[-102.95286,25.69573],[-102.95271,25.69591],[-102.95231,25.6959],[-102.95232,25.69545],[-102.95249,25.69545],[-102.95252,25.69536],[-102.95302,25.69537],[-102.95307,25.69546],[-102.95329,25.69546],[-102.95332,25.69537],[-102.95382,25.69538],[-102.95385,25.69547],[-102.95421,25.69548]]]}},{"type":"Feature","properties":{"id":462,"estado":"activa","confianza":"alta","area_m2":7710,"perimetro_m":494,"largo_m":189,"ancho_m":79,"lat":25.809076,"lon":-102.9931,"municipio":"San Pedro","cerca_de":"Ejido La Carolina","dist_ref_km":46.2,"d_ciudad_km":40.6,"altura_m":0.4,"precio_m2":140,"precio_m2_min":90,"precio_m2_max":210,"valor":1100000,"valor_min":700000,"valor_max":1600000,"grupo":393,"grupo_bloques":2,"grupo_m2":20518},"geometry":{"type":"Polygon","coordinates":[[[-102.99346,25.8084],[-102.99346,25.80867],[-102.99336,25.80871],[-102.99335,25.80921],[-102.99325,25.80925],[-102.99324,25.80948],[-102.99306,25.80949],[-102.99304,25.80966],[-102.99286,25.80967],[-102.99274,25.80984],[-102.99244,25.80983],[-102.99245,25.80929],[-102.99284,25.80928],[-102.99285,25.80894],[-102.99305,25.8089],[-102.99306,25.8084],[-102.99346,25.8084]]]}},{"type":"Feature","properties":{"id":463,"estado":"activa","confianza":"alta","area_m2":22238,"perimetro_m":660,"largo_m":200,"ancho_m":140,"lat":25.675168,"lon":-102.947886,"municipio":"San Pedro","cerca_de":"Ejido Frontera","dist_ref_km":45.4,"d_ciudad_km":38.5,"altura_m":0.5,"precio_m2":110,"precio_m2_min":70,"precio_m2_max":165,"valor":2400000,"valor_min":1600000,"valor_max":3600000},"geometry":{"type":"Polygon","coordinates":[[[-102.94889,25.67491],[-102.94888,25.67545],[-102.94879,25.67546],[-102.94867,25.67563],[-102.94758,25.67561],[-102.94755,25.67553],[-102.94708,25.67552],[-102.94706,25.67543],[-102.94689,25.67542],[-102.9469,25.6747],[-102.9472,25.67471],[-102.94723,25.6748],[-102.94747,25.6748],[-102.9475,25.67444],[-102.94759,25.67443],[-102.9476,25.67435],[-102.9481,25.67436],[-102.94823,25.67454],[-102.94869,25.67455],[-102.94871,25.67462],[-102.94879,25.67464],[-102.94879,25.67489],[-102.94889,25.67491]]]}},{"type":"Feature","properties":{"id":464,"estado":"activa","confianza":"alta","area_m2":12808,"perimetro_m":781,"largo_m":267,"ancho_m":106,"lat":25.808685,"lon":-102.991809,"municipio":"San Pedro","cerca_de":"Ejido La Carolina","dist_ref_km":46.3,"d_ciudad_km":40.7,"altura_m":0.2,"precio_m2":140,"precio_m2_min":90,"precio_m2_max":210,"valor":1800000,"valor_min":1200000,"valor_max":2700000,"grupo":393,"grupo_bloques":2,"grupo_m2":20518},"geometry":{"type":"Polygon","coordinates":[[[-102.99246,25.80893],[-102.99245,25.80929],[-102.99195,25.80929],[-102.99196,25.80902],[-102.99206,25.80898],[-102.99204,25.80875],[-102.99126,25.80873],[-102.99125,25.80856],[-102.99097,25.80855],[-102.99092,25.80846],[-102.99069,25.80846],[-102.99057,25.80863],[-102.99027,25.80863],[-102.99023,25.80854],[-102.98997,25.80854],[-102.98998,25.80818],[-102.99024,25.80818],[-102.99028,25.80809],[-102.99067,25.80809],[-102.99071,25.80818],[-102.99127,25.80819],[-102.99131,25.80837],[-102.99236,25.80839],[-102.99236,25.80889],[-102.99246,25.80893]]]}},{"type":"Feature","properties":{"id":465,"estado":"activa","confianza":"alta","area_m2":584267,"perimetro_m":3280,"largo_m":1007,"ancho_m":616,"lat":25.772451,"lon":-102.974427,"municipio":"San Pedro","cerca_de":"San Pedro de las Colonias","dist_ref_km":46.0,"d_ciudad_km":39.7,"altura_m":8.5,"precio_m2":240,"precio_m2_min":155,"precio_m2_max":360,"valor":140000000,"valor_min":92000000,"valor_max":210000000},"geometry":{"type":"Polygon","coordinates":[[[-102.97859,25.77372],[-102.97859,25.77408],[-102.97849,25.77412],[-102.97847,25.77498],[-102.97811,25.77497],[-102.97807,25.77506],[-102.97751,25.77506],[-102.97747,25.77514],[-102.97707,25.77514],[-102.97703,25.77505],[-102.97652,25.77504],[-102.97648,25.77513],[-102.97591,25.77513],[-102.97587,25.77521],[-102.97558,25.77521],[-102.97553,25.77512],[-102.97164,25.77506],[-102.97159,25.77515],[-102.96945,25.77512],[-102.9694,25.77521],[-102.9688,25.7752],[-102.96878,25.77513],[-102.9687,25.77511],[-102.96872,25.77398],[-102.96862,25.77394],[-102.96865,25.77226],[-102.96855,25.77222],[-102.96859,25.76979],[-102.97063,25.76981],[-102.97069,25.76972],[-102.97108,25.76973],[-102.97113,25.76982],[-102.97145,25.76982],[-102.97148,25.76974],[-102.97188,25.76974],[-102.97192,25.76983],[-102.97223,25.76984],[-102.97228,25.76975],[-102.97275,25.76975],[-102.97278,25.76966],[-102.97781,25.76973],[-102.97786,25.76964],[-102.97826,25.76965],[-102.97828,25.76973],[-102.97836,25.76974],[-102.97835,25.77051],[-102.97845,25.77055],[-102.97844,25.77115],[-102.97854,25.77119],[-102.97849,25.77367],[-102.97859,25.77372]],[[-102.97024,25.77252],[-102.97034,25.77248],[-102.97035,25.7721],[-102.97015,25.77206],[-102.97013,25.77189],[-102.96989,25.77188],[-102.96985,25.77197],[-102.96956,25.77198],[-102.96955,25.77229],[-102.96974,25.77242],[-102.96976,25.77259],[-102.9702,25.77261],[-102.97024,25.77252]]]}},{"type":"Feature","properties":{"id":466,"estado":"activa","confianza":"alta","area_m2":82728,"perimetro_m":1629,"largo_m":380,"ancho_m":380,"lat":25.77947,"lon":-102.976899,"municipio":"San Pedro","cerca_de":"Ejido Patrocinio","dist_ref_km":46.1,"d_ciudad_km":40.1,"altura_m":5.1,"precio_m2":270,"precio_m2_min":175,"precio_m2_max":410,"valor":23000000,"valor_min":15000000,"valor_max":34000000},"geometry":{"type":"Polygon","coordinates":[[[-102.97882,25.77814],[-102.9788,25.77886],[-102.97863,25.77887],[-102.9786,25.77904],[-102.97852,25.77905],[-102.9785,25.77913],[-102.97822,25.77913],[-102.9782,25.77931],[-102.97801,25.77933],[-102.978,25.77948],[-102.97781,25.7795],[-102.97779,25.77975],[-102.9777,25.77977],[-102.97769,25.77993],[-102.97759,25.77998],[-102.97759,25.78017],[-102.97769,25.7802],[-102.9777,25.78028],[-102.97818,25.7803],[-102.9782,25.78038],[-102.97828,25.78039],[-102.97829,25.78056],[-102.97838,25.78057],[-102.9784,25.78066],[-102.97858,25.78067],[-102.97859,25.78074],[-102.97867,25.78076],[-102.97867,25.78103],[-102.9785,25.78103],[-102.97847,25.78112],[-102.97608,25.78108],[-102.97606,25.78091],[-102.97582,25.7809],[-102.97578,25.78108],[-102.97569,25.78109],[-102.97568,25.78117],[-102.97528,25.78116],[-102.97528,25.78083],[-102.97518,25.7808],[-102.97515,25.78071],[-102.97499,25.78071],[-102.97499,25.78044],[-102.97507,25.78043],[-102.97509,25.78035],[-102.97517,25.78034],[-102.97519,25.78026],[-102.97539,25.78015],[-102.9754,25.77999],[-102.97549,25.77996],[-102.9755,25.77981],[-102.9756,25.77978],[-102.9756,25.77963],[-102.97569,25.77962],[-102.9757,25.77954],[-102.97579,25.77953],[-102.9758,25.77945],[-102.97589,25.77944],[-102.97591,25.77937],[-102.97599,25.77936],[-102.97601,25.77928],[-102.97609,25.77927],[-102.97611,25.77919],[-102.97619,25.77918],[-102.97621,25.7791],[-102.97629,25.77909],[-102.97631,25.77901],[-102.9765,25.77891],[-102.97651,25.77883],[-102.9766,25.77882],[-102.97662,25.77865],[-102.9768,25.77864],[-102.97682,25.77848],[-102.9769,25.77846],[-102.97692,25.77839],[-102.977,25.77838],[-102.97702,25.7783],[-102.9771,25.77829],[-102.97712,25.77821],[-102.97731,25.77811],[-102.97732,25.77803],[-102.97751,25.77802],[-102.97752,25.77794],[-102.97771,25.77784],[-102.97773,25.77777],[-102.97803,25.77777],[-102.97803,25.77792],[-102.97812,25.77795],[-102.97815,25.77804],[-102.97842,25.77805],[-102.97846,25.77814],[-102.97882,25.77814]]]}},{"type":"Feature","properties":{"id":467,"estado":"activa","confianza":"alta","area_m2":97176,"perimetro_m":2188,"largo_m":483,"ancho_m":358,"lat":25.777038,"lon":-102.975846,"municipio":"San Pedro","cerca_de":"San Pedro de las Colonias","dist_ref_km":46.1,"d_ciudad_km":40.0,"altura_m":5.6,"precio_m2":280,"precio_m2_min":185,"precio_m2_max":430,"valor":28000000,"valor_min":18000000,"valor_max":42000000},"geometry":{"type":"Polygon","coordinates":[[[-102.97835,25.77633],[-102.97834,25.7766],[-102.97825,25.77662],[-102.97824,25.77678],[-102.97804,25.77681],[-102.97804,25.77723],[-102.97795,25.77724],[-102.97773,25.7775],[-102.97755,25.7775],[-102.97753,25.77758],[-102.97745,25.77759],[-102.97743,25.77767],[-102.97724,25.77778],[-102.97723,25.77785],[-102.97706,25.77785],[-102.97692,25.77803],[-102.97674,25.77803],[-102.97672,25.77811],[-102.97653,25.77822],[-102.97652,25.77829],[-102.97602,25.77828],[-102.97599,25.7781],[-102.97527,25.77809],[-102.97522,25.77836],[-102.97514,25.77838],[-102.97512,25.77845],[-102.97494,25.77846],[-102.97492,25.77854],[-102.97473,25.77864],[-102.97472,25.77872],[-102.97455,25.77872],[-102.97452,25.7788],[-102.97392,25.7788],[-102.97393,25.77835],[-102.97423,25.77835],[-102.97426,25.77844],[-102.97449,25.77844],[-102.97463,25.77826],[-102.97482,25.77825],[-102.97483,25.77803],[-102.97453,25.77799],[-102.97449,25.7779],[-102.97404,25.7779],[-102.97402,25.77782],[-102.97384,25.77771],[-102.97384,25.77738],[-102.97365,25.77726],[-102.97365,25.77685],[-102.97356,25.77681],[-102.97356,25.77644],[-102.97392,25.77645],[-102.97396,25.77636],[-102.97562,25.77638],[-102.97566,25.77615],[-102.97551,25.77602],[-102.97511,25.77602],[-102.97506,25.7761],[-102.97387,25.77609],[-102.97385,25.77601],[-102.97377,25.776],[-102.97378,25.77564],[-102.97433,25.77564],[-102.97437,25.77555],[-102.97543,25.77557],[-102.97547,25.77548],[-102.97577,25.77548],[-102.97578,25.77564],[-102.97587,25.77566],[-102.97587,25.77601],[-102.97646,25.77603],[-102.97649,25.77639],[-102.9779,25.77641],[-102.97795,25.77633],[-102.97835,25.77633]]]}},{"type":"Feature","properties":{"id":468,"estado":"activa","confianza":"alta","area_m2":179085,"perimetro_m":3008,"largo_m":1093,"ancho_m":303,"lat":25.308109,"lon":-103.736063,"municipio":"Lerdo","cerca_de":"Nuevo Graseros","dist_ref_km":47.5,"d_ciudad_km":30.3,"altura_m":8.0,"precio_m2":85,"precio_m2_min":55,"precio_m2_max":125,"valor":15000000,"valor_min":9800000,"valor_max":23000000},"geometry":{"type":"Polygon","coordinates":[[[-103.73774,25.30952],[-103.73774,25.30988],[-103.73764,25.30993],[-103.73761,25.3125],[-103.73721,25.3125],[-103.73721,25.31234],[-103.73711,25.31232],[-103.73711,25.31216],[-103.73702,25.31214],[-103.73702,25.31199],[-103.73692,25.31195],[-103.73691,25.31179],[-103.73682,25.31177],[-103.73682,25.31153],[-103.73663,25.31141],[-103.73662,25.31125],[-103.73653,25.31123],[-103.73653,25.31099],[-103.73643,25.31096],[-103.73644,25.31069],[-103.73663,25.31065],[-103.73663,25.31017],[-103.73638,25.31015],[-103.73634,25.31032],[-103.73604,25.31032],[-103.73593,25.31015],[-103.73585,25.31014],[-103.73584,25.3099],[-103.73565,25.30978],[-103.73564,25.30961],[-103.73545,25.3095],[-103.73545,25.30926],[-103.73536,25.30923],[-103.73535,25.30908],[-103.73526,25.30905],[-103.73525,25.30889],[-103.73516,25.30887],[-103.73516,25.30863],[-103.73497,25.30851],[-103.73497,25.30836],[-103.73487,25.30833],[-103.73486,25.30816],[-103.73468,25.30805],[-103.73466,25.30797],[-103.73458,25.30796],[-103.73456,25.30779],[-103.73448,25.30778],[-103.73447,25.30771],[-103.73438,25.30769],[-103.73427,25.30752],[-103.73418,25.30751],[-103.73418,25.30735],[-103.73399,25.30723],[-103.73399,25.30709],[-103.73389,25.30705],[-103.73388,25.30689],[-103.73369,25.30678],[-103.73368,25.30661],[-103.7335,25.30651],[-103.7335,25.30636],[-103.7334,25.30633],[-103.73339,25.30616],[-103.7333,25.30614],[-103.73328,25.30606],[-103.73311,25.30605],[-103.73309,25.30598],[-103.73301,25.30596],[-103.73301,25.30563],[-103.73291,25.3056],[-103.73291,25.30537],[-103.73282,25.30533],[-103.73281,25.30517],[-103.73272,25.30515],[-103.73272,25.3049],[-103.73262,25.30487],[-103.73263,25.30451],[-103.73273,25.30447],[-103.73272,25.30427],[-103.73263,25.30424],[-103.73263,25.30379],[-103.73272,25.30378],[-103.73283,25.30361],[-103.73333,25.30362],[-103.73334,25.30369],[-103.73343,25.30371],[-103.73343,25.30386],[-103.73353,25.30389],[-103.73354,25.30397],[-103.73372,25.30398],[-103.73385,25.30416],[-103.73412,25.30417],[-103.73411,25.30471],[-103.73383,25.30472],[-103.73382,25.30495],[-103.73391,25.30498],[-103.73394,25.30506],[-103.73416,25.30507],[-103.73421,25.30489],[-103.73451,25.30489],[-103.73451,25.30516],[-103.73422,25.30517],[-103.73421,25.3054],[-103.73446,25.30543],[-103.7345,25.30534],[-103.7349,25.30535],[-103.7349,25.30594],[-103.73499,25.30598],[-103.73501,25.30606],[-103.73599,25.30608],[-103.73611,25.30626],[-103.73648,25.30626],[-103.7365,25.30634],[-103.73658,25.30635],[-103.73659,25.30652],[-103.73678,25.30663],[-103.73678,25.30697],[-103.73687,25.30699],[-103.737,25.30717],[-103.73727,25.30717],[-103.73726,25.30759],[-103.73736,25.30763],[-103.73735,25.30889],[-103.73725,25.30892],[-103.73725,25.30912],[-103.73744,25.30925],[-103.73746,25.30933],[-103.73754,25.30934],[-103.73756,25.30951],[-103.73774,25.30952]]]}},{"type":"Feature","properties":{"id":469,"estado":"desmontada","confianza":"alta","area_m2":11281,"perimetro_m":508,"largo_m":130,"ancho_m":120,"lat":25.751022,"lon":-102.964123,"municipio":"San Pedro","cerca_de":"San Pedro de las Colonias","dist_ref_km":46.1,"d_ciudad_km":39.9,"altura_m":2.4,"precio_m2":280,"precio_m2_min":180,"precio_m2_max":420,"valor":3200000,"valor_min":2100000,"valor_max":4700000},"geometry":{"type":"Polygon","coordinates":[[[-102.96473,25.75087],[-102.96472,25.75132],[-102.96463,25.75133],[-102.96462,25.75141],[-102.96432,25.7514],[-102.96419,25.75122],[-102.96387,25.75122],[-102.96382,25.7513],[-102.96373,25.75133],[-102.96372,25.75148],[-102.96342,25.75148],[-102.96343,25.75112],[-102.96352,25.7511],[-102.96353,25.75094],[-102.96363,25.7509],[-102.96364,25.7504],[-102.96414,25.75041],[-102.96418,25.7505],[-102.96463,25.7505],[-102.96463,25.75083],[-102.96473,25.75087]]]}},{"type":"Feature","properties":{"id":470,"estado":"activa","confianza":"alta","area_m2":217440,"perimetro_m":3151,"largo_m":556,"ancho_m":472,"lat":25.798037,"lon":-102.982472,"municipio":"San Pedro","cerca_de":"Ejido La Carolina","dist_ref_km":46.5,"d_ciudad_km":40.5,"altura_m":1.9,"precio_m2":125,"precio_m2_min":80,"precio_m2_max":190,"valor":27000000,"valor_min":18000000,"valor_max":41000000},"geometry":{"type":"Polygon","coordinates":[[[-102.98526,25.79809],[-102.98525,25.79854],[-102.98515,25.79858],[-102.98513,25.79962],[-102.98503,25.79966],[-102.98503,25.80007],[-102.98318,25.80005],[-102.98313,25.80014],[-102.98049,25.8001],[-102.98044,25.80019],[-102.98014,25.80019],[-102.9801,25.8001],[-102.97984,25.80009],[-102.97985,25.79977],[-102.97975,25.79973],[-102.97975,25.79937],[-102.97985,25.79932],[-102.97986,25.79904],[-102.97976,25.79901],[-102.97978,25.79792],[-102.98006,25.79792],[-102.98008,25.79775],[-102.98078,25.79776],[-102.98083,25.79785],[-102.98113,25.79785],[-102.98118,25.79781],[-102.98117,25.7976],[-102.98098,25.79758],[-102.98095,25.79749],[-102.97999,25.79748],[-102.97997,25.7974],[-102.97969,25.7972],[-102.9797,25.79657],[-102.9799,25.79645],[-102.97991,25.79594],[-102.9826,25.79598],[-102.98262,25.79605],[-102.9827,25.79607],[-102.9827,25.79643],[-102.98259,25.79647],[-102.98259,25.79688],[-102.98242,25.79688],[-102.98229,25.79706],[-102.98209,25.79707],[-102.98209,25.79757],[-102.98218,25.7976],[-102.98221,25.79769],[-102.98244,25.79769],[-102.98248,25.79751],[-102.98256,25.7975],[-102.98268,25.79733],[-102.98314,25.79734],[-102.98318,25.79716],[-102.98348,25.79716],[-102.98349,25.79724],[-102.98368,25.79735],[-102.98367,25.79771],[-102.98357,25.79774],[-102.98358,25.79796],[-102.98411,25.79798],[-102.98426,25.79786],[-102.98427,25.79756],[-102.98417,25.79753],[-102.98414,25.79745],[-102.98397,25.79744],[-102.98398,25.7972],[-102.98388,25.79717],[-102.98387,25.79682],[-102.98379,25.79681],[-102.98375,25.79672],[-102.98349,25.79671],[-102.98348,25.79654],[-102.98329,25.79653],[-102.9833,25.79608],[-102.98347,25.79607],[-102.9835,25.79599],[-102.98445,25.796],[-102.9845,25.79591],[-102.9851,25.79592],[-102.98507,25.79745],[-102.98497,25.79749],[-102.98496,25.79796],[-102.98516,25.798],[-102.98517,25.79808],[-102.98526,25.79809]]]}},{"type":"Feature","properties":{"id":471,"estado":"activa","confianza":"media","area_m2":9068,"perimetro_m":400,"largo_m":120,"ancho_m":100,"lat":25.788059,"lon":-102.97783,"municipio":"San Pedro","cerca_de":"El Porvenir de Abajo","dist_ref_km":46.4,"d_ciudad_km":40.7,"altura_m":1.1,"precio_m2":230,"precio_m2_min":150,"precio_m2_max":340,"valor":2100000,"valor_min":1400000,"valor_max":3100000},"geometry":{"type":"Polygon","coordinates":[[[-102.97845,25.78807],[-102.97844,25.78843],[-102.97827,25.78843],[-102.97824,25.78852],[-102.97754,25.78851],[-102.97753,25.78843],[-102.97725,25.78823],[-102.97726,25.78787],[-102.97734,25.78786],[-102.97756,25.7876],[-102.97806,25.78761],[-102.97806,25.78795],[-102.97835,25.78798],[-102.97836,25.78805],[-102.97845,25.78807]]]}},{"type":"Feature","properties":{"id":472,"estado":"activa","confianza":"media","area_m2":6503,"perimetro_m":346,"largo_m":90,"ancho_m":90,"lat":25.780967,"lon":-102.974233,"municipio":"San Pedro","cerca_de":"El Porvenir de Abajo","dist_ref_km":46.4,"d_ciudad_km":40.6,"altura_m":2.9,"precio_m2":290,"precio_m2_min":185,"precio_m2_max":430,"valor":1900000,"valor_min":1200000,"valor_max":2800000},"geometry":{"type":"Polygon","coordinates":[[[-102.97468,25.78079],[-102.97468,25.78124],[-102.97388,25.78123],[-102.97387,25.78116],[-102.97378,25.78114],[-102.97379,25.78078],[-102.97388,25.78076],[-102.97389,25.7806],[-102.97398,25.78059],[-102.97399,25.78051],[-102.97417,25.78051],[-102.97419,25.78043],[-102.97449,25.78043],[-102.97449,25.78077],[-102.97468,25.78079]]]}},{"type":"Feature","properties":{"id":473,"estado":"activa","confianza":"alta","area_m2":99208,"perimetro_m":2508,"largo_m":710,"ancho_m":280,"lat":25.805374,"lon":-102.985539,"municipio":"San Pedro","cerca_de":"Ejido La Carolina","dist_ref_km":46.6,"d_ciudad_km":40.9,"altura_m":0.8,"precio_m2":115,"precio_m2_min":75,"precio_m2_max":175,"valor":12000000,"valor_min":7500000,"valor_max":17000000},"geometry":{"type":"Polygon","coordinates":[[[-102.98715,25.80416],[-102.98715,25.80444],[-102.98705,25.80446],[-102.98704,25.80461],[-102.98696,25.80462],[-102.98694,25.8047],[-102.98674,25.80482],[-102.98673,25.80533],[-102.98665,25.80534],[-102.98663,25.80542],[-102.98538,25.8054],[-102.98533,25.80549],[-102.98495,25.8055],[-102.98493,25.80576],[-102.98443,25.80575],[-102.98444,25.80497],[-102.98425,25.80494],[-102.98411,25.80476],[-102.98379,25.80475],[-102.98375,25.80484],[-102.98319,25.80483],[-102.98315,25.80492],[-102.98275,25.80492],[-102.98272,25.80483],[-102.9824,25.80482],[-102.98235,25.80491],[-102.98198,25.80491],[-102.98198,25.80517],[-102.98235,25.80518],[-102.9824,25.80527],[-102.9827,25.80528],[-102.98275,25.80519],[-102.98305,25.80519],[-102.98306,25.80527],[-102.98314,25.80528],[-102.98314,25.80555],[-102.98305,25.80557],[-102.98304,25.80564],[-102.98286,25.80565],[-102.98284,25.80573],[-102.98264,25.80575],[-102.98263,25.80609],[-102.98254,25.80611],[-102.98253,25.80627],[-102.98204,25.80628],[-102.98202,25.80662],[-102.98172,25.80662],[-102.98168,25.80653],[-102.98133,25.80652],[-102.98133,25.80616],[-102.98142,25.80615],[-102.98143,25.80607],[-102.98163,25.80603],[-102.98164,25.80565],[-102.98144,25.80553],[-102.98142,25.80545],[-102.98115,25.80544],[-102.9811,25.80534],[-102.98059,25.80534],[-102.98054,25.8057],[-102.98014,25.80569],[-102.98014,25.80554],[-102.98005,25.80551],[-102.98005,25.80524],[-102.98015,25.8052],[-102.98015,25.805],[-102.98006,25.80497],[-102.98007,25.80425],[-102.98202,25.80427],[-102.98217,25.8041],[-102.98715,25.80416]]]}},{"type":"Feature","properties":{"id":474,"estado":"activa","confianza":"alta","area_m2":11976,"perimetro_m":542,"largo_m":206,"ancho_m":80,"lat":25.675186,"lon":-102.942656,"municipio":"San Pedro","cerca_de":"Ejido Frontera","dist_ref_km":45.9,"d_ciudad_km":39.0,"altura_m":1.0,"precio_m2":115,"precio_m2_min":75,"precio_m2_max":175,"valor":1400000,"valor_min":910000,"valor_max":2100000},"geometry":{"type":"Polygon","coordinates":[[[-102.94312,25.67438],[-102.94311,25.67492],[-102.94291,25.67505],[-102.94289,25.67582],[-102.9427,25.67593],[-102.94269,25.67609],[-102.94209,25.67608],[-102.9421,25.67572],[-102.9422,25.67569],[-102.9422,25.67545],[-102.9424,25.67532],[-102.94242,25.67455],[-102.9425,25.67454],[-102.94252,25.67446],[-102.9427,25.67445],[-102.94272,25.67437],[-102.94312,25.67438]]]}},{"type":"Feature","properties":{"id":475,"estado":"activa","confianza":"alta","area_m2":371344,"perimetro_m":3319,"largo_m":1143,"ancho_m":478,"lat":25.725419,"lon":-102.953455,"municipio":"San Pedro","cerca_de":"Nueva Candelaria","dist_ref_km":46.1,"d_ciudad_km":39.6,"altura_m":4.7,"precio_m2":105,"precio_m2_min":70,"precio_m2_max":155,"valor":39000000,"valor_min":25000000,"valor_max":58000000},"geometry":{"type":"Polygon","coordinates":[[[-102.95765,25.72739],[-102.95765,25.72775],[-102.95756,25.72776],[-102.95744,25.72793],[-102.95727,25.72793],[-102.95714,25.7281],[-102.95697,25.7281],[-102.95694,25.72819],[-102.95684,25.72822],[-102.95684,25.72852],[-102.95694,25.72855],[-102.95694,25.7288],[-102.95703,25.72882],[-102.95703,25.72909],[-102.95694,25.72911],[-102.95692,25.72918],[-102.95533,25.72916],[-102.95531,25.72908],[-102.95513,25.72907],[-102.95509,25.72898],[-102.95404,25.72896],[-102.95403,25.72889],[-102.95374,25.72869],[-102.95375,25.72842],[-102.95434,25.7284],[-102.95435,25.72819],[-102.95425,25.72815],[-102.95425,25.72791],[-102.95416,25.72788],[-102.95414,25.7278],[-102.9538,25.72779],[-102.95376,25.72788],[-102.95236,25.72786],[-102.95235,25.72778],[-102.95217,25.72767],[-102.95216,25.72752],[-102.95207,25.72749],[-102.95206,25.72733],[-102.95197,25.72731],[-102.95197,25.72706],[-102.95178,25.72694],[-102.95177,25.72678],[-102.95159,25.72667],[-102.95158,25.72651],[-102.95149,25.72649],[-102.95149,25.72634],[-102.95139,25.72631],[-102.95139,25.72615],[-102.9513,25.72613],[-102.9513,25.72598],[-102.9512,25.72594],[-102.95119,25.72578],[-102.95101,25.72567],[-102.951,25.72552],[-102.95091,25.72549],[-102.95091,25.72534],[-102.95081,25.72531],[-102.95081,25.72515],[-102.95062,25.72512],[-102.95062,25.72488],[-102.95042,25.72476],[-102.95042,25.72451],[-102.95023,25.7244],[-102.95023,25.72415],[-102.95004,25.72403],[-102.95004,25.72378],[-102.94984,25.72367],[-102.94984,25.72342],[-102.94965,25.7233],[-102.94965,25.72315],[-102.94955,25.72312],[-102.94955,25.72296],[-102.94946,25.72294],[-102.94946,25.72269],[-102.94926,25.72258],[-102.94926,25.72242],[-102.94907,25.7223],[-102.94906,25.72214],[-102.94888,25.72203],[-102.94888,25.72167],[-102.94993,25.72168],[-102.94998,25.72159],[-102.95048,25.7216],[-102.95053,25.72169],[-102.95257,25.72172],[-102.95258,25.72179],[-102.95267,25.72181],[-102.95279,25.72199],[-102.95326,25.722],[-102.95339,25.72218],[-102.95376,25.72219],[-102.95377,25.72227],[-102.95385,25.72228],[-102.95386,25.72244],[-102.95395,25.72246],[-102.95394,25.72318],[-102.95384,25.72322],[-102.95384,25.72352],[-102.95393,25.72354],[-102.95397,25.72363],[-102.95443,25.72364],[-102.95445,25.72409],[-102.95502,25.7241],[-102.95501,25.7247],[-102.95521,25.72483],[-102.95521,25.72499],[-102.95546,25.72501],[-102.9555,25.72492],[-102.9558,25.72493],[-102.9558,25.72526],[-102.95599,25.72538],[-102.95601,25.72546],[-102.95609,25.72547],[-102.95611,25.72555],[-102.95619,25.72556],[-102.95621,25.72564],[-102.95629,25.72565],[-102.9563,25.72573],[-102.95639,25.72575],[-102.95639,25.72609],[-102.95668,25.72611],[-102.95669,25.72619],[-102.95697,25.72639],[-102.95697,25.72691],[-102.95716,25.72702],[-102.95718,25.7271],[-102.95726,25.72711],[-102.95728,25.72719],[-102.95736,25.7272],[-102.95737,25.72728],[-102.95746,25.7273],[-102.95747,25.72738],[-102.95765,25.72739]]]}},{"type":"Feature","properties":{"id":476,"estado":"activa","confianza":"alta","area_m2":43097,"perimetro_m":1270,"largo_m":520,"ancho_m":110,"lat":25.801798,"lon":-102.982504,"municipio":"San Pedro","cerca_de":"Ejido La Carolina","dist_ref_km":46.7,"d_ciudad_km":40.9,"altura_m":2.0,"precio_m2":135,"precio_m2_min":90,"precio_m2_max":200,"valor":5800000,"valor_min":3800000,"valor_max":8700000},"geometry":{"type":"Polygon","coordinates":[[[-102.9851,25.80161],[-102.98509,25.80215],[-102.98404,25.80214],[-102.98399,25.80223],[-102.98372,25.80223],[-102.98369,25.80231],[-102.9823,25.80229],[-102.98225,25.8022],[-102.98203,25.8022],[-102.982,25.80229],[-102.9817,25.80228],[-102.98165,25.80219],[-102.98045,25.80218],[-102.9804,25.80227],[-102.98,25.80226],[-102.98001,25.80202],[-102.97991,25.80199],[-102.97992,25.80145],[-102.98077,25.80146],[-102.98082,25.80137],[-102.98138,25.80137],[-102.98142,25.80129],[-102.98221,25.8013],[-102.98222,25.80137],[-102.98231,25.80139],[-102.98245,25.80157],[-102.98415,25.8016],[-102.9842,25.80151],[-102.985,25.80152],[-102.98502,25.80159],[-102.9851,25.80161]]]}},{"type":"Feature","properties":{"id":477,"estado":"desmontada","confianza":"alta","area_m2":13445,"perimetro_m":691,"largo_m":250,"ancho_m":98,"lat":25.753176,"lon":-102.960602,"municipio":"San Pedro","cerca_de":"San Pedro de las Colonias","dist_ref_km":46.5,"d_ciudad_km":40.2,"altura_m":2.8,"precio_m2":260,"precio_m2_min":165,"precio_m2_max":390,"valor":3500000,"valor_min":2200000,"valor_max":5200000},"geometry":{"type":"Polygon","coordinates":[[[-102.9624,25.75282],[-102.9624,25.75309],[-102.96203,25.75309],[-102.9619,25.75326],[-102.9616,25.75326],[-102.96157,25.75299],[-102.96123,25.75299],[-102.9612,25.75307],[-102.9611,25.7531],[-102.9611,25.75325],[-102.96101,25.75326],[-102.96079,25.75352],[-102.96052,25.75352],[-102.96039,25.75369],[-102.96009,25.75369],[-102.9601,25.75306],[-102.96019,25.75305],[-102.96021,25.75297],[-102.96039,25.75296],[-102.96041,25.75288],[-102.9606,25.75278],[-102.96061,25.7527],[-102.96096,25.75271],[-102.96101,25.75262],[-102.96131,25.75262],[-102.96135,25.75271],[-102.9619,25.75272],[-102.96194,25.75281],[-102.9624,25.75282]]]}},{"type":"Feature","properties":{"id":478,"estado":"desmontada","confianza":"alta","area_m2":24261,"perimetro_m":649,"largo_m":190,"ancho_m":150,"lat":25.789468,"lon":-102.975089,"municipio":"San Pedro","cerca_de":"El Porvenir de Abajo","dist_ref_km":46.8,"d_ciudad_km":40.9,"altura_m":3.1,"precio_m2":170,"precio_m2_min":110,"precio_m2_max":260,"valor":4200000,"valor_min":2700000,"valor_max":6300000},"geometry":{"type":"Polygon","coordinates":[[[-102.97613,25.78966],[-102.97612,25.78993],[-102.97603,25.78995],[-102.97602,25.79011],[-102.97443,25.79009],[-102.97442,25.78992],[-102.97423,25.7899],[-102.97425,25.78891],[-102.97462,25.78891],[-102.97475,25.78874],[-102.97555,25.78875],[-102.97558,25.78884],[-102.97584,25.78884],[-102.97584,25.78935],[-102.97593,25.78939],[-102.97594,25.78955],[-102.97613,25.78966]]]}},{"type":"Feature","properties":{"id":479,"estado":"activa","confianza":"alta","area_m2":192316,"perimetro_m":2561,"largo_m":1000,"ancho_m":250,"lat":25.759575,"lon":-102.962489,"municipio":"San Pedro","cerca_de":"San Pedro de las Colonias","dist_ref_km":46.6,"d_ciudad_km":40.1,"altura_m":7.0,"precio_m2":280,"precio_m2_min":180,"precio_m2_max":420,"valor":53000000,"valor_min":35000000,"valor_max":80000000,"grupo":406,"grupo_bloques":3,"grupo_m2":1768569},"geometry":{"type":"Polygon","coordinates":[[[-102.96758,25.75921],[-102.96757,25.75948],[-102.96739,25.75949],[-102.96737,25.75966],[-102.96728,25.75967],[-102.96706,25.75993],[-102.96641,25.75992],[-102.96626,25.76009],[-102.96618,25.76011],[-102.96616,25.76054],[-102.96566,25.76054],[-102.96562,25.76045],[-102.96496,25.76044],[-102.96492,25.76035],[-102.96377,25.76033],[-102.96372,25.76024],[-102.96277,25.76023],[-102.96273,25.76014],[-102.96163,25.76012],[-102.96158,25.76016],[-102.96157,25.76075],[-102.96027,25.76073],[-102.96022,25.76064],[-102.95778,25.76061],[-102.95776,25.76052],[-102.95758,25.76051],[-102.95762,25.75871],[-102.95797,25.75871],[-102.95802,25.75863],[-102.95838,25.75863],[-102.95842,25.75854],[-102.96101,25.75858],[-102.96104,25.75866],[-102.96125,25.75867],[-102.96131,25.75849],[-102.9617,25.7585],[-102.96175,25.75868],[-102.96236,25.75869],[-102.9624,25.7586],[-102.9638,25.75862],[-102.96384,25.75871],[-102.96424,25.75871],[-102.9643,25.75862],[-102.96584,25.75864],[-102.96589,25.75856],[-102.96669,25.75857],[-102.9667,25.75864],[-102.96679,25.75866],[-102.9668,25.75883],[-102.96698,25.75884],[-102.96698,25.75908],[-102.96708,25.75911],[-102.9671,25.75919],[-102.96758,25.75921]]]}},{"type":"Feature","properties":{"id":480,"estado":"desmontada","confianza":"alta","area_m2":41401,"perimetro_m":1264,"largo_m":320,"ancho_m":250,"lat":25.792302,"lon":-102.975741,"municipio":"San Pedro","cerca_de":"El Porvenir de Abajo","dist_ref_km":46.8,"d_ciudad_km":40.9,"altura_m":3.6,"precio_m2":150,"precio_m2_min":95,"precio_m2_max":220,"valor":6200000,"valor_min":4000000,"valor_max":9300000},"geometry":{"type":"Polygon","coordinates":[[[-102.97721,25.79085],[-102.9772,25.79139],[-102.9771,25.79143],[-102.9771,25.79163],[-102.97719,25.79166],[-102.97718,25.79238],[-102.97678,25.79238],[-102.97678,25.79223],[-102.97668,25.79219],[-102.97667,25.79203],[-102.97641,25.79202],[-102.97638,25.79273],[-102.97619,25.79284],[-102.97617,25.793],[-102.97597,25.79313],[-102.97598,25.79334],[-102.97617,25.79336],[-102.97616,25.79363],[-102.97599,25.79363],[-102.97596,25.79372],[-102.97506,25.79371],[-102.97505,25.79363],[-102.97497,25.79361],[-102.97496,25.79336],[-102.97477,25.79325],[-102.97476,25.79317],[-102.97467,25.79316],[-102.97468,25.79289],[-102.97477,25.79287],[-102.97478,25.79271],[-102.97486,25.7927],[-102.97488,25.79262],[-102.97508,25.7925],[-102.97509,25.79199],[-102.97519,25.79196],[-102.9752,25.79154],[-102.9755,25.79155],[-102.97552,25.7919],[-102.97586,25.79191],[-102.9759,25.79155],[-102.97617,25.79155],[-102.9762,25.79147],[-102.97628,25.79146],[-102.9763,25.79138],[-102.9765,25.79127],[-102.97651,25.79084],[-102.97721,25.79085]]]}},{"type":"Feature","properties":{"id":481,"estado":"activa","confianza":"alta","area_m2":133170,"perimetro_m":3034,"largo_m":808,"ancho_m":381,"lat":25.672929,"lon":-102.939606,"municipio":"San Pedro","cerca_de":"Ejido Frontera","dist_ref_km":46.1,"d_ciudad_km":39.1,"altura_m":0.6,"precio_m2":90,"precio_m2_min":55,"precio_m2_max":130,"valor":12000000,"valor_min":7600000,"valor_max":18000000},"geometry":{"type":"Polygon","coordinates":[[[-102.94095,25.67281],[-102.94095,25.67317],[-102.94087,25.67318],[-102.94085,25.67326],[-102.94066,25.67337],[-102.94064,25.67353],[-102.94056,25.67354],[-102.94044,25.67371],[-102.94016,25.67371],[-102.94014,25.67388],[-102.93987,25.67388],[-102.93974,25.67406],[-102.93956,25.67407],[-102.93954,25.67415],[-102.93934,25.67426],[-102.93933,25.67451],[-102.93905,25.67451],[-102.93893,25.67468],[-102.93884,25.6747],[-102.93883,25.67477],[-102.93874,25.67478],[-102.93873,25.67486],[-102.93793,25.67485],[-102.93792,25.67422],[-102.93758,25.67421],[-102.93744,25.67439],[-102.93714,25.67438],[-102.93714,25.67395],[-102.93685,25.67393],[-102.93686,25.67334],[-102.93676,25.6733],[-102.93677,25.67278],[-102.93657,25.67275],[-102.93645,25.67258],[-102.93588,25.67256],[-102.93586,25.67248],[-102.93578,25.67247],[-102.93577,25.67231],[-102.93568,25.67229],[-102.93564,25.6722],[-102.93542,25.6722],[-102.93528,25.67237],[-102.93511,25.67237],[-102.93508,25.67246],[-102.93472,25.67246],[-102.93468,25.67254],[-102.93369,25.67253],[-102.93356,25.67235],[-102.93329,25.67234],[-102.93328,25.67227],[-102.93319,25.67225],[-102.93319,25.6721],[-102.9331,25.67207],[-102.93307,25.67198],[-102.9326,25.67197],[-102.93261,25.67161],[-102.93446,25.67164],[-102.9345,25.67155],[-102.9346,25.67151],[-102.93461,25.6711],[-102.93606,25.67112],[-102.9361,25.67103],[-102.9364,25.67103],[-102.93645,25.67112],[-102.9371,25.67113],[-102.9371,25.67129],[-102.93719,25.67132],[-102.93718,25.67236],[-102.93728,25.6724],[-102.93727,25.67282],[-102.93737,25.67285],[-102.93737,25.67301],[-102.93746,25.67303],[-102.93759,25.67321],[-102.93782,25.67322],[-102.93786,25.67313],[-102.93813,25.67313],[-102.93816,25.67304],[-102.93826,25.67301],[-102.93826,25.6728],[-102.93817,25.67277],[-102.93817,25.67235],[-102.93798,25.67223],[-102.93797,25.67207],[-102.93788,25.67205],[-102.93787,25.67188],[-102.93778,25.67187],[-102.93779,25.67132],[-102.93819,25.67133],[-102.93818,25.67193],[-102.93838,25.67205],[-102.93839,25.67223],[-102.93857,25.67224],[-102.93859,25.67232],[-102.93877,25.67242],[-102.93879,25.67278],[-102.93923,25.67279],[-102.93936,25.67261],[-102.93954,25.67261],[-102.93956,25.67252],[-102.93993,25.67252],[-102.93997,25.67226],[-102.94005,25.67225],[-102.94007,25.67217],[-102.94037,25.67217],[-102.94039,25.67226],[-102.94056,25.67227],[-102.94057,25.67243],[-102.94076,25.67254],[-102.94077,25.67271],[-102.94095,25.67281]]]}},{"type":"Feature","properties":{"id":482,"estado":"activa","confianza":"media","area_m2":7016,"perimetro_m":337,"largo_m":90,"ancho_m":80,"lat":25.752728,"lon":-102.959562,"municipio":"San Pedro","cerca_de":"El Nilo","dist_ref_km":46.6,"d_ciudad_km":40.4,"altura_m":1.0,"precio_m2":260,"precio_m2_min":170,"precio_m2_max":390,"valor":1800000,"valor_min":1200000,"valor_max":2800000},"geometry":{"type":"Polygon","coordinates":[[[-102.96002,25.75233],[-102.96,25.75306],[-102.95911,25.75304],[-102.95912,25.75241],[-102.95929,25.75241],[-102.95932,25.75233],[-102.96002,25.75233]]]}},{"type":"Feature","properties":{"id":483,"estado":"activa","confianza":"alta","area_m2":35118,"perimetro_m":1123,"largo_m":310,"ancho_m":220,"lat":25.79167,"lon":-102.974408,"municipio":"San Pedro","cerca_de":"El Porvenir de Abajo","dist_ref_km":46.9,"d_ciudad_km":41.0,"altura_m":3.7,"precio_m2":180,"precio_m2_min":120,"precio_m2_max":270,"valor":6400000,"valor_min":4100000,"valor_max":9500000,"grupo":409,"grupo_bloques":2,"grupo_m2":43053},"geometry":{"type":"Polygon","coordinates":[[[-102.97622,25.79047],[-102.9762,25.79138],[-102.97594,25.79137],[-102.9759,25.79146],[-102.9756,25.79146],[-102.97557,25.79137],[-102.9753,25.79136],[-102.97517,25.79118],[-102.97472,25.79119],[-102.97471,25.7916],[-102.9748,25.79163],[-102.97483,25.79171],[-102.975,25.79172],[-102.97499,25.79226],[-102.97489,25.79229],[-102.97488,25.79253],[-102.9748,25.79254],[-102.97478,25.79262],[-102.97459,25.79264],[-102.97458,25.79289],[-102.97448,25.79291],[-102.97448,25.79307],[-102.97398,25.79306],[-102.97402,25.7908],[-102.97469,25.79081],[-102.97472,25.79072],[-102.97481,25.7907],[-102.97482,25.79054],[-102.9749,25.79053],[-102.97492,25.79045],[-102.97521,25.79044],[-102.97522,25.79028],[-102.97592,25.79029],[-102.97604,25.79046],[-102.97622,25.79047]]]}},{"type":"Feature","properties":{"id":484,"estado":"activa","confianza":"media","area_m2":7935,"perimetro_m":401,"largo_m":130,"ancho_m":80,"lat":25.793879,"lon":-102.974562,"municipio":"San Pedro","cerca_de":"El Porvenir de Abajo","dist_ref_km":47.0,"d_ciudad_km":41.3,"altura_m":4.6,"precio_m2":190,"precio_m2_min":125,"precio_m2_max":280,"valor":1500000,"valor_min":970000,"valor_max":2200000,"grupo":409,"grupo_bloques":2,"grupo_m2":43053},"geometry":{"type":"Polygon","coordinates":[[[-102.97496,25.7937],[-102.97495,25.79425],[-102.97487,25.79426],[-102.97485,25.79434],[-102.97458,25.79434],[-102.97455,25.79442],[-102.97425,25.79442],[-102.97426,25.79409],[-102.97416,25.79405],[-102.97417,25.79369],[-102.97427,25.79365],[-102.97427,25.79324],[-102.97457,25.79325],[-102.9746,25.79333],[-102.97477,25.79334],[-102.97477,25.79368],[-102.97496,25.7937]]]}},{"type":"Feature","properties":{"id":485,"estado":"activa","confianza":"alta","area_m2":41264,"perimetro_m":1187,"largo_m":427,"ancho_m":167,"lat":25.788137,"lon":-102.971717,"municipio":"San Pedro","cerca_de":"El Porvenir de Abajo","dist_ref_km":47.0,"d_ciudad_km":41.1,"altura_m":0.1,"precio_m2":190,"precio_m2_min":120,"precio_m2_max":280,"valor":7700000,"valor_min":5000000,"valor_max":12000000},"geometry":{"type":"Polygon","coordinates":[[[-102.97376,25.788],[-102.97376,25.78836],[-102.97367,25.78837],[-102.97366,25.78845],[-102.97336,25.78845],[-102.97331,25.78836],[-102.97307,25.78837],[-102.97305,25.7888],[-102.97265,25.7888],[-102.97264,25.78872],[-102.97246,25.78871],[-102.97243,25.78862],[-102.9721,25.78861],[-102.97205,25.78888],[-102.97197,25.78889],[-102.97195,25.78897],[-102.97165,25.78896],[-102.97162,25.7886],[-102.97007,25.78858],[-102.97006,25.78842],[-102.96997,25.7884],[-102.96985,25.78822],[-102.96967,25.78822],[-102.96967,25.78806],[-102.96958,25.78803],[-102.96958,25.78758],[-102.96994,25.78759],[-102.96998,25.7875],[-102.97044,25.7875],[-102.97048,25.78741],[-102.97104,25.78742],[-102.97108,25.78733],[-102.97138,25.78734],[-102.97141,25.78742],[-102.97158,25.78743],[-102.97158,25.78758],[-102.97168,25.78761],[-102.97169,25.78769],[-102.97188,25.7877],[-102.972,25.78788],[-102.97227,25.78789],[-102.9723,25.78798],[-102.97376,25.788]]]}},{"type":"Feature","properties":{"id":486,"estado":"desmontada","confianza":"alta","area_m2":108375,"perimetro_m":2754,"largo_m":650,"ancho_m":350,"lat":25.798156,"lon":-102.975985,"municipio":"San Pedro","cerca_de":"El Porvenir de Abajo","dist_ref_km":47.1,"d_ciudad_km":41.2,"altura_m":3.5,"precio_m2":110,"precio_m2_min":75,"precio_m2_max":170,"valor":12000000,"valor_min":7900000,"valor_max":18000000},"geometry":{"type":"Polygon","coordinates":[[[-102.97762,25.79555],[-102.97762,25.79582],[-102.97742,25.79594],[-102.97741,25.79636],[-102.97733,25.79637],[-102.97731,25.79645],[-102.97711,25.79648],[-102.97712,25.7967],[-102.97741,25.79672],[-102.97739,25.79744],[-102.97729,25.79748],[-102.97729,25.79768],[-102.97739,25.79771],[-102.97738,25.79825],[-102.97729,25.79826],[-102.97728,25.79834],[-102.9771,25.79835],[-102.97708,25.79843],[-102.97698,25.79847],[-102.977,25.79869],[-102.97757,25.79871],[-102.97756,25.79961],[-102.97746,25.79963],[-102.97745,25.79988],[-102.97735,25.79992],[-102.97733,25.80087],[-102.97725,25.80088],[-102.97713,25.80105],[-102.97663,25.80104],[-102.97649,25.80086],[-102.97617,25.80085],[-102.97614,25.80094],[-102.97574,25.80094],[-102.97574,25.80078],[-102.97564,25.80075],[-102.97565,25.80034],[-102.97555,25.8003],[-102.97554,25.80014],[-102.97545,25.80012],[-102.97546,25.79985],[-102.97556,25.79981],[-102.97556,25.79952],[-102.97537,25.7994],[-102.97535,25.79932],[-102.97527,25.79931],[-102.97527,25.79903],[-102.97547,25.79892],[-102.97547,25.79871],[-102.97533,25.79858],[-102.9751,25.79859],[-102.97508,25.79876],[-102.97478,25.79876],[-102.97476,25.79868],[-102.97468,25.79867],[-102.97468,25.79843],[-102.97459,25.79839],[-102.97459,25.79779],[-102.9744,25.79767],[-102.97441,25.79722],[-102.97449,25.7972],[-102.97451,25.79704],[-102.9746,25.79701],[-102.97461,25.79681],[-102.97451,25.79677],[-102.97451,25.79643],[-102.97432,25.79631],[-102.9743,25.79623],[-102.97422,25.79622],[-102.97421,25.79614],[-102.97412,25.79613],[-102.97413,25.79586],[-102.97453,25.79587],[-102.97457,25.79596],[-102.97493,25.79596],[-102.97492,25.79646],[-102.97502,25.7965],[-102.97501,25.79701],[-102.97511,25.79705],[-102.97514,25.79713],[-102.97558,25.79714],[-102.9756,25.79705],[-102.9757,25.79702],[-102.97571,25.79669],[-102.97611,25.7967],[-102.97611,25.79686],[-102.97621,25.79688],[-102.9762,25.79721],[-102.9763,25.79724],[-102.9763,25.79749],[-102.97639,25.79752],[-102.97639,25.79803],[-102.97664,25.79806],[-102.97669,25.79802],[-102.9767,25.7972],[-102.9766,25.79716],[-102.97661,25.79662],[-102.97671,25.79659],[-102.97671,25.79635],[-102.97681,25.79632],[-102.97682,25.79608],[-102.97692,25.79604],[-102.97693,25.79518],[-102.97733,25.79518],[-102.97734,25.79544],[-102.97753,25.79546],[-102.97754,25.79553],[-102.97762,25.79555]],[[-102.97687,25.79915],[-102.97686,25.79899],[-102.97677,25.79897],[-102.97674,25.79888],[-102.97651,25.79887],[-102.97647,25.79896],[-102.97638,25.79898],[-102.97637,25.79914],[-102.97627,25.79918],[-102.97626,25.79941],[-102.97606,25.79953],[-102.97607,25.79994],[-102.97632,25.79995],[-102.97635,25.79986],[-102.97672,25.79987],[-102.97686,25.79969],[-102.97695,25.79967],[-102.97696,25.79918],[-102.97687,25.79915]]]}},{"type":"Feature","properties":{"id":487,"estado":"activa","confianza":"alta","area_m2":10674,"perimetro_m":491,"largo_m":170,"ancho_m":90,"lat":25.699372,"lon":-102.94244,"municipio":"San Pedro","cerca_de":"Ejido Frontera","dist_ref_km":46.5,"d_ciudad_km":40.0,"altura_m":0.6,"precio_m2":120,"precio_m2_min":80,"precio_m2_max":180,"valor":1300000,"valor_min":840000,"valor_max":1900000},"geometry":{"type":"Polygon","coordinates":[[[-102.94289,25.6992],[-102.94288,25.69965],[-102.94278,25.69969],[-102.94277,25.70019],[-102.94238,25.70018],[-102.94238,25.69985],[-102.94218,25.69982],[-102.94218,25.69966],[-102.94199,25.69955],[-102.942,25.6991],[-102.94219,25.69907],[-102.9422,25.69865],[-102.9427,25.69865],[-102.9427,25.69907],[-102.94289,25.6992]]]}},{"type":"Feature","properties":{"id":488,"estado":"activa","confianza":"alta","area_m2":1418016,"perimetro_m":11594,"largo_m":2704,"ancho_m":854,"lat":25.754725,"lon":-102.957881,"municipio":"San Pedro","cerca_de":"El Nilo","dist_ref_km":46.8,"d_ciudad_km":39.7,"altura_m":2.7,"precio_m2":220,"precio_m2_min":145,"precio_m2_max":330,"valor":310000000,"valor_min":200000000,"valor_max":470000000,"grupo":406,"grupo_bloques":3,"grupo_m2":1768569},"geometry":{"type":"Polygon","coordinates":[[[-102.96827,25.75362],[-102.96821,25.75678],[-102.96795,25.75678],[-102.96791,25.75687],[-102.96712,25.75688],[-102.96711,25.7574],[-102.96701,25.75743],[-102.967,25.75763],[-102.9672,25.75776],[-102.96719,25.75821],[-102.96544,25.75819],[-102.9654,25.75828],[-102.96345,25.75825],[-102.9634,25.75834],[-102.96185,25.75832],[-102.96181,25.75841],[-102.96105,25.7584],[-102.96101,25.75849],[-102.95837,25.75845],[-102.95832,25.75854],[-102.95802,25.75854],[-102.95798,25.75845],[-102.95742,25.75844],[-102.95744,25.75665],[-102.95675,25.75662],[-102.95672,25.75653],[-102.95641,25.75653],[-102.95616,25.75674],[-102.95615,25.75703],[-102.95625,25.75707],[-102.95623,25.75833],[-102.95605,25.75833],[-102.95603,25.75842],[-102.95573,25.75841],[-102.95568,25.75832],[-102.95546,25.75832],[-102.95543,25.75841],[-102.95483,25.7584],[-102.9548,25.75831],[-102.95458,25.75831],[-102.95453,25.7584],[-102.95254,25.75837],[-102.95251,25.75828],[-102.95229,25.75827],[-102.95224,25.75836],[-102.95206,25.75837],[-102.95204,25.75845],[-102.95186,25.75846],[-102.95174,25.75863],[-102.95144,25.75862],[-102.95139,25.75853],[-102.95094,25.75853],[-102.9509,25.75844],[-102.95009,25.75842],[-102.95004,25.75851],[-102.94986,25.75852],[-102.94984,25.7586],[-102.9476,25.75857],[-102.94755,25.75866],[-102.94725,25.75865],[-102.9472,25.75856],[-102.94698,25.75856],[-102.94695,25.75865],[-102.94536,25.75863],[-102.94533,25.75854],[-102.9451,25.75853],[-102.94505,25.7588],[-102.9445,25.7588],[-102.94445,25.75889],[-102.94406,25.75888],[-102.94403,25.7587],[-102.94386,25.7587],[-102.94382,25.75861],[-102.94356,25.7586],[-102.94356,25.75836],[-102.94347,25.75833],[-102.94346,25.75734],[-102.94313,25.75733],[-102.94308,25.75742],[-102.94212,25.75741],[-102.94208,25.75777],[-102.94178,25.75776],[-102.94178,25.75742],[-102.94169,25.7574],[-102.94166,25.75732],[-102.94149,25.75731],[-102.9415,25.75686],[-102.9417,25.75673],[-102.94171,25.75636],[-102.94161,25.75632],[-102.9416,25.75615],[-102.94151,25.75614],[-102.94152,25.75587],[-102.94227,25.75588],[-102.94242,25.7557],[-102.94272,25.7557],[-102.94274,25.75579],[-102.94296,25.7558],[-102.94301,25.75571],[-102.94487,25.75573],[-102.94491,25.75555],[-102.94511,25.75544],[-102.94512,25.75519],[-102.9458,25.75519],[-102.94582,25.75497],[-102.94572,25.75493],[-102.94569,25.75485],[-102.94512,25.75483],[-102.94513,25.75433],[-102.94503,25.75429],[-102.94504,25.75378],[-102.94494,25.75375],[-102.94495,25.7533],[-102.94504,25.75328],[-102.94505,25.75321],[-102.94565,25.75322],[-102.94569,25.75331],[-102.9461,25.75331],[-102.94625,25.75313],[-102.94655,25.75314],[-102.94653,25.75409],[-102.94663,25.75413],[-102.94664,25.7543],[-102.94673,25.75432],[-102.94672,25.75458],[-102.94662,25.75462],[-102.94662,25.75494],[-102.94652,25.75497],[-102.94651,25.75517],[-102.94681,25.75522],[-102.94684,25.75558],[-102.9471,25.75556],[-102.94711,25.75495],[-102.9472,25.75494],[-102.94722,25.75486],[-102.94751,25.75483],[-102.94751,25.75462],[-102.94732,25.7545],[-102.9473,25.75442],[-102.94722,25.75441],[-102.94721,25.75433],[-102.94713,25.75432],[-102.94713,25.75408],[-102.94703,25.75405],[-102.94703,25.75378],[-102.94723,25.75376],[-102.94724,25.7536],[-102.94734,25.75356],[-102.94734,25.75315],[-102.94743,25.75314],[-102.94745,25.75306],[-102.94784,25.75307],[-102.94796,25.75324],[-102.94814,25.75325],[-102.94815,25.75333],[-102.94834,25.75343],[-102.94838,25.75371],[-102.94861,25.7537],[-102.94873,25.75353],[-102.94882,25.75351],[-102.94883,25.75344],[-102.94901,25.75344],[-102.94914,25.75327],[-102.94954,25.75327],[-102.94953,25.75369],[-102.94963,25.75372],[-102.94964,25.75389],[-102.94972,25.75391],[-102.94972,25.75414],[-102.94977,25.75418],[-102.95049,25.75418],[-102.95052,25.75401],[-102.9507,25.754],[-102.95072,25.75383],[-102.95081,25.75382],[-102.95092,25.75365],[-102.9513,25.75365],[-102.95133,25.75348],[-102.9515,25.75347],[-102.95163,25.7533],[-102.95203,25.75331],[-102.95202,25.75372],[-102.95212,25.75376],[-102.95211,25.75437],[-102.95268,25.75439],[-102.95272,25.75377],[-102.9528,25.75375],[-102.95282,25.75368],[-102.9532,25.75367],[-102.95322,25.75336],[-102.95282,25.75332],[-102.9527,25.75314],[-102.95253,25.75313],[-102.95253,25.75289],[-102.95243,25.75286],[-102.95242,25.7527],[-102.95234,25.75268],[-102.95234,25.75227],[-102.95224,25.75223],[-102.95225,25.75195],[-102.95235,25.75193],[-102.95235,25.7516],[-102.95244,25.75158],[-102.95246,25.75151],[-102.95285,25.75151],[-102.95297,25.75168],[-102.95315,25.7517],[-102.95316,25.75177],[-102.95335,25.75188],[-102.95334,25.75224],[-102.95269,25.75223],[-102.95264,25.75227],[-102.95264,25.75247],[-102.95274,25.7525],[-102.95274,25.75266],[-102.95283,25.75269],[-102.95286,25.75277],[-102.95303,25.75278],[-102.95305,25.75286],[-102.95313,25.75287],[-102.95317,25.75305],[-102.9535,25.75305],[-102.95353,25.75288],[-102.95411,25.75287],[-102.95413,25.75279],[-102.95423,25.75275],[-102.95423,25.75247],[-102.95413,25.75243],[-102.95414,25.75216],[-102.95431,25.75216],[-102.95434,25.75207],[-102.95443,25.75205],[-102.95445,25.75162],[-102.95462,25.75162],[-102.95465,25.75154],[-102.95495,25.75154],[-102.95495,25.75252],[-102.95573,25.75255],[-102.95573,25.7527],[-102.95582,25.75273],[-102.95587,25.75282],[-102.95609,25.75282],[-102.95612,25.75273],[-102.95642,25.75274],[-102.95644,25.75281],[-102.95652,25.75283],[-102.95656,25.75301],[-102.95707,25.75301],[-102.95722,25.75284],[-102.95752,25.75284],[-102.95751,25.75381],[-102.9584,25.75385],[-102.95843,25.75421],[-102.95866,25.75421],[-102.95869,25.75412],[-102.95887,25.75411],[-102.95889,25.75403],[-102.95916,25.75403],[-102.95919,25.75395],[-102.96035,25.75396],[-102.96039,25.75378],[-102.96048,25.75377],[-102.96059,25.75361],[-102.96097,25.75361],[-102.961,25.75343],[-102.96149,25.75344],[-102.96152,25.75362],[-102.96195,25.75362],[-102.96199,25.75327],[-102.96229,25.75327],[-102.96231,25.75362],[-102.96274,25.75364],[-102.96279,25.75355],[-102.96288,25.75353],[-102.96289,25.75337],[-102.96298,25.75336],[-102.96299,25.75328],[-102.96349,25.75329],[-102.96351,25.75346],[-102.96389,25.75347],[-102.96389,25.75381],[-102.96408,25.75384],[-102.96408,25.754],[-102.96427,25.75402],[-102.96428,25.75418],[-102.96447,25.75429],[-102.96449,25.75438],[-102.96532,25.75439],[-102.96537,25.75407],[-102.96517,25.75403],[-102.96516,25.75395],[-102.96507,25.75394],[-102.96506,25.75368],[-102.96468,25.75366],[-102.96465,25.75358],[-102.96448,25.75357],[-102.96447,25.75331],[-102.96419,25.7533],[-102.96418,25.75313],[-102.96399,25.75311],[-102.96397,25.75258],[-102.96372,25.75257],[-102.9637,25.75275],[-102.96313,25.75274],[-102.9631,25.75292],[-102.9626,25.75291],[-102.96257,25.75255],[-102.96232,25.75256],[-102.9623,25.75273],[-102.96201,25.75272],[-102.96197,25.75254],[-102.96131,25.75253],[-102.96131,25.75226],[-102.96177,25.75227],[-102.96181,25.75218],[-102.96221,25.75219],[-102.96226,25.75228],[-102.96266,25.75228],[-102.96271,25.75219],[-102.96368,25.7522],[-102.96372,25.75157],[-102.9638,25.75156],[-102.96392,25.7514],[-102.96422,25.7514],[-102.96423,25.75148],[-102.96432,25.75149],[-102.96434,25.75167],[-102.96469,25.75167],[-102.96472,25.7515],[-102.96482,25.75146],[-102.96483,25.7506],[-102.96533,25.7506],[-102.96535,25.75123],[-102.9656,25.75123],[-102.96562,25.75106],[-102.96592,25.75106],[-102.96592,25.75122],[-102.96611,25.75134],[-102.96613,25.75151],[-102.96671,25.75153],[-102.96672,25.7516],[-102.96681,25.75162],[-102.96682,25.75169],[-102.96691,25.75171],[-102.96703,25.75189],[-102.96727,25.75189],[-102.9673,25.7518],[-102.9676,25.75181],[-102.96764,25.7519],[-102.9681,25.75191],[-102.9681,25.75206],[-102.96819,25.75209],[-102.96817,25.75358],[-102.96827,25.75362]],[[-102.94562,25.75755],[-102.94567,25.75751],[-102.94567,25.75702],[-102.94548,25.757],[-102.94545,25.75691],[-102.9451,25.75692],[-102.94508,25.75714],[-102.94518,25.75718],[-102.94519,25.75753],[-102.94562,25.75755]],[[-102.96714,25.75532],[-102.96713,25.75516],[-102.96695,25.75514],[-102.96682,25.75496],[-102.96609,25.75495],[-102.96605,25.75513],[-102.96566,25.75514],[-102.96565,25.75539],[-102.96546,25.75541],[-102.96544,25.75562],[-102.96624,25.75567],[-102.96627,25.75576],[-102.96664,25.75577],[-102.96667,25.75586],[-102.96699,25.75586],[-102.96714,25.75568],[-102.96724,25.75565],[-102.96724,25.75536],[-102.96714,25.75532]]]}},{"type":"Feature","properties":{"id":489,"estado":"activa","confianza":"media","area_m2":6200,"perimetro_m":345,"largo_m":90,"ancho_m":90,"lat":25.793592,"lon":-102.973321,"municipio":"San Pedro","cerca_de":"El Porvenir de Abajo","dist_ref_km":47.1,"d_ciudad_km":41.4,"altura_m":2.4,"precio_m2":190,"precio_m2_min":120,"precio_m2_max":280,"valor":1200000,"valor_min":760000,"valor_max":1800000},"geometry":{"type":"Polygon","coordinates":[[[-102.97378,25.79324],[-102.97377,25.79369],[-102.97349,25.79369],[-102.97347,25.79377],[-102.97337,25.7938],[-102.97336,25.79395],[-102.97287,25.79395],[-102.97287,25.7935],[-102.97297,25.79346],[-102.97298,25.79323],[-102.97334,25.79323],[-102.97338,25.79314],[-102.97368,25.79315],[-102.97369,25.79322],[-102.97378,25.79324]]]}},{"type":"Feature","properties":{"id":490,"estado":"activa","confianza":"alta","area_m2":17548,"perimetro_m":567,"largo_m":160,"ancho_m":140,"lat":25.721837,"lon":-102.945835,"municipio":"San Pedro","cerca_de":"Ejido Tebas y Palmira","dist_ref_km":46.8,"d_ciudad_km":40.4,"altura_m":1.0,"precio_m2":130,"precio_m2_min":85,"precio_m2_max":190,"valor":2200000,"valor_min":1500000,"valor_max":3400000},"geometry":{"type":"Polygon","coordinates":[[[-102.9465,25.72109],[-102.94648,25.72254],[-102.94548,25.72252],[-102.94544,25.72243],[-102.94508,25.72243],[-102.94509,25.72189],[-102.94517,25.72188],[-102.94519,25.7218],[-102.94527,25.72179],[-102.94529,25.72171],[-102.94548,25.7216],[-102.9455,25.72144],[-102.94558,25.72143],[-102.9456,25.72135],[-102.94588,25.72135],[-102.946,25.72118],[-102.94609,25.72116],[-102.9461,25.72109],[-102.9465,25.72109]]]}},{"type":"Feature","properties":{"id":491,"estado":"activa","confianza":"alta","area_m2":158237,"perimetro_m":1853,"largo_m":630,"ancho_m":290,"lat":25.761651,"lon":-102.958114,"municipio":"San Pedro","cerca_de":"Ejido Patrocinio","dist_ref_km":47.1,"d_ciudad_km":40.7,"altura_m":6.1,"precio_m2":230,"precio_m2_min":155,"precio_m2_max":350,"valor":37000000,"valor_min":24000000,"valor_max":56000000,"grupo":406,"grupo_bloques":3,"grupo_m2":1768569},"geometry":{"type":"Polygon","coordinates":[[[-102.96126,25.76111],[-102.96125,25.76201],[-102.96115,25.76205],[-102.96113,25.76291],[-102.96104,25.76293],[-102.96103,25.76309],[-102.96094,25.7631],[-102.96093,25.76318],[-102.95719,25.76313],[-102.95714,25.76322],[-102.95684,25.76321],[-102.95679,25.76312],[-102.95618,25.76311],[-102.95614,25.7632],[-102.95515,25.76319],[-102.95513,25.76311],[-102.95505,25.7631],[-102.95506,25.76242],[-102.95496,25.76237],[-102.95498,25.76129],[-102.95506,25.76128],[-102.95518,25.76111],[-102.95645,25.76113],[-102.95648,25.76104],[-102.95665,25.76104],[-102.95668,25.76095],[-102.95677,25.76093],[-102.95679,25.76059],[-102.95768,25.76061],[-102.95773,25.7607],[-102.95878,25.76071],[-102.95882,25.76089],[-102.95915,25.76089],[-102.95918,25.76072],[-102.95977,25.76073],[-102.95982,25.76091],[-102.96023,25.76091],[-102.96027,25.76082],[-102.96117,25.76084],[-102.96117,25.76107],[-102.96126,25.76111]]]}},{"type":"Feature","properties":{"id":492,"estado":"activa","confianza":"media","area_m2":5116,"perimetro_m":313,"largo_m":90,"ancho_m":80,"lat":25.699198,"lon":-102.939703,"municipio":"San Pedro","cerca_de":"Ejido Frontera","dist_ref_km":46.7,"d_ciudad_km":40.3,"altura_m":1.1,"precio_m2":120,"precio_m2_min":80,"precio_m2_max":180,"valor":620000,"valor_min":400000,"valor_max":930000},"geometry":{"type":"Polygon","coordinates":[[[-102.94011,25.69889],[-102.9401,25.69934],[-102.93982,25.69934],[-102.9397,25.69951],[-102.93961,25.69953],[-102.9396,25.6996],[-102.9393,25.6996],[-102.93931,25.69906],[-102.93949,25.69905],[-102.93951,25.69897],[-102.9397,25.69887],[-102.93971,25.69879],[-102.94001,25.6988],[-102.94002,25.69887],[-102.94011,25.69889]]]}},{"type":"Feature","properties":{"id":493,"estado":"activa","confianza":"alta","area_m2":202365,"perimetro_m":3800,"largo_m":1224,"ancho_m":337,"lat":26.060012,"lon":-103.464611,"municipio":"Tlahualilo","cerca_de":"Tlahualilo de Zaragoza","dist_ref_km":51.3,"d_ciudad_km":46.3,"altura_m":2.7,"precio_m2":95,"precio_m2_min":60,"precio_m2_max":145,"valor":19000000,"valor_min":13000000,"valor_max":29000000},"geometry":{"type":"Polygon","coordinates":[[[-103.46771,26.06082],[-103.4677,26.06181],[-103.4676,26.06184],[-103.4676,26.06208],[-103.46714,26.06208],[-103.4671,26.06212],[-103.46709,26.06241],[-103.46729,26.06244],[-103.4673,26.0626],[-103.46739,26.06262],[-103.46739,26.06289],[-103.46721,26.0629],[-103.46718,26.06298],[-103.46669,26.06298],[-103.46665,26.0628],[-103.46589,26.06279],[-103.46587,26.06271],[-103.46569,26.06261],[-103.4657,26.06164],[-103.4655,26.06152],[-103.46549,26.06135],[-103.46531,26.06125],[-103.46532,26.06062],[-103.46551,26.0605],[-103.4655,26.06026],[-103.46412,26.06024],[-103.46408,26.06006],[-103.46322,26.06005],[-103.46321,26.05997],[-103.46313,26.05996],[-103.46313,26.05969],[-103.46333,26.05965],[-103.46334,26.05901],[-103.46329,26.05897],[-103.46307,26.05897],[-103.46304,26.05906],[-103.46277,26.05906],[-103.46274,26.05914],[-103.46246,26.05915],[-103.46244,26.05923],[-103.46234,26.05927],[-103.46233,26.05968],[-103.46187,26.05968],[-103.46183,26.05977],[-103.46165,26.05977],[-103.46163,26.05985],[-103.46133,26.05985],[-103.46131,26.05968],[-103.46093,26.05967],[-103.46079,26.05948],[-103.45873,26.05946],[-103.45861,26.05928],[-103.45814,26.05927],[-103.45811,26.05919],[-103.45774,26.05918],[-103.4577,26.05909],[-103.45664,26.05908],[-103.45663,26.059],[-103.45654,26.05899],[-103.45655,26.05854],[-103.45675,26.05841],[-103.45676,26.05727],[-103.45686,26.05725],[-103.45687,26.05709],[-103.45695,26.05708],[-103.45697,26.05701],[-103.45737,26.05701],[-103.45741,26.0571],[-103.45797,26.05711],[-103.4581,26.05729],[-103.45866,26.05729],[-103.4588,26.05748],[-103.45936,26.05748],[-103.4595,26.05766],[-103.46016,26.05767],[-103.4603,26.05785],[-103.46095,26.05786],[-103.46097,26.05794],[-103.46115,26.05795],[-103.46117,26.05803],[-103.46135,26.05814],[-103.46134,26.05877],[-103.46124,26.05881],[-103.46128,26.05904],[-103.46183,26.05902],[-103.46184,26.0588],[-103.46174,26.05877],[-103.46175,26.05823],[-103.46285,26.05824],[-103.46297,26.05842],[-103.46315,26.05843],[-103.46316,26.0585],[-103.46324,26.05852],[-103.46337,26.05869],[-103.46394,26.0587],[-103.46397,26.05888],[-103.46414,26.05889],[-103.46418,26.05898],[-103.46444,26.05898],[-103.46457,26.05916],[-103.46484,26.05917],[-103.46486,26.05925],[-103.46503,26.05926],[-103.46505,26.05934],[-103.46513,26.05935],[-103.46515,26.05952],[-103.46533,26.05953],[-103.46545,26.0597],[-103.46563,26.05972],[-103.46566,26.0598],[-103.46583,26.05981],[-103.46584,26.05988],[-103.46593,26.0599],[-103.46605,26.06008],[-103.46642,26.06009],[-103.46645,26.06017],[-103.46662,26.06018],[-103.46664,26.06025],[-103.46672,26.06027],[-103.46673,26.06043],[-103.46682,26.06045],[-103.46683,26.06052],[-103.46692,26.06054],[-103.46704,26.06072],[-103.46721,26.06073],[-103.46725,26.06082],[-103.46771,26.06082]]]}},{"type":"Feature","properties":{"id":494,"estado":"activa","confianza":"alta","area_m2":396230,"perimetro_m":3499,"largo_m":939,"ancho_m":495,"lat":25.799616,"lon":-102.971573,"municipio":"San Pedro","cerca_de":"El Porvenir de Abajo","dist_ref_km":47.6,"d_ciudad_km":41.5,"altura_m":2.5,"precio_m2":115,"precio_m2_min":75,"precio_m2_max":175,"valor":46000000,"valor_min":30000000,"valor_max":69000000},"geometry":{"type":"Polygon","coordinates":[[[-102.97404,25.80127],[-102.97403,25.80182],[-102.97393,25.80186],[-102.97393,25.80206],[-102.97402,25.80209],[-102.97401,25.80281],[-102.97391,25.80285],[-102.97391,25.80313],[-102.97401,25.80317],[-102.974,25.80344],[-102.97392,25.80345],[-102.9738,25.80362],[-102.97205,25.80359],[-102.972,25.80368],[-102.97124,25.80367],[-102.9712,25.80376],[-102.9707,25.80376],[-102.97066,25.80366],[-102.96991,25.80365],[-102.96987,25.80357],[-102.96961,25.80356],[-102.96962,25.80279],[-102.96943,25.80265],[-102.96944,25.80206],[-102.96934,25.80202],[-102.96934,25.80166],[-102.96944,25.80163],[-102.96945,25.80143],[-102.96935,25.80139],[-102.96936,25.80088],[-102.96926,25.80085],[-102.96929,25.79877],[-102.96947,25.79877],[-102.96949,25.79868],[-102.96979,25.79866],[-102.96981,25.79801],[-102.96971,25.79796],[-102.96972,25.79724],[-102.96982,25.79722],[-102.96982,25.79701],[-102.96978,25.79697],[-102.96913,25.79696],[-102.96911,25.79689],[-102.96903,25.79687],[-102.96904,25.79615],[-102.96914,25.79611],[-102.96915,25.79561],[-102.96932,25.79561],[-102.96935,25.79552],[-102.96965,25.79553],[-102.96966,25.79578],[-102.96984,25.7958],[-102.96986,25.79588],[-102.97004,25.79598],[-102.97005,25.79633],[-102.97033,25.79635],[-102.97037,25.79644],[-102.97068,25.79644],[-102.97073,25.7964],[-102.97074,25.79585],[-102.97064,25.79581],[-102.97065,25.79545],[-102.9713,25.79546],[-102.97135,25.79537],[-102.97153,25.79536],[-102.97155,25.79528],[-102.97195,25.79529],[-102.97209,25.79547],[-102.9725,25.79547],[-102.97254,25.79539],[-102.97291,25.79539],[-102.97294,25.7953],[-102.97384,25.79531],[-102.97385,25.79539],[-102.97394,25.79541],[-102.97385,25.80046],[-102.97376,25.80048],[-102.97375,25.80064],[-102.97366,25.80065],[-102.97365,25.80073],[-102.9727,25.80071],[-102.97265,25.8008],[-102.97228,25.8008],[-102.97225,25.80102],[-102.97229,25.80107],[-102.97314,25.80108],[-102.97328,25.80126],[-102.97404,25.80127]]]}},{"type":"Feature","properties":{"id":495,"estado":"activa","confianza":"alta","area_m2":43703,"perimetro_m":1185,"largo_m":474,"ancho_m":116,"lat":25.787113,"lon":-102.965304,"municipio":"San Pedro","cerca_de":"El Porvenir de Abajo","dist_ref_km":47.5,"d_ciudad_km":41.5,"altura_m":5.1,"precio_m2":175,"precio_m2_min":115,"precio_m2_max":270,"valor":7700000,"valor_min":5000000,"valor_max":12000000},"geometry":{"type":"Polygon","coordinates":[[[-102.96732,25.78584],[-102.96731,25.78638],[-102.96713,25.78638],[-102.96701,25.78655],[-102.96692,25.78657],[-102.96691,25.78664],[-102.96672,25.78665],[-102.9665,25.78691],[-102.96632,25.78691],[-102.9663,25.78708],[-102.96613,25.78709],[-102.966,25.78726],[-102.96582,25.78727],[-102.9658,25.78735],[-102.96572,25.78736],[-102.9657,25.78744],[-102.96551,25.78754],[-102.9655,25.78762],[-102.96532,25.78762],[-102.96519,25.78779],[-102.9651,25.78781],[-102.96509,25.78788],[-102.965,25.7879],[-102.96499,25.78797],[-102.96481,25.78798],[-102.96479,25.78806],[-102.96471,25.78807],[-102.96469,25.78815],[-102.9645,25.78825],[-102.96449,25.78832],[-102.96431,25.78833],[-102.96418,25.7885],[-102.96401,25.7885],[-102.96398,25.78859],[-102.96368,25.78858],[-102.9637,25.78759],[-102.96379,25.78758],[-102.9639,25.78741],[-102.96407,25.78741],[-102.96421,25.78724],[-102.96439,25.78723],[-102.96441,25.78715],[-102.96449,25.78714],[-102.96451,25.78706],[-102.9647,25.78696],[-102.96471,25.78688],[-102.96489,25.78687],[-102.96491,25.78679],[-102.96499,25.78679],[-102.96501,25.78671],[-102.9652,25.7866],[-102.96522,25.78653],[-102.9654,25.78652],[-102.96542,25.78644],[-102.9655,25.78643],[-102.96552,25.78635],[-102.96571,25.78625],[-102.96572,25.78617],[-102.96589,25.78617],[-102.96602,25.786],[-102.9662,25.78599],[-102.96622,25.78591],[-102.9663,25.7859],[-102.96632,25.78582],[-102.96651,25.78572],[-102.96653,25.78564],[-102.96692,25.78565],[-102.96705,25.78583],[-102.96732,25.78584]]]}},{"type":"Feature","properties":{"id":496,"estado":"activa","confianza":"alta","area_m2":53497,"perimetro_m":1226,"largo_m":310,"ancho_m":230,"lat":25.751289,"lon":-102.950865,"municipio":"San Pedro","cerca_de":"El Nilo","dist_ref_km":47.3,"d_ciudad_km":41.1,"altura_m":1.6,"precio_m2":170,"precio_m2_min":110,"precio_m2_max":260,"valor":9100000,"valor_min":5900000,"valor_max":14000000},"geometry":{"type":"Polygon","coordinates":[[[-102.95198,25.75015],[-102.95195,25.75186],[-102.95167,25.75186],[-102.95165,25.75195],[-102.95156,25.75197],[-102.95155,25.75213],[-102.95146,25.75214],[-102.95145,25.75221],[-102.95117,25.75222],[-102.95115,25.75239],[-102.95077,25.75239],[-102.95074,25.75257],[-102.95057,25.75257],[-102.95044,25.75274],[-102.94984,25.75273],[-102.94985,25.75249],[-102.94975,25.75246],[-102.94976,25.75183],[-102.94986,25.7518],[-102.94986,25.75152],[-102.94977,25.75147],[-102.94977,25.75111],[-102.94987,25.75108],[-102.94988,25.75084],[-102.94997,25.75081],[-102.94998,25.75061],[-102.94978,25.75057],[-102.94977,25.75049],[-102.94968,25.75047],[-102.94969,25.75002],[-102.94978,25.75001],[-102.94979,25.74993],[-102.95029,25.74994],[-102.95028,25.7503],[-102.95018,25.75034],[-102.95018,25.75054],[-102.95023,25.75057],[-102.95076,25.75057],[-102.95078,25.75049],[-102.95088,25.75046],[-102.95088,25.75031],[-102.95098,25.75028],[-102.95099,25.75004],[-102.95116,25.75004],[-102.95119,25.74995],[-102.95149,25.74996],[-102.95153,25.75005],[-102.95188,25.75005],[-102.9519,25.75013],[-102.95198,25.75015]]]}},{"type":"Feature","properties":{"id":497,"estado":"activa","confianza":"media","area_m2":5398,"perimetro_m":361,"largo_m":130,"ancho_m":60,"lat":25.726887,"lon":-102.943211,"municipio":"San Pedro","cerca_de":"Ejido Tebas y Palmira","dist_ref_km":47.2,"d_ciudad_km":40.9,"altura_m":0.6,"precio_m2":135,"precio_m2_min":90,"precio_m2_max":200,"valor":740000,"valor_min":480000,"valor_max":1100000},"geometry":{"type":"Polygon","coordinates":[[[-102.94342,25.72647],[-102.94341,25.7271],[-102.94331,25.72712],[-102.9433,25.72728],[-102.94301,25.72727],[-102.94302,25.72668],[-102.94292,25.72664],[-102.94291,25.72648],[-102.94282,25.72646],[-102.94283,25.7261],[-102.94323,25.7261],[-102.94323,25.72635],[-102.94342,25.72647]]]}},{"type":"Feature","properties":{"id":498,"estado":"activa","confianza":"alta","area_m2":165827,"perimetro_m":2513,"largo_m":720,"ancho_m":440,"lat":25.765639,"lon":-102.954992,"municipio":"San Pedro","cerca_de":"Ejido Patrocinio","dist_ref_km":47.5,"d_ciudad_km":41.2,"altura_m":2.2,"precio_m2":210,"precio_m2_min":140,"precio_m2_max":320,"valor":35000000,"valor_min":23000000,"valor_max":53000000},"geometry":{"type":"Polygon","coordinates":[[[-102.95769,25.76584],[-102.95767,25.76738],[-102.95758,25.76739],[-102.95757,25.76746],[-102.95681,25.76746],[-102.95677,25.76754],[-102.95649,25.76755],[-102.95647,25.76763],[-102.95617,25.76763],[-102.95603,25.76744],[-102.95527,25.76743],[-102.95523,25.76734],[-102.95491,25.76734],[-102.95487,25.76743],[-102.95418,25.76742],[-102.95403,25.76723],[-102.95353,25.76723],[-102.95348,25.76732],[-102.95308,25.76731],[-102.95307,25.76723],[-102.95289,25.76713],[-102.95286,25.76632],[-102.95182,25.76631],[-102.95179,25.76729],[-102.95133,25.76729],[-102.95129,25.76738],[-102.95069,25.76737],[-102.95069,25.76695],[-102.9506,25.76692],[-102.95059,25.76675],[-102.9505,25.76673],[-102.95051,25.76637],[-102.95061,25.76633],[-102.95062,25.76583],[-102.9507,25.76582],[-102.95072,25.76574],[-102.95108,25.76575],[-102.95112,25.76566],[-102.95237,25.76568],[-102.95241,25.76559],[-102.95466,25.76562],[-102.95471,25.76553],[-102.95489,25.76552],[-102.95491,25.76544],[-102.95538,25.76544],[-102.95541,25.76536],[-102.9555,25.76533],[-102.95551,25.76513],[-102.95541,25.76509],[-102.95543,25.76432],[-102.95533,25.76427],[-102.95534,25.76382],[-102.95542,25.76381],[-102.95554,25.76365],[-102.95653,25.76366],[-102.95653,25.76408],[-102.95672,25.7642],[-102.95674,25.76437],[-102.95752,25.7644],[-102.95751,25.76481],[-102.95761,25.76485],[-102.95759,25.7658],[-102.95769,25.76584]]]}},{"type":"Feature","properties":{"id":499,"estado":"activa","confianza":"alta","area_m2":521223,"perimetro_m":5318,"largo_m":1198,"ancho_m":813,"lat":25.772858,"lon":-102.957175,"municipio":"San Pedro","cerca_de":"Ejido Patrocinio","dist_ref_km":47.6,"d_ciudad_km":41.3,"altura_m":4.3,"precio_m2":190,"precio_m2_min":125,"precio_m2_max":280,"valor":99000000,"valor_min":64000000,"valor_max":150000000},"geometry":{"type":"Polygon","coordinates":[[[-102.96138,25.77185],[-102.96137,25.77221],[-102.96118,25.77232],[-102.96117,25.77257],[-102.96108,25.77259],[-102.96106,25.77275],[-102.96097,25.77278],[-102.96096,25.77302],[-102.96076,25.77313],[-102.96075,25.77356],[-102.96055,25.77367],[-102.96054,25.77401],[-102.96046,25.77402],[-102.96044,25.77409],[-102.96036,25.7741],[-102.96034,25.77418],[-102.96014,25.7743],[-102.96013,25.7749],[-102.96003,25.77493],[-102.96003,25.77517],[-102.95993,25.77521],[-102.95992,25.77553],[-102.95983,25.77555],[-102.95982,25.77571],[-102.95972,25.77574],[-102.95971,25.77607],[-102.95962,25.77609],[-102.95961,25.77625],[-102.95951,25.77628],[-102.9595,25.77652],[-102.95923,25.77652],[-102.9591,25.77669],[-102.95811,25.77668],[-102.95809,25.7766],[-102.95801,25.77659],[-102.95802,25.77589],[-102.95792,25.77586],[-102.95792,25.77571],[-102.95782,25.77568],[-102.9578,25.7756],[-102.95757,25.77559],[-102.95752,25.77577],[-102.95742,25.7758],[-102.95741,25.77658],[-102.95732,25.77659],[-102.95731,25.77667],[-102.95621,25.77665],[-102.956,25.77639],[-102.95582,25.77638],[-102.95578,25.77629],[-102.95547,25.77628],[-102.95542,25.77637],[-102.95512,25.77637],[-102.95508,25.77628],[-102.95452,25.77627],[-102.95451,25.7761],[-102.95423,25.77608],[-102.9541,25.7759],[-102.95353,25.77589],[-102.95341,25.77572],[-102.95324,25.77571],[-102.95324,25.77544],[-102.95474,25.77546],[-102.95477,25.77555],[-102.95509,25.77555],[-102.95514,25.77546],[-102.95539,25.77547],[-102.95544,25.77538],[-102.95574,25.77534],[-102.95576,25.77389],[-102.95566,25.77385],[-102.95565,25.77368],[-102.95557,25.77367],[-102.95556,25.77341],[-102.95511,25.77339],[-102.95507,25.77366],[-102.95467,25.77365],[-102.95468,25.77315],[-102.95463,25.77311],[-102.95441,25.77311],[-102.95438,25.7732],[-102.95391,25.77319],[-102.95378,25.77337],[-102.95348,25.77337],[-102.95346,25.77329],[-102.95338,25.77327],[-102.95339,25.77273],[-102.95394,25.77274],[-102.95399,25.7727],[-102.95397,25.77248],[-102.95359,25.77246],[-102.95357,25.77211],[-102.95334,25.7721],[-102.9533,25.77219],[-102.95303,25.77219],[-102.953,25.77228],[-102.95282,25.77228],[-102.9528,25.77236],[-102.9523,25.77236],[-102.95228,25.77228],[-102.9521,25.77226],[-102.95207,25.77218],[-102.95185,25.77217],[-102.9518,25.77244],[-102.95084,25.77243],[-102.9508,25.77251],[-102.9507,25.77254],[-102.9507,25.77269],[-102.9506,25.77273],[-102.9506,25.77294],[-102.95069,25.77296],[-102.95069,25.77333],[-102.94969,25.77331],[-102.94968,25.77323],[-102.94959,25.77322],[-102.94961,25.77223],[-102.94971,25.7722],[-102.94971,25.77187],[-102.94981,25.77184],[-102.94982,25.77164],[-102.94972,25.7716],[-102.94971,25.77143],[-102.94962,25.77142],[-102.94963,25.771],[-102.94953,25.77096],[-102.94954,25.77046],[-102.94944,25.77042],[-102.94944,25.77015],[-102.94964,25.77004],[-102.94965,25.76988],[-102.95189,25.76991],[-102.95194,25.76982],[-102.95251,25.76983],[-102.95254,25.76974],[-102.95264,25.76971],[-102.95265,25.76911],[-102.95274,25.7691],[-102.95285,25.76893],[-102.95315,25.76894],[-102.95316,25.7691],[-102.95335,25.76921],[-102.95335,25.76955],[-102.95344,25.76957],[-102.95358,25.76976],[-102.9545,25.76977],[-102.95464,25.76959],[-102.95504,25.7696],[-102.95508,25.76969],[-102.95599,25.7697],[-102.95603,25.76961],[-102.95641,25.76961],[-102.95653,25.76944],[-102.95662,25.76942],[-102.95664,25.76935],[-102.95703,25.76935],[-102.95707,25.76944],[-102.95753,25.76945],[-102.95754,25.76953],[-102.95763,25.76954],[-102.95762,25.77022],[-102.95772,25.77027],[-102.9577,25.7714],[-102.9578,25.77144],[-102.95779,25.77171],[-102.95769,25.77175],[-102.95771,25.77197],[-102.95904,25.772],[-102.95908,25.77191],[-102.96043,25.77193],[-102.96048,25.77184],[-102.96138,25.77185]]]}},{"type":"Feature","properties":{"id":500,"estado":"activa","confianza":"alta","area_m2":657964,"perimetro_m":6795,"largo_m":1574,"ancho_m":722,"lat":25.805893,"lon":-102.971617,"municipio":"San Pedro","cerca_de":"El Porvenir de Abajo","dist_ref_km":47.9,"d_ciudad_km":41.5,"altura_m":2.0,"precio_m2":90,"precio_m2_min":60,"precio_m2_max":140,"valor":61000000,"valor_min":39000000,"valor_max":91000000},"geometry":{"type":"Polygon","coordinates":[[[-102.97947,25.80442],[-102.97946,25.80478],[-102.97937,25.80481],[-102.97936,25.80514],[-102.97926,25.80518],[-102.97926,25.80538],[-102.97935,25.80541],[-102.97935,25.80577],[-102.97899,25.80577],[-102.97895,25.80581],[-102.97896,25.80612],[-102.97934,25.80613],[-102.97932,25.80712],[-102.97902,25.80712],[-102.97901,25.80704],[-102.97893,25.80703],[-102.97891,25.80622],[-102.97847,25.80622],[-102.97844,25.80639],[-102.97835,25.8064],[-102.97824,25.80657],[-102.97774,25.80656],[-102.97773,25.8064],[-102.97764,25.80638],[-102.97763,25.80612],[-102.97737,25.80611],[-102.97734,25.80638],[-102.97705,25.80639],[-102.97704,25.80673],[-102.97694,25.80677],[-102.97693,25.80736],[-102.97683,25.80738],[-102.97682,25.80763],[-102.97672,25.80767],[-102.9767,25.80871],[-102.9763,25.80871],[-102.97626,25.80862],[-102.97585,25.80861],[-102.9758,25.8087],[-102.97461,25.80868],[-102.97456,25.80859],[-102.97406,25.80859],[-102.97401,25.80868],[-102.97351,25.80867],[-102.97347,25.80849],[-102.97286,25.80848],[-102.97272,25.80866],[-102.97222,25.80865],[-102.9722,25.80857],[-102.97212,25.80856],[-102.9721,25.8083],[-102.97177,25.80828],[-102.97172,25.80846],[-102.97162,25.8085],[-102.97162,25.80882],[-102.97086,25.80881],[-102.97082,25.8089],[-102.97042,25.8089],[-102.97028,25.80871],[-102.96987,25.80871],[-102.96982,25.8088],[-102.96952,25.80879],[-102.96952,25.80864],[-102.96943,25.80861],[-102.96938,25.80852],[-102.96915,25.80853],[-102.96912,25.8087],[-102.96883,25.80869],[-102.96883,25.80842],[-102.96893,25.80838],[-102.96894,25.80806],[-102.96933,25.80803],[-102.96933,25.80773],[-102.96909,25.8077],[-102.96904,25.80779],[-102.96818,25.80778],[-102.96814,25.80787],[-102.96805,25.80789],[-102.96804,25.8081],[-102.96814,25.80814],[-102.96814,25.80839],[-102.96823,25.80841],[-102.96826,25.8085],[-102.96843,25.80851],[-102.96844,25.80858],[-102.96853,25.8086],[-102.96852,25.80887],[-102.96835,25.80887],[-102.96832,25.80896],[-102.96776,25.80895],[-102.96772,25.80904],[-102.96732,25.80903],[-102.96728,25.80894],[-102.96653,25.80893],[-102.96641,25.80876],[-102.96623,25.80875],[-102.96623,25.8085],[-102.96604,25.80838],[-102.96602,25.8083],[-102.96594,25.80829],[-102.96594,25.80806],[-102.9659,25.80802],[-102.96516,25.80803],[-102.96513,25.80873],[-102.96504,25.80877],[-102.96503,25.80909],[-102.96463,25.80909],[-102.96459,25.80882],[-102.96437,25.80882],[-102.96433,25.8089],[-102.96394,25.8089],[-102.96396,25.80745],[-102.96405,25.80744],[-102.96416,25.80727],[-102.96455,25.80726],[-102.96457,25.80701],[-102.96477,25.80689],[-102.96477,25.80661],[-102.96457,25.80656],[-102.96454,25.80647],[-102.96428,25.80646],[-102.96425,25.80638],[-102.96408,25.80637],[-102.96408,25.80601],[-102.96428,25.80598],[-102.96429,25.8056],[-102.96379,25.80555],[-102.96381,25.80456],[-102.96461,25.80457],[-102.96464,25.80466],[-102.96486,25.80467],[-102.96491,25.80458],[-102.96755,25.80461],[-102.9676,25.80452],[-102.96778,25.80452],[-102.96776,25.80426],[-102.96661,25.80424],[-102.96661,25.80397],[-102.96669,25.80396],[-102.96671,25.80388],[-102.96692,25.80375],[-102.96691,25.80354],[-102.96672,25.80352],[-102.96671,25.80344],[-102.96662,25.80343],[-102.96663,25.8028],[-102.96682,25.80279],[-102.96683,25.80262],[-102.96719,25.80262],[-102.96724,25.80253],[-102.96753,25.80254],[-102.96758,25.80263],[-102.96863,25.80264],[-102.96862,25.80291],[-102.96854,25.80293],[-102.96852,25.803],[-102.96822,25.80304],[-102.96822,25.80352],[-102.96851,25.80354],[-102.96851,25.80409],[-102.96831,25.8042],[-102.9683,25.80449],[-102.9685,25.80454],[-102.96854,25.80463],[-102.96899,25.80463],[-102.96898,25.80549],[-102.96902,25.80554],[-102.96928,25.8055],[-102.96929,25.80486],[-102.96919,25.80482],[-102.9692,25.80446],[-102.96928,25.80444],[-102.9693,25.80437],[-102.97079,25.80439],[-102.97082,25.80447],[-102.97099,25.80448],[-102.97112,25.80466],[-102.97139,25.80467],[-102.97143,25.80476],[-102.97183,25.80476],[-102.97189,25.80467],[-102.97216,25.80467],[-102.97219,25.80459],[-102.97325,25.8046],[-102.97329,25.80433],[-102.97698,25.80438],[-102.97702,25.80457],[-102.97734,25.80457],[-102.97747,25.80439],[-102.97797,25.8044],[-102.97797,25.80472],[-102.97807,25.80476],[-102.97808,25.80511],[-102.97891,25.80513],[-102.97896,25.8051],[-102.97896,25.80489],[-102.97876,25.80486],[-102.97877,25.80459],[-102.97886,25.80457],[-102.97887,25.80441],[-102.97947,25.80442]],[[-102.96518,25.80728],[-102.96616,25.80727],[-102.96616,25.80706],[-102.96596,25.80694],[-102.96595,25.80686],[-102.96557,25.80684],[-102.96555,25.80667],[-102.96528,25.80667],[-102.96527,25.80684],[-102.96517,25.80688],[-102.96518,25.80728]]]}},{"type":"Feature","properties":{"id":501,"estado":"activa","confianza":"alta","area_m2":14361,"perimetro_m":773,"largo_m":240,"ancho_m":110,"lat":25.693264,"lon":-102.933529,"municipio":"San Pedro","cerca_de":"Ejido Frontera","dist_ref_km":47.2,"d_ciudad_km":40.5,"altura_m":0.5,"precio_m2":115,"precio_m2_min":75,"precio_m2_max":175,"valor":1700000,"valor_min":1100000,"valor_max":2500000},"geometry":{"type":"Polygon","coordinates":[[[-102.93434,25.69231],[-102.93433,25.69276],[-102.93394,25.69278],[-102.93393,25.69311],[-102.93383,25.69315],[-102.93382,25.69365],[-102.93362,25.69369],[-102.93361,25.69437],[-102.93321,25.69437],[-102.93322,25.69374],[-102.93332,25.69369],[-102.93332,25.69341],[-102.93323,25.69337],[-102.93323,25.69301],[-102.93359,25.69302],[-102.93363,25.69297],[-102.93361,25.69276],[-102.93324,25.69274],[-102.93325,25.6922],[-102.93385,25.69221],[-102.93388,25.6923],[-102.93434,25.69231]]]}},{"type":"Feature","properties":{"id":502,"estado":"activa","confianza":"alta","area_m2":16529,"perimetro_m":764,"largo_m":300,"ancho_m":70,"lat":25.736902,"lon":-102.944135,"municipio":"San Pedro","cerca_de":"El Nilo","dist_ref_km":47.4,"d_ciudad_km":41.2,"altura_m":0.9,"precio_m2":145,"precio_m2_min":95,"precio_m2_max":220,"valor":2400000,"valor_min":1600000,"valor_max":3600000},"geometry":{"type":"Polygon","coordinates":[[[-102.94446,25.73569],[-102.94445,25.73605],[-102.94435,25.73609],[-102.94434,25.73646],[-102.94444,25.7365],[-102.94443,25.73704],[-102.94433,25.73708],[-102.94432,25.73799],[-102.94442,25.73803],[-102.94441,25.7383],[-102.94433,25.73832],[-102.94431,25.73839],[-102.94401,25.73839],[-102.94399,25.73831],[-102.94381,25.7383],[-102.9438,25.73822],[-102.94371,25.7382],[-102.94373,25.7373],[-102.94383,25.73727],[-102.94384,25.73676],[-102.94394,25.73672],[-102.94395,25.73626],[-102.94385,25.73622],[-102.94386,25.73577],[-102.94403,25.73577],[-102.94406,25.73568],[-102.94446,25.73569]]]}},{"type":"Feature","properties":{"id":503,"estado":"activa","confianza":"media","area_m2":9289,"perimetro_m":446,"largo_m":130,"ancho_m":110,"lat":25.70708,"lon":-102.935726,"municipio":"San Pedro","cerca_de":"Ejido Frontera","dist_ref_km":47.3,"d_ciudad_km":40.9,"altura_m":0.2,"precio_m2":120,"precio_m2_min":80,"precio_m2_max":185,"valor":1100000,"valor_min":740000,"valor_max":1700000},"geometry":{"type":"Polygon","coordinates":[[[-102.93618,25.70705],[-102.93617,25.70741],[-102.93598,25.70752],[-102.93597,25.70768],[-102.93567,25.70767],[-102.93563,25.70749],[-102.93508,25.70748],[-102.93508,25.70721],[-102.93516,25.7072],[-102.93518,25.70712],[-102.93526,25.70711],[-102.93528,25.70703],[-102.93548,25.70692],[-102.93549,25.7065],[-102.93599,25.7065],[-102.93599,25.70674],[-102.93609,25.70677],[-102.93609,25.70702],[-102.93618,25.70705]]]}},{"type":"Feature","properties":{"id":504,"estado":"activa","confianza":"alta","area_m2":172705,"perimetro_m":3866,"largo_m":590,"ancho_m":570,"lat":25.74276,"lon":-102.945331,"municipio":"San Pedro","cerca_de":"El Nilo","dist_ref_km":47.5,"d_ciudad_km":41.2,"altura_m":2.4,"precio_m2":120,"precio_m2_min":80,"precio_m2_max":180,"valor":21000000,"valor_min":13000000,"valor_max":31000000},"geometry":{"type":"Polygon","coordinates":[[[-102.94655,25.74113],[-102.94653,25.74267],[-102.94627,25.74266],[-102.94623,25.74271],[-102.94624,25.74292],[-102.94652,25.74294],[-102.9465,25.74411],[-102.9464,25.74415],[-102.94639,25.74465],[-102.94631,25.74466],[-102.94619,25.74483],[-102.94553,25.74482],[-102.94549,25.74509],[-102.9453,25.7451],[-102.94529,25.74527],[-102.94511,25.74527],[-102.94509,25.74535],[-102.94479,25.74535],[-102.9448,25.7449],[-102.94507,25.7449],[-102.9451,25.74472],[-102.9455,25.74469],[-102.94549,25.74448],[-102.9453,25.74436],[-102.94531,25.74385],[-102.94506,25.74382],[-102.94491,25.744],[-102.94435,25.74399],[-102.94431,25.74417],[-102.94412,25.74418],[-102.94411,25.74435],[-102.94391,25.74447],[-102.9439,25.74507],[-102.9432,25.74506],[-102.94315,25.74497],[-102.9424,25.74496],[-102.94235,25.74486],[-102.94194,25.74486],[-102.9419,25.74495],[-102.94172,25.74496],[-102.9417,25.74504],[-102.94081,25.74502],[-102.94079,25.74495],[-102.94061,25.74484],[-102.94062,25.74457],[-102.94111,25.74456],[-102.94112,25.74413],[-102.9413,25.74412],[-102.94142,25.74395],[-102.94151,25.74393],[-102.94152,25.74386],[-102.94161,25.74385],[-102.94163,25.74368],[-102.94173,25.74365],[-102.94173,25.7435],[-102.94181,25.74349],[-102.94183,25.74341],[-102.94211,25.74341],[-102.94213,25.74324],[-102.94222,25.74323],[-102.94223,25.74315],[-102.94243,25.74313],[-102.94244,25.74283],[-102.94234,25.74279],[-102.94235,25.74243],[-102.94244,25.74241],[-102.94245,25.74225],[-102.94253,25.74224],[-102.94255,25.74216],[-102.94274,25.74205],[-102.94275,25.74189],[-102.94295,25.74178],[-102.94296,25.74153],[-102.94304,25.74152],[-102.94306,25.74144],[-102.94325,25.74134],[-102.94326,25.74118],[-102.94336,25.74116],[-102.94337,25.741],[-102.94345,25.74099],[-102.94347,25.74091],[-102.94374,25.74091],[-102.94387,25.74073],[-102.94415,25.74073],[-102.94427,25.74056],[-102.94477,25.74057],[-102.9448,25.74065],[-102.94503,25.74066],[-102.94507,25.74057],[-102.94554,25.74057],[-102.94557,25.7404],[-102.94574,25.74039],[-102.94577,25.74031],[-102.94595,25.7403],[-102.94597,25.74022],[-102.94637,25.74023],[-102.94637,25.7405],[-102.94628,25.74051],[-102.94626,25.74059],[-102.94618,25.7406],[-102.94616,25.74068],[-102.94608,25.74069],[-102.94606,25.74077],[-102.94598,25.74077],[-102.94596,25.74085],[-102.94577,25.74096],[-102.94576,25.74112],[-102.94557,25.74113],[-102.94556,25.74121],[-102.94536,25.74132],[-102.94535,25.74148],[-102.94517,25.74148],[-102.94515,25.74165],[-102.94497,25.74167],[-102.94495,25.74183],[-102.94476,25.74184],[-102.94475,25.74192],[-102.94455,25.74203],[-102.94454,25.74219],[-102.94446,25.7422],[-102.94444,25.74228],[-102.94436,25.74229],[-102.94434,25.74237],[-102.94415,25.74247],[-102.94414,25.74254],[-102.94397,25.74255],[-102.94384,25.74272],[-102.94375,25.74273],[-102.94373,25.7429],[-102.94365,25.74291],[-102.94363,25.74299],[-102.94355,25.743],[-102.94353,25.74308],[-102.94334,25.74318],[-102.94333,25.74334],[-102.94313,25.74346],[-102.94312,25.74361],[-102.94293,25.74372],[-102.94294,25.74397],[-102.94318,25.74397],[-102.94322,25.74388],[-102.94352,25.74389],[-102.94366,25.74407],[-102.94391,25.74404],[-102.94391,25.74383],[-102.94372,25.74371],[-102.94373,25.74335],[-102.94391,25.74334],[-102.94393,25.74317],[-102.94403,25.74314],[-102.94403,25.74299],[-102.94412,25.74298],[-102.94413,25.7429],[-102.94432,25.74289],[-102.94433,25.74282],[-102.94443,25.74279],[-102.94444,25.74264],[-102.94452,25.74263],[-102.94454,25.74255],[-102.94473,25.74244],[-102.94474,25.74228],[-102.9449,25.74228],[-102.94494,25.74219],[-102.94512,25.74219],[-102.94514,25.74211],[-102.94534,25.742],[-102.94535,25.74184],[-102.94543,25.74183],[-102.94555,25.74166],[-102.94593,25.74165],[-102.94595,25.74131],[-102.94604,25.74129],[-102.94616,25.74113],[-102.94655,25.74113]]]}},{"type":"Feature","properties":{"id":505,"estado":"activa","confianza":"alta","area_m2":26990,"perimetro_m":811,"largo_m":240,"ancho_m":190,"lat":25.727875,"lon":-102.940707,"municipio":"San Pedro","cerca_de":"El Nilo","dist_ref_km":47.4,"d_ciudad_km":41.1,"altura_m":4.5,"precio_m2":125,"precio_m2_min":80,"precio_m2_max":185,"valor":3300000,"valor_min":2200000,"valor_max":5000000},"geometry":{"type":"Polygon","coordinates":[[[-102.94189,25.7287],[-102.94188,25.72897],[-102.94098,25.72896],[-102.94095,25.72887],[-102.94029,25.72886],[-102.94025,25.72877],[-102.93999,25.72876],[-102.94001,25.7275],[-102.9402,25.72748],[-102.94022,25.72723],[-102.94041,25.72713],[-102.94042,25.72687],[-102.94051,25.72686],[-102.94052,25.72679],[-102.94082,25.72679],[-102.94081,25.72758],[-102.94091,25.7276],[-102.94094,25.72769],[-102.9413,25.7277],[-102.94132,25.72787],[-102.9415,25.72788],[-102.9415,25.72831],[-102.94159,25.72834],[-102.9416,25.7285],[-102.94189,25.7287]]]}},{"type":"Feature","properties":{"id":506,"estado":"activa","confianza":"alta","area_m2":13870,"perimetro_m":505,"largo_m":140,"ancho_m":120,"lat":25.686462,"lon":-102.930907,"municipio":"San Pedro","cerca_de":"Ejido Frontera","dist_ref_km":47.3,"d_ciudad_km":40.5,"altura_m":2.3,"precio_m2":115,"precio_m2_min":75,"precio_m2_max":175,"valor":1600000,"valor_min":1000000,"valor_max":2400000},"geometry":{"type":"Polygon","coordinates":[[[-102.93156,25.68595],[-102.93156,25.6864],[-102.93135,25.68652],[-102.93134,25.68712],[-102.93104,25.68712],[-102.931,25.68702],[-102.93078,25.68702],[-102.93075,25.68711],[-102.93045,25.68711],[-102.93045,25.68669],[-102.93036,25.68665],[-102.93036,25.68611],[-102.93045,25.6861],[-102.93057,25.68594],[-102.93075,25.68593],[-102.93077,25.68585],[-102.93146,25.68586],[-102.93148,25.68593],[-102.93156,25.68595]]]}},{"type":"Feature","properties":{"id":507,"estado":"desmontada","confianza":"alta","area_m2":28561,"perimetro_m":1070,"largo_m":396,"ancho_m":142,"lat":25.727227,"lon":-102.939754,"municipio":"San Pedro","cerca_de":"El Nilo","dist_ref_km":47.5,"d_ciudad_km":41.1,"altura_m":3.1,"precio_m2":85,"precio_m2_min":55,"precio_m2_max":125,"valor":2400000,"valor_min":1500000,"valor_max":3500000},"geometry":{"type":"Polygon","coordinates":[[[-102.94094,25.72553],[-102.94093,25.72652],[-102.94065,25.72652],[-102.94052,25.7267],[-102.94044,25.72671],[-102.94042,25.72678],[-102.94033,25.7268],[-102.94032,25.72687],[-102.94024,25.72689],[-102.94022,25.72714],[-102.93993,25.72733],[-102.93991,25.7275],[-102.93981,25.72753],[-102.9398,25.72804],[-102.93971,25.72807],[-102.9397,25.72827],[-102.9398,25.72831],[-102.9398,25.72856],[-102.93989,25.72858],[-102.93989,25.72885],[-102.93939,25.72885],[-102.93938,25.72877],[-102.9392,25.72866],[-102.9392,25.72839],[-102.9393,25.72836],[-102.93931,25.72794],[-102.9394,25.72792],[-102.93941,25.72758],[-102.93951,25.72754],[-102.93951,25.72734],[-102.93942,25.72731],[-102.93943,25.72659],[-102.93951,25.72658],[-102.93953,25.7265],[-102.93972,25.7264],[-102.93974,25.72623],[-102.93983,25.7262],[-102.93984,25.72599],[-102.93974,25.72596],[-102.93975,25.7256],[-102.9403,25.72561],[-102.94035,25.72552],[-102.94094,25.72553]]]}},{"type":"Feature","properties":{"id":508,"estado":"activa","confianza":"alta","area_m2":139365,"perimetro_m":2184,"largo_m":651,"ancho_m":402,"lat":25.787779,"lon":-102.96013,"municipio":"San Pedro","cerca_de":"El Porvenir de Abajo","dist_ref_km":48.0,"d_ciudad_km":41.7,"altura_m":3.9,"precio_m2":145,"precio_m2_min":95,"precio_m2_max":220,"valor":20000000,"valor_min":13000000,"valor_max":30000000,"grupo":429,"grupo_bloques":4,"grupo_m2":2762504},"geometry":{"type":"Polygon","coordinates":[[[-102.96453,25.78598],[-102.96451,25.7867],[-102.96443,25.78671],[-102.96431,25.78688],[-102.96395,25.78687],[-102.96391,25.78696],[-102.96341,25.78695],[-102.96336,25.78686],[-102.96213,25.78686],[-102.96211,25.78721],[-102.96191,25.78733],[-102.9619,25.78784],[-102.9617,25.78795],[-102.96169,25.78837],[-102.96161,25.78839],[-102.96159,25.78855],[-102.96149,25.78858],[-102.96149,25.78882],[-102.96131,25.78883],[-102.96128,25.789],[-102.9612,25.78901],[-102.96108,25.78918],[-102.9609,25.78919],[-102.96088,25.78927],[-102.9608,25.78927],[-102.96078,25.78935],[-102.96059,25.78946],[-102.96058,25.78953],[-102.96018,25.78953],[-102.96017,25.78927],[-102.95993,25.78925],[-102.95988,25.78934],[-102.95979,25.78936],[-102.95978,25.78952],[-102.95969,25.78953],[-102.95968,25.78961],[-102.9595,25.78961],[-102.95948,25.7897],[-102.95838,25.78968],[-102.95839,25.78914],[-102.95859,25.78901],[-102.95858,25.7888],[-102.9584,25.78878],[-102.9584,25.78851],[-102.95857,25.78851],[-102.9586,25.78842],[-102.95869,25.7884],[-102.95871,25.78811],[-102.95866,25.78806],[-102.95831,25.78806],[-102.95831,25.78779],[-102.9584,25.78777],[-102.95842,25.7877],[-102.9591,25.78769],[-102.95912,25.78739],[-102.95902,25.78734],[-102.95902,25.78707],[-102.95921,25.78707],[-102.95923,25.7869],[-102.95932,25.78687],[-102.95934,25.78636],[-102.95943,25.78634],[-102.95944,25.78618],[-102.95952,25.78616],[-102.95954,25.78609],[-102.96,25.78609],[-102.96004,25.786],[-102.96054,25.78601],[-102.96057,25.7861],[-102.96079,25.7861],[-102.96084,25.78602],[-102.9612,25.78602],[-102.96124,25.78593],[-102.9619,25.78594],[-102.96194,25.78585],[-102.96283,25.78586],[-102.96288,25.78595],[-102.96388,25.78597],[-102.96393,25.78588],[-102.96433,25.78588],[-102.96435,25.78597],[-102.96453,25.78598]]]}},{"type":"Feature","properties":{"id":509,"estado":"activa","confianza":"alta","area_m2":34743,"perimetro_m":808,"largo_m":220,"ancho_m":180,"lat":25.688784,"lon":-102.928202,"municipio":"San Pedro","cerca_de":"Ejido Frontera","dist_ref_km":47.6,"d_ciudad_km":40.9,"altura_m":3.5,"precio_m2":105,"precio_m2_min":65,"precio_m2_max":155,"valor":3600000,"valor_min":2300000,"valor_max":5400000},"geometry":{"type":"Polygon","coordinates":[[[-102.92912,25.6888],[-102.92911,25.68971],[-102.92902,25.68972],[-102.92901,25.68979],[-102.92831,25.68978],[-102.92826,25.68969],[-102.92795,25.68969],[-102.92791,25.68978],[-102.92751,25.68977],[-102.92752,25.68935],[-102.92732,25.68932],[-102.92733,25.68869],[-102.92743,25.68864],[-102.92743,25.68845],[-102.92734,25.68842],[-102.92735,25.68779],[-102.92834,25.6878],[-102.92837,25.68797],[-102.92874,25.68799],[-102.92875,25.68815],[-102.92893,25.68817],[-102.92894,25.68833],[-102.92903,25.68835],[-102.92902,25.68877],[-102.92912,25.6888]]]}},{"type":"Feature","properties":{"id":510,"estado":"activa","confianza":"alta","area_m2":8474,"perimetro_m":448,"largo_m":170,"ancho_m":60,"lat":25.77649,"lon":-102.953533,"municipio":"San Pedro","cerca_de":"Ejido Patrocinio","dist_ref_km":48.1,"d_ciudad_km":42.1,"altura_m":1.7,"precio_m2":220,"precio_m2_min":145,"precio_m2_max":330,"valor":1900000,"valor_min":1200000,"valor_max":2800000},"geometry":{"type":"Polygon","coordinates":[[[-102.95452,25.77654],[-102.95451,25.77681],[-102.95282,25.77679],[-102.95283,25.77633],[-102.95291,25.77632],[-102.95293,25.77625],[-102.95373,25.77626],[-102.95374,25.77634],[-102.95392,25.77635],[-102.95395,25.77644],[-102.95422,25.77644],[-102.95426,25.77653],[-102.95452,25.77654]]]}},{"type":"Feature","properties":{"id":511,"estado":"activa","confianza":"alta","area_m2":49346,"perimetro_m":1782,"largo_m":591,"ancho_m":267,"lat":25.707634,"lon":-102.93177,"municipio":"San Pedro","cerca_de":"Ejido Frontera","dist_ref_km":47.7,"d_ciudad_km":41.0,"altura_m":0.3,"precio_m2":100,"precio_m2_min":65,"precio_m2_max":155,"valor":5000000,"valor_min":3300000,"valor_max":7500000},"geometry":{"type":"Polygon","coordinates":[[[-102.9351,25.7064],[-102.93509,25.70667],[-102.93462,25.70667],[-102.93459,25.70684],[-102.9345,25.70686],[-102.93449,25.70693],[-102.93359,25.70692],[-102.93355,25.70683],[-102.93312,25.70683],[-102.93309,25.70691],[-102.93299,25.70695],[-102.93299,25.70736],[-102.93261,25.70736],[-102.93258,25.70763],[-102.9325,25.70764],[-102.93238,25.70781],[-102.93219,25.70782],[-102.93218,25.70814],[-102.93237,25.70817],[-102.93238,25.70842],[-102.93257,25.70844],[-102.93257,25.7086],[-102.93276,25.70871],[-102.93276,25.70898],[-102.93176,25.70897],[-102.93177,25.70828],[-102.93168,25.70825],[-102.93164,25.70816],[-102.93141,25.70816],[-102.93138,25.70824],[-102.92948,25.70822],[-102.92949,25.70794],[-102.92958,25.70792],[-102.92959,25.70777],[-102.93009,25.70777],[-102.93012,25.70786],[-102.93035,25.70787],[-102.93049,25.70769],[-102.93095,25.70769],[-102.93109,25.70752],[-102.93127,25.70751],[-102.93129,25.70725],[-102.93139,25.70721],[-102.9314,25.70689],[-102.93149,25.70688],[-102.9315,25.7068],[-102.93206,25.70681],[-102.9322,25.70663],[-102.93296,25.70664],[-102.933,25.70655],[-102.93318,25.70654],[-102.9332,25.70646],[-102.93396,25.70647],[-102.9341,25.7063],[-102.935,25.70631],[-102.93501,25.70639],[-102.9351,25.7064]]]}},{"type":"Feature","properties":{"id":512,"estado":"activa","confianza":"media","area_m2":9765,"perimetro_m":466,"largo_m":130,"ancho_m":120,"lat":25.731125,"lon":-102.937159,"municipio":"San Pedro","cerca_de":"El Nilo","dist_ref_km":47.9,"d_ciudad_km":41.6,"altura_m":2.9,"precio_m2":135,"precio_m2_min":90,"precio_m2_max":200,"valor":1300000,"valor_min":860000,"valor_max":2000000},"geometry":{"type":"Polygon","coordinates":[[[-102.93776,25.73099],[-102.93776,25.73126],[-102.93758,25.73126],[-102.93755,25.73135],[-102.93718,25.73135],[-102.93715,25.73143],[-102.93706,25.73146],[-102.93705,25.73161],[-102.93697,25.73162],[-102.93685,25.73179],[-102.93655,25.73178],[-102.93657,25.73061],[-102.93687,25.73062],[-102.9369,25.7307],[-102.93717,25.73071],[-102.93729,25.73089],[-102.93766,25.7309],[-102.93767,25.73097],[-102.93776,25.73099]]]}},{"type":"Feature","properties":{"id":513,"estado":"activa","confianza":"alta","area_m2":11874,"perimetro_m":502,"largo_m":160,"ancho_m":90,"lat":25.760538,"lon":-102.945623,"municipio":"San Pedro","cerca_de":"Ejido Patrocinio","dist_ref_km":48.2,"d_ciudad_km":42.1,"altura_m":1.4,"precio_m2":195,"precio_m2_min":125,"precio_m2_max":290,"valor":2300000,"valor_min":1500000,"valor_max":3400000},"geometry":{"type":"Polygon","coordinates":[[[-102.94642,25.76036],[-102.94642,25.76072],[-102.94633,25.76073],[-102.94632,25.76081],[-102.94526,25.76079],[-102.94522,25.76088],[-102.94482,25.76088],[-102.94483,25.76015],[-102.94492,25.76014],[-102.94493,25.76007],[-102.94523,25.76007],[-102.94538,25.76025],[-102.94561,25.76025],[-102.94563,25.76008],[-102.94613,25.76008],[-102.94614,25.76016],[-102.94642,25.76036]]]}},{"type":"Feature","properties":{"id":514,"estado":"activa","confianza":"alta","area_m2":47842,"perimetro_m":1001,"largo_m":320,"ancho_m":210,"lat":25.776006,"lon":-102.950423,"municipio":"San Pedro","cerca_de":"Ejido Patrocinio","dist_ref_km":48.4,"d_ciudad_km":42.3,"altura_m":1.8,"precio_m2":180,"precio_m2_min":115,"precio_m2_max":270,"valor":8600000,"valor_min":5600000,"valor_max":13000000},"geometry":{"type":"Polygon","coordinates":[[[-102.95213,25.77605],[-102.95213,25.77632],[-102.95185,25.77633],[-102.95183,25.77641],[-102.95173,25.77644],[-102.95172,25.77668],[-102.95164,25.77669],[-102.95162,25.77677],[-102.95144,25.77678],[-102.95132,25.77695],[-102.94963,25.77692],[-102.94958,25.77683],[-102.94893,25.77682],[-102.94894,25.7761],[-102.94914,25.77597],[-102.94916,25.77502],[-102.94986,25.77503],[-102.94986,25.77518],[-102.94996,25.77521],[-102.94999,25.7753],[-102.95055,25.77531],[-102.95057,25.77539],[-102.95075,25.7754],[-102.95078,25.77549],[-102.95125,25.7755],[-102.95137,25.77567],[-102.95164,25.77569],[-102.95166,25.77576],[-102.95174,25.77578],[-102.95176,25.77604],[-102.95213,25.77605]]]}},{"type":"Feature","properties":{"id":515,"estado":"activa","confianza":"media","area_m2":6193,"perimetro_m":404,"largo_m":156,"ancho_m":68,"lat":25.787831,"lon":-102.955123,"municipio":"San Pedro","cerca_de":"El Porvenir de Abajo","dist_ref_km":48.5,"d_ciudad_km":42.6,"altura_m":3.5,"precio_m2":175,"precio_m2_min":115,"precio_m2_max":260,"valor":1100000,"valor_min":700000,"valor_max":1600000,"grupo":429,"grupo_bloques":4,"grupo_m2":2762504},"geometry":{"type":"Polygon","coordinates":[[[-102.95573,25.7873],[-102.95572,25.78766],[-102.95564,25.78767],[-102.95562,25.78775],[-102.95554,25.78776],[-102.95552,25.78784],[-102.95533,25.78794],[-102.95532,25.78801],[-102.95513,25.78803],[-102.95511,25.78828],[-102.95503,25.78829],[-102.95501,25.78837],[-102.95471,25.78837],[-102.95472,25.78783],[-102.95482,25.7878],[-102.95483,25.78765],[-102.95519,25.78765],[-102.95523,25.78747],[-102.95531,25.78746],[-102.95543,25.78729],[-102.95573,25.7873]]]}},{"type":"Feature","properties":{"id":516,"estado":"activa","confianza":"media","area_m2":8690,"perimetro_m":439,"largo_m":120,"ancho_m":110,"lat":25.737495,"lon":-102.9368,"municipio":"San Pedro","cerca_de":"El Nilo","dist_ref_km":48.1,"d_ciudad_km":41.9,"altura_m":1.8,"precio_m2":140,"precio_m2_min":90,"precio_m2_max":210,"valor":1200000,"valor_min":790000,"valor_max":1800000},"geometry":{"type":"Polygon","coordinates":[[[-102.93735,25.7373],[-102.93735,25.73757],[-102.93726,25.73758],[-102.93725,25.73766],[-102.93687,25.73767],[-102.93684,25.73793],[-102.93634,25.73792],[-102.93633,25.73784],[-102.93625,25.73783],[-102.93625,25.73742],[-102.93615,25.73738],[-102.93616,25.73701],[-102.93633,25.73701],[-102.93636,25.73693],[-102.93666,25.73693],[-102.93668,25.7372],[-102.93725,25.73721],[-102.93727,25.73729],[-102.93735,25.7373]]]}},{"type":"Feature","properties":{"id":517,"estado":"activa","confianza":"alta","area_m2":133160,"perimetro_m":3284,"largo_m":660,"ancho_m":340,"lat":25.694533,"lon":-102.926091,"municipio":"San Pedro","cerca_de":"Ejido Frontera","dist_ref_km":47.9,"d_ciudad_km":41.0,"altura_m":7.5,"precio_m2":90,"precio_m2_min":55,"precio_m2_max":135,"valor":12000000,"valor_min":7700000,"valor_max":18000000},"geometry":{"type":"Polygon","coordinates":[[[-102.92993,25.69369],[-102.92993,25.69396],[-102.92966,25.69396],[-102.92953,25.69413],[-102.92933,25.69416],[-102.92931,25.69508],[-102.92941,25.69513],[-102.9294,25.69558],[-102.92932,25.69559],[-102.9293,25.69567],[-102.92894,25.69566],[-102.9289,25.69575],[-102.92821,25.69574],[-102.92822,25.69502],[-102.92832,25.69499],[-102.92832,25.69466],[-102.92842,25.69463],[-102.92843,25.69443],[-102.92833,25.69439],[-102.92832,25.69422],[-102.92813,25.69411],[-102.92814,25.69361],[-102.92809,25.69357],[-102.92787,25.69357],[-102.92774,25.69375],[-102.92734,25.69374],[-102.9273,25.69365],[-102.92705,25.69368],[-102.92704,25.6941],[-102.92694,25.69412],[-102.92694,25.69428],[-102.92674,25.69439],[-102.92674,25.69461],[-102.92683,25.69464],[-102.92683,25.69479],[-102.92693,25.69482],[-102.92706,25.695],[-102.92792,25.69501],[-102.92791,25.69537],[-102.92723,25.69538],[-102.92721,25.69582],[-102.92702,25.69583],[-102.92701,25.69599],[-102.92674,25.69599],[-102.92671,25.69608],[-102.92601,25.69607],[-102.92597,25.69598],[-102.92541,25.69597],[-102.92537,25.69588],[-102.92442,25.69587],[-102.9244,25.69579],[-102.92432,25.69578],[-102.92432,25.6955],[-102.92442,25.69547],[-102.92443,25.69515],[-102.92481,25.69514],[-102.92483,25.69488],[-102.92492,25.69487],[-102.92493,25.69479],[-102.92548,25.69477],[-102.92543,25.69447],[-102.92534,25.69444],[-102.92535,25.69394],[-102.9253,25.69389],[-102.92508,25.6939],[-102.92495,25.69407],[-102.92437,25.69407],[-102.92435,25.69429],[-102.92444,25.69433],[-102.92444,25.6946],[-102.92408,25.6946],[-102.92404,25.69478],[-102.92375,25.69479],[-102.92373,25.6951],[-102.92383,25.69514],[-102.92384,25.6953],[-102.92393,25.69532],[-102.92392,25.69559],[-102.92363,25.69559],[-102.92359,25.6955],[-102.92333,25.69549],[-102.92333,25.69513],[-102.92343,25.6951],[-102.92344,25.69477],[-102.92354,25.69474],[-102.92355,25.69432],[-102.92365,25.69429],[-102.92366,25.69387],[-102.92385,25.69384],[-102.92387,25.69315],[-102.92462,25.69316],[-102.92467,25.69307],[-102.92562,25.69309],[-102.92566,25.693],[-102.92935,25.69305],[-102.92935,25.69366],[-102.92993,25.69369]],[[-102.92592,25.69544],[-102.92595,25.69553],[-102.9262,25.69552],[-102.92622,25.69519],[-102.92582,25.69517],[-102.92582,25.69473],[-102.92551,25.69471],[-102.92553,25.69507],[-102.92533,25.69509],[-102.92533,25.69541],[-102.92592,25.69544]]]}},{"type":"Feature","properties":{"id":518,"estado":"activa","confianza":"alta","area_m2":45209,"perimetro_m":1284,"largo_m":379,"ancho_m":247,"lat":25.734284,"lon":-102.93576,"municipio":"San Pedro","cerca_de":"El Nilo","dist_ref_km":48.1,"d_ciudad_km":41.8,"altura_m":0.6,"precio_m2":115,"precio_m2_min":75,"precio_m2_max":175,"valor":5300000,"valor_min":3400000,"valor_max":7900000},"geometry":{"type":"Polygon","coordinates":[[[-102.93748,25.73541],[-102.93748,25.73577],[-102.93718,25.73577],[-102.93714,25.73567],[-102.93672,25.73567],[-102.93668,25.73603],[-102.93638,25.73602],[-102.93639,25.73557],[-102.93648,25.73554],[-102.93647,25.73531],[-102.93619,25.7353],[-102.93615,25.73521],[-102.9349,25.73519],[-102.93488,25.73511],[-102.9348,25.7351],[-102.93481,25.73447],[-102.93491,25.73442],[-102.93491,25.73414],[-102.93482,25.73411],[-102.93482,25.73384],[-102.93508,25.73384],[-102.93512,25.73375],[-102.93551,25.73374],[-102.93553,25.73339],[-102.93563,25.73336],[-102.93563,25.73304],[-102.93573,25.73301],[-102.93573,25.73286],[-102.93583,25.73283],[-102.93584,25.73268],[-102.93653,25.73269],[-102.93651,25.73391],[-102.93661,25.73395],[-102.9366,25.73455],[-102.9367,25.73459],[-102.93669,25.73528],[-102.93699,25.73531],[-102.93703,25.7354],[-102.93748,25.73541]]]}},{"type":"Feature","properties":{"id":519,"estado":"activa","confianza":"alta","area_m2":255990,"perimetro_m":3487,"largo_m":810,"ancho_m":470,"lat":25.712637,"lon":-102.92871,"municipio":"San Pedro","cerca_de":"La Lucesita","dist_ref_km":48.1,"d_ciudad_km":41.5,"altura_m":2.8,"precio_m2":85,"precio_m2_min":55,"precio_m2_max":125,"valor":22000000,"valor_min":14000000,"valor_max":32000000},"geometry":{"type":"Polygon","coordinates":[[[-102.93096,25.70932],[-102.93095,25.71004],[-102.93075,25.71008],[-102.93075,25.71028],[-102.93084,25.71031],[-102.93084,25.71058],[-102.93074,25.71062],[-102.93073,25.71108],[-102.93083,25.71112],[-102.93083,25.71155],[-102.93092,25.71158],[-102.9309,25.71302],[-102.9308,25.71306],[-102.93079,25.71334],[-102.93089,25.71338],[-102.93088,25.71365],[-102.92999,25.71364],[-102.92999,25.71337],[-102.93008,25.71336],[-102.93009,25.71328],[-102.93047,25.71328],[-102.93049,25.71305],[-102.93,25.71301],[-102.92999,25.71293],[-102.9299,25.71292],[-102.92989,25.71274],[-102.92965,25.71273],[-102.9296,25.71296],[-102.9297,25.713],[-102.92969,25.71341],[-102.92979,25.71346],[-102.92979,25.71373],[-102.92961,25.71373],[-102.92959,25.71381],[-102.92872,25.7138],[-102.92869,25.71389],[-102.92859,25.71392],[-102.92858,25.71416],[-102.92819,25.71415],[-102.92818,25.71381],[-102.92791,25.7138],[-102.92788,25.71451],[-102.92768,25.71454],[-102.92768,25.71493],[-102.92793,25.71496],[-102.92797,25.71487],[-102.92867,25.71488],[-102.92866,25.71561],[-102.92857,25.71562],[-102.92846,25.71578],[-102.92816,25.71578],[-102.92814,25.71542],[-102.92749,25.71541],[-102.92748,25.71576],[-102.92786,25.71577],[-102.92785,25.71623],[-102.92777,25.71624],[-102.92775,25.71631],[-102.92715,25.71631],[-102.92716,25.71604],[-102.92726,25.716],[-102.92725,25.71578],[-102.92706,25.71576],[-102.92705,25.71569],[-102.92696,25.71567],[-102.92694,25.71549],[-102.92647,25.71548],[-102.92649,25.71449],[-102.92658,25.71446],[-102.92659,25.71418],[-102.92649,25.71413],[-102.9265,25.71344],[-102.92641,25.71341],[-102.92641,25.71305],[-102.92651,25.71301],[-102.92652,25.71254],[-102.92632,25.71241],[-102.92633,25.71196],[-102.92643,25.71194],[-102.92643,25.71174],[-102.92634,25.71169],[-102.92637,25.70966],[-102.92627,25.70961],[-102.92628,25.70934],[-102.92636,25.70933],[-102.92658,25.70908],[-102.92684,25.70908],[-102.92688,25.70899],[-102.92728,25.709],[-102.92727,25.7095],[-102.92737,25.70954],[-102.92737,25.70979],[-102.92781,25.70982],[-102.92786,25.70973],[-102.92796,25.7097],[-102.92797,25.70937],[-102.92805,25.70936],[-102.92807,25.70928],[-102.93032,25.70931],[-102.93037,25.70913],[-102.93066,25.70913],[-102.93078,25.70931],[-102.93096,25.70932]]]}},{"type":"Feature","properties":{"id":520,"estado":"activa","confianza":"alta","area_m2":23556,"perimetro_m":923,"largo_m":270,"ancho_m":190,"lat":25.775169,"lon":-102.946965,"municipio":"San Pedro","cerca_de":"Ejido Patrocinio","dist_ref_km":48.7,"d_ciudad_km":42.6,"altura_m":1.7,"precio_m2":180,"precio_m2_min":120,"precio_m2_max":270,"valor":4300000,"valor_min":2800000,"valor_max":6400000},"geometry":{"type":"Polygon","coordinates":[[[-102.94808,25.77437],[-102.94807,25.77464],[-102.94738,25.77466],[-102.94737,25.77481],[-102.94727,25.77486],[-102.94726,25.77523],[-102.94736,25.77526],[-102.94735,25.77617],[-102.94716,25.77618],[-102.94714,25.77634],[-102.94706,25.77636],[-102.94704,25.77643],[-102.94674,25.77643],[-102.94675,25.77601],[-102.94655,25.77589],[-102.94656,25.77534],[-102.94666,25.77532],[-102.94667,25.77511],[-102.94637,25.77507],[-102.94638,25.77471],[-102.94647,25.77468],[-102.94648,25.77448],[-102.94638,25.77444],[-102.94636,25.77427],[-102.94618,25.77426],[-102.94619,25.77398],[-102.94689,25.77399],[-102.947,25.77417],[-102.94718,25.77418],[-102.94722,25.77427],[-102.94778,25.77428],[-102.94781,25.77437],[-102.94808,25.77437]]]}},{"type":"Feature","properties":{"id":521,"estado":"activa","confianza":"alta","area_m2":818912,"perimetro_m":11580,"largo_m":1441,"ancho_m":1206,"lat":25.791574,"lon":-102.952043,"municipio":"San Pedro","cerca_de":"El Porvenir de Abajo","dist_ref_km":48.9,"d_ciudad_km":42.5,"altura_m":2.4,"precio_m2":105,"precio_m2_min":65,"precio_m2_max":155,"valor":85000000,"valor_min":55000000,"valor_max":130000000,"grupo":429,"grupo_bloques":4,"grupo_m2":2762504},"geometry":{"type":"Polygon","coordinates":[[[-102.95837,25.79049],[-102.95836,25.79085],[-102.95826,25.79089],[-102.95826,25.79112],[-102.95809,25.79112],[-102.95806,25.79121],[-102.95787,25.79122],[-102.95785,25.79148],[-102.95777,25.79149],[-102.95755,25.79175],[-102.95738,25.79175],[-102.95725,25.79192],[-102.95706,25.79193],[-102.95705,25.79201],[-102.95696,25.79202],[-102.95694,25.7921],[-102.95686,25.79211],[-102.95684,25.79219],[-102.95676,25.7922],[-102.95674,25.79228],[-102.95655,25.79238],[-102.95654,25.79245],[-102.95637,25.79246],[-102.95634,25.79254],[-102.95584,25.79253],[-102.95584,25.79226],[-102.95594,25.79224],[-102.95595,25.79208],[-102.95612,25.79208],[-102.95615,25.792],[-102.95635,25.79188],[-102.95635,25.79083],[-102.95547,25.79081],[-102.95542,25.79063],[-102.95521,25.79063],[-102.95517,25.79072],[-102.9549,25.79072],[-102.95487,25.7909],[-102.9547,25.7909],[-102.95467,25.79098],[-102.95437,25.79098],[-102.95433,25.79089],[-102.95397,25.79088],[-102.95383,25.7907],[-102.95361,25.7907],[-102.95358,25.79079],[-102.95298,25.79078],[-102.95297,25.7907],[-102.95268,25.7905],[-102.95268,25.79025],[-102.95249,25.79014],[-102.9525,25.78978],[-102.95269,25.78976],[-102.9527,25.78951],[-102.95299,25.7895],[-102.95296,25.78925],[-102.95255,25.78924],[-102.9525,25.78933],[-102.95233,25.78933],[-102.9523,25.7896],[-102.95222,25.78961],[-102.9521,25.78977],[-102.9515,25.78977],[-102.95137,25.78959],[-102.951,25.78958],[-102.95097,25.78949],[-102.95073,25.78949],[-102.9507,25.78993],[-102.95051,25.78995],[-102.9505,25.79016],[-102.95069,25.79021],[-102.95068,25.79098],[-102.95078,25.79102],[-102.9508,25.7911],[-102.95153,25.79112],[-102.95158,25.79103],[-102.95287,25.79105],[-102.953,25.79123],[-102.95327,25.79123],[-102.95328,25.7914],[-102.95347,25.79142],[-102.95347,25.79158],[-102.95366,25.7916],[-102.95367,25.79176],[-102.95386,25.79187],[-102.95385,25.79215],[-102.95359,25.79214],[-102.95355,25.79223],[-102.95325,25.79223],[-102.95321,25.79214],[-102.95287,25.79214],[-102.95285,25.79222],[-102.95266,25.79234],[-102.95265,25.79267],[-102.95196,25.79268],[-102.95195,25.79289],[-102.95204,25.79293],[-102.95204,25.79318],[-102.95224,25.7933],[-102.95225,25.79338],[-102.95234,25.79339],[-102.95235,25.79356],[-102.953,25.79357],[-102.95303,25.79349],[-102.95323,25.79337],[-102.95324,25.79313],[-102.95341,25.79313],[-102.95344,25.79304],[-102.9548,25.79306],[-102.95484,25.79261],[-102.95501,25.79261],[-102.95504,25.79252],[-102.95564,25.79253],[-102.95563,25.79289],[-102.95545,25.7929],[-102.95543,25.79298],[-102.95524,25.79308],[-102.95523,25.79316],[-102.95485,25.79316],[-102.95483,25.79342],[-102.95474,25.79344],[-102.95462,25.7936],[-102.95445,25.7936],[-102.95442,25.79369],[-102.95404,25.79369],[-102.95402,25.79395],[-102.95384,25.79396],[-102.95372,25.79413],[-102.95344,25.79414],[-102.95341,25.7944],[-102.95333,25.79441],[-102.95331,25.79448],[-102.95303,25.79449],[-102.95301,25.79457],[-102.95293,25.79458],[-102.95291,25.79466],[-102.95272,25.79476],[-102.95271,25.79484],[-102.95252,25.79485],[-102.95251,25.79502],[-102.95221,25.79501],[-102.95218,25.79483],[-102.95183,25.79484],[-102.9518,25.79555],[-102.95154,25.79554],[-102.9515,25.79563],[-102.95131,25.79565],[-102.95129,25.7959],[-102.9512,25.79594],[-102.95119,25.79617],[-102.95111,25.79618],[-102.95109,25.79626],[-102.95091,25.79627],[-102.95079,25.79644],[-102.95061,25.79644],[-102.95058,25.79661],[-102.95041,25.79662],[-102.95028,25.79679],[-102.95019,25.7968],[-102.95018,25.79688],[-102.95009,25.79689],[-102.95008,25.79697],[-102.94991,25.79697],[-102.94978,25.79714],[-102.9496,25.79715],[-102.94958,25.79732],[-102.94939,25.79733],[-102.94937,25.79741],[-102.94929,25.79742],[-102.94927,25.7975],[-102.94908,25.7976],[-102.94907,25.79767],[-102.94879,25.79768],[-102.94877,25.79785],[-102.94868,25.79786],[-102.94857,25.79803],[-102.94829,25.79803],[-102.94816,25.7982],[-102.94808,25.79822],[-102.94806,25.79829],[-102.94776,25.79829],[-102.94772,25.7982],[-102.94737,25.79819],[-102.94735,25.79811],[-102.94727,25.7981],[-102.94726,25.79803],[-102.94717,25.79801],[-102.94706,25.79784],[-102.94697,25.79783],[-102.94696,25.79766],[-102.94668,25.79764],[-102.94666,25.79756],[-102.94658,25.79755],[-102.94657,25.79748],[-102.94648,25.79746],[-102.94637,25.79729],[-102.94629,25.79727],[-102.94627,25.79711],[-102.94609,25.79709],[-102.94608,25.79701],[-102.94589,25.79691],[-102.94587,25.79655],[-102.9451,25.79654],[-102.94505,25.79644],[-102.94484,25.79644],[-102.9448,25.79653],[-102.9442,25.79652],[-102.94419,25.79645],[-102.94411,25.79643],[-102.9441,25.79636],[-102.94401,25.79634],[-102.94389,25.79617],[-102.94381,25.79616],[-102.94381,25.79581],[-102.94342,25.79579],[-102.94341,25.79563],[-102.94332,25.79561],[-102.94331,25.79553],[-102.94323,25.79552],[-102.94321,25.79544],[-102.94313,25.79542],[-102.94301,25.79525],[-102.94293,25.79524],[-102.94293,25.79508],[-102.94274,25.79497],[-102.94272,25.79489],[-102.94264,25.79488],[-102.94262,25.7948],[-102.94254,25.79478],[-102.94254,25.79463],[-102.94244,25.7946],[-102.94245,25.79424],[-102.9441,25.79426],[-102.94415,25.79418],[-102.94464,25.79416],[-102.94467,25.79256],[-102.94476,25.79255],[-102.94477,25.79247],[-102.94515,25.79247],[-102.94517,25.79238],[-102.94526,25.79238],[-102.94527,25.7923],[-102.94548,25.79217],[-102.94548,25.7918],[-102.94538,25.79176],[-102.94538,25.79151],[-102.94519,25.79148],[-102.9452,25.79094],[-102.9458,25.79095],[-102.94581,25.79103],[-102.94589,25.79104],[-102.94588,25.79185],[-102.94578,25.79189],[-102.94577,25.79235],[-102.94597,25.79249],[-102.94599,25.79257],[-102.94712,25.79259],[-102.94717,25.7925],[-102.94725,25.79249],[-102.94728,25.79191],[-102.94718,25.79187],[-102.94718,25.79151],[-102.94728,25.79149],[-102.94729,25.79133],[-102.94804,25.79134],[-102.94819,25.79121],[-102.94817,25.79099],[-102.94799,25.79098],[-102.94795,25.79089],[-102.94759,25.79088],[-102.94758,25.79081],[-102.9474,25.7907],[-102.9474,25.79038],[-102.9473,25.79034],[-102.94732,25.78953],[-102.9474,25.78951],[-102.94742,25.78944],[-102.94777,25.78944],[-102.94782,25.78935],[-102.94812,25.78936],[-102.9481,25.79022],[-102.9482,25.79026],[-102.9482,25.79059],[-102.94829,25.79062],[-102.94831,25.79088],[-102.94894,25.7909],[-102.94899,25.79081],[-102.94908,25.79079],[-102.94911,25.78912],[-102.94892,25.78901],[-102.94889,25.78883],[-102.94813,25.78882],[-102.94812,25.78866],[-102.94803,25.78863],[-102.94802,25.78847],[-102.94793,25.78845],[-102.94793,25.78811],[-102.94784,25.78809],[-102.94771,25.78791],[-102.94724,25.7879],[-102.94722,25.78781],[-102.94705,25.78781],[-102.94701,25.78772],[-102.94685,25.78771],[-102.94684,25.78764],[-102.94675,25.78762],[-102.94676,25.78726],[-102.94716,25.78727],[-102.9472,25.78736],[-102.9477,25.78737],[-102.94775,25.78728],[-102.94785,25.78726],[-102.94784,25.78702],[-102.94756,25.787],[-102.94755,25.78692],[-102.94746,25.78691],[-102.94747,25.78637],[-102.94756,25.78636],[-102.94757,25.78628],[-102.94816,25.78627],[-102.94817,25.78605],[-102.94808,25.78602],[-102.94808,25.78575],[-102.94817,25.78572],[-102.94818,25.78557],[-102.94858,25.78557],[-102.94861,25.7862],[-102.94895,25.7862],[-102.94897,25.78603],[-102.94906,25.78602],[-102.94907,25.78594],[-102.94937,25.78594],[-102.94942,25.78604],[-102.94977,25.78604],[-102.9498,25.78622],[-102.95015,25.78622],[-102.95015,25.78597],[-102.94977,25.78595],[-102.94978,25.78568],[-102.94994,25.78568],[-102.94998,25.78559],[-102.95008,25.78556],[-102.95008,25.78526],[-102.94998,25.78523],[-102.94999,25.78487],[-102.95039,25.78488],[-102.95043,25.78497],[-102.95088,25.78497],[-102.95088,25.78551],[-102.95068,25.78563],[-102.95067,25.78612],[-102.95136,25.78615],[-102.95136,25.78704],[-102.95175,25.78706],[-102.95178,25.78715],[-102.95204,25.78716],[-102.95203,25.78815],[-102.95193,25.78818],[-102.95192,25.78855],[-102.95202,25.7886],[-102.95203,25.78877],[-102.95228,25.78878],[-102.95232,25.7886],[-102.95258,25.78861],[-102.95262,25.78852],[-102.9528,25.78851],[-102.95282,25.78816],[-102.95332,25.78817],[-102.95331,25.78889],[-102.95312,25.7889],[-102.95311,25.78912],[-102.95336,25.78916],[-102.95341,25.78898],[-102.95357,25.78898],[-102.95361,25.78889],[-102.95379,25.78888],[-102.95381,25.78871],[-102.95399,25.78871],[-102.95401,25.78863],[-102.95409,25.78862],[-102.95411,25.78854],[-102.9543,25.78843],[-102.95432,25.78836],[-102.95471,25.78837],[-102.95471,25.78864],[-102.95462,25.78865],[-102.95461,25.78873],[-102.95453,25.78874],[-102.95451,25.78881],[-102.95432,25.78892],[-102.95431,25.78899],[-102.95422,25.789],[-102.9542,25.78908],[-102.95412,25.78909],[-102.9541,25.78917],[-102.95391,25.78927],[-102.9539,25.78944],[-102.95371,25.78945],[-102.9537,25.78962],[-102.95361,25.78963],[-102.95359,25.7897],[-102.95351,25.78971],[-102.95349,25.78979],[-102.9533,25.7899],[-102.95329,25.78997],[-102.9531,25.78999],[-102.95309,25.79021],[-102.95319,25.79024],[-102.95321,25.79032],[-102.95346,25.79033],[-102.95359,25.79016],[-102.95368,25.79014],[-102.95369,25.79007],[-102.95378,25.79005],[-102.95379,25.78998],[-102.95388,25.78996],[-102.95389,25.78989],[-102.95398,25.78987],[-102.95399,25.7898],[-102.95418,25.78979],[-102.95419,25.78971],[-102.95429,25.78968],[-102.9543,25.78944],[-102.95448,25.78943],[-102.9545,25.78927],[-102.95467,25.78926],[-102.9548,25.78909],[-102.95489,25.78907],[-102.9549,25.789],[-102.95508,25.78899],[-102.95511,25.78882],[-102.95519,25.78881],[-102.95541,25.78856],[-102.9557,25.78854],[-102.95571,25.78829],[-102.9558,25.78828],[-102.95581,25.7882],[-102.95599,25.7882],[-102.95602,25.78811],[-102.95631,25.78812],[-102.95631,25.78839],[-102.95612,25.7884],[-102.95611,25.78857],[-102.95581,25.78859],[-102.95581,25.78891],[-102.95609,25.78891],[-102.95611,25.78866],[-102.9564,25.78864],[-102.95641,25.78839],[-102.95701,25.7884],[-102.957,25.78867],[-102.9569,25.78871],[-102.95692,25.78893],[-102.9577,25.78895],[-102.95772,25.78913],[-102.95789,25.78913],[-102.95793,25.78922],[-102.95829,25.78923],[-102.95828,25.78959],[-102.95769,25.78958],[-102.95766,25.78949],[-102.95742,25.78949],[-102.95739,25.78958],[-102.95729,25.7896],[-102.95728,25.78981],[-102.95748,25.78994],[-102.95748,25.79018],[-102.95757,25.79021],[-102.9576,25.7903],[-102.95784,25.7903],[-102.95787,25.79022],[-102.95827,25.79022],[-102.95827,25.79046],[-102.95837,25.79049]],[[-102.9501,25.7957],[-102.95058,25.7957],[-102.95061,25.79539],[-102.95056,25.79535],[-102.94991,25.79534],[-102.94992,25.79475],[-102.94982,25.79471],[-102.94983,25.79417],[-102.95003,25.79405],[-102.95002,25.79363],[-102.94888,25.79361],[-102.94884,25.79388],[-102.94827,25.79388],[-102.94824,25.79405],[-102.94815,25.79406],[-102.94813,25.79414],[-102.94797,25.79414],[-102.94793,25.79423],[-102.94784,25.79425],[-102.94782,25.79531],[-102.94772,25.79534],[-102.94773,25.79575],[-102.94817,25.79577],[-102.94821,25.79568],[-102.9488,25.79569],[-102.94885,25.79578],[-102.95005,25.79579],[-102.9501,25.7957]],[[-102.95212,25.79411],[-102.952,25.79393],[-102.95163,25.79392],[-102.95162,25.79376],[-102.95143,25.79365],[-102.95144,25.79324],[-102.95134,25.79319],[-102.95133,25.79284],[-102.95108,25.79283],[-102.95105,25.79292],[-102.95065,25.79291],[-102.95067,25.7916],[-102.95057,25.79156],[-102.95057,25.7914],[-102.95,25.79138],[-102.94987,25.79155],[-102.94978,25.79157],[-102.94977,25.79182],[-102.94967,25.79185],[-102.94966,25.7926],[-102.94976,25.79263],[-102.94979,25.79281],[-102.95035,25.79282],[-102.95035,25.79297],[-102.95045,25.793],[-102.95046,25.79317],[-102.95074,25.79319],[-102.95076,25.79326],[-102.95084,25.79328],[-102.95084,25.79355],[-102.95064,25.79367],[-102.95063,25.79427],[-102.95043,25.7943],[-102.95043,25.7946],[-102.95081,25.79461],[-102.95083,25.79409],[-102.95123,25.79409],[-102.95126,25.79418],[-102.95152,25.79419],[-102.95156,25.79428],[-102.95182,25.79428],[-102.95185,25.79446],[-102.95217,25.79447],[-102.95222,25.79415],[-102.95212,25.79411]],[[-102.95689,25.79083],[-102.95717,25.7908],[-102.95716,25.79058],[-102.95687,25.79056],[-102.95688,25.79002],[-102.95698,25.78999],[-102.95698,25.7896],[-102.95672,25.78957],[-102.95669,25.78966],[-102.95659,25.78969],[-102.95658,25.78993],[-102.95648,25.78996],[-102.95647,25.79053],[-102.95657,25.79056],[-102.95661,25.79065],[-102.95687,25.79065],[-102.95689,25.79083]]]}},{"type":"Feature","properties":{"id":522,"estado":"activa","confianza":"alta","area_m2":17003,"perimetro_m":554,"largo_m":190,"ancho_m":100,"lat":25.736125,"lon":-102.931193,"municipio":"San Pedro","cerca_de":"El Nilo","dist_ref_km":48.6,"d_ciudad_km":42.3,"altura_m":0.4,"precio_m2":125,"precio_m2_min":80,"precio_m2_max":190,"valor":2100000,"valor_min":1400000,"valor_max":3200000},"geometry":{"type":"Polygon","coordinates":[[[-102.9317,25.73542],[-102.93168,25.73686],[-102.93138,25.73686],[-102.93134,25.73677],[-102.93088,25.73676],[-102.93087,25.73668],[-102.93069,25.73658],[-102.9307,25.73567],[-102.9308,25.73564],[-102.93081,25.73513],[-102.93151,25.73514],[-102.93151,25.7353],[-102.9317,25.73542]]]}},{"type":"Feature","properties":{"id":523,"estado":"activa","confianza":"alta","area_m2":16520,"perimetro_m":615,"largo_m":190,"ancho_m":130,"lat":25.714195,"lon":-102.925295,"municipio":"San Pedro","cerca_de":"La Lucesita","dist_ref_km":48.5,"d_ciudad_km":42.1,"altura_m":0.4,"precio_m2":115,"precio_m2_min":75,"precio_m2_max":175,"valor":1900000,"valor_min":1200000,"valor_max":2900000},"geometry":{"type":"Polygon","coordinates":[[[-102.92601,25.71322],[-102.926,25.71358],[-102.9259,25.71362],[-102.92588,25.71475],[-102.9258,25.71477],[-102.92578,25.71484],[-102.92561,25.71485],[-102.92558,25.71493],[-102.92528,25.71493],[-102.92526,25.71466],[-102.92469,25.71465],[-102.92471,25.71374],[-102.92498,25.71374],[-102.92511,25.71357],[-102.92567,25.71357],[-102.92571,25.71322],[-102.92601,25.71322]]]}},{"type":"Feature","properties":{"id":524,"estado":"activa","confianza":"alta","area_m2":185714,"perimetro_m":2222,"largo_m":670,"ancho_m":370,"lat":25.710479,"lon":-102.924363,"municipio":"San Pedro","cerca_de":"La Lucesita","dist_ref_km":48.5,"d_ciudad_km":41.9,"altura_m":7.3,"precio_m2":85,"precio_m2_min":55,"precio_m2_max":130,"valor":16000000,"valor_min":10000000,"valor_max":24000000},"geometry":{"type":"Polygon","coordinates":[[[-102.92619,25.70871],[-102.92618,25.70898],[-102.92608,25.70902],[-102.92608,25.70934],[-102.92598,25.70938],[-102.92597,25.70967],[-102.92607,25.7097],[-102.92603,25.71232],[-102.92593,25.71235],[-102.92592,25.71268],[-102.92532,25.71267],[-102.92532,25.71242],[-102.92513,25.71231],[-102.92511,25.71223],[-102.92503,25.71221],[-102.92502,25.71214],[-102.92483,25.71212],[-102.92479,25.71203],[-102.92457,25.71203],[-102.92452,25.71293],[-102.92442,25.71296],[-102.92441,25.71338],[-102.92433,25.71339],[-102.92431,25.71347],[-102.92391,25.71346],[-102.92391,25.71331],[-102.92382,25.71328],[-102.92377,25.71319],[-102.92355,25.71319],[-102.92342,25.71336],[-102.92312,25.71336],[-102.92311,25.71311],[-102.92292,25.71309],[-102.92294,25.71222],[-102.92274,25.71218],[-102.92277,25.71069],[-102.92267,25.71065],[-102.92267,25.71031],[-102.92257,25.71028],[-102.9226,25.70888],[-102.9225,25.70884],[-102.92251,25.70821],[-102.9226,25.70819],[-102.92261,25.70812],[-102.92281,25.70808],[-102.92282,25.7074],[-102.92322,25.7074],[-102.92324,25.70748],[-102.92342,25.7075],[-102.92345,25.70759],[-102.92382,25.70759],[-102.92383,25.70767],[-102.92391,25.70768],[-102.92393,25.70785],[-102.92411,25.70787],[-102.92415,25.70805],[-102.92437,25.70805],[-102.92441,25.70796],[-102.92459,25.70795],[-102.92461,25.70788],[-102.92501,25.70788],[-102.92505,25.70797],[-102.9256,25.70798],[-102.92562,25.70806],[-102.9257,25.70807],[-102.9257,25.70834],[-102.9256,25.70838],[-102.9256,25.7086],[-102.92569,25.70861],[-102.92573,25.7087],[-102.92619,25.70871]]]}},{"type":"Feature","properties":{"id":525,"estado":"activa","confianza":"alta","area_m2":110820,"perimetro_m":1835,"largo_m":460,"ancho_m":420,"lat":25.774672,"lon":-102.944058,"municipio":"San Pedro","cerca_de":"Ejido Patrocinio","dist_ref_km":48.9,"d_ciudad_km":42.8,"altura_m":1.3,"precio_m2":145,"precio_m2_min":95,"precio_m2_max":220,"valor":16000000,"valor_min":10000000,"valor_max":24000000},"geometry":{"type":"Polygon","coordinates":[[[-102.94597,25.77515],[-102.94596,25.77561],[-102.94549,25.7756],[-102.94546,25.77569],[-102.94537,25.77571],[-102.94536,25.77587],[-102.94527,25.77588],[-102.94526,25.77596],[-102.94439,25.77595],[-102.94436,25.77622],[-102.94417,25.77632],[-102.94415,25.77648],[-102.94407,25.7765],[-102.94405,25.77657],[-102.94315,25.77656],[-102.94311,25.77647],[-102.94289,25.77647],[-102.94285,25.77656],[-102.94256,25.77655],[-102.94256,25.77628],[-102.94266,25.77624],[-102.94267,25.77565],[-102.94277,25.77561],[-102.94278,25.77529],[-102.94298,25.77517],[-102.94298,25.77487],[-102.94278,25.77484],[-102.94278,25.77469],[-102.94269,25.77466],[-102.94266,25.77457],[-102.94239,25.77456],[-102.94237,25.77448],[-102.94219,25.77447],[-102.94216,25.77429],[-102.9415,25.77428],[-102.94148,25.7742],[-102.9414,25.77419],[-102.94141,25.77347],[-102.9415,25.77345],[-102.94151,25.77338],[-102.94177,25.77338],[-102.94181,25.77329],[-102.942,25.77328],[-102.94202,25.77275],[-102.94262,25.77276],[-102.94266,25.77285],[-102.94322,25.77286],[-102.94323,25.77294],[-102.94341,25.77295],[-102.94344,25.77304],[-102.94381,25.77305],[-102.94383,25.77313],[-102.94401,25.77314],[-102.94404,25.77323],[-102.94451,25.77324],[-102.94463,25.77342],[-102.9449,25.77342],[-102.94502,25.7736],[-102.9452,25.77361],[-102.9452,25.77377],[-102.94539,25.77379],[-102.94541,25.77397],[-102.94579,25.77398],[-102.94579,25.77425],[-102.94539,25.77428],[-102.94537,25.7752],[-102.94562,25.77524],[-102.94567,25.77515],[-102.94597,25.77515]],[[-102.94494,25.77433],[-102.94499,25.77429],[-102.94499,25.774],[-102.94489,25.77397],[-102.94486,25.77388],[-102.94434,25.77387],[-102.94429,25.77396],[-102.9441,25.77398],[-102.9441,25.77421],[-102.94429,25.77423],[-102.94432,25.77432],[-102.94494,25.77433]]]}},{"type":"Feature","properties":{"id":526,"estado":"activa","confianza":"alta","area_m2":1798034,"perimetro_m":11385,"largo_m":2206,"ancho_m":1475,"lat":25.799809,"lon":-102.954129,"municipio":"San Pedro","cerca_de":"El Porvenir de Abajo","dist_ref_km":49.2,"d_ciudad_km":42.0,"altura_m":2.5,"precio_m2":95,"precio_m2_min":65,"precio_m2_max":145,"valor":170000000,"valor_min":110000000,"valor_max":260000000,"grupo":429,"grupo_bloques":4,"grupo_m2":2762504},"geometry":{"type":"Polygon","coordinates":[[[-102.96888,25.79985],[-102.96887,25.80048],[-102.96847,25.80052],[-102.96846,25.8008],[-102.96856,25.80084],[-102.96857,25.801],[-102.96866,25.80102],[-102.96865,25.80129],[-102.96825,25.80128],[-102.96825,25.80104],[-102.96806,25.80101],[-102.96803,25.80092],[-102.96761,25.80091],[-102.96746,25.80109],[-102.9673,25.80109],[-102.96726,25.80118],[-102.96707,25.80119],[-102.96705,25.80145],[-102.96676,25.80144],[-102.96672,25.80126],[-102.9663,25.80126],[-102.96626,25.80144],[-102.96617,25.80145],[-102.96616,25.80153],[-102.96586,25.80152],[-102.96586,25.8012],[-102.96581,25.80116],[-102.96547,25.80117],[-102.96546,25.80152],[-102.96516,25.80151],[-102.96513,25.80133],[-102.96478,25.80134],[-102.96476,25.80169],[-102.96457,25.8017],[-102.96455,25.80192],[-102.96475,25.80196],[-102.96476,25.80258],[-102.96524,25.8026],[-102.96523,25.80314],[-102.96506,25.80314],[-102.96503,25.80322],[-102.96463,25.80322],[-102.96462,25.80296],[-102.96424,25.80294],[-102.96425,25.80199],[-102.96405,25.80195],[-102.96406,25.80097],[-102.96248,25.80093],[-102.96248,25.80052],[-102.96238,25.80048],[-102.96239,25.80021],[-102.96248,25.80019],[-102.96249,25.80003],[-102.96266,25.80003],[-102.96269,25.79994],[-102.96298,25.79993],[-102.96298,25.7996],[-102.9624,25.79958],[-102.96237,25.79949],[-102.96215,25.79948],[-102.962,25.79966],[-102.9609,25.79965],[-102.96078,25.79947],[-102.96061,25.79946],[-102.96061,25.79931],[-102.96051,25.79928],[-102.9605,25.79912],[-102.96032,25.79901],[-102.9603,25.79893],[-102.96022,25.79891],[-102.9602,25.79883],[-102.96012,25.79882],[-102.9601,25.79874],[-102.96002,25.79873],[-102.96,25.79865],[-102.95982,25.79864],[-102.95981,25.79856],[-102.95973,25.79855],[-102.9596,25.79837],[-102.95935,25.79837],[-102.95933,25.79861],[-102.95952,25.79872],[-102.95953,25.79888],[-102.95972,25.799],[-102.95972,25.79915],[-102.95991,25.79927],[-102.95992,25.79944],[-102.96011,25.79954],[-102.96011,25.79971],[-102.9603,25.79973],[-102.96032,25.79981],[-102.9606,25.8],[-102.9606,25.80025],[-102.96079,25.80028],[-102.9608,25.80044],[-102.96089,25.80046],[-102.961,25.80063],[-102.96109,25.80064],[-102.96108,25.80109],[-102.96078,25.80109],[-102.96077,25.80101],[-102.96068,25.801],[-102.96067,25.80084],[-102.96058,25.80082],[-102.96054,25.80072],[-102.9601,25.80073],[-102.96008,25.80104],[-102.96028,25.80108],[-102.96027,25.8015],[-102.96037,25.80153],[-102.96038,25.8017],[-102.96067,25.80172],[-102.96068,25.80189],[-102.96086,25.8019],[-102.96088,25.80198],[-102.96106,25.80209],[-102.96105,25.80245],[-102.96096,25.80247],[-102.96091,25.8027],[-102.96145,25.80272],[-102.96146,25.8028],[-102.96155,25.80281],[-102.96154,25.80318],[-102.96114,25.80317],[-102.9611,25.80299],[-102.96085,25.80302],[-102.96085,25.80333],[-102.96124,25.80335],[-102.96125,25.80343],[-102.96134,25.80344],[-102.96133,25.80371],[-102.96117,25.80371],[-102.96113,25.8038],[-102.96095,25.80381],[-102.96093,25.80407],[-102.96065,25.80408],[-102.96062,25.80425],[-102.96054,25.80426],[-102.96042,25.80442],[-102.96023,25.80444],[-102.96022,25.8046],[-102.95993,25.80461],[-102.95992,25.80487],[-102.95964,25.80487],[-102.95951,25.80504],[-102.95844,25.80504],[-102.95842,25.80527],[-102.95861,25.80539],[-102.95861,25.80566],[-102.95841,25.80577],[-102.9584,25.80593],[-102.95823,25.80593],[-102.9581,25.80611],[-102.95794,25.80611],[-102.9579,25.80619],[-102.95772,25.8062],[-102.9577,25.80628],[-102.9576,25.80631],[-102.9576,25.80646],[-102.95742,25.80646],[-102.95739,25.80655],[-102.9571,25.80654],[-102.95705,25.80636],[-102.95683,25.80636],[-102.9568,25.80645],[-102.95662,25.80646],[-102.9566,25.80654],[-102.9565,25.80656],[-102.95649,25.80672],[-102.9564,25.80674],[-102.95639,25.80698],[-102.95629,25.80702],[-102.95629,25.80725],[-102.9562,25.80726],[-102.95618,25.80734],[-102.95599,25.80745],[-102.95598,25.80761],[-102.95589,25.80762],[-102.95588,25.8077],[-102.95561,25.8077],[-102.95558,25.80779],[-102.95408,25.80776],[-102.95409,25.80749],[-102.95466,25.80749],[-102.95469,25.80696],[-102.95496,25.80696],[-102.955,25.80687],[-102.95509,25.80685],[-102.95511,25.8062],[-102.95496,25.80606],[-102.95475,25.80606],[-102.95471,25.80615],[-102.95462,25.80616],[-102.95461,25.80633],[-102.9544,25.80646],[-102.9544,25.80666],[-102.9545,25.80669],[-102.95449,25.80714],[-102.95431,25.80715],[-102.95429,25.80732],[-102.95399,25.80731],[-102.95399,25.80697],[-102.9536,25.80695],[-102.95359,25.80679],[-102.9535,25.80676],[-102.95351,25.80649],[-102.95387,25.8065],[-102.95391,25.80641],[-102.95401,25.80637],[-102.95401,25.80617],[-102.95391,25.80614],[-102.95389,25.80606],[-102.95361,25.80604],[-102.95362,25.8055],[-102.95382,25.80548],[-102.9538,25.80524],[-102.95355,25.80524],[-102.95352,25.80541],[-102.95323,25.80541],[-102.95321,25.80523],[-102.95295,25.80523],[-102.95292,25.80567],[-102.95282,25.80571],[-102.95282,25.80603],[-102.95273,25.80604],[-102.95271,25.80612],[-102.95242,25.80612],[-102.95239,25.80603],[-102.95222,25.80602],[-102.95222,25.80551],[-102.95203,25.80539],[-102.952,25.8053],[-102.95183,25.8053],[-102.95183,25.80496],[-102.95164,25.80493],[-102.9516,25.80484],[-102.95054,25.80483],[-102.95049,25.80474],[-102.94999,25.80473],[-102.94994,25.80482],[-102.94945,25.80481],[-102.9494,25.80472],[-102.94889,25.80471],[-102.94885,25.8048],[-102.94825,25.80479],[-102.94823,25.80471],[-102.94805,25.8047],[-102.94806,25.80438],[-102.94796,25.80434],[-102.94798,25.80321],[-102.94788,25.80316],[-102.94795,25.79933],[-102.94785,25.79928],[-102.94785,25.79892],[-102.94795,25.7989],[-102.94796,25.79874],[-102.94814,25.79873],[-102.94816,25.79856],[-102.94834,25.79856],[-102.94836,25.79839],[-102.94853,25.79839],[-102.94856,25.7983],[-102.94865,25.79828],[-102.94867,25.79803],[-102.94903,25.79803],[-102.94917,25.79786],[-102.94935,25.79785],[-102.94947,25.79768],[-102.94975,25.79768],[-102.94977,25.7975],[-102.94995,25.7975],[-102.94997,25.79742],[-102.95005,25.79741],[-102.95007,25.79733],[-102.95016,25.79732],[-102.95018,25.79724],[-102.95026,25.79723],[-102.95028,25.79715],[-102.95047,25.79705],[-102.95048,25.79697],[-102.95076,25.79697],[-102.95078,25.7968],[-102.95097,25.79677],[-102.95098,25.79662],[-102.95116,25.79661],[-102.95129,25.79644],[-102.95137,25.79643],[-102.95139,25.79635],[-102.95148,25.79634],[-102.95149,25.79626],[-102.95166,25.79626],[-102.95179,25.79609],[-102.95197,25.79608],[-102.95199,25.79591],[-102.95219,25.79589],[-102.9522,25.79555],[-102.95238,25.79554],[-102.9524,25.79537],[-102.95258,25.79537],[-102.9527,25.7952],[-102.95298,25.79519],[-102.95301,25.79502],[-102.9532,25.795],[-102.95321,25.79484],[-102.95338,25.79484],[-102.95351,25.79467],[-102.95369,25.79466],[-102.95371,25.79458],[-102.95379,25.79457],[-102.95381,25.79449],[-102.954,25.79439],[-102.95401,25.79431],[-102.9542,25.7943],[-102.95422,25.79414],[-102.95439,25.79413],[-102.95452,25.79396],[-102.95461,25.79394],[-102.95462,25.79387],[-102.95479,25.79387],[-102.95482,25.79378],[-102.9554,25.79378],[-102.95543,25.79334],[-102.95551,25.79333],[-102.95573,25.79307],[-102.95591,25.79307],[-102.95603,25.7929],[-102.95621,25.79289],[-102.95624,25.79272],[-102.95632,25.79271],[-102.95644,25.79254],[-102.95662,25.79254],[-102.95664,25.79246],[-102.95683,25.79235],[-102.95684,25.79228],[-102.95722,25.79227],[-102.95724,25.79219],[-102.95734,25.79217],[-102.95735,25.79192],[-102.95743,25.79191],[-102.95745,25.79184],[-102.95775,25.79184],[-102.95775,25.79218],[-102.95794,25.79229],[-102.95795,25.79237],[-102.95804,25.79238],[-102.95805,25.79256],[-102.95823,25.79257],[-102.95825,25.79265],[-102.95843,25.79275],[-102.9584,25.7942],[-102.95832,25.79421],[-102.9583,25.79428],[-102.95813,25.79429],[-102.9581,25.79437],[-102.95802,25.79438],[-102.958,25.79464],[-102.9578,25.79477],[-102.95779,25.79542],[-102.95788,25.79545],[-102.95791,25.79554],[-102.95808,25.79554],[-102.95809,25.79562],[-102.95818,25.79564],[-102.95817,25.79596],[-102.95827,25.796],[-102.95827,25.79645],[-102.95818,25.79646],[-102.95816,25.79654],[-102.95797,25.79657],[-102.95796,25.79713],[-102.95815,25.79726],[-102.95815,25.79741],[-102.95825,25.79744],[-102.95826,25.79761],[-102.95844,25.79763],[-102.95845,25.7977],[-102.95854,25.79772],[-102.95866,25.79789],[-102.95874,25.7979],[-102.95875,25.79797],[-102.95884,25.79799],[-102.95885,25.79807],[-102.95894,25.79808],[-102.95905,25.79826],[-102.95933,25.79824],[-102.95933,25.79803],[-102.95924,25.798],[-102.95924,25.79764],[-102.96089,25.79766],[-102.96094,25.79757],[-102.96112,25.79756],[-102.96114,25.79748],[-102.96212,25.79749],[-102.96214,25.79741],[-102.96224,25.79737],[-102.96227,25.79578],[-102.96235,25.79577],[-102.96237,25.7957],[-102.96273,25.7957],[-102.96277,25.79561],[-102.96327,25.79562],[-102.9633,25.79571],[-102.96372,25.79571],[-102.96386,25.79554],[-102.96456,25.79555],[-102.96468,25.79572],[-102.96486,25.79573],[-102.96486,25.79606],[-102.96505,25.79618],[-102.96507,25.79626],[-102.96515,25.79628],[-102.96516,25.79645],[-102.96614,25.79647],[-102.96616,25.79655],[-102.96624,25.79656],[-102.96628,25.79674],[-102.9667,25.79675],[-102.96674,25.79666],[-102.9673,25.79666],[-102.96734,25.79649],[-102.96761,25.79649],[-102.96774,25.79631],[-102.96804,25.79632],[-102.96805,25.79639],[-102.96814,25.79641],[-102.96814,25.79675],[-102.96823,25.79677],[-102.96826,25.79686],[-102.96843,25.79686],[-102.96844,25.79694],[-102.96863,25.79705],[-102.96862,25.79759],[-102.96842,25.7977],[-102.96841,25.79804],[-102.96811,25.79806],[-102.9681,25.79854],[-102.9682,25.79858],[-102.96823,25.79866],[-102.9686,25.79867],[-102.9686,25.79883],[-102.96869,25.79885],[-102.96868,25.79948],[-102.96859,25.79951],[-102.96858,25.79972],[-102.96868,25.79976],[-102.96871,25.79984],[-102.96888,25.79985]],[[-102.95852,25.79907],[-102.95852,25.79891],[-102.95832,25.7988],[-102.9583,25.79871],[-102.95794,25.79872],[-102.95792,25.7992],[-102.95802,25.79924],[-102.95803,25.7996],[-102.95821,25.79961],[-102.95825,25.7997],[-102.9585,25.79969],[-102.95851,25.79943],[-102.95861,25.79939],[-102.95862,25.7991],[-102.95852,25.79907]],[[-102.96333,25.79986],[-102.96469,25.79984],[-102.96469,25.79965],[-102.96459,25.79961],[-102.96455,25.79952],[-102.96423,25.79951],[-102.96419,25.7996],[-102.9633,25.79963],[-102.96333,25.79986]],[[-102.96668,25.79982],[-102.96764,25.79983],[-102.96768,25.79959],[-102.96524,25.79953],[-102.96519,25.79956],[-102.96523,25.7998],[-102.96628,25.79981],[-102.96633,25.7999],[-102.96665,25.79991],[-102.96668,25.79982]]]}},{"type":"Feature","properties":{"id":527,"estado":"activa","confianza":"alta","area_m2":16387,"perimetro_m":703,"largo_m":226,"ancho_m":137,"lat":25.697651,"lon":-102.920302,"municipio":"San Pedro","cerca_de":"La Lucesita","dist_ref_km":48.6,"d_ciudad_km":41.9,"altura_m":0.4,"precio_m2":115,"precio_m2_min":75,"precio_m2_max":170,"valor":1900000,"valor_min":1200000,"valor_max":2800000},"geometry":{"type":"Polygon","coordinates":[[[-102.9214,25.69745],[-102.9214,25.69781],[-102.92024,25.69779],[-102.9202,25.69788],[-102.92002,25.69789],[-102.91999,25.69824],[-102.91991,25.69825],[-102.91979,25.69842],[-102.91949,25.69841],[-102.91949,25.69807],[-102.9193,25.69805],[-102.91929,25.69797],[-102.9192,25.69796],[-102.91921,25.69751],[-102.91969,25.6975],[-102.91971,25.69742],[-102.91981,25.69739],[-102.91981,25.69707],[-102.92041,25.69707],[-102.92044,25.69725],[-102.92071,25.69726],[-102.92075,25.69735],[-102.9213,25.69736],[-102.92132,25.69743],[-102.9214,25.69745]]]}},{"type":"Feature","properties":{"id":528,"estado":"activa","confianza":"alta","area_m2":23574,"perimetro_m":665,"largo_m":221,"ancho_m":136,"lat":25.739464,"lon":-102.930632,"municipio":"San Pedro","cerca_de":"El Nilo","dist_ref_km":48.8,"d_ciudad_km":42.5,"altura_m":2.8,"precio_m2":125,"precio_m2_min":80,"precio_m2_max":185,"valor":2900000,"valor_min":1900000,"valor_max":4400000},"geometry":{"type":"Polygon","coordinates":[[[-102.93143,25.73984],[-102.93142,25.74029],[-102.93133,25.7403],[-102.93132,25.74038],[-102.93052,25.74036],[-102.93051,25.74029],[-102.93023,25.74009],[-102.93023,25.73986],[-102.93013,25.73982],[-102.93013,25.73957],[-102.92994,25.73945],[-102.92994,25.73913],[-102.92985,25.73909],[-102.92985,25.73873],[-102.93003,25.73873],[-102.93005,25.73864],[-102.93023,25.73864],[-102.93025,25.73856],[-102.93095,25.73857],[-102.93096,25.73864],[-102.93105,25.73866],[-102.93105,25.7389],[-102.93114,25.73893],[-102.93115,25.73909],[-102.93124,25.73911],[-102.93124,25.73944],[-102.93133,25.73947],[-102.93133,25.73981],[-102.93143,25.73984]]]}},{"type":"Feature","properties":{"id":529,"estado":"activa","confianza":"alta","mixta":true,"area_m2":172059,"perimetro_m":3608,"largo_m":854,"ancho_m":476,"lat":25.27037,"lon":-103.745793,"municipio":"Lerdo","cerca_de":"Nuevo Graseros","dist_ref_km":51.1,"d_ciudad_km":34.1,"altura_m":2.8,"precio_m2":85,"precio_m2_min":55,"precio_m2_max":125,"valor":15000000,"valor_min":9400000,"valor_max":22000000},"geometry":{"type":"Polygon","coordinates":[[[-103.74975,25.27134],[-103.74975,25.2717],[-103.74925,25.2717],[-103.74921,25.27134],[-103.74897,25.27135],[-103.74896,25.27161],[-103.74846,25.2716],[-103.74842,25.27151],[-103.74818,25.27152],[-103.74816,25.2716],[-103.74806,25.27163],[-103.74806,25.27183],[-103.74826,25.27187],[-103.74828,25.27204],[-103.74845,25.27205],[-103.74845,25.27259],[-103.74827,25.2726],[-103.74815,25.27277],[-103.74787,25.27278],[-103.74785,25.27295],[-103.74757,25.27296],[-103.74755,25.27322],[-103.74746,25.27323],[-103.74725,25.27349],[-103.74695,25.27348],[-103.74694,25.27341],[-103.74685,25.27339],[-103.74685,25.27323],[-103.74666,25.27312],[-103.74666,25.27285],[-103.74712,25.27285],[-103.74726,25.27267],[-103.74734,25.27266],[-103.74736,25.27259],[-103.74763,25.27258],[-103.74766,25.27241],[-103.74785,25.27229],[-103.74786,25.27209],[-103.74766,25.27196],[-103.74764,25.27188],[-103.74756,25.27186],[-103.74755,25.27178],[-103.74746,25.27177],[-103.74745,25.27169],[-103.74737,25.27168],[-103.74737,25.27099],[-103.74717,25.27096],[-103.74714,25.27087],[-103.74641,25.27087],[-103.74638,25.27095],[-103.74619,25.27097],[-103.74618,25.27113],[-103.7461,25.27114],[-103.74608,25.27122],[-103.74538,25.27121],[-103.74534,25.27108],[-103.74511,25.27113],[-103.74509,25.27121],[-103.74479,25.27121],[-103.74475,25.27112],[-103.74422,25.27112],[-103.74419,25.2712],[-103.74409,25.27124],[-103.74409,25.27163],[-103.74449,25.27166],[-103.74448,25.27193],[-103.74438,25.27197],[-103.74438,25.27238],[-103.74398,25.27238],[-103.74396,25.27229],[-103.74378,25.27228],[-103.74375,25.27219],[-103.74349,25.27219],[-103.74345,25.2721],[-103.74299,25.2721],[-103.743,25.27156],[-103.74317,25.27155],[-103.7433,25.27138],[-103.74339,25.27136],[-103.7434,25.27129],[-103.74349,25.27127],[-103.7435,25.2712],[-103.74368,25.27119],[-103.7437,25.27111],[-103.7438,25.27108],[-103.7438,25.27088],[-103.74367,25.27075],[-103.7433,25.27075],[-103.74331,25.27033],[-103.74321,25.27029],[-103.74321,25.27005],[-103.74311,25.27002],[-103.74312,25.26961],[-103.74302,25.26957],[-103.74302,25.26921],[-103.74311,25.26919],[-103.74312,25.26903],[-103.74321,25.26902],[-103.74322,25.26894],[-103.74351,25.26892],[-103.74352,25.26871],[-103.74333,25.26858],[-103.74331,25.2685],[-103.74323,25.26849],[-103.74323,25.26822],[-103.74333,25.26818],[-103.74333,25.2677],[-103.74274,25.26767],[-103.74274,25.2674],[-103.74284,25.26738],[-103.74284,25.26722],[-103.74324,25.26722],[-103.74335,25.26739],[-103.74354,25.26741],[-103.74366,25.26758],[-103.74383,25.26759],[-103.74387,25.26768],[-103.74413,25.26768],[-103.74416,25.26777],[-103.74433,25.26777],[-103.74435,25.26785],[-103.74453,25.26787],[-103.74456,25.26795],[-103.74472,25.26796],[-103.74473,25.26803],[-103.74482,25.26805],[-103.74483,25.26812],[-103.74492,25.26814],[-103.74493,25.26821],[-103.74502,25.26823],[-103.74514,25.26841],[-103.74531,25.26841],[-103.74543,25.26859],[-103.74561,25.2686],[-103.74563,25.26868],[-103.74581,25.26869],[-103.74583,25.26877],[-103.74601,25.26878],[-103.74602,25.26886],[-103.7461,25.26887],[-103.74611,25.26912],[-103.7462,25.26914],[-103.74622,25.26931],[-103.7464,25.26933],[-103.74641,25.2694],[-103.7465,25.26942],[-103.74651,25.26968],[-103.74699,25.26969],[-103.74701,25.26987],[-103.74738,25.26988],[-103.74741,25.26996],[-103.74758,25.26997],[-103.74771,25.27015],[-103.74798,25.27015],[-103.748,25.27024],[-103.74818,25.27024],[-103.74819,25.27032],[-103.74827,25.27034],[-103.74828,25.27041],[-103.74837,25.27043],[-103.7485,25.2706],[-103.74887,25.27061],[-103.74889,25.2707],[-103.74906,25.2707],[-103.74919,25.27088],[-103.74936,25.27089],[-103.74939,25.27098],[-103.74956,25.27098],[-103.74956,25.27114],[-103.74966,25.27116],[-103.74966,25.27132],[-103.74975,25.27134]],[[-103.74549,25.27058],[-103.74536,25.2704],[-103.7451,25.27043],[-103.7451,25.27073],[-103.74529,25.27085],[-103.74532,25.27098],[-103.74568,25.27092],[-103.74568,25.27061],[-103.74549,25.27058]]]}},{"type":"Feature","properties":{"id":530,"estado":"activa","confianza":"media","area_m2":5312,"perimetro_m":297,"largo_m":90,"ancho_m":60,"lat":25.772299,"lon":-102.938691,"municipio":"San Pedro","cerca_de":"Ejido Patrocinio","dist_ref_km":49.3,"d_ciudad_km":43.3,"altura_m":0.3,"precio_m2":165,"precio_m2_min":110,"precio_m2_max":250,"valor":880000,"valor_min":570000,"valor_max":1300000},"geometry":{"type":"Polygon","coordinates":[[[-102.93914,25.77208],[-102.93913,25.77262],[-102.93834,25.77261],[-102.93832,25.77253],[-102.93824,25.77252],[-102.93825,25.77207],[-102.93914,25.77208]]]}},{"type":"Feature","properties":{"id":531,"estado":"activa","confianza":"alta","area_m2":23693,"perimetro_m":905,"largo_m":220,"ancho_m":150,"lat":25.727395,"lon":-102.921827,"municipio":"San Pedro","cerca_de":"La Lucesita","dist_ref_km":49.2,"d_ciudad_km":42.9,"altura_m":0.4,"precio_m2":115,"precio_m2_min":75,"precio_m2_max":170,"valor":2700000,"valor_min":1700000,"valor_max":4000000},"geometry":{"type":"Polygon","coordinates":[[[-102.92257,25.72752],[-102.92257,25.72779],[-102.92247,25.72783],[-102.92246,25.72824],[-102.92238,25.72826],[-102.92236,25.72833],[-102.92166,25.72832],[-102.92163,25.72815],[-102.92117,25.72814],[-102.92117,25.72781],[-102.92107,25.72777],[-102.92108,25.7275],[-102.92118,25.72746],[-102.92118,25.72726],[-102.92108,25.72723],[-102.9211,25.72633],[-102.9214,25.72633],[-102.92142,25.72651],[-102.92169,25.72652],[-102.92168,25.72729],[-102.92172,25.72733],[-102.92197,25.72731],[-102.92199,25.72688],[-102.92218,25.72686],[-102.92219,25.72653],[-102.92249,25.72653],[-102.92247,25.72748],[-102.92257,25.72752]]]}},{"type":"Feature","properties":{"id":532,"estado":"activa","confianza":"alta","area_m2":16331,"perimetro_m":571,"largo_m":170,"ancho_m":140,"lat":25.800617,"lon":-102.946897,"municipio":"San Pedro","cerca_de":"El Porvenir de Abajo","dist_ref_km":49.8,"d_ciudad_km":44.0,"altura_m":0.5,"precio_m2":130,"precio_m2_min":85,"precio_m2_max":195,"valor":2100000,"valor_min":1400000,"valor_max":3200000},"geometry":{"type":"Polygon","coordinates":[[[-102.94763,25.80027],[-102.94762,25.80108],[-102.94753,25.8011],[-102.94741,25.80126],[-102.94701,25.80126],[-102.947,25.80118],[-102.94692,25.80116],[-102.9468,25.80099],[-102.94662,25.80098],[-102.94659,25.80089],[-102.94642,25.80089],[-102.94641,25.80081],[-102.94632,25.8008],[-102.94631,25.80072],[-102.94623,25.8007],[-102.94611,25.80053],[-102.94593,25.80052],[-102.94594,25.80007],[-102.94602,25.80006],[-102.94604,25.79998],[-102.94684,25.79999],[-102.94685,25.80007],[-102.94694,25.80008],[-102.94696,25.80026],[-102.94763,25.80027]]]}},{"type":"Feature","properties":{"id":533,"estado":"activa","confianza":"alta","area_m2":259854,"perimetro_m":2799,"largo_m":706,"ancho_m":545,"lat":25.704649,"lon":-102.914148,"municipio":"San Pedro","cerca_de":"La Lucesita","dist_ref_km":49.4,"d_ciudad_km":42.6,"altura_m":3.0,"precio_m2":80,"precio_m2_min":55,"precio_m2_max":120,"valor":21000000,"valor_min":14000000,"valor_max":32000000},"geometry":{"type":"Polygon","coordinates":[[[-102.91749,25.70461],[-102.91747,25.70588],[-102.91737,25.70591],[-102.91736,25.70633],[-102.91728,25.70634],[-102.91706,25.70659],[-102.91549,25.70658],[-102.91546,25.70666],[-102.91527,25.70669],[-102.91526,25.70702],[-102.91488,25.70702],[-102.91486,25.70719],[-102.91477,25.70721],[-102.91465,25.70737],[-102.91425,25.70737],[-102.91426,25.70692],[-102.91436,25.70688],[-102.91435,25.70666],[-102.91427,25.70664],[-102.91423,25.70655],[-102.91367,25.70655],[-102.91365,25.70646],[-102.91347,25.70645],[-102.91344,25.70618],[-102.91278,25.7062],[-102.9128,25.70644],[-102.91317,25.70645],[-102.91317,25.70672],[-102.91227,25.70671],[-102.91223,25.70662],[-102.91201,25.70662],[-102.91197,25.7067],[-102.91148,25.70669],[-102.91143,25.7066],[-102.91121,25.7066],[-102.91118,25.70669],[-102.91058,25.70668],[-102.91059,25.70623],[-102.91069,25.70619],[-102.91071,25.7047],[-102.9108,25.70468],[-102.91082,25.70452],[-102.91092,25.70448],[-102.91093,25.70353],[-102.91103,25.70349],[-102.91105,25.70254],[-102.91115,25.7025],[-102.91116,25.70209],[-102.91124,25.70207],[-102.91126,25.702],[-102.91144,25.70199],[-102.91146,25.70191],[-102.91196,25.70192],[-102.91199,25.70201],[-102.91226,25.70201],[-102.91237,25.70219],[-102.91255,25.7022],[-102.91256,25.70227],[-102.91265,25.70229],[-102.91266,25.70236],[-102.91275,25.70238],[-102.91287,25.70256],[-102.91334,25.70257],[-102.91338,25.70266],[-102.91364,25.70266],[-102.91365,25.70274],[-102.91374,25.70276],[-102.91386,25.70293],[-102.91413,25.70294],[-102.91415,25.70302],[-102.91433,25.70313],[-102.91432,25.7034],[-102.91422,25.70344],[-102.91424,25.70384],[-102.91451,25.70383],[-102.91452,25.7034],[-102.91461,25.70339],[-102.91462,25.70331],[-102.91492,25.70331],[-102.91493,25.70348],[-102.91522,25.7035],[-102.91523,25.70358],[-102.91532,25.70359],[-102.91534,25.70376],[-102.91551,25.70377],[-102.91555,25.70386],[-102.91581,25.70387],[-102.91582,25.70395],[-102.91591,25.70396],[-102.91593,25.70423],[-102.91617,25.70423],[-102.9162,25.70414],[-102.9166,25.70415],[-102.91663,25.70424],[-102.9169,25.70424],[-102.91692,25.70433],[-102.9171,25.70434],[-102.91713,25.70443],[-102.91729,25.70443],[-102.91731,25.70451],[-102.91749,25.70461]]]}},{"type":"Feature","properties":{"id":534,"estado":"activa","confianza":"alta","area_m2":17484,"perimetro_m":640,"largo_m":228,"ancho_m":101,"lat":25.797511,"lon":-102.944013,"municipio":"San Pedro","cerca_de":"El Porvenir de Abajo","dist_ref_km":50.0,"d_ciudad_km":44.1,"altura_m":1.3,"precio_m2":130,"precio_m2_min":85,"precio_m2_max":195,"valor":2300000,"valor_min":1500000,"valor_max":3400000,"grupo":452,"grupo_bloques":2,"grupo_m2":141023},"geometry":{"type":"Polygon","coordinates":[[[-102.94498,25.7978],[-102.94497,25.79816],[-102.94489,25.79817],[-102.94477,25.79834],[-102.94417,25.79833],[-102.94417,25.79817],[-102.94398,25.79805],[-102.94398,25.7979],[-102.94378,25.79778],[-102.94378,25.79762],[-102.94349,25.7976],[-102.94347,25.79752],[-102.94339,25.7975],[-102.94338,25.79725],[-102.9432,25.79723],[-102.9432,25.79687],[-102.94329,25.79686],[-102.9434,25.79669],[-102.9439,25.7967],[-102.94392,25.79678],[-102.944,25.79679],[-102.94401,25.79686],[-102.9441,25.79688],[-102.94411,25.79696],[-102.9442,25.79697],[-102.94431,25.79715],[-102.94439,25.79716],[-102.94439,25.79731],[-102.94459,25.79743],[-102.9446,25.7976],[-102.94478,25.79761],[-102.94481,25.79779],[-102.94498,25.7978]]]}},{"type":"Feature","properties":{"id":535,"estado":"activa","confianza":"alta","area_m2":123539,"perimetro_m":2276,"largo_m":704,"ancho_m":287,"lat":25.798844,"lon":-102.942369,"municipio":"San Pedro","cerca_de":"El Porvenir de Abajo","dist_ref_km":50.2,"d_ciudad_km":44.1,"altura_m":0.8,"precio_m2":105,"precio_m2_min":65,"precio_m2_max":155,"valor":13000000,"valor_min":8300000,"valor_max":19000000,"grupo":452,"grupo_bloques":2,"grupo_m2":141023},"geometry":{"type":"Polygon","coordinates":[[[-102.94377,25.79877],[-102.94376,25.79904],[-102.94349,25.79905],[-102.94336,25.79922],[-102.94327,25.79923],[-102.94326,25.79931],[-102.94317,25.79932],[-102.94316,25.7994],[-102.94307,25.79941],[-102.94306,25.79949],[-102.94297,25.7995],[-102.94296,25.79957],[-102.94277,25.79958],[-102.94275,25.79975],[-102.94255,25.79979],[-102.94256,25.80009],[-102.94275,25.8002],[-102.94276,25.80028],[-102.94284,25.80029],[-102.94286,25.80037],[-102.94294,25.80039],[-102.94296,25.80047],[-102.94304,25.80048],[-102.94306,25.80056],[-102.94314,25.80057],[-102.94315,25.80065],[-102.94324,25.80066],[-102.94325,25.80074],[-102.94333,25.80075],[-102.94335,25.80083],[-102.94343,25.80084],[-102.94345,25.80092],[-102.94353,25.80094],[-102.94353,25.80121],[-102.94334,25.80121],[-102.94332,25.80138],[-102.94315,25.80139],[-102.94302,25.80156],[-102.94274,25.80157],[-102.94272,25.80183],[-102.94263,25.80184],[-102.94251,25.802],[-102.94222,25.802],[-102.94222,25.80177],[-102.94212,25.80173],[-102.94211,25.80156],[-102.94192,25.80155],[-102.94191,25.80138],[-102.94173,25.80136],[-102.94171,25.80128],[-102.94163,25.80127],[-102.94163,25.801],[-102.94193,25.80098],[-102.94194,25.80058],[-102.94164,25.80055],[-102.94162,25.80046],[-102.94144,25.80046],[-102.94143,25.80038],[-102.94135,25.80036],[-102.94134,25.8002],[-102.94115,25.80009],[-102.94116,25.79964],[-102.94144,25.79963],[-102.94146,25.79941],[-102.94136,25.79937],[-102.94135,25.7992],[-102.94117,25.79919],[-102.94116,25.79903],[-102.94097,25.79891],[-102.94097,25.79876],[-102.94088,25.79873],[-102.94088,25.7984],[-102.94078,25.79837],[-102.94079,25.79792],[-102.94087,25.79791],[-102.94089,25.79783],[-102.94109,25.7977],[-102.94109,25.79749],[-102.9409,25.79747],[-102.9409,25.7972],[-102.941,25.79716],[-102.94101,25.79684],[-102.94111,25.7968],[-102.94112,25.79625],[-102.94102,25.79621],[-102.94103,25.79585],[-102.9412,25.79584],[-102.94123,25.79576],[-102.94222,25.79577],[-102.94225,25.79586],[-102.94247,25.79587],[-102.94252,25.79578],[-102.94302,25.79578],[-102.94313,25.79595],[-102.94322,25.79597],[-102.94321,25.79633],[-102.94312,25.79634],[-102.94311,25.79651],[-102.94301,25.79654],[-102.943,25.79705],[-102.94283,25.79705],[-102.9428,25.79722],[-102.94261,25.79724],[-102.94259,25.79755],[-102.94279,25.79759],[-102.94281,25.79776],[-102.94299,25.79777],[-102.94301,25.79794],[-102.94318,25.79795],[-102.94318,25.79828],[-102.94328,25.79831],[-102.94328,25.79857],[-102.94357,25.79859],[-102.94358,25.79867],[-102.94377,25.79877]]]}},{"type":"Feature","properties":{"id":536,"estado":"activa","confianza":"alta","area_m2":9494,"perimetro_m":441,"largo_m":120,"ancho_m":120,"lat":25.802297,"lon":-102.943807,"municipio":"San Pedro","cerca_de":"El Porvenir de Abajo","dist_ref_km":50.2,"d_ciudad_km":44.4,"altura_m":0.4,"precio_m2":130,"precio_m2_min":85,"precio_m2_max":200,"valor":1300000,"valor_min":820000,"valor_max":1900000},"geometry":{"type":"Polygon","coordinates":[[[-102.9445,25.80248],[-102.94449,25.80285],[-102.9438,25.80284],[-102.94378,25.80276],[-102.9437,25.80274],[-102.94369,25.80258],[-102.9435,25.80247],[-102.9435,25.80231],[-102.94331,25.80229],[-102.94331,25.80202],[-102.9434,25.802],[-102.94362,25.80175],[-102.94401,25.80176],[-102.94404,25.80184],[-102.94421,25.80185],[-102.94421,25.80237],[-102.9443,25.80239],[-102.94433,25.80248],[-102.9445,25.80248]]]}},{"type":"Feature","properties":{"id":537,"estado":"activa","confianza":"alta","area_m2":147825,"perimetro_m":2024,"largo_m":601,"ancho_m":445,"lat":25.793531,"lon":-102.935577,"municipio":"San Pedro","cerca_de":"El Porvenir de Abajo","dist_ref_km":50.5,"d_ciudad_km":44.3,"altura_m":1.2,"precio_m2":105,"precio_m2_min":65,"precio_m2_max":155,"valor":15000000,"valor_min":9900000,"valor_max":23000000,"grupo":454,"grupo_bloques":2,"grupo_m2":222210},"geometry":{"type":"Polygon","coordinates":[[[-102.93861,25.79157],[-102.9386,25.7922],[-102.93833,25.7922],[-102.93829,25.79229],[-102.9376,25.79228],[-102.93757,25.79219],[-102.93734,25.79218],[-102.9373,25.79245],[-102.9372,25.79248],[-102.93719,25.79299],[-102.93709,25.79304],[-102.93706,25.79439],[-102.93726,25.79453],[-102.93724,25.79588],[-102.93504,25.79585],[-102.935,25.79576],[-102.93365,25.79574],[-102.93362,25.79566],[-102.93345,25.79565],[-102.93345,25.79549],[-102.93335,25.79547],[-102.93336,25.79514],[-102.93326,25.7951],[-102.93328,25.79393],[-102.93346,25.79393],[-102.93358,25.79375],[-102.93376,25.79375],[-102.93378,25.79367],[-102.93407,25.79366],[-102.93409,25.7934],[-102.93417,25.79339],[-102.93419,25.79331],[-102.93447,25.79331],[-102.93449,25.79314],[-102.93458,25.79312],[-102.93469,25.79296],[-102.93488,25.79295],[-102.9349,25.79287],[-102.93498,25.79286],[-102.935,25.79278],[-102.93508,25.79277],[-102.9351,25.79269],[-102.93529,25.79259],[-102.9353,25.79252],[-102.93546,25.79252],[-102.9355,25.79243],[-102.93568,25.79242],[-102.9357,25.79234],[-102.93578,25.79233],[-102.9358,25.79225],[-102.93588,25.79224],[-102.9359,25.79216],[-102.93599,25.79215],[-102.93601,25.79207],[-102.9362,25.79197],[-102.93621,25.7919],[-102.93649,25.79189],[-102.93651,25.79172],[-102.93669,25.79171],[-102.93671,25.79154],[-102.93689,25.79153],[-102.93691,25.79145],[-102.937,25.79145],[-102.93702,25.79137],[-102.93721,25.79126],[-102.93722,25.79119],[-102.93752,25.79119],[-102.93755,25.79155],[-102.93861,25.79157]]]}},{"type":"Feature","properties":{"id":538,"estado":"activa","confianza":"alta","area_m2":74385,"perimetro_m":2036,"largo_m":603,"ancho_m":243,"lat":25.791514,"lon":-102.933423,"municipio":"San Pedro","cerca_de":"Ejido Patrocinio","dist_ref_km":50.6,"d_ciudad_km":44.5,"altura_m":0.7,"precio_m2":110,"precio_m2_min":70,"precio_m2_max":165,"valor":8200000,"valor_min":5300000,"valor_max":12000000,"grupo":454,"grupo_bloques":2,"grupo_m2":222210},"geometry":{"type":"Polygon","coordinates":[[[-102.93554,25.7899],[-102.93553,25.79062],[-102.93544,25.79065],[-102.93543,25.7908],[-102.93534,25.79081],[-102.93523,25.79098],[-102.93455,25.79098],[-102.93453,25.79115],[-102.93443,25.79118],[-102.93442,25.79133],[-102.93432,25.79136],[-102.93432,25.79178],[-102.93412,25.79181],[-102.93412,25.79202],[-102.93431,25.79214],[-102.9343,25.79295],[-102.93411,25.79296],[-102.93409,25.79304],[-102.9339,25.79315],[-102.93389,25.79331],[-102.93372,25.79331],[-102.93369,25.79349],[-102.9335,25.7935],[-102.93348,25.79375],[-102.9334,25.79377],[-102.93338,25.79384],[-102.93321,25.79384],[-102.93318,25.79393],[-102.933,25.79394],[-102.93298,25.79402],[-102.93228,25.79401],[-102.93229,25.79374],[-102.93239,25.7937],[-102.9324,25.79329],[-102.9326,25.79325],[-102.9326,25.79287],[-102.9325,25.79284],[-102.93252,25.79193],[-102.93262,25.79189],[-102.93262,25.79169],[-102.93252,25.79166],[-102.93253,25.79121],[-102.9327,25.79121],[-102.93273,25.79112],[-102.93323,25.79113],[-102.93326,25.79122],[-102.93352,25.79121],[-102.93354,25.79063],[-102.93334,25.7905],[-102.93335,25.79023],[-102.93354,25.79012],[-102.93355,25.78987],[-102.93385,25.78988],[-102.93386,25.78995],[-102.93395,25.78997],[-102.93394,25.79024],[-102.93374,25.79036],[-102.93378,25.7906],[-102.93422,25.79059],[-102.93424,25.79051],[-102.93434,25.79048],[-102.93434,25.79015],[-102.93474,25.79016],[-102.93479,25.79025],[-102.93512,25.79025],[-102.93513,25.78991],[-102.93505,25.78989],[-102.93492,25.78971],[-102.93455,25.78971],[-102.93456,25.78916],[-102.93506,25.78917],[-102.93508,25.78926],[-102.93526,25.78927],[-102.93527,25.78934],[-102.93535,25.78936],[-102.93535,25.78978],[-102.93554,25.7899]]]}},{"type":"Feature","properties":{"id":539,"estado":"activa","confianza":"alta","area_m2":39303,"perimetro_m":1060,"largo_m":300,"ancho_m":220,"lat":26.111961,"lon":-103.39658,"municipio":"Tlahualilo","cerca_de":"Pamplona","dist_ref_km":56.5,"d_ciudad_km":51.6,"altura_m":0.8,"precio_m2":130,"precio_m2_min":85,"precio_m2_max":195,"valor":5100000,"valor_min":3300000,"valor_max":7700000},"geometry":{"type":"Polygon","coordinates":[[[-103.39794,26.1126],[-103.39794,26.11287],[-103.39768,26.11287],[-103.39764,26.11296],[-103.39744,26.11298],[-103.39743,26.11332],[-103.39703,26.11332],[-103.39703,26.11298],[-103.39684,26.11295],[-103.3968,26.11286],[-103.39657,26.11286],[-103.39654,26.11295],[-103.39627,26.11295],[-103.39624,26.11304],[-103.39584,26.11303],[-103.39584,26.11276],[-103.39594,26.11273],[-103.39594,26.11253],[-103.39584,26.11249],[-103.39584,26.11224],[-103.39575,26.11222],[-103.39575,26.11186],[-103.39585,26.11182],[-103.39586,26.11105],[-103.39595,26.11103],[-103.39617,26.11078],[-103.39635,26.11077],[-103.39647,26.1106],[-103.39677,26.1106],[-103.39689,26.11078],[-103.39717,26.11079],[-103.39718,26.11087],[-103.39726,26.11088],[-103.39726,26.11115],[-103.39698,26.11116],[-103.39696,26.11139],[-103.39706,26.11142],[-103.39707,26.11158],[-103.39725,26.11169],[-103.39726,26.11186],[-103.39735,26.11188],[-103.39747,26.11205],[-103.39755,26.11206],[-103.39755,26.11258],[-103.39794,26.1126]]]}},{"type":"Feature","properties":{"id":540,"estado":"activa","confianza":"alta","area_m2":8344,"perimetro_m":390,"largo_m":120,"ancho_m":90,"lat":26.114947,"lon":-103.39306,"municipio":"Tlahualilo","cerca_de":"Pamplona","dist_ref_km":56.9,"d_ciudad_km":52.0,"altura_m":0.5,"precio_m2":140,"precio_m2_min":95,"precio_m2_max":210,"valor":1200000,"valor_min":770000,"valor_max":1800000},"geometry":{"type":"Polygon","coordinates":[[[-103.39351,26.11472],[-103.39351,26.11517],[-103.39342,26.11518],[-103.39341,26.11526],[-103.39322,26.11527],[-103.3932,26.11535],[-103.39301,26.11546],[-103.393,26.11562],[-103.3927,26.11562],[-103.39269,26.11554],[-103.3926,26.11552],[-103.39261,26.11471],[-103.3928,26.1147],[-103.39282,26.11453],[-103.39332,26.11454],[-103.39333,26.11462],[-103.39351,26.11472]]]}},{"type":"Feature","properties":{"id":541,"estado":"activa","confianza":"alta","area_m2":376438,"perimetro_m":4468,"largo_m":957,"ancho_m":584,"lat":25.223023,"lon":-103.771637,"municipio":"Cuencamé","cerca_de":"Nuevo Graseros","dist_ref_km":56.7,"d_ciudad_km":39.6,"altura_m":0.1,"precio_m2":75,"precio_m2_min":50,"precio_m2_max":115,"valor":29000000,"valor_min":19000000,"valor_max":43000000},"geometry":{"type":"Polygon","coordinates":[[[-103.77338,25.22296],[-103.77337,25.22341],[-103.77327,25.22346],[-103.77327,25.22374],[-103.77337,25.22377],[-103.77336,25.2245],[-103.7729,25.22449],[-103.77286,25.22458],[-103.77257,25.2246],[-103.77256,25.22517],[-103.77266,25.22521],[-103.77265,25.22621],[-103.77256,25.22623],[-103.77255,25.22648],[-103.77246,25.22649],[-103.77245,25.22657],[-103.77216,25.22658],[-103.77215,25.22683],[-103.77195,25.22694],[-103.77194,25.2271],[-103.77176,25.22712],[-103.77174,25.22728],[-103.77145,25.22728],[-103.77145,25.22686],[-103.77125,25.22674],[-103.77126,25.22583],[-103.77136,25.22579],[-103.77132,25.22547],[-103.77107,25.22549],[-103.77107,25.22574],[-103.77097,25.22578],[-103.77096,25.22601],[-103.77049,25.22602],[-103.77047,25.2261],[-103.77037,25.22613],[-103.77036,25.22637],[-103.77017,25.22649],[-103.77016,25.22679],[-103.77026,25.22682],[-103.77028,25.2269],[-103.77085,25.22691],[-103.77085,25.22727],[-103.77068,25.22728],[-103.77065,25.22736],[-103.77035,25.22736],[-103.77034,25.22719],[-103.77016,25.22718],[-103.77012,25.22709],[-103.76986,25.22709],[-103.76973,25.22691],[-103.76877,25.2269],[-103.76878,25.22635],[-103.76888,25.22631],[-103.76888,25.22576],[-103.76878,25.22572],[-103.76876,25.22564],[-103.76858,25.22563],[-103.76859,25.22527],[-103.76869,25.22524],[-103.76869,25.22495],[-103.76859,25.22491],[-103.76859,25.22449],[-103.76832,25.22446],[-103.7683,25.22472],[-103.7677,25.22472],[-103.76771,25.22413],[-103.76761,25.22409],[-103.76761,25.22382],[-103.76779,25.22381],[-103.76781,25.22364],[-103.76791,25.2236],[-103.76792,25.22269],[-103.76782,25.22264],[-103.76782,25.22228],[-103.76802,25.22216],[-103.76803,25.22156],[-103.76822,25.22145],[-103.76823,25.2212],[-103.76832,25.22119],[-103.76833,25.22111],[-103.76863,25.22108],[-103.76863,25.22087],[-103.76844,25.22075],[-103.76844,25.22048],[-103.76853,25.22046],[-103.76854,25.22003],[-103.76864,25.22],[-103.76865,25.2194],[-103.76874,25.21937],[-103.76875,25.21913],[-103.76885,25.2191],[-103.76885,25.21877],[-103.76894,25.21876],[-103.76895,25.21868],[-103.76912,25.21868],[-103.76915,25.21859],[-103.76994,25.2186],[-103.76996,25.21868],[-103.77004,25.21869],[-103.77008,25.21887],[-103.77032,25.21886],[-103.77034,25.21869],[-103.77074,25.2187],[-103.77077,25.21878],[-103.77104,25.21879],[-103.77103,25.21933],[-103.77084,25.21944],[-103.77083,25.2196],[-103.77026,25.2196],[-103.77023,25.21968],[-103.77014,25.21972],[-103.77013,25.22004],[-103.76984,25.22007],[-103.76984,25.22029],[-103.76993,25.22031],[-103.77007,25.2205],[-103.77051,25.22049],[-103.77053,25.22005],[-103.77061,25.22004],[-103.77063,25.21996],[-103.77121,25.21995],[-103.77123,25.21915],[-103.77169,25.21915],[-103.77173,25.21907],[-103.77228,25.21907],[-103.77232,25.21898],[-103.77322,25.21899],[-103.77321,25.21935],[-103.77313,25.21936],[-103.77311,25.21944],[-103.77291,25.21956],[-103.77291,25.22007],[-103.77272,25.22018],[-103.77271,25.22052],[-103.77251,25.22065],[-103.77251,25.22085],[-103.7726,25.22088],[-103.7726,25.22121],[-103.7727,25.22124],[-103.7727,25.22148],[-103.77289,25.22151],[-103.77289,25.22205],[-103.77279,25.22209],[-103.77279,25.2225],[-103.77249,25.2225],[-103.77245,25.22241],[-103.77222,25.22241],[-103.77219,25.22273],[-103.77239,25.22277],[-103.77242,25.22286],[-103.77318,25.22287],[-103.7732,25.22295],[-103.77338,25.22296]],[[-103.77004,25.22366],[-103.77009,25.22362],[-103.77009,25.22313],[-103.7699,25.22311],[-103.7699,25.22287],[-103.7697,25.22284],[-103.7697,25.22269],[-103.76961,25.22266],[-103.7696,25.2225],[-103.76941,25.22239],[-103.7694,25.22231],[-103.76914,25.2223],[-103.76911,25.22284],[-103.76892,25.22285],[-103.76892,25.22308],[-103.76901,25.22311],[-103.76904,25.22319],[-103.7692,25.2232],[-103.76921,25.22344],[-103.7694,25.22347],[-103.76942,25.22365],[-103.77004,25.22366]]]}},{"type":"Feature","properties":{"id":542,"estado":"activa","confianza":"alta","area_m2":19678,"perimetro_m":746,"largo_m":234,"ancho_m":140,"lat":25.206575,"lon":-103.766994,"municipio":"Cuencamé","cerca_de":"Nuevo Graseros","dist_ref_km":57.8,"d_ciudad_km":41.2,"altura_m":0.6,"precio_m2":110,"precio_m2_min":70,"precio_m2_max":165,"valor":2200000,"valor_min":1400000,"valor_max":3200000},"geometry":{"type":"Polygon","coordinates":[[[-103.76808,25.20675],[-103.76808,25.20703],[-103.76781,25.20703],[-103.76768,25.2072],[-103.76759,25.20722],[-103.76758,25.20747],[-103.76748,25.2075],[-103.76748,25.20765],[-103.76708,25.20765],[-103.76708,25.20741],[-103.76688,25.20738],[-103.76688,25.20713],[-103.76669,25.2071],[-103.76667,25.20703],[-103.76659,25.20701],[-103.76659,25.20651],[-103.76649,25.20647],[-103.76649,25.20631],[-103.7664,25.20629],[-103.7664,25.20575],[-103.76667,25.20574],[-103.7668,25.20557],[-103.7671,25.20557],[-103.7671,25.20573],[-103.7672,25.20575],[-103.7672,25.206],[-103.76729,25.20603],[-103.7673,25.20619],[-103.76739,25.20621],[-103.7674,25.20664],[-103.76749,25.20666],[-103.76752,25.20675],[-103.76808,25.20675]]]}},{"type":"Feature","properties":{"id":543,"estado":"activa","confianza":"alta","area_m2":40238,"perimetro_m":1684,"largo_m":403,"ancho_m":233,"lat":25.208809,"lon":-103.769353,"municipio":"Cuencamé","cerca_de":"Nuevo Graseros","dist_ref_km":57.7,"d_ciudad_km":41.1,"altura_m":0.5,"precio_m2":100,"precio_m2_min":65,"precio_m2_max":150,"valor":4000000,"valor_min":2600000,"valor_max":6100000},"geometry":{"type":"Polygon","coordinates":[[[-103.77094,25.2084],[-103.77094,25.20895],[-103.77064,25.20894],[-103.77062,25.20887],[-103.77054,25.20885],[-103.77051,25.20867],[-103.77005,25.20867],[-103.77001,25.20849],[-103.76978,25.20849],[-103.76975,25.20857],[-103.76966,25.20859],[-103.76966,25.20892],[-103.77014,25.20894],[-103.77016,25.20902],[-103.77034,25.20912],[-103.77034,25.20928],[-103.77044,25.2093],[-103.77043,25.20957],[-103.77023,25.20961],[-103.77024,25.20981],[-103.77033,25.20984],[-103.77033,25.21029],[-103.77024,25.21031],[-103.77023,25.21038],[-103.77005,25.21039],[-103.77003,25.21047],[-103.76953,25.21047],[-103.76953,25.21015],[-103.76944,25.21011],[-103.76944,25.20984],[-103.76963,25.20981],[-103.76963,25.2095],[-103.76924,25.20947],[-103.76924,25.20923],[-103.76915,25.2092],[-103.76915,25.20897],[-103.76905,25.20893],[-103.76904,25.20877],[-103.76895,25.20875],[-103.76892,25.20866],[-103.76866,25.20866],[-103.76853,25.20848],[-103.76836,25.20847],[-103.76836,25.2082],[-103.76912,25.20821],[-103.76916,25.20797],[-103.76906,25.20794],[-103.76902,25.20785],[-103.76857,25.20784],[-103.76853,25.20775],[-103.76817,25.20775],[-103.76817,25.20748],[-103.76827,25.20745],[-103.76827,25.20721],[-103.76863,25.20721],[-103.76867,25.20712],[-103.76897,25.20712],[-103.76898,25.20747],[-103.76936,25.20749],[-103.76938,25.20793],[-103.76976,25.20794],[-103.7698,25.20812],[-103.77011,25.20813],[-103.77015,25.20804],[-103.77045,25.20804],[-103.77046,25.20812],[-103.77055,25.20813],[-103.77056,25.2083],[-103.77084,25.20831],[-103.77086,25.20839],[-103.77094,25.2084]]]}},{"type":"Feature","properties":{"id":544,"estado":"activa","confianza":"alta","area_m2":23082,"perimetro_m":934,"largo_m":252,"ancho_m":148,"lat":25.205314,"lon":-103.770179,"municipio":"Cuencamé","cerca_de":"Nuevo Graseros","dist_ref_km":58.1,"d_ciudad_km":41.5,"altura_m":0.6,"precio_m2":105,"precio_m2_min":70,"precio_m2_max":160,"valor":2500000,"valor_min":1600000,"valor_max":3700000},"geometry":{"type":"Polygon","coordinates":[[[-103.77147,25.20543],[-103.77146,25.20588],[-103.77087,25.20587],[-103.77074,25.2057],[-103.77042,25.20569],[-103.77027,25.20587],[-103.77018,25.20589],[-103.77017,25.20596],[-103.76978,25.20596],[-103.76977,25.20581],[-103.76968,25.20577],[-103.76964,25.2055],[-103.76939,25.20552],[-103.76938,25.20577],[-103.76898,25.20577],[-103.76899,25.20487],[-103.76929,25.20487],[-103.76932,25.20514],[-103.76955,25.20514],[-103.76959,25.20505],[-103.76988,25.20505],[-103.7699,25.20513],[-103.77008,25.20515],[-103.77011,25.20523],[-103.77034,25.20524],[-103.77038,25.20461],[-103.77088,25.20461],[-103.77089,25.20469],[-103.77098,25.2047],[-103.77099,25.20487],[-103.77108,25.20488],[-103.7712,25.20506],[-103.77137,25.20507],[-103.77137,25.20539],[-103.77147,25.20543]]]}},{"type":"Feature","properties":{"id":545,"estado":"activa","confianza":"media","area_m2":6139,"perimetro_m":379,"largo_m":110,"ancho_m":90,"lat":25.207655,"lon":-103.77377,"municipio":"Cuencamé","cerca_de":"Nuevo Graseros","dist_ref_km":58.1,"d_ciudad_km":41.5,"altura_m":0.3,"precio_m2":115,"precio_m2_min":75,"precio_m2_max":175,"valor":720000,"valor_min":470000,"valor_max":1100000},"geometry":{"type":"Polygon","coordinates":[[[-103.77403,25.20735],[-103.77402,25.2078],[-103.77393,25.20782],[-103.77392,25.20807],[-103.77384,25.20808],[-103.77382,25.20816],[-103.77303,25.20815],[-103.77301,25.20807],[-103.77293,25.20806],[-103.77293,25.20779],[-103.7735,25.20779],[-103.77353,25.20752],[-103.77362,25.20751],[-103.77373,25.20734],[-103.77403,25.20735]]]}},{"type":"Feature","properties":{"id":546,"estado":"activa","confianza":"alta","area_m2":16354,"perimetro_m":683,"largo_m":250,"ancho_m":100,"lat":25.205916,"lon":-103.776298,"municipio":"Cuencamé","cerca_de":"Nuevo Graseros","dist_ref_km":58.4,"d_ciudad_km":41.9,"altura_m":0.5,"precio_m2":110,"precio_m2_min":75,"precio_m2_max":170,"valor":1800000,"valor_min":1200000,"valor_max":2700000},"geometry":{"type":"Polygon","coordinates":[[[-103.77752,25.20566],[-103.77752,25.20602],[-103.77695,25.20602],[-103.77692,25.2062],[-103.77655,25.2062],[-103.77642,25.20637],[-103.77592,25.20637],[-103.7759,25.20628],[-103.77573,25.20628],[-103.77572,25.20612],[-103.77563,25.20609],[-103.7756,25.20601],[-103.77513,25.206],[-103.77512,25.20592],[-103.77504,25.20591],[-103.77504,25.20546],[-103.77593,25.20547],[-103.77595,25.20555],[-103.77613,25.20556],[-103.77618,25.20565],[-103.77688,25.20565],[-103.77693,25.20556],[-103.77732,25.20557],[-103.77735,25.20565],[-103.77752,25.20566]]]}},{"type":"Feature","properties":{"id":547,"estado":"activa","confianza":"media","area_m2":81225,"perimetro_m":1734,"largo_m":447,"ancho_m":302,"lat":25.845165,"lon":-103.977666,"municipio":"Mapimí","cerca_de":"Las Amarillas","dist_ref_km":64.6,"d_ciudad_km":51.7,"altura_m":2.9,"precio_m2":90,"precio_m2_min":60,"precio_m2_max":140,"valor":7500000,"valor_min":4900000,"valor_max":11000000},"geometry":{"type":"Polygon","coordinates":[[[-103.97977,25.84369],[-103.97977,25.84432],[-103.97957,25.84434],[-103.97957,25.8445],[-103.97948,25.84451],[-103.97947,25.84468],[-103.97937,25.84471],[-103.97936,25.84504],[-103.97898,25.84505],[-103.97896,25.84521],[-103.97878,25.84522],[-103.97876,25.84539],[-103.97858,25.8454],[-103.97856,25.84548],[-103.97837,25.8456],[-103.97836,25.84575],[-103.97817,25.84577],[-103.97816,25.84611],[-103.97797,25.84612],[-103.97796,25.84629],[-103.97778,25.8463],[-103.97775,25.84647],[-103.97756,25.84649],[-103.97755,25.84665],[-103.97736,25.84666],[-103.97735,25.84692],[-103.97705,25.84692],[-103.97704,25.84675],[-103.97685,25.84673],[-103.97686,25.84646],[-103.97696,25.84643],[-103.97696,25.84601],[-103.97724,25.846],[-103.97726,25.84577],[-103.97699,25.84575],[-103.97696,25.84592],[-103.97646,25.84592],[-103.97634,25.84574],[-103.97606,25.84574],[-103.97607,25.84537],[-103.97635,25.84537],[-103.97637,25.84514],[-103.97611,25.8451],[-103.97607,25.84519],[-103.97567,25.84519],[-103.97568,25.84456],[-103.97576,25.84455],[-103.97578,25.84447],[-103.97607,25.84447],[-103.9761,25.84456],[-103.97633,25.84456],[-103.97637,25.84447],[-103.97656,25.84447],[-103.97668,25.8443],[-103.97706,25.84429],[-103.97708,25.84421],[-103.97717,25.84417],[-103.97718,25.8434],[-103.97758,25.8434],[-103.97762,25.84349],[-103.97798,25.84349],[-103.978,25.84358],[-103.97818,25.84358],[-103.9782,25.84366],[-103.97838,25.84368],[-103.97842,25.84377],[-103.97874,25.84377],[-103.97888,25.84359],[-103.97938,25.84359],[-103.97941,25.84368],[-103.97977,25.84369]]]}},{"type":"Feature","properties":{"id":548,"estado":"activa","confianza":"alta","area_m2":37501,"perimetro_m":896,"largo_m":270,"ancho_m":210,"lat":25.273915,"lon":-103.965587,"municipio":"Nazas","cerca_de":"Santa Teresa de la Uña","dist_ref_km":68.1,"d_ciudad_km":50.9,"altura_m":2.6,"precio_m2":100,"precio_m2_min":65,"precio_m2_max":150,"valor":3800000,"valor_min":2500000,"valor_max":5700000},"geometry":{"type":"Polygon","coordinates":[[[-103.96692,25.2732],[-103.96691,25.27365],[-103.96683,25.27367],[-103.96661,25.27392],[-103.96642,25.27394],[-103.96641,25.2741],[-103.96631,25.27414],[-103.96631,25.27437],[-103.96621,25.2744],[-103.96621,25.27464],[-103.96611,25.27467],[-103.96611,25.27482],[-103.96565,25.27482],[-103.96551,25.275],[-103.96502,25.27499],[-103.965,25.27492],[-103.96482,25.27481],[-103.96482,25.27445],[-103.96492,25.27442],[-103.96492,25.27422],[-103.96482,25.27418],[-103.96479,25.27409],[-103.96463,25.27409],[-103.96462,25.27393],[-103.96453,25.27391],[-103.96453,25.27355],[-103.96472,25.27353],[-103.96473,25.27337],[-103.96492,25.27326],[-103.96493,25.2731],[-103.96502,25.27309],[-103.96503,25.27301],[-103.96549,25.27301],[-103.96553,25.27292],[-103.96571,25.27291],[-103.96573,25.27283],[-103.96623,25.27284],[-103.96625,25.27319],[-103.96692,25.2732]]]}},{"type":"Feature","properties":{"id":549,"estado":"activa","confianza":"alta","area_m2":73409,"perimetro_m":1835,"largo_m":490,"ancho_m":262,"lat":25.284518,"lon":-103.976504,"municipio":"Nazas","cerca_de":"Santa Teresa de la Uña","dist_ref_km":68.5,"d_ciudad_km":51.1,"altura_m":1.9,"precio_m2":95,"precio_m2_min":60,"precio_m2_max":140,"valor":6900000,"valor_min":4500000,"valor_max":10000000},"geometry":{"type":"Polygon","coordinates":[[[-103.97885,25.28304],[-103.97885,25.28367],[-103.97776,25.28369],[-103.97776,25.28391],[-103.97795,25.28393],[-103.97798,25.28402],[-103.97822,25.28402],[-103.97825,25.28394],[-103.97855,25.28394],[-103.97854,25.28448],[-103.97846,25.28449],[-103.97834,25.28466],[-103.97807,25.28466],[-103.97794,25.28484],[-103.97767,25.28484],[-103.97754,25.28501],[-103.97736,25.28503],[-103.97734,25.28519],[-103.97724,25.28523],[-103.97724,25.28574],[-103.97715,25.28576],[-103.97714,25.28592],[-103.97615,25.28591],[-103.97613,25.28583],[-103.97595,25.28573],[-103.97595,25.28504],[-103.9759,25.285],[-103.97546,25.28504],[-103.97546,25.28524],[-103.97555,25.28527],[-103.97556,25.28551],[-103.97565,25.28554],[-103.97565,25.286],[-103.97505,25.28599],[-103.97502,25.2859],[-103.97476,25.2859],[-103.97477,25.28468],[-103.97457,25.28454],[-103.97457,25.28427],[-103.97493,25.28427],[-103.97497,25.28418],[-103.97527,25.28419],[-103.97531,25.28428],[-103.97583,25.28428],[-103.97587,25.28383],[-103.97633,25.28383],[-103.97636,25.28374],[-103.97654,25.28373],[-103.97666,25.28356],[-103.97732,25.28357],[-103.97736,25.28339],[-103.97773,25.28339],[-103.97786,25.28321],[-103.97851,25.28321],[-103.97855,25.28304],[-103.97885,25.28304]]]}},{"type":"Feature","properties":{"id":550,"estado":"activa","confianza":"alta","area_m2":37653,"perimetro_m":877,"largo_m":270,"ancho_m":200,"lat":25.267483,"lon":-103.969096,"municipio":"Nazas","cerca_de":"Santa Teresa de la Uña","dist_ref_km":68.8,"d_ciudad_km":51.6,"altura_m":1.0,"precio_m2":100,"precio_m2_min":65,"precio_m2_max":150,"valor":3800000,"valor_min":2500000,"valor_max":5700000},"geometry":{"type":"Polygon","coordinates":[[[-103.97045,25.26673],[-103.97045,25.267],[-103.97035,25.26704],[-103.97034,25.26754],[-103.97026,25.26755],[-103.97004,25.26781],[-103.96938,25.2678],[-103.96925,25.26798],[-103.96896,25.26799],[-103.96895,25.26816],[-103.96859,25.26816],[-103.96845,25.26834],[-103.96815,25.26833],[-103.96815,25.26782],[-103.96796,25.26779],[-103.96795,25.26754],[-103.96776,25.26743],[-103.96777,25.26662],[-103.96794,25.26661],[-103.96797,25.26653],[-103.96896,25.26653],[-103.96899,25.26662],[-103.96926,25.26663],[-103.9693,25.26672],[-103.97045,25.26673]]]}},{"type":"Feature","properties":{"id":551,"estado":"activa","confianza":"alta","area_m2":126764,"perimetro_m":2395,"largo_m":910,"ancho_m":250,"lat":25.288038,"lon":-103.980653,"municipio":"Nazas","cerca_de":"General Lázaro Cárdenas","dist_ref_km":68.6,"d_ciudad_km":51.0,"altura_m":2.1,"precio_m2":85,"precio_m2_min":55,"precio_m2_max":130,"valor":11000000,"valor_min":7200000,"valor_max":17000000},"geometry":{"type":"Polygon","coordinates":[[[-103.98367,25.28849],[-103.98367,25.28876],[-103.98317,25.28876],[-103.98315,25.28867],[-103.98304,25.28868],[-103.98307,25.28903],[-103.98232,25.28902],[-103.98218,25.2892],[-103.98188,25.2892],[-103.98175,25.28902],[-103.98138,25.28901],[-103.98137,25.28893],[-103.98119,25.28892],[-103.98115,25.28883],[-103.9787,25.28882],[-103.97869,25.28874],[-103.97851,25.28872],[-103.97847,25.28863],[-103.97751,25.28863],[-103.97749,25.28845],[-103.97722,25.28844],[-103.9772,25.28836],[-103.97702,25.28835],[-103.97698,25.28826],[-103.97637,25.28826],[-103.97632,25.28835],[-103.97603,25.28835],[-103.97599,25.28826],[-103.97543,25.28825],[-103.97529,25.28807],[-103.97464,25.28806],[-103.97464,25.28752],[-103.97494,25.28753],[-103.97498,25.2878],[-103.9753,25.2878],[-103.97534,25.28771],[-103.97593,25.28771],[-103.97607,25.28789],[-103.97702,25.2879],[-103.97716,25.28808],[-103.97797,25.28809],[-103.97802,25.28773],[-103.97821,25.2877],[-103.97822,25.28701],[-103.97831,25.28699],[-103.97832,25.28692],[-103.98001,25.28693],[-103.98006,25.28702],[-103.98028,25.28702],[-103.98031,25.28693],[-103.9809,25.28693],[-103.98095,25.28703],[-103.98235,25.28703],[-103.98239,25.28694],[-103.98269,25.28695],[-103.98269,25.2871],[-103.98289,25.28722],[-103.9829,25.28738],[-103.98309,25.2874],[-103.98309,25.28756],[-103.98318,25.28758],[-103.98319,25.28775],[-103.98328,25.28776],[-103.98328,25.28801],[-103.98348,25.28813],[-103.98348,25.28837],[-103.98367,25.28849]]]}},{"type":"Feature","properties":{"id":552,"estado":"activa","confianza":"alta","mixta":true,"area_m2":73152,"perimetro_m":1869,"largo_m":583,"ancho_m":279,"lat":25.27484,"lon":-103.974714,"municipio":"Nazas","cerca_de":"Santa Teresa de la Uña","dist_ref_km":68.9,"d_ciudad_km":51.6,"altura_m":2.3,"precio_m2":95,"precio_m2_min":60,"precio_m2_max":140,"valor":6800000,"valor_min":4400000,"valor_max":10000000,"grupo":468,"grupo_bloques":2,"grupo_m2":132052},"geometry":{"type":"Polygon","coordinates":[[[-103.97793,25.27436],[-103.97793,25.27472],[-103.97746,25.27472],[-103.97733,25.2749],[-103.97716,25.2749],[-103.97713,25.27499],[-103.97704,25.275],[-103.97703,25.27517],[-103.97664,25.27518],[-103.97663,25.27571],[-103.97644,25.27582],[-103.97643,25.27598],[-103.97623,25.27609],[-103.97623,25.27625],[-103.97583,25.27624],[-103.97583,25.276],[-103.97563,25.27597],[-103.9756,25.27588],[-103.97524,25.27588],[-103.9752,25.27579],[-103.97488,25.27579],[-103.97484,25.27597],[-103.97454,25.27596],[-103.97452,25.27588],[-103.97434,25.27587],[-103.97422,25.2757],[-103.97405,25.27569],[-103.97403,25.27561],[-103.97395,25.2756],[-103.97394,25.27553],[-103.97385,25.27551],[-103.97373,25.27534],[-103.97365,25.27533],[-103.97365,25.27506],[-103.97385,25.27495],[-103.97386,25.27479],[-103.97421,25.27479],[-103.97425,25.2747],[-103.97445,25.27468],[-103.97445,25.27428],[-103.97436,25.27425],[-103.97434,25.27417],[-103.97366,25.27415],[-103.97361,25.27406],[-103.97311,25.27406],[-103.97307,25.27415],[-103.97277,25.27415],[-103.97265,25.27397],[-103.97247,25.27396],[-103.97246,25.27389],[-103.97227,25.27378],[-103.97228,25.27351],[-103.97466,25.27353],[-103.9747,25.27362],[-103.97516,25.27362],[-103.97517,25.2737],[-103.97535,25.2738],[-103.9754,25.27407],[-103.97582,25.27407],[-103.97595,25.2739],[-103.97604,25.27388],[-103.97605,25.27381],[-103.97664,25.27381],[-103.97664,25.27405],[-103.97674,25.27408],[-103.97675,25.27425],[-103.97694,25.27427],[-103.97697,25.27435],[-103.97714,25.27436],[-103.97717,25.27444],[-103.97759,25.27445],[-103.97763,25.27436],[-103.97793,25.27436]],[[-103.97654,25.27462],[-103.9765,25.27453],[-103.97604,25.27453],[-103.9759,25.27435],[-103.97535,25.27434],[-103.97532,25.27408],[-103.97486,25.2741],[-103.97486,25.27432],[-103.97525,25.27434],[-103.97525,25.27469],[-103.97545,25.27471],[-103.97546,25.27478],[-103.97554,25.2748],[-103.97568,25.27498],[-103.97629,25.27498],[-103.97634,25.27489],[-103.97682,25.27488],[-103.97682,25.27464],[-103.97654,25.27462]]]}},{"type":"Feature","properties":{"id":553,"estado":"activa","confianza":"alta","area_m2":16419,"perimetro_m":560,"largo_m":175,"ancho_m":113,"lat":25.280011,"lon":-103.977834,"municipio":"Nazas","cerca_de":"Santa Teresa de la Uña","dist_ref_km":68.8,"d_ciudad_km":51.6,"altura_m":3.7,"precio_m2":110,"precio_m2_min":75,"precio_m2_max":170,"valor":1800000,"valor_min":1200000,"valor_max":2800000},"geometry":{"type":"Polygon","coordinates":[[[-103.97868,25.27988],[-103.97868,25.28015],[-103.97859,25.28017],[-103.97858,25.28033],[-103.97849,25.28034],[-103.97848,25.28042],[-103.97783,25.28041],[-103.97778,25.2805],[-103.97718,25.2805],[-103.97717,25.28042],[-103.97699,25.28032],[-103.97699,25.27959],[-103.97745,25.2796],[-103.97749,25.27951],[-103.97779,25.27951],[-103.97782,25.2796],[-103.97804,25.2796],[-103.97819,25.27942],[-103.97848,25.27942],[-103.9785,25.2795],[-103.97858,25.27951],[-103.97858,25.27985],[-103.97868,25.27988]]]}},{"type":"Feature","properties":{"id":554,"estado":"activa","confianza":"alta","area_m2":58900,"perimetro_m":2025,"largo_m":492,"ancho_m":324,"lat":25.271887,"lon":-103.975471,"municipio":"Nazas","cerca_de":"Santa Teresa de la Uña","dist_ref_km":69.1,"d_ciudad_km":51.6,"altura_m":1.7,"precio_m2":95,"precio_m2_min":60,"precio_m2_max":145,"valor":5600000,"valor_min":3700000,"valor_max":8500000,"grupo":468,"grupo_bloques":2,"grupo_m2":132052},"geometry":{"type":"Polygon","coordinates":[[[-103.97725,25.27246],[-103.97725,25.27273],[-103.97707,25.27274],[-103.97695,25.27291],[-103.97649,25.27291],[-103.97645,25.273],[-103.97606,25.27299],[-103.97601,25.2729],[-103.97551,25.2729],[-103.97546,25.27299],[-103.97516,25.27299],[-103.97513,25.2729],[-103.9748,25.2729],[-103.97476,25.27317],[-103.97466,25.2732],[-103.97466,25.27344],[-103.97248,25.27342],[-103.97248,25.2727],[-103.97298,25.2727],[-103.97311,25.27288],[-103.97397,25.27289],[-103.97401,25.27298],[-103.97443,25.27298],[-103.97447,25.27289],[-103.97466,25.27287],[-103.97467,25.27217],[-103.97476,25.27216],[-103.97477,25.27199],[-103.97487,25.27195],[-103.97487,25.27176],[-103.97478,25.27172],[-103.97477,25.27157],[-103.97468,25.27154],[-103.97465,25.27145],[-103.97438,25.27145],[-103.97435,25.27136],[-103.97418,25.27136],[-103.97415,25.27127],[-103.97389,25.27126],[-103.97376,25.27109],[-103.97339,25.27108],[-103.97338,25.271],[-103.97329,25.27099],[-103.97329,25.27072],[-103.97409,25.27072],[-103.97409,25.27088],[-103.97419,25.27091],[-103.97421,25.27099],[-103.97454,25.271],[-103.97458,25.27082],[-103.97467,25.27081],[-103.97468,25.27073],[-103.97497,25.27071],[-103.97499,25.27037],[-103.97528,25.27037],[-103.9753,25.27054],[-103.97548,25.27055],[-103.97548,25.271],[-103.97538,25.27104],[-103.97539,25.27162],[-103.97567,25.27164],[-103.9758,25.27182],[-103.97607,25.27182],[-103.97608,25.27199],[-103.97626,25.272],[-103.9764,25.27218],[-103.97663,25.27218],[-103.97666,25.2721],[-103.97716,25.2721],[-103.97715,25.27242],[-103.97725,25.27246]]]}},{"type":"Feature","properties":{"id":555,"estado":"activa","confianza":"alta","area_m2":63119,"perimetro_m":1369,"largo_m":428,"ancho_m":191,"lat":25.283463,"lon":-103.984005,"municipio":"Nazas","cerca_de":"General Lázaro Cárdenas","dist_ref_km":69.2,"d_ciudad_km":51.9,"altura_m":2.6,"precio_m2":95,"precio_m2_min":60,"precio_m2_max":145,"valor":6000000,"valor_min":3900000,"valor_max":9000000},"geometry":{"type":"Polygon","coordinates":[[[-103.9846,25.28434],[-103.98459,25.28515],[-103.98451,25.28517],[-103.98449,25.28524],[-103.98384,25.28524],[-103.9838,25.28533],[-103.98362,25.28534],[-103.9836,25.28542],[-103.9829,25.28541],[-103.9829,25.28526],[-103.98281,25.28523],[-103.98281,25.28455],[-103.98271,25.28451],[-103.98271,25.28424],[-103.9828,25.28423],[-103.98281,25.28415],[-103.98318,25.28415],[-103.98331,25.28397],[-103.98357,25.28397],[-103.98361,25.28393],[-103.9836,25.28344],[-103.98312,25.28343],[-103.98311,25.28326],[-103.98292,25.28325],[-103.98293,25.28256],[-103.98283,25.28252],[-103.98282,25.28236],[-103.98273,25.28234],[-103.98273,25.28207],[-103.98292,25.28196],[-103.98293,25.2818],[-103.98329,25.2818],[-103.98333,25.28171],[-103.9836,25.28171],[-103.98363,25.28163],[-103.98409,25.28163],[-103.98413,25.28154],[-103.98452,25.28154],[-103.98451,25.28326],[-103.98441,25.28328],[-103.98441,25.28348],[-103.98451,25.28353],[-103.9845,25.2843],[-103.9846,25.28434]]]}},{"type":"Feature","properties":{"id":556,"estado":"activa","confianza":"media","area_m2":16996,"perimetro_m":606,"largo_m":198,"ancho_m":129,"lat":25.271441,"lon":-103.978899,"municipio":"Nazas","cerca_de":"Santa Teresa de la Uña","dist_ref_km":69.4,"d_ciudad_km":52.2,"altura_m":2.3,"precio_m2":110,"precio_m2_min":70,"precio_m2_max":165,"valor":1900000,"valor_min":1200000,"valor_max":2800000},"geometry":{"type":"Polygon","coordinates":[[[-103.97984,25.27131],[-103.97984,25.27158],[-103.97975,25.2716],[-103.97974,25.27176],[-103.97927,25.27176],[-103.97924,25.27184],[-103.97906,25.27185],[-103.97894,25.27202],[-103.97865,25.27202],[-103.97852,25.27184],[-103.97825,25.27184],[-103.97813,25.27166],[-103.97795,25.27165],[-103.97796,25.2712],[-103.97806,25.27117],[-103.97806,25.27075],[-103.97846,25.27075],[-103.9785,25.27093],[-103.97915,25.27094],[-103.97916,25.27102],[-103.97935,25.27112],[-103.97937,25.2713],[-103.97984,25.27131]]]}},{"type":"Feature","properties":{"id":557,"estado":"activa","confianza":"alta","area_m2":44810,"perimetro_m":1049,"largo_m":367,"ancho_m":189,"lat":25.265406,"lon":-103.975523,"municipio":"Nazas","cerca_de":"Santa Teresa de la Uña","dist_ref_km":69.5,"d_ciudad_km":52.2,"altura_m":1.4,"precio_m2":100,"precio_m2_min":65,"precio_m2_max":150,"valor":4400000,"valor_min":2900000,"valor_max":6700000},"geometry":{"type":"Polygon","coordinates":[[[-103.97711,25.26533],[-103.97711,25.2656],[-103.97702,25.26562],[-103.97701,25.26578],[-103.97692,25.26579],[-103.97671,25.26605],[-103.97653,25.26606],[-103.97651,25.26614],[-103.97642,25.26616],[-103.97641,25.26632],[-103.97632,25.26633],[-103.97631,25.2664],[-103.97591,25.2664],[-103.97591,25.26615],[-103.97572,25.26613],[-103.97568,25.26604],[-103.97507,25.26604],[-103.97502,25.26613],[-103.97462,25.26612],[-103.97458,25.26603],[-103.97403,25.26603],[-103.97403,25.26553],[-103.97393,25.26549],[-103.97393,25.26524],[-103.97354,25.26521],[-103.97354,25.26494],[-103.974,25.26494],[-103.97414,25.26476],[-103.97432,25.26475],[-103.97444,25.26459],[-103.97479,25.26459],[-103.97484,25.2645],[-103.97513,25.2645],[-103.97517,25.26459],[-103.97553,25.26459],[-103.97565,25.26477],[-103.97583,25.26478],[-103.97595,25.26495],[-103.97622,25.26496],[-103.97635,25.26514],[-103.97662,25.26514],[-103.97675,25.26532],[-103.97711,25.26533]]]}},{"type":"Feature","properties":{"id":558,"estado":"activa","confianza":"alta","area_m2":30054,"perimetro_m":772,"largo_m":246,"ancho_m":179,"lat":25.268353,"lon":-103.977237,"municipio":"Nazas","cerca_de":"Santa Teresa de la Uña","dist_ref_km":69.5,"d_ciudad_km":52.3,"altura_m":0.4,"precio_m2":105,"precio_m2_min":70,"precio_m2_max":155,"valor":3100000,"valor_min":2000000,"valor_max":4700000},"geometry":{"type":"Polygon","coordinates":[[[-103.97828,25.26786],[-103.97828,25.26822],[-103.97809,25.26825],[-103.97808,25.2684],[-103.97798,25.26844],[-103.97798,25.26876],[-103.97788,25.26879],[-103.97788,25.26894],[-103.97779,25.26896],[-103.97778,25.26912],[-103.97768,25.26915],[-103.97768,25.2693],[-103.9775,25.26931],[-103.97738,25.26948],[-103.97708,25.26948],[-103.97708,25.26915],[-103.97688,25.26912],[-103.97688,25.26887],[-103.97669,25.26876],[-103.97668,25.26859],[-103.97639,25.26857],[-103.97639,25.2683],[-103.97649,25.26826],[-103.97649,25.26794],[-103.97669,25.26782],[-103.9767,25.26749],[-103.97678,25.26748],[-103.9769,25.26731],[-103.97779,25.26732],[-103.9778,25.2674],[-103.97809,25.26759],[-103.9781,25.26776],[-103.97828,25.26786]]]}},{"type":"Feature","properties":{"id":559,"estado":"activa","confianza":"alta","area_m2":43506,"perimetro_m":1145,"largo_m":347,"ancho_m":227,"lat":25.278295,"lon":-103.990806,"municipio":"Nazas","cerca_de":"Santa Teresa de la Uña","dist_ref_km":70.1,"d_ciudad_km":52.8,"altura_m":2.4,"precio_m2":100,"precio_m2_min":65,"precio_m2_max":150,"valor":4300000,"valor_min":2800000,"valor_max":6500000},"geometry":{"type":"Polygon","coordinates":[[[-103.9917,25.27816],[-103.9917,25.27843],[-103.99151,25.27854],[-103.9915,25.2787],[-103.99142,25.27871],[-103.9914,25.27879],[-103.99122,25.2788],[-103.9911,25.27897],[-103.99071,25.27899],[-103.9907,25.2796],[-103.99061,25.27961],[-103.9906,25.27969],[-103.99034,25.27969],[-103.9903,25.27978],[-103.99003,25.27978],[-103.99,25.27986],[-103.9896,25.27986],[-103.98957,25.27977],[-103.98931,25.27977],[-103.98931,25.2795],[-103.98941,25.27945],[-103.98941,25.279],[-103.98931,25.27896],[-103.98932,25.27869],[-103.9894,25.27867],[-103.98942,25.2786],[-103.98959,25.27859],[-103.98962,25.27851],[-103.98991,25.27847],[-103.98991,25.27808],[-103.98962,25.27805],[-103.98962,25.27751],[-103.9898,25.2775],[-103.98982,25.27733],[-103.98992,25.27731],[-103.98993,25.27679],[-103.99032,25.2768],[-103.99032,25.27712],[-103.99052,25.27725],[-103.99053,25.2776],[-103.99071,25.27761],[-103.99075,25.2777],[-103.99101,25.2777],[-103.99102,25.27778],[-103.99111,25.27779],[-103.99112,25.27787],[-103.99121,25.27789],[-103.99133,25.27806],[-103.9916,25.27807],[-103.99162,25.27815],[-103.9917,25.27816]]]}},{"type":"Feature","properties":{"id":560,"estado":"activa","confianza":"alta","mixta":true,"area_m2":171872,"perimetro_m":3123,"largo_m":627,"ancho_m":573,"lat":25.267712,"lon":-103.985399,"municipio":"Nazas","cerca_de":"Santa Teresa de la Uña","dist_ref_km":70.2,"d_ciudad_km":52.7,"altura_m":2.7,"precio_m2":85,"precio_m2_min":55,"precio_m2_max":125,"valor":14000000,"valor_min":9400000,"valor_max":22000000},"geometry":{"type":"Polygon","coordinates":[[[-103.98801,25.26838],[-103.98801,25.26865],[-103.98792,25.26867],[-103.98791,25.26874],[-103.98764,25.26874],[-103.98761,25.26883],[-103.98752,25.26884],[-103.98751,25.26919],[-103.98731,25.26932],[-103.98731,25.26951],[-103.98741,25.26955],[-103.98741,25.26971],[-103.9876,25.26973],[-103.98762,25.26981],[-103.9877,25.26982],[-103.9877,25.27019],[-103.98744,25.27019],[-103.9874,25.27027],[-103.98631,25.27027],[-103.98629,25.27019],[-103.98611,25.27017],[-103.98608,25.27009],[-103.98581,25.27008],[-103.98579,25.27],[-103.98551,25.26999],[-103.98547,25.2699],[-103.98462,25.26989],[-103.98457,25.2698],[-103.98436,25.26981],[-103.98432,25.26989],[-103.98386,25.26989],[-103.98383,25.26998],[-103.98333,25.26998],[-103.98332,25.2699],[-103.98323,25.26988],[-103.98323,25.26952],[-103.9835,25.26952],[-103.98353,25.26943],[-103.98363,25.26939],[-103.98361,25.26917],[-103.98324,25.26916],[-103.98324,25.26889],[-103.98341,25.26889],[-103.98344,25.2688],[-103.98362,25.26879],[-103.98364,25.26871],[-103.98401,25.26871],[-103.98404,25.26863],[-103.98433,25.26863],[-103.98436,25.26871],[-103.98459,25.26872],[-103.98463,25.26863],[-103.98483,25.26859],[-103.98483,25.26839],[-103.98473,25.26836],[-103.98472,25.26828],[-103.98414,25.26827],[-103.98413,25.2681],[-103.98404,25.26808],[-103.98392,25.26791],[-103.98374,25.2679],[-103.98373,25.26783],[-103.98365,25.26781],[-103.98352,25.26763],[-103.98326,25.26765],[-103.98324,25.26826],[-103.98306,25.26827],[-103.98304,25.26844],[-103.98286,25.26845],[-103.98284,25.26862],[-103.98276,25.26863],[-103.98254,25.26889],[-103.98225,25.26888],[-103.98222,25.2688],[-103.98205,25.26879],[-103.98204,25.26864],[-103.98195,25.26861],[-103.98182,25.26843],[-103.98146,25.26843],[-103.98146,25.26816],[-103.98165,25.26805],[-103.98166,25.26789],[-103.98185,25.26778],[-103.98186,25.26762],[-103.98205,25.26751],[-103.98206,25.26735],[-103.98225,25.26724],[-103.98226,25.26708],[-103.98266,25.26708],[-103.9827,25.26726],[-103.9831,25.26726],[-103.98315,25.26723],[-103.98316,25.26699],[-103.98361,25.267],[-103.98365,25.26691],[-103.98405,25.26691],[-103.9841,25.267],[-103.98562,25.267],[-103.98564,25.26692],[-103.98583,25.26681],[-103.98584,25.26661],[-103.98564,25.26647],[-103.98565,25.26579],[-103.98555,25.26575],[-103.98555,25.26539],[-103.98631,25.26539],[-103.98635,25.2653],[-103.98653,25.26529],[-103.98655,25.26521],[-103.98684,25.26521],[-103.98684,25.26572],[-103.98694,25.26576],[-103.98694,25.26609],[-103.98704,25.26612],[-103.98703,25.26744],[-103.98722,25.26756],[-103.98722,25.26834],[-103.98801,25.26838]],[[-103.98676,25.26946],[-103.98681,25.26941],[-103.9868,25.26875],[-103.98636,25.26873],[-103.98632,25.26882],[-103.98613,25.26883],[-103.98612,25.26906],[-103.98622,25.26909],[-103.98623,25.26944],[-103.98676,25.26946]]]}},{"type":"Feature","properties":{"id":561,"estado":"activa","confianza":"alta","mixta":true,"area_m2":949134,"perimetro_m":7665,"largo_m":1710,"ancho_m":1150,"lat":25.278715,"lon":-103.996863,"municipio":"Nazas","cerca_de":"General Lázaro Cárdenas","dist_ref_km":70.6,"d_ciudad_km":52.6,"altura_m":6.9,"precio_m2":70,"precio_m2_min":45,"precio_m2_max":105,"valor":65000000,"valor_min":42000000,"valor_max":98000000},"geometry":{"type":"Polygon","coordinates":[[[-103.99869,25.27423],[-103.99868,25.27487],[-103.99842,25.27487],[-103.99838,25.27495],[-103.99812,25.27495],[-103.99799,25.27509],[-103.99802,25.27531],[-103.99868,25.27532],[-103.99866,25.27721],[-103.99831,25.27721],[-103.99827,25.27726],[-103.99828,25.27756],[-103.99866,25.27757],[-103.99863,25.28164],[-103.99836,25.28164],[-103.99833,25.28173],[-103.99775,25.28173],[-103.99773,25.28195],[-103.99783,25.28199],[-103.99783,25.28226],[-103.99755,25.28227],[-103.99753,25.28235],[-103.99743,25.28238],[-103.99743,25.28253],[-103.99713,25.28253],[-103.99709,25.28226],[-103.99667,25.28226],[-103.99663,25.28235],[-103.99647,25.28235],[-103.99644,25.28244],[-103.99624,25.28246],[-103.99625,25.28269],[-103.99633,25.28271],[-103.99645,25.28288],[-103.99673,25.28289],[-103.99676,25.28298],[-103.997,25.28298],[-103.99713,25.2828],[-103.99743,25.2828],[-103.99741,25.28425],[-103.99706,25.28425],[-103.99702,25.28434],[-103.99672,25.28436],[-103.99672,25.28451],[-103.99662,25.28455],[-103.99661,25.28497],[-103.99642,25.285],[-103.99641,25.28578],[-103.99632,25.28579],[-103.99631,25.28596],[-103.99621,25.28598],[-103.99621,25.28623],[-103.99565,25.28622],[-103.99561,25.28631],[-103.99534,25.28632],[-103.99531,25.2864],[-103.99481,25.2864],[-103.99478,25.28631],[-103.99452,25.28631],[-103.99449,25.28622],[-103.99432,25.28621],[-103.99419,25.28604],[-103.99392,25.28603],[-103.99388,25.28594],[-103.99353,25.28594],[-103.99348,25.28585],[-103.99209,25.28584],[-103.99204,25.28593],[-103.99144,25.28592],[-103.99144,25.28565],[-103.99153,25.28564],[-103.99154,25.28556],[-103.99183,25.28555],[-103.99183,25.28531],[-103.99145,25.28529],[-103.99144,25.28513],[-103.99135,25.28511],[-103.99134,25.28504],[-103.99125,25.28502],[-103.99113,25.28485],[-103.99105,25.28484],[-103.99104,25.28458],[-103.99086,25.28456],[-103.99084,25.28449],[-103.99066,25.28438],[-103.99064,25.28421],[-103.99046,25.2842],[-103.99045,25.28404],[-103.99036,25.28402],[-103.99035,25.28395],[-103.99027,25.28393],[-103.99015,25.28376],[-103.99007,25.28375],[-103.99006,25.28349],[-103.98987,25.28347],[-103.98986,25.2834],[-103.98977,25.28338],[-103.98976,25.28331],[-103.98967,25.28329],[-103.98956,25.28312],[-103.98948,25.28311],[-103.98948,25.2827],[-103.98938,25.28266],[-103.98937,25.28249],[-103.98928,25.28248],[-103.98928,25.28232],[-103.98909,25.2822],[-103.98907,25.28212],[-103.98899,25.28211],[-103.98897,25.28203],[-103.98889,25.28202],[-103.98887,25.28194],[-103.98879,25.28193],[-103.98877,25.28185],[-103.98869,25.28184],[-103.98869,25.28168],[-103.9885,25.28157],[-103.98849,25.28142],[-103.9883,25.2813],[-103.98829,25.28113],[-103.9882,25.28112],[-103.98808,25.28094],[-103.98791,25.28093],[-103.9879,25.28077],[-103.98781,25.28075],[-103.9878,25.28068],[-103.98771,25.28066],[-103.9877,25.28059],[-103.98761,25.28057],[-103.9875,25.2804],[-103.98741,25.28039],[-103.98741,25.28023],[-103.98722,25.28012],[-103.98722,25.27984],[-103.98731,25.27983],[-103.98732,25.27975],[-103.98802,25.27976],[-103.98804,25.27984],[-103.98831,25.27985],[-103.98834,25.27994],[-103.98851,25.27994],[-103.98855,25.28003],[-103.98881,25.28004],[-103.98884,25.28012],[-103.9894,25.28013],[-103.98952,25.2803],[-103.9898,25.28031],[-103.98983,25.2804],[-103.99049,25.28041],[-103.99051,25.28049],[-103.99069,25.2805],[-103.99073,25.28059],[-103.99099,25.28059],[-103.99103,25.28068],[-103.99134,25.28068],[-103.99149,25.28051],[-103.99157,25.28049],[-103.99159,25.28042],[-103.99168,25.2804],[-103.99169,25.28024],[-103.99178,25.2802],[-103.99179,25.28006],[-103.99188,25.28003],[-103.99189,25.27979],[-103.99198,25.27976],[-103.99199,25.27952],[-103.99209,25.27948],[-103.99209,25.27907],[-103.99218,25.27905],[-103.99219,25.27889],[-103.99228,25.27887],[-103.99229,25.2788],[-103.99279,25.2788],[-103.9928,25.27887],[-103.99289,25.27889],[-103.99303,25.27907],[-103.99344,25.27907],[-103.99348,25.27898],[-103.99357,25.27897],[-103.99359,25.27862],[-103.99369,25.27858],[-103.99369,25.27817],[-103.99379,25.27814],[-103.99379,25.27781],[-103.99407,25.2778],[-103.99409,25.27759],[-103.99389,25.27754],[-103.99385,25.27745],[-103.9934,25.27745],[-103.9934,25.27709],[-103.99385,25.27709],[-103.9939,25.27705],[-103.9939,25.27685],[-103.9938,25.27682],[-103.99379,25.27666],[-103.9935,25.27664],[-103.99351,25.27637],[-103.99387,25.27636],[-103.994,25.27619],[-103.9941,25.27617],[-103.9941,25.27586],[-103.99401,25.27583],[-103.99401,25.27538],[-103.9941,25.27536],[-103.99411,25.2752],[-103.99421,25.27516],[-103.99422,25.27466],[-103.9943,25.27464],[-103.99432,25.27457],[-103.99449,25.27456],[-103.99451,25.27448],[-103.99479,25.27447],[-103.99481,25.27439],[-103.99491,25.27436],[-103.99491,25.27415],[-103.99436,25.27411],[-103.99432,25.2742],[-103.99366,25.2742],[-103.99362,25.27474],[-103.99336,25.27474],[-103.99332,25.27483],[-103.99266,25.27483],[-103.99252,25.275],[-103.99213,25.275],[-103.99211,25.27492],[-103.99203,25.27491],[-103.99203,25.27464],[-103.99223,25.27461],[-103.99223,25.27428],[-103.99233,25.27425],[-103.99233,25.27404],[-103.99194,25.27401],[-103.9919,25.27392],[-103.99154,25.27391],[-103.99154,25.27355],[-103.99172,25.27355],[-103.99184,25.27337],[-103.99214,25.27338],[-103.99216,25.27355],[-103.9924,25.27356],[-103.99244,25.27338],[-103.99252,25.27337],[-103.99254,25.27329],[-103.99309,25.27329],[-103.99313,25.2732],[-103.99343,25.2732],[-103.99344,25.27373],[-103.994,25.27374],[-103.99412,25.27357],[-103.99421,25.27355],[-103.99422,25.27348],[-103.99431,25.27347],[-103.99432,25.27339],[-103.99452,25.27337],[-103.99453,25.27294],[-103.99463,25.2729],[-103.99463,25.27213],[-103.9948,25.27213],[-103.99483,25.27204],[-103.99493,25.27202],[-103.99494,25.27159],[-103.99593,25.2716],[-103.99604,25.27176],[-103.99622,25.27178],[-103.99635,25.27196],[-103.99692,25.27196],[-103.99694,25.27213],[-103.99718,25.27215],[-103.99722,25.27163],[-103.99682,25.2716],[-103.99681,25.27153],[-103.99672,25.27151],[-103.99673,25.27106],[-103.9969,25.27106],[-103.99693,25.27097],[-103.99722,25.27097],[-103.99722,25.27121],[-103.99727,25.27124],[-103.99759,25.27124],[-103.99772,25.27107],[-103.99812,25.27107],[-103.99813,25.27115],[-103.99831,25.27125],[-103.99831,25.27149],[-103.99841,25.27152],[-103.99842,25.27168],[-103.99861,25.2718],[-103.99859,25.27419],[-103.99869,25.27423]],[[-103.99654,25.28162],[-103.99664,25.28159],[-103.99663,25.28137],[-103.99634,25.28135],[-103.99632,25.28127],[-103.99615,25.28126],[-103.99613,25.28118],[-103.99595,25.28117],[-103.99591,25.28108],[-103.99575,25.28108],[-103.99572,25.28099],[-103.99555,25.28098],[-103.99554,25.28091],[-103.99526,25.28071],[-103.99525,25.28056],[-103.99516,25.28053],[-103.99516,25.28038],[-103.99506,25.28035],[-103.99506,25.28019],[-103.99496,25.28017],[-103.99497,25.27963],[-103.99507,25.27959],[-103.99508,25.27863],[-103.99517,25.27861],[-103.99518,25.27845],[-103.99537,25.27834],[-103.99538,25.27796],[-103.99528,25.27791],[-103.99526,25.27774],[-103.99492,25.27773],[-103.99488,25.27818],[-103.9948,25.27819],[-103.99478,25.27827],[-103.99458,25.2784],[-103.99457,25.27962],[-103.9944,25.27963],[-103.99437,25.27971],[-103.99428,25.27973],[-103.99427,25.28005],[-103.99447,25.28016],[-103.99449,25.28025],[-103.99457,25.28026],[-103.99457,25.2806],[-103.99466,25.28062],[-103.99467,25.28069],[-103.99476,25.28071],[-103.99477,25.28078],[-103.99486,25.2808],[-103.99498,25.28097],[-103.99506,25.28098],[-103.99507,25.28106],[-103.99516,25.28107],[-103.99517,25.28115],[-103.99525,25.28116],[-103.99526,25.28124],[-103.99535,25.28125],[-103.99536,25.28133],[-103.99545,25.28135],[-103.99557,25.28152],[-103.99585,25.28153],[-103.99586,25.28161],[-103.99604,25.28162],[-103.99609,25.28171],[-103.9965,25.28171],[-103.99654,25.28162]],[[-103.99585,25.27286],[-103.99631,25.27283],[-103.99631,25.27262],[-103.99622,25.27259],[-103.99621,25.27252],[-103.99612,25.2725],[-103.99599,25.27232],[-103.99572,25.27232],[-103.99568,25.27223],[-103.99518,25.27222],[-103.99513,25.27231],[-103.99503,25.27234],[-103.99506,25.27267],[-103.99562,25.27268],[-103.99564,25.27276],[-103.99582,25.27277],[-103.99585,25.27286]],[[-103.99694,25.2809],[-103.99704,25.28087],[-103.99705,25.28049],[-103.99678,25.28045],[-103.99675,25.28054],[-103.99665,25.28057],[-103.99665,25.28072],[-103.99655,25.28076],[-103.99655,25.28105],[-103.99665,25.28108],[-103.99667,25.28135],[-103.99694,25.28133],[-103.99694,25.2809]],[[-103.99725,25.27991],[-103.99735,25.27987],[-103.99735,25.27931],[-103.99699,25.27928],[-103.99696,25.27955],[-103.99686,25.27959],[-103.99686,25.28006],[-103.99712,25.28009],[-103.99725,25.27991]],[[-103.99777,25.27757],[-103.99777,25.27733],[-103.99767,25.2773],[-103.99764,25.27721],[-103.99741,25.27721],[-103.99737,25.2773],[-103.99728,25.27731],[-103.99727,25.27761],[-103.99737,25.27766],[-103.99739,25.2781],[-103.99763,25.27811],[-103.99776,25.27793],[-103.99785,25.27791],[-103.99786,25.27761],[-103.99777,25.27757]]]}},{"type":"Feature","properties":{"id":562,"estado":"activa","confianza":"media","area_m2":6960,"perimetro_m":381,"largo_m":150,"ancho_m":50,"lat":25.285138,"lon":-104.002323,"municipio":"Nazas","cerca_de":"General Lázaro Cárdenas","dist_ref_km":70.7,"d_ciudad_km":53.6,"altura_m":2.5,"precio_m2":115,"precio_m2_min":75,"precio_m2_max":175,"valor":810000,"valor_min":530000,"valor_max":1200000},"geometry":{"type":"Polygon","coordinates":[[[-104.00258,25.28446],[-104.00257,25.28582],[-104.00227,25.28582],[-104.00225,25.28574],[-104.00207,25.28563],[-104.00208,25.28464],[-104.00216,25.28463],[-104.00228,25.28446],[-104.00258,25.28446]]]}},{"type":"Feature","properties":{"id":563,"estado":"activa","confianza":"alta","mixta":true,"area_m2":266900,"perimetro_m":4856,"largo_m":850,"ancho_m":630,"lat":25.266342,"lon":-103.992943,"municipio":"Nazas","cerca_de":"Santa Teresa de la Uña","dist_ref_km":70.9,"d_ciudad_km":53.4,"altura_m":2.9,"precio_m2":80,"precio_m2_min":50,"precio_m2_max":120,"valor":21000000,"valor_min":14000000,"valor_max":32000000},"geometry":{"type":"Polygon","coordinates":[[[-103.99794,25.26881],[-103.99794,25.26908],[-103.99767,25.26908],[-103.99764,25.26917],[-103.99727,25.26917],[-103.99724,25.26926],[-103.99694,25.26926],[-103.9969,25.26917],[-103.9962,25.26916],[-103.99605,25.26934],[-103.99515,25.26933],[-103.99515,25.269],[-103.99506,25.26897],[-103.99501,25.26888],[-103.99351,25.26887],[-103.99347,25.26896],[-103.99321,25.26896],[-103.99317,25.26905],[-103.99299,25.26906],[-103.99297,25.26923],[-103.99267,25.26923],[-103.99267,25.26908],[-103.99257,25.26905],[-103.99257,25.26888],[-103.99238,25.26886],[-103.99234,25.26877],[-103.99192,25.26877],[-103.99188,25.26886],[-103.9916,25.26887],[-103.99148,25.26904],[-103.99118,25.26904],[-103.99105,25.26886],[-103.99039,25.26885],[-103.99038,25.26878],[-103.99029,25.26876],[-103.99016,25.26858],[-103.9896,25.26857],[-103.9896,25.26821],[-103.98979,25.2681],[-103.9898,25.26794],[-103.99,25.2679],[-103.99002,25.26614],[-103.99117,25.26615],[-103.99121,25.26597],[-103.99305,25.26598],[-103.9931,25.26589],[-103.99385,25.26589],[-103.99389,25.26567],[-103.99385,25.26562],[-103.9935,25.26562],[-103.99348,25.26554],[-103.9934,25.26553],[-103.99337,25.26517],[-103.9928,25.26516],[-103.99275,25.26507],[-103.99254,25.26508],[-103.99251,25.26516],[-103.99241,25.26518],[-103.9924,25.26552],[-103.99211,25.26552],[-103.99208,25.26543],[-103.99185,25.26543],[-103.99181,25.26552],[-103.99163,25.26553],[-103.99161,25.26561],[-103.99052,25.2656],[-103.99048,25.26551],[-103.98992,25.26551],[-103.98992,25.26523],[-103.99148,25.26524],[-103.99151,25.26492],[-103.99092,25.26488],[-103.99088,25.26479],[-103.99052,25.26479],[-103.99048,25.2647],[-103.99013,25.26469],[-103.99009,25.2646],[-103.98963,25.2646],[-103.98962,25.26452],[-103.98953,25.26451],[-103.98953,25.26424],[-103.99003,25.26424],[-103.99008,25.26433],[-103.99148,25.26434],[-103.99152,25.26398],[-103.99199,25.26398],[-103.99202,25.26362],[-103.99232,25.26363],[-103.99233,25.2637],[-103.99242,25.26372],[-103.99242,25.26396],[-103.99252,25.26399],[-103.99251,25.26431],[-103.99261,25.26435],[-103.99265,25.26462],[-103.99321,25.26463],[-103.99324,25.26471],[-103.99356,25.26472],[-103.9936,25.26454],[-103.9946,25.26454],[-103.99462,25.26472],[-103.99495,25.26473],[-103.99509,25.26455],[-103.99518,25.26453],[-103.99519,25.26446],[-103.99528,25.26444],[-103.99529,25.26437],[-103.99579,25.26437],[-103.99578,25.26491],[-103.99551,25.26492],[-103.99549,25.265],[-103.99531,25.26501],[-103.99519,25.26518],[-103.99492,25.26518],[-103.99489,25.26527],[-103.99443,25.26527],[-103.99439,25.26536],[-103.99419,25.2654],[-103.9942,25.2657],[-103.99454,25.26572],[-103.99459,25.26563],[-103.99515,25.26563],[-103.99528,25.26545],[-103.99555,25.26545],[-103.99558,25.26536],[-103.99608,25.26537],[-103.99608,25.26564],[-103.99598,25.26568],[-103.99597,25.266],[-103.99588,25.26603],[-103.99587,25.26654],[-103.99577,25.26658],[-103.99577,25.26726],[-103.99557,25.26739],[-103.99557,25.26768],[-103.99566,25.26771],[-103.99566,25.26816],[-103.99556,25.2682],[-103.99556,25.26859],[-103.99566,25.26861],[-103.9957,25.26871],[-103.99592,25.2687],[-103.99595,25.26862],[-103.99655,25.26862],[-103.99658,25.26871],[-103.9969,25.26871],[-103.99695,25.26853],[-103.99724,25.26854],[-103.99737,25.26871],[-103.99764,25.26872],[-103.99768,25.26881],[-103.99794,25.26881]],[[-103.99323,25.26779],[-103.99338,25.26766],[-103.99334,25.26734],[-103.99283,25.26733],[-103.99279,25.26742],[-103.99213,25.26742],[-103.99209,25.26751],[-103.99199,25.26755],[-103.99203,25.26778],[-103.99323,25.26779]]]}},{"type":"Feature","properties":{"id":564,"estado":"activa","confianza":"alta","area_m2":12288,"perimetro_m":468,"largo_m":140,"ancho_m":100,"lat":25.285466,"lon":-104.005054,"municipio":"Nazas","cerca_de":"General Lázaro Cárdenas","dist_ref_km":70.9,"d_ciudad_km":53.7,"altura_m":2.3,"precio_m2":115,"precio_m2_min":75,"precio_m2_max":175,"valor":1400000,"valor_min":920000,"valor_max":2100000},"geometry":{"type":"Polygon","coordinates":[[[-104.00575,25.28503],[-104.00575,25.28539],[-104.00566,25.2854],[-104.00565,25.28557],[-104.00555,25.2856],[-104.00554,25.28593],[-104.00435,25.28592],[-104.00436,25.28556],[-104.00445,25.28553],[-104.00446,25.2852],[-104.00455,25.28518],[-104.00456,25.28502],[-104.00575,25.28503]]]}},{"type":"Feature","properties":{"id":565,"estado":"activa","confianza":"alta","mixta":true,"area_m2":184867,"perimetro_m":2560,"largo_m":770,"ancho_m":370,"lat":25.267459,"lon":-104.005443,"municipio":"Nazas","cerca_de":"Paso Nacional","dist_ref_km":71.9,"d_ciudad_km":54.5,"altura_m":1.8,"precio_m2":85,"precio_m2_min":55,"precio_m2_max":125,"valor":15000000,"valor_min":10000000,"valor_max":23000000},"geometry":{"type":"Polygon","coordinates":[[[-104.00691,25.264],[-104.00687,25.26905],[-104.00679,25.26906],[-104.00677,25.26914],[-104.00589,25.26915],[-104.00588,25.26946],[-104.00598,25.2695],[-104.00597,25.26986],[-104.0058,25.26986],[-104.00567,25.27004],[-104.00549,25.27005],[-104.00547,25.2704],[-104.00528,25.27042],[-104.00527,25.27058],[-104.00508,25.27069],[-104.00507,25.27094],[-104.00467,25.27093],[-104.00467,25.27078],[-104.00458,25.27075],[-104.00457,25.2706],[-104.00448,25.27057],[-104.00446,25.27049],[-104.00378,25.27048],[-104.00377,25.2704],[-104.00368,25.27038],[-104.00367,25.27021],[-104.00339,25.2702],[-104.00338,25.27005],[-104.00329,25.27002],[-104.00328,25.26986],[-104.00319,25.26984],[-104.00319,25.26957],[-104.00329,25.26955],[-104.0033,25.26939],[-104.00346,25.26939],[-104.00349,25.2693],[-104.00359,25.26927],[-104.0036,25.26898],[-104.0035,25.26894],[-104.0035,25.26867],[-104.0037,25.26855],[-104.0037,25.26822],[-104.00387,25.26822],[-104.0039,25.26813],[-104.00399,25.26811],[-104.004,25.26786],[-104.00487,25.26786],[-104.0049,25.26754],[-104.00401,25.2675],[-104.00399,25.26742],[-104.00391,25.26741],[-104.00389,25.26714],[-104.00341,25.26713],[-104.0034,25.26706],[-104.00331,25.26704],[-104.00332,25.26677],[-104.00341,25.26675],[-104.00342,25.2665],[-104.0035,25.26649],[-104.00352,25.26641],[-104.00427,25.26641],[-104.00441,25.26624],[-104.0045,25.26622],[-104.00452,25.26551],[-104.00469,25.26551],[-104.00482,25.26534],[-104.00491,25.26532],[-104.00492,25.26479],[-104.00511,25.26478],[-104.00512,25.26443],[-104.00531,25.26442],[-104.00532,25.26435],[-104.00542,25.26432],[-104.00542,25.26417],[-104.00551,25.26415],[-104.00552,25.26408],[-104.0057,25.26407],[-104.00572,25.26399],[-104.00602,25.26399],[-104.00603,25.26424],[-104.00612,25.26426],[-104.00615,25.26435],[-104.00637,25.26435],[-104.00642,25.26417],[-104.0065,25.26416],[-104.00662,25.26399],[-104.00691,25.264]]]}}]}