{"type":"FeatureCollection","bruto_m2":596539,"resumen":{"lotes":1076,"vendible_m2":353221,"pct_vendible":59.2,"lote_mediana":328,"lotes_premio_parque":196,"lotes_bulevar":154,"vial_pct":23.4,"verde_pct":16.6,"arboles":2305,"reubicar":354,"reubicar_casas":185,"reubicar_calles":139,"reubicar_comunal":31,"arboles_parques":81,"plazas":9,"predio_comercial_m2":4942,"lotes_comerciales":12,"venta":1233740157,"costo":962811765,"margen":270928393,"roi":28.1,"amenidades":66400000,"pista_km":3.3,"sendero_bulevar_km":1.3,"parque_m2":15701,"club_m2":15357,"plazas_m2":10928,"dist_verde_max_m":139,"dist_verde_media_m":64,"amenidades_detalle":{"salón y oficinas (1,440 m²)":21600000.0,"gimnasio (2 niveles, 1,000 m²)":14000000.0,"alberca, chapoteadero y asoleadero":7000000.0,"tenis":1500000.0,"2 de pádel":1800000.0,"multicancha y juegos":2500000.0,"parques y plazas (juegos, asadores, perros, gimnasio al aire libre)":8000000.0,"3 accesos con caseta":5000000.0,"patio de servicio":2000000.0,"plaza de acceso y bahía":3000000.0}},"features":[{"type":"Feature","properties":{"capa":"limite"},"geometry":{"type":"Polygon","coordinates":[[[-103.364376,25.558278],[-103.368099,25.558288],[-103.368678,25.55852],[-103.369483,25.560707],[-103.363646,25.564114],[-103.359151,25.56604],[-103.358099,25.566224],[-103.357713,25.565992],[-103.357531,25.564569],[-103.357606,25.561859],[-103.364376,25.558278]]]}},{"type":"Feature","properties":{"capa":"pista"},"geometry":{"type":"Polygon","coordinates":[[[-103.368099,25.558288],[-103.368678,25.55852],[-103.369483,25.560707],[-103.363646,25.564114],[-103.359151,25.56604],[-103.358099,25.566224],[-103.357713,25.565992],[-103.357531,25.564569],[-103.357606,25.561859],[-103.364376,25.558278],[-103.368099,25.558288]]]}},{"type":"Feature","properties":{"capa":"vial"},"geometry":{"type":"Polygon","coordinates":[[[-103.36428,25.558381],[-103.36429,25.558396],[-103.364367,25.558513],[-103.364714,25.558324],[-103.364925,25.558325],[-103.364424,25.558598],[-103.364691,25.559001],[-103.365927,25.558327],[-103.366172,25.558328],[-103.366424,25.558708],[-103.367117,25.55833],[-103.367329,25.558331],[-103.36648,25.558793],[-103.366745,25.559192],[-103.368041,25.558486],[-103.36794,25.558332],[-103.368068,25.558333],[-103.368135,25.558435],[-103.368223,25.558387],[-103.368345,25.558436],[-103.368192,25.55852],[-103.368852,25.559517],[-103.368969,25.559453],[-103.369004,25.559549],[-103.368908,25.559602],[-103.369168,25.559994],[-103.369327,25.560427],[-103.36914,25.560145],[-103.367844,25.560852],[-103.368113,25.561259],[-103.369379,25.560569],[-103.369415,25.560665],[-103.36817,25.561344],[-103.368206,25.561399],[-103.368114,25.561453],[-103.368076,25.561395],[-103.366753,25.562116],[-103.366816,25.56221],[-103.366724,25.562264],[-103.36666,25.562167],[-103.365405,25.56285],[-103.365493,25.562983],[-103.365401,25.563036],[-103.365312,25.562901],[-103.36404,25.563594],[-103.364144,25.56375],[-103.364153,25.563765],[-103.36419,25.56382],[-103.364096,25.563871],[-103.364061,25.563818],[-103.36405,25.563802],[-103.363947,25.563645],[-103.362735,25.564305],[-103.362812,25.564422],[-103.362713,25.564464],[-103.362641,25.564356],[-103.361449,25.565006],[-103.360454,25.565432],[-103.361271,25.564987],[-103.361001,25.56458],[-103.35967,25.565305],[-103.359909,25.565666],[-103.35981,25.565708],[-103.359577,25.565356],[-103.358365,25.566016],[-103.358434,25.56612],[-103.358319,25.56614],[-103.358271,25.566067],[-103.358092,25.566165],[-103.357991,25.566105],[-103.358215,25.565982],[-103.357945,25.565575],[-103.357725,25.565695],[-103.357711,25.565587],[-103.357889,25.56549],[-103.357653,25.565134],[-103.357623,25.564895],[-103.357983,25.565439],[-103.359194,25.564779],[-103.358534,25.563782],[-103.357588,25.564297],[-103.357591,25.56418],[-103.358478,25.563697],[-103.358213,25.563298],[-103.357607,25.563628],[-103.35761,25.563511],[-103.358157,25.563212],[-103.357896,25.562819],[-103.357625,25.562967],[-103.357628,25.562849],[-103.35784,25.562734],[-103.35764,25.562431],[-103.357643,25.562314],[-103.357584,25.562347],[-103.357537,25.562277],[-103.357631,25.562226],[-103.357645,25.562246],[-103.357647,25.562175],[-103.358941,25.561469],[-103.358812,25.561274],[-103.358906,25.561224],[-103.359035,25.561418],[-103.360255,25.560753],[-103.360136,25.560573],[-103.360231,25.560523],[-103.360349,25.560702],[-103.361561,25.560042],[-103.361451,25.559877],[-103.361546,25.559827],[-103.361654,25.559991],[-103.362926,25.559298],[-103.362827,25.55915],[-103.362922,25.5591],[-103.363019,25.559247],[-103.364273,25.558564],[-103.364196,25.558447],[-103.364185,25.558431],[-103.36415,25.558377],[-103.364244,25.558326],[-103.36428,25.558381]]]}},{"type":"Feature","properties":{"capa":"bulevar"},"geometry":{"type":"Polygon","coordinates":[[[-103.357651,25.565113],[-103.357613,25.564818],[-103.368717,25.558767],[-103.368813,25.55903],[-103.357651,25.565113]]]}},{"type":"Feature","properties":{"capa":"arroyo"},"geometry":{"type":"Polygon","coordinates":[[[-103.357628,25.564938],[-103.357619,25.564869],[-103.368733,25.558813],[-103.368756,25.558874],[-103.357628,25.564938]]]}},{"type":"Feature","properties":{"capa":"arroyo"},"geometry":{"type":"Polygon","coordinates":[[[-103.357644,25.565062],[-103.357635,25.564993],[-103.368774,25.558923],[-103.368797,25.558985],[-103.357644,25.565062]]]}},{"type":"Feature","properties":{"capa":"sendero"},"geometry":{"type":"Polygon","coordinates":[[[-103.357635,25.564993],[-103.357628,25.564938],[-103.368756,25.558874],[-103.368774,25.558923],[-103.357635,25.564993]]]}},{"type":"Feature","properties":{"capa":"comunal","nombre":"Club social"},"geometry":{"type":"Polygon","coordinates":[[[-103.366069,25.558366],[-103.36633,25.558759],[-103.365008,25.55948],[-103.364747,25.559086],[-103.366069,25.558366]]]}},{"type":"Feature","properties":{"capa":"comunal","nombre":"Club deportivo"},"geometry":{"type":"Polygon","coordinates":[[[-103.364653,25.559137],[-103.364914,25.559531],[-103.36366,25.560214],[-103.363399,25.559821],[-103.364653,25.559137]]]}},{"type":"Feature","properties":{"capa":"plaza_acceso"},"geometry":{"type":"Polygon","coordinates":[[[-103.363545,25.55877],[-103.364185,25.558431],[-103.364555,25.558989],[-103.363919,25.559335],[-103.363545,25.55877]]]}},{"type":"Feature","properties":{"capa":"plaza_acceso"},"geometry":{"type":"Polygon","coordinates":[[[-103.36428,25.558381],[-103.364389,25.558323],[-103.365108,25.558325],[-103.365284,25.558591],[-103.364649,25.558938],[-103.36428,25.558381]]]}},{"type":"Feature","properties":{"capa":"salon","nombre":"Salón (PB) · oficinas (PA)"},"geometry":{"type":"Polygon","coordinates":[[[-103.364806,25.55907],[-103.364899,25.55921],[-103.36524,25.559024],[-103.365148,25.558884],[-103.364806,25.55907]]]}},{"type":"Feature","properties":{"capa":"salon","nombre":"Gimnasio"},"geometry":{"type":"Polygon","coordinates":[[[-103.365182,25.558866],[-103.365264,25.55899],[-103.365537,25.558841],[-103.365455,25.558717],[-103.365182,25.558866]]]}},{"type":"Feature","properties":{"capa":"alberca","nombre":"Alberca"},"geometry":{"type":"Polygon","coordinates":[[[-103.365489,25.558699],[-103.365591,25.558853],[-103.365915,25.558677],[-103.365813,25.558522],[-103.365489,25.558699]]]}},{"type":"Feature","properties":{"capa":"estacionamiento","nombre":"Estacionamiento"},"geometry":{"type":"Polygon","coordinates":[[[-103.364935,25.559264],[-103.364986,25.559342],[-103.365532,25.559044],[-103.365481,25.558967],[-103.364935,25.559264]]]}},{"type":"Feature","properties":{"capa":"tenis","nombre":"Tenis"},"geometry":{"type":"Polygon","coordinates":[[[-103.364308,25.559363],[-103.364402,25.559504],[-103.364714,25.559334],[-103.36462,25.559193],[-103.364308,25.559363]]]}},{"type":"Feature","properties":{"capa":"padel","nombre":"Pádel"},"geometry":{"type":"Polygon","coordinates":[[[-103.364124,25.559506],[-103.364176,25.559584],[-103.364346,25.559491],[-103.364295,25.559413],[-103.364124,25.559506]]]}},{"type":"Feature","properties":{"capa":"padel","nombre":"Pádel"},"geometry":{"type":"Polygon","coordinates":[[[-103.363937,25.559609],[-103.363988,25.559686],[-103.364159,25.559593],[-103.364107,25.559516],[-103.363937,25.559609]]]}},{"type":"Feature","properties":{"capa":"tenis","nombre":"Multicancha"},"geometry":{"type":"Polygon","coordinates":[[[-103.363651,25.559738],[-103.363728,25.559854],[-103.363967,25.559724],[-103.36389,25.559608],[-103.363651,25.559738]]]}},{"type":"Feature","properties":{"capa":"estacionamiento","nombre":"Estacionamiento"},"geometry":{"type":"Polygon","coordinates":[[[-103.364278,25.559622],[-103.364329,25.5597],[-103.36479,25.559449],[-103.364738,25.559371],[-103.364278,25.559622]]]}},{"type":"Feature","properties":{"capa":"comercio","nombre":"Súper · café · farmacia"},"geometry":{"type":"Polygon","coordinates":[[[-103.364856,25.55833],[-103.364438,25.558558],[-103.364325,25.558387],[-103.364442,25.558323],[-103.364852,25.558324],[-103.364856,25.55833]]]}},{"type":"Feature","properties":{"capa":"estacionamiento","nombre":"Visitas"},"geometry":{"type":"Polygon","coordinates":[[[-103.364171,25.558471],[-103.364274,25.558626],[-103.363822,25.558872],[-103.363719,25.558717],[-103.364171,25.558471]]]}},{"type":"Feature","properties":{"capa":"caseta","nombre":"Caseta (2 entradas, 2 salidas)"},"geometry":{"type":"Polygon","coordinates":[[[-103.364438,25.558768],[-103.364489,25.558846],[-103.36454,25.558818],[-103.364489,25.55874],[-103.364438,25.558768]]]}},{"type":"Feature","properties":{"capa":"bahia","nombre":"Ascenso y descenso"},"geometry":{"type":"Polygon","coordinates":[[[-103.364115,25.559018],[-103.364167,25.559095],[-103.364491,25.558918],[-103.364439,25.558841],[-103.364115,25.559018]]]}},{"type":"Feature","properties":{"capa":"caseta","nombre":"Acceso residentes"},"geometry":{"type":"Polygon","coordinates":[[[-103.36401,25.563697],[-103.364061,25.563774],[-103.364112,25.563747],[-103.364061,25.563669],[-103.36401,25.563697]]]}},{"type":"Feature","properties":{"capa":"servicio","nombre":"Servicio y vivero"},"geometry":{"type":"Polygon","coordinates":[[[-103.357743,25.562596],[-103.357634,25.562656],[-103.35764,25.56244],[-103.357743,25.562596]]]}},{"type":"Feature","properties":{"capa":"parque","nombre":"Parque 1 · juegos, asadores y parque para perros","arboles":49},"geometry":{"type":"Polygon","coordinates":[[[-103.36775,25.560903],[-103.368019,25.56131],[-103.366697,25.56203],[-103.366427,25.561623],[-103.36775,25.560903]]]}},{"type":"Feature","properties":{"capa":"parque","nombre":"Parque 2 · explanada, gimnasio al aire libre y huerto","arboles":32},"geometry":{"type":"Polygon","coordinates":[[[-103.363943,25.560835],[-103.364203,25.561227],[-103.362932,25.56192],[-103.362672,25.561528],[-103.363943,25.560835]]]}},{"type":"Feature","properties":{"capa":"plaza","nombre":"Plaza 1 · juegos y bancas"},"geometry":{"type":"Polygon","coordinates":[[[-103.359451,25.562239],[-103.359582,25.562436],[-103.359457,25.562504],[-103.35935,25.562563],[-103.359243,25.562621],[-103.359113,25.562424],[-103.35922,25.562366],[-103.359326,25.562308],[-103.359451,25.562239]]]}},{"type":"Feature","properties":{"capa":"plaza","nombre":"Plaza 2 · juegos y bancas"},"geometry":{"type":"Polygon","coordinates":[[[-103.359071,25.564593],[-103.359194,25.564779],[-103.359061,25.564852],[-103.358953,25.564911],[-103.358844,25.56497],[-103.358721,25.564783],[-103.358829,25.564724],[-103.358937,25.564665],[-103.359071,25.564593]]]}},{"type":"Feature","properties":{"capa":"plaza","nombre":"Plaza 3 · juegos y bancas"},"geometry":{"type":"Polygon","coordinates":[[[-103.362114,25.563858],[-103.362007,25.563916],[-103.3619,25.563975],[-103.361792,25.564033],[-103.361685,25.564092],[-103.36155,25.563888],[-103.361658,25.56383],[-103.361765,25.563771],[-103.361872,25.563713],[-103.361979,25.563654],[-103.362114,25.563858]]]}},{"type":"Feature","properties":{"capa":"plaza","nombre":"Plaza 4 · juegos y bancas"},"geometry":{"type":"Polygon","coordinates":[[[-103.361479,25.560751],[-103.361367,25.560812],[-103.361255,25.560873],[-103.361143,25.560934],[-103.361031,25.560995],[-103.360897,25.560794],[-103.361009,25.560733],[-103.361122,25.560672],[-103.361234,25.560611],[-103.361346,25.560549],[-103.361479,25.560751]]]}},{"type":"Feature","properties":{"capa":"plaza","nombre":"Plaza 5 · juegos y bancas"},"geometry":{"type":"Polygon","coordinates":[[[-103.364308,25.562662],[-103.364195,25.562724],[-103.364082,25.562786],[-103.363969,25.562847],[-103.363856,25.562909],[-103.363721,25.562705],[-103.363834,25.562644],[-103.363947,25.562582],[-103.36406,25.56252],[-103.364173,25.562459],[-103.364308,25.562662]]]}},{"type":"Feature","properties":{"capa":"plaza","nombre":"Plaza 6 · juegos y bancas"},"geometry":{"type":"Polygon","coordinates":[[[-103.368511,25.559195],[-103.368635,25.559381],[-103.36848,25.559466],[-103.368377,25.559522],[-103.368274,25.559578],[-103.36815,25.559392],[-103.368253,25.559336],[-103.368356,25.559279],[-103.368511,25.559195]]]}},{"type":"Feature","properties":{"capa":"plaza","nombre":"Plaza 7 · juegos y bancas"},"geometry":{"type":"Polygon","coordinates":[[[-103.358425,25.562415],[-103.358318,25.562474],[-103.35821,25.562532],[-103.358103,25.562591],[-103.357934,25.562683],[-103.3578,25.562481],[-103.357969,25.562389],[-103.358077,25.562331],[-103.358184,25.562272],[-103.358291,25.562214],[-103.358425,25.562415]]]}},{"type":"Feature","properties":{"capa":"plaza","nombre":"Plaza 8 · juegos y bancas"},"geometry":{"type":"Polygon","coordinates":[[[-103.361423,25.561165],[-103.361316,25.561223],[-103.36121,25.561281],[-103.361103,25.56134],[-103.360996,25.561398],[-103.360866,25.561201],[-103.360973,25.561143],[-103.361079,25.561085],[-103.361186,25.561027],[-103.361293,25.560969],[-103.361423,25.561165]]]}},{"type":"Feature","properties":{"capa":"plaza","nombre":"Plaza 9 · juegos y bancas"},"geometry":{"type":"Polygon","coordinates":[[[-103.360496,25.563816],[-103.360619,25.564003],[-103.360452,25.564094],[-103.360348,25.564151],[-103.360244,25.564207],[-103.36012,25.564021],[-103.360224,25.563964],[-103.360328,25.563908],[-103.360496,25.563816]]]}},{"type":"Feature","properties":{"capa":"comercio","nombre":"","m2":244},"geometry":{"type":"Polygon","coordinates":[[[-103.365492,25.558326],[-103.365644,25.558326],[-103.365719,25.558441],[-103.365608,25.558501],[-103.365492,25.558326]]]}},{"type":"Feature","properties":{"capa":"comercio","nombre":"","m2":330},"geometry":{"type":"Polygon","coordinates":[[[-103.365363,25.55836],[-103.365426,25.558326],[-103.365492,25.558326],[-103.365608,25.558501],[-103.365497,25.558562],[-103.365363,25.55836]]]}},{"type":"Feature","properties":{"capa":"comercio","nombre":"","m2":340},"geometry":{"type":"Polygon","coordinates":[[[-103.365252,25.558421],[-103.365386,25.558622],[-103.365497,25.558562],[-103.365363,25.55836],[-103.365252,25.558421]]]}},{"type":"Feature","properties":{"capa":"comercio","nombre":"","m2":301},"geometry":{"type":"Polygon","coordinates":[[[-103.366593,25.558348],[-103.366628,25.558329],[-103.366728,25.558329],[-103.366832,25.558486],[-103.366723,25.558545],[-103.366593,25.558348]]]}},{"type":"Feature","properties":{"capa":"comercio","nombre":"","m2":323},"geometry":{"type":"Polygon","coordinates":[[[-103.366485,25.558407],[-103.366615,25.558604],[-103.366723,25.558545],[-103.366593,25.558348],[-103.366485,25.558407]]]}},{"type":"Feature","properties":{"capa":"comercio","nombre":"","m2":298},"geometry":{"type":"Polygon","coordinates":[[[-103.367552,25.558481],[-103.367442,25.55854],[-103.36731,25.558341],[-103.367329,25.558331],[-103.367453,25.558331],[-103.367552,25.558481]]]}},{"type":"Feature","properties":{"capa":"comercio","nombre":"","m2":332},"geometry":{"type":"Polygon","coordinates":[[[-103.3672,25.558401],[-103.367333,25.5586],[-103.367442,25.55854],[-103.36731,25.558341],[-103.3672,25.558401]]]}},{"type":"Feature","properties":{"capa":"comercio","nombre":"","m2":369},"geometry":{"type":"Polygon","coordinates":[[[-103.367777,25.558358],[-103.367825,25.558332],[-103.36794,25.558332],[-103.368041,25.558486],[-103.36791,25.558558],[-103.367777,25.558358]]]}},{"type":"Feature","properties":{"capa":"comercio","nombre":"","m2":335},"geometry":{"type":"Polygon","coordinates":[[[-103.367666,25.558418],[-103.367799,25.558618],[-103.36791,25.558558],[-103.367777,25.558358],[-103.367666,25.558418]]]}},{"type":"Feature","properties":{"capa":"comercio","nombre":"","m2":292},"geometry":{"type":"Polygon","coordinates":[[[-103.36853,25.558602],[-103.368422,25.558661],[-103.368292,25.558465],[-103.368345,25.558436],[-103.368448,25.558477],[-103.36853,25.558602]]]}},{"type":"Feature","properties":{"capa":"comercio","nombre":"","m2":299},"geometry":{"type":"Polygon","coordinates":[[[-103.368192,25.55852],[-103.368321,25.558716],[-103.368422,25.558661],[-103.368292,25.558465],[-103.368192,25.55852]]]}},{"type":"Feature","properties":{"capa":"comercio","nombre":"","m2":322},"geometry":{"type":"Polygon","coordinates":[[[-103.368422,25.558661],[-103.368552,25.558857],[-103.36866,25.558798],[-103.36853,25.558602],[-103.368422,25.558661]]]}},{"type":"Feature","properties":{"capa":"lote","n":1,"m2":385,"frente":"calle","premio":"","ancho":20.3,"fondo":30.0,"arboles":2},"geometry":{"type":"Polygon","coordinates":[[[-103.362922,25.5591],[-103.363096,25.559007],[-103.363193,25.559153],[-103.363019,25.559247],[-103.362922,25.5591]]]}},{"type":"Feature","properties":{"capa":"lote","n":2,"m2":338,"frente":"calle","premio":"","ancho":17.4,"fondo":30.0,"arboles":1},"geometry":{"type":"Polygon","coordinates":[[[-103.362677,25.559229],[-103.362827,25.55915],[-103.362926,25.559298],[-103.362777,25.55938],[-103.362677,25.559229]]]}},{"type":"Feature","properties":{"capa":"lote","n":3,"m2":256,"frente":"calle","premio":"","ancho":13.1,"fondo":30.0,"arboles":3},"geometry":{"type":"Polygon","coordinates":[[[-103.362565,25.559288],[-103.362677,25.559229],[-103.362777,25.55938],[-103.362665,25.55944],[-103.362565,25.559288]]]}},{"type":"Feature","properties":{"capa":"lote","n":4,"m2":258,"frente":"calle","premio":"","ancho":13.1,"fondo":30.0,"arboles":3},"geometry":{"type":"Polygon","coordinates":[[[-103.362452,25.559348],[-103.362565,25.559288],[-103.362665,25.55944],[-103.362554,25.559501],[-103.362452,25.559348]]]}},{"type":"Feature","properties":{"capa":"lote","n":5,"m2":260,"frente":"calle","premio":"","ancho":13.1,"fondo":30.0,"arboles":3},"geometry":{"type":"Polygon","coordinates":[[[-103.36234,25.559407],[-103.362452,25.559348],[-103.362554,25.559501],[-103.362442,25.559562],[-103.36234,25.559407]]]}},{"type":"Feature","properties":{"capa":"lote","n":6,"m2":262,"frente":"calle","premio":"","ancho":13.1,"fondo":30.0,"arboles":1},"geometry":{"type":"Polygon","coordinates":[[[-103.362227,25.559467],[-103.36234,25.559407],[-103.362442,25.559562],[-103.36233,25.559623],[-103.362227,25.559467]]]}},{"type":"Feature","properties":{"capa":"lote","n":7,"m2":265,"frente":"calle","premio":"","ancho":13.1,"fondo":30.0,"arboles":1},"geometry":{"type":"Polygon","coordinates":[[[-103.362115,25.559526],[-103.362227,25.559467],[-103.36233,25.559623],[-103.362219,25.559684],[-103.362115,25.559526]]]}},{"type":"Feature","properties":{"capa":"lote","n":8,"m2":267,"frente":"calle","premio":"","ancho":13.1,"fondo":30.0,"arboles":1},"geometry":{"type":"Polygon","coordinates":[[[-103.362002,25.559586],[-103.362115,25.559526],[-103.362219,25.559684],[-103.362107,25.559744],[-103.362002,25.559586]]]}},{"type":"Feature","properties":{"capa":"lote","n":9,"m2":269,"frente":"calle","premio":"","ancho":13.1,"fondo":30.0,"arboles":3},"geometry":{"type":"Polygon","coordinates":[[[-103.36189,25.559645],[-103.362002,25.559586],[-103.362107,25.559744],[-103.361996,25.559805],[-103.36189,25.559645]]]}},{"type":"Feature","properties":{"capa":"lote","n":10,"m2":271,"frente":"calle","premio":"","ancho":13.1,"fondo":30.0,"arboles":3},"geometry":{"type":"Polygon","coordinates":[[[-103.361777,25.559705],[-103.36189,25.559645],[-103.361996,25.559805],[-103.361884,25.559866],[-103.361777,25.559705]]]}},{"type":"Feature","properties":{"capa":"lote","n":11,"m2":273,"frente":"calle","premio":"","ancho":13.1,"fondo":30.0,"arboles":3},"geometry":{"type":"Polygon","coordinates":[[[-103.361665,25.559764],[-103.361777,25.559705],[-103.361884,25.559866],[-103.361772,25.559927],[-103.361665,25.559764]]]}},{"type":"Feature","properties":{"capa":"lote","n":12,"m2":292,"frente":"calle","premio":"","ancho":13.8,"fondo":30.0,"arboles":3},"geometry":{"type":"Polygon","coordinates":[[[-103.361546,25.559827],[-103.361665,25.559764],[-103.361772,25.559927],[-103.361654,25.559991],[-103.361546,25.559827]]]}},{"type":"Feature","properties":{"capa":"lote","n":13,"m2":270,"frente":"calle","premio":"","ancho":12.6,"fondo":30.0,"arboles":3},"geometry":{"type":"Polygon","coordinates":[[[-103.361343,25.559935],[-103.361451,25.559877],[-103.361561,25.560042],[-103.361453,25.560101],[-103.361343,25.559935]]]}},{"type":"Feature","properties":{"capa":"lote","n":14,"m2":279,"frente":"calle","premio":"","ancho":12.9,"fondo":30.0,"arboles":1},"geometry":{"type":"Polygon","coordinates":[[[-103.361232,25.559994],[-103.361343,25.559935],[-103.361453,25.560101],[-103.361342,25.560161],[-103.361232,25.559994]]]}},{"type":"Feature","properties":{"capa":"lote","n":15,"m2":281,"frente":"calle","premio":"","ancho":12.9,"fondo":30.0,"arboles":2},"geometry":{"type":"Polygon","coordinates":[[[-103.36112,25.560052],[-103.361232,25.559994],[-103.361342,25.560161],[-103.361232,25.560221],[-103.36112,25.560052]]]}},{"type":"Feature","properties":{"capa":"lote","n":16,"m2":283,"frente":"calle","premio":"","ancho":12.9,"fondo":30.0,"arboles":0},"geometry":{"type":"Polygon","coordinates":[[[-103.361009,25.560111],[-103.36112,25.560052],[-103.361232,25.560221],[-103.361122,25.560281],[-103.361009,25.560111]]]}},{"type":"Feature","properties":{"capa":"lote","n":17,"m2":285,"frente":"calle","premio":"","ancho":12.9,"fondo":30.0,"arboles":1},"geometry":{"type":"Polygon","coordinates":[[[-103.360898,25.56017],[-103.361009,25.560111],[-103.361122,25.560281],[-103.361011,25.560342],[-103.360898,25.56017]]]}},{"type":"Feature","properties":{"capa":"lote","n":18,"m2":288,"frente":"calle","premio":"","ancho":12.9,"fondo":30.0,"arboles":2},"geometry":{"type":"Polygon","coordinates":[[[-103.360787,25.560229],[-103.360898,25.56017],[-103.361011,25.560342],[-103.360901,25.560402],[-103.360787,25.560229]]]}},{"type":"Feature","properties":{"capa":"lote","n":19,"m2":290,"frente":"calle","premio":"","ancho":12.9,"fondo":30.0,"arboles":1},"geometry":{"type":"Polygon","coordinates":[[[-103.360675,25.560288],[-103.360787,25.560229],[-103.360901,25.560402],[-103.36079,25.560462],[-103.360675,25.560288]]]}},{"type":"Feature","properties":{"capa":"lote","n":20,"m2":292,"frente":"calle","premio":"","ancho":12.9,"fondo":30.0,"arboles":2},"geometry":{"type":"Polygon","coordinates":[[[-103.360564,25.560347],[-103.360675,25.560288],[-103.36079,25.560462],[-103.36068,25.560522],[-103.360564,25.560347]]]}},{"type":"Feature","properties":{"capa":"lote","n":21,"m2":294,"frente":"calle","premio":"","ancho":12.9,"fondo":30.0,"arboles":2},"geometry":{"type":"Polygon","coordinates":[[[-103.360453,25.560406],[-103.360564,25.560347],[-103.36068,25.560522],[-103.36057,25.560582],[-103.360453,25.560406]]]}},{"type":"Feature","properties":{"capa":"lote","n":22,"m2":296,"frente":"calle","premio":"","ancho":12.9,"fondo":30.0,"arboles":2},"geometry":{"type":"Polygon","coordinates":[[[-103.360342,25.560464],[-103.360453,25.560406],[-103.36057,25.560582],[-103.360459,25.560642],[-103.360342,25.560464]]]}},{"type":"Feature","properties":{"capa":"lote","n":23,"m2":298,"frente":"calle","premio":"","ancho":12.9,"fondo":30.0,"arboles":3},"geometry":{"type":"Polygon","coordinates":[[[-103.360231,25.560523],[-103.360342,25.560464],[-103.360459,25.560642],[-103.360349,25.560702],[-103.360231,25.560523]]]}},{"type":"Feature","properties":{"capa":"lote","n":24,"m2":331,"frente":"calle","premio":"","ancho":14.2,"fondo":30.0,"arboles":3},"geometry":{"type":"Polygon","coordinates":[[[-103.360014,25.560638],[-103.360136,25.560573],[-103.360255,25.560753],[-103.360135,25.560819],[-103.360014,25.560638]]]}},{"type":"Feature","properties":{"capa":"lote","n":25,"m2":294,"frente":"calle","premio":"","ancho":12.5,"fondo":30.0,"arboles":1},"geometry":{"type":"Polygon","coordinates":[[[-103.359907,25.560694],[-103.360014,25.560638],[-103.360135,25.560819],[-103.360028,25.560877],[-103.359907,25.560694]]]}},{"type":"Feature","properties":{"capa":"lote","n":26,"m2":296,"frente":"calle","premio":"","ancho":12.5,"fondo":30.0,"arboles":3},"geometry":{"type":"Polygon","coordinates":[[[-103.359799,25.560751],[-103.359907,25.560694],[-103.360028,25.560877],[-103.359921,25.560935],[-103.359799,25.560751]]]}},{"type":"Feature","properties":{"capa":"lote","n":27,"m2":299,"frente":"calle","premio":"","ancho":12.5,"fondo":30.0,"arboles":2},"geometry":{"type":"Polygon","coordinates":[[[-103.359692,25.560808],[-103.359799,25.560751],[-103.359921,25.560935],[-103.359815,25.560994],[-103.359692,25.560808]]]}},{"type":"Feature","properties":{"capa":"lote","n":28,"m2":301,"frente":"calle","premio":"","ancho":12.5,"fondo":30.0,"arboles":4},"geometry":{"type":"Polygon","coordinates":[[[-103.359584,25.560865],[-103.359692,25.560808],[-103.359815,25.560994],[-103.359708,25.561052],[-103.359584,25.560865]]]}},{"type":"Feature","properties":{"capa":"lote","n":29,"m2":303,"frente":"calle","premio":"","ancho":12.5,"fondo":30.0,"arboles":3},"geometry":{"type":"Polygon","coordinates":[[[-103.359477,25.560922],[-103.359584,25.560865],[-103.359708,25.561052],[-103.359601,25.56111],[-103.359477,25.560922]]]}},{"type":"Feature","properties":{"capa":"lote","n":30,"m2":305,"frente":"calle","premio":"","ancho":12.5,"fondo":30.0,"arboles":2},"geometry":{"type":"Polygon","coordinates":[[[-103.359369,25.560979],[-103.359477,25.560922],[-103.359601,25.56111],[-103.359495,25.561168],[-103.359369,25.560979]]]}},{"type":"Feature","properties":{"capa":"lote","n":31,"m2":307,"frente":"calle","premio":"","ancho":12.5,"fondo":30.0,"arboles":5},"geometry":{"type":"Polygon","coordinates":[[[-103.359262,25.561036],[-103.359369,25.560979],[-103.359495,25.561168],[-103.359388,25.561226],[-103.359262,25.561036]]]}},{"type":"Feature","properties":{"capa":"lote","n":32,"m2":309,"frente":"calle","premio":"","ancho":12.5,"fondo":30.0,"arboles":2},"geometry":{"type":"Polygon","coordinates":[[[-103.359154,25.561092],[-103.359262,25.561036],[-103.359388,25.561226],[-103.359281,25.561284],[-103.359154,25.561092]]]}},{"type":"Feature","properties":{"capa":"lote","n":33,"m2":311,"frente":"calle","premio":"","ancho":12.5,"fondo":30.0,"arboles":1},"geometry":{"type":"Polygon","coordinates":[[[-103.359047,25.561149],[-103.359154,25.561092],[-103.359281,25.561284],[-103.359175,25.561342],[-103.359047,25.561149]]]}},{"type":"Feature","properties":{"capa":"lote","n":34,"m2":409,"frente":"calle","premio":"","ancho":16.3,"fondo":30.0,"arboles":2},"geometry":{"type":"Polygon","coordinates":[[[-103.358906,25.561224],[-103.359047,25.561149],[-103.359175,25.561342],[-103.359035,25.561418],[-103.358906,25.561224]]]}},{"type":"Feature","properties":{"capa":"lote","n":35,"m2":277,"frente":"calle","premio":"","ancho":10.9,"fondo":30.0,"arboles":1},"geometry":{"type":"Polygon","coordinates":[[[-103.358718,25.561323],[-103.358812,25.561274],[-103.358941,25.561469],[-103.358848,25.56152],[-103.358718,25.561323]]]}},{"type":"Feature","properties":{"capa":"lote","n":36,"m2":323,"frente":"calle","premio":"","ancho":12.7,"fondo":30.0,"arboles":5},"geometry":{"type":"Polygon","coordinates":[[[-103.358609,25.561381],[-103.358718,25.561323],[-103.358848,25.56152],[-103.35874,25.561579],[-103.358609,25.561381]]]}},{"type":"Feature","properties":{"capa":"lote","n":37,"m2":325,"frente":"calle","premio":"","ancho":12.7,"fondo":30.0,"arboles":4},"geometry":{"type":"Polygon","coordinates":[[[-103.3585,25.561438],[-103.358609,25.561381],[-103.35874,25.561579],[-103.358632,25.561638],[-103.3585,25.561438]]]}},{"type":"Feature","properties":{"capa":"lote","n":38,"m2":327,"frente":"calle","premio":"","ancho":12.7,"fondo":30.0,"arboles":4},"geometry":{"type":"Polygon","coordinates":[[[-103.358391,25.561496],[-103.3585,25.561438],[-103.358632,25.561638],[-103.358524,25.561697],[-103.358391,25.561496]]]}},{"type":"Feature","properties":{"capa":"lote","n":39,"m2":329,"frente":"calle","premio":"","ancho":12.7,"fondo":30.0,"arboles":6},"geometry":{"type":"Polygon","coordinates":[[[-103.358282,25.561554],[-103.358391,25.561496],[-103.358524,25.561697],[-103.358416,25.561756],[-103.358282,25.561554]]]}},{"type":"Feature","properties":{"capa":"lote","n":40,"m2":331,"frente":"calle","premio":"","ancho":12.7,"fondo":30.0,"arboles":3},"geometry":{"type":"Polygon","coordinates":[[[-103.358174,25.561611],[-103.358282,25.561554],[-103.358416,25.561756],[-103.358308,25.561814],[-103.358174,25.561611]]]}},{"type":"Feature","properties":{"capa":"lote","n":41,"m2":333,"frente":"calle","premio":"","ancho":12.7,"fondo":30.0,"arboles":3},"geometry":{"type":"Polygon","coordinates":[[[-103.358065,25.561669],[-103.358174,25.561611],[-103.358308,25.561814],[-103.3582,25.561873],[-103.358065,25.561669]]]}},{"type":"Feature","properties":{"capa":"lote","n":42,"m2":335,"frente":"calle","premio":"","ancho":12.7,"fondo":30.0,"arboles":4},"geometry":{"type":"Polygon","coordinates":[[[-103.357956,25.561726],[-103.358065,25.561669],[-103.3582,25.561873],[-103.358092,25.561932],[-103.357956,25.561726]]]}},{"type":"Feature","properties":{"capa":"lote","n":43,"m2":338,"frente":"calle","premio":"","ancho":12.7,"fondo":30.0,"arboles":4},"geometry":{"type":"Polygon","coordinates":[[[-103.357847,25.561784],[-103.357956,25.561726],[-103.358092,25.561932],[-103.357984,25.561991],[-103.357847,25.561784]]]}},{"type":"Feature","properties":{"capa":"lote","n":44,"m2":340,"frente":"calle","premio":"","ancho":12.7,"fondo":30.0,"arboles":3},"geometry":{"type":"Polygon","coordinates":[[[-103.357738,25.561841],[-103.357847,25.561784],[-103.357984,25.561991],[-103.357876,25.56205],[-103.357738,25.561841]]]}},{"type":"Feature","properties":{"capa":"lote","n":45,"m2":335,"frente":"calle","premio":"","ancho":12.7,"fondo":30.0,"arboles":3},"geometry":{"type":"Polygon","coordinates":[[[-103.357654,25.561936],[-103.357655,25.561885],[-103.357738,25.561841],[-103.357876,25.56205],[-103.357768,25.562109],[-103.357654,25.561936]]]}},{"type":"Feature","properties":{"capa":"lote","n":46,"m2":309,"frente":"calle","premio":"","ancho":12.6,"fondo":26.0,"arboles":1},"geometry":{"type":"Polygon","coordinates":[[[-103.363726,25.559252],[-103.363593,25.559051],[-103.363694,25.558995],[-103.363828,25.559197],[-103.363726,25.559252]]]}},{"type":"Feature","properties":{"capa":"lote","n":47,"m2":328,"frente":"calle","premio":"","ancho":12.6,"fondo":26.0,"arboles":0},"geometry":{"type":"Polygon","coordinates":[[[-103.363486,25.559109],[-103.363619,25.559311],[-103.363726,25.559252],[-103.363593,25.559051],[-103.363486,25.559109]]]}},{"type":"Feature","properties":{"capa":"lote","n":48,"m2":328,"frente":"calle","premio":"","ancho":12.6,"fondo":26.0,"arboles":2},"geometry":{"type":"Polygon","coordinates":[[[-103.363378,25.559168],[-103.363512,25.559369],[-103.363619,25.559311],[-103.363486,25.559109],[-103.363378,25.559168]]]}},{"type":"Feature","properties":{"capa":"lote","n":49,"m2":328,"frente":"calle","premio":"","ancho":12.6,"fondo":26.0,"arboles":2},"geometry":{"type":"Polygon","coordinates":[[[-103.363271,25.559226],[-103.363405,25.559428],[-103.363512,25.559369],[-103.363378,25.559168],[-103.363271,25.559226]]]}},{"type":"Feature","properties":{"capa":"lote","n":50,"m2":328,"frente":"calle","premio":"","ancho":12.6,"fondo":26.0,"arboles":2},"geometry":{"type":"Polygon","coordinates":[[[-103.363164,25.559285],[-103.363297,25.559486],[-103.363405,25.559428],[-103.363271,25.559226],[-103.363164,25.559285]]]}},{"type":"Feature","properties":{"capa":"lote","n":51,"m2":268,"frente":"calle","premio":"","ancho":10.3,"fondo":26.0,"arboles":1},"geometry":{"type":"Polygon","coordinates":[[[-103.363076,25.559332],[-103.363209,25.559534],[-103.363297,25.559486],[-103.363164,25.559285],[-103.363076,25.559332]]]}},{"type":"Feature","properties":{"capa":"lote","n":52,"m2":404,"frente":"calle","premio":"","ancho":15.5,"fondo":26.0,"arboles":1},"geometry":{"type":"Polygon","coordinates":[[[-103.36285,25.559456],[-103.362983,25.559657],[-103.363115,25.559585],[-103.362982,25.559384],[-103.36285,25.559456]]]}},{"type":"Feature","properties":{"capa":"lote","n":53,"m2":339,"frente":"calle","premio":"","ancho":13.0,"fondo":26.0,"arboles":1},"geometry":{"type":"Polygon","coordinates":[[[-103.362739,25.559516],[-103.362872,25.559718],[-103.362983,25.559657],[-103.36285,25.559456],[-103.362739,25.559516]]]}},{"type":"Feature","properties":{"capa":"lote","n":54,"m2":339,"frente":"calle","premio":"","ancho":13.0,"fondo":26.0,"arboles":2},"geometry":{"type":"Polygon","coordinates":[[[-103.362628,25.559577],[-103.362761,25.559778],[-103.362872,25.559718],[-103.362739,25.559516],[-103.362628,25.559577]]]}},{"type":"Feature","properties":{"capa":"lote","n":55,"m2":339,"frente":"calle","premio":"","ancho":13.0,"fondo":26.0,"arboles":0},"geometry":{"type":"Polygon","coordinates":[[[-103.362517,25.559637],[-103.36265,25.559839],[-103.362761,25.559778],[-103.362628,25.559577],[-103.362517,25.559637]]]}},{"type":"Feature","properties":{"capa":"lote","n":56,"m2":339,"frente":"calle","premio":"","ancho":13.0,"fondo":26.0,"arboles":0},"geometry":{"type":"Polygon","coordinates":[[[-103.362405,25.559698],[-103.362539,25.559899],[-103.36265,25.559839],[-103.362517,25.559637],[-103.362405,25.559698]]]}},{"type":"Feature","properties":{"capa":"lote","n":57,"m2":339,"frente":"calle","premio":"","ancho":13.0,"fondo":26.0,"arboles":1},"geometry":{"type":"Polygon","coordinates":[[[-103.362294,25.559758],[-103.362428,25.55996],[-103.362539,25.559899],[-103.362405,25.559698],[-103.362294,25.559758]]]}},{"type":"Feature","properties":{"capa":"lote","n":58,"m2":339,"frente":"calle","premio":"","ancho":13.0,"fondo":26.0,"arboles":1},"geometry":{"type":"Polygon","coordinates":[[[-103.362183,25.559819],[-103.362317,25.56002],[-103.362428,25.55996],[-103.362294,25.559758],[-103.362183,25.559819]]]}},{"type":"Feature","properties":{"capa":"lote","n":59,"m2":339,"frente":"calle","premio":"","ancho":13.0,"fondo":26.0,"arboles":1},"geometry":{"type":"Polygon","coordinates":[[[-103.362072,25.559879],[-103.362206,25.560081],[-103.362317,25.56002],[-103.362183,25.559819],[-103.362072,25.559879]]]}},{"type":"Feature","properties":{"capa":"lote","n":60,"m2":339,"frente":"calle","premio":"","ancho":13.0,"fondo":26.0,"arboles":0},"geometry":{"type":"Polygon","coordinates":[[[-103.361961,25.55994],[-103.362095,25.560141],[-103.362206,25.560081],[-103.362072,25.559879],[-103.361961,25.55994]]]}},{"type":"Feature","properties":{"capa":"lote","n":61,"m2":339,"frente":"calle","premio":"","ancho":13.0,"fondo":26.0,"arboles":1},"geometry":{"type":"Polygon","coordinates":[[[-103.36185,25.56],[-103.361984,25.560202],[-103.362095,25.560141],[-103.361961,25.55994],[-103.36185,25.56]]]}},{"type":"Feature","properties":{"capa":"lote","n":62,"m2":425,"frente":"calle","premio":"","ancho":16.3,"fondo":26.0,"arboles":2},"geometry":{"type":"Polygon","coordinates":[[[-103.361711,25.560076],[-103.361844,25.560278],[-103.361984,25.560202],[-103.36185,25.56],[-103.361711,25.560076]]]}},{"type":"Feature","properties":{"capa":"lote","n":63,"m2":248,"frente":"calle","premio":"","ancho":9.5,"fondo":26.0,"arboles":0},"geometry":{"type":"Polygon","coordinates":[[[-103.361536,25.560172],[-103.361669,25.560373],[-103.36175,25.560329],[-103.361617,25.560127],[-103.361536,25.560172]]]}},{"type":"Feature","properties":{"capa":"lote","n":64,"m2":342,"frente":"calle","premio":"","ancho":13.1,"fondo":26.0,"arboles":1},"geometry":{"type":"Polygon","coordinates":[[[-103.361424,25.560233],[-103.361557,25.560434],[-103.361669,25.560373],[-103.361536,25.560172],[-103.361424,25.560233]]]}},{"type":"Feature","properties":{"capa":"lote","n":65,"m2":342,"frente":"calle","premio":"parque","ancho":13.1,"fondo":26.0,"arboles":1},"geometry":{"type":"Polygon","coordinates":[[[-103.361312,25.560293],[-103.361446,25.560495],[-103.361557,25.560434],[-103.361424,25.560233],[-103.361312,25.560293]]]}},{"type":"Feature","properties":{"capa":"lote","n":66,"m2":342,"frente":"calle","premio":"parque","ancho":13.1,"fondo":26.0,"arboles":0},"geometry":{"type":"Polygon","coordinates":[[[-103.3612,25.560354],[-103.361334,25.560556],[-103.361446,25.560495],[-103.361312,25.560293],[-103.3612,25.560354]]]}},{"type":"Feature","properties":{"capa":"lote","n":67,"m2":342,"frente":"calle","premio":"parque","ancho":13.1,"fondo":26.0,"arboles":2},"geometry":{"type":"Polygon","coordinates":[[[-103.361088,25.560415],[-103.361222,25.560617],[-103.361334,25.560556],[-103.3612,25.560354],[-103.361088,25.560415]]]}},{"type":"Feature","properties":{"capa":"lote","n":68,"m2":342,"frente":"calle","premio":"parque","ancho":13.1,"fondo":26.0,"arboles":1},"geometry":{"type":"Polygon","coordinates":[[[-103.360976,25.560476],[-103.36111,25.560678],[-103.361222,25.560617],[-103.361088,25.560415],[-103.360976,25.560476]]]}},{"type":"Feature","properties":{"capa":"lote","n":69,"m2":342,"frente":"calle","premio":"parque","ancho":13.1,"fondo":26.0,"arboles":1},"geometry":{"type":"Polygon","coordinates":[[[-103.360864,25.560537],[-103.360998,25.560739],[-103.36111,25.560678],[-103.360976,25.560476],[-103.360864,25.560537]]]}},{"type":"Feature","properties":{"capa":"lote","n":70,"m2":342,"frente":"calle","premio":"parque","ancho":13.1,"fondo":26.0,"arboles":2},"geometry":{"type":"Polygon","coordinates":[[[-103.360752,25.560598],[-103.360886,25.5608],[-103.360998,25.560739],[-103.360864,25.560537],[-103.360752,25.560598]]]}},{"type":"Feature","properties":{"capa":"lote","n":71,"m2":342,"frente":"calle","premio":"parque","ancho":13.1,"fondo":26.0,"arboles":2},"geometry":{"type":"Polygon","coordinates":[[[-103.36064,25.560659],[-103.360774,25.560861],[-103.360886,25.5608],[-103.360752,25.560598],[-103.36064,25.560659]]]}},{"type":"Feature","properties":{"capa":"lote","n":72,"m2":342,"frente":"calle","premio":"parque","ancho":13.1,"fondo":26.0,"arboles":2},"geometry":{"type":"Polygon","coordinates":[[[-103.360528,25.56072],[-103.360662,25.560922],[-103.360774,25.560861],[-103.36064,25.560659],[-103.360528,25.56072]]]}},{"type":"Feature","properties":{"capa":"lote","n":73,"m2":375,"frente":"calle","premio":"","ancho":14.4,"fondo":26.0,"arboles":4},"geometry":{"type":"Polygon","coordinates":[[[-103.360406,25.560787],[-103.360539,25.560989],[-103.360662,25.560922],[-103.360528,25.56072],[-103.360406,25.560787]]]}},{"type":"Feature","properties":{"capa":"lote","n":74,"m2":337,"frente":"calle","premio":"","ancho":12.9,"fondo":26.0,"arboles":2},"geometry":{"type":"Polygon","coordinates":[[[-103.360201,25.560899],[-103.360335,25.5611],[-103.360445,25.56104],[-103.360312,25.560839],[-103.360201,25.560899]]]}},{"type":"Feature","properties":{"capa":"lote","n":75,"m2":332,"frente":"calle","premio":"","ancho":12.7,"fondo":26.0,"arboles":4},"geometry":{"type":"Polygon","coordinates":[[[-103.360093,25.560958],[-103.360226,25.56116],[-103.360335,25.5611],[-103.360201,25.560899],[-103.360093,25.560958]]]}},{"type":"Feature","properties":{"capa":"lote","n":76,"m2":332,"frente":"calle","premio":"","ancho":12.7,"fondo":26.0,"arboles":4},"geometry":{"type":"Polygon","coordinates":[[[-103.359984,25.561017],[-103.360117,25.561219],[-103.360226,25.56116],[-103.360093,25.560958],[-103.359984,25.561017]]]}},{"type":"Feature","properties":{"capa":"lote","n":77,"m2":332,"frente":"calle","premio":"","ancho":12.7,"fondo":26.0,"arboles":5},"geometry":{"type":"Polygon","coordinates":[[[-103.359875,25.561076],[-103.360009,25.561278],[-103.360117,25.561219],[-103.359984,25.561017],[-103.359875,25.561076]]]}},{"type":"Feature","properties":{"capa":"lote","n":78,"m2":332,"frente":"calle","premio":"","ancho":12.7,"fondo":26.0,"arboles":3},"geometry":{"type":"Polygon","coordinates":[[[-103.359766,25.561136],[-103.3599,25.561337],[-103.360009,25.561278],[-103.359875,25.561076],[-103.359766,25.561136]]]}},{"type":"Feature","properties":{"capa":"lote","n":79,"m2":332,"frente":"calle","premio":"","ancho":12.7,"fondo":26.0,"arboles":3},"geometry":{"type":"Polygon","coordinates":[[[-103.359658,25.561195],[-103.359791,25.561396],[-103.3599,25.561337],[-103.359766,25.561136],[-103.359658,25.561195]]]}},{"type":"Feature","properties":{"capa":"lote","n":80,"m2":332,"frente":"calle","premio":"","ancho":12.7,"fondo":26.0,"arboles":3},"geometry":{"type":"Polygon","coordinates":[[[-103.359549,25.561254],[-103.359683,25.561456],[-103.359791,25.561396],[-103.359658,25.561195],[-103.359549,25.561254]]]}},{"type":"Feature","properties":{"capa":"lote","n":81,"m2":332,"frente":"calle","premio":"","ancho":12.7,"fondo":26.0,"arboles":3},"geometry":{"type":"Polygon","coordinates":[[[-103.35944,25.561313],[-103.359574,25.561515],[-103.359683,25.561456],[-103.359549,25.561254],[-103.35944,25.561313]]]}},{"type":"Feature","properties":{"capa":"lote","n":82,"m2":332,"frente":"calle","premio":"","ancho":12.7,"fondo":26.0,"arboles":3},"geometry":{"type":"Polygon","coordinates":[[[-103.359332,25.561372],[-103.359465,25.561574],[-103.359574,25.561515],[-103.35944,25.561313],[-103.359332,25.561372]]]}},{"type":"Feature","properties":{"capa":"lote","n":83,"m2":332,"frente":"calle","premio":"","ancho":12.7,"fondo":26.0,"arboles":3},"geometry":{"type":"Polygon","coordinates":[[[-103.359223,25.561432],[-103.359356,25.561633],[-103.359465,25.561574],[-103.359332,25.561372],[-103.359223,25.561432]]]}},{"type":"Feature","properties":{"capa":"lote","n":84,"m2":401,"frente":"calle","premio":"","ancho":15.4,"fondo":26.0,"arboles":0},"geometry":{"type":"Polygon","coordinates":[[[-103.359092,25.561503],[-103.359225,25.561705],[-103.359356,25.561633],[-103.359223,25.561432],[-103.359092,25.561503]]]}},{"type":"Feature","properties":{"capa":"lote","n":85,"m2":267,"frente":"calle","premio":"","ancho":10.3,"fondo":26.0,"arboles":2},"geometry":{"type":"Polygon","coordinates":[[[-103.35891,25.561602],[-103.359044,25.561804],[-103.359131,25.561756],[-103.358998,25.561554],[-103.35891,25.561602]]]}},{"type":"Feature","properties":{"capa":"lote","n":86,"m2":331,"frente":"calle","premio":"","ancho":12.7,"fondo":26.0,"arboles":2},"geometry":{"type":"Polygon","coordinates":[[[-103.358802,25.561661],[-103.358935,25.561863],[-103.359044,25.561804],[-103.35891,25.561602],[-103.358802,25.561661]]]}},{"type":"Feature","properties":{"capa":"lote","n":87,"m2":331,"frente":"calle","premio":"","ancho":12.7,"fondo":26.0,"arboles":3},"geometry":{"type":"Polygon","coordinates":[[[-103.358693,25.56172],[-103.358827,25.561922],[-103.358935,25.561863],[-103.358802,25.561661],[-103.358693,25.56172]]]}},{"type":"Feature","properties":{"capa":"lote","n":88,"m2":331,"frente":"calle","premio":"","ancho":12.7,"fondo":26.0,"arboles":3},"geometry":{"type":"Polygon","coordinates":[[[-103.358585,25.561779],[-103.358718,25.561981],[-103.358827,25.561922],[-103.358693,25.56172],[-103.358585,25.561779]]]}},{"type":"Feature","properties":{"capa":"lote","n":89,"m2":331,"frente":"calle","premio":"","ancho":12.7,"fondo":26.0,"arboles":3},"geometry":{"type":"Polygon","coordinates":[[[-103.358476,25.561839],[-103.35861,25.56204],[-103.358718,25.561981],[-103.358585,25.561779],[-103.358476,25.561839]]]}},{"type":"Feature","properties":{"capa":"lote","n":90,"m2":331,"frente":"calle","premio":"","ancho":12.7,"fondo":26.0,"arboles":2},"geometry":{"type":"Polygon","coordinates":[[[-103.358368,25.561898],[-103.358501,25.562099],[-103.35861,25.56204],[-103.358476,25.561839],[-103.358368,25.561898]]]}},{"type":"Feature","properties":{"capa":"lote","n":91,"m2":331,"frente":"calle","premio":"parque","ancho":12.7,"fondo":26.0,"arboles":2},"geometry":{"type":"Polygon","coordinates":[[[-103.358259,25.561957],[-103.358393,25.562158],[-103.358501,25.562099],[-103.358368,25.561898],[-103.358259,25.561957]]]}},{"type":"Feature","properties":{"capa":"lote","n":92,"m2":331,"frente":"calle","premio":"parque","ancho":12.7,"fondo":26.0,"arboles":2},"geometry":{"type":"Polygon","coordinates":[[[-103.358151,25.562016],[-103.358284,25.562218],[-103.358393,25.562158],[-103.358259,25.561957],[-103.358151,25.562016]]]}},{"type":"Feature","properties":{"capa":"lote","n":93,"m2":331,"frente":"calle","premio":"parque","ancho":12.7,"fondo":26.0,"arboles":2},"geometry":{"type":"Polygon","coordinates":[[[-103.358042,25.562075],[-103.358176,25.562277],[-103.358284,25.562218],[-103.358151,25.562016],[-103.358042,25.562075]]]}},{"type":"Feature","properties":{"capa":"lote","n":94,"m2":331,"frente":"calle","premio":"parque","ancho":12.7,"fondo":26.0,"arboles":1},"geometry":{"type":"Polygon","coordinates":[[[-103.357934,25.562134],[-103.358067,25.562336],[-103.358176,25.562277],[-103.358042,25.562075],[-103.357934,25.562134]]]}},{"type":"Feature","properties":{"capa":"lote","n":95,"m2":331,"frente":"calle","premio":"parque","ancho":12.7,"fondo":26.0,"arboles":4},"geometry":{"type":"Polygon","coordinates":[[[-103.357825,25.562193],[-103.357959,25.562395],[-103.358067,25.562336],[-103.357934,25.562134],[-103.357825,25.562193]]]}},{"type":"Feature","properties":{"capa":"lote","n":96,"m2":483,"frente":"calle","premio":"parque","ancho":18.5,"fondo":26.0,"arboles":3},"geometry":{"type":"Polygon","coordinates":[[[-103.357667,25.56228],[-103.3578,25.562481],[-103.357959,25.562395],[-103.357825,25.562193],[-103.357667,25.56228]]]}},{"type":"Feature","properties":{"capa":"lote","n":97,"m2":298,"frente":"calle","premio":"parque","ancho":12.5,"fondo":26.0,"arboles":3},"geometry":{"type":"Polygon","coordinates":[[[-103.363734,25.559248],[-103.363828,25.559197],[-103.363919,25.559335],[-103.363932,25.559328],[-103.363974,25.559392],[-103.363868,25.55945],[-103.363734,25.559248]]]}},{"type":"Feature","properties":{"capa":"lote","n":98,"m2":325,"frente":"calle","premio":"parque","ancho":12.5,"fondo":26.0,"arboles":4},"geometry":{"type":"Polygon","coordinates":[[[-103.363628,25.559306],[-103.363761,25.559508],[-103.363868,25.55945],[-103.363734,25.559248],[-103.363628,25.559306]]]}},{"type":"Feature","properties":{"capa":"lote","n":99,"m2":325,"frente":"calle","premio":"parque","ancho":12.5,"fondo":26.0,"arboles":3},"geometry":{"type":"Polygon","coordinates":[[[-103.363521,25.559364],[-103.363655,25.559566],[-103.363761,25.559508],[-103.363628,25.559306],[-103.363521,25.559364]]]}},{"type":"Feature","properties":{"capa":"lote","n":100,"m2":325,"frente":"calle","premio":"parque","ancho":12.5,"fondo":26.0,"arboles":3},"geometry":{"type":"Polygon","coordinates":[[[-103.363415,25.559422],[-103.363548,25.559624],[-103.363655,25.559566],[-103.363521,25.559364],[-103.363415,25.559422]]]}},{"type":"Feature","properties":{"capa":"lote","n":101,"m2":325,"frente":"calle","premio":"parque","ancho":12.5,"fondo":26.0,"arboles":1},"geometry":{"type":"Polygon","coordinates":[[[-103.363308,25.55948],[-103.363442,25.559682],[-103.363548,25.559624],[-103.363415,25.559422],[-103.363308,25.55948]]]}},{"type":"Feature","properties":{"capa":"lote","n":102,"m2":302,"frente":"calle","premio":"parque","ancho":11.6,"fondo":26.0,"arboles":2},"geometry":{"type":"Polygon","coordinates":[[[-103.363209,25.559534],[-103.363343,25.559736],[-103.363442,25.559682],[-103.363308,25.55948],[-103.363209,25.559534]]]}},{"type":"Feature","properties":{"capa":"lote","n":103,"m2":425,"frente":"calle","premio":"parque","ancho":16.3,"fondo":26.0,"arboles":2},"geometry":{"type":"Polygon","coordinates":[[[-103.362976,25.559661],[-103.36311,25.559863],[-103.363249,25.559787],[-103.363115,25.559585],[-103.362976,25.559661]]]}},{"type":"Feature","properties":{"capa":"lote","n":104,"m2":330,"frente":"calle","premio":"","ancho":12.7,"fondo":26.0,"arboles":3},"geometry":{"type":"Polygon","coordinates":[[[-103.362868,25.55972],[-103.363002,25.559921],[-103.36311,25.559863],[-103.362976,25.559661],[-103.362868,25.55972]]]}},{"type":"Feature","properties":{"capa":"lote","n":105,"m2":330,"frente":"calle","premio":"","ancho":12.7,"fondo":26.0,"arboles":4},"geometry":{"type":"Polygon","coordinates":[[[-103.36276,25.559779],[-103.362894,25.55998],[-103.363002,25.559921],[-103.362868,25.55972],[-103.36276,25.559779]]]}},{"type":"Feature","properties":{"capa":"lote","n":106,"m2":330,"frente":"calle","premio":"","ancho":12.7,"fondo":26.0,"arboles":2},"geometry":{"type":"Polygon","coordinates":[[[-103.362652,25.559838],[-103.362786,25.560039],[-103.362894,25.55998],[-103.36276,25.559779],[-103.362652,25.559838]]]}},{"type":"Feature","properties":{"capa":"lote","n":107,"m2":330,"frente":"calle","premio":"","ancho":12.7,"fondo":26.0,"arboles":3},"geometry":{"type":"Polygon","coordinates":[[[-103.362544,25.559896],[-103.362678,25.560098],[-103.362786,25.560039],[-103.362652,25.559838],[-103.362544,25.559896]]]}},{"type":"Feature","properties":{"capa":"lote","n":108,"m2":330,"frente":"calle","premio":"","ancho":12.7,"fondo":26.0,"arboles":1},"geometry":{"type":"Polygon","coordinates":[[[-103.362436,25.559955],[-103.36257,25.560157],[-103.362678,25.560098],[-103.362544,25.559896],[-103.362436,25.559955]]]}},{"type":"Feature","properties":{"capa":"lote","n":109,"m2":330,"frente":"calle","premio":"","ancho":12.7,"fondo":26.0,"arboles":1},"geometry":{"type":"Polygon","coordinates":[[[-103.362328,25.560014],[-103.362462,25.560216],[-103.36257,25.560157],[-103.362436,25.559955],[-103.362328,25.560014]]]}},{"type":"Feature","properties":{"capa":"lote","n":110,"m2":330,"frente":"calle","premio":"","ancho":12.7,"fondo":26.0,"arboles":3},"geometry":{"type":"Polygon","coordinates":[[[-103.36222,25.560073],[-103.362354,25.560275],[-103.362462,25.560216],[-103.362328,25.560014],[-103.36222,25.560073]]]}},{"type":"Feature","properties":{"capa":"lote","n":111,"m2":330,"frente":"calle","premio":"","ancho":12.7,"fondo":26.0,"arboles":1},"geometry":{"type":"Polygon","coordinates":[[[-103.362112,25.560132],[-103.362246,25.560333],[-103.362354,25.560275],[-103.36222,25.560073],[-103.362112,25.560132]]]}},{"type":"Feature","properties":{"capa":"lote","n":112,"m2":330,"frente":"calle","premio":"","ancho":12.7,"fondo":26.0,"arboles":0},"geometry":{"type":"Polygon","coordinates":[[[-103.362004,25.560191],[-103.362138,25.560392],[-103.362246,25.560333],[-103.362112,25.560132],[-103.362004,25.560191]]]}},{"type":"Feature","properties":{"capa":"lote","n":113,"m2":488,"frente":"calle","premio":"","ancho":18.7,"fondo":26.0,"arboles":4},"geometry":{"type":"Polygon","coordinates":[[[-103.361844,25.560278],[-103.361978,25.560479],[-103.362138,25.560392],[-103.362004,25.560191],[-103.361844,25.560278]]]}},{"type":"Feature","properties":{"capa":"lote","n":114,"m2":209,"frente":"calle","premio":"","ancho":8.0,"fondo":26.0,"arboles":0},"geometry":{"type":"Polygon","coordinates":[[[-103.361682,25.560366],[-103.361816,25.560568],[-103.361884,25.560531],[-103.36175,25.560329],[-103.361682,25.560366]]]}},{"type":"Feature","properties":{"capa":"lote","n":115,"m2":342,"frente":"calle","premio":"","ancho":13.1,"fondo":26.0,"arboles":0},"geometry":{"type":"Polygon","coordinates":[[[-103.36157,25.560427],[-103.361703,25.560629],[-103.361816,25.560568],[-103.361682,25.560366],[-103.36157,25.560427]]]}},{"type":"Feature","properties":{"capa":"lote","n":116,"m2":342,"frente":"calle","premio":"parque","ancho":13.1,"fondo":26.0,"arboles":1},"geometry":{"type":"Polygon","coordinates":[[[-103.361458,25.560488],[-103.361591,25.56069],[-103.361703,25.560629],[-103.36157,25.560427],[-103.361458,25.560488]]]}},{"type":"Feature","properties":{"capa":"lote","n":117,"m2":342,"frente":"calle","premio":"parque","ancho":13.1,"fondo":26.0,"arboles":5},"geometry":{"type":"Polygon","coordinates":[[[-103.361346,25.560549],[-103.361479,25.560751],[-103.361591,25.56069],[-103.361458,25.560488],[-103.361346,25.560549]]]}},{"type":"Feature","properties":{"capa":"lote","n":118,"m2":342,"frente":"calle","premio":"parque","ancho":13.1,"fondo":26.0,"arboles":3},"geometry":{"type":"Polygon","coordinates":[[[-103.360785,25.560855],[-103.360919,25.561056],[-103.361031,25.560995],[-103.360897,25.560794],[-103.360785,25.560855]]]}},{"type":"Feature","properties":{"capa":"lote","n":119,"m2":342,"frente":"calle","premio":"parque","ancho":13.1,"fondo":26.0,"arboles":2},"geometry":{"type":"Polygon","coordinates":[[[-103.360673,25.560916],[-103.360807,25.561118],[-103.360919,25.561056],[-103.360785,25.560855],[-103.360673,25.560916]]]}},{"type":"Feature","properties":{"capa":"lote","n":120,"m2":409,"frente":"calle","premio":"parque","ancho":15.7,"fondo":26.0,"arboles":2},"geometry":{"type":"Polygon","coordinates":[[[-103.360539,25.560989],[-103.360673,25.561191],[-103.360807,25.561118],[-103.360673,25.560916],[-103.360539,25.560989]]]}},{"type":"Feature","properties":{"capa":"lote","n":121,"m2":318,"frente":"calle","premio":"","ancho":12.2,"fondo":26.0,"arboles":5},"geometry":{"type":"Polygon","coordinates":[[[-103.360341,25.561097],[-103.360475,25.561298],[-103.360579,25.561242],[-103.360445,25.56104],[-103.360341,25.561097]]]}},{"type":"Feature","properties":{"capa":"lote","n":122,"m2":329,"frente":"calle","premio":"","ancho":12.6,"fondo":26.0,"arboles":3},"geometry":{"type":"Polygon","coordinates":[[[-103.360233,25.561156],[-103.360367,25.561357],[-103.360475,25.561298],[-103.360341,25.561097],[-103.360233,25.561156]]]}},{"type":"Feature","properties":{"capa":"lote","n":123,"m2":329,"frente":"calle","premio":"","ancho":12.6,"fondo":26.0,"arboles":2},"geometry":{"type":"Polygon","coordinates":[[[-103.360125,25.561214],[-103.360259,25.561416],[-103.360367,25.561357],[-103.360233,25.561156],[-103.360125,25.561214]]]}},{"type":"Feature","properties":{"capa":"lote","n":124,"m2":329,"frente":"calle","premio":"","ancho":12.6,"fondo":26.0,"arboles":2},"geometry":{"type":"Polygon","coordinates":[[[-103.360018,25.561273],[-103.360151,25.561475],[-103.360259,25.561416],[-103.360125,25.561214],[-103.360018,25.561273]]]}},{"type":"Feature","properties":{"capa":"lote","n":125,"m2":329,"frente":"calle","premio":"","ancho":12.6,"fondo":26.0,"arboles":3},"geometry":{"type":"Polygon","coordinates":[[[-103.35991,25.561332],[-103.360043,25.561533],[-103.360151,25.561475],[-103.360018,25.561273],[-103.35991,25.561332]]]}},{"type":"Feature","properties":{"capa":"lote","n":126,"m2":329,"frente":"calle","premio":"","ancho":12.6,"fondo":26.0,"arboles":1},"geometry":{"type":"Polygon","coordinates":[[[-103.359802,25.561391],[-103.359935,25.561592],[-103.360043,25.561533],[-103.35991,25.561332],[-103.359802,25.561391]]]}},{"type":"Feature","properties":{"capa":"lote","n":127,"m2":329,"frente":"calle","premio":"","ancho":12.6,"fondo":26.0,"arboles":4},"geometry":{"type":"Polygon","coordinates":[[[-103.359694,25.561449],[-103.359828,25.561651],[-103.359935,25.561592],[-103.359802,25.561391],[-103.359694,25.561449]]]}},{"type":"Feature","properties":{"capa":"lote","n":128,"m2":329,"frente":"calle","premio":"","ancho":12.6,"fondo":26.0,"arboles":4},"geometry":{"type":"Polygon","coordinates":[[[-103.359586,25.561508],[-103.35972,25.56171],[-103.359828,25.561651],[-103.359694,25.561449],[-103.359586,25.561508]]]}},{"type":"Feature","properties":{"capa":"lote","n":129,"m2":329,"frente":"calle","premio":"","ancho":12.6,"fondo":26.0,"arboles":4},"geometry":{"type":"Polygon","coordinates":[[[-103.359478,25.561567],[-103.359612,25.561768],[-103.35972,25.56171],[-103.359586,25.561508],[-103.359478,25.561567]]]}},{"type":"Feature","properties":{"capa":"lote","n":130,"m2":329,"frente":"calle","premio":"","ancho":12.6,"fondo":26.0,"arboles":4},"geometry":{"type":"Polygon","coordinates":[[[-103.359371,25.561626],[-103.359504,25.561827],[-103.359612,25.561768],[-103.359478,25.561567],[-103.359371,25.561626]]]}},{"type":"Feature","properties":{"capa":"lote","n":131,"m2":444,"frente":"calle","premio":"","ancho":17.0,"fondo":26.0,"arboles":5},"geometry":{"type":"Polygon","coordinates":[[[-103.359225,25.561705],[-103.359359,25.561906],[-103.359504,25.561827],[-103.359371,25.561626],[-103.359225,25.561705]]]}},{"type":"Feature","properties":{"capa":"lote","n":132,"m2":271,"frente":"calle","premio":"","ancho":10.4,"fondo":26.0,"arboles":1},"geometry":{"type":"Polygon","coordinates":[[[-103.359043,25.561804],[-103.359176,25.562006],[-103.359265,25.561958],[-103.359131,25.561756],[-103.359043,25.561804]]]}},{"type":"Feature","properties":{"capa":"lote","n":133,"m2":328,"frente":"calle","premio":"","ancho":12.6,"fondo":26.0,"arboles":3},"geometry":{"type":"Polygon","coordinates":[[[-103.358935,25.561863],[-103.359069,25.562064],[-103.359176,25.562006],[-103.359043,25.561804],[-103.358935,25.561863]]]}},{"type":"Feature","properties":{"capa":"lote","n":134,"m2":328,"frente":"calle","premio":"","ancho":12.6,"fondo":26.0,"arboles":3},"geometry":{"type":"Polygon","coordinates":[[[-103.358828,25.561921],[-103.358961,25.562123],[-103.359069,25.562064],[-103.358935,25.561863],[-103.358828,25.561921]]]}},{"type":"Feature","properties":{"capa":"lote","n":135,"m2":328,"frente":"calle","premio":"","ancho":12.6,"fondo":26.0,"arboles":3},"geometry":{"type":"Polygon","coordinates":[[[-103.358721,25.56198],[-103.358854,25.562181],[-103.358961,25.562123],[-103.358828,25.561921],[-103.358721,25.56198]]]}},{"type":"Feature","properties":{"capa":"lote","n":136,"m2":328,"frente":"calle","premio":"","ancho":12.6,"fondo":26.0,"arboles":3},"geometry":{"type":"Polygon","coordinates":[[[-103.358613,25.562038],[-103.358747,25.56224],[-103.358854,25.562181],[-103.358721,25.56198],[-103.358613,25.562038]]]}},{"type":"Feature","properties":{"capa":"lote","n":137,"m2":328,"frente":"calle","premio":"","ancho":12.6,"fondo":26.0,"arboles":3},"geometry":{"type":"Polygon","coordinates":[[[-103.358506,25.562097],[-103.358639,25.562298],[-103.358747,25.56224],[-103.358613,25.562038],[-103.358506,25.562097]]]}},{"type":"Feature","properties":{"capa":"lote","n":138,"m2":328,"frente":"calle","premio":"parque","ancho":12.6,"fondo":26.0,"arboles":4},"geometry":{"type":"Polygon","coordinates":[[[-103.358399,25.562155],[-103.358532,25.562357],[-103.358639,25.562298],[-103.358506,25.562097],[-103.358399,25.562155]]]}},{"type":"Feature","properties":{"capa":"lote","n":139,"m2":328,"frente":"calle","premio":"parque","ancho":12.6,"fondo":26.0,"arboles":4},"geometry":{"type":"Polygon","coordinates":[[[-103.358291,25.562214],[-103.358425,25.562415],[-103.358532,25.562357],[-103.358399,25.562155],[-103.358291,25.562214]]]}},{"type":"Feature","properties":{"capa":"lote","n":140,"m2":392,"frente":"calle","premio":"parque","ancho":15.4,"fondo":25.4,"arboles":0},"geometry":{"type":"Polygon","coordinates":[[[-103.363174,25.559943],[-103.363304,25.56014],[-103.363436,25.560069],[-103.363305,25.559872],[-103.363174,25.559943]]]}},{"type":"Feature","properties":{"capa":"lote","n":141,"m2":319,"frente":"calle","premio":"","ancho":12.5,"fondo":25.4,"arboles":1},"geometry":{"type":"Polygon","coordinates":[[[-103.363067,25.560002],[-103.363197,25.560199],[-103.363304,25.56014],[-103.363174,25.559943],[-103.363067,25.560002]]]}},{"type":"Feature","properties":{"capa":"lote","n":142,"m2":319,"frente":"calle","premio":"","ancho":12.5,"fondo":25.4,"arboles":3},"geometry":{"type":"Polygon","coordinates":[[[-103.36296,25.56006],[-103.36309,25.560257],[-103.363197,25.560199],[-103.363067,25.560002],[-103.36296,25.56006]]]}},{"type":"Feature","properties":{"capa":"lote","n":143,"m2":319,"frente":"calle","premio":"","ancho":12.5,"fondo":25.4,"arboles":2},"geometry":{"type":"Polygon","coordinates":[[[-103.362853,25.560118],[-103.362983,25.560315],[-103.36309,25.560257],[-103.36296,25.56006],[-103.362853,25.560118]]]}},{"type":"Feature","properties":{"capa":"lote","n":144,"m2":319,"frente":"calle","premio":"","ancho":12.5,"fondo":25.4,"arboles":2},"geometry":{"type":"Polygon","coordinates":[[[-103.362746,25.560177],[-103.362876,25.560373],[-103.362983,25.560315],[-103.362853,25.560118],[-103.362746,25.560177]]]}},{"type":"Feature","properties":{"capa":"lote","n":145,"m2":319,"frente":"calle","premio":"","ancho":12.5,"fondo":25.4,"arboles":2},"geometry":{"type":"Polygon","coordinates":[[[-103.362639,25.560235],[-103.362769,25.560432],[-103.362876,25.560373],[-103.362746,25.560177],[-103.362639,25.560235]]]}},{"type":"Feature","properties":{"capa":"lote","n":146,"m2":319,"frente":"calle","premio":"","ancho":12.5,"fondo":25.4,"arboles":3},"geometry":{"type":"Polygon","coordinates":[[[-103.362532,25.560293],[-103.362662,25.56049],[-103.362769,25.560432],[-103.362639,25.560235],[-103.362532,25.560293]]]}},{"type":"Feature","properties":{"capa":"lote","n":147,"m2":319,"frente":"calle","premio":"","ancho":12.5,"fondo":25.4,"arboles":1},"geometry":{"type":"Polygon","coordinates":[[[-103.362425,25.560352],[-103.362555,25.560548],[-103.362662,25.56049],[-103.362532,25.560293],[-103.362425,25.560352]]]}},{"type":"Feature","properties":{"capa":"lote","n":148,"m2":319,"frente":"calle","premio":"","ancho":12.5,"fondo":25.4,"arboles":1},"geometry":{"type":"Polygon","coordinates":[[[-103.362318,25.56041],[-103.362448,25.560607],[-103.362555,25.560548],[-103.362425,25.560352],[-103.362318,25.56041]]]}},{"type":"Feature","properties":{"capa":"lote","n":149,"m2":319,"frente":"calle","premio":"","ancho":12.5,"fondo":25.4,"arboles":1},"geometry":{"type":"Polygon","coordinates":[[[-103.362211,25.560468],[-103.362341,25.560665],[-103.362448,25.560607],[-103.362318,25.56041],[-103.362211,25.560468]]]}},{"type":"Feature","properties":{"capa":"lote","n":150,"m2":319,"frente":"calle","premio":"","ancho":12.5,"fondo":25.4,"arboles":1},"geometry":{"type":"Polygon","coordinates":[[[-103.362104,25.560526],[-103.362234,25.560723],[-103.362341,25.560665],[-103.362211,25.560468],[-103.362104,25.560526]]]}},{"type":"Feature","properties":{"capa":"lote","n":151,"m2":208,"frente":"calle","premio":"","ancho":8.2,"fondo":25.4,"arboles":0},"geometry":{"type":"Polygon","coordinates":[[[-103.362034,25.560564],[-103.362164,25.560761],[-103.362234,25.560723],[-103.362104,25.560526],[-103.362034,25.560564]]]}},{"type":"Feature","properties":{"capa":"lote","n":152,"m2":341,"frente":"calle","premio":"","ancho":13.4,"fondo":25.4,"arboles":0},"geometry":{"type":"Polygon","coordinates":[[[-103.361826,25.560678],[-103.361956,25.560875],[-103.362071,25.560812],[-103.36194,25.560616],[-103.361826,25.560678]]]}},{"type":"Feature","properties":{"capa":"lote","n":153,"m2":318,"frente":"calle","premio":"","ancho":12.5,"fondo":25.4,"arboles":1},"geometry":{"type":"Polygon","coordinates":[[[-103.361719,25.560736],[-103.36185,25.560933],[-103.361956,25.560875],[-103.361826,25.560678],[-103.361719,25.560736]]]}},{"type":"Feature","properties":{"capa":"lote","n":154,"m2":318,"frente":"calle","premio":"parque","ancho":12.5,"fondo":25.4,"arboles":2},"geometry":{"type":"Polygon","coordinates":[[[-103.361613,25.560794],[-103.361743,25.560991],[-103.36185,25.560933],[-103.361719,25.560736],[-103.361613,25.560794]]]}},{"type":"Feature","properties":{"capa":"lote","n":155,"m2":318,"frente":"calle","premio":"parque","ancho":12.5,"fondo":25.4,"arboles":2},"geometry":{"type":"Polygon","coordinates":[[[-103.361506,25.560852],[-103.361636,25.561049],[-103.361743,25.560991],[-103.361613,25.560794],[-103.361506,25.560852]]]}},{"type":"Feature","properties":{"capa":"lote","n":156,"m2":318,"frente":"calle","premio":"parque","ancho":12.5,"fondo":25.4,"arboles":2},"geometry":{"type":"Polygon","coordinates":[[[-103.361399,25.56091],[-103.36153,25.561107],[-103.361636,25.561049],[-103.361506,25.560852],[-103.361399,25.56091]]]}},{"type":"Feature","properties":{"capa":"lote","n":157,"m2":318,"frente":"calle","premio":"parque","ancho":12.5,"fondo":25.4,"arboles":1},"geometry":{"type":"Polygon","coordinates":[[[-103.361293,25.560969],[-103.361423,25.561165],[-103.36153,25.561107],[-103.361399,25.56091],[-103.361293,25.560969]]]}},{"type":"Feature","properties":{"capa":"lote","n":158,"m2":409,"frente":"calle","premio":"parque","ancho":16.1,"fondo":25.4,"arboles":3},"geometry":{"type":"Polygon","coordinates":[[[-103.360729,25.561276],[-103.360859,25.561472],[-103.360996,25.561398],[-103.360866,25.561201],[-103.360729,25.561276]]]}},{"type":"Feature","properties":{"capa":"lote","n":159,"m2":345,"frente":"calle","premio":"","ancho":13.6,"fondo":25.4,"arboles":2},"geometry":{"type":"Polygon","coordinates":[[[-103.360519,25.56139],[-103.36065,25.561587],[-103.360765,25.561524],[-103.360635,25.561327],[-103.360519,25.56139]]]}},{"type":"Feature","properties":{"capa":"lote","n":160,"m2":320,"frente":"calle","premio":"","ancho":12.6,"fondo":25.4,"arboles":2},"geometry":{"type":"Polygon","coordinates":[[[-103.360412,25.561448],[-103.360542,25.561645],[-103.36065,25.561587],[-103.360519,25.56139],[-103.360412,25.561448]]]}},{"type":"Feature","properties":{"capa":"lote","n":161,"m2":320,"frente":"calle","premio":"","ancho":12.6,"fondo":25.4,"arboles":0},"geometry":{"type":"Polygon","coordinates":[[[-103.360304,25.561507],[-103.360435,25.561704],[-103.360542,25.561645],[-103.360412,25.561448],[-103.360304,25.561507]]]}},{"type":"Feature","properties":{"capa":"lote","n":162,"m2":320,"frente":"calle","premio":"","ancho":12.6,"fondo":25.4,"arboles":1},"geometry":{"type":"Polygon","coordinates":[[[-103.360197,25.561566],[-103.360327,25.561762],[-103.360435,25.561704],[-103.360304,25.561507],[-103.360197,25.561566]]]}},{"type":"Feature","properties":{"capa":"lote","n":163,"m2":320,"frente":"calle","premio":"","ancho":12.6,"fondo":25.4,"arboles":1},"geometry":{"type":"Polygon","coordinates":[[[-103.360089,25.561624],[-103.36022,25.561821],[-103.360327,25.561762],[-103.360197,25.561566],[-103.360089,25.561624]]]}},{"type":"Feature","properties":{"capa":"lote","n":164,"m2":320,"frente":"calle","premio":"","ancho":12.6,"fondo":25.4,"arboles":2},"geometry":{"type":"Polygon","coordinates":[[[-103.359982,25.561683],[-103.360112,25.56188],[-103.36022,25.561821],[-103.360089,25.561624],[-103.359982,25.561683]]]}},{"type":"Feature","properties":{"capa":"lote","n":165,"m2":320,"frente":"calle","premio":"","ancho":12.6,"fondo":25.4,"arboles":2},"geometry":{"type":"Polygon","coordinates":[[[-103.359874,25.561741],[-103.360005,25.561938],[-103.360112,25.56188],[-103.359982,25.561683],[-103.359874,25.561741]]]}},{"type":"Feature","properties":{"capa":"lote","n":166,"m2":320,"frente":"calle","premio":"","ancho":12.6,"fondo":25.4,"arboles":2},"geometry":{"type":"Polygon","coordinates":[[[-103.359767,25.5618],[-103.359897,25.561997],[-103.360005,25.561938],[-103.359874,25.561741],[-103.359767,25.5618]]]}},{"type":"Feature","properties":{"capa":"lote","n":167,"m2":320,"frente":"calle","premio":"","ancho":12.6,"fondo":25.4,"arboles":1},"geometry":{"type":"Polygon","coordinates":[[[-103.359659,25.561858],[-103.35979,25.562055],[-103.359897,25.561997],[-103.359767,25.5618],[-103.359659,25.561858]]]}},{"type":"Feature","properties":{"capa":"lote","n":168,"m2":320,"frente":"calle","premio":"","ancho":12.6,"fondo":25.4,"arboles":2},"geometry":{"type":"Polygon","coordinates":[[[-103.359552,25.561917],[-103.359682,25.562114],[-103.35979,25.562055],[-103.359659,25.561858],[-103.359552,25.561917]]]}},{"type":"Feature","properties":{"capa":"lote","n":169,"m2":408,"frente":"calle","premio":"parque","ancho":16.0,"fondo":25.4,"arboles":1},"geometry":{"type":"Polygon","coordinates":[[[-103.359415,25.561992],[-103.359545,25.562188],[-103.359682,25.562114],[-103.359552,25.561917],[-103.359415,25.561992]]]}},{"type":"Feature","properties":{"capa":"lote","n":170,"m2":519,"frente":"calle","premio":"parque","ancho":20.4,"fondo":25.4,"arboles":3},"geometry":{"type":"Polygon","coordinates":[[[-103.359147,25.562138],[-103.359277,25.562334],[-103.359451,25.562239],[-103.359321,25.562043],[-103.359147,25.562138]]]}},{"type":"Feature","properties":{"capa":"lote","n":171,"m2":323,"frente":"calle","premio":"parque","ancho":12.7,"fondo":25.4,"arboles":1},"geometry":{"type":"Polygon","coordinates":[[[-103.359039,25.562197],[-103.359169,25.562393],[-103.359277,25.562334],[-103.359147,25.562138],[-103.359039,25.562197]]]}},{"type":"Feature","properties":{"capa":"lote","n":172,"m2":323,"frente":"calle","premio":"parque","ancho":12.7,"fondo":25.4,"arboles":0},"geometry":{"type":"Polygon","coordinates":[[[-103.35893,25.562256],[-103.359061,25.562452],[-103.359169,25.562393],[-103.359039,25.562197],[-103.35893,25.562256]]]}},{"type":"Feature","properties":{"capa":"lote","n":173,"m2":323,"frente":"calle","premio":"parque","ancho":12.7,"fondo":25.4,"arboles":1},"geometry":{"type":"Polygon","coordinates":[[[-103.358822,25.562315],[-103.358952,25.562511],[-103.359061,25.562452],[-103.35893,25.562256],[-103.358822,25.562315]]]}},{"type":"Feature","properties":{"capa":"lote","n":174,"m2":323,"frente":"calle","premio":"","ancho":12.7,"fondo":25.4,"arboles":1},"geometry":{"type":"Polygon","coordinates":[[[-103.358714,25.562374],[-103.358844,25.56257],[-103.358952,25.562511],[-103.358822,25.562315],[-103.358714,25.562374]]]}},{"type":"Feature","properties":{"capa":"lote","n":175,"m2":323,"frente":"calle","premio":"","ancho":12.7,"fondo":25.4,"arboles":2},"geometry":{"type":"Polygon","coordinates":[[[-103.358605,25.562433],[-103.358736,25.56263],[-103.358844,25.56257],[-103.358714,25.562374],[-103.358605,25.562433]]]}},{"type":"Feature","properties":{"capa":"lote","n":176,"m2":323,"frente":"calle","premio":"parque","ancho":12.7,"fondo":25.4,"arboles":0},"geometry":{"type":"Polygon","coordinates":[[[-103.358497,25.562492],[-103.358627,25.562689],[-103.358736,25.56263],[-103.358605,25.562433],[-103.358497,25.562492]]]}},{"type":"Feature","properties":{"capa":"lote","n":177,"m2":323,"frente":"calle","premio":"parque","ancho":12.7,"fondo":25.4,"arboles":2},"geometry":{"type":"Polygon","coordinates":[[[-103.358389,25.562551],[-103.358519,25.562748],[-103.358627,25.562689],[-103.358497,25.562492],[-103.358389,25.562551]]]}},{"type":"Feature","properties":{"capa":"lote","n":178,"m2":323,"frente":"calle","premio":"parque","ancho":12.7,"fondo":25.4,"arboles":1},"geometry":{"type":"Polygon","coordinates":[[[-103.35828,25.56261],[-103.35841,25.562807],[-103.358519,25.562748],[-103.358389,25.562551],[-103.35828,25.56261]]]}},{"type":"Feature","properties":{"capa":"lote","n":179,"m2":323,"frente":"calle","premio":"parque","ancho":12.7,"fondo":25.4,"arboles":0},"geometry":{"type":"Polygon","coordinates":[[[-103.358172,25.562669],[-103.358302,25.562866],[-103.35841,25.562807],[-103.35828,25.56261],[-103.358172,25.562669]]]}},{"type":"Feature","properties":{"capa":"lote","n":180,"m2":323,"frente":"calle","premio":"parque","ancho":12.7,"fondo":25.4,"arboles":1},"geometry":{"type":"Polygon","coordinates":[[[-103.358064,25.562728],[-103.358194,25.562925],[-103.358302,25.562866],[-103.358172,25.562669],[-103.358064,25.562728]]]}},{"type":"Feature","properties":{"capa":"lote","n":181,"m2":218,"frente":"calle","premio":"parque","ancho":8.6,"fondo":25.4,"arboles":1},"geometry":{"type":"Polygon","coordinates":[[[-103.35799,25.562768],[-103.358121,25.562965],[-103.358194,25.562925],[-103.358064,25.562728],[-103.35799,25.562768]]]}},{"type":"Feature","properties":{"capa":"lote","n":182,"m2":303,"frente":"calle","premio":"parque","ancho":11.9,"fondo":25.4,"arboles":0},"geometry":{"type":"Polygon","coordinates":[[[-103.357795,25.562874],[-103.357925,25.563071],[-103.358027,25.563016],[-103.357896,25.562819],[-103.357795,25.562874]]]}},{"type":"Feature","properties":{"capa":"lote","n":183,"m2":323,"frente":"calle","premio":"","ancho":12.7,"fondo":25.4,"arboles":1},"geometry":{"type":"Polygon","coordinates":[[[-103.357687,25.562933],[-103.357817,25.56313],[-103.357925,25.563071],[-103.357795,25.562874],[-103.357687,25.562933]]]}},{"type":"Feature","properties":{"capa":"lote","n":184,"m2":299,"frente":"calle","premio":"","ancho":12.7,"fondo":25.4,"arboles":1},"geometry":{"type":"Polygon","coordinates":[[[-103.357817,25.56313],[-103.357708,25.563189],[-103.357622,25.563059],[-103.357625,25.562967],[-103.357687,25.562933],[-103.357817,25.56313]]]}},{"type":"Feature","properties":{"capa":"lote","n":185,"m2":323,"frente":"calle","premio":"","ancho":12.7,"fondo":25.4,"arboles":3},"geometry":{"type":"Polygon","coordinates":[[[-103.366376,25.558466],[-103.366507,25.558663],[-103.366615,25.558604],[-103.366485,25.558407],[-103.366376,25.558466]]]}},{"type":"Feature","properties":{"capa":"lote","n":186,"m2":247,"frente":"calle","premio":"parque","ancho":9.7,"fondo":25.4,"arboles":2},"geometry":{"type":"Polygon","coordinates":[[[-103.366294,25.558511],[-103.366424,25.558708],[-103.366507,25.558663],[-103.366376,25.558466],[-103.366294,25.558511]]]}},{"type":"Feature","properties":{"capa":"lote","n":187,"m2":367,"frente":"calle","premio":"parque","ancho":14.4,"fondo":25.4,"arboles":3},"geometry":{"type":"Polygon","coordinates":[[[-103.363312,25.560136],[-103.363443,25.560332],[-103.363566,25.560265],[-103.363436,25.560069],[-103.363312,25.560136]]]}},{"type":"Feature","properties":{"capa":"lote","n":188,"m2":318,"frente":"calle","premio":"","ancho":12.5,"fondo":25.4,"arboles":4},"geometry":{"type":"Polygon","coordinates":[[[-103.363206,25.560194],[-103.363336,25.560391],[-103.363443,25.560332],[-103.363312,25.560136],[-103.363206,25.560194]]]}},{"type":"Feature","properties":{"capa":"lote","n":189,"m2":318,"frente":"calle","premio":"","ancho":12.5,"fondo":25.4,"arboles":4},"geometry":{"type":"Polygon","coordinates":[[[-103.363099,25.560252],[-103.363229,25.560449],[-103.363336,25.560391],[-103.363206,25.560194],[-103.363099,25.560252]]]}},{"type":"Feature","properties":{"capa":"lote","n":190,"m2":318,"frente":"calle","premio":"","ancho":12.5,"fondo":25.4,"arboles":6},"geometry":{"type":"Polygon","coordinates":[[[-103.362993,25.56031],[-103.363123,25.560507],[-103.363229,25.560449],[-103.363099,25.560252],[-103.362993,25.56031]]]}},{"type":"Feature","properties":{"capa":"lote","n":191,"m2":318,"frente":"calle","premio":"","ancho":12.5,"fondo":25.4,"arboles":3},"geometry":{"type":"Polygon","coordinates":[[[-103.362886,25.560368],[-103.363016,25.560565],[-103.363123,25.560507],[-103.362993,25.56031],[-103.362886,25.560368]]]}},{"type":"Feature","properties":{"capa":"lote","n":192,"m2":318,"frente":"calle","premio":"","ancho":12.5,"fondo":25.4,"arboles":2},"geometry":{"type":"Polygon","coordinates":[[[-103.362779,25.560426],[-103.36291,25.560623],[-103.363016,25.560565],[-103.362886,25.560368],[-103.362779,25.560426]]]}},{"type":"Feature","properties":{"capa":"lote","n":193,"m2":318,"frente":"calle","premio":"","ancho":12.5,"fondo":25.4,"arboles":2},"geometry":{"type":"Polygon","coordinates":[[[-103.362673,25.560484],[-103.362803,25.560681],[-103.36291,25.560623],[-103.362779,25.560426],[-103.362673,25.560484]]]}},{"type":"Feature","properties":{"capa":"lote","n":194,"m2":318,"frente":"calle","premio":"","ancho":12.5,"fondo":25.4,"arboles":2},"geometry":{"type":"Polygon","coordinates":[[[-103.362566,25.560542],[-103.362696,25.560739],[-103.362803,25.560681],[-103.362673,25.560484],[-103.362566,25.560542]]]}},{"type":"Feature","properties":{"capa":"lote","n":195,"m2":318,"frente":"calle","premio":"","ancho":12.5,"fondo":25.4,"arboles":3},"geometry":{"type":"Polygon","coordinates":[[[-103.362459,25.560601],[-103.36259,25.560797],[-103.362696,25.560739],[-103.362566,25.560542],[-103.362459,25.560601]]]}},{"type":"Feature","properties":{"capa":"lote","n":196,"m2":318,"frente":"calle","premio":"","ancho":12.5,"fondo":25.4,"arboles":2},"geometry":{"type":"Polygon","coordinates":[[[-103.362353,25.560659],[-103.362483,25.560855],[-103.36259,25.560797],[-103.362459,25.560601],[-103.362353,25.560659]]]}},{"type":"Feature","properties":{"capa":"lote","n":197,"m2":318,"frente":"calle","premio":"","ancho":12.5,"fondo":25.4,"arboles":1},"geometry":{"type":"Polygon","coordinates":[[[-103.362246,25.560717],[-103.362376,25.560914],[-103.362483,25.560855],[-103.362353,25.560659],[-103.362246,25.560717]]]}},{"type":"Feature","properties":{"capa":"lote","n":198,"m2":243,"frente":"calle","premio":"","ancho":9.6,"fondo":25.4,"arboles":1},"geometry":{"type":"Polygon","coordinates":[[[-103.362164,25.560761],[-103.362295,25.560958],[-103.362376,25.560914],[-103.362246,25.560717],[-103.362164,25.560761]]]}},{"type":"Feature","properties":{"capa":"lote","n":199,"m2":348,"frente":"calle","premio":"","ancho":13.7,"fondo":25.4,"arboles":4},"geometry":{"type":"Polygon","coordinates":[[[-103.361954,25.560876],[-103.362084,25.561073],[-103.362201,25.561009],[-103.362071,25.560812],[-103.361954,25.560876]]]}},{"type":"Feature","properties":{"capa":"lote","n":200,"m2":318,"frente":"calle","premio":"","ancho":12.5,"fondo":25.4,"arboles":3},"geometry":{"type":"Polygon","coordinates":[[[-103.361847,25.560934],[-103.361977,25.561131],[-103.362084,25.561073],[-103.361954,25.560876],[-103.361847,25.560934]]]}},{"type":"Feature","properties":{"capa":"lote","n":201,"m2":318,"frente":"calle","premio":"","ancho":12.5,"fondo":25.4,"arboles":3},"geometry":{"type":"Polygon","coordinates":[[[-103.36174,25.560992],[-103.36187,25.561189],[-103.361977,25.561131],[-103.361847,25.560934],[-103.36174,25.560992]]]}},{"type":"Feature","properties":{"capa":"lote","n":202,"m2":318,"frente":"calle","premio":"","ancho":12.5,"fondo":25.4,"arboles":4},"geometry":{"type":"Polygon","coordinates":[[[-103.361633,25.561051],[-103.361764,25.561247],[-103.36187,25.561189],[-103.36174,25.560992],[-103.361633,25.561051]]]}},{"type":"Feature","properties":{"capa":"lote","n":203,"m2":318,"frente":"calle","premio":"parque","ancho":12.5,"fondo":25.4,"arboles":3},"geometry":{"type":"Polygon","coordinates":[[[-103.361527,25.561109],[-103.361657,25.561306],[-103.361764,25.561247],[-103.361633,25.561051],[-103.361527,25.561109]]]}},{"type":"Feature","properties":{"capa":"lote","n":204,"m2":318,"frente":"calle","premio":"parque","ancho":12.5,"fondo":25.4,"arboles":3},"geometry":{"type":"Polygon","coordinates":[[[-103.36142,25.561167],[-103.36155,25.561364],[-103.361657,25.561306],[-103.361527,25.561109],[-103.36142,25.561167]]]}},{"type":"Feature","properties":{"capa":"lote","n":205,"m2":318,"frente":"calle","premio":"parque","ancho":12.5,"fondo":25.4,"arboles":1},"geometry":{"type":"Polygon","coordinates":[[[-103.361313,25.561225],[-103.361443,25.561422],[-103.36155,25.561364],[-103.36142,25.561167],[-103.361313,25.561225]]]}},{"type":"Feature","properties":{"capa":"lote","n":206,"m2":318,"frente":"calle","premio":"parque","ancho":12.5,"fondo":25.4,"arboles":2},"geometry":{"type":"Polygon","coordinates":[[[-103.361206,25.561283],[-103.361336,25.56148],[-103.361443,25.561422],[-103.361313,25.561225],[-103.361206,25.561283]]]}},{"type":"Feature","properties":{"capa":"lote","n":207,"m2":318,"frente":"calle","premio":"parque","ancho":12.5,"fondo":25.4,"arboles":3},"geometry":{"type":"Polygon","coordinates":[[[-103.361099,25.561342],[-103.36123,25.561538],[-103.361336,25.56148],[-103.361206,25.561283],[-103.361099,25.561342]]]}},{"type":"Feature","properties":{"capa":"lote","n":208,"m2":318,"frente":"calle","premio":"parque","ancho":12.5,"fondo":25.4,"arboles":3},"geometry":{"type":"Polygon","coordinates":[[[-103.360992,25.5614],[-103.361123,25.561597],[-103.36123,25.561538],[-103.361099,25.561342],[-103.360992,25.5614]]]}},{"type":"Feature","properties":{"capa":"lote","n":209,"m2":397,"frente":"calle","premio":"parque","ancho":15.6,"fondo":25.4,"arboles":2},"geometry":{"type":"Polygon","coordinates":[[[-103.360859,25.561472],[-103.360989,25.561669],[-103.361123,25.561597],[-103.360992,25.5614],[-103.360859,25.561472]]]}},{"type":"Feature","properties":{"capa":"lote","n":210,"m2":383,"frente":"calle","premio":"","ancho":15.0,"fondo":25.4,"arboles":3},"geometry":{"type":"Polygon","coordinates":[[[-103.360637,25.561594],[-103.360767,25.56179],[-103.360896,25.56172],[-103.360765,25.561524],[-103.360637,25.561594]]]}},{"type":"Feature","properties":{"capa":"lote","n":211,"m2":324,"frente":"calle","premio":"","ancho":12.7,"fondo":25.4,"arboles":3},"geometry":{"type":"Polygon","coordinates":[[[-103.360528,25.561653],[-103.360659,25.56185],[-103.360767,25.56179],[-103.360637,25.561594],[-103.360528,25.561653]]]}},{"type":"Feature","properties":{"capa":"lote","n":212,"m2":324,"frente":"calle","premio":"","ancho":12.7,"fondo":25.4,"arboles":4},"geometry":{"type":"Polygon","coordinates":[[[-103.36042,25.561712],[-103.36055,25.561909],[-103.360659,25.56185],[-103.360528,25.561653],[-103.36042,25.561712]]]}},{"type":"Feature","properties":{"capa":"lote","n":213,"m2":324,"frente":"calle","premio":"","ancho":12.7,"fondo":25.4,"arboles":3},"geometry":{"type":"Polygon","coordinates":[[[-103.360311,25.561771],[-103.360441,25.561968],[-103.36055,25.561909],[-103.36042,25.561712],[-103.360311,25.561771]]]}},{"type":"Feature","properties":{"capa":"lote","n":214,"m2":324,"frente":"calle","premio":"","ancho":12.7,"fondo":25.4,"arboles":4},"geometry":{"type":"Polygon","coordinates":[[[-103.360202,25.56183],[-103.360333,25.562027],[-103.360441,25.561968],[-103.360311,25.561771],[-103.360202,25.56183]]]}},{"type":"Feature","properties":{"capa":"lote","n":215,"m2":324,"frente":"calle","premio":"","ancho":12.7,"fondo":25.4,"arboles":3},"geometry":{"type":"Polygon","coordinates":[[[-103.360094,25.56189],[-103.360224,25.562086],[-103.360333,25.562027],[-103.360202,25.56183],[-103.360094,25.56189]]]}},{"type":"Feature","properties":{"capa":"lote","n":216,"m2":324,"frente":"calle","premio":"","ancho":12.7,"fondo":25.4,"arboles":1},"geometry":{"type":"Polygon","coordinates":[[[-103.359985,25.561949],[-103.360115,25.562146],[-103.360224,25.562086],[-103.360094,25.56189],[-103.359985,25.561949]]]}},{"type":"Feature","properties":{"capa":"lote","n":217,"m2":324,"frente":"calle","premio":"","ancho":12.7,"fondo":25.4,"arboles":2},"geometry":{"type":"Polygon","coordinates":[[[-103.359876,25.562008],[-103.360006,25.562205],[-103.360115,25.562146],[-103.359985,25.561949],[-103.359876,25.562008]]]}},{"type":"Feature","properties":{"capa":"lote","n":218,"m2":324,"frente":"calle","premio":"","ancho":12.7,"fondo":25.4,"arboles":1},"geometry":{"type":"Polygon","coordinates":[[[-103.359767,25.562067],[-103.359898,25.562264],[-103.360006,25.562205],[-103.359876,25.562008],[-103.359767,25.562067]]]}},{"type":"Feature","properties":{"capa":"lote","n":219,"m2":324,"frente":"calle","premio":"","ancho":12.7,"fondo":25.4,"arboles":3},"geometry":{"type":"Polygon","coordinates":[[[-103.359659,25.562127],[-103.359789,25.562323],[-103.359898,25.562264],[-103.359767,25.562067],[-103.359659,25.562127]]]}},{"type":"Feature","properties":{"capa":"lote","n":220,"m2":338,"frente":"calle","premio":"parque","ancho":13.3,"fondo":25.4,"arboles":1},"geometry":{"type":"Polygon","coordinates":[[[-103.359545,25.562188],[-103.359676,25.562385],[-103.359789,25.562323],[-103.359659,25.562127],[-103.359545,25.562188]]]}},{"type":"Feature","properties":{"capa":"lote","n":221,"m2":318,"frente":"calle","premio":"parque","ancho":12.5,"fondo":25.4,"arboles":1},"geometry":{"type":"Polygon","coordinates":[[[-103.359006,25.562482],[-103.359137,25.562679],[-103.359243,25.562621],[-103.359113,25.562424],[-103.359006,25.562482]]]}},{"type":"Feature","properties":{"capa":"lote","n":222,"m2":318,"frente":"calle","premio":"parque","ancho":12.5,"fondo":25.4,"arboles":1},"geometry":{"type":"Polygon","coordinates":[[[-103.3589,25.56254],[-103.35903,25.562737],[-103.359137,25.562679],[-103.359006,25.562482],[-103.3589,25.56254]]]}},{"type":"Feature","properties":{"capa":"lote","n":223,"m2":318,"frente":"calle","premio":"","ancho":12.5,"fondo":25.4,"arboles":1},"geometry":{"type":"Polygon","coordinates":[[[-103.358793,25.562598],[-103.358923,25.562795],[-103.35903,25.562737],[-103.3589,25.56254],[-103.358793,25.562598]]]}},{"type":"Feature","properties":{"capa":"lote","n":224,"m2":318,"frente":"calle","premio":"","ancho":12.5,"fondo":25.4,"arboles":3},"geometry":{"type":"Polygon","coordinates":[[[-103.358686,25.562656],[-103.358817,25.562853],[-103.358923,25.562795],[-103.358793,25.562598],[-103.358686,25.562656]]]}},{"type":"Feature","properties":{"capa":"lote","n":225,"m2":318,"frente":"calle","premio":"","ancho":12.5,"fondo":25.4,"arboles":1},"geometry":{"type":"Polygon","coordinates":[[[-103.35858,25.562714],[-103.35871,25.562911],[-103.358817,25.562853],[-103.358686,25.562656],[-103.35858,25.562714]]]}},{"type":"Feature","properties":{"capa":"lote","n":226,"m2":318,"frente":"calle","premio":"","ancho":12.5,"fondo":25.4,"arboles":2},"geometry":{"type":"Polygon","coordinates":[[[-103.358473,25.562773],[-103.358603,25.562969],[-103.35871,25.562911],[-103.35858,25.562714],[-103.358473,25.562773]]]}},{"type":"Feature","properties":{"capa":"lote","n":227,"m2":318,"frente":"calle","premio":"","ancho":12.5,"fondo":25.4,"arboles":3},"geometry":{"type":"Polygon","coordinates":[[[-103.358366,25.562831],[-103.358497,25.563027],[-103.358603,25.562969],[-103.358473,25.562773],[-103.358366,25.562831]]]}},{"type":"Feature","properties":{"capa":"lote","n":228,"m2":318,"frente":"calle","premio":"","ancho":12.5,"fondo":25.4,"arboles":2},"geometry":{"type":"Polygon","coordinates":[[[-103.35826,25.562889],[-103.35839,25.563085],[-103.358497,25.563027],[-103.358366,25.562831],[-103.35826,25.562889]]]}},{"type":"Feature","properties":{"capa":"lote","n":229,"m2":415,"frente":"calle","premio":"","ancho":16.3,"fondo":25.4,"arboles":2},"geometry":{"type":"Polygon","coordinates":[[[-103.358121,25.562965],[-103.358251,25.563161],[-103.35839,25.563085],[-103.35826,25.562889],[-103.358121,25.562965]]]}},{"type":"Feature","properties":{"capa":"lote","n":230,"m2":303,"frente":"calle","premio":"","ancho":11.9,"fondo":25.4,"arboles":0},"geometry":{"type":"Polygon","coordinates":[[[-103.357925,25.563071],[-103.358055,25.563268],[-103.358157,25.563212],[-103.358027,25.563016],[-103.357925,25.563071]]]}},{"type":"Feature","properties":{"capa":"lote","n":231,"m2":323,"frente":"calle","premio":"","ancho":12.7,"fondo":25.4,"arboles":0},"geometry":{"type":"Polygon","coordinates":[[[-103.357817,25.56313],[-103.357947,25.563327],[-103.358055,25.563268],[-103.357925,25.563071],[-103.357817,25.56313]]]}},{"type":"Feature","properties":{"capa":"lote","n":232,"m2":323,"frente":"calle","premio":"","ancho":12.7,"fondo":25.4,"arboles":0},"geometry":{"type":"Polygon","coordinates":[[[-103.357708,25.563189],[-103.357839,25.563386],[-103.357947,25.563327],[-103.357817,25.56313],[-103.357708,25.563189]]]}},{"type":"Feature","properties":{"capa":"lote","n":233,"m2":320,"frente":"calle","premio":"","ancho":12.7,"fondo":25.4,"arboles":2},"geometry":{"type":"Polygon","coordinates":[[[-103.357617,25.563273],[-103.357617,25.563239],[-103.357708,25.563189],[-103.357839,25.563386],[-103.35773,25.563445],[-103.357617,25.563273]]]}},{"type":"Feature","properties":{"capa":"lote","n":234,"m2":332,"frente":"calle","premio":"","ancho":12.9,"fondo":25.8,"arboles":1},"geometry":{"type":"Polygon","coordinates":[[[-103.367091,25.558461],[-103.367223,25.55866],[-103.367333,25.5586],[-103.3672,25.558401],[-103.367091,25.558461]]]}},{"type":"Feature","properties":{"capa":"lote","n":235,"m2":332,"frente":"calle","premio":"","ancho":12.9,"fondo":25.8,"arboles":4},"geometry":{"type":"Polygon","coordinates":[[[-103.366981,25.55852],[-103.367113,25.55872],[-103.367223,25.55866],[-103.367091,25.558461],[-103.366981,25.55852]]]}},{"type":"Feature","properties":{"capa":"lote","n":236,"m2":332,"frente":"calle","premio":"","ancho":12.9,"fondo":25.8,"arboles":2},"geometry":{"type":"Polygon","coordinates":[[[-103.366871,25.55858],[-103.367003,25.55878],[-103.367113,25.55872],[-103.366981,25.55852],[-103.366871,25.55858]]]}},{"type":"Feature","properties":{"capa":"lote","n":237,"m2":332,"frente":"calle","premio":"","ancho":12.9,"fondo":25.8,"arboles":2},"geometry":{"type":"Polygon","coordinates":[[[-103.366761,25.55864],[-103.366893,25.55884],[-103.367003,25.55878],[-103.366871,25.55858],[-103.366761,25.55864]]]}},{"type":"Feature","properties":{"capa":"lote","n":238,"m2":332,"frente":"calle","premio":"","ancho":12.9,"fondo":25.8,"arboles":2},"geometry":{"type":"Polygon","coordinates":[[[-103.366651,25.5587],[-103.366783,25.5589],[-103.366893,25.55884],[-103.366761,25.55864],[-103.366651,25.5587]]]}},{"type":"Feature","properties":{"capa":"lote","n":239,"m2":516,"frente":"calle","premio":"parque","ancho":20.0,"fondo":25.8,"arboles":2},"geometry":{"type":"Polygon","coordinates":[[[-103.36648,25.558793],[-103.366612,25.558993],[-103.366783,25.5589],[-103.366651,25.5587],[-103.36648,25.558793]]]}},{"type":"Feature","properties":{"capa":"lote","n":240,"m2":442,"frente":"calle","premio":"parque","ancho":17.2,"fondo":25.8,"arboles":3},"geometry":{"type":"Polygon","coordinates":[[[-103.36624,25.558924],[-103.366372,25.559124],[-103.366519,25.559044],[-103.366386,25.558844],[-103.36624,25.558924]]]}},{"type":"Feature","properties":{"capa":"lote","n":241,"m2":327,"frente":"calle","premio":"parque","ancho":12.7,"fondo":25.8,"arboles":3},"geometry":{"type":"Polygon","coordinates":[[[-103.366132,25.558983],[-103.366264,25.559183],[-103.366372,25.559124],[-103.36624,25.558924],[-103.366132,25.558983]]]}},{"type":"Feature","properties":{"capa":"lote","n":242,"m2":327,"frente":"calle","premio":"parque","ancho":12.7,"fondo":25.8,"arboles":3},"geometry":{"type":"Polygon","coordinates":[[[-103.366024,25.559042],[-103.366156,25.559242],[-103.366264,25.559183],[-103.366132,25.558983],[-103.366024,25.559042]]]}},{"type":"Feature","properties":{"capa":"lote","n":243,"m2":327,"frente":"calle","premio":"parque","ancho":12.7,"fondo":25.8,"arboles":4},"geometry":{"type":"Polygon","coordinates":[[[-103.365916,25.559101],[-103.366048,25.559301],[-103.366156,25.559242],[-103.366024,25.559042],[-103.365916,25.559101]]]}},{"type":"Feature","properties":{"capa":"lote","n":244,"m2":327,"frente":"calle","premio":"parque","ancho":12.7,"fondo":25.8,"arboles":2},"geometry":{"type":"Polygon","coordinates":[[[-103.365807,25.55916],[-103.36594,25.559359],[-103.366048,25.559301],[-103.365916,25.559101],[-103.365807,25.55916]]]}},{"type":"Feature","properties":{"capa":"lote","n":245,"m2":327,"frente":"calle","premio":"parque","ancho":12.7,"fondo":25.8,"arboles":1},"geometry":{"type":"Polygon","coordinates":[[[-103.365699,25.559219],[-103.365831,25.559418],[-103.36594,25.559359],[-103.365807,25.55916],[-103.365699,25.559219]]]}},{"type":"Feature","properties":{"capa":"lote","n":246,"m2":327,"frente":"calle","premio":"parque","ancho":12.7,"fondo":25.8,"arboles":1},"geometry":{"type":"Polygon","coordinates":[[[-103.365591,25.559278],[-103.365723,25.559477],[-103.365831,25.559418],[-103.365699,25.559219],[-103.365591,25.559278]]]}},{"type":"Feature","properties":{"capa":"lote","n":247,"m2":327,"frente":"calle","premio":"parque","ancho":12.7,"fondo":25.8,"arboles":1},"geometry":{"type":"Polygon","coordinates":[[[-103.365483,25.559337],[-103.365615,25.559536],[-103.365723,25.559477],[-103.365591,25.559278],[-103.365483,25.559337]]]}},{"type":"Feature","properties":{"capa":"lote","n":248,"m2":327,"frente":"calle","premio":"parque","ancho":12.7,"fondo":25.8,"arboles":3},"geometry":{"type":"Polygon","coordinates":[[[-103.365375,25.559396],[-103.365507,25.559595],[-103.365615,25.559536],[-103.365483,25.559337],[-103.365375,25.559396]]]}},{"type":"Feature","properties":{"capa":"lote","n":249,"m2":327,"frente":"calle","premio":"parque","ancho":12.7,"fondo":25.8,"arboles":0},"geometry":{"type":"Polygon","coordinates":[[[-103.365266,25.559455],[-103.365399,25.559654],[-103.365507,25.559595],[-103.365375,25.559396],[-103.365266,25.559455]]]}},{"type":"Feature","properties":{"capa":"lote","n":250,"m2":327,"frente":"calle","premio":"parque","ancho":12.7,"fondo":25.8,"arboles":2},"geometry":{"type":"Polygon","coordinates":[[[-103.365158,25.559513],[-103.365291,25.559713],[-103.365399,25.559654],[-103.365266,25.559455],[-103.365158,25.559513]]]}},{"type":"Feature","properties":{"capa":"lote","n":251,"m2":285,"frente":"calle","premio":"parque","ancho":11.0,"fondo":25.8,"arboles":2},"geometry":{"type":"Polygon","coordinates":[[[-103.365064,25.559565],[-103.365196,25.559765],[-103.365291,25.559713],[-103.365158,25.559513],[-103.365064,25.559565]]]}},{"type":"Feature","properties":{"capa":"lote","n":252,"m2":378,"frente":"calle","premio":"parque","ancho":14.6,"fondo":25.8,"arboles":4},"geometry":{"type":"Polygon","coordinates":[[[-103.364845,25.559684],[-103.364977,25.559884],[-103.365102,25.559816],[-103.36497,25.559616],[-103.364845,25.559684]]]}},{"type":"Feature","properties":{"capa":"lote","n":253,"m2":342,"frente":"calle","premio":"parque","ancho":13.3,"fondo":25.8,"arboles":3},"geometry":{"type":"Polygon","coordinates":[[[-103.364732,25.559746],[-103.364864,25.559945],[-103.364977,25.559884],[-103.364845,25.559684],[-103.364732,25.559746]]]}},{"type":"Feature","properties":{"capa":"lote","n":254,"m2":342,"frente":"calle","premio":"parque","ancho":13.3,"fondo":25.8,"arboles":4},"geometry":{"type":"Polygon","coordinates":[[[-103.364619,25.559807],[-103.364751,25.560007],[-103.364864,25.559945],[-103.364732,25.559746],[-103.364619,25.559807]]]}},{"type":"Feature","properties":{"capa":"lote","n":255,"m2":342,"frente":"calle","premio":"parque","ancho":13.3,"fondo":25.8,"arboles":0},"geometry":{"type":"Polygon","coordinates":[[[-103.364506,25.559869],[-103.364638,25.560069],[-103.364751,25.560007],[-103.364619,25.559807],[-103.364506,25.559869]]]}},{"type":"Feature","properties":{"capa":"lote","n":256,"m2":342,"frente":"calle","premio":"parque","ancho":13.3,"fondo":25.8,"arboles":2},"geometry":{"type":"Polygon","coordinates":[[[-103.364393,25.559931],[-103.364525,25.56013],[-103.364638,25.560069],[-103.364506,25.559869],[-103.364393,25.559931]]]}},{"type":"Feature","properties":{"capa":"lote","n":257,"m2":342,"frente":"calle","premio":"parque","ancho":13.3,"fondo":25.8,"arboles":0},"geometry":{"type":"Polygon","coordinates":[[[-103.36428,25.559992],[-103.364412,25.560192],[-103.364525,25.56013],[-103.364393,25.559931],[-103.36428,25.559992]]]}},{"type":"Feature","properties":{"capa":"lote","n":258,"m2":342,"frente":"calle","premio":"parque","ancho":13.3,"fondo":25.8,"arboles":3},"geometry":{"type":"Polygon","coordinates":[[[-103.364167,25.560054],[-103.364299,25.560254],[-103.364412,25.560192],[-103.36428,25.559992],[-103.364167,25.560054]]]}},{"type":"Feature","properties":{"capa":"lote","n":259,"m2":342,"frente":"calle","premio":"parque","ancho":13.3,"fondo":25.8,"arboles":3},"geometry":{"type":"Polygon","coordinates":[[[-103.364053,25.560116],[-103.364186,25.560315],[-103.364299,25.560254],[-103.364167,25.560054],[-103.364053,25.560116]]]}},{"type":"Feature","properties":{"capa":"lote","n":260,"m2":342,"frente":"calle","premio":"parque","ancho":13.3,"fondo":25.8,"arboles":2},"geometry":{"type":"Polygon","coordinates":[[[-103.36394,25.560177],[-103.364072,25.560377],[-103.364186,25.560315],[-103.364053,25.560116],[-103.36394,25.560177]]]}},{"type":"Feature","properties":{"capa":"lote","n":261,"m2":342,"frente":"calle","premio":"parque","ancho":13.3,"fondo":25.8,"arboles":2},"geometry":{"type":"Polygon","coordinates":[[[-103.363827,25.560239],[-103.363959,25.560439],[-103.364072,25.560377],[-103.36394,25.560177],[-103.363827,25.560239]]]}},{"type":"Feature","properties":{"capa":"lote","n":262,"m2":336,"frente":"calle","premio":"parque","ancho":13.0,"fondo":25.8,"arboles":3},"geometry":{"type":"Polygon","coordinates":[[[-103.363716,25.560299],[-103.363848,25.560499],[-103.363959,25.560439],[-103.363827,25.560239],[-103.363716,25.560299]]]}},{"type":"Feature","properties":{"capa":"lote","n":263,"m2":343,"frente":"calle","premio":"parque","ancho":13.3,"fondo":25.8,"arboles":3},"geometry":{"type":"Polygon","coordinates":[[[-103.363509,25.560412],[-103.363641,25.560612],[-103.363755,25.56055],[-103.363622,25.56035],[-103.363509,25.560412]]]}},{"type":"Feature","properties":{"capa":"lote","n":264,"m2":336,"frente":"calle","premio":"","ancho":13.0,"fondo":25.8,"arboles":5},"geometry":{"type":"Polygon","coordinates":[[[-103.363398,25.560473],[-103.36353,25.560672],[-103.363641,25.560612],[-103.363509,25.560412],[-103.363398,25.560473]]]}},{"type":"Feature","properties":{"capa":"lote","n":265,"m2":336,"frente":"calle","premio":"","ancho":13.0,"fondo":25.8,"arboles":5},"geometry":{"type":"Polygon","coordinates":[[[-103.363287,25.560533],[-103.363419,25.560733],[-103.36353,25.560672],[-103.363398,25.560473],[-103.363287,25.560533]]]}},{"type":"Feature","properties":{"capa":"lote","n":266,"m2":336,"frente":"calle","premio":"","ancho":13.0,"fondo":25.8,"arboles":4},"geometry":{"type":"Polygon","coordinates":[[[-103.363176,25.560594],[-103.363308,25.560793],[-103.363419,25.560733],[-103.363287,25.560533],[-103.363176,25.560594]]]}},{"type":"Feature","properties":{"capa":"lote","n":267,"m2":336,"frente":"calle","premio":"","ancho":13.0,"fondo":25.8,"arboles":1},"geometry":{"type":"Polygon","coordinates":[[[-103.363065,25.560654],[-103.363197,25.560854],[-103.363308,25.560793],[-103.363176,25.560594],[-103.363065,25.560654]]]}},{"type":"Feature","properties":{"capa":"lote","n":268,"m2":336,"frente":"calle","premio":"","ancho":13.0,"fondo":25.8,"arboles":2},"geometry":{"type":"Polygon","coordinates":[[[-103.362954,25.560715],[-103.363086,25.560915],[-103.363197,25.560854],[-103.363065,25.560654],[-103.362954,25.560715]]]}},{"type":"Feature","properties":{"capa":"lote","n":269,"m2":336,"frente":"calle","premio":"","ancho":13.0,"fondo":25.8,"arboles":1},"geometry":{"type":"Polygon","coordinates":[[[-103.362842,25.560775],[-103.362975,25.560975],[-103.363086,25.560915],[-103.362954,25.560715],[-103.362842,25.560775]]]}},{"type":"Feature","properties":{"capa":"lote","n":270,"m2":336,"frente":"calle","premio":"","ancho":13.0,"fondo":25.8,"arboles":2},"geometry":{"type":"Polygon","coordinates":[[[-103.362731,25.560836],[-103.362864,25.561036],[-103.362975,25.560975],[-103.362842,25.560775],[-103.362731,25.560836]]]}},{"type":"Feature","properties":{"capa":"lote","n":271,"m2":336,"frente":"calle","premio":"","ancho":13.0,"fondo":25.8,"arboles":3},"geometry":{"type":"Polygon","coordinates":[[[-103.36262,25.560896],[-103.362753,25.561096],[-103.362864,25.561036],[-103.362731,25.560836],[-103.36262,25.560896]]]}},{"type":"Feature","properties":{"capa":"lote","n":272,"m2":336,"frente":"calle","premio":"","ancho":13.0,"fondo":25.8,"arboles":1},"geometry":{"type":"Polygon","coordinates":[[[-103.362509,25.560957],[-103.362641,25.561157],[-103.362753,25.561096],[-103.36262,25.560896],[-103.362509,25.560957]]]}},{"type":"Feature","properties":{"capa":"lote","n":273,"m2":478,"frente":"calle","premio":"","ancho":18.5,"fondo":25.8,"arboles":1},"geometry":{"type":"Polygon","coordinates":[[[-103.362351,25.561043],[-103.362483,25.561243],[-103.362641,25.561157],[-103.362509,25.560957],[-103.362351,25.561043]]]}},{"type":"Feature","properties":{"capa":"lote","n":274,"m2":358,"frente":"calle","premio":"","ancho":13.9,"fondo":25.8,"arboles":2},"geometry":{"type":"Polygon","coordinates":[[[-103.362139,25.561159],[-103.362271,25.561358],[-103.36239,25.561294],[-103.362257,25.561094],[-103.362139,25.561159]]]}},{"type":"Feature","properties":{"capa":"lote","n":275,"m2":320,"frente":"calle","premio":"","ancho":12.4,"fondo":25.8,"arboles":4},"geometry":{"type":"Polygon","coordinates":[[[-103.362033,25.561216],[-103.362165,25.561416],[-103.362271,25.561358],[-103.362139,25.561159],[-103.362033,25.561216]]]}},{"type":"Feature","properties":{"capa":"lote","n":276,"m2":320,"frente":"calle","premio":"","ancho":12.4,"fondo":25.8,"arboles":2},"geometry":{"type":"Polygon","coordinates":[[[-103.361927,25.561274],[-103.362059,25.561474],[-103.362165,25.561416],[-103.362033,25.561216],[-103.361927,25.561274]]]}},{"type":"Feature","properties":{"capa":"lote","n":277,"m2":320,"frente":"calle","premio":"","ancho":12.4,"fondo":25.8,"arboles":2},"geometry":{"type":"Polygon","coordinates":[[[-103.361821,25.561332],[-103.361954,25.561531],[-103.362059,25.561474],[-103.361927,25.561274],[-103.361821,25.561332]]]}},{"type":"Feature","properties":{"capa":"lote","n":278,"m2":320,"frente":"calle","premio":"","ancho":12.4,"fondo":25.8,"arboles":2},"geometry":{"type":"Polygon","coordinates":[[[-103.361716,25.561389],[-103.361848,25.561589],[-103.361954,25.561531],[-103.361821,25.561332],[-103.361716,25.561389]]]}},{"type":"Feature","properties":{"capa":"lote","n":279,"m2":320,"frente":"calle","premio":"","ancho":12.4,"fondo":25.8,"arboles":5},"geometry":{"type":"Polygon","coordinates":[[[-103.36161,25.561447],[-103.361742,25.561647],[-103.361848,25.561589],[-103.361716,25.561389],[-103.36161,25.561447]]]}},{"type":"Feature","properties":{"capa":"lote","n":280,"m2":320,"frente":"calle","premio":"","ancho":12.4,"fondo":25.8,"arboles":2},"geometry":{"type":"Polygon","coordinates":[[[-103.361504,25.561505],[-103.361636,25.561704],[-103.361742,25.561647],[-103.36161,25.561447],[-103.361504,25.561505]]]}},{"type":"Feature","properties":{"capa":"lote","n":281,"m2":320,"frente":"calle","premio":"","ancho":12.4,"fondo":25.8,"arboles":5},"geometry":{"type":"Polygon","coordinates":[[[-103.361398,25.561562],[-103.36153,25.561762],[-103.361636,25.561704],[-103.361504,25.561505],[-103.361398,25.561562]]]}},{"type":"Feature","properties":{"capa":"lote","n":282,"m2":320,"frente":"calle","premio":"","ancho":12.4,"fondo":25.8,"arboles":3},"geometry":{"type":"Polygon","coordinates":[[[-103.361292,25.56162],[-103.361425,25.56182],[-103.36153,25.561762],[-103.361398,25.561562],[-103.361292,25.56162]]]}},{"type":"Feature","properties":{"capa":"lote","n":283,"m2":320,"frente":"calle","premio":"","ancho":12.4,"fondo":25.8,"arboles":0},"geometry":{"type":"Polygon","coordinates":[[[-103.361187,25.561678],[-103.361319,25.561877],[-103.361425,25.56182],[-103.361292,25.56162],[-103.361187,25.561678]]]}},{"type":"Feature","properties":{"capa":"lote","n":284,"m2":426,"frente":"calle","premio":"","ancho":16.5,"fondo":25.8,"arboles":2},"geometry":{"type":"Polygon","coordinates":[[[-103.361046,25.561754],[-103.361178,25.561954],[-103.361319,25.561877],[-103.361187,25.561678],[-103.361046,25.561754]]]}},{"type":"Feature","properties":{"capa":"lote","n":285,"m2":375,"frente":"calle","premio":"","ancho":14.5,"fondo":25.8,"arboles":2},"geometry":{"type":"Polygon","coordinates":[[[-103.360828,25.561873],[-103.36096,25.562073],[-103.361084,25.562005],[-103.360952,25.561805],[-103.360828,25.561873]]]}},{"type":"Feature","properties":{"capa":"lote","n":286,"m2":329,"frente":"calle","premio":"","ancho":12.8,"fondo":25.8,"arboles":2},"geometry":{"type":"Polygon","coordinates":[[[-103.360719,25.561932],[-103.360851,25.562132],[-103.36096,25.562073],[-103.360828,25.561873],[-103.360719,25.561932]]]}},{"type":"Feature","properties":{"capa":"lote","n":287,"m2":329,"frente":"calle","premio":"","ancho":12.8,"fondo":25.8,"arboles":0},"geometry":{"type":"Polygon","coordinates":[[[-103.36061,25.561992],[-103.360743,25.562191],[-103.360851,25.562132],[-103.360719,25.561932],[-103.36061,25.561992]]]}},{"type":"Feature","properties":{"capa":"lote","n":288,"m2":329,"frente":"calle","premio":"","ancho":12.8,"fondo":25.8,"arboles":2},"geometry":{"type":"Polygon","coordinates":[[[-103.360501,25.562051],[-103.360634,25.562251],[-103.360743,25.562191],[-103.36061,25.561992],[-103.360501,25.562051]]]}},{"type":"Feature","properties":{"capa":"lote","n":289,"m2":329,"frente":"calle","premio":"","ancho":12.8,"fondo":25.8,"arboles":3},"geometry":{"type":"Polygon","coordinates":[[[-103.360393,25.56211],[-103.360525,25.56231],[-103.360634,25.562251],[-103.360501,25.562051],[-103.360393,25.56211]]]}},{"type":"Feature","properties":{"capa":"lote","n":290,"m2":329,"frente":"calle","premio":"","ancho":12.8,"fondo":25.8,"arboles":5},"geometry":{"type":"Polygon","coordinates":[[[-103.360284,25.56217],[-103.360416,25.562369],[-103.360525,25.56231],[-103.360393,25.56211],[-103.360284,25.56217]]]}},{"type":"Feature","properties":{"capa":"lote","n":291,"m2":329,"frente":"calle","premio":"","ancho":12.8,"fondo":25.8,"arboles":4},"geometry":{"type":"Polygon","coordinates":[[[-103.360175,25.562229],[-103.360307,25.562429],[-103.360416,25.562369],[-103.360284,25.56217],[-103.360175,25.562229]]]}},{"type":"Feature","properties":{"capa":"lote","n":292,"m2":329,"frente":"calle","premio":"","ancho":12.8,"fondo":25.8,"arboles":4},"geometry":{"type":"Polygon","coordinates":[[[-103.360066,25.562288],[-103.360198,25.562488],[-103.360307,25.562429],[-103.360175,25.562229],[-103.360066,25.562288]]]}},{"type":"Feature","properties":{"capa":"lote","n":293,"m2":329,"frente":"calle","premio":"","ancho":12.8,"fondo":25.8,"arboles":2},"geometry":{"type":"Polygon","coordinates":[[[-103.359957,25.562348],[-103.360089,25.562547],[-103.360198,25.562488],[-103.360066,25.562288],[-103.359957,25.562348]]]}},{"type":"Feature","properties":{"capa":"lote","n":294,"m2":329,"frente":"calle","premio":"","ancho":12.8,"fondo":25.8,"arboles":3},"geometry":{"type":"Polygon","coordinates":[[[-103.359848,25.562407],[-103.359981,25.562606],[-103.360089,25.562547],[-103.359957,25.562348],[-103.359848,25.562407]]]}},{"type":"Feature","properties":{"capa":"lote","n":295,"m2":352,"frente":"calle","premio":"parque","ancho":13.6,"fondo":25.8,"arboles":2},"geometry":{"type":"Polygon","coordinates":[[[-103.359732,25.56247],[-103.359864,25.56267],[-103.359981,25.562606],[-103.359848,25.562407],[-103.359732,25.56247]]]}},{"type":"Feature","properties":{"capa":"lote","n":296,"m2":379,"frente":"calle","premio":"parque","ancho":14.7,"fondo":25.8,"arboles":1},"geometry":{"type":"Polygon","coordinates":[[[-103.359513,25.56259],[-103.359645,25.562789],[-103.35977,25.562721],[-103.359638,25.562521],[-103.359513,25.56259]]]}},{"type":"Feature","properties":{"capa":"lote","n":297,"m2":321,"frente":"calle","premio":"parque","ancho":12.4,"fondo":25.8,"arboles":3},"geometry":{"type":"Polygon","coordinates":[[[-103.359407,25.562647],[-103.359539,25.562847],[-103.359645,25.562789],[-103.359513,25.56259],[-103.359407,25.562647]]]}},{"type":"Feature","properties":{"capa":"lote","n":298,"m2":321,"frente":"calle","premio":"parque","ancho":12.4,"fondo":25.8,"arboles":3},"geometry":{"type":"Polygon","coordinates":[[[-103.359301,25.562705],[-103.359433,25.562905],[-103.359539,25.562847],[-103.359407,25.562647],[-103.359301,25.562705]]]}},{"type":"Feature","properties":{"capa":"lote","n":299,"m2":321,"frente":"calle","premio":"parque","ancho":12.4,"fondo":25.8,"arboles":4},"geometry":{"type":"Polygon","coordinates":[[[-103.359194,25.562763],[-103.359327,25.562963],[-103.359433,25.562905],[-103.359301,25.562705],[-103.359194,25.562763]]]}},{"type":"Feature","properties":{"capa":"lote","n":300,"m2":321,"frente":"calle","premio":"","ancho":12.4,"fondo":25.8,"arboles":1},"geometry":{"type":"Polygon","coordinates":[[[-103.359088,25.562821],[-103.359221,25.563021],[-103.359327,25.562963],[-103.359194,25.562763],[-103.359088,25.562821]]]}},{"type":"Feature","properties":{"capa":"lote","n":301,"m2":321,"frente":"calle","premio":"","ancho":12.4,"fondo":25.8,"arboles":1},"geometry":{"type":"Polygon","coordinates":[[[-103.358982,25.562879],[-103.359114,25.563078],[-103.359221,25.563021],[-103.359088,25.562821],[-103.358982,25.562879]]]}},{"type":"Feature","properties":{"capa":"lote","n":302,"m2":321,"frente":"calle","premio":"","ancho":12.4,"fondo":25.8,"arboles":3},"geometry":{"type":"Polygon","coordinates":[[[-103.358876,25.562937],[-103.359008,25.563136],[-103.359114,25.563078],[-103.358982,25.562879],[-103.358876,25.562937]]]}},{"type":"Feature","properties":{"capa":"lote","n":303,"m2":321,"frente":"calle","premio":"","ancho":12.4,"fondo":25.8,"arboles":2},"geometry":{"type":"Polygon","coordinates":[[[-103.35877,25.562994],[-103.358902,25.563194],[-103.359008,25.563136],[-103.358876,25.562937],[-103.35877,25.562994]]]}},{"type":"Feature","properties":{"capa":"lote","n":304,"m2":321,"frente":"calle","premio":"","ancho":12.4,"fondo":25.8,"arboles":2},"geometry":{"type":"Polygon","coordinates":[[[-103.358664,25.563052],[-103.358796,25.563252],[-103.358902,25.563194],[-103.35877,25.562994],[-103.358664,25.563052]]]}},{"type":"Feature","properties":{"capa":"lote","n":305,"m2":321,"frente":"calle","premio":"","ancho":12.4,"fondo":25.8,"arboles":1},"geometry":{"type":"Polygon","coordinates":[[[-103.358558,25.56311],[-103.35869,25.56331],[-103.358796,25.563252],[-103.358664,25.563052],[-103.358558,25.56311]]]}},{"type":"Feature","properties":{"capa":"lote","n":306,"m2":321,"frente":"calle","premio":"","ancho":12.4,"fondo":25.8,"arboles":1},"geometry":{"type":"Polygon","coordinates":[[[-103.358452,25.563168],[-103.358584,25.563368],[-103.35869,25.56331],[-103.358558,25.56311],[-103.358452,25.563168]]]}},{"type":"Feature","properties":{"capa":"lote","n":307,"m2":436,"frente":"calle","premio":"","ancho":16.9,"fondo":25.8,"arboles":1},"geometry":{"type":"Polygon","coordinates":[[[-103.358307,25.563246],[-103.358439,25.563446],[-103.358584,25.563368],[-103.358452,25.563168],[-103.358307,25.563246]]]}},{"type":"Feature","properties":{"capa":"lote","n":308,"m2":234,"frente":"calle","premio":"","ancho":9.1,"fondo":25.8,"arboles":2},"geometry":{"type":"Polygon","coordinates":[[[-103.358136,25.56334],[-103.358268,25.563539],[-103.358346,25.563497],[-103.358213,25.563298],[-103.358136,25.56334]]]}},{"type":"Feature","properties":{"capa":"lote","n":309,"m2":350,"frente":"calle","premio":"","ancho":13.6,"fondo":25.8,"arboles":2},"geometry":{"type":"Polygon","coordinates":[[[-103.35802,25.563403],[-103.358152,25.563602],[-103.358268,25.563539],[-103.358136,25.56334],[-103.35802,25.563403]]]}},{"type":"Feature","properties":{"capa":"lote","n":310,"m2":350,"frente":"calle","premio":"","ancho":13.6,"fondo":25.8,"arboles":1},"geometry":{"type":"Polygon","coordinates":[[[-103.357904,25.563466],[-103.358037,25.563666],[-103.358152,25.563602],[-103.35802,25.563403],[-103.357904,25.563466]]]}},{"type":"Feature","properties":{"capa":"lote","n":311,"m2":350,"frente":"calle","premio":"","ancho":13.6,"fondo":25.8,"arboles":3},"geometry":{"type":"Polygon","coordinates":[[[-103.357789,25.563529],[-103.357921,25.563729],[-103.358037,25.563666],[-103.357904,25.563466],[-103.357789,25.563529]]]}},{"type":"Feature","properties":{"capa":"lote","n":312,"m2":350,"frente":"calle","premio":"","ancho":13.6,"fondo":25.8,"arboles":2},"geometry":{"type":"Polygon","coordinates":[[[-103.357673,25.563592],[-103.357805,25.563792],[-103.357921,25.563729],[-103.357789,25.563529],[-103.357673,25.563592]]]}},{"type":"Feature","properties":{"capa":"lote","n":313,"m2":323,"frente":"calle","premio":"","ancho":13.6,"fondo":25.8,"arboles":2},"geometry":{"type":"Polygon","coordinates":[[[-103.357805,25.563792],[-103.357689,25.563855],[-103.357604,25.563726],[-103.357607,25.563628],[-103.357673,25.563592],[-103.357805,25.563792]]]}},{"type":"Feature","properties":{"capa":"lote","n":314,"m2":335,"frente":"calle","premio":"","ancho":13.0,"fondo":25.8,"arboles":3},"geometry":{"type":"Polygon","coordinates":[[[-103.367556,25.558479],[-103.367688,25.558679],[-103.367799,25.558618],[-103.367666,25.558418],[-103.367556,25.558479]]]}},{"type":"Feature","properties":{"capa":"lote","n":315,"m2":335,"frente":"calle","premio":"","ancho":13.0,"fondo":25.8,"arboles":2},"geometry":{"type":"Polygon","coordinates":[[[-103.367445,25.558539],[-103.367577,25.558739],[-103.367688,25.558679],[-103.367556,25.558479],[-103.367445,25.558539]]]}},{"type":"Feature","properties":{"capa":"lote","n":316,"m2":335,"frente":"calle","premio":"","ancho":13.0,"fondo":25.8,"arboles":3},"geometry":{"type":"Polygon","coordinates":[[[-103.367334,25.5586],[-103.367466,25.558799],[-103.367577,25.558739],[-103.367445,25.558539],[-103.367334,25.5586]]]}},{"type":"Feature","properties":{"capa":"lote","n":317,"m2":335,"frente":"calle","premio":"","ancho":13.0,"fondo":25.8,"arboles":2},"geometry":{"type":"Polygon","coordinates":[[[-103.367223,25.55866],[-103.367355,25.55886],[-103.367466,25.558799],[-103.367334,25.5586],[-103.367223,25.55866]]]}},{"type":"Feature","properties":{"capa":"lote","n":318,"m2":335,"frente":"calle","premio":"","ancho":13.0,"fondo":25.8,"arboles":2},"geometry":{"type":"Polygon","coordinates":[[[-103.367112,25.558721],[-103.367244,25.55892],[-103.367355,25.55886],[-103.367223,25.55866],[-103.367112,25.558721]]]}},{"type":"Feature","properties":{"capa":"lote","n":319,"m2":335,"frente":"calle","premio":"","ancho":13.0,"fondo":25.8,"arboles":3},"geometry":{"type":"Polygon","coordinates":[[[-103.367001,25.558781],[-103.367133,25.558981],[-103.367244,25.55892],[-103.367112,25.558721],[-103.367001,25.558781]]]}},{"type":"Feature","properties":{"capa":"lote","n":320,"m2":335,"frente":"calle","premio":"","ancho":13.0,"fondo":25.8,"arboles":2},"geometry":{"type":"Polygon","coordinates":[[[-103.36689,25.558841],[-103.367022,25.559041],[-103.367133,25.558981],[-103.367001,25.558781],[-103.36689,25.558841]]]}},{"type":"Feature","properties":{"capa":"lote","n":321,"m2":335,"frente":"calle","premio":"","ancho":13.0,"fondo":25.8,"arboles":2},"geometry":{"type":"Polygon","coordinates":[[[-103.366779,25.558902],[-103.366911,25.559102],[-103.367022,25.559041],[-103.36689,25.558841],[-103.366779,25.558902]]]}},{"type":"Feature","properties":{"capa":"lote","n":322,"m2":505,"frente":"calle","premio":"","ancho":19.6,"fondo":25.8,"arboles":0},"geometry":{"type":"Polygon","coordinates":[[[-103.366612,25.558993],[-103.366745,25.559192],[-103.366911,25.559102],[-103.366779,25.558902],[-103.366612,25.558993]]]}},{"type":"Feature","properties":{"capa":"lote","n":323,"m2":448,"frente":"calle","premio":"","ancho":17.4,"fondo":25.8,"arboles":0},"geometry":{"type":"Polygon","coordinates":[[[-103.366371,25.559125],[-103.366503,25.559324],[-103.366651,25.559244],[-103.366519,25.559044],[-103.366371,25.559125]]]}},{"type":"Feature","properties":{"capa":"lote","n":324,"m2":324,"frente":"calle","premio":"","ancho":12.6,"fondo":25.8,"arboles":3},"geometry":{"type":"Polygon","coordinates":[[[-103.366263,25.559183],[-103.366396,25.559383],[-103.366503,25.559324],[-103.366371,25.559125],[-103.366263,25.559183]]]}},{"type":"Feature","properties":{"capa":"lote","n":325,"m2":324,"frente":"calle","premio":"","ancho":12.6,"fondo":25.8,"arboles":2},"geometry":{"type":"Polygon","coordinates":[[[-103.366156,25.559241],[-103.366288,25.559441],[-103.366396,25.559383],[-103.366263,25.559183],[-103.366156,25.559241]]]}},{"type":"Feature","properties":{"capa":"lote","n":326,"m2":324,"frente":"calle","premio":"","ancho":12.6,"fondo":25.8,"arboles":5},"geometry":{"type":"Polygon","coordinates":[[[-103.366049,25.5593],[-103.366181,25.559499],[-103.366288,25.559441],[-103.366156,25.559241],[-103.366049,25.5593]]]}},{"type":"Feature","properties":{"capa":"lote","n":327,"m2":324,"frente":"calle","premio":"","ancho":12.6,"fondo":25.8,"arboles":5},"geometry":{"type":"Polygon","coordinates":[[[-103.365942,25.559358],[-103.366074,25.559558],[-103.366181,25.559499],[-103.366049,25.5593],[-103.365942,25.559358]]]}},{"type":"Feature","properties":{"capa":"lote","n":328,"m2":324,"frente":"calle","premio":"","ancho":12.6,"fondo":25.8,"arboles":2},"geometry":{"type":"Polygon","coordinates":[[[-103.365835,25.559417],[-103.365967,25.559616],[-103.366074,25.559558],[-103.365942,25.559358],[-103.365835,25.559417]]]}},{"type":"Feature","properties":{"capa":"lote","n":329,"m2":324,"frente":"calle","premio":"","ancho":12.6,"fondo":25.8,"arboles":3},"geometry":{"type":"Polygon","coordinates":[[[-103.365728,25.559475],[-103.36586,25.559675],[-103.365967,25.559616],[-103.365835,25.559417],[-103.365728,25.559475]]]}},{"type":"Feature","properties":{"capa":"lote","n":330,"m2":324,"frente":"calle","premio":"","ancho":12.6,"fondo":25.8,"arboles":3},"geometry":{"type":"Polygon","coordinates":[[[-103.36562,25.559533],[-103.365753,25.559733],[-103.36586,25.559675],[-103.365728,25.559475],[-103.36562,25.559533]]]}},{"type":"Feature","properties":{"capa":"lote","n":331,"m2":324,"frente":"calle","premio":"","ancho":12.6,"fondo":25.8,"arboles":4},"geometry":{"type":"Polygon","coordinates":[[[-103.365513,25.559592],[-103.365646,25.559791],[-103.365753,25.559733],[-103.36562,25.559533],[-103.365513,25.559592]]]}},{"type":"Feature","properties":{"capa":"lote","n":332,"m2":324,"frente":"calle","premio":"","ancho":12.6,"fondo":25.8,"arboles":2},"geometry":{"type":"Polygon","coordinates":[[[-103.365406,25.55965],[-103.365538,25.55985],[-103.365646,25.559791],[-103.365513,25.559592],[-103.365406,25.55965]]]}},{"type":"Feature","properties":{"capa":"lote","n":333,"m2":324,"frente":"calle","premio":"","ancho":12.6,"fondo":25.8,"arboles":2},"geometry":{"type":"Polygon","coordinates":[[[-103.365299,25.559709],[-103.365431,25.559908],[-103.365538,25.55985],[-103.365406,25.55965],[-103.365299,25.559709]]]}},{"type":"Feature","properties":{"capa":"lote","n":334,"m2":311,"frente":"calle","premio":"","ancho":12.0,"fondo":25.8,"arboles":2},"geometry":{"type":"Polygon","coordinates":[[[-103.365196,25.559765],[-103.365329,25.559964],[-103.365431,25.559908],[-103.365299,25.559709],[-103.365196,25.559765]]]}},{"type":"Feature","properties":{"capa":"lote","n":335,"m2":377,"frente":"calle","premio":"","ancho":14.6,"fondo":25.8,"arboles":2},"geometry":{"type":"Polygon","coordinates":[[[-103.364978,25.559884],[-103.36511,25.560083],[-103.365235,25.560015],[-103.365102,25.559816],[-103.364978,25.559884]]]}},{"type":"Feature","properties":{"capa":"lote","n":336,"m2":340,"frente":"calle","premio":"","ancho":13.2,"fondo":25.8,"arboles":2},"geometry":{"type":"Polygon","coordinates":[[[-103.364865,25.559945],[-103.364998,25.560144],[-103.36511,25.560083],[-103.364978,25.559884],[-103.364865,25.559945]]]}},{"type":"Feature","properties":{"capa":"lote","n":337,"m2":340,"frente":"calle","premio":"","ancho":13.2,"fondo":25.8,"arboles":3},"geometry":{"type":"Polygon","coordinates":[[[-103.364753,25.560006],[-103.364885,25.560206],[-103.364998,25.560144],[-103.364865,25.559945],[-103.364753,25.560006]]]}},{"type":"Feature","properties":{"capa":"lote","n":338,"m2":340,"frente":"calle","premio":"","ancho":13.2,"fondo":25.8,"arboles":2},"geometry":{"type":"Polygon","coordinates":[[[-103.364641,25.560067],[-103.364773,25.560267],[-103.364885,25.560206],[-103.364753,25.560006],[-103.364641,25.560067]]]}},{"type":"Feature","properties":{"capa":"lote","n":339,"m2":340,"frente":"calle","premio":"","ancho":13.2,"fondo":25.8,"arboles":1},"geometry":{"type":"Polygon","coordinates":[[[-103.364529,25.560128],[-103.364661,25.560328],[-103.364773,25.560267],[-103.364641,25.560067],[-103.364529,25.560128]]]}},{"type":"Feature","properties":{"capa":"lote","n":340,"m2":340,"frente":"calle","premio":"","ancho":13.2,"fondo":25.8,"arboles":2},"geometry":{"type":"Polygon","coordinates":[[[-103.364416,25.56019],[-103.364548,25.560389],[-103.364661,25.560328],[-103.364529,25.560128],[-103.364416,25.56019]]]}},{"type":"Feature","properties":{"capa":"lote","n":341,"m2":340,"frente":"calle","premio":"","ancho":13.2,"fondo":25.8,"arboles":1},"geometry":{"type":"Polygon","coordinates":[[[-103.364304,25.560251],[-103.364436,25.56045],[-103.364548,25.560389],[-103.364416,25.56019],[-103.364304,25.560251]]]}},{"type":"Feature","properties":{"capa":"lote","n":342,"m2":340,"frente":"calle","premio":"","ancho":13.2,"fondo":25.8,"arboles":1},"geometry":{"type":"Polygon","coordinates":[[[-103.364192,25.560312],[-103.364324,25.560512],[-103.364436,25.56045],[-103.364304,25.560251],[-103.364192,25.560312]]]}},{"type":"Feature","properties":{"capa":"lote","n":343,"m2":340,"frente":"calle","premio":"","ancho":13.2,"fondo":25.8,"arboles":1},"geometry":{"type":"Polygon","coordinates":[[[-103.364079,25.560373],[-103.364212,25.560573],[-103.364324,25.560512],[-103.364192,25.560312],[-103.364079,25.560373]]]}},{"type":"Feature","properties":{"capa":"lote","n":344,"m2":340,"frente":"calle","premio":"","ancho":13.2,"fondo":25.8,"arboles":1},"geometry":{"type":"Polygon","coordinates":[[[-103.363967,25.560434],[-103.364099,25.560634],[-103.364212,25.560573],[-103.364079,25.560373],[-103.363967,25.560434]]]}},{"type":"Feature","properties":{"capa":"lote","n":345,"m2":359,"frente":"calle","premio":"parque","ancho":13.9,"fondo":25.8,"arboles":4},"geometry":{"type":"Polygon","coordinates":[[[-103.363848,25.560499],[-103.363981,25.560699],[-103.364099,25.560634],[-103.363967,25.560434],[-103.363848,25.560499]]]}},{"type":"Feature","properties":{"capa":"lote","n":346,"m2":349,"frente":"calle","premio":"parque","ancho":13.5,"fondo":25.8,"arboles":2},"geometry":{"type":"Polygon","coordinates":[[[-103.363639,25.560613],[-103.363771,25.560813],[-103.363887,25.56075],[-103.363755,25.56055],[-103.363639,25.560613]]]}},{"type":"Feature","properties":{"capa":"lote","n":347,"m2":335,"frente":"calle","premio":"parque","ancho":13.0,"fondo":25.8,"arboles":2},"geometry":{"type":"Polygon","coordinates":[[[-103.363528,25.560673],[-103.363661,25.560873],[-103.363771,25.560813],[-103.363639,25.560613],[-103.363528,25.560673]]]}},{"type":"Feature","properties":{"capa":"lote","n":348,"m2":335,"frente":"calle","premio":"parque","ancho":13.0,"fondo":25.8,"arboles":1},"geometry":{"type":"Polygon","coordinates":[[[-103.363418,25.560734],[-103.36355,25.560933],[-103.363661,25.560873],[-103.363528,25.560673],[-103.363418,25.560734]]]}},{"type":"Feature","properties":{"capa":"lote","n":349,"m2":335,"frente":"calle","premio":"parque","ancho":13.0,"fondo":25.8,"arboles":3},"geometry":{"type":"Polygon","coordinates":[[[-103.363307,25.560794],[-103.363439,25.560994],[-103.36355,25.560933],[-103.363418,25.560734],[-103.363307,25.560794]]]}},{"type":"Feature","properties":{"capa":"lote","n":350,"m2":335,"frente":"calle","premio":"parque","ancho":13.0,"fondo":25.8,"arboles":3},"geometry":{"type":"Polygon","coordinates":[[[-103.363196,25.560854],[-103.363328,25.561054],[-103.363439,25.560994],[-103.363307,25.560794],[-103.363196,25.560854]]]}},{"type":"Feature","properties":{"capa":"lote","n":351,"m2":335,"frente":"calle","premio":"parque","ancho":13.0,"fondo":25.8,"arboles":3},"geometry":{"type":"Polygon","coordinates":[[[-103.363085,25.560915],[-103.363218,25.561114],[-103.363328,25.561054],[-103.363196,25.560854],[-103.363085,25.560915]]]}},{"type":"Feature","properties":{"capa":"lote","n":352,"m2":335,"frente":"calle","premio":"parque","ancho":13.0,"fondo":25.8,"arboles":0},"geometry":{"type":"Polygon","coordinates":[[[-103.362975,25.560975],[-103.363107,25.561175],[-103.363218,25.561114],[-103.363085,25.560915],[-103.362975,25.560975]]]}},{"type":"Feature","properties":{"capa":"lote","n":353,"m2":335,"frente":"calle","premio":"parque","ancho":13.0,"fondo":25.8,"arboles":1},"geometry":{"type":"Polygon","coordinates":[[[-103.362864,25.561035],[-103.362996,25.561235],[-103.363107,25.561175],[-103.362975,25.560975],[-103.362864,25.561035]]]}},{"type":"Feature","properties":{"capa":"lote","n":354,"m2":335,"frente":"calle","premio":"parque","ancho":13.0,"fondo":25.8,"arboles":1},"geometry":{"type":"Polygon","coordinates":[[[-103.362753,25.561096],[-103.362885,25.561295],[-103.362996,25.561235],[-103.362864,25.561035],[-103.362753,25.561096]]]}},{"type":"Feature","properties":{"capa":"lote","n":355,"m2":335,"frente":"calle","premio":"parque","ancho":13.0,"fondo":25.8,"arboles":2},"geometry":{"type":"Polygon","coordinates":[[[-103.362643,25.561156],[-103.362775,25.561356],[-103.362885,25.561295],[-103.362753,25.561096],[-103.362643,25.561156]]]}},{"type":"Feature","properties":{"capa":"lote","n":356,"m2":481,"frente":"calle","premio":"parque","ancho":18.7,"fondo":25.8,"arboles":3},"geometry":{"type":"Polygon","coordinates":[[[-103.362483,25.561243],[-103.362616,25.561442],[-103.362775,25.561356],[-103.362643,25.561156],[-103.362483,25.561243]]]}},{"type":"Feature","properties":{"capa":"lote","n":357,"m2":334,"frente":"calle","premio":"parque","ancho":13.0,"fondo":25.8,"arboles":4},"geometry":{"type":"Polygon","coordinates":[[[-103.362279,25.561354],[-103.362411,25.561554],[-103.362522,25.561494],[-103.36239,25.561294],[-103.362279,25.561354]]]}},{"type":"Feature","properties":{"capa":"lote","n":358,"m2":329,"frente":"calle","premio":"","ancho":12.7,"fondo":25.8,"arboles":1},"geometry":{"type":"Polygon","coordinates":[[[-103.36217,25.561413],[-103.362303,25.561613],[-103.362411,25.561554],[-103.362279,25.561354],[-103.36217,25.561413]]]}},{"type":"Feature","properties":{"capa":"lote","n":359,"m2":329,"frente":"calle","premio":"","ancho":12.7,"fondo":25.8,"arboles":3},"geometry":{"type":"Polygon","coordinates":[[[-103.362062,25.561473],[-103.362194,25.561672],[-103.362303,25.561613],[-103.36217,25.561413],[-103.362062,25.561473]]]}},{"type":"Feature","properties":{"capa":"lote","n":360,"m2":329,"frente":"calle","premio":"","ancho":12.7,"fondo":25.8,"arboles":2},"geometry":{"type":"Polygon","coordinates":[[[-103.361953,25.561532],[-103.362085,25.561731],[-103.362194,25.561672],[-103.362062,25.561473],[-103.361953,25.561532]]]}},{"type":"Feature","properties":{"capa":"lote","n":361,"m2":329,"frente":"calle","premio":"","ancho":12.7,"fondo":25.8,"arboles":3},"geometry":{"type":"Polygon","coordinates":[[[-103.361844,25.561591],[-103.361976,25.561791],[-103.362085,25.561731],[-103.361953,25.561532],[-103.361844,25.561591]]]}},{"type":"Feature","properties":{"capa":"lote","n":362,"m2":329,"frente":"calle","premio":"","ancho":12.7,"fondo":25.8,"arboles":3},"geometry":{"type":"Polygon","coordinates":[[[-103.361736,25.56165],[-103.361868,25.56185],[-103.361976,25.561791],[-103.361844,25.561591],[-103.361736,25.56165]]]}},{"type":"Feature","properties":{"capa":"lote","n":363,"m2":329,"frente":"calle","premio":"","ancho":12.7,"fondo":25.8,"arboles":4},"geometry":{"type":"Polygon","coordinates":[[[-103.361627,25.561709],[-103.361759,25.561909],[-103.361868,25.56185],[-103.361736,25.56165],[-103.361627,25.561709]]]}},{"type":"Feature","properties":{"capa":"lote","n":364,"m2":329,"frente":"calle","premio":"","ancho":12.7,"fondo":25.8,"arboles":1},"geometry":{"type":"Polygon","coordinates":[[[-103.361518,25.561769],[-103.36165,25.561968],[-103.361759,25.561909],[-103.361627,25.561709],[-103.361518,25.561769]]]}},{"type":"Feature","properties":{"capa":"lote","n":365,"m2":329,"frente":"calle","premio":"","ancho":12.7,"fondo":25.8,"arboles":1},"geometry":{"type":"Polygon","coordinates":[[[-103.36141,25.561828],[-103.361542,25.562028],[-103.36165,25.561968],[-103.361518,25.561769],[-103.36141,25.561828]]]}},{"type":"Feature","properties":{"capa":"lote","n":366,"m2":329,"frente":"calle","premio":"","ancho":12.7,"fondo":25.8,"arboles":2},"geometry":{"type":"Polygon","coordinates":[[[-103.361301,25.561887],[-103.361433,25.562087],[-103.361542,25.562028],[-103.36141,25.561828],[-103.361301,25.561887]]]}},{"type":"Feature","properties":{"capa":"lote","n":367,"m2":371,"frente":"calle","premio":"","ancho":14.4,"fondo":25.8,"arboles":3},"geometry":{"type":"Polygon","coordinates":[[[-103.361178,25.561954],[-103.36131,25.562154],[-103.361433,25.562087],[-103.361301,25.561887],[-103.361178,25.561954]]]}},{"type":"Feature","properties":{"capa":"lote","n":368,"m2":378,"frente":"calle","premio":"","ancho":14.7,"fondo":25.8,"arboles":1},"geometry":{"type":"Polygon","coordinates":[[[-103.360959,25.562073],[-103.361091,25.562273],[-103.361216,25.562205],[-103.361084,25.562005],[-103.360959,25.562073]]]}},{"type":"Feature","properties":{"capa":"lote","n":369,"m2":331,"frente":"calle","premio":"","ancho":12.8,"fondo":25.8,"arboles":0},"geometry":{"type":"Polygon","coordinates":[[[-103.36085,25.562133],[-103.360982,25.562333],[-103.361091,25.562273],[-103.360959,25.562073],[-103.36085,25.562133]]]}},{"type":"Feature","properties":{"capa":"lote","n":370,"m2":331,"frente":"calle","premio":"","ancho":12.8,"fondo":25.8,"arboles":2},"geometry":{"type":"Polygon","coordinates":[[[-103.36074,25.562193],[-103.360872,25.562392],[-103.360982,25.562333],[-103.36085,25.562133],[-103.36074,25.562193]]]}},{"type":"Feature","properties":{"capa":"lote","n":371,"m2":331,"frente":"calle","premio":"","ancho":12.8,"fondo":25.8,"arboles":4},"geometry":{"type":"Polygon","coordinates":[[[-103.360631,25.562252],[-103.360763,25.562452],[-103.360872,25.562392],[-103.36074,25.562193],[-103.360631,25.562252]]]}},{"type":"Feature","properties":{"capa":"lote","n":372,"m2":331,"frente":"calle","premio":"","ancho":12.8,"fondo":25.8,"arboles":4},"geometry":{"type":"Polygon","coordinates":[[[-103.360521,25.562312],[-103.360653,25.562512],[-103.360763,25.562452],[-103.360631,25.562252],[-103.360521,25.562312]]]}},{"type":"Feature","properties":{"capa":"lote","n":373,"m2":331,"frente":"calle","premio":"","ancho":12.8,"fondo":25.8,"arboles":2},"geometry":{"type":"Polygon","coordinates":[[[-103.360411,25.562372],[-103.360544,25.562571],[-103.360653,25.562512],[-103.360521,25.562312],[-103.360411,25.562372]]]}},{"type":"Feature","properties":{"capa":"lote","n":374,"m2":331,"frente":"calle","premio":"","ancho":12.8,"fondo":25.8,"arboles":1},"geometry":{"type":"Polygon","coordinates":[[[-103.360302,25.562431],[-103.360434,25.562631],[-103.360544,25.562571],[-103.360411,25.562372],[-103.360302,25.562431]]]}},{"type":"Feature","properties":{"capa":"lote","n":375,"m2":331,"frente":"calle","premio":"","ancho":12.8,"fondo":25.8,"arboles":2},"geometry":{"type":"Polygon","coordinates":[[[-103.360192,25.562491],[-103.360325,25.562691],[-103.360434,25.562631],[-103.360302,25.562431],[-103.360192,25.562491]]]}},{"type":"Feature","properties":{"capa":"lote","n":376,"m2":331,"frente":"calle","premio":"","ancho":12.8,"fondo":25.8,"arboles":4},"geometry":{"type":"Polygon","coordinates":[[[-103.360083,25.562551],[-103.360215,25.56275],[-103.360325,25.562691],[-103.360192,25.562491],[-103.360083,25.562551]]]}},{"type":"Feature","properties":{"capa":"lote","n":377,"m2":331,"frente":"calle","premio":"","ancho":12.8,"fondo":25.8,"arboles":2},"geometry":{"type":"Polygon","coordinates":[[[-103.359973,25.56261],[-103.360105,25.56281],[-103.360215,25.56275],[-103.360083,25.562551],[-103.359973,25.56261]]]}},{"type":"Feature","properties":{"capa":"lote","n":378,"m2":330,"frente":"calle","premio":"","ancho":12.8,"fondo":25.8,"arboles":2},"geometry":{"type":"Polygon","coordinates":[[[-103.359864,25.56267],[-103.359996,25.56287],[-103.360105,25.56281],[-103.359973,25.56261],[-103.359864,25.56267]]]}},{"type":"Feature","properties":{"capa":"lote","n":379,"m2":400,"frente":"calle","premio":"","ancho":15.5,"fondo":25.8,"arboles":3},"geometry":{"type":"Polygon","coordinates":[[[-103.359638,25.562793],[-103.35977,25.562993],[-103.359903,25.562921],[-103.35977,25.562721],[-103.359638,25.562793]]]}},{"type":"Feature","properties":{"capa":"lote","n":380,"m2":316,"frente":"calle","premio":"","ancho":12.3,"fondo":25.8,"arboles":1},"geometry":{"type":"Polygon","coordinates":[[[-103.359534,25.56285],[-103.359666,25.56305],[-103.35977,25.562993],[-103.359638,25.562793],[-103.359534,25.56285]]]}},{"type":"Feature","properties":{"capa":"lote","n":381,"m2":316,"frente":"calle","premio":"","ancho":12.3,"fondo":25.8,"arboles":1},"geometry":{"type":"Polygon","coordinates":[[[-103.359429,25.562907],[-103.359561,25.563107],[-103.359666,25.56305],[-103.359534,25.56285],[-103.359429,25.562907]]]}},{"type":"Feature","properties":{"capa":"lote","n":382,"m2":316,"frente":"calle","premio":"","ancho":12.3,"fondo":25.8,"arboles":3},"geometry":{"type":"Polygon","coordinates":[[[-103.359324,25.562964],[-103.359457,25.563164],[-103.359561,25.563107],[-103.359429,25.562907],[-103.359324,25.562964]]]}},{"type":"Feature","properties":{"capa":"lote","n":383,"m2":316,"frente":"calle","premio":"","ancho":12.3,"fondo":25.8,"arboles":3},"geometry":{"type":"Polygon","coordinates":[[[-103.35922,25.563021],[-103.359352,25.563221],[-103.359457,25.563164],[-103.359324,25.562964],[-103.35922,25.563021]]]}},{"type":"Feature","properties":{"capa":"lote","n":384,"m2":316,"frente":"calle","premio":"","ancho":12.3,"fondo":25.8,"arboles":2},"geometry":{"type":"Polygon","coordinates":[[[-103.359115,25.563078],[-103.359247,25.563278],[-103.359352,25.563221],[-103.35922,25.563021],[-103.359115,25.563078]]]}},{"type":"Feature","properties":{"capa":"lote","n":385,"m2":316,"frente":"calle","premio":"","ancho":12.3,"fondo":25.8,"arboles":2},"geometry":{"type":"Polygon","coordinates":[[[-103.359011,25.563135],[-103.359143,25.563335],[-103.359247,25.563278],[-103.359115,25.563078],[-103.359011,25.563135]]]}},{"type":"Feature","properties":{"capa":"lote","n":386,"m2":316,"frente":"calle","premio":"","ancho":12.3,"fondo":25.8,"arboles":3},"geometry":{"type":"Polygon","coordinates":[[[-103.358906,25.563192],[-103.359038,25.563392],[-103.359143,25.563335],[-103.359011,25.563135],[-103.358906,25.563192]]]}},{"type":"Feature","properties":{"capa":"lote","n":387,"m2":316,"frente":"calle","premio":"","ancho":12.3,"fondo":25.8,"arboles":1},"geometry":{"type":"Polygon","coordinates":[[[-103.358801,25.563249],[-103.358934,25.563449],[-103.359038,25.563392],[-103.358906,25.563192],[-103.358801,25.563249]]]}},{"type":"Feature","properties":{"capa":"lote","n":388,"m2":316,"frente":"calle","premio":"","ancho":12.3,"fondo":25.8,"arboles":1},"geometry":{"type":"Polygon","coordinates":[[[-103.358697,25.563306],[-103.358829,25.563506],[-103.358934,25.563449],[-103.358801,25.563249],[-103.358697,25.563306]]]}},{"type":"Feature","properties":{"capa":"lote","n":389,"m2":316,"frente":"calle","premio":"","ancho":12.3,"fondo":25.8,"arboles":1},"geometry":{"type":"Polygon","coordinates":[[[-103.358592,25.563363],[-103.358725,25.563563],[-103.358829,25.563506],[-103.358697,25.563306],[-103.358592,25.563363]]]}},{"type":"Feature","properties":{"capa":"lote","n":390,"m2":462,"frente":"calle","premio":"","ancho":17.9,"fondo":25.8,"arboles":0},"geometry":{"type":"Polygon","coordinates":[[[-103.358439,25.563446],[-103.358572,25.563646],[-103.358725,25.563563],[-103.358592,25.563363],[-103.358439,25.563446]]]}},{"type":"Feature","properties":{"capa":"lote","n":391,"m2":269,"frente":"calle","premio":"","ancho":10.4,"fondo":25.8,"arboles":1},"geometry":{"type":"Polygon","coordinates":[[[-103.358257,25.563546],[-103.358389,25.563745],[-103.358478,25.563697],[-103.358346,25.563497],[-103.358257,25.563546]]]}},{"type":"Feature","properties":{"capa":"lote","n":392,"m2":339,"frente":"calle","premio":"","ancho":13.1,"fondo":25.8,"arboles":1},"geometry":{"type":"Polygon","coordinates":[[[-103.358145,25.563607],[-103.358277,25.563806],[-103.358389,25.563745],[-103.358257,25.563546],[-103.358145,25.563607]]]}},{"type":"Feature","properties":{"capa":"lote","n":393,"m2":339,"frente":"calle","premio":"","ancho":13.1,"fondo":25.8,"arboles":1},"geometry":{"type":"Polygon","coordinates":[[[-103.358032,25.563668],[-103.358165,25.563868],[-103.358277,25.563806],[-103.358145,25.563607],[-103.358032,25.563668]]]}},{"type":"Feature","properties":{"capa":"lote","n":394,"m2":339,"frente":"calle","premio":"","ancho":13.1,"fondo":25.8,"arboles":3},"geometry":{"type":"Polygon","coordinates":[[[-103.35792,25.563729],[-103.358053,25.563929],[-103.358165,25.563868],[-103.358032,25.563668],[-103.35792,25.563729]]]}},{"type":"Feature","properties":{"capa":"lote","n":395,"m2":339,"frente":"calle","premio":"","ancho":13.1,"fondo":25.8,"arboles":2},"geometry":{"type":"Polygon","coordinates":[[[-103.357808,25.56379],[-103.35794,25.56399],[-103.358053,25.563929],[-103.35792,25.563729],[-103.357808,25.56379]]]}},{"type":"Feature","properties":{"capa":"lote","n":396,"m2":339,"frente":"calle","premio":"","ancho":13.1,"fondo":25.8,"arboles":1},"geometry":{"type":"Polygon","coordinates":[[[-103.357696,25.563851],[-103.357828,25.564051],[-103.35794,25.56399],[-103.357808,25.56379],[-103.357696,25.563851]]]}},{"type":"Feature","properties":{"capa":"lote","n":397,"m2":337,"frente":"calle","premio":"","ancho":13.1,"fondo":25.8,"arboles":2},"geometry":{"type":"Polygon","coordinates":[[[-103.357598,25.563934],[-103.357599,25.563904],[-103.357696,25.563851],[-103.357828,25.564051],[-103.357716,25.564112],[-103.357598,25.563934]]]}},{"type":"Feature","properties":{"capa":"lote","n":398,"m2":415,"frente":"calle","premio":"","ancho":16.4,"fondo":25.3,"arboles":5},"geometry":{"type":"Polygon","coordinates":[[[-103.367958,25.558647],[-103.368088,25.558843],[-103.368228,25.558767],[-103.368098,25.558571],[-103.367958,25.558647]]]}},{"type":"Feature","properties":{"capa":"lote","n":399,"m2":323,"frente":"calle","premio":"","ancho":12.8,"fondo":25.3,"arboles":2},"geometry":{"type":"Polygon","coordinates":[[[-103.367849,25.558707],[-103.367979,25.558903],[-103.368088,25.558843],[-103.367958,25.558647],[-103.367849,25.558707]]]}},{"type":"Feature","properties":{"capa":"lote","n":400,"m2":323,"frente":"calle","premio":"","ancho":12.8,"fondo":25.3,"arboles":1},"geometry":{"type":"Polygon","coordinates":[[[-103.36774,25.558766],[-103.36787,25.558962],[-103.367979,25.558903],[-103.367849,25.558707],[-103.36774,25.558766]]]}},{"type":"Feature","properties":{"capa":"lote","n":401,"m2":323,"frente":"calle","premio":"","ancho":12.8,"fondo":25.3,"arboles":1},"geometry":{"type":"Polygon","coordinates":[[[-103.367631,25.558825],[-103.367761,25.559021],[-103.36787,25.558962],[-103.36774,25.558766],[-103.367631,25.558825]]]}},{"type":"Feature","properties":{"capa":"lote","n":402,"m2":323,"frente":"calle","premio":"","ancho":12.8,"fondo":25.3,"arboles":0},"geometry":{"type":"Polygon","coordinates":[[[-103.367522,25.558884],[-103.367652,25.55908],[-103.367761,25.559021],[-103.367631,25.558825],[-103.367522,25.558884]]]}},{"type":"Feature","properties":{"capa":"lote","n":403,"m2":323,"frente":"calle","premio":"","ancho":12.8,"fondo":25.3,"arboles":3},"geometry":{"type":"Polygon","coordinates":[[[-103.367414,25.558944],[-103.367543,25.55914],[-103.367652,25.55908],[-103.367522,25.558884],[-103.367414,25.558944]]]}},{"type":"Feature","properties":{"capa":"lote","n":404,"m2":323,"frente":"calle","premio":"","ancho":12.8,"fondo":25.3,"arboles":3},"geometry":{"type":"Polygon","coordinates":[[[-103.367305,25.559003],[-103.367435,25.559199],[-103.367543,25.55914],[-103.367414,25.558944],[-103.367305,25.559003]]]}},{"type":"Feature","properties":{"capa":"lote","n":405,"m2":323,"frente":"calle","premio":"","ancho":12.8,"fondo":25.3,"arboles":3},"geometry":{"type":"Polygon","coordinates":[[[-103.367196,25.559062],[-103.367326,25.559258],[-103.367435,25.559199],[-103.367305,25.559003],[-103.367196,25.559062]]]}},{"type":"Feature","properties":{"capa":"lote","n":406,"m2":323,"frente":"calle","premio":"","ancho":12.8,"fondo":25.3,"arboles":3},"geometry":{"type":"Polygon","coordinates":[[[-103.367087,25.559122],[-103.367217,25.559318],[-103.367326,25.559258],[-103.367196,25.559062],[-103.367087,25.559122]]]}},{"type":"Feature","properties":{"capa":"lote","n":407,"m2":323,"frente":"calle","premio":"","ancho":12.8,"fondo":25.3,"arboles":3},"geometry":{"type":"Polygon","coordinates":[[[-103.366978,25.559181],[-103.367108,25.559377],[-103.367217,25.559318],[-103.367087,25.559122],[-103.366978,25.559181]]]}},{"type":"Feature","properties":{"capa":"lote","n":408,"m2":323,"frente":"calle","premio":"","ancho":12.8,"fondo":25.3,"arboles":2},"geometry":{"type":"Polygon","coordinates":[[[-103.366869,25.55924],[-103.366999,25.559436],[-103.367108,25.559377],[-103.366978,25.559181],[-103.366869,25.55924]]]}},{"type":"Feature","properties":{"capa":"lote","n":409,"m2":203,"frente":"calle","premio":"","ancho":8.0,"fondo":25.3,"arboles":1},"geometry":{"type":"Polygon","coordinates":[[[-103.366801,25.559278],[-103.366931,25.559474],[-103.366999,25.559436],[-103.366869,25.55924],[-103.366801,25.559278]]]}},{"type":"Feature","properties":{"capa":"lote","n":410,"m2":441,"frente":"calle","premio":"","ancho":17.4,"fondo":25.3,"arboles":0},"geometry":{"type":"Polygon","coordinates":[[[-103.366559,25.55941],[-103.366689,25.559606],[-103.366837,25.559525],[-103.366707,25.559329],[-103.366559,25.55941]]]}},{"type":"Feature","properties":{"capa":"lote","n":411,"m2":315,"frente":"calle","premio":"","ancho":12.4,"fondo":25.3,"arboles":1},"geometry":{"type":"Polygon","coordinates":[[[-103.366453,25.559467],[-103.366583,25.559663],[-103.366689,25.559606],[-103.366559,25.55941],[-103.366453,25.559467]]]}},{"type":"Feature","properties":{"capa":"lote","n":412,"m2":315,"frente":"calle","premio":"","ancho":12.4,"fondo":25.3,"arboles":0},"geometry":{"type":"Polygon","coordinates":[[[-103.366347,25.559525],[-103.366477,25.559721],[-103.366583,25.559663],[-103.366453,25.559467],[-103.366347,25.559525]]]}},{"type":"Feature","properties":{"capa":"lote","n":413,"m2":315,"frente":"calle","premio":"","ancho":12.4,"fondo":25.3,"arboles":3},"geometry":{"type":"Polygon","coordinates":[[[-103.366241,25.559583],[-103.366371,25.559779],[-103.366477,25.559721],[-103.366347,25.559525],[-103.366241,25.559583]]]}},{"type":"Feature","properties":{"capa":"lote","n":414,"m2":315,"frente":"calle","premio":"","ancho":12.4,"fondo":25.3,"arboles":0},"geometry":{"type":"Polygon","coordinates":[[[-103.366135,25.559641],[-103.366265,25.559837],[-103.366371,25.559779],[-103.366241,25.559583],[-103.366135,25.559641]]]}},{"type":"Feature","properties":{"capa":"lote","n":415,"m2":315,"frente":"calle","premio":"","ancho":12.4,"fondo":25.3,"arboles":2},"geometry":{"type":"Polygon","coordinates":[[[-103.366029,25.559698],[-103.366159,25.559894],[-103.366265,25.559837],[-103.366135,25.559641],[-103.366029,25.559698]]]}},{"type":"Feature","properties":{"capa":"lote","n":416,"m2":315,"frente":"calle","premio":"","ancho":12.4,"fondo":25.3,"arboles":2},"geometry":{"type":"Polygon","coordinates":[[[-103.365923,25.559756],[-103.366053,25.559952],[-103.366159,25.559894],[-103.366029,25.559698],[-103.365923,25.559756]]]}},{"type":"Feature","properties":{"capa":"lote","n":417,"m2":315,"frente":"calle","premio":"","ancho":12.4,"fondo":25.3,"arboles":1},"geometry":{"type":"Polygon","coordinates":[[[-103.365817,25.559814],[-103.365947,25.56001],[-103.366053,25.559952],[-103.365923,25.559756],[-103.365817,25.559814]]]}},{"type":"Feature","properties":{"capa":"lote","n":418,"m2":315,"frente":"calle","premio":"","ancho":12.4,"fondo":25.3,"arboles":3},"geometry":{"type":"Polygon","coordinates":[[[-103.365711,25.559871],[-103.365841,25.560067],[-103.365947,25.56001],[-103.365817,25.559814],[-103.365711,25.559871]]]}},{"type":"Feature","properties":{"capa":"lote","n":419,"m2":315,"frente":"calle","premio":"","ancho":12.4,"fondo":25.3,"arboles":3},"geometry":{"type":"Polygon","coordinates":[[[-103.365605,25.559929],[-103.365735,25.560125],[-103.365841,25.560067],[-103.365711,25.559871],[-103.365605,25.559929]]]}},{"type":"Feature","properties":{"capa":"lote","n":420,"m2":315,"frente":"calle","premio":"","ancho":12.4,"fondo":25.3,"arboles":2},"geometry":{"type":"Polygon","coordinates":[[[-103.365499,25.559987],[-103.365629,25.560183],[-103.365735,25.560125],[-103.365605,25.559929],[-103.365499,25.559987]]]}},{"type":"Feature","properties":{"capa":"lote","n":421,"m2":340,"frente":"calle","premio":"","ancho":13.4,"fondo":25.3,"arboles":2},"geometry":{"type":"Polygon","coordinates":[[[-103.365385,25.560049],[-103.365515,25.560245],[-103.365629,25.560183],[-103.365499,25.559987],[-103.365385,25.560049]]]}},{"type":"Feature","properties":{"capa":"lote","n":422,"m2":415,"frente":"calle","premio":"","ancho":16.4,"fondo":25.3,"arboles":4},"geometry":{"type":"Polygon","coordinates":[[[-103.365151,25.560177],[-103.365281,25.560373],[-103.365421,25.560296],[-103.365291,25.5601],[-103.365151,25.560177]]]}},{"type":"Feature","properties":{"capa":"lote","n":423,"m2":303,"frente":"calle","premio":"","ancho":12.0,"fondo":25.3,"arboles":2},"geometry":{"type":"Polygon","coordinates":[[[-103.365049,25.560232],[-103.365179,25.560428],[-103.365281,25.560373],[-103.365151,25.560177],[-103.365049,25.560232]]]}},{"type":"Feature","properties":{"capa":"lote","n":424,"m2":303,"frente":"calle","premio":"","ancho":12.0,"fondo":25.3,"arboles":2},"geometry":{"type":"Polygon","coordinates":[[[-103.364947,25.560288],[-103.365077,25.560484],[-103.365179,25.560428],[-103.365049,25.560232],[-103.364947,25.560288]]]}},{"type":"Feature","properties":{"capa":"lote","n":425,"m2":303,"frente":"calle","premio":"","ancho":12.0,"fondo":25.3,"arboles":3},"geometry":{"type":"Polygon","coordinates":[[[-103.364845,25.560343],[-103.364975,25.560539],[-103.365077,25.560484],[-103.364947,25.560288],[-103.364845,25.560343]]]}},{"type":"Feature","properties":{"capa":"lote","n":426,"m2":303,"frente":"calle","premio":"","ancho":12.0,"fondo":25.3,"arboles":2},"geometry":{"type":"Polygon","coordinates":[[[-103.364743,25.560399],[-103.364873,25.560595],[-103.364975,25.560539],[-103.364845,25.560343],[-103.364743,25.560399]]]}},{"type":"Feature","properties":{"capa":"lote","n":427,"m2":303,"frente":"calle","premio":"","ancho":12.0,"fondo":25.3,"arboles":2},"geometry":{"type":"Polygon","coordinates":[[[-103.364641,25.560455],[-103.364771,25.560651],[-103.364873,25.560595],[-103.364743,25.560399],[-103.364641,25.560455]]]}},{"type":"Feature","properties":{"capa":"lote","n":428,"m2":303,"frente":"calle","premio":"","ancho":12.0,"fondo":25.3,"arboles":2},"geometry":{"type":"Polygon","coordinates":[[[-103.364539,25.56051],[-103.364669,25.560706],[-103.364771,25.560651],[-103.364641,25.560455],[-103.364539,25.56051]]]}},{"type":"Feature","properties":{"capa":"lote","n":429,"m2":303,"frente":"calle","premio":"","ancho":12.0,"fondo":25.3,"arboles":1},"geometry":{"type":"Polygon","coordinates":[[[-103.364437,25.560566],[-103.364567,25.560762],[-103.364669,25.560706],[-103.364539,25.56051],[-103.364437,25.560566]]]}},{"type":"Feature","properties":{"capa":"lote","n":430,"m2":303,"frente":"calle","premio":"","ancho":12.0,"fondo":25.3,"arboles":1},"geometry":{"type":"Polygon","coordinates":[[[-103.364335,25.560621],[-103.364465,25.560817],[-103.364567,25.560762],[-103.364437,25.560566],[-103.364335,25.560621]]]}},{"type":"Feature","properties":{"capa":"lote","n":431,"m2":303,"frente":"calle","premio":"","ancho":12.0,"fondo":25.3,"arboles":1},"geometry":{"type":"Polygon","coordinates":[[[-103.364233,25.560677],[-103.364363,25.560873],[-103.364465,25.560817],[-103.364335,25.560621],[-103.364233,25.560677]]]}},{"type":"Feature","properties":{"capa":"lote","n":432,"m2":303,"frente":"calle","premio":"","ancho":12.0,"fondo":25.3,"arboles":2},"geometry":{"type":"Polygon","coordinates":[[[-103.364131,25.560733],[-103.364261,25.560929],[-103.364363,25.560873],[-103.364233,25.560677],[-103.364131,25.560733]]]}},{"type":"Feature","properties":{"capa":"lote","n":433,"m2":279,"frente":"calle","premio":"parque","ancho":11.0,"fondo":25.3,"arboles":1},"geometry":{"type":"Polygon","coordinates":[[[-103.364037,25.560784],[-103.364167,25.56098],[-103.364261,25.560929],[-103.364131,25.560733],[-103.364037,25.560784]]]}},{"type":"Feature","properties":{"capa":"lote","n":434,"m2":307,"frente":"calle","premio":"parque","ancho":12.1,"fondo":25.3,"arboles":3},"geometry":{"type":"Polygon","coordinates":[[[-103.362475,25.561635],[-103.362604,25.561831],[-103.362708,25.561775],[-103.362578,25.561579],[-103.362475,25.561635]]]}},{"type":"Feature","properties":{"capa":"lote","n":435,"m2":329,"frente":"calle","premio":"","ancho":13.0,"fondo":25.3,"arboles":1},"geometry":{"type":"Polygon","coordinates":[[[-103.362364,25.561696],[-103.362493,25.561892],[-103.362604,25.561831],[-103.362475,25.561635],[-103.362364,25.561696]]]}},{"type":"Feature","properties":{"capa":"lote","n":436,"m2":329,"frente":"calle","premio":"","ancho":13.0,"fondo":25.3,"arboles":2},"geometry":{"type":"Polygon","coordinates":[[[-103.362253,25.561756],[-103.362383,25.561952],[-103.362493,25.561892],[-103.362364,25.561696],[-103.362253,25.561756]]]}},{"type":"Feature","properties":{"capa":"lote","n":437,"m2":329,"frente":"calle","premio":"","ancho":13.0,"fondo":25.3,"arboles":1},"geometry":{"type":"Polygon","coordinates":[[[-103.362142,25.561816],[-103.362272,25.562012],[-103.362383,25.561952],[-103.362253,25.561756],[-103.362142,25.561816]]]}},{"type":"Feature","properties":{"capa":"lote","n":438,"m2":329,"frente":"calle","premio":"","ancho":13.0,"fondo":25.3,"arboles":1},"geometry":{"type":"Polygon","coordinates":[[[-103.362031,25.561877],[-103.362161,25.562073],[-103.362272,25.562012],[-103.362142,25.561816],[-103.362031,25.561877]]]}},{"type":"Feature","properties":{"capa":"lote","n":439,"m2":329,"frente":"calle","premio":"","ancho":13.0,"fondo":25.3,"arboles":1},"geometry":{"type":"Polygon","coordinates":[[[-103.36192,25.561937],[-103.36205,25.562133],[-103.362161,25.562073],[-103.362031,25.561877],[-103.36192,25.561937]]]}},{"type":"Feature","properties":{"capa":"lote","n":440,"m2":329,"frente":"calle","premio":"","ancho":13.0,"fondo":25.3,"arboles":2},"geometry":{"type":"Polygon","coordinates":[[[-103.361809,25.561998],[-103.361939,25.562194],[-103.36205,25.562133],[-103.36192,25.561937],[-103.361809,25.561998]]]}},{"type":"Feature","properties":{"capa":"lote","n":441,"m2":329,"frente":"calle","premio":"","ancho":13.0,"fondo":25.3,"arboles":2},"geometry":{"type":"Polygon","coordinates":[[[-103.361698,25.562058],[-103.361828,25.562254],[-103.361939,25.562194],[-103.361809,25.561998],[-103.361698,25.562058]]]}},{"type":"Feature","properties":{"capa":"lote","n":442,"m2":329,"frente":"calle","premio":"","ancho":13.0,"fondo":25.3,"arboles":3},"geometry":{"type":"Polygon","coordinates":[[[-103.361587,25.562119],[-103.361717,25.562315],[-103.361828,25.562254],[-103.361698,25.562058],[-103.361587,25.562119]]]}},{"type":"Feature","properties":{"capa":"lote","n":443,"m2":329,"frente":"calle","premio":"","ancho":13.0,"fondo":25.3,"arboles":3},"geometry":{"type":"Polygon","coordinates":[[[-103.361476,25.562179],[-103.361606,25.562375],[-103.361717,25.562315],[-103.361587,25.562119],[-103.361476,25.562179]]]}},{"type":"Feature","properties":{"capa":"lote","n":444,"m2":326,"frente":"calle","premio":"","ancho":12.9,"fondo":25.3,"arboles":4},"geometry":{"type":"Polygon","coordinates":[[[-103.361367,25.562239],[-103.361496,25.562435],[-103.361606,25.562375],[-103.361476,25.562179],[-103.361367,25.562239]]]}},{"type":"Feature","properties":{"capa":"lote","n":445,"m2":361,"frente":"calle","premio":"","ancho":14.3,"fondo":25.3,"arboles":2},"geometry":{"type":"Polygon","coordinates":[[[-103.361151,25.562356],[-103.361281,25.562552],[-103.361403,25.562486],[-103.361273,25.56229],[-103.361151,25.562356]]]}},{"type":"Feature","properties":{"capa":"lote","n":446,"m2":327,"frente":"calle","premio":"","ancho":12.9,"fondo":25.3,"arboles":1},"geometry":{"type":"Polygon","coordinates":[[[-103.361041,25.562416],[-103.361171,25.562612],[-103.361281,25.562552],[-103.361151,25.562356],[-103.361041,25.562416]]]}},{"type":"Feature","properties":{"capa":"lote","n":447,"m2":327,"frente":"calle","premio":"","ancho":12.9,"fondo":25.3,"arboles":1},"geometry":{"type":"Polygon","coordinates":[[[-103.360931,25.562476],[-103.361061,25.562672],[-103.361171,25.562612],[-103.361041,25.562416],[-103.360931,25.562476]]]}},{"type":"Feature","properties":{"capa":"lote","n":448,"m2":327,"frente":"calle","premio":"","ancho":12.9,"fondo":25.3,"arboles":1},"geometry":{"type":"Polygon","coordinates":[[[-103.360821,25.562536],[-103.360951,25.562732],[-103.361061,25.562672],[-103.360931,25.562476],[-103.360821,25.562536]]]}},{"type":"Feature","properties":{"capa":"lote","n":449,"m2":327,"frente":"calle","premio":"","ancho":12.9,"fondo":25.3,"arboles":1},"geometry":{"type":"Polygon","coordinates":[[[-103.360711,25.562596],[-103.360841,25.562792],[-103.360951,25.562732],[-103.360821,25.562536],[-103.360711,25.562596]]]}},{"type":"Feature","properties":{"capa":"lote","n":450,"m2":327,"frente":"calle","premio":"","ancho":12.9,"fondo":25.3,"arboles":1},"geometry":{"type":"Polygon","coordinates":[[[-103.360601,25.562656],[-103.360731,25.562852],[-103.360841,25.562792],[-103.360711,25.562596],[-103.360601,25.562656]]]}},{"type":"Feature","properties":{"capa":"lote","n":451,"m2":327,"frente":"calle","premio":"","ancho":12.9,"fondo":25.3,"arboles":2},"geometry":{"type":"Polygon","coordinates":[[[-103.360491,25.562716],[-103.360621,25.562912],[-103.360731,25.562852],[-103.360601,25.562656],[-103.360491,25.562716]]]}},{"type":"Feature","properties":{"capa":"lote","n":452,"m2":327,"frente":"calle","premio":"","ancho":12.9,"fondo":25.3,"arboles":3},"geometry":{"type":"Polygon","coordinates":[[[-103.360381,25.562776],[-103.360511,25.562972],[-103.360621,25.562912],[-103.360491,25.562716],[-103.360381,25.562776]]]}},{"type":"Feature","properties":{"capa":"lote","n":453,"m2":327,"frente":"calle","premio":"","ancho":12.9,"fondo":25.3,"arboles":4},"geometry":{"type":"Polygon","coordinates":[[[-103.360271,25.562836],[-103.360401,25.563032],[-103.360511,25.562972],[-103.360381,25.562776],[-103.360271,25.562836]]]}},{"type":"Feature","properties":{"capa":"lote","n":454,"m2":327,"frente":"calle","premio":"","ancho":12.9,"fondo":25.3,"arboles":2},"geometry":{"type":"Polygon","coordinates":[[[-103.360161,25.562896],[-103.360291,25.563092],[-103.360401,25.563032],[-103.360271,25.562836],[-103.360161,25.562896]]]}},{"type":"Feature","properties":{"capa":"lote","n":455,"m2":320,"frente":"calle","premio":"","ancho":12.6,"fondo":25.3,"arboles":2},"geometry":{"type":"Polygon","coordinates":[[[-103.360053,25.562955],[-103.360183,25.563151],[-103.360291,25.563092],[-103.360161,25.562896],[-103.360053,25.562955]]]}},{"type":"Feature","properties":{"capa":"lote","n":456,"m2":338,"frente":"calle","premio":"","ancho":13.3,"fondo":25.3,"arboles":2},"geometry":{"type":"Polygon","coordinates":[[[-103.359845,25.563068],[-103.359975,25.563264],[-103.360089,25.563202],[-103.359959,25.563006],[-103.359845,25.563068]]]}},{"type":"Feature","properties":{"capa":"lote","n":457,"m2":324,"frente":"calle","premio":"","ancho":12.8,"fondo":25.3,"arboles":1},"geometry":{"type":"Polygon","coordinates":[[[-103.359736,25.563127],[-103.359866,25.563323],[-103.359975,25.563264],[-103.359845,25.563068],[-103.359736,25.563127]]]}},{"type":"Feature","properties":{"capa":"lote","n":458,"m2":324,"frente":"calle","premio":"","ancho":12.8,"fondo":25.3,"arboles":3},"geometry":{"type":"Polygon","coordinates":[[[-103.359627,25.563187],[-103.359757,25.563383],[-103.359866,25.563323],[-103.359736,25.563127],[-103.359627,25.563187]]]}},{"type":"Feature","properties":{"capa":"lote","n":459,"m2":324,"frente":"calle","premio":"","ancho":12.8,"fondo":25.3,"arboles":2},"geometry":{"type":"Polygon","coordinates":[[[-103.359518,25.563246],[-103.359647,25.563442],[-103.359757,25.563383],[-103.359627,25.563187],[-103.359518,25.563246]]]}},{"type":"Feature","properties":{"capa":"lote","n":460,"m2":324,"frente":"calle","premio":"","ancho":12.8,"fondo":25.3,"arboles":3},"geometry":{"type":"Polygon","coordinates":[[[-103.359408,25.563306],[-103.359538,25.563502],[-103.359647,25.563442],[-103.359518,25.563246],[-103.359408,25.563306]]]}},{"type":"Feature","properties":{"capa":"lote","n":461,"m2":324,"frente":"calle","premio":"","ancho":12.8,"fondo":25.3,"arboles":2},"geometry":{"type":"Polygon","coordinates":[[[-103.359299,25.563365],[-103.359429,25.563561],[-103.359538,25.563502],[-103.359408,25.563306],[-103.359299,25.563365]]]}},{"type":"Feature","properties":{"capa":"lote","n":462,"m2":324,"frente":"calle","premio":"","ancho":12.8,"fondo":25.3,"arboles":2},"geometry":{"type":"Polygon","coordinates":[[[-103.35919,25.563425],[-103.35932,25.563621],[-103.359429,25.563561],[-103.359299,25.563365],[-103.35919,25.563425]]]}},{"type":"Feature","properties":{"capa":"lote","n":463,"m2":324,"frente":"calle","premio":"","ancho":12.8,"fondo":25.3,"arboles":3},"geometry":{"type":"Polygon","coordinates":[[[-103.359081,25.563484],[-103.359211,25.56368],[-103.35932,25.563621],[-103.35919,25.563425],[-103.359081,25.563484]]]}},{"type":"Feature","properties":{"capa":"lote","n":464,"m2":324,"frente":"calle","premio":"","ancho":12.8,"fondo":25.3,"arboles":3},"geometry":{"type":"Polygon","coordinates":[[[-103.358972,25.563544],[-103.359101,25.56374],[-103.359211,25.56368],[-103.359081,25.563484],[-103.358972,25.563544]]]}},{"type":"Feature","properties":{"capa":"lote","n":465,"m2":324,"frente":"calle","premio":"","ancho":12.8,"fondo":25.3,"arboles":3},"geometry":{"type":"Polygon","coordinates":[[[-103.358862,25.563603],[-103.358992,25.563799],[-103.359101,25.56374],[-103.358972,25.563544],[-103.358862,25.563603]]]}},{"type":"Feature","properties":{"capa":"lote","n":466,"m2":324,"frente":"calle","premio":"","ancho":12.8,"fondo":25.3,"arboles":2},"geometry":{"type":"Polygon","coordinates":[[[-103.358753,25.563663],[-103.358883,25.563859],[-103.358992,25.563799],[-103.358862,25.563603],[-103.358753,25.563663]]]}},{"type":"Feature","properties":{"capa":"lote","n":467,"m2":371,"frente":"calle","premio":"","ancho":14.7,"fondo":25.3,"arboles":2},"geometry":{"type":"Polygon","coordinates":[[[-103.358628,25.563731],[-103.358758,25.563927],[-103.358883,25.563859],[-103.358753,25.563663],[-103.358628,25.563731]]]}},{"type":"Feature","properties":{"capa":"lote","n":468,"m2":309,"frente":"calle","premio":"","ancho":12.2,"fondo":25.3,"arboles":1},"geometry":{"type":"Polygon","coordinates":[[[-103.35843,25.563839],[-103.35856,25.564035],[-103.358664,25.563978],[-103.358534,25.563782],[-103.35843,25.563839]]]}},{"type":"Feature","properties":{"capa":"lote","n":469,"m2":320,"frente":"calle","premio":"","ancho":12.6,"fondo":25.3,"arboles":2},"geometry":{"type":"Polygon","coordinates":[[[-103.358322,25.563897],[-103.358452,25.564093],[-103.35856,25.564035],[-103.35843,25.563839],[-103.358322,25.563897]]]}},{"type":"Feature","properties":{"capa":"lote","n":470,"m2":320,"frente":"calle","premio":"","ancho":12.6,"fondo":25.3,"arboles":2},"geometry":{"type":"Polygon","coordinates":[[[-103.358215,25.563956],[-103.358345,25.564152],[-103.358452,25.564093],[-103.358322,25.563897],[-103.358215,25.563956]]]}},{"type":"Feature","properties":{"capa":"lote","n":471,"m2":320,"frente":"calle","premio":"","ancho":12.6,"fondo":25.3,"arboles":2},"geometry":{"type":"Polygon","coordinates":[[[-103.358107,25.564015],[-103.358237,25.564211],[-103.358345,25.564152],[-103.358215,25.563956],[-103.358107,25.564015]]]}},{"type":"Feature","properties":{"capa":"lote","n":472,"m2":320,"frente":"calle","premio":"","ancho":12.6,"fondo":25.3,"arboles":1},"geometry":{"type":"Polygon","coordinates":[[[-103.357999,25.564073],[-103.358129,25.564269],[-103.358237,25.564211],[-103.358107,25.564015],[-103.357999,25.564073]]]}},{"type":"Feature","properties":{"capa":"lote","n":473,"m2":320,"frente":"calle","premio":"","ancho":12.6,"fondo":25.3,"arboles":3},"geometry":{"type":"Polygon","coordinates":[[[-103.357892,25.564132],[-103.358022,25.564328],[-103.358129,25.564269],[-103.357999,25.564073],[-103.357892,25.564132]]]}},{"type":"Feature","properties":{"capa":"lote","n":474,"m2":320,"frente":"calle","premio":"","ancho":12.6,"fondo":25.3,"arboles":2},"geometry":{"type":"Polygon","coordinates":[[[-103.357784,25.564191],[-103.357914,25.564387],[-103.358022,25.564328],[-103.357892,25.564132],[-103.357784,25.564191]]]}},{"type":"Feature","properties":{"capa":"lote","n":475,"m2":320,"frente":"calle","premio":"","ancho":12.6,"fondo":25.3,"arboles":3},"geometry":{"type":"Polygon","coordinates":[[[-103.357676,25.564249],[-103.357806,25.564445],[-103.357914,25.564387],[-103.357784,25.564191],[-103.357676,25.564249]]]}},{"type":"Feature","properties":{"capa":"lote","n":476,"m2":316,"frente":"calle","premio":"","ancho":12.6,"fondo":25.3,"arboles":4},"geometry":{"type":"Polygon","coordinates":[[[-103.357806,25.564445],[-103.357699,25.564504],[-103.357587,25.564336],[-103.357588,25.564297],[-103.357676,25.564249],[-103.357806,25.564445]]]}},{"type":"Feature","properties":{"capa":"lote","n":477,"m2":299,"frente":"bulevar","premio":"bulevar","ancho":11.8,"fondo":25.3,"arboles":1},"geometry":{"type":"Polygon","coordinates":[[[-103.368321,25.558716],[-103.368451,25.558912],[-103.368552,25.558857],[-103.368422,25.558661],[-103.368321,25.558716]]]}},{"type":"Feature","properties":{"capa":"lote","n":478,"m2":470,"frente":"bulevar","premio":"bulevar","ancho":18.5,"fondo":25.3,"arboles":4},"geometry":{"type":"Polygon","coordinates":[[[-103.368069,25.558853],[-103.368199,25.559049],[-103.368357,25.558963],[-103.368228,25.558767],[-103.368069,25.558853]]]}},{"type":"Feature","properties":{"capa":"lote","n":479,"m2":315,"frente":"bulevar","premio":"bulevar","ancho":12.4,"fondo":25.3,"arboles":1},"geometry":{"type":"Polygon","coordinates":[[[-103.367963,25.558911],[-103.368093,25.559107],[-103.368199,25.559049],[-103.368069,25.558853],[-103.367963,25.558911]]]}},{"type":"Feature","properties":{"capa":"lote","n":480,"m2":315,"frente":"bulevar","premio":"bulevar","ancho":12.4,"fondo":25.3,"arboles":2},"geometry":{"type":"Polygon","coordinates":[[[-103.367857,25.558969],[-103.367987,25.559165],[-103.368093,25.559107],[-103.367963,25.558911],[-103.367857,25.558969]]]}},{"type":"Feature","properties":{"capa":"lote","n":481,"m2":315,"frente":"bulevar","premio":"bulevar","ancho":12.4,"fondo":25.3,"arboles":1},"geometry":{"type":"Polygon","coordinates":[[[-103.367751,25.559027],[-103.367881,25.559223],[-103.367987,25.559165],[-103.367857,25.558969],[-103.367751,25.559027]]]}},{"type":"Feature","properties":{"capa":"lote","n":482,"m2":315,"frente":"bulevar","premio":"bulevar","ancho":12.4,"fondo":25.3,"arboles":3},"geometry":{"type":"Polygon","coordinates":[[[-103.367645,25.559085],[-103.367775,25.559281],[-103.367881,25.559223],[-103.367751,25.559027],[-103.367645,25.559085]]]}},{"type":"Feature","properties":{"capa":"lote","n":483,"m2":315,"frente":"bulevar","premio":"bulevar","ancho":12.4,"fondo":25.3,"arboles":2},"geometry":{"type":"Polygon","coordinates":[[[-103.367539,25.559142],[-103.367669,25.559338],[-103.367775,25.559281],[-103.367645,25.559085],[-103.367539,25.559142]]]}},{"type":"Feature","properties":{"capa":"lote","n":484,"m2":315,"frente":"bulevar","premio":"bulevar","ancho":12.4,"fondo":25.3,"arboles":3},"geometry":{"type":"Polygon","coordinates":[[[-103.367433,25.5592],[-103.367562,25.559396],[-103.367669,25.559338],[-103.367539,25.559142],[-103.367433,25.5592]]]}},{"type":"Feature","properties":{"capa":"lote","n":485,"m2":315,"frente":"bulevar","premio":"bulevar","ancho":12.4,"fondo":25.3,"arboles":1},"geometry":{"type":"Polygon","coordinates":[[[-103.367326,25.559258],[-103.367456,25.559454],[-103.367562,25.559396],[-103.367433,25.5592],[-103.367326,25.559258]]]}},{"type":"Feature","properties":{"capa":"lote","n":486,"m2":315,"frente":"bulevar","premio":"bulevar","ancho":12.4,"fondo":25.3,"arboles":3},"geometry":{"type":"Polygon","coordinates":[[[-103.36722,25.559316],[-103.36735,25.559512],[-103.367456,25.559454],[-103.367326,25.559258],[-103.36722,25.559316]]]}},{"type":"Feature","properties":{"capa":"lote","n":487,"m2":315,"frente":"bulevar","premio":"bulevar","ancho":12.4,"fondo":25.3,"arboles":3},"geometry":{"type":"Polygon","coordinates":[[[-103.367114,25.559374],[-103.367244,25.55957],[-103.36735,25.559512],[-103.36722,25.559316],[-103.367114,25.559374]]]}},{"type":"Feature","properties":{"capa":"lote","n":488,"m2":315,"frente":"bulevar","premio":"bulevar","ancho":12.4,"fondo":25.3,"arboles":1},"geometry":{"type":"Polygon","coordinates":[[[-103.367008,25.559432],[-103.367138,25.559628],[-103.367244,25.55957],[-103.367114,25.559374],[-103.367008,25.559432]]]}},{"type":"Feature","properties":{"capa":"lote","n":489,"m2":229,"frente":"bulevar","premio":"bulevar","ancho":9.1,"fondo":25.3,"arboles":2},"geometry":{"type":"Polygon","coordinates":[[[-103.366931,25.559474],[-103.367061,25.55967],[-103.367138,25.559628],[-103.367008,25.559432],[-103.366931,25.559474]]]}},{"type":"Feature","properties":{"capa":"lote","n":490,"m2":393,"frente":"bulevar","premio":"bulevar","ancho":15.5,"fondo":25.3,"arboles":2},"geometry":{"type":"Polygon","coordinates":[[[-103.366705,25.559597],[-103.366834,25.559793],[-103.366967,25.559721],[-103.366837,25.559525],[-103.366705,25.559597]]]}},{"type":"Feature","properties":{"capa":"lote","n":491,"m2":320,"frente":"bulevar","premio":"bulevar","ancho":12.6,"fondo":25.3,"arboles":1},"geometry":{"type":"Polygon","coordinates":[[[-103.366597,25.559656],[-103.366727,25.559852],[-103.366834,25.559793],[-103.366705,25.559597],[-103.366597,25.559656]]]}},{"type":"Feature","properties":{"capa":"lote","n":492,"m2":320,"frente":"bulevar","premio":"bulevar","ancho":12.6,"fondo":25.3,"arboles":2},"geometry":{"type":"Polygon","coordinates":[[[-103.366489,25.559714],[-103.366619,25.55991],[-103.366727,25.559852],[-103.366597,25.559656],[-103.366489,25.559714]]]}},{"type":"Feature","properties":{"capa":"lote","n":493,"m2":320,"frente":"bulevar","premio":"bulevar","ancho":12.6,"fondo":25.3,"arboles":2},"geometry":{"type":"Polygon","coordinates":[[[-103.366381,25.559773],[-103.366511,25.559969],[-103.366619,25.55991],[-103.366489,25.559714],[-103.366381,25.559773]]]}},{"type":"Feature","properties":{"capa":"lote","n":494,"m2":320,"frente":"bulevar","premio":"bulevar","ancho":12.6,"fondo":25.3,"arboles":0},"geometry":{"type":"Polygon","coordinates":[[[-103.366273,25.559832],[-103.366403,25.560028],[-103.366511,25.559969],[-103.366381,25.559773],[-103.366273,25.559832]]]}},{"type":"Feature","properties":{"capa":"lote","n":495,"m2":320,"frente":"bulevar","premio":"bulevar","ancho":12.6,"fondo":25.3,"arboles":4},"geometry":{"type":"Polygon","coordinates":[[[-103.366165,25.559891],[-103.366295,25.560087],[-103.366403,25.560028],[-103.366273,25.559832],[-103.366165,25.559891]]]}},{"type":"Feature","properties":{"capa":"lote","n":496,"m2":320,"frente":"bulevar","premio":"bulevar","ancho":12.6,"fondo":25.3,"arboles":3},"geometry":{"type":"Polygon","coordinates":[[[-103.366058,25.559949],[-103.366187,25.560145],[-103.366295,25.560087],[-103.366165,25.559891],[-103.366058,25.559949]]]}},{"type":"Feature","properties":{"capa":"lote","n":497,"m2":320,"frente":"bulevar","premio":"bulevar","ancho":12.6,"fondo":25.3,"arboles":2},"geometry":{"type":"Polygon","coordinates":[[[-103.36595,25.560008],[-103.36608,25.560204],[-103.366187,25.560145],[-103.366058,25.559949],[-103.36595,25.560008]]]}},{"type":"Feature","properties":{"capa":"lote","n":498,"m2":320,"frente":"bulevar","premio":"bulevar","ancho":12.6,"fondo":25.3,"arboles":2},"geometry":{"type":"Polygon","coordinates":[[[-103.365842,25.560067],[-103.365972,25.560263],[-103.36608,25.560204],[-103.36595,25.560008],[-103.365842,25.560067]]]}},{"type":"Feature","properties":{"capa":"lote","n":499,"m2":320,"frente":"bulevar","premio":"bulevar","ancho":12.6,"fondo":25.3,"arboles":1},"geometry":{"type":"Polygon","coordinates":[[[-103.365734,25.560126],[-103.365864,25.560322],[-103.365972,25.560263],[-103.365842,25.560067],[-103.365734,25.560126]]]}},{"type":"Feature","properties":{"capa":"lote","n":500,"m2":320,"frente":"bulevar","premio":"bulevar","ancho":12.6,"fondo":25.3,"arboles":1},"geometry":{"type":"Polygon","coordinates":[[[-103.365626,25.560185],[-103.365756,25.560381],[-103.365864,25.560322],[-103.365734,25.560126],[-103.365626,25.560185]]]}},{"type":"Feature","properties":{"capa":"lote","n":501,"m2":331,"frente":"bulevar","premio":"bulevar","ancho":13.1,"fondo":25.3,"arboles":1},"geometry":{"type":"Polygon","coordinates":[[[-103.365515,25.560245],[-103.365645,25.560441],[-103.365756,25.560381],[-103.365626,25.560185],[-103.365515,25.560245]]]}},{"type":"Feature","properties":{"capa":"lote","n":502,"m2":365,"frente":"bulevar","premio":"bulevar","ancho":14.4,"fondo":25.3,"arboles":4},"geometry":{"type":"Polygon","coordinates":[[[-103.365298,25.560363],[-103.365428,25.560559],[-103.365551,25.560492],[-103.365421,25.560296],[-103.365298,25.560363]]]}},{"type":"Feature","properties":{"capa":"lote","n":503,"m2":337,"frente":"bulevar","premio":"bulevar","ancho":13.3,"fondo":25.3,"arboles":2},"geometry":{"type":"Polygon","coordinates":[[[-103.365184,25.560425],[-103.365314,25.560621],[-103.365428,25.560559],[-103.365298,25.560363],[-103.365184,25.560425]]]}},{"type":"Feature","properties":{"capa":"lote","n":504,"m2":337,"frente":"bulevar","premio":"bulevar","ancho":13.3,"fondo":25.3,"arboles":3},"geometry":{"type":"Polygon","coordinates":[[[-103.365071,25.560487],[-103.365201,25.560683],[-103.365314,25.560621],[-103.365184,25.560425],[-103.365071,25.560487]]]}},{"type":"Feature","properties":{"capa":"lote","n":505,"m2":337,"frente":"bulevar","premio":"bulevar","ancho":13.3,"fondo":25.3,"arboles":4},"geometry":{"type":"Polygon","coordinates":[[[-103.364957,25.560549],[-103.365087,25.560745],[-103.365201,25.560683],[-103.365071,25.560487],[-103.364957,25.560549]]]}},{"type":"Feature","properties":{"capa":"lote","n":506,"m2":337,"frente":"bulevar","premio":"bulevar","ancho":13.3,"fondo":25.3,"arboles":1},"geometry":{"type":"Polygon","coordinates":[[[-103.364843,25.560611],[-103.364973,25.560807],[-103.365087,25.560745],[-103.364957,25.560549],[-103.364843,25.560611]]]}},{"type":"Feature","properties":{"capa":"lote","n":507,"m2":337,"frente":"bulevar","premio":"bulevar","ancho":13.3,"fondo":25.3,"arboles":1},"geometry":{"type":"Polygon","coordinates":[[[-103.36473,25.560673],[-103.36486,25.560869],[-103.364973,25.560807],[-103.364843,25.560611],[-103.36473,25.560673]]]}},{"type":"Feature","properties":{"capa":"lote","n":508,"m2":337,"frente":"bulevar","premio":"bulevar","ancho":13.3,"fondo":25.3,"arboles":1},"geometry":{"type":"Polygon","coordinates":[[[-103.364616,25.560735],[-103.364746,25.560931],[-103.36486,25.560869],[-103.36473,25.560673],[-103.364616,25.560735]]]}},{"type":"Feature","properties":{"capa":"lote","n":509,"m2":337,"frente":"bulevar","premio":"bulevar","ancho":13.3,"fondo":25.3,"arboles":2},"geometry":{"type":"Polygon","coordinates":[[[-103.364503,25.560797],[-103.364632,25.560993],[-103.364746,25.560931],[-103.364616,25.560735],[-103.364503,25.560797]]]}},{"type":"Feature","properties":{"capa":"lote","n":510,"m2":337,"frente":"bulevar","premio":"bulevar","ancho":13.3,"fondo":25.3,"arboles":1},"geometry":{"type":"Polygon","coordinates":[[[-103.364389,25.560859],[-103.364519,25.561055],[-103.364632,25.560993],[-103.364503,25.560797],[-103.364389,25.560859]]]}},{"type":"Feature","properties":{"capa":"lote","n":511,"m2":337,"frente":"bulevar","premio":"bulevar","ancho":13.3,"fondo":25.3,"arboles":2},"geometry":{"type":"Polygon","coordinates":[[[-103.364275,25.560921],[-103.364405,25.561117],[-103.364519,25.561055],[-103.364389,25.560859],[-103.364275,25.560921]]]}},{"type":"Feature","properties":{"capa":"lote","n":512,"m2":322,"frente":"bulevar","premio":"parque","ancho":12.7,"fondo":25.3,"arboles":3},"geometry":{"type":"Polygon","coordinates":[[[-103.364167,25.56098],[-103.364297,25.561176],[-103.364405,25.561117],[-103.364275,25.560921],[-103.364167,25.56098]]]}},{"type":"Feature","properties":{"capa":"lote","n":513,"m2":267,"frente":"bulevar","premio":"parque","ancho":10.6,"fondo":25.3,"arboles":1},"geometry":{"type":"Polygon","coordinates":[[[-103.362618,25.561824],[-103.362748,25.56202],[-103.362838,25.561971],[-103.362708,25.561775],[-103.362618,25.561824]]]}},{"type":"Feature","properties":{"capa":"lote","n":514,"m2":333,"frente":"bulevar","premio":"bulevar","ancho":13.2,"fondo":25.3,"arboles":1},"geometry":{"type":"Polygon","coordinates":[[[-103.362506,25.561885],[-103.362635,25.562081],[-103.362748,25.56202],[-103.362618,25.561824],[-103.362506,25.561885]]]}},{"type":"Feature","properties":{"capa":"lote","n":515,"m2":333,"frente":"bulevar","premio":"bulevar","ancho":13.2,"fondo":25.3,"arboles":3},"geometry":{"type":"Polygon","coordinates":[[[-103.362393,25.561946],[-103.362523,25.562142],[-103.362635,25.562081],[-103.362506,25.561885],[-103.362393,25.561946]]]}},{"type":"Feature","properties":{"capa":"lote","n":516,"m2":333,"frente":"bulevar","premio":"bulevar","ancho":13.2,"fondo":25.3,"arboles":4},"geometry":{"type":"Polygon","coordinates":[[[-103.362281,25.562007],[-103.362411,25.562203],[-103.362523,25.562142],[-103.362393,25.561946],[-103.362281,25.562007]]]}},{"type":"Feature","properties":{"capa":"lote","n":517,"m2":333,"frente":"bulevar","premio":"bulevar","ancho":13.2,"fondo":25.3,"arboles":2},"geometry":{"type":"Polygon","coordinates":[[[-103.362169,25.562068],[-103.362299,25.562264],[-103.362411,25.562203],[-103.362281,25.562007],[-103.362169,25.562068]]]}},{"type":"Feature","properties":{"capa":"lote","n":518,"m2":333,"frente":"bulevar","premio":"bulevar","ancho":13.2,"fondo":25.3,"arboles":1},"geometry":{"type":"Polygon","coordinates":[[[-103.362056,25.56213],[-103.362186,25.562326],[-103.362299,25.562264],[-103.362169,25.562068],[-103.362056,25.56213]]]}},{"type":"Feature","properties":{"capa":"lote","n":519,"m2":333,"frente":"bulevar","premio":"bulevar","ancho":13.2,"fondo":25.3,"arboles":3},"geometry":{"type":"Polygon","coordinates":[[[-103.361944,25.562191],[-103.362074,25.562387],[-103.362186,25.562326],[-103.362056,25.56213],[-103.361944,25.562191]]]}},{"type":"Feature","properties":{"capa":"lote","n":520,"m2":333,"frente":"bulevar","premio":"bulevar","ancho":13.2,"fondo":25.3,"arboles":1},"geometry":{"type":"Polygon","coordinates":[[[-103.361832,25.562252],[-103.361962,25.562448],[-103.362074,25.562387],[-103.361944,25.562191],[-103.361832,25.562252]]]}},{"type":"Feature","properties":{"capa":"lote","n":521,"m2":333,"frente":"bulevar","premio":"bulevar","ancho":13.2,"fondo":25.3,"arboles":4},"geometry":{"type":"Polygon","coordinates":[[[-103.36172,25.562313],[-103.361849,25.562509],[-103.361962,25.562448],[-103.361832,25.562252],[-103.36172,25.562313]]]}},{"type":"Feature","properties":{"capa":"lote","n":522,"m2":333,"frente":"bulevar","premio":"bulevar","ancho":13.2,"fondo":25.3,"arboles":4},"geometry":{"type":"Polygon","coordinates":[[[-103.361607,25.562374],[-103.361737,25.56257],[-103.361849,25.562509],[-103.36172,25.562313],[-103.361607,25.562374]]]}},{"type":"Feature","properties":{"capa":"lote","n":523,"m2":329,"frente":"bulevar","premio":"bulevar","ancho":13.0,"fondo":25.3,"arboles":1},"geometry":{"type":"Polygon","coordinates":[[[-103.361496,25.562435],[-103.361626,25.562631],[-103.361737,25.56257],[-103.361607,25.562374],[-103.361496,25.562435]]]}},{"type":"Feature","properties":{"capa":"lote","n":524,"m2":362,"frente":"bulevar","premio":"bulevar","ancho":14.3,"fondo":25.3,"arboles":1},"geometry":{"type":"Polygon","coordinates":[[[-103.361281,25.562552],[-103.36141,25.562748],[-103.361532,25.562682],[-103.361403,25.562486],[-103.361281,25.562552]]]}},{"type":"Feature","properties":{"capa":"lote","n":525,"m2":325,"frente":"bulevar","premio":"bulevar","ancho":12.8,"fondo":25.3,"arboles":1},"geometry":{"type":"Polygon","coordinates":[[[-103.361171,25.562612],[-103.361301,25.562808],[-103.36141,25.562748],[-103.361281,25.562552],[-103.361171,25.562612]]]}},{"type":"Feature","properties":{"capa":"lote","n":526,"m2":325,"frente":"bulevar","premio":"bulevar","ancho":12.8,"fondo":25.3,"arboles":2},"geometry":{"type":"Polygon","coordinates":[[[-103.361062,25.562672],[-103.361192,25.562868],[-103.361301,25.562808],[-103.361171,25.562612],[-103.361062,25.562672]]]}},{"type":"Feature","properties":{"capa":"lote","n":527,"m2":325,"frente":"bulevar","premio":"bulevar","ancho":12.8,"fondo":25.3,"arboles":1},"geometry":{"type":"Polygon","coordinates":[[[-103.360953,25.562731],[-103.361082,25.562927],[-103.361192,25.562868],[-103.361062,25.562672],[-103.360953,25.562731]]]}},{"type":"Feature","properties":{"capa":"lote","n":528,"m2":325,"frente":"bulevar","premio":"bulevar","ancho":12.8,"fondo":25.3,"arboles":1},"geometry":{"type":"Polygon","coordinates":[[[-103.360843,25.562791],[-103.360973,25.562987],[-103.361082,25.562927],[-103.360953,25.562731],[-103.360843,25.562791]]]}},{"type":"Feature","properties":{"capa":"lote","n":529,"m2":325,"frente":"bulevar","premio":"bulevar","ancho":12.8,"fondo":25.3,"arboles":1},"geometry":{"type":"Polygon","coordinates":[[[-103.360734,25.56285],[-103.360864,25.563046],[-103.360973,25.562987],[-103.360843,25.562791],[-103.360734,25.56285]]]}},{"type":"Feature","properties":{"capa":"lote","n":530,"m2":325,"frente":"bulevar","premio":"bulevar","ancho":12.8,"fondo":25.3,"arboles":2},"geometry":{"type":"Polygon","coordinates":[[[-103.360624,25.56291],[-103.360754,25.563106],[-103.360864,25.563046],[-103.360734,25.56285],[-103.360624,25.56291]]]}},{"type":"Feature","properties":{"capa":"lote","n":531,"m2":325,"frente":"bulevar","premio":"bulevar","ancho":12.8,"fondo":25.3,"arboles":1},"geometry":{"type":"Polygon","coordinates":[[[-103.360515,25.56297],[-103.360645,25.563166],[-103.360754,25.563106],[-103.360624,25.56291],[-103.360515,25.56297]]]}},{"type":"Feature","properties":{"capa":"lote","n":532,"m2":325,"frente":"bulevar","premio":"bulevar","ancho":12.8,"fondo":25.3,"arboles":3},"geometry":{"type":"Polygon","coordinates":[[[-103.360406,25.563029],[-103.360535,25.563225],[-103.360645,25.563166],[-103.360515,25.56297],[-103.360406,25.563029]]]}},{"type":"Feature","properties":{"capa":"lote","n":533,"m2":325,"frente":"bulevar","premio":"bulevar","ancho":12.8,"fondo":25.3,"arboles":3},"geometry":{"type":"Polygon","coordinates":[[[-103.360296,25.563089],[-103.360426,25.563285],[-103.360535,25.563225],[-103.360406,25.563029],[-103.360296,25.563089]]]}},{"type":"Feature","properties":{"capa":"lote","n":534,"m2":338,"frente":"bulevar","premio":"bulevar","ancho":13.3,"fondo":25.3,"arboles":0},"geometry":{"type":"Polygon","coordinates":[[[-103.360183,25.563151],[-103.360312,25.563347],[-103.360426,25.563285],[-103.360296,25.563089],[-103.360183,25.563151]]]}},{"type":"Feature","properties":{"capa":"lote","n":535,"m2":330,"frente":"bulevar","premio":"bulevar","ancho":13.0,"fondo":25.3,"arboles":1},"geometry":{"type":"Polygon","coordinates":[[[-103.359978,25.563262],[-103.360107,25.563458],[-103.360219,25.563398],[-103.360089,25.563202],[-103.359978,25.563262]]]}},{"type":"Feature","properties":{"capa":"lote","n":536,"m2":326,"frente":"bulevar","premio":"bulevar","ancho":12.9,"fondo":25.3,"arboles":3},"geometry":{"type":"Polygon","coordinates":[[[-103.359868,25.563322],[-103.359997,25.563518],[-103.360107,25.563458],[-103.359978,25.563262],[-103.359868,25.563322]]]}},{"type":"Feature","properties":{"capa":"lote","n":537,"m2":326,"frente":"bulevar","premio":"bulevar","ancho":12.9,"fondo":25.3,"arboles":2},"geometry":{"type":"Polygon","coordinates":[[[-103.359758,25.563382],[-103.359888,25.563578],[-103.359997,25.563518],[-103.359868,25.563322],[-103.359758,25.563382]]]}},{"type":"Feature","properties":{"capa":"lote","n":538,"m2":326,"frente":"bulevar","premio":"bulevar","ancho":12.9,"fondo":25.3,"arboles":3},"geometry":{"type":"Polygon","coordinates":[[[-103.359648,25.563442],[-103.359778,25.563638],[-103.359888,25.563578],[-103.359758,25.563382],[-103.359648,25.563442]]]}},{"type":"Feature","properties":{"capa":"lote","n":539,"m2":326,"frente":"bulevar","premio":"bulevar","ancho":12.9,"fondo":25.3,"arboles":2},"geometry":{"type":"Polygon","coordinates":[[[-103.359538,25.563502],[-103.359668,25.563698],[-103.359778,25.563638],[-103.359648,25.563442],[-103.359538,25.563502]]]}},{"type":"Feature","properties":{"capa":"lote","n":540,"m2":326,"frente":"bulevar","premio":"bulevar","ancho":12.9,"fondo":25.3,"arboles":4},"geometry":{"type":"Polygon","coordinates":[[[-103.359428,25.563562],[-103.359558,25.563758],[-103.359668,25.563698],[-103.359538,25.563502],[-103.359428,25.563562]]]}},{"type":"Feature","properties":{"capa":"lote","n":541,"m2":326,"frente":"bulevar","premio":"bulevar","ancho":12.9,"fondo":25.3,"arboles":2},"geometry":{"type":"Polygon","coordinates":[[[-103.359318,25.563622],[-103.359448,25.563818],[-103.359558,25.563758],[-103.359428,25.563562],[-103.359318,25.563622]]]}},{"type":"Feature","properties":{"capa":"lote","n":542,"m2":326,"frente":"bulevar","premio":"bulevar","ancho":12.9,"fondo":25.3,"arboles":0},"geometry":{"type":"Polygon","coordinates":[[[-103.359208,25.563681],[-103.359338,25.563878],[-103.359448,25.563818],[-103.359318,25.563622],[-103.359208,25.563681]]]}},{"type":"Feature","properties":{"capa":"lote","n":543,"m2":326,"frente":"bulevar","premio":"bulevar","ancho":12.9,"fondo":25.3,"arboles":0},"geometry":{"type":"Polygon","coordinates":[[[-103.359098,25.563741],[-103.359228,25.563937],[-103.359338,25.563878],[-103.359208,25.563681],[-103.359098,25.563741]]]}},{"type":"Feature","properties":{"capa":"lote","n":544,"m2":326,"frente":"bulevar","premio":"bulevar","ancho":12.9,"fondo":25.3,"arboles":1},"geometry":{"type":"Polygon","coordinates":[[[-103.358989,25.563801],[-103.359118,25.563997],[-103.359228,25.563937],[-103.359098,25.563741],[-103.358989,25.563801]]]}},{"type":"Feature","properties":{"capa":"lote","n":545,"m2":326,"frente":"bulevar","premio":"bulevar","ancho":12.9,"fondo":25.3,"arboles":2},"geometry":{"type":"Polygon","coordinates":[[[-103.358879,25.563861],[-103.359008,25.564057],[-103.359118,25.563997],[-103.358989,25.563801],[-103.358879,25.563861]]]}},{"type":"Feature","properties":{"capa":"lote","n":546,"m2":359,"frente":"bulevar","premio":"bulevar","ancho":14.2,"fondo":25.3,"arboles":3},"geometry":{"type":"Polygon","coordinates":[[[-103.358758,25.563927],[-103.358888,25.564123],[-103.359008,25.564057],[-103.358879,25.563861],[-103.358758,25.563927]]]}},{"type":"Feature","properties":{"capa":"lote","n":547,"m2":293,"frente":"bulevar","premio":"bulevar","ancho":11.6,"fondo":25.3,"arboles":1},"geometry":{"type":"Polygon","coordinates":[[[-103.358565,25.564032],[-103.358695,25.564228],[-103.358794,25.564174],[-103.358664,25.563978],[-103.358565,25.564032]]]}},{"type":"Feature","properties":{"capa":"lote","n":548,"m2":322,"frente":"bulevar","premio":"bulevar","ancho":12.7,"fondo":25.3,"arboles":2},"geometry":{"type":"Polygon","coordinates":[[[-103.358457,25.564091],[-103.358587,25.564287],[-103.358695,25.564228],[-103.358565,25.564032],[-103.358457,25.564091]]]}},{"type":"Feature","properties":{"capa":"lote","n":549,"m2":322,"frente":"bulevar","premio":"bulevar","ancho":12.7,"fondo":25.3,"arboles":2},"geometry":{"type":"Polygon","coordinates":[[[-103.358349,25.56415],[-103.358479,25.564346],[-103.358587,25.564287],[-103.358457,25.564091],[-103.358349,25.56415]]]}},{"type":"Feature","properties":{"capa":"lote","n":550,"m2":322,"frente":"bulevar","premio":"bulevar","ancho":12.7,"fondo":25.3,"arboles":2},"geometry":{"type":"Polygon","coordinates":[[[-103.35824,25.564209],[-103.35837,25.564405],[-103.358479,25.564346],[-103.358349,25.56415],[-103.35824,25.564209]]]}},{"type":"Feature","properties":{"capa":"lote","n":551,"m2":322,"frente":"bulevar","premio":"bulevar","ancho":12.7,"fondo":25.3,"arboles":2},"geometry":{"type":"Polygon","coordinates":[[[-103.358132,25.564268],[-103.358262,25.564464],[-103.35837,25.564405],[-103.35824,25.564209],[-103.358132,25.564268]]]}},{"type":"Feature","properties":{"capa":"lote","n":552,"m2":322,"frente":"bulevar","premio":"bulevar","ancho":12.7,"fondo":25.3,"arboles":1},"geometry":{"type":"Polygon","coordinates":[[[-103.358024,25.564327],[-103.358153,25.564523],[-103.358262,25.564464],[-103.358132,25.564268],[-103.358024,25.564327]]]}},{"type":"Feature","properties":{"capa":"lote","n":553,"m2":322,"frente":"bulevar","premio":"bulevar","ancho":12.7,"fondo":25.3,"arboles":2},"geometry":{"type":"Polygon","coordinates":[[[-103.357915,25.564386],[-103.358045,25.564582],[-103.358153,25.564523],[-103.358024,25.564327],[-103.357915,25.564386]]]}},{"type":"Feature","properties":{"capa":"lote","n":554,"m2":322,"frente":"bulevar","premio":"bulevar","ancho":12.7,"fondo":25.3,"arboles":3},"geometry":{"type":"Polygon","coordinates":[[[-103.357807,25.564445],[-103.357937,25.564641],[-103.358045,25.564582],[-103.357915,25.564386],[-103.357807,25.564445]]]}},{"type":"Feature","properties":{"capa":"lote","n":555,"m2":322,"frente":"bulevar","premio":"bulevar","ancho":12.7,"fondo":25.3,"arboles":1},"geometry":{"type":"Polygon","coordinates":[[[-103.357699,25.564504],[-103.357828,25.5647],[-103.357937,25.564641],[-103.357807,25.564445],[-103.357699,25.564504]]]}},{"type":"Feature","properties":{"capa":"lote","n":556,"m2":322,"frente":"bulevar","premio":"bulevar","ancho":12.7,"fondo":25.3,"arboles":2},"geometry":{"type":"Polygon","coordinates":[[[-103.35759,25.564563],[-103.35772,25.564759],[-103.357828,25.5647],[-103.357699,25.564504],[-103.35759,25.564563]]]}},{"type":"Feature","properties":{"capa":"lote","n":557,"m2":284,"frente":"bulevar","premio":"parque","ancho":11.8,"fondo":24.1,"arboles":0},"geometry":{"type":"Polygon","coordinates":[[[-103.368605,25.559144],[-103.368728,25.55933],[-103.368829,25.559275],[-103.368706,25.559089],[-103.368605,25.559144]]]}},{"type":"Feature","properties":{"capa":"lote","n":558,"m2":291,"frente":"bulevar","premio":"parque","ancho":12.1,"fondo":24.1,"arboles":2},"geometry":{"type":"Polygon","coordinates":[[[-103.368047,25.559448],[-103.368171,25.559634],[-103.368274,25.559578],[-103.36815,25.559392],[-103.368047,25.559448]]]}},{"type":"Feature","properties":{"capa":"lote","n":559,"m2":291,"frente":"bulevar","premio":"parque","ancho":12.1,"fondo":24.1,"arboles":1},"geometry":{"type":"Polygon","coordinates":[[[-103.367944,25.559504],[-103.368068,25.55969],[-103.368171,25.559634],[-103.368047,25.559448],[-103.367944,25.559504]]]}},{"type":"Feature","properties":{"capa":"lote","n":560,"m2":291,"frente":"bulevar","premio":"bulevar","ancho":12.1,"fondo":24.1,"arboles":1},"geometry":{"type":"Polygon","coordinates":[[[-103.367841,25.55956],[-103.367965,25.559747],[-103.368068,25.55969],[-103.367944,25.559504],[-103.367841,25.55956]]]}},{"type":"Feature","properties":{"capa":"lote","n":561,"m2":291,"frente":"bulevar","premio":"bulevar","ancho":12.1,"fondo":24.1,"arboles":2},"geometry":{"type":"Polygon","coordinates":[[[-103.367738,25.559616],[-103.367862,25.559803],[-103.367965,25.559747],[-103.367841,25.55956],[-103.367738,25.559616]]]}},{"type":"Feature","properties":{"capa":"lote","n":562,"m2":291,"frente":"bulevar","premio":"bulevar","ancho":12.1,"fondo":24.1,"arboles":1},"geometry":{"type":"Polygon","coordinates":[[[-103.367635,25.559673],[-103.367759,25.559859],[-103.367862,25.559803],[-103.367738,25.559616],[-103.367635,25.559673]]]}},{"type":"Feature","properties":{"capa":"lote","n":563,"m2":291,"frente":"bulevar","premio":"bulevar","ancho":12.1,"fondo":24.1,"arboles":2},"geometry":{"type":"Polygon","coordinates":[[[-103.367532,25.559729],[-103.367655,25.559915],[-103.367759,25.559859],[-103.367635,25.559673],[-103.367532,25.559729]]]}},{"type":"Feature","properties":{"capa":"lote","n":564,"m2":291,"frente":"bulevar","premio":"bulevar","ancho":12.1,"fondo":24.1,"arboles":3},"geometry":{"type":"Polygon","coordinates":[[[-103.367429,25.559785],[-103.367552,25.559971],[-103.367655,25.559915],[-103.367532,25.559729],[-103.367429,25.559785]]]}},{"type":"Feature","properties":{"capa":"lote","n":565,"m2":291,"frente":"bulevar","premio":"bulevar","ancho":12.1,"fondo":24.1,"arboles":1},"geometry":{"type":"Polygon","coordinates":[[[-103.367326,25.559841],[-103.367449,25.560027],[-103.367552,25.559971],[-103.367429,25.559785],[-103.367326,25.559841]]]}},{"type":"Feature","properties":{"capa":"lote","n":566,"m2":315,"frente":"bulevar","premio":"bulevar","ancho":13.1,"fondo":24.1,"arboles":4},"geometry":{"type":"Polygon","coordinates":[[[-103.367214,25.559902],[-103.367338,25.560088],[-103.367449,25.560027],[-103.367326,25.559841],[-103.367214,25.559902]]]}},{"type":"Feature","properties":{"capa":"lote","n":567,"m2":288,"frente":"bulevar","premio":"bulevar","ancho":12.0,"fondo":24.1,"arboles":1},"geometry":{"type":"Polygon","coordinates":[[[-103.367019,25.560008],[-103.367142,25.560195],[-103.367244,25.560139],[-103.367121,25.559953],[-103.367019,25.560008]]]}},{"type":"Feature","properties":{"capa":"lote","n":568,"m2":307,"frente":"bulevar","premio":"bulevar","ancho":12.8,"fondo":24.1,"arboles":3},"geometry":{"type":"Polygon","coordinates":[[[-103.36691,25.560068],[-103.367033,25.560254],[-103.367142,25.560195],[-103.367019,25.560008],[-103.36691,25.560068]]]}},{"type":"Feature","properties":{"capa":"lote","n":569,"m2":307,"frente":"bulevar","premio":"bulevar","ancho":12.8,"fondo":24.1,"arboles":1},"geometry":{"type":"Polygon","coordinates":[[[-103.366801,25.560127],[-103.366924,25.560313],[-103.367033,25.560254],[-103.36691,25.560068],[-103.366801,25.560127]]]}},{"type":"Feature","properties":{"capa":"lote","n":570,"m2":307,"frente":"bulevar","premio":"bulevar","ancho":12.8,"fondo":24.1,"arboles":2},"geometry":{"type":"Polygon","coordinates":[[[-103.366692,25.560186],[-103.366815,25.560373],[-103.366924,25.560313],[-103.366801,25.560127],[-103.366692,25.560186]]]}},{"type":"Feature","properties":{"capa":"lote","n":571,"m2":307,"frente":"bulevar","premio":"bulevar","ancho":12.8,"fondo":24.1,"arboles":4},"geometry":{"type":"Polygon","coordinates":[[[-103.366583,25.560246],[-103.366707,25.560432],[-103.366815,25.560373],[-103.366692,25.560186],[-103.366583,25.560246]]]}},{"type":"Feature","properties":{"capa":"lote","n":572,"m2":307,"frente":"bulevar","premio":"bulevar","ancho":12.8,"fondo":24.1,"arboles":3},"geometry":{"type":"Polygon","coordinates":[[[-103.366474,25.560305],[-103.366598,25.560491],[-103.366707,25.560432],[-103.366583,25.560246],[-103.366474,25.560305]]]}},{"type":"Feature","properties":{"capa":"lote","n":573,"m2":307,"frente":"bulevar","premio":"bulevar","ancho":12.8,"fondo":24.1,"arboles":3},"geometry":{"type":"Polygon","coordinates":[[[-103.366365,25.560364],[-103.366489,25.560551],[-103.366598,25.560491],[-103.366474,25.560305],[-103.366365,25.560364]]]}},{"type":"Feature","properties":{"capa":"lote","n":574,"m2":307,"frente":"bulevar","premio":"bulevar","ancho":12.8,"fondo":24.1,"arboles":2},"geometry":{"type":"Polygon","coordinates":[[[-103.366257,25.560424],[-103.36638,25.56061],[-103.366489,25.560551],[-103.366365,25.560364],[-103.366257,25.560424]]]}},{"type":"Feature","properties":{"capa":"lote","n":575,"m2":307,"frente":"bulevar","premio":"bulevar","ancho":12.8,"fondo":24.1,"arboles":2},"geometry":{"type":"Polygon","coordinates":[[[-103.366148,25.560483],[-103.366271,25.560669],[-103.36638,25.56061],[-103.366257,25.560424],[-103.366148,25.560483]]]}},{"type":"Feature","properties":{"capa":"lote","n":576,"m2":307,"frente":"bulevar","premio":"bulevar","ancho":12.8,"fondo":24.1,"arboles":1},"geometry":{"type":"Polygon","coordinates":[[[-103.366039,25.560542],[-103.366162,25.560729],[-103.366271,25.560669],[-103.366148,25.560483],[-103.366039,25.560542]]]}},{"type":"Feature","properties":{"capa":"lote","n":577,"m2":307,"frente":"bulevar","premio":"bulevar","ancho":12.8,"fondo":24.1,"arboles":2},"geometry":{"type":"Polygon","coordinates":[[[-103.36593,25.560602],[-103.366053,25.560788],[-103.366162,25.560729],[-103.366039,25.560542],[-103.36593,25.560602]]]}},{"type":"Feature","properties":{"capa":"lote","n":578,"m2":372,"frente":"bulevar","premio":"bulevar","ancho":15.4,"fondo":24.1,"arboles":4},"geometry":{"type":"Polygon","coordinates":[[[-103.365798,25.560673],[-103.365922,25.56086],[-103.366053,25.560788],[-103.36593,25.560602],[-103.365798,25.560673]]]}},{"type":"Feature","properties":{"capa":"lote","n":579,"m2":270,"frente":"bulevar","premio":"bulevar","ancho":11.2,"fondo":24.1,"arboles":0},"geometry":{"type":"Polygon","coordinates":[[[-103.365609,25.560777],[-103.365732,25.560963],[-103.365828,25.560911],[-103.365704,25.560725],[-103.365609,25.560777]]]}},{"type":"Feature","properties":{"capa":"lote","n":580,"m2":293,"frente":"bulevar","premio":"bulevar","ancho":12.2,"fondo":24.1,"arboles":1},"geometry":{"type":"Polygon","coordinates":[[[-103.365505,25.560833],[-103.365628,25.56102],[-103.365732,25.560963],[-103.365609,25.560777],[-103.365505,25.560833]]]}},{"type":"Feature","properties":{"capa":"lote","n":581,"m2":293,"frente":"bulevar","premio":"bulevar","ancho":12.2,"fondo":24.1,"arboles":2},"geometry":{"type":"Polygon","coordinates":[[[-103.365401,25.56089],[-103.365524,25.561076],[-103.365628,25.56102],[-103.365505,25.560833],[-103.365401,25.56089]]]}},{"type":"Feature","properties":{"capa":"lote","n":582,"m2":293,"frente":"bulevar","premio":"bulevar","ancho":12.2,"fondo":24.1,"arboles":0},"geometry":{"type":"Polygon","coordinates":[[[-103.365297,25.560947],[-103.36542,25.561133],[-103.365524,25.561076],[-103.365401,25.56089],[-103.365297,25.560947]]]}},{"type":"Feature","properties":{"capa":"lote","n":583,"m2":293,"frente":"bulevar","premio":"bulevar","ancho":12.2,"fondo":24.1,"arboles":2},"geometry":{"type":"Polygon","coordinates":[[[-103.365193,25.561003],[-103.365316,25.56119],[-103.36542,25.561133],[-103.365297,25.560947],[-103.365193,25.561003]]]}},{"type":"Feature","properties":{"capa":"lote","n":584,"m2":293,"frente":"bulevar","premio":"bulevar","ancho":12.2,"fondo":24.1,"arboles":2},"geometry":{"type":"Polygon","coordinates":[[[-103.365089,25.56106],[-103.365213,25.561246],[-103.365316,25.56119],[-103.365193,25.561003],[-103.365089,25.56106]]]}},{"type":"Feature","properties":{"capa":"lote","n":585,"m2":293,"frente":"bulevar","premio":"bulevar","ancho":12.2,"fondo":24.1,"arboles":3},"geometry":{"type":"Polygon","coordinates":[[[-103.364985,25.561117],[-103.365109,25.561303],[-103.365213,25.561246],[-103.365089,25.56106],[-103.364985,25.561117]]]}},{"type":"Feature","properties":{"capa":"lote","n":586,"m2":293,"frente":"bulevar","premio":"bulevar","ancho":12.2,"fondo":24.1,"arboles":3},"geometry":{"type":"Polygon","coordinates":[[[-103.364881,25.561173],[-103.365005,25.561359],[-103.365109,25.561303],[-103.364985,25.561117],[-103.364881,25.561173]]]}},{"type":"Feature","properties":{"capa":"lote","n":587,"m2":293,"frente":"bulevar","premio":"bulevar","ancho":12.2,"fondo":24.1,"arboles":1},"geometry":{"type":"Polygon","coordinates":[[[-103.364777,25.56123],[-103.364901,25.561416],[-103.365005,25.561359],[-103.364881,25.561173],[-103.364777,25.56123]]]}},{"type":"Feature","properties":{"capa":"lote","n":588,"m2":293,"frente":"bulevar","premio":"bulevar","ancho":12.2,"fondo":24.1,"arboles":1},"geometry":{"type":"Polygon","coordinates":[[[-103.364673,25.561286],[-103.364797,25.561473],[-103.364901,25.561416],[-103.364777,25.56123],[-103.364673,25.561286]]]}},{"type":"Feature","properties":{"capa":"lote","n":589,"m2":293,"frente":"bulevar","premio":"bulevar","ancho":12.2,"fondo":24.1,"arboles":0},"geometry":{"type":"Polygon","coordinates":[[[-103.36457,25.561343],[-103.364693,25.561529],[-103.364797,25.561473],[-103.364673,25.561286],[-103.36457,25.561343]]]}},{"type":"Feature","properties":{"capa":"lote","n":590,"m2":337,"frente":"bulevar","premio":"bulevar","ancho":14.0,"fondo":24.1,"arboles":2},"geometry":{"type":"Polygon","coordinates":[[[-103.36445,25.561408],[-103.364574,25.561594],[-103.364693,25.561529],[-103.36457,25.561343],[-103.36445,25.561408]]]}},{"type":"Feature","properties":{"capa":"lote","n":591,"m2":272,"frente":"bulevar","premio":"bulevar","ancho":11.3,"fondo":24.1,"arboles":1},"geometry":{"type":"Polygon","coordinates":[[[-103.36426,25.561512],[-103.364384,25.561698],[-103.36448,25.561645],[-103.364356,25.561459],[-103.36426,25.561512]]]}},{"type":"Feature","properties":{"capa":"lote","n":592,"m2":302,"frente":"bulevar","premio":"bulevar","ancho":12.5,"fondo":24.1,"arboles":0},"geometry":{"type":"Polygon","coordinates":[[[-103.364153,25.56157],[-103.364277,25.561756],[-103.364384,25.561698],[-103.36426,25.561512],[-103.364153,25.56157]]]}},{"type":"Feature","properties":{"capa":"lote","n":593,"m2":302,"frente":"bulevar","premio":"bulevar","ancho":12.5,"fondo":24.1,"arboles":2},"geometry":{"type":"Polygon","coordinates":[[[-103.364046,25.561628],[-103.36417,25.561815],[-103.364277,25.561756],[-103.364153,25.56157],[-103.364046,25.561628]]]}},{"type":"Feature","properties":{"capa":"lote","n":594,"m2":302,"frente":"bulevar","premio":"bulevar","ancho":12.5,"fondo":24.1,"arboles":3},"geometry":{"type":"Polygon","coordinates":[[[-103.363939,25.561686],[-103.364063,25.561873],[-103.36417,25.561815],[-103.364046,25.561628],[-103.363939,25.561686]]]}},{"type":"Feature","properties":{"capa":"lote","n":595,"m2":302,"frente":"bulevar","premio":"bulevar","ancho":12.5,"fondo":24.1,"arboles":3},"geometry":{"type":"Polygon","coordinates":[[[-103.363832,25.561745],[-103.363956,25.561931],[-103.364063,25.561873],[-103.363939,25.561686],[-103.363832,25.561745]]]}},{"type":"Feature","properties":{"capa":"lote","n":596,"m2":302,"frente":"bulevar","premio":"bulevar","ancho":12.5,"fondo":24.1,"arboles":1},"geometry":{"type":"Polygon","coordinates":[[[-103.363725,25.561803],[-103.363849,25.561989],[-103.363956,25.561931],[-103.363832,25.561745],[-103.363725,25.561803]]]}},{"type":"Feature","properties":{"capa":"lote","n":597,"m2":302,"frente":"bulevar","premio":"bulevar","ancho":12.5,"fondo":24.1,"arboles":2},"geometry":{"type":"Polygon","coordinates":[[[-103.363618,25.561861],[-103.363742,25.562048],[-103.363849,25.561989],[-103.363725,25.561803],[-103.363618,25.561861]]]}},{"type":"Feature","properties":{"capa":"lote","n":598,"m2":302,"frente":"bulevar","premio":"bulevar","ancho":12.5,"fondo":24.1,"arboles":2},"geometry":{"type":"Polygon","coordinates":[[[-103.363511,25.56192],[-103.363635,25.562106],[-103.363742,25.562048],[-103.363618,25.561861],[-103.363511,25.56192]]]}},{"type":"Feature","properties":{"capa":"lote","n":599,"m2":302,"frente":"bulevar","premio":"bulevar","ancho":12.5,"fondo":24.1,"arboles":1},"geometry":{"type":"Polygon","coordinates":[[[-103.363404,25.561978],[-103.363528,25.562164],[-103.363635,25.562106],[-103.363511,25.56192],[-103.363404,25.561978]]]}},{"type":"Feature","properties":{"capa":"lote","n":600,"m2":302,"frente":"bulevar","premio":"bulevar","ancho":12.5,"fondo":24.1,"arboles":2},"geometry":{"type":"Polygon","coordinates":[[[-103.363297,25.562036],[-103.363421,25.562223],[-103.363528,25.562164],[-103.363404,25.561978],[-103.363297,25.562036]]]}},{"type":"Feature","properties":{"capa":"lote","n":601,"m2":302,"frente":"bulevar","premio":"bulevar","ancho":12.5,"fondo":24.1,"arboles":1},"geometry":{"type":"Polygon","coordinates":[[[-103.36319,25.562095],[-103.363314,25.562281],[-103.363421,25.562223],[-103.363297,25.562036],[-103.36319,25.562095]]]}},{"type":"Feature","properties":{"capa":"lote","n":602,"m2":296,"frente":"bulevar","premio":"bulevar","ancho":12.3,"fondo":24.1,"arboles":0},"geometry":{"type":"Polygon","coordinates":[[[-103.363085,25.562152],[-103.363209,25.562338],[-103.363314,25.562281],[-103.36319,25.562095],[-103.363085,25.562152]]]}},{"type":"Feature","properties":{"capa":"lote","n":603,"m2":370,"frente":"bulevar","premio":"bulevar","ancho":15.4,"fondo":24.1,"arboles":2},"geometry":{"type":"Polygon","coordinates":[[[-103.36286,25.562274],[-103.362984,25.562461],[-103.363115,25.562389],[-103.362991,25.562203],[-103.36286,25.562274]]]}},{"type":"Feature","properties":{"capa":"lote","n":604,"m2":310,"frente":"bulevar","premio":"bulevar","ancho":12.9,"fondo":24.1,"arboles":3},"geometry":{"type":"Polygon","coordinates":[[[-103.362751,25.562334],[-103.362874,25.56252],[-103.362984,25.562461],[-103.36286,25.562274],[-103.362751,25.562334]]]}},{"type":"Feature","properties":{"capa":"lote","n":605,"m2":310,"frente":"bulevar","premio":"bulevar","ancho":12.9,"fondo":24.1,"arboles":2},"geometry":{"type":"Polygon","coordinates":[[[-103.362641,25.562394],[-103.362764,25.56258],[-103.362874,25.56252],[-103.362751,25.562334],[-103.362641,25.562394]]]}},{"type":"Feature","properties":{"capa":"lote","n":606,"m2":310,"frente":"bulevar","premio":"bulevar","ancho":12.9,"fondo":24.1,"arboles":4},"geometry":{"type":"Polygon","coordinates":[[[-103.362531,25.562454],[-103.362655,25.56264],[-103.362764,25.56258],[-103.362641,25.562394],[-103.362531,25.562454]]]}},{"type":"Feature","properties":{"capa":"lote","n":607,"m2":310,"frente":"bulevar","premio":"bulevar","ancho":12.9,"fondo":24.1,"arboles":3},"geometry":{"type":"Polygon","coordinates":[[[-103.362421,25.562513],[-103.362545,25.5627],[-103.362655,25.56264],[-103.362531,25.562454],[-103.362421,25.562513]]]}},{"type":"Feature","properties":{"capa":"lote","n":608,"m2":310,"frente":"bulevar","premio":"bulevar","ancho":12.9,"fondo":24.1,"arboles":2},"geometry":{"type":"Polygon","coordinates":[[[-103.362312,25.562573],[-103.362435,25.56276],[-103.362545,25.5627],[-103.362421,25.562513],[-103.362312,25.562573]]]}},{"type":"Feature","properties":{"capa":"lote","n":609,"m2":310,"frente":"bulevar","premio":"bulevar","ancho":12.9,"fondo":24.1,"arboles":3},"geometry":{"type":"Polygon","coordinates":[[[-103.362202,25.562633],[-103.362325,25.562819],[-103.362435,25.56276],[-103.362312,25.562573],[-103.362202,25.562633]]]}},{"type":"Feature","properties":{"capa":"lote","n":610,"m2":310,"frente":"bulevar","premio":"bulevar","ancho":12.9,"fondo":24.1,"arboles":1},"geometry":{"type":"Polygon","coordinates":[[[-103.362092,25.562693],[-103.362216,25.562879],[-103.362325,25.562819],[-103.362202,25.562633],[-103.362092,25.562693]]]}},{"type":"Feature","properties":{"capa":"lote","n":611,"m2":310,"frente":"bulevar","premio":"bulevar","ancho":12.9,"fondo":24.1,"arboles":2},"geometry":{"type":"Polygon","coordinates":[[[-103.361983,25.562753],[-103.362106,25.562939],[-103.362216,25.562879],[-103.362092,25.562693],[-103.361983,25.562753]]]}},{"type":"Feature","properties":{"capa":"lote","n":612,"m2":310,"frente":"bulevar","premio":"bulevar","ancho":12.9,"fondo":24.1,"arboles":1},"geometry":{"type":"Polygon","coordinates":[[[-103.361873,25.562812],[-103.361996,25.562999],[-103.362106,25.562939],[-103.361983,25.562753],[-103.361873,25.562812]]]}},{"type":"Feature","properties":{"capa":"lote","n":613,"m2":262,"frente":"bulevar","premio":"bulevar","ancho":10.9,"fondo":24.1,"arboles":0},"geometry":{"type":"Polygon","coordinates":[[[-103.36178,25.562863],[-103.361903,25.563049],[-103.361996,25.562999],[-103.361873,25.562812],[-103.36178,25.562863]]]}},{"type":"Feature","properties":{"capa":"lote","n":614,"m2":398,"frente":"bulevar","premio":"bulevar","ancho":16.5,"fondo":24.1,"arboles":3},"geometry":{"type":"Polygon","coordinates":[[[-103.361545,25.562991],[-103.361669,25.563177],[-103.36181,25.5631],[-103.361686,25.562914],[-103.361545,25.562991]]]}},{"type":"Feature","properties":{"capa":"lote","n":615,"m2":307,"frente":"bulevar","premio":"bulevar","ancho":12.7,"fondo":24.1,"arboles":2},"geometry":{"type":"Polygon","coordinates":[[[-103.361436,25.56305],[-103.36156,25.563237],[-103.361669,25.563177],[-103.361545,25.562991],[-103.361436,25.56305]]]}},{"type":"Feature","properties":{"capa":"lote","n":616,"m2":307,"frente":"bulevar","premio":"bulevar","ancho":12.7,"fondo":24.1,"arboles":2},"geometry":{"type":"Polygon","coordinates":[[[-103.361328,25.563109],[-103.361451,25.563296],[-103.36156,25.563237],[-103.361436,25.56305],[-103.361328,25.563109]]]}},{"type":"Feature","properties":{"capa":"lote","n":617,"m2":307,"frente":"bulevar","premio":"bulevar","ancho":12.7,"fondo":24.1,"arboles":1},"geometry":{"type":"Polygon","coordinates":[[[-103.361219,25.563169],[-103.361342,25.563355],[-103.361451,25.563296],[-103.361328,25.563109],[-103.361219,25.563169]]]}},{"type":"Feature","properties":{"capa":"lote","n":618,"m2":307,"frente":"bulevar","premio":"bulevar","ancho":12.7,"fondo":24.1,"arboles":1},"geometry":{"type":"Polygon","coordinates":[[[-103.36111,25.563228],[-103.361234,25.563414],[-103.361342,25.563355],[-103.361219,25.563169],[-103.36111,25.563228]]]}},{"type":"Feature","properties":{"capa":"lote","n":619,"m2":307,"frente":"bulevar","premio":"bulevar","ancho":12.7,"fondo":24.1,"arboles":1},"geometry":{"type":"Polygon","coordinates":[[[-103.361002,25.563287],[-103.361125,25.563473],[-103.361234,25.563414],[-103.36111,25.563228],[-103.361002,25.563287]]]}},{"type":"Feature","properties":{"capa":"lote","n":620,"m2":307,"frente":"bulevar","premio":"bulevar","ancho":12.7,"fondo":24.1,"arboles":1},"geometry":{"type":"Polygon","coordinates":[[[-103.360893,25.563346],[-103.361016,25.563533],[-103.361125,25.563473],[-103.361002,25.563287],[-103.360893,25.563346]]]}},{"type":"Feature","properties":{"capa":"lote","n":621,"m2":307,"frente":"bulevar","premio":"bulevar","ancho":12.7,"fondo":24.1,"arboles":2},"geometry":{"type":"Polygon","coordinates":[[[-103.360784,25.563405],[-103.360908,25.563592],[-103.361016,25.563533],[-103.360893,25.563346],[-103.360784,25.563405]]]}},{"type":"Feature","properties":{"capa":"lote","n":622,"m2":307,"frente":"bulevar","premio":"bulevar","ancho":12.7,"fondo":24.1,"arboles":2},"geometry":{"type":"Polygon","coordinates":[[[-103.360676,25.563465],[-103.360799,25.563651],[-103.360908,25.563592],[-103.360784,25.563405],[-103.360676,25.563465]]]}},{"type":"Feature","properties":{"capa":"lote","n":623,"m2":307,"frente":"bulevar","premio":"bulevar","ancho":12.7,"fondo":24.1,"arboles":1},"geometry":{"type":"Polygon","coordinates":[[[-103.360567,25.563524],[-103.36069,25.56371],[-103.360799,25.563651],[-103.360676,25.563465],[-103.360567,25.563524]]]}},{"type":"Feature","properties":{"capa":"lote","n":624,"m2":284,"frente":"bulevar","premio":"parque","ancho":11.8,"fondo":24.1,"arboles":0},"geometry":{"type":"Polygon","coordinates":[[[-103.360466,25.563579],[-103.36059,25.563765],[-103.36069,25.56371],[-103.360567,25.563524],[-103.360466,25.563579]]]}},{"type":"Feature","properties":{"capa":"lote","n":625,"m2":448,"frente":"bulevar","premio":"parque","ancho":18.6,"fondo":24.1,"arboles":1},"geometry":{"type":"Polygon","coordinates":[[[-103.360214,25.563716],[-103.360337,25.563903],[-103.360496,25.563816],[-103.360372,25.56363],[-103.360214,25.563716]]]}},{"type":"Feature","properties":{"capa":"lote","n":626,"m2":301,"frente":"bulevar","premio":"parque","ancho":12.5,"fondo":24.1,"arboles":1},"geometry":{"type":"Polygon","coordinates":[[[-103.360107,25.563774],[-103.360231,25.563961],[-103.360337,25.563903],[-103.360214,25.563716],[-103.360107,25.563774]]]}},{"type":"Feature","properties":{"capa":"lote","n":627,"m2":301,"frente":"bulevar","premio":"parque","ancho":12.5,"fondo":24.1,"arboles":1},"geometry":{"type":"Polygon","coordinates":[[[-103.360001,25.563832],[-103.360124,25.564019],[-103.360231,25.563961],[-103.360107,25.563774],[-103.360001,25.563832]]]}},{"type":"Feature","properties":{"capa":"lote","n":628,"m2":301,"frente":"bulevar","premio":"parque","ancho":12.5,"fondo":24.1,"arboles":2},"geometry":{"type":"Polygon","coordinates":[[[-103.359894,25.56389],[-103.360018,25.564077],[-103.360124,25.564019],[-103.360001,25.563832],[-103.359894,25.56389]]]}},{"type":"Feature","properties":{"capa":"lote","n":629,"m2":301,"frente":"bulevar","premio":"parque","ancho":12.5,"fondo":24.1,"arboles":2},"geometry":{"type":"Polygon","coordinates":[[[-103.359788,25.563948],[-103.359911,25.564135],[-103.360018,25.564077],[-103.359894,25.56389],[-103.359788,25.563948]]]}},{"type":"Feature","properties":{"capa":"lote","n":630,"m2":301,"frente":"bulevar","premio":"bulevar","ancho":12.5,"fondo":24.1,"arboles":3},"geometry":{"type":"Polygon","coordinates":[[[-103.359681,25.564007],[-103.359805,25.564193],[-103.359911,25.564135],[-103.359788,25.563948],[-103.359681,25.564007]]]}},{"type":"Feature","properties":{"capa":"lote","n":631,"m2":301,"frente":"bulevar","premio":"bulevar","ancho":12.5,"fondo":24.1,"arboles":1},"geometry":{"type":"Polygon","coordinates":[[[-103.359575,25.564065],[-103.359698,25.564251],[-103.359805,25.564193],[-103.359681,25.564007],[-103.359575,25.564065]]]}},{"type":"Feature","properties":{"capa":"lote","n":632,"m2":301,"frente":"bulevar","premio":"bulevar","ancho":12.5,"fondo":24.1,"arboles":0},"geometry":{"type":"Polygon","coordinates":[[[-103.359468,25.564123],[-103.359592,25.564309],[-103.359698,25.564251],[-103.359575,25.564065],[-103.359468,25.564123]]]}},{"type":"Feature","properties":{"capa":"lote","n":633,"m2":301,"frente":"bulevar","premio":"bulevar","ancho":12.5,"fondo":24.1,"arboles":2},"geometry":{"type":"Polygon","coordinates":[[[-103.359362,25.564181],[-103.359485,25.564367],[-103.359592,25.564309],[-103.359468,25.564123],[-103.359362,25.564181]]]}},{"type":"Feature","properties":{"capa":"lote","n":634,"m2":301,"frente":"bulevar","premio":"bulevar","ancho":12.5,"fondo":24.1,"arboles":0},"geometry":{"type":"Polygon","coordinates":[[[-103.359255,25.564239],[-103.359379,25.564425],[-103.359485,25.564367],[-103.359362,25.564181],[-103.359255,25.564239]]]}},{"type":"Feature","properties":{"capa":"lote","n":635,"m2":301,"frente":"bulevar","premio":"bulevar","ancho":12.5,"fondo":24.1,"arboles":0},"geometry":{"type":"Polygon","coordinates":[[[-103.359149,25.564297],[-103.359272,25.564483],[-103.359379,25.564425],[-103.359255,25.564239],[-103.359149,25.564297]]]}},{"type":"Feature","properties":{"capa":"lote","n":636,"m2":303,"frente":"bulevar","premio":"parque","ancho":12.6,"fondo":24.1,"arboles":1},"geometry":{"type":"Polygon","coordinates":[[[-103.359041,25.564355],[-103.359165,25.564541],[-103.359272,25.564483],[-103.359149,25.564297],[-103.359041,25.564355]]]}},{"type":"Feature","properties":{"capa":"lote","n":637,"m2":369,"frente":"bulevar","premio":"parque","ancho":15.3,"fondo":24.1,"arboles":2},"geometry":{"type":"Polygon","coordinates":[[[-103.358817,25.564477],[-103.35894,25.564664],[-103.359071,25.564593],[-103.358948,25.564406],[-103.358817,25.564477]]]}},{"type":"Feature","properties":{"capa":"lote","n":638,"m2":304,"frente":"bulevar","premio":"parque","ancho":12.6,"fondo":24.1,"arboles":1},"geometry":{"type":"Polygon","coordinates":[[[-103.358709,25.564536],[-103.358832,25.564723],[-103.35894,25.564664],[-103.358817,25.564477],[-103.358709,25.564536]]]}},{"type":"Feature","properties":{"capa":"lote","n":639,"m2":304,"frente":"bulevar","premio":"parque","ancho":12.6,"fondo":24.1,"arboles":1},"geometry":{"type":"Polygon","coordinates":[[[-103.358601,25.564595],[-103.358725,25.564781],[-103.358832,25.564723],[-103.358709,25.564536],[-103.358601,25.564595]]]}},{"type":"Feature","properties":{"capa":"lote","n":640,"m2":304,"frente":"bulevar","premio":"parque","ancho":12.6,"fondo":24.1,"arboles":0},"geometry":{"type":"Polygon","coordinates":[[[-103.358493,25.564654],[-103.358617,25.56484],[-103.358725,25.564781],[-103.358601,25.564595],[-103.358493,25.564654]]]}},{"type":"Feature","properties":{"capa":"lote","n":641,"m2":304,"frente":"bulevar","premio":"parque","ancho":12.6,"fondo":24.1,"arboles":1},"geometry":{"type":"Polygon","coordinates":[[[-103.358385,25.564712],[-103.358509,25.564899],[-103.358617,25.56484],[-103.358493,25.564654],[-103.358385,25.564712]]]}},{"type":"Feature","properties":{"capa":"lote","n":642,"m2":304,"frente":"bulevar","premio":"bulevar","ancho":12.6,"fondo":24.1,"arboles":2},"geometry":{"type":"Polygon","coordinates":[[[-103.358278,25.564771],[-103.358401,25.564958],[-103.358509,25.564899],[-103.358385,25.564712],[-103.358278,25.564771]]]}},{"type":"Feature","properties":{"capa":"lote","n":643,"m2":304,"frente":"bulevar","premio":"bulevar","ancho":12.6,"fondo":24.1,"arboles":3},"geometry":{"type":"Polygon","coordinates":[[[-103.35817,25.56483],[-103.358293,25.565016],[-103.358401,25.564958],[-103.358278,25.564771],[-103.35817,25.56483]]]}},{"type":"Feature","properties":{"capa":"lote","n":644,"m2":304,"frente":"bulevar","premio":"bulevar","ancho":12.6,"fondo":24.1,"arboles":1},"geometry":{"type":"Polygon","coordinates":[[[-103.358062,25.564889],[-103.358185,25.565075],[-103.358293,25.565016],[-103.35817,25.56483],[-103.358062,25.564889]]]}},{"type":"Feature","properties":{"capa":"lote","n":645,"m2":304,"frente":"bulevar","premio":"bulevar","ancho":12.6,"fondo":24.1,"arboles":2},"geometry":{"type":"Polygon","coordinates":[[[-103.357954,25.564947],[-103.358078,25.565134],[-103.358185,25.565075],[-103.358062,25.564889],[-103.357954,25.564947]]]}},{"type":"Feature","properties":{"capa":"lote","n":646,"m2":304,"frente":"bulevar","premio":"bulevar","ancho":12.6,"fondo":24.1,"arboles":2},"geometry":{"type":"Polygon","coordinates":[[[-103.357846,25.565006],[-103.35797,25.565193],[-103.358078,25.565134],[-103.357954,25.564947],[-103.357846,25.565006]]]}},{"type":"Feature","properties":{"capa":"lote","n":647,"m2":311,"frente":"bulevar","premio":"bulevar","ancho":12.9,"fondo":24.1,"arboles":1},"geometry":{"type":"Polygon","coordinates":[[[-103.357736,25.565066],[-103.357859,25.565253],[-103.35797,25.565193],[-103.357846,25.565006],[-103.357736,25.565066]]]}},{"type":"Feature","properties":{"capa":"lote","n":648,"m2":284,"frente":"calle","premio":"parque","ancho":11.8,"fondo":24.1,"arboles":0},"geometry":{"type":"Polygon","coordinates":[[[-103.368728,25.55933],[-103.368852,25.559517],[-103.368952,25.559462],[-103.368829,25.559275],[-103.368728,25.55933]]]}},{"type":"Feature","properties":{"capa":"lote","n":649,"m2":431,"frente":"calle","premio":"parque","ancho":17.9,"fondo":24.1,"arboles":2},"geometry":{"type":"Polygon","coordinates":[[[-103.368482,25.559465],[-103.368605,25.559651],[-103.368758,25.559568],[-103.368635,25.559381],[-103.368482,25.559465]]]}},{"type":"Feature","properties":{"capa":"lote","n":650,"m2":289,"frente":"calle","premio":"parque","ancho":12.0,"fondo":24.1,"arboles":1},"geometry":{"type":"Polygon","coordinates":[[[-103.36838,25.55952],[-103.368503,25.559707],[-103.368605,25.559651],[-103.368482,25.559465],[-103.36838,25.55952]]]}},{"type":"Feature","properties":{"capa":"lote","n":651,"m2":289,"frente":"calle","premio":"parque","ancho":12.0,"fondo":24.1,"arboles":3},"geometry":{"type":"Polygon","coordinates":[[[-103.368277,25.559576],[-103.368401,25.559763],[-103.368503,25.559707],[-103.36838,25.55952],[-103.368277,25.559576]]]}},{"type":"Feature","properties":{"capa":"lote","n":652,"m2":289,"frente":"calle","premio":"parque","ancho":12.0,"fondo":24.1,"arboles":2},"geometry":{"type":"Polygon","coordinates":[[[-103.368175,25.559632],[-103.368298,25.559818],[-103.368401,25.559763],[-103.368277,25.559576],[-103.368175,25.559632]]]}},{"type":"Feature","properties":{"capa":"lote","n":653,"m2":289,"frente":"calle","premio":"parque","ancho":12.0,"fondo":24.1,"arboles":2},"geometry":{"type":"Polygon","coordinates":[[[-103.368072,25.559688],[-103.368196,25.559874],[-103.368298,25.559818],[-103.368175,25.559632],[-103.368072,25.559688]]]}},{"type":"Feature","properties":{"capa":"lote","n":654,"m2":289,"frente":"calle","premio":"","ancho":12.0,"fondo":24.1,"arboles":2},"geometry":{"type":"Polygon","coordinates":[[[-103.36797,25.559744],[-103.368093,25.55993],[-103.368196,25.559874],[-103.368072,25.559688],[-103.36797,25.559744]]]}},{"type":"Feature","properties":{"capa":"lote","n":655,"m2":289,"frente":"calle","premio":"","ancho":12.0,"fondo":24.1,"arboles":3},"geometry":{"type":"Polygon","coordinates":[[[-103.367868,25.559799],[-103.367991,25.559986],[-103.368093,25.55993],[-103.36797,25.559744],[-103.367868,25.559799]]]}},{"type":"Feature","properties":{"capa":"lote","n":656,"m2":289,"frente":"calle","premio":"","ancho":12.0,"fondo":24.1,"arboles":2},"geometry":{"type":"Polygon","coordinates":[[[-103.367765,25.559855],[-103.367889,25.560042],[-103.367991,25.559986],[-103.367868,25.559799],[-103.367765,25.559855]]]}},{"type":"Feature","properties":{"capa":"lote","n":657,"m2":289,"frente":"calle","premio":"","ancho":12.0,"fondo":24.1,"arboles":2},"geometry":{"type":"Polygon","coordinates":[[[-103.367663,25.559911],[-103.367786,25.560097],[-103.367889,25.560042],[-103.367765,25.559855],[-103.367663,25.559911]]]}},{"type":"Feature","properties":{"capa":"lote","n":658,"m2":289,"frente":"calle","premio":"","ancho":12.0,"fondo":24.1,"arboles":2},"geometry":{"type":"Polygon","coordinates":[[[-103.367561,25.559967],[-103.367684,25.560153],[-103.367786,25.560097],[-103.367663,25.559911],[-103.367561,25.559967]]]}},{"type":"Feature","properties":{"capa":"lote","n":659,"m2":289,"frente":"calle","premio":"","ancho":12.0,"fondo":24.1,"arboles":2},"geometry":{"type":"Polygon","coordinates":[[[-103.367458,25.560023],[-103.367582,25.560209],[-103.367684,25.560153],[-103.367561,25.559967],[-103.367458,25.560023]]]}},{"type":"Feature","properties":{"capa":"lote","n":660,"m2":340,"frente":"calle","premio":"","ancho":14.1,"fondo":24.1,"arboles":2},"geometry":{"type":"Polygon","coordinates":[[[-103.367338,25.560088],[-103.367461,25.560274],[-103.367582,25.560209],[-103.367458,25.560023],[-103.367338,25.560088]]]}},{"type":"Feature","properties":{"capa":"lote","n":661,"m2":272,"frente":"calle","premio":"","ancho":11.3,"fondo":24.1,"arboles":2},"geometry":{"type":"Polygon","coordinates":[[[-103.367148,25.560192],[-103.367271,25.560378],[-103.367367,25.560326],[-103.367244,25.560139],[-103.367148,25.560192]]]}},{"type":"Feature","properties":{"capa":"lote","n":662,"m2":311,"frente":"calle","premio":"","ancho":12.9,"fondo":24.1,"arboles":3},"geometry":{"type":"Polygon","coordinates":[[[-103.367037,25.560252],[-103.367161,25.560438],[-103.367271,25.560378],[-103.367148,25.560192],[-103.367037,25.560252]]]}},{"type":"Feature","properties":{"capa":"lote","n":663,"m2":311,"frente":"calle","premio":"","ancho":12.9,"fondo":24.1,"arboles":4},"geometry":{"type":"Polygon","coordinates":[[[-103.366927,25.560312],[-103.367051,25.560498],[-103.367161,25.560438],[-103.367037,25.560252],[-103.366927,25.560312]]]}},{"type":"Feature","properties":{"capa":"lote","n":664,"m2":311,"frente":"calle","premio":"","ancho":12.9,"fondo":24.1,"arboles":4},"geometry":{"type":"Polygon","coordinates":[[[-103.366817,25.560372],[-103.36694,25.560558],[-103.367051,25.560498],[-103.366927,25.560312],[-103.366817,25.560372]]]}},{"type":"Feature","properties":{"capa":"lote","n":665,"m2":311,"frente":"calle","premio":"","ancho":12.9,"fondo":24.1,"arboles":3},"geometry":{"type":"Polygon","coordinates":[[[-103.366707,25.560432],[-103.36683,25.560618],[-103.36694,25.560558],[-103.366817,25.560372],[-103.366707,25.560432]]]}},{"type":"Feature","properties":{"capa":"lote","n":666,"m2":311,"frente":"calle","premio":"","ancho":12.9,"fondo":24.1,"arboles":1},"geometry":{"type":"Polygon","coordinates":[[[-103.366596,25.560492],[-103.36672,25.560678],[-103.36683,25.560618],[-103.366707,25.560432],[-103.366596,25.560492]]]}},{"type":"Feature","properties":{"capa":"lote","n":667,"m2":311,"frente":"calle","premio":"","ancho":12.9,"fondo":24.1,"arboles":3},"geometry":{"type":"Polygon","coordinates":[[[-103.366486,25.560552],[-103.36661,25.560739],[-103.36672,25.560678],[-103.366596,25.560492],[-103.366486,25.560552]]]}},{"type":"Feature","properties":{"capa":"lote","n":668,"m2":311,"frente":"calle","premio":"","ancho":12.9,"fondo":24.1,"arboles":3},"geometry":{"type":"Polygon","coordinates":[[[-103.366376,25.560612],[-103.366499,25.560799],[-103.36661,25.560739],[-103.366486,25.560552],[-103.366376,25.560612]]]}},{"type":"Feature","properties":{"capa":"lote","n":669,"m2":311,"frente":"calle","premio":"","ancho":12.9,"fondo":24.1,"arboles":2},"geometry":{"type":"Polygon","coordinates":[[[-103.366266,25.560672],[-103.366389,25.560859],[-103.366499,25.560799],[-103.366376,25.560612],[-103.366266,25.560672]]]}},{"type":"Feature","properties":{"capa":"lote","n":670,"m2":311,"frente":"calle","premio":"","ancho":12.9,"fondo":24.1,"arboles":1},"geometry":{"type":"Polygon","coordinates":[[[-103.366156,25.560732],[-103.366279,25.560919],[-103.366389,25.560859],[-103.366266,25.560672],[-103.366156,25.560732]]]}},{"type":"Feature","properties":{"capa":"lote","n":671,"m2":311,"frente":"calle","premio":"","ancho":12.9,"fondo":24.1,"arboles":3},"geometry":{"type":"Polygon","coordinates":[[[-103.366045,25.560792],[-103.366169,25.560979],[-103.366279,25.560919],[-103.366156,25.560732],[-103.366045,25.560792]]]}},{"type":"Feature","properties":{"capa":"lote","n":672,"m2":349,"frente":"calle","premio":"","ancho":14.5,"fondo":24.1,"arboles":2},"geometry":{"type":"Polygon","coordinates":[[[-103.365922,25.56086],[-103.366045,25.561046],[-103.366169,25.560979],[-103.366045,25.560792],[-103.365922,25.56086]]]}},{"type":"Feature","properties":{"capa":"lote","n":673,"m2":350,"frente":"calle","premio":"","ancho":14.5,"fondo":24.1,"arboles":4},"geometry":{"type":"Polygon","coordinates":[[[-103.365704,25.560979],[-103.365827,25.561165],[-103.365951,25.561097],[-103.365828,25.560911],[-103.365704,25.560979]]]}},{"type":"Feature","properties":{"capa":"lote","n":674,"m2":325,"frente":"calle","premio":"","ancho":13.5,"fondo":24.1,"arboles":3},"geometry":{"type":"Polygon","coordinates":[[[-103.365589,25.561041],[-103.365712,25.561228],[-103.365827,25.561165],[-103.365704,25.560979],[-103.365589,25.561041]]]}},{"type":"Feature","properties":{"capa":"lote","n":675,"m2":325,"frente":"calle","premio":"","ancho":13.5,"fondo":24.1,"arboles":2},"geometry":{"type":"Polygon","coordinates":[[[-103.365474,25.561104],[-103.365597,25.56129],[-103.365712,25.561228],[-103.365589,25.561041],[-103.365474,25.561104]]]}},{"type":"Feature","properties":{"capa":"lote","n":676,"m2":325,"frente":"calle","premio":"","ancho":13.5,"fondo":24.1,"arboles":2},"geometry":{"type":"Polygon","coordinates":[[[-103.365359,25.561167],[-103.365482,25.561353],[-103.365597,25.56129],[-103.365474,25.561104],[-103.365359,25.561167]]]}},{"type":"Feature","properties":{"capa":"lote","n":677,"m2":325,"frente":"calle","premio":"","ancho":13.5,"fondo":24.1,"arboles":1},"geometry":{"type":"Polygon","coordinates":[[[-103.365244,25.561229],[-103.365367,25.561416],[-103.365482,25.561353],[-103.365359,25.561167],[-103.365244,25.561229]]]}},{"type":"Feature","properties":{"capa":"lote","n":678,"m2":325,"frente":"calle","premio":"","ancho":13.5,"fondo":24.1,"arboles":2},"geometry":{"type":"Polygon","coordinates":[[[-103.365129,25.561292],[-103.365252,25.561478],[-103.365367,25.561416],[-103.365244,25.561229],[-103.365129,25.561292]]]}},{"type":"Feature","properties":{"capa":"lote","n":679,"m2":325,"frente":"calle","premio":"","ancho":13.5,"fondo":24.1,"arboles":3},"geometry":{"type":"Polygon","coordinates":[[[-103.365014,25.561355],[-103.365137,25.561541],[-103.365252,25.561478],[-103.365129,25.561292],[-103.365014,25.561355]]]}},{"type":"Feature","properties":{"capa":"lote","n":680,"m2":325,"frente":"calle","premio":"","ancho":13.5,"fondo":24.1,"arboles":2},"geometry":{"type":"Polygon","coordinates":[[[-103.364899,25.561417],[-103.365022,25.561604],[-103.365137,25.561541],[-103.365014,25.561355],[-103.364899,25.561417]]]}},{"type":"Feature","properties":{"capa":"lote","n":681,"m2":325,"frente":"calle","premio":"","ancho":13.5,"fondo":24.1,"arboles":3},"geometry":{"type":"Polygon","coordinates":[[[-103.364784,25.56148],[-103.364907,25.561666],[-103.365022,25.561604],[-103.364899,25.561417],[-103.364784,25.56148]]]}},{"type":"Feature","properties":{"capa":"lote","n":682,"m2":325,"frente":"calle","premio":"","ancho":13.5,"fondo":24.1,"arboles":2},"geometry":{"type":"Polygon","coordinates":[[[-103.364669,25.561543],[-103.364792,25.561729],[-103.364907,25.561666],[-103.364784,25.56148],[-103.364669,25.561543]]]}},{"type":"Feature","properties":{"capa":"lote","n":683,"m2":268,"frente":"calle","premio":"","ancho":11.1,"fondo":24.1,"arboles":3},"geometry":{"type":"Polygon","coordinates":[[[-103.364574,25.561594],[-103.364697,25.561781],[-103.364792,25.561729],[-103.364669,25.561543],[-103.364574,25.561594]]]}},{"type":"Feature","properties":{"capa":"lote","n":684,"m2":267,"frente":"calle","premio":"","ancho":11.1,"fondo":24.1,"arboles":1},"geometry":{"type":"Polygon","coordinates":[[[-103.364385,25.561697],[-103.364509,25.561883],[-103.364603,25.561832],[-103.36448,25.561645],[-103.364385,25.561697]]]}},{"type":"Feature","properties":{"capa":"lote","n":685,"m2":306,"frente":"calle","premio":"","ancho":12.7,"fondo":24.1,"arboles":2},"geometry":{"type":"Polygon","coordinates":[[[-103.364277,25.561756],[-103.3644,25.561942],[-103.364509,25.561883],[-103.364385,25.561697],[-103.364277,25.561756]]]}},{"type":"Feature","properties":{"capa":"lote","n":686,"m2":306,"frente":"calle","premio":"","ancho":12.7,"fondo":24.1,"arboles":1},"geometry":{"type":"Polygon","coordinates":[[[-103.364168,25.561815],[-103.364292,25.562002],[-103.3644,25.561942],[-103.364277,25.561756],[-103.364168,25.561815]]]}},{"type":"Feature","properties":{"capa":"lote","n":687,"m2":306,"frente":"calle","premio":"","ancho":12.7,"fondo":24.1,"arboles":2},"geometry":{"type":"Polygon","coordinates":[[[-103.36406,25.561874],[-103.364183,25.562061],[-103.364292,25.562002],[-103.364168,25.561815],[-103.36406,25.561874]]]}},{"type":"Feature","properties":{"capa":"lote","n":688,"m2":306,"frente":"calle","premio":"","ancho":12.7,"fondo":24.1,"arboles":3},"geometry":{"type":"Polygon","coordinates":[[[-103.363951,25.561934],[-103.364075,25.56212],[-103.364183,25.562061],[-103.36406,25.561874],[-103.363951,25.561934]]]}},{"type":"Feature","properties":{"capa":"lote","n":689,"m2":306,"frente":"calle","premio":"","ancho":12.7,"fondo":24.1,"arboles":2},"geometry":{"type":"Polygon","coordinates":[[[-103.363843,25.561993],[-103.363966,25.562179],[-103.364075,25.56212],[-103.363951,25.561934],[-103.363843,25.561993]]]}},{"type":"Feature","properties":{"capa":"lote","n":690,"m2":306,"frente":"calle","premio":"","ancho":12.7,"fondo":24.1,"arboles":2},"geometry":{"type":"Polygon","coordinates":[[[-103.363734,25.562052],[-103.363858,25.562238],[-103.363966,25.562179],[-103.363843,25.561993],[-103.363734,25.562052]]]}},{"type":"Feature","properties":{"capa":"lote","n":691,"m2":306,"frente":"calle","premio":"","ancho":12.7,"fondo":24.1,"arboles":2},"geometry":{"type":"Polygon","coordinates":[[[-103.363626,25.562111],[-103.363749,25.562297],[-103.363858,25.562238],[-103.363734,25.562052],[-103.363626,25.562111]]]}},{"type":"Feature","properties":{"capa":"lote","n":692,"m2":306,"frente":"calle","premio":"","ancho":12.7,"fondo":24.1,"arboles":2},"geometry":{"type":"Polygon","coordinates":[[[-103.363517,25.56217],[-103.363641,25.562356],[-103.363749,25.562297],[-103.363626,25.562111],[-103.363517,25.56217]]]}},{"type":"Feature","properties":{"capa":"lote","n":693,"m2":306,"frente":"calle","premio":"","ancho":12.7,"fondo":24.1,"arboles":1},"geometry":{"type":"Polygon","coordinates":[[[-103.363409,25.562229],[-103.363532,25.562415],[-103.363641,25.562356],[-103.363517,25.56217],[-103.363409,25.562229]]]}},{"type":"Feature","properties":{"capa":"lote","n":694,"m2":306,"frente":"calle","premio":"","ancho":12.7,"fondo":24.1,"arboles":2},"geometry":{"type":"Polygon","coordinates":[[[-103.3633,25.562288],[-103.363424,25.562475],[-103.363532,25.562415],[-103.363409,25.562229],[-103.3633,25.562288]]]}},{"type":"Feature","properties":{"capa":"lote","n":695,"m2":258,"frente":"calle","premio":"","ancho":10.7,"fondo":24.1,"arboles":3},"geometry":{"type":"Polygon","coordinates":[[[-103.363209,25.562338],[-103.363332,25.562524],[-103.363424,25.562475],[-103.3633,25.562288],[-103.363209,25.562338]]]}},{"type":"Feature","properties":{"capa":"lote","n":696,"m2":382,"frente":"calle","premio":"","ancho":15.9,"fondo":24.1,"arboles":3},"geometry":{"type":"Polygon","coordinates":[[[-103.36298,25.562463],[-103.363103,25.562649],[-103.363238,25.562576],[-103.363115,25.562389],[-103.36298,25.562463]]]}},{"type":"Feature","properties":{"capa":"lote","n":697,"m2":309,"frente":"calle","premio":"","ancho":12.8,"fondo":24.1,"arboles":2},"geometry":{"type":"Polygon","coordinates":[[[-103.36287,25.562523],[-103.362994,25.562709],[-103.363103,25.562649],[-103.36298,25.562463],[-103.36287,25.562523]]]}},{"type":"Feature","properties":{"capa":"lote","n":698,"m2":309,"frente":"calle","premio":"","ancho":12.8,"fondo":24.1,"arboles":1},"geometry":{"type":"Polygon","coordinates":[[[-103.362761,25.562582],[-103.362884,25.562769],[-103.362994,25.562709],[-103.36287,25.562523],[-103.362761,25.562582]]]}},{"type":"Feature","properties":{"capa":"lote","n":699,"m2":309,"frente":"calle","premio":"","ancho":12.8,"fondo":24.1,"arboles":2},"geometry":{"type":"Polygon","coordinates":[[[-103.362651,25.562642],[-103.362775,25.562828],[-103.362884,25.562769],[-103.362761,25.562582],[-103.362651,25.562642]]]}},{"type":"Feature","properties":{"capa":"lote","n":700,"m2":309,"frente":"calle","premio":"","ancho":12.8,"fondo":24.1,"arboles":1},"geometry":{"type":"Polygon","coordinates":[[[-103.362542,25.562701],[-103.362665,25.562888],[-103.362775,25.562828],[-103.362651,25.562642],[-103.362542,25.562701]]]}},{"type":"Feature","properties":{"capa":"lote","n":701,"m2":309,"frente":"calle","premio":"","ancho":12.8,"fondo":24.1,"arboles":1},"geometry":{"type":"Polygon","coordinates":[[[-103.362433,25.562761],[-103.362556,25.562947],[-103.362665,25.562888],[-103.362542,25.562701],[-103.362433,25.562761]]]}},{"type":"Feature","properties":{"capa":"lote","n":702,"m2":309,"frente":"calle","premio":"","ancho":12.8,"fondo":24.1,"arboles":2},"geometry":{"type":"Polygon","coordinates":[[[-103.362323,25.562821],[-103.362447,25.563007],[-103.362556,25.562947],[-103.362433,25.562761],[-103.362323,25.562821]]]}},{"type":"Feature","properties":{"capa":"lote","n":703,"m2":309,"frente":"calle","premio":"","ancho":12.8,"fondo":24.1,"arboles":0},"geometry":{"type":"Polygon","coordinates":[[[-103.362214,25.56288],[-103.362337,25.563066],[-103.362447,25.563007],[-103.362323,25.562821],[-103.362214,25.56288]]]}},{"type":"Feature","properties":{"capa":"lote","n":704,"m2":309,"frente":"calle","premio":"","ancho":12.8,"fondo":24.1,"arboles":1},"geometry":{"type":"Polygon","coordinates":[[[-103.362105,25.56294],[-103.362228,25.563126],[-103.362337,25.563066],[-103.362214,25.56288],[-103.362105,25.56294]]]}},{"type":"Feature","properties":{"capa":"lote","n":705,"m2":309,"frente":"calle","premio":"","ancho":12.8,"fondo":24.1,"arboles":1},"geometry":{"type":"Polygon","coordinates":[[[-103.361995,25.562999],[-103.362119,25.563186],[-103.362228,25.563126],[-103.362105,25.56294],[-103.361995,25.562999]]]}},{"type":"Feature","properties":{"capa":"lote","n":706,"m2":259,"frente":"calle","premio":"","ancho":10.8,"fondo":24.1,"arboles":1},"geometry":{"type":"Polygon","coordinates":[[[-103.361903,25.563049],[-103.362027,25.563236],[-103.362119,25.563186],[-103.361995,25.562999],[-103.361903,25.563049]]]}},{"type":"Feature","properties":{"capa":"lote","n":707,"m2":391,"frente":"calle","premio":"","ancho":16.3,"fondo":24.1,"arboles":2},"geometry":{"type":"Polygon","coordinates":[[[-103.361671,25.563176],[-103.361794,25.563362],[-103.361933,25.563287],[-103.36181,25.5631],[-103.361671,25.563176]]]}},{"type":"Feature","properties":{"capa":"lote","n":708,"m2":306,"frente":"calle","premio":"","ancho":12.7,"fondo":24.1,"arboles":1},"geometry":{"type":"Polygon","coordinates":[[[-103.361562,25.563235],[-103.361686,25.563421],[-103.361794,25.563362],[-103.361671,25.563176],[-103.361562,25.563235]]]}},{"type":"Feature","properties":{"capa":"lote","n":709,"m2":306,"frente":"calle","premio":"","ancho":12.7,"fondo":24.1,"arboles":1},"geometry":{"type":"Polygon","coordinates":[[[-103.361454,25.563294],[-103.361577,25.563481],[-103.361686,25.563421],[-103.361562,25.563235],[-103.361454,25.563294]]]}},{"type":"Feature","properties":{"capa":"lote","n":710,"m2":306,"frente":"calle","premio":"","ancho":12.7,"fondo":24.1,"arboles":2},"geometry":{"type":"Polygon","coordinates":[[[-103.361345,25.563353],[-103.361469,25.56354],[-103.361577,25.563481],[-103.361454,25.563294],[-103.361345,25.563353]]]}},{"type":"Feature","properties":{"capa":"lote","n":711,"m2":306,"frente":"calle","premio":"","ancho":12.7,"fondo":24.1,"arboles":2},"geometry":{"type":"Polygon","coordinates":[[[-103.361237,25.563413],[-103.36136,25.563599],[-103.361469,25.56354],[-103.361345,25.563353],[-103.361237,25.563413]]]}},{"type":"Feature","properties":{"capa":"lote","n":712,"m2":306,"frente":"calle","premio":"","ancho":12.7,"fondo":24.1,"arboles":4},"geometry":{"type":"Polygon","coordinates":[[[-103.361128,25.563472],[-103.361252,25.563658],[-103.36136,25.563599],[-103.361237,25.563413],[-103.361128,25.563472]]]}},{"type":"Feature","properties":{"capa":"lote","n":713,"m2":306,"frente":"calle","premio":"","ancho":12.7,"fondo":24.1,"arboles":2},"geometry":{"type":"Polygon","coordinates":[[[-103.36102,25.563531],[-103.361143,25.563717],[-103.361252,25.563658],[-103.361128,25.563472],[-103.36102,25.563531]]]}},{"type":"Feature","properties":{"capa":"lote","n":714,"m2":306,"frente":"calle","premio":"","ancho":12.7,"fondo":24.1,"arboles":0},"geometry":{"type":"Polygon","coordinates":[[[-103.360911,25.56359],[-103.361035,25.563776],[-103.361143,25.563717],[-103.36102,25.563531],[-103.360911,25.56359]]]}},{"type":"Feature","properties":{"capa":"lote","n":715,"m2":306,"frente":"calle","premio":"","ancho":12.7,"fondo":24.1,"arboles":0},"geometry":{"type":"Polygon","coordinates":[[[-103.360803,25.563649],[-103.360926,25.563835],[-103.361035,25.563776],[-103.360911,25.56359],[-103.360803,25.563649]]]}},{"type":"Feature","properties":{"capa":"lote","n":716,"m2":306,"frente":"calle","premio":"","ancho":12.7,"fondo":24.1,"arboles":0},"geometry":{"type":"Polygon","coordinates":[[[-103.360694,25.563708],[-103.360818,25.563895],[-103.360926,25.563835],[-103.360803,25.563649],[-103.360694,25.563708]]]}},{"type":"Feature","properties":{"capa":"lote","n":717,"m2":295,"frente":"calle","premio":"parque","ancho":12.3,"fondo":24.1,"arboles":0},"geometry":{"type":"Polygon","coordinates":[[[-103.36059,25.563765],[-103.360713,25.563952],[-103.360818,25.563895],[-103.360694,25.563708],[-103.36059,25.563765]]]}},{"type":"Feature","properties":{"capa":"lote","n":718,"m2":293,"frente":"calle","premio":"parque","ancho":12.2,"fondo":24.1,"arboles":2},"geometry":{"type":"Polygon","coordinates":[[[-103.360016,25.564077],[-103.36014,25.564264],[-103.360244,25.564207],[-103.36012,25.564021],[-103.360016,25.564077]]]}},{"type":"Feature","properties":{"capa":"lote","n":719,"m2":293,"frente":"calle","premio":"parque","ancho":12.2,"fondo":24.1,"arboles":3},"geometry":{"type":"Polygon","coordinates":[[[-103.359913,25.564134],[-103.360036,25.56432],[-103.36014,25.564264],[-103.360016,25.564077],[-103.359913,25.564134]]]}},{"type":"Feature","properties":{"capa":"lote","n":720,"m2":293,"frente":"calle","premio":"","ancho":12.2,"fondo":24.1,"arboles":2},"geometry":{"type":"Polygon","coordinates":[[[-103.359809,25.564191],[-103.359932,25.564377],[-103.360036,25.56432],[-103.359913,25.564134],[-103.359809,25.564191]]]}},{"type":"Feature","properties":{"capa":"lote","n":721,"m2":293,"frente":"calle","premio":"","ancho":12.2,"fondo":24.1,"arboles":1},"geometry":{"type":"Polygon","coordinates":[[[-103.359705,25.564247],[-103.359828,25.564434],[-103.359932,25.564377],[-103.359809,25.564191],[-103.359705,25.564247]]]}},{"type":"Feature","properties":{"capa":"lote","n":722,"m2":293,"frente":"calle","premio":"","ancho":12.2,"fondo":24.1,"arboles":1},"geometry":{"type":"Polygon","coordinates":[[[-103.359601,25.564304],[-103.359724,25.56449],[-103.359828,25.564434],[-103.359705,25.564247],[-103.359601,25.564304]]]}},{"type":"Feature","properties":{"capa":"lote","n":723,"m2":293,"frente":"calle","premio":"","ancho":12.2,"fondo":24.1,"arboles":0},"geometry":{"type":"Polygon","coordinates":[[[-103.359497,25.564361],[-103.35962,25.564547],[-103.359724,25.56449],[-103.359601,25.564304],[-103.359497,25.564361]]]}},{"type":"Feature","properties":{"capa":"lote","n":724,"m2":293,"frente":"calle","premio":"","ancho":12.2,"fondo":24.1,"arboles":1},"geometry":{"type":"Polygon","coordinates":[[[-103.359393,25.564417],[-103.359516,25.564603],[-103.35962,25.564547],[-103.359497,25.564361],[-103.359393,25.564417]]]}},{"type":"Feature","properties":{"capa":"lote","n":725,"m2":293,"frente":"calle","premio":"","ancho":12.2,"fondo":24.1,"arboles":1},"geometry":{"type":"Polygon","coordinates":[[[-103.359289,25.564474],[-103.359412,25.56466],[-103.359516,25.564603],[-103.359393,25.564417],[-103.359289,25.564474]]]}},{"type":"Feature","properties":{"capa":"lote","n":726,"m2":351,"frente":"calle","premio":"parque","ancho":14.6,"fondo":24.1,"arboles":0},"geometry":{"type":"Polygon","coordinates":[[[-103.359165,25.564541],[-103.359288,25.564728],[-103.359412,25.56466],[-103.359289,25.564474],[-103.359165,25.564541]]]}},{"type":"Feature","properties":{"capa":"lote","n":727,"m2":306,"frente":"calle","premio":"parque","ancho":12.7,"fondo":24.1,"arboles":3},"geometry":{"type":"Polygon","coordinates":[[[-103.358612,25.564842],[-103.358736,25.565029],[-103.358844,25.56497],[-103.358721,25.564783],[-103.358612,25.564842]]]}},{"type":"Feature","properties":{"capa":"lote","n":728,"m2":306,"frente":"calle","premio":"parque","ancho":12.7,"fondo":24.1,"arboles":6},"geometry":{"type":"Polygon","coordinates":[[[-103.358504,25.564901],[-103.358627,25.565088],[-103.358736,25.565029],[-103.358612,25.564842],[-103.358504,25.564901]]]}},{"type":"Feature","properties":{"capa":"lote","n":729,"m2":306,"frente":"calle","premio":"","ancho":12.7,"fondo":24.1,"arboles":4},"geometry":{"type":"Polygon","coordinates":[[[-103.358396,25.56496],[-103.358519,25.565147],[-103.358627,25.565088],[-103.358504,25.564901],[-103.358396,25.56496]]]}},{"type":"Feature","properties":{"capa":"lote","n":730,"m2":306,"frente":"calle","premio":"","ancho":12.7,"fondo":24.1,"arboles":1},"geometry":{"type":"Polygon","coordinates":[[[-103.358287,25.565019],[-103.358411,25.565206],[-103.358519,25.565147],[-103.358396,25.56496],[-103.358287,25.565019]]]}},{"type":"Feature","properties":{"capa":"lote","n":731,"m2":306,"frente":"calle","premio":"","ancho":12.7,"fondo":24.1,"arboles":3},"geometry":{"type":"Polygon","coordinates":[[[-103.358179,25.565079],[-103.358302,25.565265],[-103.358411,25.565206],[-103.358287,25.565019],[-103.358179,25.565079]]]}},{"type":"Feature","properties":{"capa":"lote","n":732,"m2":306,"frente":"calle","premio":"","ancho":12.7,"fondo":24.1,"arboles":3},"geometry":{"type":"Polygon","coordinates":[[[-103.358071,25.565138],[-103.358194,25.565324],[-103.358302,25.565265],[-103.358179,25.565079],[-103.358071,25.565138]]]}},{"type":"Feature","properties":{"capa":"lote","n":733,"m2":306,"frente":"calle","premio":"","ancho":12.7,"fondo":24.1,"arboles":2},"geometry":{"type":"Polygon","coordinates":[[[-103.357962,25.565197],[-103.358086,25.565383],[-103.358194,25.565324],[-103.358071,25.565138],[-103.357962,25.565197]]]}},{"type":"Feature","properties":{"capa":"lote","n":734,"m2":290,"frente":"calle","premio":"","ancho":12.1,"fondo":24.1,"arboles":0},"geometry":{"type":"Polygon","coordinates":[[[-103.357859,25.565253],[-103.357983,25.565439],[-103.358086,25.565383],[-103.357962,25.565197],[-103.357859,25.565253]]]}},{"type":"Feature","properties":{"capa":"lote","n":735,"m2":270,"frente":"calle","premio":"","ancho":11.3,"fondo":24.1,"arboles":2},"geometry":{"type":"Polygon","coordinates":[[[-103.357685,25.56538],[-103.357681,25.56535],[-103.357766,25.565304],[-103.357889,25.56549],[-103.357793,25.565543],[-103.357685,25.56538]]]}},{"type":"Feature","properties":{"capa":"lote","n":736,"m2":410,"frente":"calle","premio":"","ancho":15.6,"fondo":26.3,"arboles":2},"geometry":{"type":"Polygon","coordinates":[[[-103.368681,25.559725],[-103.368816,25.559929],[-103.368949,25.559856],[-103.368814,25.559653],[-103.368681,25.559725]]]}},{"type":"Feature","properties":{"capa":"lote","n":737,"m2":324,"frente":"calle","premio":"","ancho":12.3,"fondo":26.3,"arboles":1},"geometry":{"type":"Polygon","coordinates":[[[-103.368576,25.559783],[-103.368711,25.559986],[-103.368816,25.559929],[-103.368681,25.559725],[-103.368576,25.559783]]]}},{"type":"Feature","properties":{"capa":"lote","n":738,"m2":324,"frente":"calle","premio":"","ancho":12.3,"fondo":26.3,"arboles":5},"geometry":{"type":"Polygon","coordinates":[[[-103.368471,25.55984],[-103.368606,25.560043],[-103.368711,25.559986],[-103.368576,25.559783],[-103.368471,25.55984]]]}},{"type":"Feature","properties":{"capa":"lote","n":739,"m2":324,"frente":"calle","premio":"","ancho":12.3,"fondo":26.3,"arboles":3},"geometry":{"type":"Polygon","coordinates":[[[-103.368366,25.559897],[-103.368501,25.560101],[-103.368606,25.560043],[-103.368471,25.55984],[-103.368366,25.559897]]]}},{"type":"Feature","properties":{"capa":"lote","n":740,"m2":324,"frente":"calle","premio":"","ancho":12.3,"fondo":26.3,"arboles":5},"geometry":{"type":"Polygon","coordinates":[[[-103.368261,25.559954],[-103.368396,25.560158],[-103.368501,25.560101],[-103.368366,25.559897],[-103.368261,25.559954]]]}},{"type":"Feature","properties":{"capa":"lote","n":741,"m2":324,"frente":"calle","premio":"","ancho":12.3,"fondo":26.3,"arboles":4},"geometry":{"type":"Polygon","coordinates":[[[-103.368156,25.560012],[-103.368291,25.560215],[-103.368396,25.560158],[-103.368261,25.559954],[-103.368156,25.560012]]]}},{"type":"Feature","properties":{"capa":"lote","n":742,"m2":324,"frente":"calle","premio":"","ancho":12.3,"fondo":26.3,"arboles":2},"geometry":{"type":"Polygon","coordinates":[[[-103.368051,25.560069],[-103.368186,25.560273],[-103.368291,25.560215],[-103.368156,25.560012],[-103.368051,25.560069]]]}},{"type":"Feature","properties":{"capa":"lote","n":743,"m2":324,"frente":"calle","premio":"","ancho":12.3,"fondo":26.3,"arboles":4},"geometry":{"type":"Polygon","coordinates":[[[-103.367946,25.560126],[-103.36808,25.56033],[-103.368186,25.560273],[-103.368051,25.560069],[-103.367946,25.560126]]]}},{"type":"Feature","properties":{"capa":"lote","n":744,"m2":324,"frente":"calle","premio":"","ancho":12.3,"fondo":26.3,"arboles":3},"geometry":{"type":"Polygon","coordinates":[[[-103.367841,25.560184],[-103.367975,25.560387],[-103.36808,25.56033],[-103.367946,25.560126],[-103.367841,25.560184]]]}},{"type":"Feature","properties":{"capa":"lote","n":745,"m2":324,"frente":"calle","premio":"","ancho":12.3,"fondo":26.3,"arboles":2},"geometry":{"type":"Polygon","coordinates":[[[-103.367735,25.560241],[-103.36787,25.560444],[-103.367975,25.560387],[-103.367841,25.560184],[-103.367735,25.560241]]]}},{"type":"Feature","properties":{"capa":"lote","n":746,"m2":324,"frente":"calle","premio":"","ancho":12.3,"fondo":26.3,"arboles":0},"geometry":{"type":"Polygon","coordinates":[[[-103.36763,25.560298],[-103.367765,25.560502],[-103.36787,25.560444],[-103.367735,25.560241],[-103.36763,25.560298]]]}},{"type":"Feature","properties":{"capa":"lote","n":747,"m2":348,"frente":"calle","premio":"","ancho":13.2,"fondo":26.3,"arboles":2},"geometry":{"type":"Polygon","coordinates":[[[-103.367518,25.56036],[-103.367652,25.560563],[-103.367765,25.560502],[-103.36763,25.560298],[-103.367518,25.56036]]]}},{"type":"Feature","properties":{"capa":"lote","n":748,"m2":303,"frente":"calle","premio":"","ancho":11.5,"fondo":26.3,"arboles":2},"geometry":{"type":"Polygon","coordinates":[[[-103.367326,25.560464],[-103.36746,25.560668],[-103.367559,25.560614],[-103.367424,25.560411],[-103.367326,25.560464]]]}},{"type":"Feature","properties":{"capa":"lote","n":749,"m2":344,"frente":"calle","premio":"","ancho":13.1,"fondo":26.3,"arboles":2},"geometry":{"type":"Polygon","coordinates":[[[-103.367214,25.560525],[-103.367349,25.560729],[-103.36746,25.560668],[-103.367326,25.560464],[-103.367214,25.560525]]]}},{"type":"Feature","properties":{"capa":"lote","n":750,"m2":344,"frente":"calle","premio":"","ancho":13.1,"fondo":26.3,"arboles":2},"geometry":{"type":"Polygon","coordinates":[[[-103.367102,25.560586],[-103.367237,25.560789],[-103.367349,25.560729],[-103.367214,25.560525],[-103.367102,25.560586]]]}},{"type":"Feature","properties":{"capa":"lote","n":751,"m2":344,"frente":"calle","premio":"","ancho":13.1,"fondo":26.3,"arboles":3},"geometry":{"type":"Polygon","coordinates":[[[-103.366991,25.560647],[-103.367126,25.56085],[-103.367237,25.560789],[-103.367102,25.560586],[-103.366991,25.560647]]]}},{"type":"Feature","properties":{"capa":"lote","n":752,"m2":344,"frente":"calle","premio":"","ancho":13.1,"fondo":26.3,"arboles":3},"geometry":{"type":"Polygon","coordinates":[[[-103.366879,25.560707],[-103.367014,25.560911],[-103.367126,25.56085],[-103.366991,25.560647],[-103.366879,25.560707]]]}},{"type":"Feature","properties":{"capa":"lote","n":753,"m2":344,"frente":"calle","premio":"","ancho":13.1,"fondo":26.3,"arboles":0},"geometry":{"type":"Polygon","coordinates":[[[-103.366768,25.560768],[-103.366902,25.560972],[-103.367014,25.560911],[-103.366879,25.560707],[-103.366768,25.560768]]]}},{"type":"Feature","properties":{"capa":"lote","n":754,"m2":344,"frente":"calle","premio":"","ancho":13.1,"fondo":26.3,"arboles":3},"geometry":{"type":"Polygon","coordinates":[[[-103.366656,25.560829],[-103.366791,25.561033],[-103.366902,25.560972],[-103.366768,25.560768],[-103.366656,25.560829]]]}},{"type":"Feature","properties":{"capa":"lote","n":755,"m2":344,"frente":"calle","premio":"","ancho":13.1,"fondo":26.3,"arboles":3},"geometry":{"type":"Polygon","coordinates":[[[-103.366544,25.56089],[-103.366679,25.561093],[-103.366791,25.561033],[-103.366656,25.560829],[-103.366544,25.56089]]]}},{"type":"Feature","properties":{"capa":"lote","n":756,"m2":344,"frente":"calle","premio":"","ancho":13.1,"fondo":26.3,"arboles":3},"geometry":{"type":"Polygon","coordinates":[[[-103.366433,25.560951],[-103.366568,25.561154],[-103.366679,25.561093],[-103.366544,25.56089],[-103.366433,25.560951]]]}},{"type":"Feature","properties":{"capa":"lote","n":757,"m2":344,"frente":"calle","premio":"","ancho":13.1,"fondo":26.3,"arboles":2},"geometry":{"type":"Polygon","coordinates":[[[-103.366321,25.561011],[-103.366456,25.561215],[-103.366568,25.561154],[-103.366433,25.560951],[-103.366321,25.561011]]]}},{"type":"Feature","properties":{"capa":"lote","n":758,"m2":344,"frente":"calle","premio":"","ancho":13.1,"fondo":26.3,"arboles":2},"geometry":{"type":"Polygon","coordinates":[[[-103.36621,25.561072],[-103.366344,25.561276],[-103.366456,25.561215],[-103.366321,25.561011],[-103.36621,25.561072]]]}},{"type":"Feature","properties":{"capa":"lote","n":759,"m2":334,"frente":"calle","premio":"","ancho":12.7,"fondo":26.3,"arboles":3},"geometry":{"type":"Polygon","coordinates":[[[-103.366101,25.561131],[-103.366236,25.561335],[-103.366344,25.561276],[-103.36621,25.561072],[-103.366101,25.561131]]]}},{"type":"Feature","properties":{"capa":"lote","n":760,"m2":357,"frente":"calle","premio":"","ancho":13.6,"fondo":26.3,"arboles":5},"geometry":{"type":"Polygon","coordinates":[[[-103.365892,25.561246],[-103.366027,25.561449],[-103.366142,25.561386],[-103.366008,25.561182],[-103.365892,25.561246]]]}},{"type":"Feature","properties":{"capa":"lote","n":761,"m2":348,"frente":"calle","premio":"","ancho":13.2,"fondo":26.3,"arboles":4},"geometry":{"type":"Polygon","coordinates":[[[-103.365779,25.561307],[-103.365914,25.561511],[-103.366027,25.561449],[-103.365892,25.561246],[-103.365779,25.561307]]]}},{"type":"Feature","properties":{"capa":"lote","n":762,"m2":348,"frente":"calle","premio":"","ancho":13.2,"fondo":26.3,"arboles":4},"geometry":{"type":"Polygon","coordinates":[[[-103.365666,25.561369],[-103.365801,25.561572],[-103.365914,25.561511],[-103.365779,25.561307],[-103.365666,25.561369]]]}},{"type":"Feature","properties":{"capa":"lote","n":763,"m2":348,"frente":"calle","premio":"","ancho":13.2,"fondo":26.3,"arboles":4},"geometry":{"type":"Polygon","coordinates":[[[-103.365553,25.56143],[-103.365688,25.561634],[-103.365801,25.561572],[-103.365666,25.561369],[-103.365553,25.56143]]]}},{"type":"Feature","properties":{"capa":"lote","n":764,"m2":348,"frente":"calle","premio":"","ancho":13.2,"fondo":26.3,"arboles":1},"geometry":{"type":"Polygon","coordinates":[[[-103.36544,25.561492],[-103.365575,25.561695],[-103.365688,25.561634],[-103.365553,25.56143],[-103.36544,25.561492]]]}},{"type":"Feature","properties":{"capa":"lote","n":765,"m2":348,"frente":"calle","premio":"","ancho":13.2,"fondo":26.3,"arboles":0},"geometry":{"type":"Polygon","coordinates":[[[-103.365327,25.561553],[-103.365462,25.561757],[-103.365575,25.561695],[-103.36544,25.561492],[-103.365327,25.561553]]]}},{"type":"Feature","properties":{"capa":"lote","n":766,"m2":348,"frente":"calle","premio":"","ancho":13.2,"fondo":26.3,"arboles":1},"geometry":{"type":"Polygon","coordinates":[[[-103.365214,25.561615],[-103.365349,25.561818],[-103.365462,25.561757],[-103.365327,25.561553],[-103.365214,25.561615]]]}},{"type":"Feature","properties":{"capa":"lote","n":767,"m2":348,"frente":"calle","premio":"","ancho":13.2,"fondo":26.3,"arboles":1},"geometry":{"type":"Polygon","coordinates":[[[-103.365101,25.561676],[-103.365236,25.56188],[-103.365349,25.561818],[-103.365214,25.561615],[-103.365101,25.561676]]]}},{"type":"Feature","properties":{"capa":"lote","n":768,"m2":348,"frente":"calle","premio":"","ancho":13.2,"fondo":26.3,"arboles":0},"geometry":{"type":"Polygon","coordinates":[[[-103.364988,25.561738],[-103.365123,25.561941],[-103.365236,25.56188],[-103.365101,25.561676],[-103.364988,25.561738]]]}},{"type":"Feature","properties":{"capa":"lote","n":769,"m2":348,"frente":"calle","premio":"","ancho":13.2,"fondo":26.3,"arboles":1},"geometry":{"type":"Polygon","coordinates":[[[-103.364875,25.561799],[-103.36501,25.562003],[-103.365123,25.561941],[-103.364988,25.561738],[-103.364875,25.561799]]]}},{"type":"Feature","properties":{"capa":"lote","n":770,"m2":375,"frente":"calle","premio":"","ancho":14.3,"fondo":26.3,"arboles":0},"geometry":{"type":"Polygon","coordinates":[[[-103.364754,25.561866],[-103.364888,25.562069],[-103.36501,25.562003],[-103.364875,25.561799],[-103.364754,25.561866]]]}},{"type":"Feature","properties":{"capa":"lote","n":771,"m2":299,"frente":"calle","premio":"","ancho":11.4,"fondo":26.3,"arboles":1},"geometry":{"type":"Polygon","coordinates":[[[-103.364563,25.56197],[-103.364697,25.562173],[-103.364794,25.56212],[-103.36466,25.561917],[-103.364563,25.56197]]]}},{"type":"Feature","properties":{"capa":"lote","n":772,"m2":335,"frente":"calle","premio":"","ancho":12.7,"fondo":26.3,"arboles":1},"geometry":{"type":"Polygon","coordinates":[[[-103.364454,25.562029],[-103.364589,25.562233],[-103.364697,25.562173],[-103.364563,25.56197],[-103.364454,25.562029]]]}},{"type":"Feature","properties":{"capa":"lote","n":773,"m2":335,"frente":"calle","premio":"","ancho":12.7,"fondo":26.3,"arboles":1},"geometry":{"type":"Polygon","coordinates":[[[-103.364345,25.562088],[-103.36448,25.562292],[-103.364589,25.562233],[-103.364454,25.562029],[-103.364345,25.562088]]]}},{"type":"Feature","properties":{"capa":"lote","n":774,"m2":335,"frente":"calle","premio":"","ancho":12.7,"fondo":26.3,"arboles":2},"geometry":{"type":"Polygon","coordinates":[[[-103.364237,25.562147],[-103.364371,25.562351],[-103.36448,25.562292],[-103.364345,25.562088],[-103.364237,25.562147]]]}},{"type":"Feature","properties":{"capa":"lote","n":775,"m2":335,"frente":"calle","premio":"parque","ancho":12.7,"fondo":26.3,"arboles":2},"geometry":{"type":"Polygon","coordinates":[[[-103.364128,25.562207],[-103.364263,25.56241],[-103.364371,25.562351],[-103.364237,25.562147],[-103.364128,25.562207]]]}},{"type":"Feature","properties":{"capa":"lote","n":776,"m2":335,"frente":"calle","premio":"parque","ancho":12.7,"fondo":26.3,"arboles":2},"geometry":{"type":"Polygon","coordinates":[[[-103.364019,25.562266],[-103.364154,25.562469],[-103.364263,25.56241],[-103.364128,25.562207],[-103.364019,25.562266]]]}},{"type":"Feature","properties":{"capa":"lote","n":777,"m2":335,"frente":"calle","premio":"parque","ancho":12.7,"fondo":26.3,"arboles":2},"geometry":{"type":"Polygon","coordinates":[[[-103.363911,25.562325],[-103.364045,25.562529],[-103.364154,25.562469],[-103.364019,25.562266],[-103.363911,25.562325]]]}},{"type":"Feature","properties":{"capa":"lote","n":778,"m2":335,"frente":"calle","premio":"parque","ancho":12.7,"fondo":26.3,"arboles":1},"geometry":{"type":"Polygon","coordinates":[[[-103.363802,25.562384],[-103.363937,25.562588],[-103.364045,25.562529],[-103.363911,25.562325],[-103.363802,25.562384]]]}},{"type":"Feature","properties":{"capa":"lote","n":779,"m2":335,"frente":"calle","premio":"parque","ancho":12.7,"fondo":26.3,"arboles":2},"geometry":{"type":"Polygon","coordinates":[[[-103.363693,25.562444],[-103.363828,25.562647],[-103.363937,25.562588],[-103.363802,25.562384],[-103.363693,25.562444]]]}},{"type":"Feature","properties":{"capa":"lote","n":780,"m2":335,"frente":"calle","premio":"parque","ancho":12.7,"fondo":26.3,"arboles":3},"geometry":{"type":"Polygon","coordinates":[[[-103.363584,25.562503],[-103.363719,25.562706],[-103.363828,25.562647],[-103.363693,25.562444],[-103.363584,25.562503]]]}},{"type":"Feature","properties":{"capa":"lote","n":781,"m2":335,"frente":"calle","premio":"parque","ancho":12.7,"fondo":26.3,"arboles":2},"geometry":{"type":"Polygon","coordinates":[[[-103.363476,25.562562],[-103.363611,25.562766],[-103.363719,25.562706],[-103.363584,25.562503],[-103.363476,25.562562]]]}},{"type":"Feature","properties":{"capa":"lote","n":782,"m2":269,"frente":"calle","premio":"parque","ancho":10.2,"fondo":26.3,"arboles":3},"geometry":{"type":"Polygon","coordinates":[[[-103.363389,25.56261],[-103.363523,25.562813],[-103.363611,25.562766],[-103.363476,25.562562],[-103.363389,25.56261]]]}},{"type":"Feature","properties":{"capa":"lote","n":783,"m2":436,"frente":"calle","premio":"","ancho":16.6,"fondo":26.3,"arboles":4},"geometry":{"type":"Polygon","coordinates":[[[-103.363153,25.562738],[-103.363288,25.562941],[-103.363429,25.562864],[-103.363295,25.562661],[-103.363153,25.562738]]]}},{"type":"Feature","properties":{"capa":"lote","n":784,"m2":333,"frente":"calle","premio":"","ancho":12.7,"fondo":26.3,"arboles":1},"geometry":{"type":"Polygon","coordinates":[[[-103.363045,25.562797],[-103.36318,25.563],[-103.363288,25.562941],[-103.363153,25.562738],[-103.363045,25.562797]]]}},{"type":"Feature","properties":{"capa":"lote","n":785,"m2":333,"frente":"calle","premio":"","ancho":12.7,"fondo":26.3,"arboles":2},"geometry":{"type":"Polygon","coordinates":[[[-103.362937,25.562856],[-103.363072,25.563059],[-103.36318,25.563],[-103.363045,25.562797],[-103.362937,25.562856]]]}},{"type":"Feature","properties":{"capa":"lote","n":786,"m2":333,"frente":"calle","premio":"","ancho":12.7,"fondo":26.3,"arboles":4},"geometry":{"type":"Polygon","coordinates":[[[-103.362829,25.562915],[-103.362963,25.563118],[-103.363072,25.563059],[-103.362937,25.562856],[-103.362829,25.562915]]]}},{"type":"Feature","properties":{"capa":"lote","n":787,"m2":333,"frente":"calle","premio":"","ancho":12.7,"fondo":26.3,"arboles":1},"geometry":{"type":"Polygon","coordinates":[[[-103.36272,25.562974],[-103.362855,25.563177],[-103.362963,25.563118],[-103.362829,25.562915],[-103.36272,25.562974]]]}},{"type":"Feature","properties":{"capa":"lote","n":788,"m2":333,"frente":"calle","premio":"","ancho":12.7,"fondo":26.3,"arboles":1},"geometry":{"type":"Polygon","coordinates":[[[-103.362612,25.563033],[-103.362747,25.563236],[-103.362855,25.563177],[-103.36272,25.562974],[-103.362612,25.563033]]]}},{"type":"Feature","properties":{"capa":"lote","n":789,"m2":333,"frente":"calle","premio":"","ancho":12.7,"fondo":26.3,"arboles":3},"geometry":{"type":"Polygon","coordinates":[[[-103.362504,25.563091],[-103.362639,25.563295],[-103.362747,25.563236],[-103.362612,25.563033],[-103.362504,25.563091]]]}},{"type":"Feature","properties":{"capa":"lote","n":790,"m2":333,"frente":"calle","premio":"","ancho":12.7,"fondo":26.3,"arboles":2},"geometry":{"type":"Polygon","coordinates":[[[-103.362396,25.56315],[-103.362531,25.563354],[-103.362639,25.563295],[-103.362504,25.563091],[-103.362396,25.56315]]]}},{"type":"Feature","properties":{"capa":"lote","n":791,"m2":333,"frente":"calle","premio":"","ancho":12.7,"fondo":26.3,"arboles":2},"geometry":{"type":"Polygon","coordinates":[[[-103.362288,25.563209],[-103.362423,25.563413],[-103.362531,25.563354],[-103.362396,25.56315],[-103.362288,25.563209]]]}},{"type":"Feature","properties":{"capa":"lote","n":792,"m2":333,"frente":"calle","premio":"","ancho":12.7,"fondo":26.3,"arboles":0},"geometry":{"type":"Polygon","coordinates":[[[-103.36218,25.563268],[-103.362314,25.563472],[-103.362423,25.563413],[-103.362288,25.563209],[-103.36218,25.563268]]]}},{"type":"Feature","properties":{"capa":"lote","n":793,"m2":297,"frente":"calle","premio":"","ancho":11.3,"fondo":26.3,"arboles":0},"geometry":{"type":"Polygon","coordinates":[[[-103.362083,25.563321],[-103.362218,25.563524],[-103.362314,25.563472],[-103.36218,25.563268],[-103.362083,25.563321]]]}},{"type":"Feature","properties":{"capa":"lote","n":794,"m2":439,"frente":"calle","premio":"parque","ancho":16.7,"fondo":26.3,"arboles":1},"geometry":{"type":"Polygon","coordinates":[[[-103.361847,25.56345],[-103.361982,25.563653],[-103.362124,25.563575],[-103.361989,25.563372],[-103.361847,25.56345]]]}},{"type":"Feature","properties":{"capa":"lote","n":795,"m2":336,"frente":"calle","premio":"parque","ancho":12.8,"fondo":26.3,"arboles":2},"geometry":{"type":"Polygon","coordinates":[[[-103.361738,25.563509],[-103.361873,25.563712],[-103.361982,25.563653],[-103.361847,25.56345],[-103.361738,25.563509]]]}},{"type":"Feature","properties":{"capa":"lote","n":796,"m2":336,"frente":"calle","premio":"parque","ancho":12.8,"fondo":26.3,"arboles":1},"geometry":{"type":"Polygon","coordinates":[[[-103.361629,25.563568],[-103.361764,25.563772],[-103.361873,25.563712],[-103.361738,25.563509],[-103.361629,25.563568]]]}},{"type":"Feature","properties":{"capa":"lote","n":797,"m2":336,"frente":"calle","premio":"parque","ancho":12.8,"fondo":26.3,"arboles":0},"geometry":{"type":"Polygon","coordinates":[[[-103.36152,25.563627],[-103.361655,25.563831],[-103.361764,25.563772],[-103.361629,25.563568],[-103.36152,25.563627]]]}},{"type":"Feature","properties":{"capa":"lote","n":798,"m2":336,"frente":"calle","premio":"parque","ancho":12.8,"fondo":26.3,"arboles":1},"geometry":{"type":"Polygon","coordinates":[[[-103.361411,25.563687],[-103.361546,25.56389],[-103.361655,25.563831],[-103.36152,25.563627],[-103.361411,25.563687]]]}},{"type":"Feature","properties":{"capa":"lote","n":799,"m2":336,"frente":"calle","premio":"parque","ancho":12.8,"fondo":26.3,"arboles":1},"geometry":{"type":"Polygon","coordinates":[[[-103.361303,25.563746],[-103.361437,25.56395],[-103.361546,25.56389],[-103.361411,25.563687],[-103.361303,25.563746]]]}},{"type":"Feature","properties":{"capa":"lote","n":800,"m2":336,"frente":"calle","premio":"parque","ancho":12.8,"fondo":26.3,"arboles":1},"geometry":{"type":"Polygon","coordinates":[[[-103.361194,25.563805],[-103.361328,25.564009],[-103.361437,25.56395],[-103.361303,25.563746],[-103.361194,25.563805]]]}},{"type":"Feature","properties":{"capa":"lote","n":801,"m2":336,"frente":"calle","premio":"","ancho":12.8,"fondo":26.3,"arboles":2},"geometry":{"type":"Polygon","coordinates":[[[-103.361085,25.563865],[-103.36122,25.564068],[-103.361328,25.564009],[-103.361194,25.563805],[-103.361085,25.563865]]]}},{"type":"Feature","properties":{"capa":"lote","n":802,"m2":336,"frente":"calle","premio":"","ancho":12.8,"fondo":26.3,"arboles":2},"geometry":{"type":"Polygon","coordinates":[[[-103.360976,25.563924],[-103.361111,25.564128],[-103.36122,25.564068],[-103.361085,25.563865],[-103.360976,25.563924]]]}},{"type":"Feature","properties":{"capa":"lote","n":803,"m2":336,"frente":"calle","premio":"","ancho":12.8,"fondo":26.3,"arboles":0},"geometry":{"type":"Polygon","coordinates":[[[-103.360867,25.563983],[-103.361002,25.564187],[-103.361111,25.564128],[-103.360976,25.563924],[-103.360867,25.563983]]]}},{"type":"Feature","properties":{"capa":"lote","n":804,"m2":301,"frente":"calle","premio":"parque","ancho":11.5,"fondo":26.3,"arboles":2},"geometry":{"type":"Polygon","coordinates":[[[-103.360769,25.564037],[-103.360904,25.56424],[-103.361002,25.564187],[-103.360867,25.563983],[-103.360769,25.564037]]]}},{"type":"Feature","properties":{"capa":"lote","n":805,"m2":474,"frente":"calle","premio":"parque","ancho":18.0,"fondo":26.3,"arboles":2},"geometry":{"type":"Polygon","coordinates":[[[-103.360522,25.564172],[-103.360657,25.564375],[-103.36081,25.564291],[-103.360675,25.564088],[-103.360522,25.564172]]]}},{"type":"Feature","properties":{"capa":"lote","n":806,"m2":326,"frente":"calle","premio":"parque","ancho":12.4,"fondo":26.3,"arboles":1},"geometry":{"type":"Polygon","coordinates":[[[-103.360416,25.564229],[-103.360551,25.564433],[-103.360657,25.564375],[-103.360522,25.564172],[-103.360416,25.564229]]]}},{"type":"Feature","properties":{"capa":"lote","n":807,"m2":326,"frente":"calle","premio":"parque","ancho":12.4,"fondo":26.3,"arboles":1},"geometry":{"type":"Polygon","coordinates":[[[-103.36031,25.564287],[-103.360445,25.56449],[-103.360551,25.564433],[-103.360416,25.564229],[-103.36031,25.564287]]]}},{"type":"Feature","properties":{"capa":"lote","n":808,"m2":326,"frente":"calle","premio":"parque","ancho":12.4,"fondo":26.3,"arboles":2},"geometry":{"type":"Polygon","coordinates":[[[-103.360205,25.564344],[-103.36034,25.564548],[-103.360445,25.56449],[-103.36031,25.564287],[-103.360205,25.564344]]]}},{"type":"Feature","properties":{"capa":"lote","n":809,"m2":326,"frente":"calle","premio":"parque","ancho":12.4,"fondo":26.3,"arboles":4},"geometry":{"type":"Polygon","coordinates":[[[-103.360099,25.564402],[-103.360234,25.564605],[-103.36034,25.564548],[-103.360205,25.564344],[-103.360099,25.564402]]]}},{"type":"Feature","properties":{"capa":"lote","n":810,"m2":326,"frente":"calle","premio":"","ancho":12.4,"fondo":26.3,"arboles":5},"geometry":{"type":"Polygon","coordinates":[[[-103.359994,25.564459],[-103.360128,25.564663],[-103.360234,25.564605],[-103.360099,25.564402],[-103.359994,25.564459]]]}},{"type":"Feature","properties":{"capa":"lote","n":811,"m2":326,"frente":"calle","premio":"","ancho":12.4,"fondo":26.3,"arboles":3},"geometry":{"type":"Polygon","coordinates":[[[-103.359888,25.564517],[-103.360023,25.56472],[-103.360128,25.564663],[-103.359994,25.564459],[-103.359888,25.564517]]]}},{"type":"Feature","properties":{"capa":"lote","n":812,"m2":326,"frente":"calle","premio":"","ancho":12.4,"fondo":26.3,"arboles":4},"geometry":{"type":"Polygon","coordinates":[[[-103.359782,25.564574],[-103.359917,25.564778],[-103.360023,25.56472],[-103.359888,25.564517],[-103.359782,25.564574]]]}},{"type":"Feature","properties":{"capa":"lote","n":813,"m2":326,"frente":"calle","premio":"","ancho":12.4,"fondo":26.3,"arboles":1},"geometry":{"type":"Polygon","coordinates":[[[-103.359677,25.564632],[-103.359812,25.564835],[-103.359917,25.564778],[-103.359782,25.564574],[-103.359677,25.564632]]]}},{"type":"Feature","properties":{"capa":"lote","n":814,"m2":326,"frente":"calle","premio":"","ancho":12.4,"fondo":26.3,"arboles":3},"geometry":{"type":"Polygon","coordinates":[[[-103.359571,25.564689],[-103.359706,25.564893],[-103.359812,25.564835],[-103.359677,25.564632],[-103.359571,25.564689]]]}},{"type":"Feature","properties":{"capa":"lote","n":815,"m2":326,"frente":"calle","premio":"","ancho":12.4,"fondo":26.3,"arboles":3},"geometry":{"type":"Polygon","coordinates":[[[-103.359466,25.564747],[-103.3596,25.564951],[-103.359706,25.564893],[-103.359571,25.564689],[-103.359466,25.564747]]]}},{"type":"Feature","properties":{"capa":"lote","n":816,"m2":373,"frente":"calle","premio":"parque","ancho":14.2,"fondo":26.3,"arboles":3},"geometry":{"type":"Polygon","coordinates":[[[-103.359345,25.564813],[-103.359479,25.565016],[-103.3596,25.564951],[-103.359466,25.564747],[-103.359345,25.564813]]]}},{"type":"Feature","properties":{"capa":"lote","n":817,"m2":406,"frente":"calle","premio":"parque","ancho":15.4,"fondo":26.3,"arboles":1},"geometry":{"type":"Polygon","coordinates":[[[-103.359119,25.564936],[-103.359254,25.565139],[-103.359385,25.565068],[-103.359251,25.564864],[-103.359119,25.564936]]]}},{"type":"Feature","properties":{"capa":"lote","n":818,"m2":335,"frente":"calle","premio":"parque","ancho":12.7,"fondo":26.3,"arboles":2},"geometry":{"type":"Polygon","coordinates":[[[-103.35901,25.564995],[-103.359145,25.565199],[-103.359254,25.565139],[-103.359119,25.564936],[-103.35901,25.564995]]]}},{"type":"Feature","properties":{"capa":"lote","n":819,"m2":335,"frente":"calle","premio":"parque","ancho":12.7,"fondo":26.3,"arboles":1},"geometry":{"type":"Polygon","coordinates":[[[-103.358902,25.565054],[-103.359036,25.565258],[-103.359145,25.565199],[-103.35901,25.564995],[-103.358902,25.565054]]]}},{"type":"Feature","properties":{"capa":"lote","n":820,"m2":335,"frente":"calle","premio":"parque","ancho":12.7,"fondo":26.3,"arboles":1},"geometry":{"type":"Polygon","coordinates":[[[-103.358793,25.565114],[-103.358928,25.565317],[-103.359036,25.565258],[-103.358902,25.565054],[-103.358793,25.565114]]]}},{"type":"Feature","properties":{"capa":"lote","n":821,"m2":335,"frente":"calle","premio":"","ancho":12.7,"fondo":26.3,"arboles":4},"geometry":{"type":"Polygon","coordinates":[[[-103.358684,25.565173],[-103.358819,25.565376],[-103.358928,25.565317],[-103.358793,25.565114],[-103.358684,25.565173]]]}},{"type":"Feature","properties":{"capa":"lote","n":822,"m2":335,"frente":"calle","premio":"","ancho":12.7,"fondo":26.3,"arboles":2},"geometry":{"type":"Polygon","coordinates":[[[-103.358575,25.565232],[-103.35871,25.565435],[-103.358819,25.565376],[-103.358684,25.565173],[-103.358575,25.565232]]]}},{"type":"Feature","properties":{"capa":"lote","n":823,"m2":335,"frente":"calle","premio":"","ancho":12.7,"fondo":26.3,"arboles":3},"geometry":{"type":"Polygon","coordinates":[[[-103.358467,25.565291],[-103.358602,25.565495],[-103.35871,25.565435],[-103.358575,25.565232],[-103.358467,25.565291]]]}},{"type":"Feature","properties":{"capa":"lote","n":824,"m2":335,"frente":"calle","premio":"","ancho":12.7,"fondo":26.3,"arboles":3},"geometry":{"type":"Polygon","coordinates":[[[-103.358358,25.56535],[-103.358493,25.565554],[-103.358602,25.565495],[-103.358467,25.565291],[-103.358358,25.56535]]]}},{"type":"Feature","properties":{"capa":"lote","n":825,"m2":335,"frente":"calle","premio":"","ancho":12.7,"fondo":26.3,"arboles":1},"geometry":{"type":"Polygon","coordinates":[[[-103.358249,25.56541],[-103.358384,25.565613],[-103.358493,25.565554],[-103.358358,25.56535],[-103.358249,25.56541]]]}},{"type":"Feature","properties":{"capa":"lote","n":826,"m2":335,"frente":"calle","premio":"","ancho":12.7,"fondo":26.3,"arboles":2},"geometry":{"type":"Polygon","coordinates":[[[-103.358141,25.565469],[-103.358275,25.565672],[-103.358384,25.565613],[-103.358249,25.56541],[-103.358141,25.565469]]]}},{"type":"Feature","properties":{"capa":"lote","n":827,"m2":313,"frente":"calle","premio":"","ancho":11.9,"fondo":26.3,"arboles":3},"geometry":{"type":"Polygon","coordinates":[[[-103.358039,25.565524],[-103.358174,25.565728],[-103.358275,25.565672],[-103.358141,25.565469],[-103.358039,25.565524]]]}},{"type":"Feature","properties":{"capa":"lote","n":828,"m2":297,"frente":"calle","premio":"","ancho":11.3,"fondo":26.3,"arboles":0},"geometry":{"type":"Polygon","coordinates":[[[-103.357849,25.565628],[-103.357984,25.565831],[-103.35808,25.565779],[-103.357945,25.565575],[-103.357849,25.565628]]]}},{"type":"Feature","properties":{"capa":"lote","n":829,"m2":334,"frente":"calle","premio":"","ancho":12.7,"fondo":26.3,"arboles":1},"geometry":{"type":"Polygon","coordinates":[[[-103.357741,25.565687],[-103.357875,25.56589],[-103.357984,25.565831],[-103.357849,25.565628],[-103.357741,25.565687]]]}},{"type":"Feature","properties":{"capa":"lote","n":830,"m2":372,"frente":"calle","premio":"","ancho":14.1,"fondo":26.3,"arboles":2},"geometry":{"type":"Polygon","coordinates":[[[-103.368829,25.559922],[-103.368963,25.560126],[-103.369084,25.56006],[-103.368949,25.559856],[-103.368829,25.559922]]]}},{"type":"Feature","properties":{"capa":"lote","n":831,"m2":331,"frente":"calle","premio":"","ancho":12.6,"fondo":26.3,"arboles":1},"geometry":{"type":"Polygon","coordinates":[[[-103.368721,25.559981],[-103.368856,25.560184],[-103.368963,25.560126],[-103.368829,25.559922],[-103.368721,25.559981]]]}},{"type":"Feature","properties":{"capa":"lote","n":832,"m2":331,"frente":"calle","premio":"","ancho":12.6,"fondo":26.3,"arboles":4},"geometry":{"type":"Polygon","coordinates":[[[-103.368614,25.560039],[-103.368748,25.560243],[-103.368856,25.560184],[-103.368721,25.559981],[-103.368614,25.560039]]]}},{"type":"Feature","properties":{"capa":"lote","n":833,"m2":331,"frente":"calle","premio":"","ancho":12.6,"fondo":26.3,"arboles":4},"geometry":{"type":"Polygon","coordinates":[[[-103.368506,25.560098],[-103.368641,25.560301],[-103.368748,25.560243],[-103.368614,25.560039],[-103.368506,25.560098]]]}},{"type":"Feature","properties":{"capa":"lote","n":834,"m2":331,"frente":"calle","premio":"","ancho":12.6,"fondo":26.3,"arboles":3},"geometry":{"type":"Polygon","coordinates":[[[-103.368399,25.560156],[-103.368533,25.56036],[-103.368641,25.560301],[-103.368506,25.560098],[-103.368399,25.560156]]]}},{"type":"Feature","properties":{"capa":"lote","n":835,"m2":331,"frente":"calle","premio":"","ancho":12.6,"fondo":26.3,"arboles":3},"geometry":{"type":"Polygon","coordinates":[[[-103.368291,25.560215],[-103.368426,25.560419],[-103.368533,25.56036],[-103.368399,25.560156],[-103.368291,25.560215]]]}},{"type":"Feature","properties":{"capa":"lote","n":836,"m2":331,"frente":"calle","premio":"","ancho":12.6,"fondo":26.3,"arboles":5},"geometry":{"type":"Polygon","coordinates":[[[-103.368184,25.560274],[-103.368318,25.560477],[-103.368426,25.560419],[-103.368291,25.560215],[-103.368184,25.560274]]]}},{"type":"Feature","properties":{"capa":"lote","n":837,"m2":331,"frente":"calle","premio":"","ancho":12.6,"fondo":26.3,"arboles":6},"geometry":{"type":"Polygon","coordinates":[[[-103.368076,25.560332],[-103.368211,25.560536],[-103.368318,25.560477],[-103.368184,25.560274],[-103.368076,25.560332]]]}},{"type":"Feature","properties":{"capa":"lote","n":838,"m2":331,"frente":"calle","premio":"","ancho":12.6,"fondo":26.3,"arboles":4},"geometry":{"type":"Polygon","coordinates":[[[-103.367969,25.560391],[-103.368103,25.560594],[-103.368211,25.560536],[-103.368076,25.560332],[-103.367969,25.560391]]]}},{"type":"Feature","properties":{"capa":"lote","n":839,"m2":331,"frente":"calle","premio":"","ancho":12.6,"fondo":26.3,"arboles":3},"geometry":{"type":"Polygon","coordinates":[[[-103.367861,25.560449],[-103.367996,25.560653],[-103.368103,25.560594],[-103.367969,25.560391],[-103.367861,25.560449]]]}},{"type":"Feature","properties":{"capa":"lote","n":840,"m2":331,"frente":"calle","premio":"","ancho":12.6,"fondo":26.3,"arboles":3},"geometry":{"type":"Polygon","coordinates":[[[-103.367754,25.560508],[-103.367888,25.560711],[-103.367996,25.560653],[-103.367861,25.560449],[-103.367754,25.560508]]]}},{"type":"Feature","properties":{"capa":"lote","n":841,"m2":312,"frente":"calle","premio":"parque","ancho":11.9,"fondo":26.3,"arboles":3},"geometry":{"type":"Polygon","coordinates":[[[-103.367652,25.560563],[-103.367787,25.560767],[-103.367888,25.560711],[-103.367754,25.560508],[-103.367652,25.560563]]]}},{"type":"Feature","properties":{"capa":"lote","n":842,"m2":335,"frente":"calle","premio":"parque","ancho":12.8,"fondo":26.3,"arboles":3},"geometry":{"type":"Polygon","coordinates":[[[-103.36745,25.560674],[-103.367585,25.560877],[-103.367693,25.560818],[-103.367559,25.560614],[-103.36745,25.560674]]]}},{"type":"Feature","properties":{"capa":"lote","n":843,"m2":340,"frente":"calle","premio":"parque","ancho":12.9,"fondo":26.3,"arboles":2},"geometry":{"type":"Polygon","coordinates":[[[-103.36734,25.560734],[-103.367474,25.560937],[-103.367585,25.560877],[-103.36745,25.560674],[-103.36734,25.560734]]]}},{"type":"Feature","properties":{"capa":"lote","n":844,"m2":340,"frente":"calle","premio":"parque","ancho":12.9,"fondo":26.3,"arboles":2},"geometry":{"type":"Polygon","coordinates":[[[-103.367229,25.560794],[-103.367364,25.560997],[-103.367474,25.560937],[-103.36734,25.560734],[-103.367229,25.560794]]]}},{"type":"Feature","properties":{"capa":"lote","n":845,"m2":340,"frente":"calle","premio":"parque","ancho":12.9,"fondo":26.3,"arboles":4},"geometry":{"type":"Polygon","coordinates":[[[-103.367119,25.560854],[-103.367254,25.561057],[-103.367364,25.560997],[-103.367229,25.560794],[-103.367119,25.560854]]]}},{"type":"Feature","properties":{"capa":"lote","n":846,"m2":340,"frente":"calle","premio":"parque","ancho":12.9,"fondo":26.3,"arboles":4},"geometry":{"type":"Polygon","coordinates":[[[-103.367009,25.560914],[-103.367144,25.561117],[-103.367254,25.561057],[-103.367119,25.560854],[-103.367009,25.560914]]]}},{"type":"Feature","properties":{"capa":"lote","n":847,"m2":340,"frente":"calle","premio":"parque","ancho":12.9,"fondo":26.3,"arboles":2},"geometry":{"type":"Polygon","coordinates":[[[-103.366899,25.560974],[-103.367033,25.561177],[-103.367144,25.561117],[-103.367009,25.560914],[-103.366899,25.560974]]]}},{"type":"Feature","properties":{"capa":"lote","n":848,"m2":340,"frente":"calle","premio":"parque","ancho":12.9,"fondo":26.3,"arboles":3},"geometry":{"type":"Polygon","coordinates":[[[-103.366788,25.561034],[-103.366923,25.561237],[-103.367033,25.561177],[-103.366899,25.560974],[-103.366788,25.561034]]]}},{"type":"Feature","properties":{"capa":"lote","n":849,"m2":340,"frente":"calle","premio":"parque","ancho":12.9,"fondo":26.3,"arboles":3},"geometry":{"type":"Polygon","coordinates":[[[-103.366678,25.561094],[-103.366813,25.561297],[-103.366923,25.561237],[-103.366788,25.561034],[-103.366678,25.561094]]]}},{"type":"Feature","properties":{"capa":"lote","n":850,"m2":340,"frente":"calle","premio":"parque","ancho":12.9,"fondo":26.3,"arboles":5},"geometry":{"type":"Polygon","coordinates":[[[-103.366568,25.561154],[-103.366703,25.561358],[-103.366813,25.561297],[-103.366678,25.561094],[-103.366568,25.561154]]]}},{"type":"Feature","properties":{"capa":"lote","n":851,"m2":340,"frente":"calle","premio":"parque","ancho":12.9,"fondo":26.3,"arboles":3},"geometry":{"type":"Polygon","coordinates":[[[-103.366458,25.561214],[-103.366593,25.561418],[-103.366703,25.561358],[-103.366568,25.561154],[-103.366458,25.561214]]]}},{"type":"Feature","properties":{"capa":"lote","n":852,"m2":340,"frente":"calle","premio":"parque","ancho":12.9,"fondo":26.3,"arboles":1},"geometry":{"type":"Polygon","coordinates":[[[-103.366348,25.561274],[-103.366482,25.561478],[-103.366593,25.561418],[-103.366458,25.561214],[-103.366348,25.561274]]]}},{"type":"Feature","properties":{"capa":"lote","n":853,"m2":343,"frente":"calle","premio":"parque","ancho":13.0,"fondo":26.3,"arboles":4},"geometry":{"type":"Polygon","coordinates":[[[-103.366236,25.561335],[-103.366371,25.561538],[-103.366482,25.561478],[-103.366348,25.561274],[-103.366236,25.561335]]]}},{"type":"Feature","properties":{"capa":"lote","n":854,"m2":339,"frente":"calle","premio":"parque","ancho":12.9,"fondo":26.3,"arboles":3},"geometry":{"type":"Polygon","coordinates":[[[-103.366033,25.561446],[-103.366167,25.561649],[-103.366277,25.561589],[-103.366142,25.561386],[-103.366033,25.561446]]]}},{"type":"Feature","properties":{"capa":"lote","n":855,"m2":343,"frente":"calle","premio":"","ancho":13.1,"fondo":26.3,"arboles":4},"geometry":{"type":"Polygon","coordinates":[[[-103.365921,25.561506],[-103.366056,25.56171],[-103.366167,25.561649],[-103.366033,25.561446],[-103.365921,25.561506]]]}},{"type":"Feature","properties":{"capa":"lote","n":856,"m2":343,"frente":"calle","premio":"","ancho":13.1,"fondo":26.3,"arboles":3},"geometry":{"type":"Polygon","coordinates":[[[-103.36581,25.561567],[-103.365945,25.561771],[-103.366056,25.56171],[-103.365921,25.561506],[-103.36581,25.561567]]]}},{"type":"Feature","properties":{"capa":"lote","n":857,"m2":343,"frente":"calle","premio":"","ancho":13.1,"fondo":26.3,"arboles":3},"geometry":{"type":"Polygon","coordinates":[[[-103.365698,25.561628],[-103.365833,25.561831],[-103.365945,25.561771],[-103.36581,25.561567],[-103.365698,25.561628]]]}},{"type":"Feature","properties":{"capa":"lote","n":858,"m2":343,"frente":"calle","premio":"","ancho":13.1,"fondo":26.3,"arboles":3},"geometry":{"type":"Polygon","coordinates":[[[-103.365587,25.561689],[-103.365722,25.561892],[-103.365833,25.561831],[-103.365698,25.561628],[-103.365587,25.561689]]]}},{"type":"Feature","properties":{"capa":"lote","n":859,"m2":343,"frente":"calle","premio":"","ancho":13.1,"fondo":26.3,"arboles":2},"geometry":{"type":"Polygon","coordinates":[[[-103.365475,25.561749],[-103.36561,25.561953],[-103.365722,25.561892],[-103.365587,25.561689],[-103.365475,25.561749]]]}},{"type":"Feature","properties":{"capa":"lote","n":860,"m2":343,"frente":"calle","premio":"","ancho":13.1,"fondo":26.3,"arboles":1},"geometry":{"type":"Polygon","coordinates":[[[-103.365364,25.56181],[-103.365499,25.562014],[-103.36561,25.561953],[-103.365475,25.561749],[-103.365364,25.56181]]]}},{"type":"Feature","properties":{"capa":"lote","n":861,"m2":343,"frente":"calle","premio":"","ancho":13.1,"fondo":26.3,"arboles":0},"geometry":{"type":"Polygon","coordinates":[[[-103.365253,25.561871],[-103.365387,25.562074],[-103.365499,25.562014],[-103.365364,25.56181],[-103.365253,25.561871]]]}},{"type":"Feature","properties":{"capa":"lote","n":862,"m2":343,"frente":"calle","premio":"","ancho":13.1,"fondo":26.3,"arboles":1},"geometry":{"type":"Polygon","coordinates":[[[-103.365141,25.561931],[-103.365276,25.562135],[-103.365387,25.562074],[-103.365253,25.561871],[-103.365141,25.561931]]]}},{"type":"Feature","properties":{"capa":"lote","n":863,"m2":343,"frente":"calle","premio":"","ancho":13.1,"fondo":26.3,"arboles":4},"geometry":{"type":"Polygon","coordinates":[[[-103.36503,25.561992],[-103.365165,25.562196],[-103.365276,25.562135],[-103.365141,25.561931],[-103.36503,25.561992]]]}},{"type":"Feature","properties":{"capa":"lote","n":864,"m2":436,"frente":"calle","premio":"","ancho":16.6,"fondo":26.3,"arboles":3},"geometry":{"type":"Polygon","coordinates":[[[-103.364888,25.562069],[-103.365023,25.562273],[-103.365165,25.562196],[-103.36503,25.561992],[-103.364888,25.562069]]]}},{"type":"Feature","properties":{"capa":"lote","n":865,"m2":522,"frente":"calle","premio":"","ancho":19.8,"fondo":26.3,"arboles":3},"geometry":{"type":"Polygon","coordinates":[[[-103.364625,25.562213],[-103.36476,25.562416],[-103.364929,25.562324],[-103.364794,25.56212],[-103.364625,25.562213]]]}},{"type":"Feature","properties":{"capa":"lote","n":866,"m2":348,"frente":"calle","premio":"","ancho":13.2,"fondo":26.3,"arboles":2},"geometry":{"type":"Polygon","coordinates":[[[-103.364512,25.562274],[-103.364647,25.562478],[-103.36476,25.562416],[-103.364625,25.562213],[-103.364512,25.562274]]]}},{"type":"Feature","properties":{"capa":"lote","n":867,"m2":348,"frente":"calle","premio":"","ancho":13.2,"fondo":26.3,"arboles":1},"geometry":{"type":"Polygon","coordinates":[[[-103.364399,25.562336],[-103.364534,25.562539],[-103.364647,25.562478],[-103.364512,25.562274],[-103.364399,25.562336]]]}},{"type":"Feature","properties":{"capa":"lote","n":868,"m2":348,"frente":"calle","premio":"parque","ancho":13.2,"fondo":26.3,"arboles":2},"geometry":{"type":"Polygon","coordinates":[[[-103.364286,25.562397],[-103.364421,25.562601],[-103.364534,25.562539],[-103.364399,25.562336],[-103.364286,25.562397]]]}},{"type":"Feature","properties":{"capa":"lote","n":869,"m2":348,"frente":"calle","premio":"parque","ancho":13.2,"fondo":26.3,"arboles":2},"geometry":{"type":"Polygon","coordinates":[[[-103.364173,25.562459],[-103.364308,25.562662],[-103.364421,25.562601],[-103.364286,25.562397],[-103.364173,25.562459]]]}},{"type":"Feature","properties":{"capa":"lote","n":870,"m2":348,"frente":"calle","premio":"parque","ancho":13.2,"fondo":26.3,"arboles":3},"geometry":{"type":"Polygon","coordinates":[[[-103.363609,25.562767],[-103.363743,25.56297],[-103.363856,25.562909],[-103.363721,25.562705],[-103.363609,25.562767]]]}},{"type":"Feature","properties":{"capa":"lote","n":871,"m2":263,"frente":"calle","premio":"parque","ancho":10.0,"fondo":26.3,"arboles":2},"geometry":{"type":"Polygon","coordinates":[[[-103.363523,25.562813],[-103.363658,25.563017],[-103.363743,25.56297],[-103.363609,25.562767],[-103.363523,25.562813]]]}},{"type":"Feature","properties":{"capa":"lote","n":872,"m2":398,"frente":"calle","premio":"","ancho":15.1,"fondo":26.3,"arboles":2},"geometry":{"type":"Polygon","coordinates":[[[-103.3633,25.562935],[-103.363435,25.563138],[-103.363564,25.563068],[-103.363429,25.562864],[-103.3633,25.562935]]]}},{"type":"Feature","properties":{"capa":"lote","n":873,"m2":340,"frente":"calle","premio":"","ancho":12.9,"fondo":26.3,"arboles":3},"geometry":{"type":"Polygon","coordinates":[[[-103.36319,25.562995],[-103.363325,25.563198],[-103.363435,25.563138],[-103.3633,25.562935],[-103.36319,25.562995]]]}},{"type":"Feature","properties":{"capa":"lote","n":874,"m2":340,"frente":"calle","premio":"","ancho":12.9,"fondo":26.3,"arboles":1},"geometry":{"type":"Polygon","coordinates":[[[-103.36308,25.563055],[-103.363214,25.563258],[-103.363325,25.563198],[-103.36319,25.562995],[-103.36308,25.563055]]]}},{"type":"Feature","properties":{"capa":"lote","n":875,"m2":340,"frente":"calle","premio":"","ancho":12.9,"fondo":26.3,"arboles":3},"geometry":{"type":"Polygon","coordinates":[[[-103.362969,25.563115],[-103.363104,25.563319],[-103.363214,25.563258],[-103.36308,25.563055],[-103.362969,25.563115]]]}},{"type":"Feature","properties":{"capa":"lote","n":876,"m2":340,"frente":"calle","premio":"","ancho":12.9,"fondo":26.3,"arboles":0},"geometry":{"type":"Polygon","coordinates":[[[-103.362859,25.563175],[-103.362994,25.563379],[-103.363104,25.563319],[-103.362969,25.563115],[-103.362859,25.563175]]]}},{"type":"Feature","properties":{"capa":"lote","n":877,"m2":340,"frente":"calle","premio":"","ancho":12.9,"fondo":26.3,"arboles":2},"geometry":{"type":"Polygon","coordinates":[[[-103.362748,25.563235],[-103.362883,25.563439],[-103.362994,25.563379],[-103.362859,25.563175],[-103.362748,25.563235]]]}},{"type":"Feature","properties":{"capa":"lote","n":878,"m2":340,"frente":"calle","premio":"","ancho":12.9,"fondo":26.3,"arboles":2},"geometry":{"type":"Polygon","coordinates":[[[-103.362638,25.563295],[-103.362773,25.563499],[-103.362883,25.563439],[-103.362748,25.563235],[-103.362638,25.563295]]]}},{"type":"Feature","properties":{"capa":"lote","n":879,"m2":340,"frente":"calle","premio":"","ancho":12.9,"fondo":26.3,"arboles":1},"geometry":{"type":"Polygon","coordinates":[[[-103.362528,25.563356],[-103.362662,25.563559],[-103.362773,25.563499],[-103.362638,25.563295],[-103.362528,25.563356]]]}},{"type":"Feature","properties":{"capa":"lote","n":880,"m2":340,"frente":"calle","premio":"","ancho":12.9,"fondo":26.3,"arboles":1},"geometry":{"type":"Polygon","coordinates":[[[-103.362417,25.563416],[-103.362552,25.563619],[-103.362662,25.563559],[-103.362528,25.563356],[-103.362417,25.563416]]]}},{"type":"Feature","properties":{"capa":"lote","n":881,"m2":340,"frente":"calle","premio":"","ancho":12.9,"fondo":26.3,"arboles":1},"geometry":{"type":"Polygon","coordinates":[[[-103.362307,25.563476],[-103.362442,25.563679],[-103.362552,25.563619],[-103.362417,25.563416],[-103.362307,25.563476]]]}},{"type":"Feature","properties":{"capa":"lote","n":882,"m2":274,"frente":"calle","premio":"","ancho":10.4,"fondo":26.3,"arboles":0},"geometry":{"type":"Polygon","coordinates":[[[-103.362218,25.563524],[-103.362353,25.563728],[-103.362442,25.563679],[-103.362307,25.563476],[-103.362218,25.563524]]]}},{"type":"Feature","properties":{"capa":"lote","n":883,"m2":447,"frente":"calle","premio":"parque","ancho":17.0,"fondo":26.3,"arboles":3},"geometry":{"type":"Polygon","coordinates":[[[-103.361979,25.563654],[-103.362114,25.563858],[-103.362259,25.563779],[-103.362124,25.563575],[-103.361979,25.563654]]]}},{"type":"Feature","properties":{"capa":"lote","n":884,"m2":330,"frente":"calle","premio":"parque","ancho":12.6,"fondo":26.3,"arboles":2},"geometry":{"type":"Polygon","coordinates":[[[-103.361443,25.563946],[-103.361578,25.56415],[-103.361685,25.564092],[-103.36155,25.563888],[-103.361443,25.563946]]]}},{"type":"Feature","properties":{"capa":"lote","n":885,"m2":330,"frente":"calle","premio":"parque","ancho":12.6,"fondo":26.3,"arboles":0},"geometry":{"type":"Polygon","coordinates":[[[-103.361336,25.564005],[-103.361471,25.564208],[-103.361578,25.56415],[-103.361443,25.563946],[-103.361336,25.564005]]]}},{"type":"Feature","properties":{"capa":"lote","n":886,"m2":330,"frente":"calle","premio":"","ancho":12.6,"fondo":26.3,"arboles":1},"geometry":{"type":"Polygon","coordinates":[[[-103.361229,25.564063],[-103.361364,25.564267],[-103.361471,25.564208],[-103.361336,25.564005],[-103.361229,25.564063]]]}},{"type":"Feature","properties":{"capa":"lote","n":887,"m2":330,"frente":"calle","premio":"","ancho":12.6,"fondo":26.3,"arboles":3},"geometry":{"type":"Polygon","coordinates":[[[-103.361122,25.564122],[-103.361257,25.564325],[-103.361364,25.564267],[-103.361229,25.564063],[-103.361122,25.564122]]]}},{"type":"Feature","properties":{"capa":"lote","n":888,"m2":330,"frente":"calle","premio":"","ancho":12.6,"fondo":26.3,"arboles":3},"geometry":{"type":"Polygon","coordinates":[[[-103.361015,25.56418],[-103.361149,25.564383],[-103.361257,25.564325],[-103.361122,25.564122],[-103.361015,25.56418]]]}},{"type":"Feature","properties":{"capa":"lote","n":889,"m2":341,"frente":"calle","premio":"","ancho":13.0,"fondo":26.3,"arboles":2},"geometry":{"type":"Polygon","coordinates":[[[-103.360904,25.56424],[-103.361039,25.564444],[-103.361149,25.564383],[-103.361015,25.56418],[-103.360904,25.56424]]]}},{"type":"Feature","properties":{"capa":"lote","n":890,"m2":446,"frente":"calle","premio":"","ancho":16.9,"fondo":26.3,"arboles":3},"geometry":{"type":"Polygon","coordinates":[[[-103.360666,25.56437],[-103.3608,25.564574],[-103.360945,25.564495],[-103.36081,25.564291],[-103.360666,25.56437]]]}},{"type":"Feature","properties":{"capa":"lote","n":891,"m2":328,"frente":"calle","premio":"","ancho":12.5,"fondo":26.3,"arboles":2},"geometry":{"type":"Polygon","coordinates":[[[-103.360559,25.564428],[-103.360694,25.564632],[-103.3608,25.564574],[-103.360666,25.56437],[-103.360559,25.564428]]]}},{"type":"Feature","properties":{"capa":"lote","n":892,"m2":328,"frente":"calle","premio":"","ancho":12.5,"fondo":26.3,"arboles":2},"geometry":{"type":"Polygon","coordinates":[[[-103.360453,25.564486],[-103.360588,25.564689],[-103.360694,25.564632],[-103.360559,25.564428],[-103.360453,25.564486]]]}},{"type":"Feature","properties":{"capa":"lote","n":893,"m2":328,"frente":"calle","premio":"","ancho":12.5,"fondo":26.3,"arboles":0},"geometry":{"type":"Polygon","coordinates":[[[-103.360347,25.564544],[-103.360482,25.564747],[-103.360588,25.564689],[-103.360453,25.564486],[-103.360347,25.564544]]]}},{"type":"Feature","properties":{"capa":"lote","n":894,"m2":328,"frente":"calle","premio":"","ancho":12.5,"fondo":26.3,"arboles":1},"geometry":{"type":"Polygon","coordinates":[[[-103.360241,25.564602],[-103.360375,25.564805],[-103.360482,25.564747],[-103.360347,25.564544],[-103.360241,25.564602]]]}},{"type":"Feature","properties":{"capa":"lote","n":895,"m2":328,"frente":"calle","premio":"","ancho":12.5,"fondo":26.3,"arboles":0},"geometry":{"type":"Polygon","coordinates":[[[-103.360134,25.56466],[-103.360269,25.564863],[-103.360375,25.564805],[-103.360241,25.564602],[-103.360134,25.56466]]]}},{"type":"Feature","properties":{"capa":"lote","n":896,"m2":328,"frente":"calle","premio":"","ancho":12.5,"fondo":26.3,"arboles":2},"geometry":{"type":"Polygon","coordinates":[[[-103.360028,25.564718],[-103.360163,25.564921],[-103.360269,25.564863],[-103.360134,25.56466],[-103.360028,25.564718]]]}},{"type":"Feature","properties":{"capa":"lote","n":897,"m2":328,"frente":"calle","premio":"","ancho":12.5,"fondo":26.3,"arboles":4},"geometry":{"type":"Polygon","coordinates":[[[-103.359922,25.564775],[-103.360056,25.564979],[-103.360163,25.564921],[-103.360028,25.564718],[-103.359922,25.564775]]]}},{"type":"Feature","properties":{"capa":"lote","n":898,"m2":328,"frente":"calle","premio":"","ancho":12.5,"fondo":26.3,"arboles":0},"geometry":{"type":"Polygon","coordinates":[[[-103.359815,25.564833],[-103.35995,25.565037],[-103.360056,25.564979],[-103.359922,25.564775],[-103.359815,25.564833]]]}},{"type":"Feature","properties":{"capa":"lote","n":899,"m2":328,"frente":"calle","premio":"","ancho":12.5,"fondo":26.3,"arboles":2},"geometry":{"type":"Polygon","coordinates":[[[-103.359709,25.564891],[-103.359844,25.565095],[-103.35995,25.565037],[-103.359815,25.564833],[-103.359709,25.564891]]]}},{"type":"Feature","properties":{"capa":"lote","n":900,"m2":328,"frente":"calle","premio":"","ancho":12.5,"fondo":26.3,"arboles":1},"geometry":{"type":"Polygon","coordinates":[[[-103.359603,25.564949],[-103.359737,25.565153],[-103.359844,25.565095],[-103.359709,25.564891],[-103.359603,25.564949]]]}},{"type":"Feature","properties":{"capa":"lote","n":901,"m2":380,"frente":"calle","premio":"","ancho":14.5,"fondo":26.3,"arboles":3},"geometry":{"type":"Polygon","coordinates":[[[-103.359479,25.565016],[-103.359614,25.56522],[-103.359737,25.565153],[-103.359603,25.564949],[-103.359479,25.565016]]]}},{"type":"Feature","properties":{"capa":"lote","n":902,"m2":340,"frente":"calle","premio":"","ancho":12.9,"fondo":26.3,"arboles":4},"geometry":{"type":"Polygon","coordinates":[[[-103.359275,25.565128],[-103.35941,25.565331],[-103.35952,25.565271],[-103.359385,25.565068],[-103.359275,25.565128]]]}},{"type":"Feature","properties":{"capa":"lote","n":903,"m2":342,"frente":"calle","premio":"","ancho":13.0,"fondo":26.3,"arboles":1},"geometry":{"type":"Polygon","coordinates":[[[-103.359164,25.565188],[-103.359299,25.565392],[-103.35941,25.565331],[-103.359275,25.565128],[-103.359164,25.565188]]]}},{"type":"Feature","properties":{"capa":"lote","n":904,"m2":342,"frente":"calle","premio":"","ancho":13.0,"fondo":26.3,"arboles":2},"geometry":{"type":"Polygon","coordinates":[[[-103.359053,25.565249],[-103.359188,25.565452],[-103.359299,25.565392],[-103.359164,25.565188],[-103.359053,25.565249]]]}},{"type":"Feature","properties":{"capa":"lote","n":905,"m2":342,"frente":"calle","premio":"","ancho":13.0,"fondo":26.3,"arboles":1},"geometry":{"type":"Polygon","coordinates":[[[-103.358942,25.565309],[-103.359077,25.565513],[-103.359188,25.565452],[-103.359053,25.565249],[-103.358942,25.565309]]]}},{"type":"Feature","properties":{"capa":"lote","n":906,"m2":342,"frente":"calle","premio":"","ancho":13.0,"fondo":26.3,"arboles":0},"geometry":{"type":"Polygon","coordinates":[[[-103.358831,25.56537],[-103.358966,25.565573],[-103.359077,25.565513],[-103.358942,25.565309],[-103.358831,25.56537]]]}},{"type":"Feature","properties":{"capa":"lote","n":907,"m2":342,"frente":"calle","premio":"","ancho":13.0,"fondo":26.3,"arboles":0},"geometry":{"type":"Polygon","coordinates":[[[-103.35872,25.56543],[-103.358855,25.565634],[-103.358966,25.565573],[-103.358831,25.56537],[-103.35872,25.56543]]]}},{"type":"Feature","properties":{"capa":"lote","n":908,"m2":342,"frente":"calle","premio":"","ancho":13.0,"fondo":26.3,"arboles":1},"geometry":{"type":"Polygon","coordinates":[[[-103.358609,25.565491],[-103.358743,25.565694],[-103.358855,25.565634],[-103.35872,25.56543],[-103.358609,25.565491]]]}},{"type":"Feature","properties":{"capa":"lote","n":909,"m2":342,"frente":"calle","premio":"","ancho":13.0,"fondo":26.3,"arboles":2},"geometry":{"type":"Polygon","coordinates":[[[-103.358498,25.565551],[-103.358632,25.565755],[-103.358743,25.565694],[-103.358609,25.565491],[-103.358498,25.565551]]]}},{"type":"Feature","properties":{"capa":"lote","n":910,"m2":342,"frente":"calle","premio":"","ancho":13.0,"fondo":26.3,"arboles":1},"geometry":{"type":"Polygon","coordinates":[[[-103.358387,25.565612],[-103.358521,25.565815],[-103.358632,25.565755],[-103.358498,25.565551],[-103.358387,25.565612]]]}},{"type":"Feature","properties":{"capa":"lote","n":911,"m2":342,"frente":"calle","premio":"","ancho":13.0,"fondo":26.3,"arboles":1},"geometry":{"type":"Polygon","coordinates":[[[-103.358275,25.565672],[-103.35841,25.565876],[-103.358521,25.565815],[-103.358387,25.565612],[-103.358275,25.565672]]]}},{"type":"Feature","properties":{"capa":"lote","n":912,"m2":313,"frente":"calle","premio":"","ancho":11.9,"fondo":26.3,"arboles":1},"geometry":{"type":"Polygon","coordinates":[[[-103.358174,25.565728],[-103.358309,25.565931],[-103.35841,25.565876],[-103.358275,25.565672],[-103.358174,25.565728]]]}},{"type":"Feature","properties":{"capa":"lote","n":913,"m2":297,"frente":"calle","premio":"","ancho":11.3,"fondo":26.3,"arboles":1},"geometry":{"type":"Polygon","coordinates":[[[-103.357984,25.565831],[-103.358118,25.566035],[-103.358215,25.565982],[-103.35808,25.565779],[-103.357984,25.565831]]]}},{"type":"Feature","properties":{"capa":"lote","n":914,"m2":334,"frente":"calle","premio":"","ancho":12.7,"fondo":26.3,"arboles":0},"geometry":{"type":"Polygon","coordinates":[[[-103.357875,25.56589],[-103.35801,25.566094],[-103.358118,25.566035],[-103.357984,25.565831],[-103.357875,25.56589]]]}},{"type":"Feature","properties":{"capa":"lote","n":915,"m2":366,"frente":"calle","premio":"","ancho":13.9,"fondo":26.3,"arboles":6},"geometry":{"type":"Polygon","coordinates":[[[-103.369022,25.56021],[-103.369156,25.560413],[-103.369275,25.560349],[-103.36914,25.560145],[-103.369022,25.56021]]]}},{"type":"Feature","properties":{"capa":"lote","n":916,"m2":331,"frente":"calle","premio":"","ancho":12.6,"fondo":26.3,"arboles":2},"geometry":{"type":"Polygon","coordinates":[[[-103.368914,25.560268],[-103.369049,25.560472],[-103.369156,25.560413],[-103.369022,25.56021],[-103.368914,25.560268]]]}},{"type":"Feature","properties":{"capa":"lote","n":917,"m2":331,"frente":"calle","premio":"","ancho":12.6,"fondo":26.3,"arboles":3},"geometry":{"type":"Polygon","coordinates":[[[-103.368807,25.560327],[-103.368941,25.56053],[-103.369049,25.560472],[-103.368914,25.560268],[-103.368807,25.560327]]]}},{"type":"Feature","properties":{"capa":"lote","n":918,"m2":331,"frente":"calle","premio":"","ancho":12.6,"fondo":26.3,"arboles":2},"geometry":{"type":"Polygon","coordinates":[[[-103.368699,25.560385],[-103.368834,25.560589],[-103.368941,25.56053],[-103.368807,25.560327],[-103.368699,25.560385]]]}},{"type":"Feature","properties":{"capa":"lote","n":919,"m2":331,"frente":"calle","premio":"","ancho":12.6,"fondo":26.3,"arboles":2},"geometry":{"type":"Polygon","coordinates":[[[-103.368592,25.560444],[-103.368726,25.560648],[-103.368834,25.560589],[-103.368699,25.560385],[-103.368592,25.560444]]]}},{"type":"Feature","properties":{"capa":"lote","n":920,"m2":331,"frente":"calle","premio":"","ancho":12.6,"fondo":26.3,"arboles":3},"geometry":{"type":"Polygon","coordinates":[[[-103.368484,25.560503],[-103.368619,25.560706],[-103.368726,25.560648],[-103.368592,25.560444],[-103.368484,25.560503]]]}},{"type":"Feature","properties":{"capa":"lote","n":921,"m2":331,"frente":"calle","premio":"","ancho":12.6,"fondo":26.3,"arboles":3},"geometry":{"type":"Polygon","coordinates":[[[-103.368377,25.560561],[-103.368512,25.560765],[-103.368619,25.560706],[-103.368484,25.560503],[-103.368377,25.560561]]]}},{"type":"Feature","properties":{"capa":"lote","n":922,"m2":331,"frente":"calle","premio":"","ancho":12.6,"fondo":26.3,"arboles":1},"geometry":{"type":"Polygon","coordinates":[[[-103.368269,25.56062],[-103.368404,25.560823],[-103.368512,25.560765],[-103.368377,25.560561],[-103.368269,25.56062]]]}},{"type":"Feature","properties":{"capa":"lote","n":923,"m2":331,"frente":"calle","premio":"","ancho":12.6,"fondo":26.3,"arboles":4},"geometry":{"type":"Polygon","coordinates":[[[-103.368162,25.560678],[-103.368297,25.560882],[-103.368404,25.560823],[-103.368269,25.56062],[-103.368162,25.560678]]]}},{"type":"Feature","properties":{"capa":"lote","n":924,"m2":331,"frente":"calle","premio":"","ancho":12.6,"fondo":26.3,"arboles":3},"geometry":{"type":"Polygon","coordinates":[[[-103.368054,25.560737],[-103.368189,25.56094],[-103.368297,25.560882],[-103.368162,25.560678],[-103.368054,25.560737]]]}},{"type":"Feature","properties":{"capa":"lote","n":925,"m2":331,"frente":"calle","premio":"","ancho":12.6,"fondo":26.3,"arboles":2},"geometry":{"type":"Polygon","coordinates":[[[-103.367947,25.560796],[-103.368082,25.560999],[-103.368189,25.56094],[-103.368054,25.560737],[-103.367947,25.560796]]]}},{"type":"Feature","properties":{"capa":"lote","n":926,"m2":318,"frente":"calle","premio":"parque","ancho":12.1,"fondo":26.3,"arboles":1},"geometry":{"type":"Polygon","coordinates":[[[-103.367844,25.560852],[-103.367978,25.561055],[-103.368082,25.560999],[-103.367947,25.560796],[-103.367844,25.560852]]]}},{"type":"Feature","properties":{"capa":"lote","n":927,"m2":354,"frente":"calle","premio":"parque","ancho":13.5,"fondo":26.3,"arboles":3},"geometry":{"type":"Polygon","coordinates":[[[-103.366219,25.561737],[-103.366353,25.561941],[-103.366468,25.561878],[-103.366334,25.561675],[-103.366219,25.561737]]]}},{"type":"Feature","properties":{"capa":"lote","n":928,"m2":335,"frente":"calle","premio":"","ancho":12.7,"fondo":26.3,"arboles":2},"geometry":{"type":"Polygon","coordinates":[[[-103.36611,25.561796],[-103.366245,25.562],[-103.366353,25.561941],[-103.366219,25.561737],[-103.36611,25.561796]]]}},{"type":"Feature","properties":{"capa":"lote","n":929,"m2":335,"frente":"calle","premio":"","ancho":12.7,"fondo":26.3,"arboles":2},"geometry":{"type":"Polygon","coordinates":[[[-103.366002,25.561855],[-103.366136,25.562059],[-103.366245,25.562],[-103.36611,25.561796],[-103.366002,25.561855]]]}},{"type":"Feature","properties":{"capa":"lote","n":930,"m2":335,"frente":"calle","premio":"","ancho":12.7,"fondo":26.3,"arboles":4},"geometry":{"type":"Polygon","coordinates":[[[-103.365893,25.561915],[-103.366028,25.562118],[-103.366136,25.562059],[-103.366002,25.561855],[-103.365893,25.561915]]]}},{"type":"Feature","properties":{"capa":"lote","n":931,"m2":335,"frente":"calle","premio":"","ancho":12.7,"fondo":26.3,"arboles":3},"geometry":{"type":"Polygon","coordinates":[[[-103.365785,25.561974],[-103.365919,25.562177],[-103.366028,25.562118],[-103.365893,25.561915],[-103.365785,25.561974]]]}},{"type":"Feature","properties":{"capa":"lote","n":932,"m2":335,"frente":"calle","premio":"","ancho":12.7,"fondo":26.3,"arboles":3},"geometry":{"type":"Polygon","coordinates":[[[-103.365676,25.562033],[-103.365811,25.562236],[-103.365919,25.562177],[-103.365785,25.561974],[-103.365676,25.562033]]]}},{"type":"Feature","properties":{"capa":"lote","n":933,"m2":335,"frente":"calle","premio":"","ancho":12.7,"fondo":26.3,"arboles":4},"geometry":{"type":"Polygon","coordinates":[[[-103.365567,25.562092],[-103.365702,25.562296],[-103.365811,25.562236],[-103.365676,25.562033],[-103.365567,25.562092]]]}},{"type":"Feature","properties":{"capa":"lote","n":934,"m2":335,"frente":"calle","premio":"","ancho":12.7,"fondo":26.3,"arboles":2},"geometry":{"type":"Polygon","coordinates":[[[-103.365459,25.562151],[-103.365594,25.562355],[-103.365702,25.562296],[-103.365567,25.562092],[-103.365459,25.562151]]]}},{"type":"Feature","properties":{"capa":"lote","n":935,"m2":335,"frente":"calle","premio":"","ancho":12.7,"fondo":26.3,"arboles":2},"geometry":{"type":"Polygon","coordinates":[[[-103.36535,25.56221],[-103.365485,25.562414],[-103.365594,25.562355],[-103.365459,25.562151],[-103.36535,25.56221]]]}},{"type":"Feature","properties":{"capa":"lote","n":936,"m2":335,"frente":"calle","premio":"","ancho":12.7,"fondo":26.3,"arboles":0},"geometry":{"type":"Polygon","coordinates":[[[-103.365242,25.562269],[-103.365377,25.562473],[-103.365485,25.562414],[-103.36535,25.56221],[-103.365242,25.562269]]]}},{"type":"Feature","properties":{"capa":"lote","n":937,"m2":501,"frente":"calle","premio":"","ancho":19.0,"fondo":26.3,"arboles":2},"geometry":{"type":"Polygon","coordinates":[[[-103.365079,25.562358],[-103.365214,25.562561],[-103.365377,25.562473],[-103.365242,25.562269],[-103.365079,25.562358]]]}},{"type":"Feature","properties":{"capa":"lote","n":938,"m2":521,"frente":"calle","premio":"","ancho":19.8,"fondo":26.3,"arboles":2},"geometry":{"type":"Polygon","coordinates":[[[-103.364817,25.562501],[-103.364952,25.562705],[-103.36512,25.562613],[-103.364986,25.562409],[-103.364817,25.562501]]]}},{"type":"Feature","properties":{"capa":"lote","n":939,"m2":341,"frente":"calle","premio":"","ancho":13.0,"fondo":26.3,"arboles":2},"geometry":{"type":"Polygon","coordinates":[[[-103.364706,25.562561],[-103.364841,25.562765],[-103.364952,25.562705],[-103.364817,25.562501],[-103.364706,25.562561]]]}},{"type":"Feature","properties":{"capa":"lote","n":940,"m2":341,"frente":"calle","premio":"","ancho":13.0,"fondo":26.3,"arboles":1},"geometry":{"type":"Polygon","coordinates":[[[-103.364596,25.562622],[-103.36473,25.562825],[-103.364841,25.562765],[-103.364706,25.562561],[-103.364596,25.562622]]]}},{"type":"Feature","properties":{"capa":"lote","n":941,"m2":341,"frente":"calle","premio":"","ancho":13.0,"fondo":26.3,"arboles":2},"geometry":{"type":"Polygon","coordinates":[[[-103.364485,25.562682],[-103.36462,25.562885],[-103.36473,25.562825],[-103.364596,25.562622],[-103.364485,25.562682]]]}},{"type":"Feature","properties":{"capa":"lote","n":942,"m2":341,"frente":"calle","premio":"parque","ancho":13.0,"fondo":26.3,"arboles":2},"geometry":{"type":"Polygon","coordinates":[[[-103.364374,25.562742],[-103.364509,25.562946],[-103.36462,25.562885],[-103.364485,25.562682],[-103.364374,25.562742]]]}},{"type":"Feature","properties":{"capa":"lote","n":943,"m2":341,"frente":"calle","premio":"parque","ancho":13.0,"fondo":26.3,"arboles":0},"geometry":{"type":"Polygon","coordinates":[[[-103.364264,25.562802],[-103.364399,25.563006],[-103.364509,25.562946],[-103.364374,25.562742],[-103.364264,25.562802]]]}},{"type":"Feature","properties":{"capa":"lote","n":944,"m2":341,"frente":"calle","premio":"parque","ancho":13.0,"fondo":26.3,"arboles":2},"geometry":{"type":"Polygon","coordinates":[[[-103.364153,25.562863],[-103.364288,25.563066],[-103.364399,25.563006],[-103.364264,25.562802],[-103.364153,25.562863]]]}},{"type":"Feature","properties":{"capa":"lote","n":945,"m2":341,"frente":"calle","premio":"parque","ancho":13.0,"fondo":26.3,"arboles":0},"geometry":{"type":"Polygon","coordinates":[[[-103.364043,25.562923],[-103.364178,25.563126],[-103.364288,25.563066],[-103.364153,25.562863],[-103.364043,25.562923]]]}},{"type":"Feature","properties":{"capa":"lote","n":946,"m2":341,"frente":"calle","premio":"parque","ancho":13.0,"fondo":26.3,"arboles":4},"geometry":{"type":"Polygon","coordinates":[[[-103.363932,25.562983],[-103.364067,25.563187],[-103.364178,25.563126],[-103.364043,25.562923],[-103.363932,25.562983]]]}},{"type":"Feature","properties":{"capa":"lote","n":947,"m2":341,"frente":"calle","premio":"parque","ancho":13.0,"fondo":26.3,"arboles":4},"geometry":{"type":"Polygon","coordinates":[[[-103.363822,25.563043],[-103.363956,25.563247],[-103.364067,25.563187],[-103.363932,25.562983],[-103.363822,25.563043]]]}},{"type":"Feature","properties":{"capa":"lote","n":948,"m2":330,"frente":"calle","premio":"parque","ancho":12.6,"fondo":26.3,"arboles":5},"geometry":{"type":"Polygon","coordinates":[[[-103.363714,25.563102],[-103.363849,25.563305],[-103.363956,25.563247],[-103.363822,25.563043],[-103.363714,25.563102]]]}},{"type":"Feature","properties":{"capa":"lote","n":949,"m2":339,"frente":"calle","premio":"","ancho":12.9,"fondo":26.3,"arboles":2},"geometry":{"type":"Polygon","coordinates":[[[-103.363511,25.563213],[-103.363645,25.563416],[-103.363755,25.563356],[-103.363621,25.563153],[-103.363511,25.563213]]]}},{"type":"Feature","properties":{"capa":"lote","n":950,"m2":350,"frente":"calle","premio":"","ancho":13.3,"fondo":26.3,"arboles":5},"geometry":{"type":"Polygon","coordinates":[[[-103.363397,25.563275],[-103.363532,25.563478],[-103.363645,25.563416],[-103.363511,25.563213],[-103.363397,25.563275]]]}},{"type":"Feature","properties":{"capa":"lote","n":951,"m2":350,"frente":"calle","premio":"","ancho":13.3,"fondo":26.3,"arboles":2},"geometry":{"type":"Polygon","coordinates":[[[-103.363284,25.563336],[-103.363418,25.56354],[-103.363532,25.563478],[-103.363397,25.563275],[-103.363284,25.563336]]]}},{"type":"Feature","properties":{"capa":"lote","n":952,"m2":350,"frente":"calle","premio":"","ancho":13.3,"fondo":26.3,"arboles":3},"geometry":{"type":"Polygon","coordinates":[[[-103.36317,25.563398],[-103.363305,25.563602],[-103.363418,25.56354],[-103.363284,25.563336],[-103.36317,25.563398]]]}},{"type":"Feature","properties":{"capa":"lote","n":953,"m2":350,"frente":"calle","premio":"","ancho":13.3,"fondo":26.3,"arboles":1},"geometry":{"type":"Polygon","coordinates":[[[-103.363057,25.56346],[-103.363191,25.563664],[-103.363305,25.563602],[-103.36317,25.563398],[-103.363057,25.56346]]]}},{"type":"Feature","properties":{"capa":"lote","n":954,"m2":350,"frente":"calle","premio":"","ancho":13.3,"fondo":26.3,"arboles":1},"geometry":{"type":"Polygon","coordinates":[[[-103.362943,25.563522],[-103.363078,25.563726],[-103.363191,25.563664],[-103.363057,25.56346],[-103.362943,25.563522]]]}},{"type":"Feature","properties":{"capa":"lote","n":955,"m2":350,"frente":"calle","premio":"","ancho":13.3,"fondo":26.3,"arboles":3},"geometry":{"type":"Polygon","coordinates":[[[-103.36283,25.563584],[-103.362964,25.563787],[-103.363078,25.563726],[-103.362943,25.563522],[-103.36283,25.563584]]]}},{"type":"Feature","properties":{"capa":"lote","n":956,"m2":350,"frente":"calle","premio":"","ancho":13.3,"fondo":26.3,"arboles":2},"geometry":{"type":"Polygon","coordinates":[[[-103.362716,25.563646],[-103.362851,25.563849],[-103.362964,25.563787],[-103.36283,25.563584],[-103.362716,25.563646]]]}},{"type":"Feature","properties":{"capa":"lote","n":957,"m2":350,"frente":"calle","premio":"","ancho":13.3,"fondo":26.3,"arboles":1},"geometry":{"type":"Polygon","coordinates":[[[-103.362603,25.563707],[-103.362738,25.563911],[-103.362851,25.563849],[-103.362716,25.563646],[-103.362603,25.563707]]]}},{"type":"Feature","properties":{"capa":"lote","n":958,"m2":350,"frente":"calle","premio":"","ancho":13.3,"fondo":26.3,"arboles":1},"geometry":{"type":"Polygon","coordinates":[[[-103.362489,25.563769],[-103.362624,25.563973],[-103.362738,25.563911],[-103.362603,25.563707],[-103.362489,25.563769]]]}},{"type":"Feature","properties":{"capa":"lote","n":959,"m2":247,"frente":"calle","premio":"","ancho":9.4,"fondo":26.3,"arboles":2},"geometry":{"type":"Polygon","coordinates":[[[-103.362409,25.563813],[-103.362544,25.564016],[-103.362624,25.563973],[-103.362489,25.563769],[-103.362409,25.563813]]]}},{"type":"Feature","properties":{"capa":"lote","n":960,"m2":414,"frente":"calle","premio":"parque","ancho":15.8,"fondo":26.3,"arboles":3},"geometry":{"type":"Polygon","coordinates":[[[-103.362181,25.563937],[-103.362316,25.564141],[-103.36245,25.564068],[-103.362315,25.563864],[-103.362181,25.563937]]]}},{"type":"Feature","properties":{"capa":"lote","n":961,"m2":332,"frente":"calle","premio":"parque","ancho":12.6,"fondo":26.3,"arboles":1},"geometry":{"type":"Polygon","coordinates":[[[-103.362073,25.563996],[-103.362208,25.5642],[-103.362316,25.564141],[-103.362181,25.563937],[-103.362073,25.563996]]]}},{"type":"Feature","properties":{"capa":"lote","n":962,"m2":332,"frente":"calle","premio":"parque","ancho":12.6,"fondo":26.3,"arboles":3},"geometry":{"type":"Polygon","coordinates":[[[-103.361965,25.564055],[-103.3621,25.564258],[-103.362208,25.5642],[-103.362073,25.563996],[-103.361965,25.564055]]]}},{"type":"Feature","properties":{"capa":"lote","n":963,"m2":332,"frente":"calle","premio":"parque","ancho":12.6,"fondo":26.3,"arboles":0},"geometry":{"type":"Polygon","coordinates":[[[-103.361857,25.564114],[-103.361992,25.564317],[-103.3621,25.564258],[-103.361965,25.564055],[-103.361857,25.564114]]]}},{"type":"Feature","properties":{"capa":"lote","n":964,"m2":332,"frente":"calle","premio":"parque","ancho":12.6,"fondo":26.3,"arboles":2},"geometry":{"type":"Polygon","coordinates":[[[-103.361749,25.564172],[-103.361884,25.564376],[-103.361992,25.564317],[-103.361857,25.564114],[-103.361749,25.564172]]]}},{"type":"Feature","properties":{"capa":"lote","n":965,"m2":332,"frente":"calle","premio":"parque","ancho":12.6,"fondo":26.3,"arboles":1},"geometry":{"type":"Polygon","coordinates":[[[-103.361642,25.564231],[-103.361776,25.564435],[-103.361884,25.564376],[-103.361749,25.564172],[-103.361642,25.564231]]]}},{"type":"Feature","properties":{"capa":"lote","n":966,"m2":332,"frente":"calle","premio":"","ancho":12.6,"fondo":26.3,"arboles":1},"geometry":{"type":"Polygon","coordinates":[[[-103.361534,25.56429],[-103.361669,25.564493],[-103.361776,25.564435],[-103.361642,25.564231],[-103.361534,25.56429]]]}},{"type":"Feature","properties":{"capa":"lote","n":967,"m2":332,"frente":"calle","premio":"","ancho":12.6,"fondo":26.3,"arboles":1},"geometry":{"type":"Polygon","coordinates":[[[-103.361426,25.564349],[-103.361561,25.564552],[-103.361669,25.564493],[-103.361534,25.56429],[-103.361426,25.564349]]]}},{"type":"Feature","properties":{"capa":"lote","n":968,"m2":332,"frente":"calle","premio":"","ancho":12.6,"fondo":26.3,"arboles":2},"geometry":{"type":"Polygon","coordinates":[[[-103.361318,25.564407],[-103.361453,25.564611],[-103.361561,25.564552],[-103.361426,25.564349],[-103.361318,25.564407]]]}},{"type":"Feature","properties":{"capa":"lote","n":969,"m2":332,"frente":"calle","premio":"","ancho":12.6,"fondo":26.3,"arboles":2},"geometry":{"type":"Polygon","coordinates":[[[-103.36121,25.564466],[-103.361345,25.56467],[-103.361453,25.564611],[-103.361318,25.564407],[-103.36121,25.564466]]]}},{"type":"Feature","properties":{"capa":"lote","n":970,"m2":355,"frente":"calle","premio":"","ancho":13.5,"fondo":26.3,"arboles":1},"geometry":{"type":"Polygon","coordinates":[[[-103.361095,25.564529],[-103.36123,25.564732],[-103.361345,25.56467],[-103.36121,25.564466],[-103.361095,25.564529]]]}},{"type":"Feature","properties":{"capa":"lote","n":971,"m2":396,"frente":"calle","premio":"","ancho":15.1,"fondo":26.3,"arboles":2},"geometry":{"type":"Polygon","coordinates":[[[-103.360873,25.56465],[-103.361008,25.564853],[-103.361136,25.564783],[-103.361001,25.56458],[-103.360873,25.56465]]]}},{"type":"Feature","properties":{"capa":"lote","n":972,"m2":336,"frente":"calle","premio":"","ancho":12.8,"fondo":26.3,"arboles":1},"geometry":{"type":"Polygon","coordinates":[[[-103.360764,25.564709],[-103.360899,25.564913],[-103.361008,25.564853],[-103.360873,25.56465],[-103.360764,25.564709]]]}},{"type":"Feature","properties":{"capa":"lote","n":973,"m2":336,"frente":"calle","premio":"","ancho":12.8,"fondo":26.3,"arboles":3},"geometry":{"type":"Polygon","coordinates":[[[-103.360655,25.564769],[-103.36079,25.564972],[-103.360899,25.564913],[-103.360764,25.564709],[-103.360655,25.564769]]]}},{"type":"Feature","properties":{"capa":"lote","n":974,"m2":336,"frente":"calle","premio":"","ancho":12.8,"fondo":26.3,"arboles":2},"geometry":{"type":"Polygon","coordinates":[[[-103.360546,25.564828],[-103.360681,25.565032],[-103.36079,25.564972],[-103.360655,25.564769],[-103.360546,25.564828]]]}},{"type":"Feature","properties":{"capa":"lote","n":975,"m2":336,"frente":"calle","premio":"","ancho":12.8,"fondo":26.3,"arboles":2},"geometry":{"type":"Polygon","coordinates":[[[-103.360437,25.564888],[-103.360572,25.565091],[-103.360681,25.565032],[-103.360546,25.564828],[-103.360437,25.564888]]]}},{"type":"Feature","properties":{"capa":"lote","n":976,"m2":336,"frente":"calle","premio":"","ancho":12.8,"fondo":26.3,"arboles":0},"geometry":{"type":"Polygon","coordinates":[[[-103.360328,25.564947],[-103.360463,25.56515],[-103.360572,25.565091],[-103.360437,25.564888],[-103.360328,25.564947]]]}},{"type":"Feature","properties":{"capa":"lote","n":977,"m2":336,"frente":"calle","premio":"","ancho":12.8,"fondo":26.3,"arboles":4},"geometry":{"type":"Polygon","coordinates":[[[-103.360219,25.565006],[-103.360354,25.56521],[-103.360463,25.56515],[-103.360328,25.564947],[-103.360219,25.565006]]]}},{"type":"Feature","properties":{"capa":"lote","n":978,"m2":336,"frente":"calle","premio":"","ancho":12.8,"fondo":26.3,"arboles":4},"geometry":{"type":"Polygon","coordinates":[[[-103.36011,25.565066],[-103.360245,25.565269],[-103.360354,25.56521],[-103.360219,25.565006],[-103.36011,25.565066]]]}},{"type":"Feature","properties":{"capa":"lote","n":979,"m2":336,"frente":"calle","premio":"","ancho":12.8,"fondo":26.3,"arboles":5},"geometry":{"type":"Polygon","coordinates":[[[-103.360001,25.565125],[-103.360135,25.565329],[-103.360245,25.565269],[-103.36011,25.565066],[-103.360001,25.565125]]]}},{"type":"Feature","properties":{"capa":"lote","n":980,"m2":336,"frente":"calle","premio":"","ancho":12.8,"fondo":26.3,"arboles":3},"geometry":{"type":"Polygon","coordinates":[[[-103.359892,25.565185],[-103.360026,25.565388],[-103.360135,25.565329],[-103.360001,25.565125],[-103.359892,25.565185]]]}},{"type":"Feature","properties":{"capa":"lote","n":981,"m2":336,"frente":"calle","premio":"","ancho":12.8,"fondo":26.3,"arboles":2},"geometry":{"type":"Polygon","coordinates":[[[-103.359783,25.565244],[-103.359917,25.565448],[-103.360026,25.565388],[-103.359892,25.565185],[-103.359783,25.565244]]]}},{"type":"Feature","properties":{"capa":"lote","n":982,"m2":346,"frente":"calle","premio":"","ancho":13.1,"fondo":26.3,"arboles":1},"geometry":{"type":"Polygon","coordinates":[[[-103.35967,25.565305],[-103.359805,25.565509],[-103.359917,25.565448],[-103.359783,25.565244],[-103.35967,25.565305]]]}},{"type":"Feature","properties":{"capa":"lote","n":983,"m2":321,"frente":"calle","premio":"","ancho":12.2,"fondo":26.3,"arboles":3},"geometry":{"type":"Polygon","coordinates":[[[-103.359473,25.565413],[-103.359607,25.565616],[-103.359711,25.56556],[-103.359577,25.565356],[-103.359473,25.565413]]]}},{"type":"Feature","properties":{"capa":"lote","n":984,"m2":342,"frente":"calle","premio":"","ancho":13.0,"fondo":26.3,"arboles":1},"geometry":{"type":"Polygon","coordinates":[[[-103.359361,25.565473],[-103.359496,25.565677],[-103.359607,25.565616],[-103.359473,25.565413],[-103.359361,25.565473]]]}},{"type":"Feature","properties":{"capa":"lote","n":985,"m2":342,"frente":"calle","premio":"","ancho":13.0,"fondo":26.3,"arboles":2},"geometry":{"type":"Polygon","coordinates":[[[-103.35925,25.565534],[-103.359385,25.565738],[-103.359496,25.565677],[-103.359361,25.565473],[-103.35925,25.565534]]]}},{"type":"Feature","properties":{"capa":"lote","n":986,"m2":342,"frente":"calle","premio":"","ancho":13.0,"fondo":26.3,"arboles":3},"geometry":{"type":"Polygon","coordinates":[[[-103.359139,25.565595],[-103.359274,25.565798],[-103.359385,25.565738],[-103.35925,25.565534],[-103.359139,25.565595]]]}},{"type":"Feature","properties":{"capa":"lote","n":987,"m2":342,"frente":"calle","premio":"","ancho":13.0,"fondo":26.3,"arboles":4},"geometry":{"type":"Polygon","coordinates":[[[-103.359028,25.565655],[-103.359163,25.565859],[-103.359274,25.565798],[-103.359139,25.565595],[-103.359028,25.565655]]]}},{"type":"Feature","properties":{"capa":"lote","n":988,"m2":342,"frente":"calle","premio":"","ancho":13.0,"fondo":26.3,"arboles":3},"geometry":{"type":"Polygon","coordinates":[[[-103.358917,25.565716],[-103.359052,25.565919],[-103.359163,25.565859],[-103.359028,25.565655],[-103.358917,25.565716]]]}},{"type":"Feature","properties":{"capa":"lote","n":989,"m2":342,"frente":"calle","premio":"","ancho":13.0,"fondo":26.3,"arboles":1},"geometry":{"type":"Polygon","coordinates":[[[-103.358806,25.565776],[-103.358941,25.56598],[-103.359052,25.565919],[-103.358917,25.565716],[-103.358806,25.565776]]]}},{"type":"Feature","properties":{"capa":"lote","n":990,"m2":342,"frente":"calle","premio":"","ancho":13.0,"fondo":26.3,"arboles":1},"geometry":{"type":"Polygon","coordinates":[[[-103.358695,25.565837],[-103.35883,25.56604],[-103.358941,25.56598],[-103.358806,25.565776],[-103.358695,25.565837]]]}},{"type":"Feature","properties":{"capa":"lote","n":991,"m2":325,"frente":"calle","premio":"","ancho":13.0,"fondo":26.3,"arboles":3},"geometry":{"type":"Polygon","coordinates":[[[-103.358584,25.565897],[-103.358695,25.565837],[-103.35883,25.56604],[-103.358802,25.566055],[-103.3587,25.566073],[-103.358584,25.565897]]]}},{"type":"Feature","properties":{"capa":"lote","n":992,"m2":265,"frente":"calle","premio":"","ancho":13.0,"fondo":26.3,"arboles":2},"geometry":{"type":"Polygon","coordinates":[[[-103.358473,25.565958],[-103.358584,25.565897],[-103.3587,25.566073],[-103.358565,25.566097],[-103.358473,25.565958]]]}},{"type":"Feature","properties":{"capa":"lote","n":993,"m2":303,"frente":"calle","premio":"","ancho":12.6,"fondo":26.3,"arboles":2},"geometry":{"type":"Polygon","coordinates":[[[-103.369167,25.560407],[-103.369275,25.560349],[-103.369327,25.560427],[-103.369379,25.560569],[-103.369302,25.560611],[-103.369167,25.560407]]]}},{"type":"Feature","properties":{"capa":"lote","n":994,"m2":330,"frente":"calle","premio":"","ancho":12.6,"fondo":26.3,"arboles":2},"geometry":{"type":"Polygon","coordinates":[[[-103.36906,25.560466],[-103.369195,25.560669],[-103.369302,25.560611],[-103.369167,25.560407],[-103.36906,25.560466]]]}},{"type":"Feature","properties":{"capa":"lote","n":995,"m2":330,"frente":"calle","premio":"","ancho":12.6,"fondo":26.3,"arboles":3},"geometry":{"type":"Polygon","coordinates":[[[-103.368953,25.560524],[-103.369088,25.560728],[-103.369195,25.560669],[-103.36906,25.560466],[-103.368953,25.560524]]]}},{"type":"Feature","properties":{"capa":"lote","n":996,"m2":330,"frente":"calle","premio":"","ancho":12.6,"fondo":26.3,"arboles":1},"geometry":{"type":"Polygon","coordinates":[[[-103.368846,25.560582],[-103.368981,25.560786],[-103.369088,25.560728],[-103.368953,25.560524],[-103.368846,25.560582]]]}},{"type":"Feature","properties":{"capa":"lote","n":997,"m2":330,"frente":"calle","premio":"","ancho":12.6,"fondo":26.3,"arboles":2},"geometry":{"type":"Polygon","coordinates":[[[-103.368739,25.560641],[-103.368874,25.560844],[-103.368981,25.560786],[-103.368846,25.560582],[-103.368739,25.560641]]]}},{"type":"Feature","properties":{"capa":"lote","n":998,"m2":330,"frente":"calle","premio":"","ancho":12.6,"fondo":26.3,"arboles":2},"geometry":{"type":"Polygon","coordinates":[[[-103.368632,25.560699],[-103.368766,25.560903],[-103.368874,25.560844],[-103.368739,25.560641],[-103.368632,25.560699]]]}},{"type":"Feature","properties":{"capa":"lote","n":999,"m2":330,"frente":"calle","premio":"","ancho":12.6,"fondo":26.3,"arboles":1},"geometry":{"type":"Polygon","coordinates":[[[-103.368524,25.560758],[-103.368659,25.560961],[-103.368766,25.560903],[-103.368632,25.560699],[-103.368524,25.560758]]]}},{"type":"Feature","properties":{"capa":"lote","n":1000,"m2":330,"frente":"calle","premio":"","ancho":12.6,"fondo":26.3,"arboles":1},"geometry":{"type":"Polygon","coordinates":[[[-103.368417,25.560816],[-103.368552,25.56102],[-103.368659,25.560961],[-103.368524,25.560758],[-103.368417,25.560816]]]}},{"type":"Feature","properties":{"capa":"lote","n":1001,"m2":330,"frente":"calle","premio":"","ancho":12.6,"fondo":26.3,"arboles":1},"geometry":{"type":"Polygon","coordinates":[[[-103.36831,25.560874],[-103.368445,25.561078],[-103.368552,25.56102],[-103.368417,25.560816],[-103.36831,25.560874]]]}},{"type":"Feature","properties":{"capa":"lote","n":1002,"m2":330,"frente":"calle","premio":"","ancho":12.6,"fondo":26.3,"arboles":0},"geometry":{"type":"Polygon","coordinates":[[[-103.368203,25.560933],[-103.368338,25.561136],[-103.368445,25.561078],[-103.36831,25.560874],[-103.368203,25.560933]]]}},{"type":"Feature","properties":{"capa":"lote","n":1003,"m2":330,"frente":"calle","premio":"","ancho":12.6,"fondo":26.3,"arboles":2},"geometry":{"type":"Polygon","coordinates":[[[-103.368096,25.560991],[-103.368231,25.561195],[-103.368338,25.561136],[-103.368203,25.560933],[-103.368096,25.560991]]]}},{"type":"Feature","properties":{"capa":"lote","n":1004,"m2":362,"frente":"calle","premio":"parque","ancho":13.8,"fondo":26.3,"arboles":2},"geometry":{"type":"Polygon","coordinates":[[[-103.367978,25.561055],[-103.368113,25.561259],[-103.368231,25.561195],[-103.368096,25.560991],[-103.367978,25.561055]]]}},{"type":"Feature","properties":{"capa":"lote","n":1005,"m2":351,"frente":"calle","premio":"parque","ancho":13.4,"fondo":26.3,"arboles":2},"geometry":{"type":"Polygon","coordinates":[[[-103.366354,25.56194],[-103.366489,25.562144],[-103.366603,25.562082],[-103.366468,25.561878],[-103.366354,25.56194]]]}},{"type":"Feature","properties":{"capa":"lote","n":1006,"m2":331,"frente":"calle","premio":"","ancho":12.6,"fondo":26.3,"arboles":3},"geometry":{"type":"Polygon","coordinates":[[[-103.366247,25.561999],[-103.366382,25.562202],[-103.366489,25.562144],[-103.366354,25.56194],[-103.366247,25.561999]]]}},{"type":"Feature","properties":{"capa":"lote","n":1007,"m2":331,"frente":"calle","premio":"","ancho":12.6,"fondo":26.3,"arboles":1},"geometry":{"type":"Polygon","coordinates":[[[-103.366139,25.562057],[-103.366274,25.562261],[-103.366382,25.562202],[-103.366247,25.561999],[-103.366139,25.562057]]]}},{"type":"Feature","properties":{"capa":"lote","n":1008,"m2":331,"frente":"calle","premio":"","ancho":12.6,"fondo":26.3,"arboles":2},"geometry":{"type":"Polygon","coordinates":[[[-103.366032,25.562116],[-103.366167,25.562319],[-103.366274,25.562261],[-103.366139,25.562057],[-103.366032,25.562116]]]}},{"type":"Feature","properties":{"capa":"lote","n":1009,"m2":331,"frente":"calle","premio":"","ancho":12.6,"fondo":26.3,"arboles":3},"geometry":{"type":"Polygon","coordinates":[[[-103.365924,25.562175],[-103.366059,25.562378],[-103.366167,25.562319],[-103.366032,25.562116],[-103.365924,25.562175]]]}},{"type":"Feature","properties":{"capa":"lote","n":1010,"m2":331,"frente":"calle","premio":"","ancho":12.6,"fondo":26.3,"arboles":4},"geometry":{"type":"Polygon","coordinates":[[[-103.365817,25.562233],[-103.365952,25.562437],[-103.366059,25.562378],[-103.365924,25.562175],[-103.365817,25.562233]]]}},{"type":"Feature","properties":{"capa":"lote","n":1011,"m2":331,"frente":"calle","premio":"","ancho":12.6,"fondo":26.3,"arboles":4},"geometry":{"type":"Polygon","coordinates":[[[-103.365709,25.562292],[-103.365844,25.562495],[-103.365952,25.562437],[-103.365817,25.562233],[-103.365709,25.562292]]]}},{"type":"Feature","properties":{"capa":"lote","n":1012,"m2":331,"frente":"calle","premio":"","ancho":12.6,"fondo":26.3,"arboles":4},"geometry":{"type":"Polygon","coordinates":[[[-103.365602,25.56235],[-103.365737,25.562554],[-103.365844,25.562495],[-103.365709,25.562292],[-103.365602,25.56235]]]}},{"type":"Feature","properties":{"capa":"lote","n":1013,"m2":331,"frente":"calle","premio":"","ancho":12.6,"fondo":26.3,"arboles":3},"geometry":{"type":"Polygon","coordinates":[[[-103.365494,25.562409],[-103.365629,25.562612],[-103.365737,25.562554],[-103.365602,25.56235],[-103.365494,25.562409]]]}},{"type":"Feature","properties":{"capa":"lote","n":1014,"m2":331,"frente":"calle","premio":"","ancho":12.6,"fondo":26.3,"arboles":2},"geometry":{"type":"Polygon","coordinates":[[[-103.365387,25.562467],[-103.365522,25.562671],[-103.365629,25.562612],[-103.365494,25.562409],[-103.365387,25.562467]]]}},{"type":"Feature","properties":{"capa":"lote","n":1015,"m2":532,"frente":"calle","premio":"","ancho":20.2,"fondo":26.3,"arboles":1},"geometry":{"type":"Polygon","coordinates":[[[-103.365214,25.562561],[-103.365349,25.562765],[-103.365522,25.562671],[-103.365387,25.562467],[-103.365214,25.562561]]]}},{"type":"Feature","properties":{"capa":"lote","n":1016,"m2":533,"frente":"calle","premio":"","ancho":20.3,"fondo":26.3,"arboles":3},"geometry":{"type":"Polygon","coordinates":[[[-103.364947,25.562707],[-103.365082,25.56291],[-103.365255,25.562816],[-103.36512,25.562613],[-103.364947,25.562707]]]}},{"type":"Feature","properties":{"capa":"lote","n":1017,"m2":337,"frente":"calle","premio":"","ancho":12.8,"fondo":26.3,"arboles":3},"geometry":{"type":"Polygon","coordinates":[[[-103.364838,25.562766],[-103.364973,25.56297],[-103.365082,25.56291],[-103.364947,25.562707],[-103.364838,25.562766]]]}},{"type":"Feature","properties":{"capa":"lote","n":1018,"m2":337,"frente":"calle","premio":"","ancho":12.8,"fondo":26.3,"arboles":3},"geometry":{"type":"Polygon","coordinates":[[[-103.364729,25.562826],[-103.364864,25.563029],[-103.364973,25.56297],[-103.364838,25.562766],[-103.364729,25.562826]]]}},{"type":"Feature","properties":{"capa":"lote","n":1019,"m2":337,"frente":"calle","premio":"","ancho":12.8,"fondo":26.3,"arboles":5},"geometry":{"type":"Polygon","coordinates":[[[-103.36462,25.562885],[-103.364755,25.563089],[-103.364864,25.563029],[-103.364729,25.562826],[-103.36462,25.562885]]]}},{"type":"Feature","properties":{"capa":"lote","n":1020,"m2":337,"frente":"calle","premio":"","ancho":12.8,"fondo":26.3,"arboles":2},"geometry":{"type":"Polygon","coordinates":[[[-103.364511,25.562945],[-103.364645,25.563148],[-103.364755,25.563089],[-103.36462,25.562885],[-103.364511,25.562945]]]}},{"type":"Feature","properties":{"capa":"lote","n":1021,"m2":337,"frente":"calle","premio":"","ancho":12.8,"fondo":26.3,"arboles":2},"geometry":{"type":"Polygon","coordinates":[[[-103.364401,25.563004],[-103.364536,25.563208],[-103.364645,25.563148],[-103.364511,25.562945],[-103.364401,25.563004]]]}},{"type":"Feature","properties":{"capa":"lote","n":1022,"m2":337,"frente":"calle","premio":"","ancho":12.8,"fondo":26.3,"arboles":4},"geometry":{"type":"Polygon","coordinates":[[[-103.364292,25.563064],[-103.364427,25.563267],[-103.364536,25.563208],[-103.364401,25.563004],[-103.364292,25.563064]]]}},{"type":"Feature","properties":{"capa":"lote","n":1023,"m2":337,"frente":"calle","premio":"","ancho":12.8,"fondo":26.3,"arboles":1},"geometry":{"type":"Polygon","coordinates":[[[-103.364183,25.563123],[-103.364318,25.563327],[-103.364427,25.563267],[-103.364292,25.563064],[-103.364183,25.563123]]]}},{"type":"Feature","properties":{"capa":"lote","n":1024,"m2":337,"frente":"calle","premio":"","ancho":12.8,"fondo":26.3,"arboles":1},"geometry":{"type":"Polygon","coordinates":[[[-103.364074,25.563183],[-103.364209,25.563386],[-103.364318,25.563327],[-103.364183,25.563123],[-103.364074,25.563183]]]}},{"type":"Feature","properties":{"capa":"lote","n":1025,"m2":337,"frente":"calle","premio":"","ancho":12.8,"fondo":26.3,"arboles":4},"geometry":{"type":"Polygon","coordinates":[[[-103.363965,25.563242],[-103.364099,25.563446],[-103.364209,25.563386],[-103.364074,25.563183],[-103.363965,25.563242]]]}},{"type":"Feature","properties":{"capa":"lote","n":1026,"m2":356,"frente":"calle","premio":"","ancho":13.5,"fondo":26.3,"arboles":4},"geometry":{"type":"Polygon","coordinates":[[[-103.363849,25.563305],[-103.363984,25.563509],[-103.364099,25.563446],[-103.363965,25.563242],[-103.363849,25.563305]]]}},{"type":"Feature","properties":{"capa":"lote","n":1027,"m2":363,"frente":"calle","premio":"","ancho":13.8,"fondo":26.3,"arboles":4},"geometry":{"type":"Polygon","coordinates":[[[-103.363638,25.563421],[-103.363772,25.563624],[-103.36389,25.56356],[-103.363755,25.563356],[-103.363638,25.563421]]]}},{"type":"Feature","properties":{"capa":"lote","n":1028,"m2":340,"frente":"calle","premio":"","ancho":12.9,"fondo":26.3,"arboles":3},"geometry":{"type":"Polygon","coordinates":[[[-103.363527,25.563481],[-103.363662,25.563684],[-103.363772,25.563624],[-103.363638,25.563421],[-103.363527,25.563481]]]}},{"type":"Feature","properties":{"capa":"lote","n":1029,"m2":340,"frente":"calle","premio":"","ancho":12.9,"fondo":26.3,"arboles":2},"geometry":{"type":"Polygon","coordinates":[[[-103.363417,25.563541],[-103.363552,25.563744],[-103.363662,25.563684],[-103.363527,25.563481],[-103.363417,25.563541]]]}},{"type":"Feature","properties":{"capa":"lote","n":1030,"m2":340,"frente":"calle","premio":"","ancho":12.9,"fondo":26.3,"arboles":3},"geometry":{"type":"Polygon","coordinates":[[[-103.363307,25.563601],[-103.363442,25.563804],[-103.363552,25.563744],[-103.363417,25.563541],[-103.363307,25.563601]]]}},{"type":"Feature","properties":{"capa":"lote","n":1031,"m2":340,"frente":"calle","premio":"","ancho":12.9,"fondo":26.3,"arboles":2},"geometry":{"type":"Polygon","coordinates":[[[-103.363197,25.563661],[-103.363332,25.563864],[-103.363442,25.563804],[-103.363307,25.563601],[-103.363197,25.563661]]]}},{"type":"Feature","properties":{"capa":"lote","n":1032,"m2":340,"frente":"calle","premio":"","ancho":12.9,"fondo":26.3,"arboles":2},"geometry":{"type":"Polygon","coordinates":[[[-103.363087,25.563721],[-103.363221,25.563924],[-103.363332,25.563864],[-103.363197,25.563661],[-103.363087,25.563721]]]}},{"type":"Feature","properties":{"capa":"lote","n":1033,"m2":340,"frente":"calle","premio":"","ancho":12.9,"fondo":26.3,"arboles":3},"geometry":{"type":"Polygon","coordinates":[[[-103.362976,25.563781],[-103.363111,25.563984],[-103.363221,25.563924],[-103.363087,25.563721],[-103.362976,25.563781]]]}},{"type":"Feature","properties":{"capa":"lote","n":1034,"m2":340,"frente":"calle","premio":"","ancho":12.9,"fondo":26.3,"arboles":1},"geometry":{"type":"Polygon","coordinates":[[[-103.362866,25.563841],[-103.363001,25.564044],[-103.363111,25.563984],[-103.362976,25.563781],[-103.362866,25.563841]]]}},{"type":"Feature","properties":{"capa":"lote","n":1035,"m2":340,"frente":"calle","premio":"","ancho":12.9,"fondo":26.3,"arboles":1},"geometry":{"type":"Polygon","coordinates":[[[-103.362756,25.563901],[-103.362891,25.564105],[-103.363001,25.564044],[-103.362866,25.563841],[-103.362756,25.563901]]]}},{"type":"Feature","properties":{"capa":"lote","n":1036,"m2":340,"frente":"calle","premio":"","ancho":12.9,"fondo":26.3,"arboles":0},"geometry":{"type":"Polygon","coordinates":[[[-103.362646,25.563961],[-103.36278,25.564165],[-103.362891,25.564105],[-103.362756,25.563901],[-103.362646,25.563961]]]}},{"type":"Feature","properties":{"capa":"lote","n":1037,"m2":314,"frente":"calle","premio":"","ancho":11.9,"fondo":26.3,"arboles":1},"geometry":{"type":"Polygon","coordinates":[[[-103.362544,25.564016],[-103.362679,25.56422],[-103.36278,25.564165],[-103.362646,25.563961],[-103.362544,25.564016]]]}},{"type":"Feature","properties":{"capa":"lote","n":1038,"m2":407,"frente":"calle","premio":"","ancho":15.5,"fondo":26.3,"arboles":4},"geometry":{"type":"Polygon","coordinates":[[[-103.362318,25.56414],[-103.362453,25.564343],[-103.362585,25.564271],[-103.36245,25.564068],[-103.362318,25.56414]]]}},{"type":"Feature","properties":{"capa":"lote","n":1039,"m2":333,"frente":"calle","premio":"","ancho":12.7,"fondo":26.3,"arboles":4},"geometry":{"type":"Polygon","coordinates":[[[-103.36221,25.564199],[-103.362345,25.564402],[-103.362453,25.564343],[-103.362318,25.56414],[-103.36221,25.564199]]]}},{"type":"Feature","properties":{"capa":"lote","n":1040,"m2":333,"frente":"calle","premio":"","ancho":12.7,"fondo":26.3,"arboles":2},"geometry":{"type":"Polygon","coordinates":[[[-103.362102,25.564257],[-103.362236,25.564461],[-103.362345,25.564402],[-103.36221,25.564199],[-103.362102,25.564257]]]}},{"type":"Feature","properties":{"capa":"lote","n":1041,"m2":333,"frente":"calle","premio":"","ancho":12.7,"fondo":26.3,"arboles":1},"geometry":{"type":"Polygon","coordinates":[[[-103.361993,25.564316],[-103.362128,25.56452],[-103.362236,25.564461],[-103.362102,25.564257],[-103.361993,25.564316]]]}},{"type":"Feature","properties":{"capa":"lote","n":1042,"m2":333,"frente":"calle","premio":"","ancho":12.7,"fondo":26.3,"arboles":2},"geometry":{"type":"Polygon","coordinates":[[[-103.361885,25.564375],[-103.36202,25.564579],[-103.362128,25.56452],[-103.361993,25.564316],[-103.361885,25.564375]]]}},{"type":"Feature","properties":{"capa":"lote","n":1043,"m2":333,"frente":"calle","premio":"","ancho":12.7,"fondo":26.3,"arboles":1},"geometry":{"type":"Polygon","coordinates":[[[-103.361777,25.564434],[-103.361912,25.564638],[-103.36202,25.564579],[-103.361885,25.564375],[-103.361777,25.564434]]]}},{"type":"Feature","properties":{"capa":"lote","n":1044,"m2":333,"frente":"calle","premio":"","ancho":12.7,"fondo":26.3,"arboles":0},"geometry":{"type":"Polygon","coordinates":[[[-103.361669,25.564493],[-103.361804,25.564697],[-103.361912,25.564638],[-103.361777,25.564434],[-103.361669,25.564493]]]}},{"type":"Feature","properties":{"capa":"lote","n":1045,"m2":333,"frente":"calle","premio":"","ancho":12.7,"fondo":26.3,"arboles":1},"geometry":{"type":"Polygon","coordinates":[[[-103.361561,25.564552],[-103.361695,25.564756],[-103.361804,25.564697],[-103.361669,25.564493],[-103.361561,25.564552]]]}},{"type":"Feature","properties":{"capa":"lote","n":1046,"m2":333,"frente":"calle","premio":"","ancho":12.7,"fondo":26.3,"arboles":2},"geometry":{"type":"Polygon","coordinates":[[[-103.361453,25.564611],[-103.361587,25.564815],[-103.361695,25.564756],[-103.361561,25.564552],[-103.361453,25.564611]]]}},{"type":"Feature","properties":{"capa":"lote","n":1047,"m2":333,"frente":"calle","premio":"","ancho":12.7,"fondo":26.3,"arboles":1},"geometry":{"type":"Polygon","coordinates":[[[-103.361344,25.56467],[-103.361479,25.564874],[-103.361587,25.564815],[-103.361453,25.564611],[-103.361344,25.56467]]]}},{"type":"Feature","properties":{"capa":"lote","n":1048,"m2":352,"frente":"calle","premio":"","ancho":13.4,"fondo":26.3,"arboles":3},"geometry":{"type":"Polygon","coordinates":[[[-103.36123,25.564732],[-103.361365,25.564936],[-103.361479,25.564874],[-103.361344,25.56467],[-103.36123,25.564732]]]}},{"type":"Feature","properties":{"capa":"lote","n":1049,"m2":391,"frente":"calle","premio":"","ancho":14.9,"fondo":26.3,"arboles":4},"geometry":{"type":"Polygon","coordinates":[[[-103.361009,25.564853],[-103.361144,25.565056],[-103.361271,25.564987],[-103.361136,25.564783],[-103.361009,25.564853]]]}},{"type":"Feature","properties":{"capa":"lote","n":1050,"m2":336,"frente":"calle","premio":"","ancho":12.8,"fondo":26.3,"arboles":2},"geometry":{"type":"Polygon","coordinates":[[[-103.3609,25.564912],[-103.361035,25.565115],[-103.361144,25.565056],[-103.361009,25.564853],[-103.3609,25.564912]]]}},{"type":"Feature","properties":{"capa":"lote","n":1051,"m2":336,"frente":"calle","premio":"","ancho":12.8,"fondo":26.3,"arboles":2},"geometry":{"type":"Polygon","coordinates":[[[-103.360791,25.564971],[-103.360926,25.565175],[-103.361035,25.565115],[-103.3609,25.564912],[-103.360791,25.564971]]]}},{"type":"Feature","properties":{"capa":"lote","n":1052,"m2":336,"frente":"calle","premio":"","ancho":12.8,"fondo":26.3,"arboles":3},"geometry":{"type":"Polygon","coordinates":[[[-103.360682,25.565031],[-103.360817,25.565234],[-103.360926,25.565175],[-103.360791,25.564971],[-103.360682,25.565031]]]}},{"type":"Feature","properties":{"capa":"lote","n":1053,"m2":336,"frente":"calle","premio":"","ancho":12.8,"fondo":26.3,"arboles":2},"geometry":{"type":"Polygon","coordinates":[[[-103.360573,25.56509],[-103.360708,25.565294],[-103.360817,25.565234],[-103.360682,25.565031],[-103.360573,25.56509]]]}},{"type":"Feature","properties":{"capa":"lote","n":1054,"m2":336,"frente":"calle","premio":"","ancho":12.8,"fondo":26.3,"arboles":2},"geometry":{"type":"Polygon","coordinates":[[[-103.360464,25.56515],[-103.360599,25.565353],[-103.360708,25.565294],[-103.360573,25.56509],[-103.360464,25.56515]]]}},{"type":"Feature","properties":{"capa":"lote","n":1055,"m2":336,"frente":"calle","premio":"","ancho":12.8,"fondo":26.3,"arboles":3},"geometry":{"type":"Polygon","coordinates":[[[-103.360355,25.565209],[-103.36049,25.565413],[-103.360599,25.565353],[-103.360464,25.56515],[-103.360355,25.565209]]]}},{"type":"Feature","properties":{"capa":"lote","n":1056,"m2":332,"frente":"calle","premio":"","ancho":12.8,"fondo":26.3,"arboles":3},"geometry":{"type":"Polygon","coordinates":[[[-103.360246,25.565268],[-103.360355,25.565209],[-103.36049,25.565413],[-103.360454,25.565432],[-103.360377,25.565465],[-103.360246,25.565268]]]}},{"type":"Feature","properties":{"capa":"lote","n":1057,"m2":317,"frente":"calle","premio":"","ancho":12.8,"fondo":26.3,"arboles":3},"geometry":{"type":"Polygon","coordinates":[[[-103.360137,25.565328],[-103.360246,25.565268],[-103.360377,25.565465],[-103.360261,25.565515],[-103.360137,25.565328]]]}},{"type":"Feature","properties":{"capa":"lote","n":1058,"m2":301,"frente":"calle","premio":"","ancho":12.8,"fondo":26.3,"arboles":1},"geometry":{"type":"Polygon","coordinates":[[[-103.360028,25.565387],[-103.360137,25.565328],[-103.360261,25.565515],[-103.360145,25.565564],[-103.360028,25.565387]]]}},{"type":"Feature","properties":{"capa":"lote","n":1059,"m2":284,"frente":"calle","premio":"","ancho":12.8,"fondo":26.3,"arboles":2},"geometry":{"type":"Polygon","coordinates":[[[-103.359919,25.565447],[-103.360028,25.565387],[-103.360145,25.565564],[-103.36003,25.565614],[-103.359919,25.565447]]]}},{"type":"Feature","properties":{"capa":"lote","n":1060,"m2":279,"frente":"calle","premio":"","ancho":13.3,"fondo":26.3,"arboles":0},"geometry":{"type":"Polygon","coordinates":[[[-103.359805,25.565509],[-103.359919,25.565447],[-103.36003,25.565614],[-103.359909,25.565666],[-103.359805,25.565509]]]}},{"type":"Feature","properties":{"capa":"lote","n":1061,"m2":244,"frente":"calle","premio":"","ancho":12.8,"fondo":30.0,"arboles":1},"geometry":{"type":"Polygon","coordinates":[[[-103.364817,25.563171],[-103.364926,25.563111],[-103.365023,25.563257],[-103.364915,25.56332],[-103.364817,25.563171]]]}},{"type":"Feature","properties":{"capa":"lote","n":1062,"m2":249,"frente":"calle","premio":"","ancho":12.8,"fondo":30.0,"arboles":1},"geometry":{"type":"Polygon","coordinates":[[[-103.364707,25.56323],[-103.364817,25.563171],[-103.364915,25.56332],[-103.364808,25.563382],[-103.364707,25.56323]]]}},{"type":"Feature","properties":{"capa":"lote","n":1063,"m2":254,"frente":"calle","premio":"","ancho":12.8,"fondo":30.0,"arboles":1},"geometry":{"type":"Polygon","coordinates":[[[-103.364598,25.56329],[-103.364707,25.56323],[-103.364808,25.563382],[-103.364701,25.563445],[-103.364598,25.56329]]]}},{"type":"Feature","properties":{"capa":"lote","n":1064,"m2":259,"frente":"calle","premio":"","ancho":12.8,"fondo":30.0,"arboles":2},"geometry":{"type":"Polygon","coordinates":[[[-103.364489,25.563349],[-103.364598,25.56329],[-103.364701,25.563445],[-103.364594,25.563508],[-103.364489,25.563349]]]}},{"type":"Feature","properties":{"capa":"lote","n":1065,"m2":264,"frente":"calle","premio":"","ancho":12.8,"fondo":30.0,"arboles":1},"geometry":{"type":"Polygon","coordinates":[[[-103.36438,25.563409],[-103.364489,25.563349],[-103.364594,25.563508],[-103.364487,25.56357],[-103.36438,25.563409]]]}},{"type":"Feature","properties":{"capa":"lote","n":1066,"m2":269,"frente":"calle","premio":"","ancho":12.8,"fondo":30.0,"arboles":2},"geometry":{"type":"Polygon","coordinates":[[[-103.364271,25.563468],[-103.36438,25.563409],[-103.364487,25.56357],[-103.364379,25.563633],[-103.364271,25.563468]]]}},{"type":"Feature","properties":{"capa":"lote","n":1067,"m2":274,"frente":"calle","premio":"","ancho":12.8,"fondo":30.0,"arboles":1},"geometry":{"type":"Polygon","coordinates":[[[-103.364161,25.563528],[-103.364271,25.563468],[-103.364379,25.563633],[-103.364272,25.563695],[-103.364161,25.563528]]]}},{"type":"Feature","properties":{"capa":"lote","n":1068,"m2":310,"frente":"calle","premio":"","ancho":14.2,"fondo":30.0,"arboles":3},"geometry":{"type":"Polygon","coordinates":[[[-103.36404,25.563594],[-103.364161,25.563528],[-103.364272,25.563695],[-103.364153,25.563765],[-103.364144,25.56375],[-103.36404,25.563594]]]}},{"type":"Feature","properties":{"capa":"lote","n":1069,"m2":300,"frente":"calle","premio":"","ancho":13.3,"fondo":30.0,"arboles":1},"geometry":{"type":"Polygon","coordinates":[[[-103.363833,25.563707],[-103.363947,25.563645],[-103.36405,25.563802],[-103.364061,25.563818],[-103.36395,25.563883],[-103.363833,25.563707]]]}},{"type":"Feature","properties":{"capa":"lote","n":1070,"m2":298,"frente":"calle","premio":"","ancho":13.0,"fondo":30.0,"arboles":1},"geometry":{"type":"Polygon","coordinates":[[[-103.363723,25.563767],[-103.363833,25.563707],[-103.36395,25.563883],[-103.363842,25.563947],[-103.363723,25.563767]]]}},{"type":"Feature","properties":{"capa":"lote","n":1071,"m2":303,"frente":"calle","premio":"","ancho":13.0,"fondo":30.0,"arboles":2},"geometry":{"type":"Polygon","coordinates":[[[-103.363612,25.563827],[-103.363723,25.563767],[-103.363842,25.563947],[-103.363733,25.56401],[-103.363612,25.563827]]]}},{"type":"Feature","properties":{"capa":"lote","n":1072,"m2":309,"frente":"calle","premio":"","ancho":13.0,"fondo":30.0,"arboles":2},"geometry":{"type":"Polygon","coordinates":[[[-103.363502,25.563887],[-103.363612,25.563827],[-103.363733,25.56401],[-103.363625,25.564073],[-103.363502,25.563887]]]}},{"type":"Feature","properties":{"capa":"lote","n":1073,"m2":303,"frente":"calle","premio":"","ancho":13.0,"fondo":30.0,"arboles":3},"geometry":{"type":"Polygon","coordinates":[[[-103.363391,25.563948],[-103.363502,25.563887],[-103.363625,25.564073],[-103.363622,25.564075],[-103.363508,25.564124],[-103.363391,25.563948]]]}},{"type":"Feature","properties":{"capa":"lote","n":1074,"m2":286,"frente":"calle","premio":"","ancho":13.0,"fondo":30.0,"arboles":2},"geometry":{"type":"Polygon","coordinates":[[[-103.363281,25.564008],[-103.363391,25.563948],[-103.363508,25.564124],[-103.36339,25.564174],[-103.363281,25.564008]]]}},{"type":"Feature","properties":{"capa":"lote","n":1075,"m2":270,"frente":"calle","premio":"","ancho":13.0,"fondo":30.0,"arboles":2},"geometry":{"type":"Polygon","coordinates":[[[-103.36317,25.564068],[-103.363281,25.564008],[-103.36339,25.564174],[-103.363273,25.564224],[-103.36317,25.564068]]]}},{"type":"Feature","properties":{"capa":"lote","n":1076,"m2":253,"frente":"calle","premio":"","ancho":13.0,"fondo":30.0,"arboles":1},"geometry":{"type":"Polygon","coordinates":[[[-103.363059,25.564128],[-103.36317,25.564068],[-103.363273,25.564224],[-103.363156,25.564274],[-103.363059,25.564128]]]}}]}