{"type":"FeatureCollection","features":[{"type":"Feature","properties":{},"geometry":{"type":"Polygon","coordinates":[[[-103.357955,25.564212],[-103.357805,25.563978],[-103.357716,25.564025],[-103.357866,25.564259],[-103.357955,25.564212]]]}},{"type":"Feature","properties":{},"geometry":{"type":"Polygon","coordinates":[[[-103.358044,25.564165],[-103.357893,25.563931],[-103.357805,25.563978],[-103.357955,25.564212],[-103.358044,25.564165]]]}},{"type":"Feature","properties":{},"geometry":{"type":"Polygon","coordinates":[[[-103.358133,25.564118],[-103.357982,25.563884],[-103.357893,25.563931],[-103.358044,25.564165],[-103.358133,25.564118]]]}},{"type":"Feature","properties":{},"geometry":{"type":"Polygon","coordinates":[[[-103.358222,25.564071],[-103.358071,25.563837],[-103.357982,25.563884],[-103.358133,25.564118],[-103.358222,25.564071]]]}},{"type":"Feature","properties":{},"geometry":{"type":"Polygon","coordinates":[[[-103.35831,25.564024],[-103.35816,25.56379],[-103.358071,25.563837],[-103.358222,25.564071],[-103.35831,25.564024]]]}},{"type":"Feature","properties":{},"geometry":{"type":"Polygon","coordinates":[[[-103.358399,25.563977],[-103.358249,25.563743],[-103.35816,25.56379],[-103.35831,25.564024],[-103.358399,25.563977]]]}},{"type":"Feature","properties":{},"geometry":{"type":"Polygon","coordinates":[[[-103.358488,25.56393],[-103.358338,25.563696],[-103.358249,25.563743],[-103.358399,25.563977],[-103.358488,25.56393]]]}},{"type":"Feature","properties":{},"geometry":{"type":"Polygon","coordinates":[[[-103.35868,25.563828],[-103.35853,25.563594],[-103.358441,25.563641],[-103.358591,25.563875],[-103.35868,25.563828]]]}},{"type":"Feature","properties":{},"geometry":{"type":"Polygon","coordinates":[[[-103.358769,25.563781],[-103.358618,25.563547],[-103.35853,25.563594],[-103.35868,25.563828],[-103.358769,25.563781]]]}},{"type":"Feature","properties":{},"geometry":{"type":"Polygon","coordinates":[[[-103.358858,25.563734],[-103.358707,25.5635],[-103.358618,25.563547],[-103.358769,25.563781],[-103.358858,25.563734]]]}},{"type":"Feature","properties":{},"geometry":{"type":"Polygon","coordinates":[[[-103.358947,25.563687],[-103.358796,25.563453],[-103.358707,25.5635],[-103.358858,25.563734],[-103.358947,25.563687]]]}},{"type":"Feature","properties":{},"geometry":{"type":"Polygon","coordinates":[[[-103.359035,25.56364],[-103.358885,25.563406],[-103.358796,25.563453],[-103.358947,25.563687],[-103.359035,25.56364]]]}},{"type":"Feature","properties":{},"geometry":{"type":"Polygon","coordinates":[[[-103.359124,25.563593],[-103.358974,25.563359],[-103.358885,25.563406],[-103.359035,25.56364],[-103.359124,25.563593]]]}},{"type":"Feature","properties":{},"geometry":{"type":"Polygon","coordinates":[[[-103.359213,25.563546],[-103.359063,25.563312],[-103.358974,25.563359],[-103.359124,25.563593],[-103.359213,25.563546]]]}},{"type":"Feature","properties":{},"geometry":{"type":"Polygon","coordinates":[[[-103.359302,25.563499],[-103.359151,25.563265],[-103.359063,25.563312],[-103.359213,25.563546],[-103.359302,25.563499]]]}},{"type":"Feature","properties":{},"geometry":{"type":"Polygon","coordinates":[[[-103.359391,25.563452],[-103.35924,25.563218],[-103.359151,25.563265],[-103.359302,25.563499],[-103.359391,25.563452]]]}},{"type":"Feature","properties":{},"geometry":{"type":"Polygon","coordinates":[[[-103.35948,25.563405],[-103.359329,25.563171],[-103.35924,25.563218],[-103.359391,25.563452],[-103.35948,25.563405]]]}},{"type":"Feature","properties":{},"geometry":{"type":"Polygon","coordinates":[[[-103.359568,25.563358],[-103.359418,25.563124],[-103.359329,25.563171],[-103.35948,25.563405],[-103.359568,25.563358]]]}},{"type":"Feature","properties":{},"geometry":{"type":"Polygon","coordinates":[[[-103.359657,25.563311],[-103.359507,25.563077],[-103.359418,25.563124],[-103.359568,25.563358],[-103.359657,25.563311]]]}},{"type":"Feature","properties":{},"geometry":{"type":"Polygon","coordinates":[[[-103.359746,25.563264],[-103.359596,25.56303],[-103.359507,25.563077],[-103.359657,25.563311],[-103.359746,25.563264]]]}},{"type":"Feature","properties":{},"geometry":{"type":"Polygon","coordinates":[[[-103.359835,25.563217],[-103.359685,25.562983],[-103.359596,25.56303],[-103.359746,25.563264],[-103.359835,25.563217]]]}},{"type":"Feature","properties":{},"geometry":{"type":"Polygon","coordinates":[[[-103.359924,25.56317],[-103.359773,25.562936],[-103.359685,25.562983],[-103.359835,25.563217],[-103.359924,25.56317]]]}},{"type":"Feature","properties":{},"geometry":{"type":"Polygon","coordinates":[[[-103.360013,25.563123],[-103.359862,25.562889],[-103.359773,25.562936],[-103.359924,25.56317],[-103.360013,25.563123]]]}},{"type":"Feature","properties":{},"geometry":{"type":"Polygon","coordinates":[[[-103.360205,25.563022],[-103.360054,25.562788],[-103.359965,25.562835],[-103.360116,25.563069],[-103.360205,25.563022]]]}},{"type":"Feature","properties":{},"geometry":{"type":"Polygon","coordinates":[[[-103.360293,25.562975],[-103.360143,25.562741],[-103.360054,25.562788],[-103.360205,25.563022],[-103.360293,25.562975]]]}},{"type":"Feature","properties":{},"geometry":{"type":"Polygon","coordinates":[[[-103.360382,25.562928],[-103.360232,25.562694],[-103.360143,25.562741],[-103.360293,25.562975],[-103.360382,25.562928]]]}},{"type":"Feature","properties":{},"geometry":{"type":"Polygon","coordinates":[[[-103.360471,25.562881],[-103.360321,25.562647],[-103.360232,25.562694],[-103.360382,25.562928],[-103.360471,25.562881]]]}},{"type":"Feature","properties":{},"geometry":{"type":"Polygon","coordinates":[[[-103.36056,25.562834],[-103.36041,25.5626],[-103.360321,25.562647],[-103.360471,25.562881],[-103.36056,25.562834]]]}},{"type":"Feature","properties":{},"geometry":{"type":"Polygon","coordinates":[[[-103.360649,25.562787],[-103.360498,25.562553],[-103.36041,25.5626],[-103.36056,25.562834],[-103.360649,25.562787]]]}},{"type":"Feature","properties":{},"geometry":{"type":"Polygon","coordinates":[[[-103.360738,25.56274],[-103.360587,25.562506],[-103.360498,25.562553],[-103.360649,25.562787],[-103.360738,25.56274]]]}},{"type":"Feature","properties":{},"geometry":{"type":"Polygon","coordinates":[[[-103.360826,25.562693],[-103.360676,25.562459],[-103.360587,25.562506],[-103.360738,25.56274],[-103.360826,25.562693]]]}},{"type":"Feature","properties":{},"geometry":{"type":"Polygon","coordinates":[[[-103.360915,25.562646],[-103.360765,25.562412],[-103.360676,25.562459],[-103.360826,25.562693],[-103.360915,25.562646]]]}},{"type":"Feature","properties":{},"geometry":{"type":"Polygon","coordinates":[[[-103.361004,25.562599],[-103.360854,25.562365],[-103.360765,25.562412],[-103.360915,25.562646],[-103.361004,25.562599]]]}},{"type":"Feature","properties":{},"geometry":{"type":"Polygon","coordinates":[[[-103.361093,25.562552],[-103.360943,25.562318],[-103.360854,25.562365],[-103.361004,25.562599],[-103.361093,25.562552]]]}},{"type":"Feature","properties":{},"geometry":{"type":"Polygon","coordinates":[[[-103.361182,25.562505],[-103.361031,25.562271],[-103.360943,25.562318],[-103.361093,25.562552],[-103.361182,25.562505]]]}},{"type":"Feature","properties":{},"geometry":{"type":"Polygon","coordinates":[[[-103.361271,25.562458],[-103.36112,25.562224],[-103.361031,25.562271],[-103.361182,25.562505],[-103.361271,25.562458]]]}},{"type":"Feature","properties":{},"geometry":{"type":"Polygon","coordinates":[[[-103.36136,25.562411],[-103.361209,25.562177],[-103.36112,25.562224],[-103.361271,25.562458],[-103.36136,25.562411]]]}},{"type":"Feature","properties":{},"geometry":{"type":"Polygon","coordinates":[[[-103.361448,25.562364],[-103.361298,25.56213],[-103.361209,25.562177],[-103.36136,25.562411],[-103.361448,25.562364]]]}},{"type":"Feature","properties":{},"geometry":{"type":"Polygon","coordinates":[[[-103.361537,25.562317],[-103.361387,25.562083],[-103.361298,25.56213],[-103.361448,25.562364],[-103.361537,25.562317]]]}},{"type":"Feature","properties":{},"geometry":{"type":"Polygon","coordinates":[[[-103.361729,25.562215],[-103.361579,25.561981],[-103.36149,25.562028],[-103.36164,25.562262],[-103.361729,25.562215]]]}},{"type":"Feature","properties":{},"geometry":{"type":"Polygon","coordinates":[[[-103.361818,25.562168],[-103.361668,25.561934],[-103.361579,25.561981],[-103.361729,25.562215],[-103.361818,25.562168]]]}},{"type":"Feature","properties":{},"geometry":{"type":"Polygon","coordinates":[[[-103.361907,25.562121],[-103.361756,25.561887],[-103.361668,25.561934],[-103.361818,25.562168],[-103.361907,25.562121]]]}},{"type":"Feature","properties":{},"geometry":{"type":"Polygon","coordinates":[[[-103.361996,25.562074],[-103.361845,25.56184],[-103.361756,25.561887],[-103.361907,25.562121],[-103.361996,25.562074]]]}},{"type":"Feature","properties":{},"geometry":{"type":"Polygon","coordinates":[[[-103.362085,25.562027],[-103.361934,25.561793],[-103.361845,25.56184],[-103.361996,25.562074],[-103.362085,25.562027]]]}},{"type":"Feature","properties":{},"geometry":{"type":"Polygon","coordinates":[[[-103.362173,25.56198],[-103.362023,25.561746],[-103.361934,25.561793],[-103.362085,25.562027],[-103.362173,25.56198]]]}},{"type":"Feature","properties":{},"geometry":{"type":"Polygon","coordinates":[[[-103.362262,25.561933],[-103.362112,25.561699],[-103.362023,25.561746],[-103.362173,25.56198],[-103.362262,25.561933]]]}},{"type":"Feature","properties":{},"geometry":{"type":"Polygon","coordinates":[[[-103.362351,25.561886],[-103.362201,25.561652],[-103.362112,25.561699],[-103.362262,25.561933],[-103.362351,25.561886]]]}},{"type":"Feature","properties":{},"geometry":{"type":"Polygon","coordinates":[[[-103.363343,25.561362],[-103.363192,25.561128],[-103.363103,25.561175],[-103.363254,25.561409],[-103.363343,25.561362]]]}},{"type":"Feature","properties":{},"geometry":{"type":"Polygon","coordinates":[[[-103.363431,25.561315],[-103.363281,25.561081],[-103.363192,25.561128],[-103.363343,25.561362],[-103.363431,25.561315]]]}},{"type":"Feature","properties":{},"geometry":{"type":"Polygon","coordinates":[[[-103.36352,25.561268],[-103.36337,25.561034],[-103.363281,25.561081],[-103.363431,25.561315],[-103.36352,25.561268]]]}},{"type":"Feature","properties":{},"geometry":{"type":"Polygon","coordinates":[[[-103.363609,25.561221],[-103.363459,25.560987],[-103.36337,25.561034],[-103.36352,25.561268],[-103.363609,25.561221]]]}},{"type":"Feature","properties":{},"geometry":{"type":"Polygon","coordinates":[[[-103.363698,25.561174],[-103.363548,25.56094],[-103.363459,25.560987],[-103.363609,25.561221],[-103.363698,25.561174]]]}},{"type":"Feature","properties":{},"geometry":{"type":"Polygon","coordinates":[[[-103.363787,25.561127],[-103.363636,25.560893],[-103.363548,25.56094],[-103.363698,25.561174],[-103.363787,25.561127]]]}},{"type":"Feature","properties":{},"geometry":{"type":"Polygon","coordinates":[[[-103.363876,25.56108],[-103.363725,25.560846],[-103.363636,25.560893],[-103.363787,25.561127],[-103.363876,25.56108]]]}},{"type":"Feature","properties":{},"geometry":{"type":"Polygon","coordinates":[[[-103.363964,25.561033],[-103.363814,25.560799],[-103.363725,25.560846],[-103.363876,25.56108],[-103.363964,25.561033]]]}},{"type":"Feature","properties":{},"geometry":{"type":"Polygon","coordinates":[[[-103.364053,25.560986],[-103.363903,25.560752],[-103.363814,25.560799],[-103.363964,25.561033],[-103.364053,25.560986]]]}},{"type":"Feature","properties":{},"geometry":{"type":"Polygon","coordinates":[[[-103.364142,25.560939],[-103.363992,25.560705],[-103.363903,25.560752],[-103.364053,25.560986],[-103.364142,25.560939]]]}},{"type":"Feature","properties":{},"geometry":{"type":"Polygon","coordinates":[[[-103.364231,25.560892],[-103.364081,25.560658],[-103.363992,25.560705],[-103.364142,25.560939],[-103.364231,25.560892]]]}},{"type":"Feature","properties":{},"geometry":{"type":"Polygon","coordinates":[[[-103.36432,25.560845],[-103.364169,25.560611],[-103.364081,25.560658],[-103.364231,25.560892],[-103.36432,25.560845]]]}},{"type":"Feature","properties":{},"geometry":{"type":"Polygon","coordinates":[[[-103.364409,25.560798],[-103.364258,25.560564],[-103.364169,25.560611],[-103.36432,25.560845],[-103.364409,25.560798]]]}},{"type":"Feature","properties":{},"geometry":{"type":"Polygon","coordinates":[[[-103.364497,25.560751],[-103.364347,25.560517],[-103.364258,25.560564],[-103.364409,25.560798],[-103.364497,25.560751]]]}},{"type":"Feature","properties":{},"geometry":{"type":"Polygon","coordinates":[[[-103.364586,25.560704],[-103.364436,25.56047],[-103.364347,25.560517],[-103.364497,25.560751],[-103.364586,25.560704]]]}},{"type":"Feature","properties":{},"geometry":{"type":"Polygon","coordinates":[[[-103.364778,25.560602],[-103.364628,25.560368],[-103.364539,25.560415],[-103.364689,25.560649],[-103.364778,25.560602]]]}},{"type":"Feature","properties":{},"geometry":{"type":"Polygon","coordinates":[[[-103.364867,25.560555],[-103.364717,25.560321],[-103.364628,25.560368],[-103.364778,25.560602],[-103.364867,25.560555]]]}},{"type":"Feature","properties":{},"geometry":{"type":"Polygon","coordinates":[[[-103.364956,25.560508],[-103.364806,25.560274],[-103.364717,25.560321],[-103.364867,25.560555],[-103.364956,25.560508]]]}},{"type":"Feature","properties":{},"geometry":{"type":"Polygon","coordinates":[[[-103.365045,25.560461],[-103.364894,25.560227],[-103.364806,25.560274],[-103.364956,25.560508],[-103.365045,25.560461]]]}},{"type":"Feature","properties":{},"geometry":{"type":"Polygon","coordinates":[[[-103.366111,25.559897],[-103.36596,25.559663],[-103.365872,25.55971],[-103.366022,25.559944],[-103.366111,25.559897]]]}},{"type":"Feature","properties":{},"geometry":{"type":"Polygon","coordinates":[[[-103.366303,25.559796],[-103.366152,25.559562],[-103.366064,25.559609],[-103.366214,25.559843],[-103.366303,25.559796]]]}},{"type":"Feature","properties":{},"geometry":{"type":"Polygon","coordinates":[[[-103.366392,25.559749],[-103.366241,25.559515],[-103.366152,25.559562],[-103.366303,25.559796],[-103.366392,25.559749]]]}},{"type":"Feature","properties":{},"geometry":{"type":"Polygon","coordinates":[[[-103.36648,25.559702],[-103.36633,25.559468],[-103.366241,25.559515],[-103.366392,25.559749],[-103.36648,25.559702]]]}},{"type":"Feature","properties":{},"geometry":{"type":"Polygon","coordinates":[[[-103.366569,25.559655],[-103.366419,25.559421],[-103.36633,25.559468],[-103.36648,25.559702],[-103.366569,25.559655]]]}},{"type":"Feature","properties":{},"geometry":{"type":"Polygon","coordinates":[[[-103.366658,25.559608],[-103.366508,25.559374],[-103.366419,25.559421],[-103.366569,25.559655],[-103.366658,25.559608]]]}},{"type":"Feature","properties":{},"geometry":{"type":"Polygon","coordinates":[[[-103.366747,25.559561],[-103.366597,25.559327],[-103.366508,25.559374],[-103.366658,25.559608],[-103.366747,25.559561]]]}},{"type":"Feature","properties":{},"geometry":{"type":"Polygon","coordinates":[[[-103.366836,25.559514],[-103.366685,25.55928],[-103.366597,25.559327],[-103.366747,25.559561],[-103.366836,25.559514]]]}},{"type":"Feature","properties":{},"geometry":{"type":"Polygon","coordinates":[[[-103.366925,25.559467],[-103.366774,25.559233],[-103.366685,25.55928],[-103.366836,25.559514],[-103.366925,25.559467]]]}},{"type":"Feature","properties":{},"geometry":{"type":"Polygon","coordinates":[[[-103.367013,25.55942],[-103.366863,25.559186],[-103.366774,25.559233],[-103.366925,25.559467],[-103.367013,25.55942]]]}},{"type":"Feature","properties":{},"geometry":{"type":"Polygon","coordinates":[[[-103.367102,25.559373],[-103.366952,25.559139],[-103.366863,25.559186],[-103.367013,25.55942],[-103.367102,25.559373]]]}},{"type":"Feature","properties":{},"geometry":{"type":"Polygon","coordinates":[[[-103.367191,25.559326],[-103.367041,25.559092],[-103.366952,25.559139],[-103.367102,25.559373],[-103.367191,25.559326]]]}},{"type":"Feature","properties":{},"geometry":{"type":"Polygon","coordinates":[[[-103.36728,25.559279],[-103.36713,25.559045],[-103.367041,25.559092],[-103.367191,25.559326],[-103.36728,25.559279]]]}},{"type":"Feature","properties":{},"geometry":{"type":"Polygon","coordinates":[[[-103.367369,25.559232],[-103.367218,25.558998],[-103.36713,25.559045],[-103.36728,25.559279],[-103.367369,25.559232]]]}},{"type":"Feature","properties":{},"geometry":{"type":"Polygon","coordinates":[[[-103.367458,25.559185],[-103.367307,25.558951],[-103.367218,25.558998],[-103.367369,25.559232],[-103.367458,25.559185]]]}},{"type":"Feature","properties":{},"geometry":{"type":"Polygon","coordinates":[[[-103.367546,25.559138],[-103.367396,25.558904],[-103.367307,25.558951],[-103.367458,25.559185],[-103.367546,25.559138]]]}},{"type":"Feature","properties":{},"geometry":{"type":"Polygon","coordinates":[[[-103.367635,25.559091],[-103.367485,25.558857],[-103.367396,25.558904],[-103.367546,25.559138],[-103.367635,25.559091]]]}},{"type":"Feature","properties":{},"geometry":{"type":"Polygon","coordinates":[[[-103.367827,25.558989],[-103.367677,25.558755],[-103.367588,25.558802],[-103.367738,25.559036],[-103.367827,25.558989]]]}},{"type":"Feature","properties":{},"geometry":{"type":"Polygon","coordinates":[[[-103.367916,25.558942],[-103.367766,25.558708],[-103.367677,25.558755],[-103.367827,25.558989],[-103.367916,25.558942]]]}},{"type":"Feature","properties":{},"geometry":{"type":"Polygon","coordinates":[[[-103.368005,25.558895],[-103.367855,25.558661],[-103.367766,25.558708],[-103.367916,25.558942],[-103.368005,25.558895]]]}},{"type":"Feature","properties":{},"geometry":{"type":"Polygon","coordinates":[[[-103.368094,25.558848],[-103.367943,25.558614],[-103.367855,25.558661],[-103.368005,25.558895],[-103.368094,25.558848]]]}},{"type":"Feature","properties":{},"geometry":{"type":"Polygon","coordinates":[[[-103.368183,25.558801],[-103.368032,25.558567],[-103.367943,25.558614],[-103.368094,25.558848],[-103.368183,25.558801]]]}},{"type":"Feature","properties":{},"geometry":{"type":"Polygon","coordinates":[[[-103.368271,25.558754],[-103.368121,25.55852],[-103.368032,25.558567],[-103.368183,25.558801],[-103.368271,25.558754]]]}},{"type":"Feature","properties":{},"geometry":{"type":"Polygon","coordinates":[[[-103.357982,25.563884],[-103.357832,25.56365],[-103.357743,25.563697],[-103.357893,25.563931],[-103.357982,25.563884]]]}},{"type":"Feature","properties":{},"geometry":{"type":"Polygon","coordinates":[[[-103.358071,25.563837],[-103.357921,25.563603],[-103.357832,25.56365],[-103.357982,25.563884],[-103.358071,25.563837]]]}},{"type":"Feature","properties":{},"geometry":{"type":"Polygon","coordinates":[[[-103.35816,25.56379],[-103.35801,25.563556],[-103.357921,25.563603],[-103.358071,25.563837],[-103.35816,25.56379]]]}},{"type":"Feature","properties":{},"geometry":{"type":"Polygon","coordinates":[[[-103.358249,25.563743],[-103.358098,25.563509],[-103.35801,25.563556],[-103.35816,25.56379],[-103.358249,25.563743]]]}},{"type":"Feature","properties":{},"geometry":{"type":"Polygon","coordinates":[[[-103.358338,25.563696],[-103.358187,25.563462],[-103.358098,25.563509],[-103.358249,25.563743],[-103.358338,25.563696]]]}},{"type":"Feature","properties":{},"geometry":{"type":"Polygon","coordinates":[[[-103.35853,25.563594],[-103.358379,25.56336],[-103.35829,25.563407],[-103.358441,25.563641],[-103.35853,25.563594]]]}},{"type":"Feature","properties":{},"geometry":{"type":"Polygon","coordinates":[[[-103.358618,25.563547],[-103.358468,25.563313],[-103.358379,25.56336],[-103.35853,25.563594],[-103.358618,25.563547]]]}},{"type":"Feature","properties":{},"geometry":{"type":"Polygon","coordinates":[[[-103.358707,25.5635],[-103.358557,25.563266],[-103.358468,25.563313],[-103.358618,25.563547],[-103.358707,25.5635]]]}},{"type":"Feature","properties":{},"geometry":{"type":"Polygon","coordinates":[[[-103.358796,25.563453],[-103.358646,25.563219],[-103.358557,25.563266],[-103.358707,25.5635],[-103.358796,25.563453]]]}},{"type":"Feature","properties":{},"geometry":{"type":"Polygon","coordinates":[[[-103.358885,25.563406],[-103.358735,25.563172],[-103.358646,25.563219],[-103.358796,25.563453],[-103.358885,25.563406]]]}},{"type":"Feature","properties":{},"geometry":{"type":"Polygon","coordinates":[[[-103.358974,25.563359],[-103.358823,25.563125],[-103.358735,25.563172],[-103.358885,25.563406],[-103.358974,25.563359]]]}},{"type":"Feature","properties":{},"geometry":{"type":"Polygon","coordinates":[[[-103.359063,25.563312],[-103.358912,25.563078],[-103.358823,25.563125],[-103.358974,25.563359],[-103.359063,25.563312]]]}},{"type":"Feature","properties":{},"geometry":{"type":"Polygon","coordinates":[[[-103.359151,25.563265],[-103.359001,25.563031],[-103.358912,25.563078],[-103.359063,25.563312],[-103.359151,25.563265]]]}},{"type":"Feature","properties":{},"geometry":{"type":"Polygon","coordinates":[[[-103.35924,25.563218],[-103.35909,25.562984],[-103.359001,25.563031],[-103.359151,25.563265],[-103.35924,25.563218]]]}},{"type":"Feature","properties":{},"geometry":{"type":"Polygon","coordinates":[[[-103.359329,25.563171],[-103.359179,25.562937],[-103.35909,25.562984],[-103.35924,25.563218],[-103.359329,25.563171]]]}},{"type":"Feature","properties":{},"geometry":{"type":"Polygon","coordinates":[[[-103.359418,25.563124],[-103.359268,25.56289],[-103.359179,25.562937],[-103.359329,25.563171],[-103.359418,25.563124]]]}},{"type":"Feature","properties":{},"geometry":{"type":"Polygon","coordinates":[[[-103.359507,25.563077],[-103.359356,25.562843],[-103.359268,25.56289],[-103.359418,25.563124],[-103.359507,25.563077]]]}},{"type":"Feature","properties":{},"geometry":{"type":"Polygon","coordinates":[[[-103.359596,25.56303],[-103.359445,25.562796],[-103.359356,25.562843],[-103.359507,25.563077],[-103.359596,25.56303]]]}},{"type":"Feature","properties":{},"geometry":{"type":"Polygon","coordinates":[[[-103.359685,25.562983],[-103.359534,25.562749],[-103.359445,25.562796],[-103.359596,25.56303],[-103.359685,25.562983]]]}},{"type":"Feature","properties":{},"geometry":{"type":"Polygon","coordinates":[[[-103.359773,25.562936],[-103.359623,25.562702],[-103.359534,25.562749],[-103.359685,25.562983],[-103.359773,25.562936]]]}},{"type":"Feature","properties":{},"geometry":{"type":"Polygon","coordinates":[[[-103.359862,25.562889],[-103.359712,25.562655],[-103.359623,25.562702],[-103.359773,25.562936],[-103.359862,25.562889]]]}},{"type":"Feature","properties":{},"geometry":{"type":"Polygon","coordinates":[[[-103.360054,25.562788],[-103.359904,25.562554],[-103.359815,25.562601],[-103.359965,25.562835],[-103.360054,25.562788]]]}},{"type":"Feature","properties":{},"geometry":{"type":"Polygon","coordinates":[[[-103.360143,25.562741],[-103.359993,25.562507],[-103.359904,25.562554],[-103.360054,25.562788],[-103.360143,25.562741]]]}},{"type":"Feature","properties":{},"geometry":{"type":"Polygon","coordinates":[[[-103.360232,25.562694],[-103.360081,25.56246],[-103.359993,25.562507],[-103.360143,25.562741],[-103.360232,25.562694]]]}},{"type":"Feature","properties":{},"geometry":{"type":"Polygon","coordinates":[[[-103.360321,25.562647],[-103.36017,25.562413],[-103.360081,25.56246],[-103.360232,25.562694],[-103.360321,25.562647]]]}},{"type":"Feature","properties":{},"geometry":{"type":"Polygon","coordinates":[[[-103.36041,25.5626],[-103.360259,25.562366],[-103.36017,25.562413],[-103.360321,25.562647],[-103.36041,25.5626]]]}},{"type":"Feature","properties":{},"geometry":{"type":"Polygon","coordinates":[[[-103.360498,25.562553],[-103.360348,25.562319],[-103.360259,25.562366],[-103.36041,25.5626],[-103.360498,25.562553]]]}},{"type":"Feature","properties":{},"geometry":{"type":"Polygon","coordinates":[[[-103.360587,25.562506],[-103.360437,25.562272],[-103.360348,25.562319],[-103.360498,25.562553],[-103.360587,25.562506]]]}},{"type":"Feature","properties":{},"geometry":{"type":"Polygon","coordinates":[[[-103.360676,25.562459],[-103.360526,25.562225],[-103.360437,25.562272],[-103.360587,25.562506],[-103.360676,25.562459]]]}},{"type":"Feature","properties":{},"geometry":{"type":"Polygon","coordinates":[[[-103.360765,25.562412],[-103.360615,25.562178],[-103.360526,25.562225],[-103.360676,25.562459],[-103.360765,25.562412]]]}},{"type":"Feature","properties":{},"geometry":{"type":"Polygon","coordinates":[[[-103.360854,25.562365],[-103.360703,25.562131],[-103.360615,25.562178],[-103.360765,25.562412],[-103.360854,25.562365]]]}},{"type":"Feature","properties":{},"geometry":{"type":"Polygon","coordinates":[[[-103.360943,25.562318],[-103.360792,25.562084],[-103.360703,25.562131],[-103.360854,25.562365],[-103.360943,25.562318]]]}},{"type":"Feature","properties":{},"geometry":{"type":"Polygon","coordinates":[[[-103.361031,25.562271],[-103.360881,25.562037],[-103.360792,25.562084],[-103.360943,25.562318],[-103.361031,25.562271]]]}},{"type":"Feature","properties":{},"geometry":{"type":"Polygon","coordinates":[[[-103.36112,25.562224],[-103.36097,25.56199],[-103.360881,25.562037],[-103.361031,25.562271],[-103.36112,25.562224]]]}},{"type":"Feature","properties":{},"geometry":{"type":"Polygon","coordinates":[[[-103.361209,25.562177],[-103.361059,25.561943],[-103.36097,25.56199],[-103.36112,25.562224],[-103.361209,25.562177]]]}},{"type":"Feature","properties":{},"geometry":{"type":"Polygon","coordinates":[[[-103.361298,25.56213],[-103.361148,25.561896],[-103.361059,25.561943],[-103.361209,25.562177],[-103.361298,25.56213]]]}},{"type":"Feature","properties":{},"geometry":{"type":"Polygon","coordinates":[[[-103.361387,25.562083],[-103.361236,25.561849],[-103.361148,25.561896],[-103.361298,25.56213],[-103.361387,25.562083]]]}},{"type":"Feature","properties":{},"geometry":{"type":"Polygon","coordinates":[[[-103.361579,25.561981],[-103.361428,25.561747],[-103.36134,25.561794],[-103.36149,25.562028],[-103.361579,25.561981]]]}},{"type":"Feature","properties":{},"geometry":{"type":"Polygon","coordinates":[[[-103.361668,25.561934],[-103.361517,25.5617],[-103.361428,25.561747],[-103.361579,25.561981],[-103.361668,25.561934]]]}},{"type":"Feature","properties":{},"geometry":{"type":"Polygon","coordinates":[[[-103.361756,25.561887],[-103.361606,25.561653],[-103.361517,25.5617],[-103.361668,25.561934],[-103.361756,25.561887]]]}},{"type":"Feature","properties":{},"geometry":{"type":"Polygon","coordinates":[[[-103.361845,25.56184],[-103.361695,25.561606],[-103.361606,25.561653],[-103.361756,25.561887],[-103.361845,25.56184]]]}},{"type":"Feature","properties":{},"geometry":{"type":"Polygon","coordinates":[[[-103.361934,25.561793],[-103.361784,25.561559],[-103.361695,25.561606],[-103.361845,25.56184],[-103.361934,25.561793]]]}},{"type":"Feature","properties":{},"geometry":{"type":"Polygon","coordinates":[[[-103.362023,25.561746],[-103.361873,25.561512],[-103.361784,25.561559],[-103.361934,25.561793],[-103.362023,25.561746]]]}},{"type":"Feature","properties":{},"geometry":{"type":"Polygon","coordinates":[[[-103.362112,25.561699],[-103.361961,25.561465],[-103.361873,25.561512],[-103.362023,25.561746],[-103.362112,25.561699]]]}},{"type":"Feature","properties":{},"geometry":{"type":"Polygon","coordinates":[[[-103.362201,25.561652],[-103.36205,25.561418],[-103.361961,25.561465],[-103.362112,25.561699],[-103.362201,25.561652]]]}},{"type":"Feature","properties":{},"geometry":{"type":"Polygon","coordinates":[[[-103.363192,25.561128],[-103.363042,25.560894],[-103.362953,25.560941],[-103.363103,25.561175],[-103.363192,25.561128]]]}},{"type":"Feature","properties":{},"geometry":{"type":"Polygon","coordinates":[[[-103.363281,25.561081],[-103.363131,25.560847],[-103.363042,25.560894],[-103.363192,25.561128],[-103.363281,25.561081]]]}},{"type":"Feature","properties":{},"geometry":{"type":"Polygon","coordinates":[[[-103.36337,25.561034],[-103.363219,25.5608],[-103.363131,25.560847],[-103.363281,25.561081],[-103.36337,25.561034]]]}},{"type":"Feature","properties":{},"geometry":{"type":"Polygon","coordinates":[[[-103.363459,25.560987],[-103.363308,25.560753],[-103.363219,25.5608],[-103.36337,25.561034],[-103.363459,25.560987]]]}},{"type":"Feature","properties":{},"geometry":{"type":"Polygon","coordinates":[[[-103.363548,25.56094],[-103.363397,25.560706],[-103.363308,25.560753],[-103.363459,25.560987],[-103.363548,25.56094]]]}},{"type":"Feature","properties":{},"geometry":{"type":"Polygon","coordinates":[[[-103.363636,25.560893],[-103.363486,25.560659],[-103.363397,25.560706],[-103.363548,25.56094],[-103.363636,25.560893]]]}},{"type":"Feature","properties":{},"geometry":{"type":"Polygon","coordinates":[[[-103.363725,25.560846],[-103.363575,25.560612],[-103.363486,25.560659],[-103.363636,25.560893],[-103.363725,25.560846]]]}},{"type":"Feature","properties":{},"geometry":{"type":"Polygon","coordinates":[[[-103.363814,25.560799],[-103.363664,25.560565],[-103.363575,25.560612],[-103.363725,25.560846],[-103.363814,25.560799]]]}},{"type":"Feature","properties":{},"geometry":{"type":"Polygon","coordinates":[[[-103.363903,25.560752],[-103.363752,25.560518],[-103.363664,25.560565],[-103.363814,25.560799],[-103.363903,25.560752]]]}},{"type":"Feature","properties":{},"geometry":{"type":"Polygon","coordinates":[[[-103.363992,25.560705],[-103.363841,25.560471],[-103.363752,25.560518],[-103.363903,25.560752],[-103.363992,25.560705]]]}},{"type":"Feature","properties":{},"geometry":{"type":"Polygon","coordinates":[[[-103.364081,25.560658],[-103.36393,25.560424],[-103.363841,25.560471],[-103.363992,25.560705],[-103.364081,25.560658]]]}},{"type":"Feature","properties":{},"geometry":{"type":"Polygon","coordinates":[[[-103.364169,25.560611],[-103.364019,25.560377],[-103.36393,25.560424],[-103.364081,25.560658],[-103.364169,25.560611]]]}},{"type":"Feature","properties":{},"geometry":{"type":"Polygon","coordinates":[[[-103.364258,25.560564],[-103.364108,25.56033],[-103.364019,25.560377],[-103.364169,25.560611],[-103.364258,25.560564]]]}},{"type":"Feature","properties":{},"geometry":{"type":"Polygon","coordinates":[[[-103.364347,25.560517],[-103.364197,25.560283],[-103.364108,25.56033],[-103.364258,25.560564],[-103.364347,25.560517]]]}},{"type":"Feature","properties":{},"geometry":{"type":"Polygon","coordinates":[[[-103.364436,25.56047],[-103.364285,25.560236],[-103.364197,25.560283],[-103.364347,25.560517],[-103.364436,25.56047]]]}},{"type":"Feature","properties":{},"geometry":{"type":"Polygon","coordinates":[[[-103.364628,25.560368],[-103.364477,25.560134],[-103.364389,25.560181],[-103.364539,25.560415],[-103.364628,25.560368]]]}},{"type":"Feature","properties":{},"geometry":{"type":"Polygon","coordinates":[[[-103.364717,25.560321],[-103.364566,25.560087],[-103.364477,25.560134],[-103.364628,25.560368],[-103.364717,25.560321]]]}},{"type":"Feature","properties":{},"geometry":{"type":"Polygon","coordinates":[[[-103.364806,25.560274],[-103.364655,25.56004],[-103.364566,25.560087],[-103.364717,25.560321],[-103.364806,25.560274]]]}},{"type":"Feature","properties":{},"geometry":{"type":"Polygon","coordinates":[[[-103.364894,25.560227],[-103.364744,25.559993],[-103.364655,25.56004],[-103.364806,25.560274],[-103.364894,25.560227]]]}},{"type":"Feature","properties":{},"geometry":{"type":"Polygon","coordinates":[[[-103.36596,25.559663],[-103.36581,25.559429],[-103.365721,25.559476],[-103.365872,25.55971],[-103.36596,25.559663]]]}},{"type":"Feature","properties":{},"geometry":{"type":"Polygon","coordinates":[[[-103.366152,25.559562],[-103.366002,25.559328],[-103.365913,25.559375],[-103.366064,25.559609],[-103.366152,25.559562]]]}},{"type":"Feature","properties":{},"geometry":{"type":"Polygon","coordinates":[[[-103.366241,25.559515],[-103.366091,25.559281],[-103.366002,25.559328],[-103.366152,25.559562],[-103.366241,25.559515]]]}},{"type":"Feature","properties":{},"geometry":{"type":"Polygon","coordinates":[[[-103.36633,25.559468],[-103.36618,25.559234],[-103.366091,25.559281],[-103.366241,25.559515],[-103.36633,25.559468]]]}},{"type":"Feature","properties":{},"geometry":{"type":"Polygon","coordinates":[[[-103.366419,25.559421],[-103.366268,25.559187],[-103.36618,25.559234],[-103.36633,25.559468],[-103.366419,25.559421]]]}},{"type":"Feature","properties":{},"geometry":{"type":"Polygon","coordinates":[[[-103.366508,25.559374],[-103.366357,25.55914],[-103.366268,25.559187],[-103.366419,25.559421],[-103.366508,25.559374]]]}},{"type":"Feature","properties":{},"geometry":{"type":"Polygon","coordinates":[[[-103.366597,25.559327],[-103.366446,25.559093],[-103.366357,25.55914],[-103.366508,25.559374],[-103.366597,25.559327]]]}},{"type":"Feature","properties":{},"geometry":{"type":"Polygon","coordinates":[[[-103.366685,25.55928],[-103.366535,25.559046],[-103.366446,25.559093],[-103.366597,25.559327],[-103.366685,25.55928]]]}},{"type":"Feature","properties":{},"geometry":{"type":"Polygon","coordinates":[[[-103.366774,25.559233],[-103.366624,25.558999],[-103.366535,25.559046],[-103.366685,25.55928],[-103.366774,25.559233]]]}},{"type":"Feature","properties":{},"geometry":{"type":"Polygon","coordinates":[[[-103.366863,25.559186],[-103.366713,25.558952],[-103.366624,25.558999],[-103.366774,25.559233],[-103.366863,25.559186]]]}},{"type":"Feature","properties":{},"geometry":{"type":"Polygon","coordinates":[[[-103.366952,25.559139],[-103.366801,25.558905],[-103.366713,25.558952],[-103.366863,25.559186],[-103.366952,25.559139]]]}},{"type":"Feature","properties":{},"geometry":{"type":"Polygon","coordinates":[[[-103.367041,25.559092],[-103.36689,25.558858],[-103.366801,25.558905],[-103.366952,25.559139],[-103.367041,25.559092]]]}},{"type":"Feature","properties":{},"geometry":{"type":"Polygon","coordinates":[[[-103.36713,25.559045],[-103.366979,25.558811],[-103.36689,25.558858],[-103.367041,25.559092],[-103.36713,25.559045]]]}},{"type":"Feature","properties":{},"geometry":{"type":"Polygon","coordinates":[[[-103.367218,25.558998],[-103.367068,25.558764],[-103.366979,25.558811],[-103.36713,25.559045],[-103.367218,25.558998]]]}},{"type":"Feature","properties":{},"geometry":{"type":"Polygon","coordinates":[[[-103.367307,25.558951],[-103.367157,25.558717],[-103.367068,25.558764],[-103.367218,25.558998],[-103.367307,25.558951]]]}},{"type":"Feature","properties":{},"geometry":{"type":"Polygon","coordinates":[[[-103.367396,25.558904],[-103.367246,25.55867],[-103.367157,25.558717],[-103.367307,25.558951],[-103.367396,25.558904]]]}},{"type":"Feature","properties":{},"geometry":{"type":"Polygon","coordinates":[[[-103.367485,25.558857],[-103.367334,25.558623],[-103.367246,25.55867],[-103.367396,25.558904],[-103.367485,25.558857]]]}},{"type":"Feature","properties":{},"geometry":{"type":"Polygon","coordinates":[[[-103.367677,25.558755],[-103.367526,25.558521],[-103.367438,25.558568],[-103.367588,25.558802],[-103.367677,25.558755]]]}},{"type":"Feature","properties":{},"geometry":{"type":"Polygon","coordinates":[[[-103.367766,25.558708],[-103.367615,25.558474],[-103.367526,25.558521],[-103.367677,25.558755],[-103.367766,25.558708]]]}},{"type":"Feature","properties":{},"geometry":{"type":"Polygon","coordinates":[[[-103.358038,25.563415],[-103.357888,25.563181],[-103.357799,25.563228],[-103.357949,25.563462],[-103.358038,25.563415]]]}},{"type":"Feature","properties":{},"geometry":{"type":"Polygon","coordinates":[[[-103.358127,25.563368],[-103.357977,25.563134],[-103.357888,25.563181],[-103.358038,25.563415],[-103.358127,25.563368]]]}},{"type":"Feature","properties":{},"geometry":{"type":"Polygon","coordinates":[[[-103.358319,25.563267],[-103.358169,25.563033],[-103.35808,25.56308],[-103.35823,25.563314],[-103.358319,25.563267]]]}},{"type":"Feature","properties":{},"geometry":{"type":"Polygon","coordinates":[[[-103.358408,25.56322],[-103.358257,25.562986],[-103.358169,25.563033],[-103.358319,25.563267],[-103.358408,25.56322]]]}},{"type":"Feature","properties":{},"geometry":{"type":"Polygon","coordinates":[[[-103.358497,25.563173],[-103.358346,25.562939],[-103.358257,25.562986],[-103.358408,25.56322],[-103.358497,25.563173]]]}},{"type":"Feature","properties":{},"geometry":{"type":"Polygon","coordinates":[[[-103.358586,25.563126],[-103.358435,25.562892],[-103.358346,25.562939],[-103.358497,25.563173],[-103.358586,25.563126]]]}},{"type":"Feature","properties":{},"geometry":{"type":"Polygon","coordinates":[[[-103.358674,25.563079],[-103.358524,25.562845],[-103.358435,25.562892],[-103.358586,25.563126],[-103.358674,25.563079]]]}},{"type":"Feature","properties":{},"geometry":{"type":"Polygon","coordinates":[[[-103.358763,25.563032],[-103.358613,25.562798],[-103.358524,25.562845],[-103.358674,25.563079],[-103.358763,25.563032]]]}},{"type":"Feature","properties":{},"geometry":{"type":"Polygon","coordinates":[[[-103.358852,25.562985],[-103.358702,25.562751],[-103.358613,25.562798],[-103.358763,25.563032],[-103.358852,25.562985]]]}},{"type":"Feature","properties":{},"geometry":{"type":"Polygon","coordinates":[[[-103.358941,25.562938],[-103.358791,25.562704],[-103.358702,25.562751],[-103.358852,25.562985],[-103.358941,25.562938]]]}},{"type":"Feature","properties":{},"geometry":{"type":"Polygon","coordinates":[[[-103.35903,25.562891],[-103.358879,25.562657],[-103.358791,25.562704],[-103.358941,25.562938],[-103.35903,25.562891]]]}},{"type":"Feature","properties":{},"geometry":{"type":"Polygon","coordinates":[[[-103.359119,25.562844],[-103.358968,25.56261],[-103.358879,25.562657],[-103.35903,25.562891],[-103.359119,25.562844]]]}},{"type":"Feature","properties":{},"geometry":{"type":"Polygon","coordinates":[[[-103.359207,25.562797],[-103.359057,25.562563],[-103.358968,25.56261],[-103.359119,25.562844],[-103.359207,25.562797]]]}},{"type":"Feature","properties":{},"geometry":{"type":"Polygon","coordinates":[[[-103.359296,25.56275],[-103.359146,25.562516],[-103.359057,25.562563],[-103.359207,25.562797],[-103.359296,25.56275]]]}},{"type":"Feature","properties":{},"geometry":{"type":"Polygon","coordinates":[[[-103.359385,25.562703],[-103.359235,25.562469],[-103.359146,25.562516],[-103.359296,25.56275],[-103.359385,25.562703]]]}},{"type":"Feature","properties":{},"geometry":{"type":"Polygon","coordinates":[[[-103.359474,25.562656],[-103.359324,25.562422],[-103.359235,25.562469],[-103.359385,25.562703],[-103.359474,25.562656]]]}},{"type":"Feature","properties":{},"geometry":{"type":"Polygon","coordinates":[[[-103.359563,25.562609],[-103.359412,25.562375],[-103.359324,25.562422],[-103.359474,25.562656],[-103.359563,25.562609]]]}},{"type":"Feature","properties":{},"geometry":{"type":"Polygon","coordinates":[[[-103.359652,25.562562],[-103.359501,25.562328],[-103.359412,25.562375],[-103.359563,25.562609],[-103.359652,25.562562]]]}},{"type":"Feature","properties":{},"geometry":{"type":"Polygon","coordinates":[[[-103.359844,25.56246],[-103.359693,25.562226],[-103.359604,25.562273],[-103.359755,25.562507],[-103.359844,25.56246]]]}},{"type":"Feature","properties":{},"geometry":{"type":"Polygon","coordinates":[[[-103.359932,25.562413],[-103.359782,25.562179],[-103.359693,25.562226],[-103.359844,25.56246],[-103.359932,25.562413]]]}},{"type":"Feature","properties":{},"geometry":{"type":"Polygon","coordinates":[[[-103.360021,25.562366],[-103.359871,25.562132],[-103.359782,25.562179],[-103.359932,25.562413],[-103.360021,25.562366]]]}},{"type":"Feature","properties":{},"geometry":{"type":"Polygon","coordinates":[[[-103.36011,25.562319],[-103.35996,25.562085],[-103.359871,25.562132],[-103.360021,25.562366],[-103.36011,25.562319]]]}},{"type":"Feature","properties":{},"geometry":{"type":"Polygon","coordinates":[[[-103.360199,25.562272],[-103.360049,25.562038],[-103.35996,25.562085],[-103.36011,25.562319],[-103.360199,25.562272]]]}},{"type":"Feature","properties":{},"geometry":{"type":"Polygon","coordinates":[[[-103.360288,25.562225],[-103.360137,25.561991],[-103.360049,25.562038],[-103.360199,25.562272],[-103.360288,25.562225]]]}},{"type":"Feature","properties":{},"geometry":{"type":"Polygon","coordinates":[[[-103.360377,25.562178],[-103.360226,25.561944],[-103.360137,25.561991],[-103.360288,25.562225],[-103.360377,25.562178]]]}},{"type":"Feature","properties":{},"geometry":{"type":"Polygon","coordinates":[[[-103.360466,25.562131],[-103.360315,25.561897],[-103.360226,25.561944],[-103.360377,25.562178],[-103.360466,25.562131]]]}},{"type":"Feature","properties":{},"geometry":{"type":"Polygon","coordinates":[[[-103.360554,25.562084],[-103.360404,25.56185],[-103.360315,25.561897],[-103.360466,25.562131],[-103.360554,25.562084]]]}},{"type":"Feature","properties":{},"geometry":{"type":"Polygon","coordinates":[[[-103.360643,25.562037],[-103.360493,25.561803],[-103.360404,25.56185],[-103.360554,25.562084],[-103.360643,25.562037]]]}},{"type":"Feature","properties":{},"geometry":{"type":"Polygon","coordinates":[[[-103.360732,25.56199],[-103.360582,25.561756],[-103.360493,25.561803],[-103.360643,25.562037],[-103.360732,25.56199]]]}},{"type":"Feature","properties":{},"geometry":{"type":"Polygon","coordinates":[[[-103.360821,25.561943],[-103.36067,25.561709],[-103.360582,25.561756],[-103.360732,25.56199],[-103.360821,25.561943]]]}},{"type":"Feature","properties":{},"geometry":{"type":"Polygon","coordinates":[[[-103.36091,25.561896],[-103.360759,25.561662],[-103.36067,25.561709],[-103.360821,25.561943],[-103.36091,25.561896]]]}},{"type":"Feature","properties":{},"geometry":{"type":"Polygon","coordinates":[[[-103.360999,25.561849],[-103.360848,25.561615],[-103.360759,25.561662],[-103.36091,25.561896],[-103.360999,25.561849]]]}},{"type":"Feature","properties":{},"geometry":{"type":"Polygon","coordinates":[[[-103.361087,25.561802],[-103.360937,25.561568],[-103.360848,25.561615],[-103.360999,25.561849],[-103.361087,25.561802]]]}},{"type":"Feature","properties":{},"geometry":{"type":"Polygon","coordinates":[[[-103.361176,25.561755],[-103.361026,25.561521],[-103.360937,25.561568],[-103.361087,25.561802],[-103.361176,25.561755]]]}},{"type":"Feature","properties":{},"geometry":{"type":"Polygon","coordinates":[[[-103.361368,25.561654],[-103.361218,25.56142],[-103.361129,25.561467],[-103.361279,25.561701],[-103.361368,25.561654]]]}},{"type":"Feature","properties":{},"geometry":{"type":"Polygon","coordinates":[[[-103.361457,25.561607],[-103.361307,25.561373],[-103.361218,25.56142],[-103.361368,25.561654],[-103.361457,25.561607]]]}},{"type":"Feature","properties":{},"geometry":{"type":"Polygon","coordinates":[[[-103.361546,25.56156],[-103.361395,25.561326],[-103.361307,25.561373],[-103.361457,25.561607],[-103.361546,25.56156]]]}},{"type":"Feature","properties":{},"geometry":{"type":"Polygon","coordinates":[[[-103.361635,25.561513],[-103.361484,25.561279],[-103.361395,25.561326],[-103.361546,25.56156],[-103.361635,25.561513]]]}},{"type":"Feature","properties":{},"geometry":{"type":"Polygon","coordinates":[[[-103.361724,25.561466],[-103.361573,25.561232],[-103.361484,25.561279],[-103.361635,25.561513],[-103.361724,25.561466]]]}},{"type":"Feature","properties":{},"geometry":{"type":"Polygon","coordinates":[[[-103.361812,25.561419],[-103.361662,25.561185],[-103.361573,25.561232],[-103.361724,25.561466],[-103.361812,25.561419]]]}},{"type":"Feature","properties":{},"geometry":{"type":"Polygon","coordinates":[[[-103.361901,25.561372],[-103.361751,25.561138],[-103.361662,25.561185],[-103.361812,25.561419],[-103.361901,25.561372]]]}},{"type":"Feature","properties":{},"geometry":{"type":"Polygon","coordinates":[[[-103.36199,25.561325],[-103.36184,25.561091],[-103.361751,25.561138],[-103.361901,25.561372],[-103.36199,25.561325]]]}},{"type":"Feature","properties":{},"geometry":{"type":"Polygon","coordinates":[[[-103.362982,25.5608],[-103.362831,25.560566],[-103.362742,25.560613],[-103.362893,25.560847],[-103.362982,25.5608]]]}},{"type":"Feature","properties":{},"geometry":{"type":"Polygon","coordinates":[[[-103.36307,25.560753],[-103.36292,25.560519],[-103.362831,25.560566],[-103.362982,25.5608],[-103.36307,25.560753]]]}},{"type":"Feature","properties":{},"geometry":{"type":"Polygon","coordinates":[[[-103.363159,25.560706],[-103.363009,25.560472],[-103.36292,25.560519],[-103.36307,25.560753],[-103.363159,25.560706]]]}},{"type":"Feature","properties":{},"geometry":{"type":"Polygon","coordinates":[[[-103.363248,25.560659],[-103.363098,25.560425],[-103.363009,25.560472],[-103.363159,25.560706],[-103.363248,25.560659]]]}},{"type":"Feature","properties":{},"geometry":{"type":"Polygon","coordinates":[[[-103.363337,25.560612],[-103.363187,25.560378],[-103.363098,25.560425],[-103.363248,25.560659],[-103.363337,25.560612]]]}},{"type":"Feature","properties":{},"geometry":{"type":"Polygon","coordinates":[[[-103.363426,25.560565],[-103.363275,25.560331],[-103.363187,25.560378],[-103.363337,25.560612],[-103.363426,25.560565]]]}},{"type":"Feature","properties":{},"geometry":{"type":"Polygon","coordinates":[[[-103.363515,25.560518],[-103.363364,25.560284],[-103.363275,25.560331],[-103.363426,25.560565],[-103.363515,25.560518]]]}},{"type":"Feature","properties":{},"geometry":{"type":"Polygon","coordinates":[[[-103.363603,25.560471],[-103.363453,25.560237],[-103.363364,25.560284],[-103.363515,25.560518],[-103.363603,25.560471]]]}},{"type":"Feature","properties":{},"geometry":{"type":"Polygon","coordinates":[[[-103.363692,25.560424],[-103.363542,25.56019],[-103.363453,25.560237],[-103.363603,25.560471],[-103.363692,25.560424]]]}},{"type":"Feature","properties":{},"geometry":{"type":"Polygon","coordinates":[[[-103.363781,25.560377],[-103.363631,25.560143],[-103.363542,25.56019],[-103.363692,25.560424],[-103.363781,25.560377]]]}},{"type":"Feature","properties":{},"geometry":{"type":"Polygon","coordinates":[[[-103.36387,25.56033],[-103.36372,25.560096],[-103.363631,25.560143],[-103.363781,25.560377],[-103.36387,25.56033]]]}},{"type":"Feature","properties":{},"geometry":{"type":"Polygon","coordinates":[[[-103.363959,25.560283],[-103.363808,25.560049],[-103.36372,25.560096],[-103.36387,25.56033],[-103.363959,25.560283]]]}},{"type":"Feature","properties":{},"geometry":{"type":"Polygon","coordinates":[[[-103.364048,25.560236],[-103.363897,25.560002],[-103.363808,25.560049],[-103.363959,25.560283],[-103.364048,25.560236]]]}},{"type":"Feature","properties":{},"geometry":{"type":"Polygon","coordinates":[[[-103.364136,25.560189],[-103.363986,25.559955],[-103.363897,25.560002],[-103.364048,25.560236],[-103.364136,25.560189]]]}},{"type":"Feature","properties":{},"geometry":{"type":"Polygon","coordinates":[[[-103.364225,25.560142],[-103.364075,25.559908],[-103.363986,25.559955],[-103.364136,25.560189],[-103.364225,25.560142]]]}},{"type":"Feature","properties":{},"geometry":{"type":"Polygon","coordinates":[[[-103.364417,25.560041],[-103.364267,25.559807],[-103.364178,25.559854],[-103.364328,25.560088],[-103.364417,25.560041]]]}},{"type":"Feature","properties":{},"geometry":{"type":"Polygon","coordinates":[[[-103.364506,25.559994],[-103.364356,25.55976],[-103.364267,25.559807],[-103.364417,25.560041],[-103.364506,25.559994]]]}},{"type":"Feature","properties":{},"geometry":{"type":"Polygon","coordinates":[[[-103.364595,25.559947],[-103.364445,25.559713],[-103.364356,25.55976],[-103.364506,25.559994],[-103.364595,25.559947]]]}},{"type":"Feature","properties":{},"geometry":{"type":"Polygon","coordinates":[[[-103.364684,25.5599],[-103.364533,25.559666],[-103.364445,25.559713],[-103.364595,25.559947],[-103.364684,25.5599]]]}},{"type":"Feature","properties":{},"geometry":{"type":"Polygon","coordinates":[[[-103.36575,25.559336],[-103.365599,25.559102],[-103.365511,25.559149],[-103.365661,25.559383],[-103.36575,25.559336]]]}},{"type":"Feature","properties":{},"geometry":{"type":"Polygon","coordinates":[[[-103.365942,25.559234],[-103.365791,25.559],[-103.365703,25.559047],[-103.365853,25.559281],[-103.365942,25.559234]]]}},{"type":"Feature","properties":{},"geometry":{"type":"Polygon","coordinates":[[[-103.366031,25.559187],[-103.36588,25.558953],[-103.365791,25.559],[-103.365942,25.559234],[-103.366031,25.559187]]]}},{"type":"Feature","properties":{},"geometry":{"type":"Polygon","coordinates":[[[-103.366119,25.55914],[-103.365969,25.558906],[-103.36588,25.558953],[-103.366031,25.559187],[-103.366119,25.55914]]]}},{"type":"Feature","properties":{},"geometry":{"type":"Polygon","coordinates":[[[-103.366208,25.559093],[-103.366058,25.558859],[-103.365969,25.558906],[-103.366119,25.55914],[-103.366208,25.559093]]]}},{"type":"Feature","properties":{},"geometry":{"type":"Polygon","coordinates":[[[-103.366297,25.559046],[-103.366147,25.558812],[-103.366058,25.558859],[-103.366208,25.559093],[-103.366297,25.559046]]]}},{"type":"Feature","properties":{},"geometry":{"type":"Polygon","coordinates":[[[-103.366386,25.558999],[-103.366236,25.558765],[-103.366147,25.558812],[-103.366297,25.559046],[-103.366386,25.558999]]]}},{"type":"Feature","properties":{},"geometry":{"type":"Polygon","coordinates":[[[-103.366475,25.558952],[-103.366324,25.558718],[-103.366236,25.558765],[-103.366386,25.558999],[-103.366475,25.558952]]]}},{"type":"Feature","properties":{},"geometry":{"type":"Polygon","coordinates":[[[-103.366564,25.558905],[-103.366413,25.558671],[-103.366324,25.558718],[-103.366475,25.558952],[-103.366564,25.558905]]]}},{"type":"Feature","properties":{},"geometry":{"type":"Polygon","coordinates":[[[-103.366652,25.558858],[-103.366502,25.558624],[-103.366413,25.558671],[-103.366564,25.558905],[-103.366652,25.558858]]]}},{"type":"Feature","properties":{},"geometry":{"type":"Polygon","coordinates":[[[-103.366741,25.558811],[-103.366591,25.558577],[-103.366502,25.558624],[-103.366652,25.558858],[-103.366741,25.558811]]]}},{"type":"Feature","properties":{},"geometry":{"type":"Polygon","coordinates":[[[-103.36683,25.558764],[-103.36668,25.55853],[-103.366591,25.558577],[-103.366741,25.558811],[-103.36683,25.558764]]]}},{"type":"Feature","properties":{},"geometry":{"type":"Polygon","coordinates":[[[-103.366919,25.558717],[-103.366769,25.558483],[-103.36668,25.55853],[-103.36683,25.558764],[-103.366919,25.558717]]]}},{"type":"Feature","properties":{},"geometry":{"type":"Polygon","coordinates":[[[-103.358169,25.563033],[-103.358018,25.562799],[-103.357929,25.562846],[-103.35808,25.56308],[-103.358169,25.563033]]]}},{"type":"Feature","properties":{},"geometry":{"type":"Polygon","coordinates":[[[-103.358257,25.562986],[-103.358107,25.562752],[-103.358018,25.562799],[-103.358169,25.563033],[-103.358257,25.562986]]]}},{"type":"Feature","properties":{},"geometry":{"type":"Polygon","coordinates":[[[-103.358346,25.562939],[-103.358196,25.562705],[-103.358107,25.562752],[-103.358257,25.562986],[-103.358346,25.562939]]]}},{"type":"Feature","properties":{},"geometry":{"type":"Polygon","coordinates":[[[-103.358435,25.562892],[-103.358285,25.562658],[-103.358196,25.562705],[-103.358346,25.562939],[-103.358435,25.562892]]]}},{"type":"Feature","properties":{},"geometry":{"type":"Polygon","coordinates":[[[-103.358524,25.562845],[-103.358374,25.562611],[-103.358285,25.562658],[-103.358435,25.562892],[-103.358524,25.562845]]]}},{"type":"Feature","properties":{},"geometry":{"type":"Polygon","coordinates":[[[-103.358613,25.562798],[-103.358462,25.562564],[-103.358374,25.562611],[-103.358524,25.562845],[-103.358613,25.562798]]]}},{"type":"Feature","properties":{},"geometry":{"type":"Polygon","coordinates":[[[-103.358702,25.562751],[-103.358551,25.562517],[-103.358462,25.562564],[-103.358613,25.562798],[-103.358702,25.562751]]]}},{"type":"Feature","properties":{},"geometry":{"type":"Polygon","coordinates":[[[-103.358791,25.562704],[-103.35864,25.56247],[-103.358551,25.562517],[-103.358702,25.562751],[-103.358791,25.562704]]]}},{"type":"Feature","properties":{},"geometry":{"type":"Polygon","coordinates":[[[-103.358879,25.562657],[-103.358729,25.562423],[-103.35864,25.56247],[-103.358791,25.562704],[-103.358879,25.562657]]]}},{"type":"Feature","properties":{},"geometry":{"type":"Polygon","coordinates":[[[-103.358968,25.56261],[-103.358818,25.562376],[-103.358729,25.562423],[-103.358879,25.562657],[-103.358968,25.56261]]]}},{"type":"Feature","properties":{},"geometry":{"type":"Polygon","coordinates":[[[-103.359057,25.562563],[-103.358907,25.562329],[-103.358818,25.562376],[-103.358968,25.56261],[-103.359057,25.562563]]]}},{"type":"Feature","properties":{},"geometry":{"type":"Polygon","coordinates":[[[-103.359146,25.562516],[-103.358995,25.562282],[-103.358907,25.562329],[-103.359057,25.562563],[-103.359146,25.562516]]]}},{"type":"Feature","properties":{},"geometry":{"type":"Polygon","coordinates":[[[-103.359235,25.562469],[-103.359084,25.562235],[-103.358995,25.562282],[-103.359146,25.562516],[-103.359235,25.562469]]]}},{"type":"Feature","properties":{},"geometry":{"type":"Polygon","coordinates":[[[-103.359324,25.562422],[-103.359173,25.562188],[-103.359084,25.562235],[-103.359235,25.562469],[-103.359324,25.562422]]]}},{"type":"Feature","properties":{},"geometry":{"type":"Polygon","coordinates":[[[-103.359412,25.562375],[-103.359262,25.562141],[-103.359173,25.562188],[-103.359324,25.562422],[-103.359412,25.562375]]]}},{"type":"Feature","properties":{},"geometry":{"type":"Polygon","coordinates":[[[-103.359501,25.562328],[-103.359351,25.562094],[-103.359262,25.562141],[-103.359412,25.562375],[-103.359501,25.562328]]]}},{"type":"Feature","properties":{},"geometry":{"type":"Polygon","coordinates":[[[-103.359693,25.562226],[-103.359543,25.561992],[-103.359454,25.562039],[-103.359604,25.562273],[-103.359693,25.562226]]]}},{"type":"Feature","properties":{},"geometry":{"type":"Polygon","coordinates":[[[-103.359782,25.562179],[-103.359632,25.561945],[-103.359543,25.561992],[-103.359693,25.562226],[-103.359782,25.562179]]]}},{"type":"Feature","properties":{},"geometry":{"type":"Polygon","coordinates":[[[-103.359871,25.562132],[-103.359721,25.561898],[-103.359632,25.561945],[-103.359782,25.562179],[-103.359871,25.562132]]]}},{"type":"Feature","properties":{},"geometry":{"type":"Polygon","coordinates":[[[-103.35996,25.562085],[-103.359809,25.561851],[-103.359721,25.561898],[-103.359871,25.562132],[-103.35996,25.562085]]]}},{"type":"Feature","properties":{},"geometry":{"type":"Polygon","coordinates":[[[-103.360049,25.562038],[-103.359898,25.561804],[-103.359809,25.561851],[-103.35996,25.562085],[-103.360049,25.562038]]]}},{"type":"Feature","properties":{},"geometry":{"type":"Polygon","coordinates":[[[-103.360137,25.561991],[-103.359987,25.561757],[-103.359898,25.561804],[-103.360049,25.562038],[-103.360137,25.561991]]]}},{"type":"Feature","properties":{},"geometry":{"type":"Polygon","coordinates":[[[-103.360226,25.561944],[-103.360076,25.56171],[-103.359987,25.561757],[-103.360137,25.561991],[-103.360226,25.561944]]]}},{"type":"Feature","properties":{},"geometry":{"type":"Polygon","coordinates":[[[-103.360315,25.561897],[-103.360165,25.561663],[-103.360076,25.56171],[-103.360226,25.561944],[-103.360315,25.561897]]]}},{"type":"Feature","properties":{},"geometry":{"type":"Polygon","coordinates":[[[-103.360404,25.56185],[-103.360254,25.561616],[-103.360165,25.561663],[-103.360315,25.561897],[-103.360404,25.56185]]]}},{"type":"Feature","properties":{},"geometry":{"type":"Polygon","coordinates":[[[-103.360493,25.561803],[-103.360342,25.561569],[-103.360254,25.561616],[-103.360404,25.56185],[-103.360493,25.561803]]]}},{"type":"Feature","properties":{},"geometry":{"type":"Polygon","coordinates":[[[-103.360582,25.561756],[-103.360431,25.561522],[-103.360342,25.561569],[-103.360493,25.561803],[-103.360582,25.561756]]]}},{"type":"Feature","properties":{},"geometry":{"type":"Polygon","coordinates":[[[-103.36067,25.561709],[-103.36052,25.561475],[-103.360431,25.561522],[-103.360582,25.561756],[-103.36067,25.561709]]]}},{"type":"Feature","properties":{},"geometry":{"type":"Polygon","coordinates":[[[-103.360759,25.561662],[-103.360609,25.561428],[-103.36052,25.561475],[-103.36067,25.561709],[-103.360759,25.561662]]]}},{"type":"Feature","properties":{},"geometry":{"type":"Polygon","coordinates":[[[-103.360848,25.561615],[-103.360698,25.561381],[-103.360609,25.561428],[-103.360759,25.561662],[-103.360848,25.561615]]]}},{"type":"Feature","properties":{},"geometry":{"type":"Polygon","coordinates":[[[-103.360937,25.561568],[-103.360787,25.561334],[-103.360698,25.561381],[-103.360848,25.561615],[-103.360937,25.561568]]]}},{"type":"Feature","properties":{},"geometry":{"type":"Polygon","coordinates":[[[-103.361026,25.561521],[-103.360875,25.561287],[-103.360787,25.561334],[-103.360937,25.561568],[-103.361026,25.561521]]]}},{"type":"Feature","properties":{},"geometry":{"type":"Polygon","coordinates":[[[-103.361218,25.56142],[-103.361067,25.561186],[-103.360979,25.561233],[-103.361129,25.561467],[-103.361218,25.56142]]]}},{"type":"Feature","properties":{},"geometry":{"type":"Polygon","coordinates":[[[-103.361307,25.561373],[-103.361156,25.561139],[-103.361067,25.561186],[-103.361218,25.56142],[-103.361307,25.561373]]]}},{"type":"Feature","properties":{},"geometry":{"type":"Polygon","coordinates":[[[-103.361395,25.561326],[-103.361245,25.561092],[-103.361156,25.561139],[-103.361307,25.561373],[-103.361395,25.561326]]]}},{"type":"Feature","properties":{},"geometry":{"type":"Polygon","coordinates":[[[-103.361484,25.561279],[-103.361334,25.561045],[-103.361245,25.561092],[-103.361395,25.561326],[-103.361484,25.561279]]]}},{"type":"Feature","properties":{},"geometry":{"type":"Polygon","coordinates":[[[-103.361573,25.561232],[-103.361423,25.560998],[-103.361334,25.561045],[-103.361484,25.561279],[-103.361573,25.561232]]]}},{"type":"Feature","properties":{},"geometry":{"type":"Polygon","coordinates":[[[-103.361662,25.561185],[-103.361512,25.560951],[-103.361423,25.560998],[-103.361573,25.561232],[-103.361662,25.561185]]]}},{"type":"Feature","properties":{},"geometry":{"type":"Polygon","coordinates":[[[-103.361751,25.561138],[-103.3616,25.560904],[-103.361512,25.560951],[-103.361662,25.561185],[-103.361751,25.561138]]]}},{"type":"Feature","properties":{},"geometry":{"type":"Polygon","coordinates":[[[-103.36184,25.561091],[-103.361689,25.560857],[-103.3616,25.560904],[-103.361751,25.561138],[-103.36184,25.561091]]]}},{"type":"Feature","properties":{},"geometry":{"type":"Polygon","coordinates":[[[-103.361928,25.561044],[-103.361778,25.56081],[-103.361689,25.560857],[-103.36184,25.561091],[-103.361928,25.561044]]]}},{"type":"Feature","properties":{},"geometry":{"type":"Polygon","coordinates":[[[-103.362017,25.560997],[-103.361867,25.560763],[-103.361778,25.56081],[-103.361928,25.561044],[-103.362017,25.560997]]]}},{"type":"Feature","properties":{},"geometry":{"type":"Polygon","coordinates":[[[-103.362106,25.56095],[-103.361956,25.560716],[-103.361867,25.560763],[-103.362017,25.560997],[-103.362106,25.56095]]]}},{"type":"Feature","properties":{},"geometry":{"type":"Polygon","coordinates":[[[-103.362195,25.560903],[-103.362045,25.560669],[-103.361956,25.560716],[-103.362106,25.56095],[-103.362195,25.560903]]]}},{"type":"Feature","properties":{},"geometry":{"type":"Polygon","coordinates":[[[-103.362284,25.560856],[-103.362133,25.560622],[-103.362045,25.560669],[-103.362195,25.560903],[-103.362284,25.560856]]]}},{"type":"Feature","properties":{},"geometry":{"type":"Polygon","coordinates":[[[-103.362373,25.560809],[-103.362222,25.560575],[-103.362133,25.560622],[-103.362284,25.560856],[-103.362373,25.560809]]]}},{"type":"Feature","properties":{},"geometry":{"type":"Polygon","coordinates":[[[-103.362462,25.560762],[-103.362311,25.560528],[-103.362222,25.560575],[-103.362373,25.560809],[-103.362462,25.560762]]]}},{"type":"Feature","properties":{},"geometry":{"type":"Polygon","coordinates":[[[-103.36255,25.560715],[-103.3624,25.560481],[-103.362311,25.560528],[-103.362462,25.560762],[-103.36255,25.560715]]]}},{"type":"Feature","properties":{},"geometry":{"type":"Polygon","coordinates":[[[-103.362742,25.560613],[-103.362592,25.560379],[-103.362503,25.560426],[-103.362654,25.56066],[-103.362742,25.560613]]]}},{"type":"Feature","properties":{},"geometry":{"type":"Polygon","coordinates":[[[-103.362831,25.560566],[-103.362681,25.560332],[-103.362592,25.560379],[-103.362742,25.560613],[-103.362831,25.560566]]]}},{"type":"Feature","properties":{},"geometry":{"type":"Polygon","coordinates":[[[-103.36292,25.560519],[-103.36277,25.560285],[-103.362681,25.560332],[-103.362831,25.560566],[-103.36292,25.560519]]]}},{"type":"Feature","properties":{},"geometry":{"type":"Polygon","coordinates":[[[-103.363009,25.560472],[-103.362858,25.560238],[-103.36277,25.560285],[-103.36292,25.560519],[-103.363009,25.560472]]]}},{"type":"Feature","properties":{},"geometry":{"type":"Polygon","coordinates":[[[-103.363098,25.560425],[-103.362947,25.560191],[-103.362858,25.560238],[-103.363009,25.560472],[-103.363098,25.560425]]]}},{"type":"Feature","properties":{},"geometry":{"type":"Polygon","coordinates":[[[-103.363187,25.560378],[-103.363036,25.560144],[-103.362947,25.560191],[-103.363098,25.560425],[-103.363187,25.560378]]]}},{"type":"Feature","properties":{},"geometry":{"type":"Polygon","coordinates":[[[-103.363275,25.560331],[-103.363125,25.560097],[-103.363036,25.560144],[-103.363187,25.560378],[-103.363275,25.560331]]]}},{"type":"Feature","properties":{},"geometry":{"type":"Polygon","coordinates":[[[-103.363364,25.560284],[-103.363214,25.56005],[-103.363125,25.560097],[-103.363275,25.560331],[-103.363364,25.560284]]]}},{"type":"Feature","properties":{},"geometry":{"type":"Polygon","coordinates":[[[-103.363453,25.560237],[-103.363303,25.560003],[-103.363214,25.56005],[-103.363364,25.560284],[-103.363453,25.560237]]]}},{"type":"Feature","properties":{},"geometry":{"type":"Polygon","coordinates":[[[-103.363542,25.56019],[-103.363391,25.559956],[-103.363303,25.560003],[-103.363453,25.560237],[-103.363542,25.56019]]]}},{"type":"Feature","properties":{},"geometry":{"type":"Polygon","coordinates":[[[-103.363631,25.560143],[-103.36348,25.559909],[-103.363391,25.559956],[-103.363542,25.56019],[-103.363631,25.560143]]]}},{"type":"Feature","properties":{},"geometry":{"type":"Polygon","coordinates":[[[-103.36372,25.560096],[-103.363569,25.559862],[-103.36348,25.559909],[-103.363631,25.560143],[-103.36372,25.560096]]]}},{"type":"Feature","properties":{},"geometry":{"type":"Polygon","coordinates":[[[-103.363808,25.560049],[-103.363658,25.559815],[-103.363569,25.559862],[-103.36372,25.560096],[-103.363808,25.560049]]]}},{"type":"Feature","properties":{},"geometry":{"type":"Polygon","coordinates":[[[-103.363897,25.560002],[-103.363747,25.559768],[-103.363658,25.559815],[-103.363808,25.560049],[-103.363897,25.560002]]]}},{"type":"Feature","properties":{},"geometry":{"type":"Polygon","coordinates":[[[-103.363986,25.559955],[-103.363836,25.559721],[-103.363747,25.559768],[-103.363897,25.560002],[-103.363986,25.559955]]]}},{"type":"Feature","properties":{},"geometry":{"type":"Polygon","coordinates":[[[-103.364075,25.559908],[-103.363924,25.559674],[-103.363836,25.559721],[-103.363986,25.559955],[-103.364075,25.559908]]]}},{"type":"Feature","properties":{},"geometry":{"type":"Polygon","coordinates":[[[-103.364267,25.559807],[-103.364116,25.559573],[-103.364028,25.55962],[-103.364178,25.559854],[-103.364267,25.559807]]]}},{"type":"Feature","properties":{},"geometry":{"type":"Polygon","coordinates":[[[-103.364356,25.55976],[-103.364205,25.559526],[-103.364116,25.559573],[-103.364267,25.559807],[-103.364356,25.55976]]]}},{"type":"Feature","properties":{},"geometry":{"type":"Polygon","coordinates":[[[-103.364445,25.559713],[-103.364294,25.559479],[-103.364205,25.559526],[-103.364356,25.55976],[-103.364445,25.559713]]]}},{"type":"Feature","properties":{},"geometry":{"type":"Polygon","coordinates":[[[-103.364533,25.559666],[-103.364383,25.559432],[-103.364294,25.559479],[-103.364445,25.559713],[-103.364533,25.559666]]]}},{"type":"Feature","properties":{},"geometry":{"type":"Polygon","coordinates":[[[-103.364622,25.559619],[-103.364472,25.559385],[-103.364383,25.559432],[-103.364533,25.559666],[-103.364622,25.559619]]]}},{"type":"Feature","properties":{},"geometry":{"type":"Polygon","coordinates":[[[-103.364711,25.559572],[-103.364561,25.559338],[-103.364472,25.559385],[-103.364622,25.559619],[-103.364711,25.559572]]]}},{"type":"Feature","properties":{},"geometry":{"type":"Polygon","coordinates":[[[-103.3648,25.559525],[-103.364649,25.559291],[-103.364561,25.559338],[-103.364711,25.559572],[-103.3648,25.559525]]]}},{"type":"Feature","properties":{},"geometry":{"type":"Polygon","coordinates":[[[-103.364889,25.559478],[-103.364738,25.559244],[-103.364649,25.559291],[-103.3648,25.559525],[-103.364889,25.559478]]]}},{"type":"Feature","properties":{},"geometry":{"type":"Polygon","coordinates":[[[-103.364978,25.559431],[-103.364827,25.559197],[-103.364738,25.559244],[-103.364889,25.559478],[-103.364978,25.559431]]]}},{"type":"Feature","properties":{},"geometry":{"type":"Polygon","coordinates":[[[-103.365066,25.559384],[-103.364916,25.55915],[-103.364827,25.559197],[-103.364978,25.559431],[-103.365066,25.559384]]]}},{"type":"Feature","properties":{},"geometry":{"type":"Polygon","coordinates":[[[-103.365155,25.559337],[-103.365005,25.559103],[-103.364916,25.55915],[-103.365066,25.559384],[-103.365155,25.559337]]]}},{"type":"Feature","properties":{},"geometry":{"type":"Polygon","coordinates":[[[-103.365244,25.55929],[-103.365094,25.559056],[-103.365005,25.559103],[-103.365155,25.559337],[-103.365244,25.55929]]]}},{"type":"Feature","properties":{},"geometry":{"type":"Polygon","coordinates":[[[-103.365333,25.559243],[-103.365182,25.559009],[-103.365094,25.559056],[-103.365244,25.55929],[-103.365333,25.559243]]]}},{"type":"Feature","properties":{},"geometry":{"type":"Polygon","coordinates":[[[-103.365422,25.559196],[-103.365271,25.558962],[-103.365182,25.559009],[-103.365333,25.559243],[-103.365422,25.559196]]]}},{"type":"Feature","properties":{},"geometry":{"type":"Polygon","coordinates":[[[-103.365511,25.559149],[-103.36536,25.558915],[-103.365271,25.558962],[-103.365422,25.559196],[-103.365511,25.559149]]]}},{"type":"Feature","properties":{},"geometry":{"type":"Polygon","coordinates":[[[-103.365599,25.559102],[-103.365449,25.558868],[-103.36536,25.558915],[-103.365511,25.559149],[-103.365599,25.559102]]]}},{"type":"Feature","properties":{},"geometry":{"type":"Polygon","coordinates":[[[-103.365791,25.559],[-103.365641,25.558766],[-103.365552,25.558813],[-103.365703,25.559047],[-103.365791,25.559]]]}},{"type":"Feature","properties":{},"geometry":{"type":"Polygon","coordinates":[[[-103.36588,25.558953],[-103.36573,25.558719],[-103.365641,25.558766],[-103.365791,25.559],[-103.36588,25.558953]]]}},{"type":"Feature","properties":{},"geometry":{"type":"Polygon","coordinates":[[[-103.365969,25.558906],[-103.365819,25.558672],[-103.36573,25.558719],[-103.36588,25.558953],[-103.365969,25.558906]]]}},{"type":"Feature","properties":{},"geometry":{"type":"Polygon","coordinates":[[[-103.366058,25.558859],[-103.365907,25.558625],[-103.365819,25.558672],[-103.365969,25.558906],[-103.366058,25.558859]]]}},{"type":"Feature","properties":{},"geometry":{"type":"Polygon","coordinates":[[[-103.366147,25.558812],[-103.365996,25.558578],[-103.365907,25.558625],[-103.366058,25.558859],[-103.366147,25.558812]]]}},{"type":"Feature","properties":{},"geometry":{"type":"Polygon","coordinates":[[[-103.366236,25.558765],[-103.366085,25.558531],[-103.365996,25.558578],[-103.366147,25.558812],[-103.366236,25.558765]]]}},{"type":"Feature","properties":{},"geometry":{"type":"Polygon","coordinates":[[[-103.366324,25.558718],[-103.366174,25.558484],[-103.366085,25.558531],[-103.366236,25.558765],[-103.366324,25.558718]]]}},{"type":"Feature","properties":{},"geometry":{"type":"Polygon","coordinates":[[[-103.366413,25.558671],[-103.366263,25.558437],[-103.366174,25.558484],[-103.366324,25.558718],[-103.366413,25.558671]]]}},{"type":"Feature","properties":{},"geometry":{"type":"Polygon","coordinates":[[[-103.358047,25.562658],[-103.357897,25.562424],[-103.357808,25.562471],[-103.357958,25.562705],[-103.358047,25.562658]]]}},{"type":"Feature","properties":{},"geometry":{"type":"Polygon","coordinates":[[[-103.358136,25.562611],[-103.357985,25.562377],[-103.357897,25.562424],[-103.358047,25.562658],[-103.358136,25.562611]]]}},{"type":"Feature","properties":{},"geometry":{"type":"Polygon","coordinates":[[[-103.358225,25.562564],[-103.358074,25.56233],[-103.357985,25.562377],[-103.358136,25.562611],[-103.358225,25.562564]]]}},{"type":"Feature","properties":{},"geometry":{"type":"Polygon","coordinates":[[[-103.358313,25.562517],[-103.358163,25.562283],[-103.358074,25.56233],[-103.358225,25.562564],[-103.358313,25.562517]]]}},{"type":"Feature","properties":{},"geometry":{"type":"Polygon","coordinates":[[[-103.358402,25.56247],[-103.358252,25.562236],[-103.358163,25.562283],[-103.358313,25.562517],[-103.358402,25.56247]]]}},{"type":"Feature","properties":{},"geometry":{"type":"Polygon","coordinates":[[[-103.358491,25.562423],[-103.358341,25.562189],[-103.358252,25.562236],[-103.358402,25.56247],[-103.358491,25.562423]]]}},{"type":"Feature","properties":{},"geometry":{"type":"Polygon","coordinates":[[[-103.35858,25.562376],[-103.35843,25.562142],[-103.358341,25.562189],[-103.358491,25.562423],[-103.35858,25.562376]]]}},{"type":"Feature","properties":{},"geometry":{"type":"Polygon","coordinates":[[[-103.358669,25.562329],[-103.358518,25.562095],[-103.35843,25.562142],[-103.35858,25.562376],[-103.358669,25.562329]]]}},{"type":"Feature","properties":{},"geometry":{"type":"Polygon","coordinates":[[[-103.358758,25.562282],[-103.358607,25.562048],[-103.358518,25.562095],[-103.358669,25.562329],[-103.358758,25.562282]]]}},{"type":"Feature","properties":{},"geometry":{"type":"Polygon","coordinates":[[[-103.358846,25.562235],[-103.358696,25.562001],[-103.358607,25.562048],[-103.358758,25.562282],[-103.358846,25.562235]]]}},{"type":"Feature","properties":{},"geometry":{"type":"Polygon","coordinates":[[[-103.358935,25.562188],[-103.358785,25.561954],[-103.358696,25.562001],[-103.358846,25.562235],[-103.358935,25.562188]]]}},{"type":"Feature","properties":{},"geometry":{"type":"Polygon","coordinates":[[[-103.359024,25.562141],[-103.358874,25.561907],[-103.358785,25.561954],[-103.358935,25.562188],[-103.359024,25.562141]]]}},{"type":"Feature","properties":{},"geometry":{"type":"Polygon","coordinates":[[[-103.359113,25.562094],[-103.358963,25.56186],[-103.358874,25.561907],[-103.359024,25.562141],[-103.359113,25.562094]]]}},{"type":"Feature","properties":{},"geometry":{"type":"Polygon","coordinates":[[[-103.359202,25.562047],[-103.359051,25.561813],[-103.358963,25.56186],[-103.359113,25.562094],[-103.359202,25.562047]]]}},{"type":"Feature","properties":{},"geometry":{"type":"Polygon","coordinates":[[[-103.359291,25.562],[-103.35914,25.561766],[-103.359051,25.561813],[-103.359202,25.562047],[-103.359291,25.562]]]}},{"type":"Feature","properties":{},"geometry":{"type":"Polygon","coordinates":[[[-103.359483,25.561899],[-103.359332,25.561665],[-103.359243,25.561712],[-103.359394,25.561946],[-103.359483,25.561899]]]}},{"type":"Feature","properties":{},"geometry":{"type":"Polygon","coordinates":[[[-103.359572,25.561852],[-103.359421,25.561618],[-103.359332,25.561665],[-103.359483,25.561899],[-103.359572,25.561852]]]}},{"type":"Feature","properties":{},"geometry":{"type":"Polygon","coordinates":[[[-103.35966,25.561805],[-103.35951,25.561571],[-103.359421,25.561618],[-103.359572,25.561852],[-103.35966,25.561805]]]}},{"type":"Feature","properties":{},"geometry":{"type":"Polygon","coordinates":[[[-103.359749,25.561758],[-103.359599,25.561524],[-103.35951,25.561571],[-103.35966,25.561805],[-103.359749,25.561758]]]}},{"type":"Feature","properties":{},"geometry":{"type":"Polygon","coordinates":[[[-103.359838,25.561711],[-103.359688,25.561477],[-103.359599,25.561524],[-103.359749,25.561758],[-103.359838,25.561711]]]}},{"type":"Feature","properties":{},"geometry":{"type":"Polygon","coordinates":[[[-103.359927,25.561664],[-103.359776,25.56143],[-103.359688,25.561477],[-103.359838,25.561711],[-103.359927,25.561664]]]}},{"type":"Feature","properties":{},"geometry":{"type":"Polygon","coordinates":[[[-103.360016,25.561617],[-103.359865,25.561383],[-103.359776,25.56143],[-103.359927,25.561664],[-103.360016,25.561617]]]}},{"type":"Feature","properties":{},"geometry":{"type":"Polygon","coordinates":[[[-103.360105,25.56157],[-103.359954,25.561336],[-103.359865,25.561383],[-103.360016,25.561617],[-103.360105,25.56157]]]}},{"type":"Feature","properties":{},"geometry":{"type":"Polygon","coordinates":[[[-103.360193,25.561523],[-103.360043,25.561289],[-103.359954,25.561336],[-103.360105,25.56157],[-103.360193,25.561523]]]}},{"type":"Feature","properties":{},"geometry":{"type":"Polygon","coordinates":[[[-103.360282,25.561476],[-103.360132,25.561242],[-103.360043,25.561289],[-103.360193,25.561523],[-103.360282,25.561476]]]}},{"type":"Feature","properties":{},"geometry":{"type":"Polygon","coordinates":[[[-103.360371,25.561429],[-103.360221,25.561195],[-103.360132,25.561242],[-103.360282,25.561476],[-103.360371,25.561429]]]}},{"type":"Feature","properties":{},"geometry":{"type":"Polygon","coordinates":[[[-103.36046,25.561382],[-103.360309,25.561148],[-103.360221,25.561195],[-103.360371,25.561429],[-103.36046,25.561382]]]}},{"type":"Feature","properties":{},"geometry":{"type":"Polygon","coordinates":[[[-103.360549,25.561335],[-103.360398,25.561101],[-103.360309,25.561148],[-103.36046,25.561382],[-103.360549,25.561335]]]}},{"type":"Feature","properties":{},"geometry":{"type":"Polygon","coordinates":[[[-103.360638,25.561288],[-103.360487,25.561054],[-103.360398,25.561101],[-103.360549,25.561335],[-103.360638,25.561288]]]}},{"type":"Feature","properties":{},"geometry":{"type":"Polygon","coordinates":[[[-103.360726,25.561241],[-103.360576,25.561007],[-103.360487,25.561054],[-103.360638,25.561288],[-103.360726,25.561241]]]}},{"type":"Feature","properties":{},"geometry":{"type":"Polygon","coordinates":[[[-103.360815,25.561194],[-103.360665,25.56096],[-103.360576,25.561007],[-103.360726,25.561241],[-103.360815,25.561194]]]}},{"type":"Feature","properties":{},"geometry":{"type":"Polygon","coordinates":[[[-103.361007,25.561092],[-103.360857,25.560858],[-103.360768,25.560905],[-103.360918,25.561139],[-103.361007,25.561092]]]}},{"type":"Feature","properties":{},"geometry":{"type":"Polygon","coordinates":[[[-103.361096,25.561045],[-103.360946,25.560811],[-103.360857,25.560858],[-103.361007,25.561092],[-103.361096,25.561045]]]}},{"type":"Feature","properties":{},"geometry":{"type":"Polygon","coordinates":[[[-103.361185,25.560998],[-103.361034,25.560764],[-103.360946,25.560811],[-103.361096,25.561045],[-103.361185,25.560998]]]}},{"type":"Feature","properties":{},"geometry":{"type":"Polygon","coordinates":[[[-103.361274,25.560951],[-103.361123,25.560717],[-103.361034,25.560764],[-103.361185,25.560998],[-103.361274,25.560951]]]}},{"type":"Feature","properties":{},"geometry":{"type":"Polygon","coordinates":[[[-103.361363,25.560904],[-103.361212,25.56067],[-103.361123,25.560717],[-103.361274,25.560951],[-103.361363,25.560904]]]}},{"type":"Feature","properties":{},"geometry":{"type":"Polygon","coordinates":[[[-103.361451,25.560857],[-103.361301,25.560623],[-103.361212,25.56067],[-103.361363,25.560904],[-103.361451,25.560857]]]}},{"type":"Feature","properties":{},"geometry":{"type":"Polygon","coordinates":[[[-103.36154,25.56081],[-103.36139,25.560576],[-103.361301,25.560623],[-103.361451,25.560857],[-103.36154,25.56081]]]}},{"type":"Feature","properties":{},"geometry":{"type":"Polygon","coordinates":[[[-103.361629,25.560763],[-103.361479,25.560529],[-103.36139,25.560576],[-103.36154,25.56081],[-103.361629,25.560763]]]}},{"type":"Feature","properties":{},"geometry":{"type":"Polygon","coordinates":[[[-103.361718,25.560716],[-103.361568,25.560482],[-103.361479,25.560529],[-103.361629,25.560763],[-103.361718,25.560716]]]}},{"type":"Feature","properties":{},"geometry":{"type":"Polygon","coordinates":[[[-103.361807,25.560669],[-103.361656,25.560435],[-103.361568,25.560482],[-103.361718,25.560716],[-103.361807,25.560669]]]}},{"type":"Feature","properties":{},"geometry":{"type":"Polygon","coordinates":[[[-103.361896,25.560622],[-103.361745,25.560388],[-103.361656,25.560435],[-103.361807,25.560669],[-103.361896,25.560622]]]}},{"type":"Feature","properties":{},"geometry":{"type":"Polygon","coordinates":[[[-103.361984,25.560575],[-103.361834,25.560341],[-103.361745,25.560388],[-103.361896,25.560622],[-103.361984,25.560575]]]}},{"type":"Feature","properties":{},"geometry":{"type":"Polygon","coordinates":[[[-103.362073,25.560528],[-103.361923,25.560294],[-103.361834,25.560341],[-103.361984,25.560575],[-103.362073,25.560528]]]}},{"type":"Feature","properties":{},"geometry":{"type":"Polygon","coordinates":[[[-103.362162,25.560481],[-103.362012,25.560247],[-103.361923,25.560294],[-103.362073,25.560528],[-103.362162,25.560481]]]}},{"type":"Feature","properties":{},"geometry":{"type":"Polygon","coordinates":[[[-103.362251,25.560434],[-103.362101,25.5602],[-103.362012,25.560247],[-103.362162,25.560481],[-103.362251,25.560434]]]}},{"type":"Feature","properties":{},"geometry":{"type":"Polygon","coordinates":[[[-103.36234,25.560387],[-103.362189,25.560153],[-103.362101,25.5602],[-103.362251,25.560434],[-103.36234,25.560387]]]}},{"type":"Feature","properties":{},"geometry":{"type":"Polygon","coordinates":[[[-103.362532,25.560286],[-103.362381,25.560052],[-103.362293,25.560099],[-103.362443,25.560333],[-103.362532,25.560286]]]}},{"type":"Feature","properties":{},"geometry":{"type":"Polygon","coordinates":[[[-103.362621,25.560239],[-103.36247,25.560005],[-103.362381,25.560052],[-103.362532,25.560286],[-103.362621,25.560239]]]}},{"type":"Feature","properties":{},"geometry":{"type":"Polygon","coordinates":[[[-103.362709,25.560192],[-103.362559,25.559958],[-103.36247,25.560005],[-103.362621,25.560239],[-103.362709,25.560192]]]}},{"type":"Feature","properties":{},"geometry":{"type":"Polygon","coordinates":[[[-103.362798,25.560145],[-103.362648,25.559911],[-103.362559,25.559958],[-103.362709,25.560192],[-103.362798,25.560145]]]}},{"type":"Feature","properties":{},"geometry":{"type":"Polygon","coordinates":[[[-103.362887,25.560098],[-103.362737,25.559864],[-103.362648,25.559911],[-103.362798,25.560145],[-103.362887,25.560098]]]}},{"type":"Feature","properties":{},"geometry":{"type":"Polygon","coordinates":[[[-103.362976,25.560051],[-103.362826,25.559817],[-103.362737,25.559864],[-103.362887,25.560098],[-103.362976,25.560051]]]}},{"type":"Feature","properties":{},"geometry":{"type":"Polygon","coordinates":[[[-103.363065,25.560004],[-103.362914,25.55977],[-103.362826,25.559817],[-103.362976,25.560051],[-103.363065,25.560004]]]}},{"type":"Feature","properties":{},"geometry":{"type":"Polygon","coordinates":[[[-103.363154,25.559957],[-103.363003,25.559723],[-103.362914,25.55977],[-103.363065,25.560004],[-103.363154,25.559957]]]}},{"type":"Feature","properties":{},"geometry":{"type":"Polygon","coordinates":[[[-103.363242,25.55991],[-103.363092,25.559676],[-103.363003,25.559723],[-103.363154,25.559957],[-103.363242,25.55991]]]}},{"type":"Feature","properties":{},"geometry":{"type":"Polygon","coordinates":[[[-103.363331,25.559863],[-103.363181,25.559629],[-103.363092,25.559676],[-103.363242,25.55991],[-103.363331,25.559863]]]}},{"type":"Feature","properties":{},"geometry":{"type":"Polygon","coordinates":[[[-103.36342,25.559816],[-103.36327,25.559582],[-103.363181,25.559629],[-103.363331,25.559863],[-103.36342,25.559816]]]}},{"type":"Feature","properties":{},"geometry":{"type":"Polygon","coordinates":[[[-103.363509,25.559769],[-103.363359,25.559535],[-103.36327,25.559582],[-103.36342,25.559816],[-103.363509,25.559769]]]}},{"type":"Feature","properties":{},"geometry":{"type":"Polygon","coordinates":[[[-103.363598,25.559722],[-103.363447,25.559488],[-103.363359,25.559535],[-103.363509,25.559769],[-103.363598,25.559722]]]}},{"type":"Feature","properties":{},"geometry":{"type":"Polygon","coordinates":[[[-103.363687,25.559675],[-103.363536,25.559441],[-103.363447,25.559488],[-103.363598,25.559722],[-103.363687,25.559675]]]}},{"type":"Feature","properties":{},"geometry":{"type":"Polygon","coordinates":[[[-103.363775,25.559628],[-103.363625,25.559394],[-103.363536,25.559441],[-103.363687,25.559675],[-103.363775,25.559628]]]}},{"type":"Feature","properties":{},"geometry":{"type":"Polygon","coordinates":[[[-103.363864,25.559581],[-103.363714,25.559347],[-103.363625,25.559394],[-103.363775,25.559628],[-103.363864,25.559581]]]}},{"type":"Feature","properties":{},"geometry":{"type":"Polygon","coordinates":[[[-103.364056,25.559479],[-103.363906,25.559245],[-103.363817,25.559292],[-103.363967,25.559526],[-103.364056,25.559479]]]}},{"type":"Feature","properties":{},"geometry":{"type":"Polygon","coordinates":[[[-103.364145,25.559432],[-103.363995,25.559198],[-103.363906,25.559245],[-103.364056,25.559479],[-103.364145,25.559432]]]}},{"type":"Feature","properties":{},"geometry":{"type":"Polygon","coordinates":[[[-103.364234,25.559385],[-103.364084,25.559151],[-103.363995,25.559198],[-103.364145,25.559432],[-103.364234,25.559385]]]}},{"type":"Feature","properties":{},"geometry":{"type":"Polygon","coordinates":[[[-103.364323,25.559338],[-103.364172,25.559104],[-103.364084,25.559151],[-103.364234,25.559385],[-103.364323,25.559338]]]}},{"type":"Feature","properties":{},"geometry":{"type":"Polygon","coordinates":[[[-103.364412,25.559291],[-103.364261,25.559057],[-103.364172,25.559104],[-103.364323,25.559338],[-103.364412,25.559291]]]}},{"type":"Feature","properties":{},"geometry":{"type":"Polygon","coordinates":[[[-103.3645,25.559244],[-103.36435,25.55901],[-103.364261,25.559057],[-103.364412,25.559291],[-103.3645,25.559244]]]}},{"type":"Feature","properties":{},"geometry":{"type":"Polygon","coordinates":[[[-103.364589,25.559197],[-103.364439,25.558963],[-103.36435,25.55901],[-103.3645,25.559244],[-103.364589,25.559197]]]}},{"type":"Feature","properties":{},"geometry":{"type":"Polygon","coordinates":[[[-103.364678,25.55915],[-103.364528,25.558916],[-103.364439,25.558963],[-103.364589,25.559197],[-103.364678,25.55915]]]}},{"type":"Feature","properties":{},"geometry":{"type":"Polygon","coordinates":[[[-103.364767,25.559103],[-103.364617,25.558869],[-103.364528,25.558916],[-103.364678,25.55915],[-103.364767,25.559103]]]}},{"type":"Feature","properties":{},"geometry":{"type":"Polygon","coordinates":[[[-103.364856,25.559056],[-103.364705,25.558822],[-103.364617,25.558869],[-103.364767,25.559103],[-103.364856,25.559056]]]}},{"type":"Feature","properties":{},"geometry":{"type":"Polygon","coordinates":[[[-103.364945,25.559009],[-103.364794,25.558775],[-103.364705,25.558822],[-103.364856,25.559056],[-103.364945,25.559009]]]}},{"type":"Feature","properties":{},"geometry":{"type":"Polygon","coordinates":[[[-103.365033,25.558962],[-103.364883,25.558728],[-103.364794,25.558775],[-103.364945,25.559009],[-103.365033,25.558962]]]}},{"type":"Feature","properties":{},"geometry":{"type":"Polygon","coordinates":[[[-103.365122,25.558915],[-103.364972,25.558681],[-103.364883,25.558728],[-103.365033,25.558962],[-103.365122,25.558915]]]}},{"type":"Feature","properties":{},"geometry":{"type":"Polygon","coordinates":[[[-103.365211,25.558868],[-103.365061,25.558634],[-103.364972,25.558681],[-103.365122,25.558915],[-103.365211,25.558868]]]}},{"type":"Feature","properties":{},"geometry":{"type":"Polygon","coordinates":[[[-103.3653,25.558821],[-103.36515,25.558587],[-103.365061,25.558634],[-103.365211,25.558868],[-103.3653,25.558821]]]}},{"type":"Feature","properties":{},"geometry":{"type":"Polygon","coordinates":[[[-103.365389,25.558774],[-103.365238,25.55854],[-103.36515,25.558587],[-103.3653,25.558821],[-103.365389,25.558774]]]}},{"type":"Feature","properties":{},"geometry":{"type":"Polygon","coordinates":[[[-103.365581,25.558673],[-103.36543,25.558439],[-103.365342,25.558486],[-103.365492,25.55872],[-103.365581,25.558673]]]}},{"type":"Feature","properties":{},"geometry":{"type":"Polygon","coordinates":[[[-103.358074,25.56233],[-103.357924,25.562096],[-103.357835,25.562143],[-103.357985,25.562377],[-103.358074,25.56233]]]}},{"type":"Feature","properties":{},"geometry":{"type":"Polygon","coordinates":[[[-103.358163,25.562283],[-103.358013,25.562049],[-103.357924,25.562096],[-103.358074,25.56233],[-103.358163,25.562283]]]}},{"type":"Feature","properties":{},"geometry":{"type":"Polygon","coordinates":[[[-103.358252,25.562236],[-103.358101,25.562002],[-103.358013,25.562049],[-103.358163,25.562283],[-103.358252,25.562236]]]}},{"type":"Feature","properties":{},"geometry":{"type":"Polygon","coordinates":[[[-103.358341,25.562189],[-103.35819,25.561955],[-103.358101,25.562002],[-103.358252,25.562236],[-103.358341,25.562189]]]}},{"type":"Feature","properties":{},"geometry":{"type":"Polygon","coordinates":[[[-103.35843,25.562142],[-103.358279,25.561908],[-103.35819,25.561955],[-103.358341,25.562189],[-103.35843,25.562142]]]}},{"type":"Feature","properties":{},"geometry":{"type":"Polygon","coordinates":[[[-103.358518,25.562095],[-103.358368,25.561861],[-103.358279,25.561908],[-103.35843,25.562142],[-103.358518,25.562095]]]}},{"type":"Feature","properties":{},"geometry":{"type":"Polygon","coordinates":[[[-103.358607,25.562048],[-103.358457,25.561814],[-103.358368,25.561861],[-103.358518,25.562095],[-103.358607,25.562048]]]}},{"type":"Feature","properties":{},"geometry":{"type":"Polygon","coordinates":[[[-103.358696,25.562001],[-103.358546,25.561767],[-103.358457,25.561814],[-103.358607,25.562048],[-103.358696,25.562001]]]}},{"type":"Feature","properties":{},"geometry":{"type":"Polygon","coordinates":[[[-103.358785,25.561954],[-103.358635,25.56172],[-103.358546,25.561767],[-103.358696,25.562001],[-103.358785,25.561954]]]}},{"type":"Feature","properties":{},"geometry":{"type":"Polygon","coordinates":[[[-103.358874,25.561907],[-103.358723,25.561673],[-103.358635,25.56172],[-103.358785,25.561954],[-103.358874,25.561907]]]}},{"type":"Feature","properties":{},"geometry":{"type":"Polygon","coordinates":[[[-103.358963,25.56186],[-103.358812,25.561626],[-103.358723,25.561673],[-103.358874,25.561907],[-103.358963,25.56186]]]}},{"type":"Feature","properties":{},"geometry":{"type":"Polygon","coordinates":[[[-103.359051,25.561813],[-103.358901,25.561579],[-103.358812,25.561626],[-103.358963,25.56186],[-103.359051,25.561813]]]}},{"type":"Feature","properties":{},"geometry":{"type":"Polygon","coordinates":[[[-103.35914,25.561766],[-103.35899,25.561532],[-103.358901,25.561579],[-103.359051,25.561813],[-103.35914,25.561766]]]}},{"type":"Feature","properties":{},"geometry":{"type":"Polygon","coordinates":[[[-103.359332,25.561665],[-103.359182,25.561431],[-103.359093,25.561478],[-103.359243,25.561712],[-103.359332,25.561665]]]}},{"type":"Feature","properties":{},"geometry":{"type":"Polygon","coordinates":[[[-103.359421,25.561618],[-103.359271,25.561384],[-103.359182,25.561431],[-103.359332,25.561665],[-103.359421,25.561618]]]}},{"type":"Feature","properties":{},"geometry":{"type":"Polygon","coordinates":[[[-103.35951,25.561571],[-103.35936,25.561337],[-103.359271,25.561384],[-103.359421,25.561618],[-103.35951,25.561571]]]}},{"type":"Feature","properties":{},"geometry":{"type":"Polygon","coordinates":[[[-103.359599,25.561524],[-103.359448,25.56129],[-103.35936,25.561337],[-103.35951,25.561571],[-103.359599,25.561524]]]}},{"type":"Feature","properties":{},"geometry":{"type":"Polygon","coordinates":[[[-103.359688,25.561477],[-103.359537,25.561243],[-103.359448,25.56129],[-103.359599,25.561524],[-103.359688,25.561477]]]}},{"type":"Feature","properties":{},"geometry":{"type":"Polygon","coordinates":[[[-103.359776,25.56143],[-103.359626,25.561196],[-103.359537,25.561243],[-103.359688,25.561477],[-103.359776,25.56143]]]}},{"type":"Feature","properties":{},"geometry":{"type":"Polygon","coordinates":[[[-103.359865,25.561383],[-103.359715,25.561149],[-103.359626,25.561196],[-103.359776,25.56143],[-103.359865,25.561383]]]}},{"type":"Feature","properties":{},"geometry":{"type":"Polygon","coordinates":[[[-103.359954,25.561336],[-103.359804,25.561102],[-103.359715,25.561149],[-103.359865,25.561383],[-103.359954,25.561336]]]}},{"type":"Feature","properties":{},"geometry":{"type":"Polygon","coordinates":[[[-103.360043,25.561289],[-103.359893,25.561055],[-103.359804,25.561102],[-103.359954,25.561336],[-103.360043,25.561289]]]}},{"type":"Feature","properties":{},"geometry":{"type":"Polygon","coordinates":[[[-103.360132,25.561242],[-103.359981,25.561008],[-103.359893,25.561055],[-103.360043,25.561289],[-103.360132,25.561242]]]}},{"type":"Feature","properties":{},"geometry":{"type":"Polygon","coordinates":[[[-103.360221,25.561195],[-103.36007,25.560961],[-103.359981,25.561008],[-103.360132,25.561242],[-103.360221,25.561195]]]}},{"type":"Feature","properties":{},"geometry":{"type":"Polygon","coordinates":[[[-103.360309,25.561148],[-103.360159,25.560914],[-103.36007,25.560961],[-103.360221,25.561195],[-103.360309,25.561148]]]}},{"type":"Feature","properties":{},"geometry":{"type":"Polygon","coordinates":[[[-103.360398,25.561101],[-103.360248,25.560867],[-103.360159,25.560914],[-103.360309,25.561148],[-103.360398,25.561101]]]}},{"type":"Feature","properties":{},"geometry":{"type":"Polygon","coordinates":[[[-103.360487,25.561054],[-103.360337,25.56082],[-103.360248,25.560867],[-103.360398,25.561101],[-103.360487,25.561054]]]}},{"type":"Feature","properties":{},"geometry":{"type":"Polygon","coordinates":[[[-103.360576,25.561007],[-103.360426,25.560773],[-103.360337,25.56082],[-103.360487,25.561054],[-103.360576,25.561007]]]}},{"type":"Feature","properties":{},"geometry":{"type":"Polygon","coordinates":[[[-103.360665,25.56096],[-103.360514,25.560726],[-103.360426,25.560773],[-103.360576,25.561007],[-103.360665,25.56096]]]}},{"type":"Feature","properties":{},"geometry":{"type":"Polygon","coordinates":[[[-103.360857,25.560858],[-103.360706,25.560624],[-103.360618,25.560671],[-103.360768,25.560905],[-103.360857,25.560858]]]}},{"type":"Feature","properties":{},"geometry":{"type":"Polygon","coordinates":[[[-103.360946,25.560811],[-103.360795,25.560577],[-103.360706,25.560624],[-103.360857,25.560858],[-103.360946,25.560811]]]}},{"type":"Feature","properties":{},"geometry":{"type":"Polygon","coordinates":[[[-103.361034,25.560764],[-103.360884,25.56053],[-103.360795,25.560577],[-103.360946,25.560811],[-103.361034,25.560764]]]}},{"type":"Feature","properties":{},"geometry":{"type":"Polygon","coordinates":[[[-103.361123,25.560717],[-103.360973,25.560483],[-103.360884,25.56053],[-103.361034,25.560764],[-103.361123,25.560717]]]}},{"type":"Feature","properties":{},"geometry":{"type":"Polygon","coordinates":[[[-103.361212,25.56067],[-103.361062,25.560436],[-103.360973,25.560483],[-103.361123,25.560717],[-103.361212,25.56067]]]}},{"type":"Feature","properties":{},"geometry":{"type":"Polygon","coordinates":[[[-103.361301,25.560623],[-103.361151,25.560389],[-103.361062,25.560436],[-103.361212,25.56067],[-103.361301,25.560623]]]}},{"type":"Feature","properties":{},"geometry":{"type":"Polygon","coordinates":[[[-103.36139,25.560576],[-103.361239,25.560342],[-103.361151,25.560389],[-103.361301,25.560623],[-103.36139,25.560576]]]}},{"type":"Feature","properties":{},"geometry":{"type":"Polygon","coordinates":[[[-103.361479,25.560529],[-103.361328,25.560295],[-103.361239,25.560342],[-103.36139,25.560576],[-103.361479,25.560529]]]}},{"type":"Feature","properties":{},"geometry":{"type":"Polygon","coordinates":[[[-103.361568,25.560482],[-103.361417,25.560248],[-103.361328,25.560295],[-103.361479,25.560529],[-103.361568,25.560482]]]}},{"type":"Feature","properties":{},"geometry":{"type":"Polygon","coordinates":[[[-103.361656,25.560435],[-103.361506,25.560201],[-103.361417,25.560248],[-103.361568,25.560482],[-103.361656,25.560435]]]}},{"type":"Feature","properties":{},"geometry":{"type":"Polygon","coordinates":[[[-103.361745,25.560388],[-103.361595,25.560154],[-103.361506,25.560201],[-103.361656,25.560435],[-103.361745,25.560388]]]}},{"type":"Feature","properties":{},"geometry":{"type":"Polygon","coordinates":[[[-103.361834,25.560341],[-103.361684,25.560107],[-103.361595,25.560154],[-103.361745,25.560388],[-103.361834,25.560341]]]}},{"type":"Feature","properties":{},"geometry":{"type":"Polygon","coordinates":[[[-103.361923,25.560294],[-103.361772,25.56006],[-103.361684,25.560107],[-103.361834,25.560341],[-103.361923,25.560294]]]}},{"type":"Feature","properties":{},"geometry":{"type":"Polygon","coordinates":[[[-103.362012,25.560247],[-103.361861,25.560013],[-103.361772,25.56006],[-103.361923,25.560294],[-103.362012,25.560247]]]}},{"type":"Feature","properties":{},"geometry":{"type":"Polygon","coordinates":[[[-103.362101,25.5602],[-103.36195,25.559966],[-103.361861,25.560013],[-103.362012,25.560247],[-103.362101,25.5602]]]}},{"type":"Feature","properties":{},"geometry":{"type":"Polygon","coordinates":[[[-103.362189,25.560153],[-103.362039,25.559919],[-103.36195,25.559966],[-103.362101,25.5602],[-103.362189,25.560153]]]}},{"type":"Feature","properties":{},"geometry":{"type":"Polygon","coordinates":[[[-103.362381,25.560052],[-103.362231,25.559818],[-103.362142,25.559865],[-103.362293,25.560099],[-103.362381,25.560052]]]}},{"type":"Feature","properties":{},"geometry":{"type":"Polygon","coordinates":[[[-103.36247,25.560005],[-103.36232,25.559771],[-103.362231,25.559818],[-103.362381,25.560052],[-103.36247,25.560005]]]}},{"type":"Feature","properties":{},"geometry":{"type":"Polygon","coordinates":[[[-103.362559,25.559958],[-103.362409,25.559724],[-103.36232,25.559771],[-103.36247,25.560005],[-103.362559,25.559958]]]}},{"type":"Feature","properties":{},"geometry":{"type":"Polygon","coordinates":[[[-103.362648,25.559911],[-103.362497,25.559677],[-103.362409,25.559724],[-103.362559,25.559958],[-103.362648,25.559911]]]}},{"type":"Feature","properties":{},"geometry":{"type":"Polygon","coordinates":[[[-103.362737,25.559864],[-103.362586,25.55963],[-103.362497,25.559677],[-103.362648,25.559911],[-103.362737,25.559864]]]}},{"type":"Feature","properties":{},"geometry":{"type":"Polygon","coordinates":[[[-103.362826,25.559817],[-103.362675,25.559583],[-103.362586,25.55963],[-103.362737,25.559864],[-103.362826,25.559817]]]}},{"type":"Feature","properties":{},"geometry":{"type":"Polygon","coordinates":[[[-103.362914,25.55977],[-103.362764,25.559536],[-103.362675,25.559583],[-103.362826,25.559817],[-103.362914,25.55977]]]}},{"type":"Feature","properties":{},"geometry":{"type":"Polygon","coordinates":[[[-103.363003,25.559723],[-103.362853,25.559489],[-103.362764,25.559536],[-103.362914,25.55977],[-103.363003,25.559723]]]}},{"type":"Feature","properties":{},"geometry":{"type":"Polygon","coordinates":[[[-103.363092,25.559676],[-103.362942,25.559442],[-103.362853,25.559489],[-103.363003,25.559723],[-103.363092,25.559676]]]}},{"type":"Feature","properties":{},"geometry":{"type":"Polygon","coordinates":[[[-103.363181,25.559629],[-103.36303,25.559395],[-103.362942,25.559442],[-103.363092,25.559676],[-103.363181,25.559629]]]}},{"type":"Feature","properties":{},"geometry":{"type":"Polygon","coordinates":[[[-103.36327,25.559582],[-103.363119,25.559348],[-103.36303,25.559395],[-103.363181,25.559629],[-103.36327,25.559582]]]}},{"type":"Feature","properties":{},"geometry":{"type":"Polygon","coordinates":[[[-103.363359,25.559535],[-103.363208,25.559301],[-103.363119,25.559348],[-103.36327,25.559582],[-103.363359,25.559535]]]}},{"type":"Feature","properties":{},"geometry":{"type":"Polygon","coordinates":[[[-103.363447,25.559488],[-103.363297,25.559254],[-103.363208,25.559301],[-103.363359,25.559535],[-103.363447,25.559488]]]}},{"type":"Feature","properties":{},"geometry":{"type":"Polygon","coordinates":[[[-103.363536,25.559441],[-103.363386,25.559207],[-103.363297,25.559254],[-103.363447,25.559488],[-103.363536,25.559441]]]}},{"type":"Feature","properties":{},"geometry":{"type":"Polygon","coordinates":[[[-103.363625,25.559394],[-103.363475,25.55916],[-103.363386,25.559207],[-103.363536,25.559441],[-103.363625,25.559394]]]}},{"type":"Feature","properties":{},"geometry":{"type":"Polygon","coordinates":[[[-103.363714,25.559347],[-103.363563,25.559113],[-103.363475,25.55916],[-103.363625,25.559394],[-103.363714,25.559347]]]}},{"type":"Feature","properties":{},"geometry":{"type":"Polygon","coordinates":[[[-103.363906,25.559245],[-103.363755,25.559011],[-103.363667,25.559058],[-103.363817,25.559292],[-103.363906,25.559245]]]}},{"type":"Feature","properties":{},"geometry":{"type":"Polygon","coordinates":[[[-103.363995,25.559198],[-103.363844,25.558964],[-103.363755,25.559011],[-103.363906,25.559245],[-103.363995,25.559198]]]}},{"type":"Feature","properties":{},"geometry":{"type":"Polygon","coordinates":[[[-103.364084,25.559151],[-103.363933,25.558917],[-103.363844,25.558964],[-103.363995,25.559198],[-103.364084,25.559151]]]}},{"type":"Feature","properties":{},"geometry":{"type":"Polygon","coordinates":[[[-103.364172,25.559104],[-103.364022,25.55887],[-103.363933,25.558917],[-103.364084,25.559151],[-103.364172,25.559104]]]}},{"type":"Feature","properties":{},"geometry":{"type":"Polygon","coordinates":[[[-103.364261,25.559057],[-103.364111,25.558823],[-103.364022,25.55887],[-103.364172,25.559104],[-103.364261,25.559057]]]}},{"type":"Feature","properties":{},"geometry":{"type":"Polygon","coordinates":[[[-103.36435,25.55901],[-103.3642,25.558776],[-103.364111,25.558823],[-103.364261,25.559057],[-103.36435,25.55901]]]}},{"type":"Feature","properties":{},"geometry":{"type":"Polygon","coordinates":[[[-103.364439,25.558963],[-103.364288,25.558729],[-103.3642,25.558776],[-103.36435,25.55901],[-103.364439,25.558963]]]}},{"type":"Feature","properties":{},"geometry":{"type":"Polygon","coordinates":[[[-103.364528,25.558916],[-103.364377,25.558682],[-103.364288,25.558729],[-103.364439,25.558963],[-103.364528,25.558916]]]}},{"type":"Feature","properties":{},"geometry":{"type":"Polygon","coordinates":[[[-103.364617,25.558869],[-103.364466,25.558635],[-103.364377,25.558682],[-103.364528,25.558916],[-103.364617,25.558869]]]}},{"type":"Feature","properties":{},"geometry":{"type":"Polygon","coordinates":[[[-103.364705,25.558822],[-103.364555,25.558588],[-103.364466,25.558635],[-103.364617,25.558869],[-103.364705,25.558822]]]}},{"type":"Feature","properties":{},"geometry":{"type":"Polygon","coordinates":[[[-103.364794,25.558775],[-103.364644,25.558541],[-103.364555,25.558588],[-103.364705,25.558822],[-103.364794,25.558775]]]}},{"type":"Feature","properties":{},"geometry":{"type":"Polygon","coordinates":[[[-103.364883,25.558728],[-103.364733,25.558494],[-103.364644,25.558541],[-103.364794,25.558775],[-103.364883,25.558728]]]}},{"type":"Feature","properties":{},"geometry":{"type":"Polygon","coordinates":[[[-103.364972,25.558681],[-103.364821,25.558447],[-103.364733,25.558494],[-103.364883,25.558728],[-103.364972,25.558681]]]}},{"type":"Feature","properties":{},"geometry":{"type":"Polygon","coordinates":[[[-103.358019,25.564867],[-103.357869,25.564633],[-103.35778,25.56468],[-103.357931,25.564914],[-103.358019,25.564867]]]}},{"type":"Feature","properties":{},"geometry":{"type":"Polygon","coordinates":[[[-103.358108,25.56482],[-103.357958,25.564586],[-103.357869,25.564633],[-103.358019,25.564867],[-103.358108,25.56482]]]}},{"type":"Feature","properties":{},"geometry":{"type":"Polygon","coordinates":[[[-103.358197,25.564773],[-103.358047,25.564539],[-103.357958,25.564586],[-103.358108,25.56482],[-103.358197,25.564773]]]}},{"type":"Feature","properties":{},"geometry":{"type":"Polygon","coordinates":[[[-103.358286,25.564726],[-103.358135,25.564492],[-103.358047,25.564539],[-103.358197,25.564773],[-103.358286,25.564726]]]}},{"type":"Feature","properties":{},"geometry":{"type":"Polygon","coordinates":[[[-103.358375,25.564679],[-103.358224,25.564445],[-103.358135,25.564492],[-103.358286,25.564726],[-103.358375,25.564679]]]}},{"type":"Feature","properties":{},"geometry":{"type":"Polygon","coordinates":[[[-103.358464,25.564632],[-103.358313,25.564398],[-103.358224,25.564445],[-103.358375,25.564679],[-103.358464,25.564632]]]}},{"type":"Feature","properties":{},"geometry":{"type":"Polygon","coordinates":[[[-103.358552,25.564585],[-103.358402,25.564351],[-103.358313,25.564398],[-103.358464,25.564632],[-103.358552,25.564585]]]}},{"type":"Feature","properties":{},"geometry":{"type":"Polygon","coordinates":[[[-103.358641,25.564538],[-103.358491,25.564304],[-103.358402,25.564351],[-103.358552,25.564585],[-103.358641,25.564538]]]}},{"type":"Feature","properties":{},"geometry":{"type":"Polygon","coordinates":[[[-103.35873,25.564491],[-103.35858,25.564257],[-103.358491,25.564304],[-103.358641,25.564538],[-103.35873,25.564491]]]}},{"type":"Feature","properties":{},"geometry":{"type":"Polygon","coordinates":[[[-103.358819,25.564444],[-103.358669,25.56421],[-103.35858,25.564257],[-103.35873,25.564491],[-103.358819,25.564444]]]}},{"type":"Feature","properties":{},"geometry":{"type":"Polygon","coordinates":[[[-103.359011,25.564343],[-103.358861,25.564109],[-103.358772,25.564156],[-103.358922,25.56439],[-103.359011,25.564343]]]}},{"type":"Feature","properties":{},"geometry":{"type":"Polygon","coordinates":[[[-103.3591,25.564296],[-103.358949,25.564062],[-103.358861,25.564109],[-103.359011,25.564343],[-103.3591,25.564296]]]}},{"type":"Feature","properties":{},"geometry":{"type":"Polygon","coordinates":[[[-103.359189,25.564249],[-103.359038,25.564015],[-103.358949,25.564062],[-103.3591,25.564296],[-103.359189,25.564249]]]}},{"type":"Feature","properties":{},"geometry":{"type":"Polygon","coordinates":[[[-103.359277,25.564202],[-103.359127,25.563968],[-103.359038,25.564015],[-103.359189,25.564249],[-103.359277,25.564202]]]}},{"type":"Feature","properties":{},"geometry":{"type":"Polygon","coordinates":[[[-103.359366,25.564155],[-103.359216,25.563921],[-103.359127,25.563968],[-103.359277,25.564202],[-103.359366,25.564155]]]}},{"type":"Feature","properties":{},"geometry":{"type":"Polygon","coordinates":[[[-103.359455,25.564108],[-103.359305,25.563874],[-103.359216,25.563921],[-103.359366,25.564155],[-103.359455,25.564108]]]}},{"type":"Feature","properties":{},"geometry":{"type":"Polygon","coordinates":[[[-103.359544,25.564061],[-103.359394,25.563827],[-103.359305,25.563874],[-103.359455,25.564108],[-103.359544,25.564061]]]}},{"type":"Feature","properties":{},"geometry":{"type":"Polygon","coordinates":[[[-103.359633,25.564014],[-103.359482,25.56378],[-103.359394,25.563827],[-103.359544,25.564061],[-103.359633,25.564014]]]}},{"type":"Feature","properties":{},"geometry":{"type":"Polygon","coordinates":[[[-103.359722,25.563967],[-103.359571,25.563733],[-103.359482,25.56378],[-103.359633,25.564014],[-103.359722,25.563967]]]}},{"type":"Feature","properties":{},"geometry":{"type":"Polygon","coordinates":[[[-103.35981,25.56392],[-103.35966,25.563686],[-103.359571,25.563733],[-103.359722,25.563967],[-103.35981,25.56392]]]}},{"type":"Feature","properties":{},"geometry":{"type":"Polygon","coordinates":[[[-103.359899,25.563873],[-103.359749,25.563639],[-103.35966,25.563686],[-103.35981,25.56392],[-103.359899,25.563873]]]}},{"type":"Feature","properties":{},"geometry":{"type":"Polygon","coordinates":[[[-103.359988,25.563826],[-103.359838,25.563592],[-103.359749,25.563639],[-103.359899,25.563873],[-103.359988,25.563826]]]}},{"type":"Feature","properties":{},"geometry":{"type":"Polygon","coordinates":[[[-103.36098,25.563301],[-103.360829,25.563067],[-103.36074,25.563114],[-103.360891,25.563348],[-103.36098,25.563301]]]}},{"type":"Feature","properties":{},"geometry":{"type":"Polygon","coordinates":[[[-103.361069,25.563254],[-103.360918,25.56302],[-103.360829,25.563067],[-103.36098,25.563301],[-103.361069,25.563254]]]}},{"type":"Feature","properties":{},"geometry":{"type":"Polygon","coordinates":[[[-103.361157,25.563207],[-103.361007,25.562973],[-103.360918,25.56302],[-103.361069,25.563254],[-103.361157,25.563207]]]}},{"type":"Feature","properties":{},"geometry":{"type":"Polygon","coordinates":[[[-103.361246,25.56316],[-103.361096,25.562926],[-103.361007,25.562973],[-103.361157,25.563207],[-103.361246,25.56316]]]}},{"type":"Feature","properties":{},"geometry":{"type":"Polygon","coordinates":[[[-103.361335,25.563113],[-103.361185,25.562879],[-103.361096,25.562926],[-103.361246,25.56316],[-103.361335,25.563113]]]}},{"type":"Feature","properties":{},"geometry":{"type":"Polygon","coordinates":[[[-103.361424,25.563066],[-103.361273,25.562832],[-103.361185,25.562879],[-103.361335,25.563113],[-103.361424,25.563066]]]}},{"type":"Feature","properties":{},"geometry":{"type":"Polygon","coordinates":[[[-103.361513,25.563019],[-103.361362,25.562785],[-103.361273,25.562832],[-103.361424,25.563066],[-103.361513,25.563019]]]}},{"type":"Feature","properties":{},"geometry":{"type":"Polygon","coordinates":[[[-103.361602,25.562972],[-103.361451,25.562738],[-103.361362,25.562785],[-103.361513,25.563019],[-103.361602,25.562972]]]}},{"type":"Feature","properties":{},"geometry":{"type":"Polygon","coordinates":[[[-103.36169,25.562925],[-103.36154,25.562691],[-103.361451,25.562738],[-103.361602,25.562972],[-103.36169,25.562925]]]}},{"type":"Feature","properties":{},"geometry":{"type":"Polygon","coordinates":[[[-103.361779,25.562878],[-103.361629,25.562644],[-103.36154,25.562691],[-103.36169,25.562925],[-103.361779,25.562878]]]}},{"type":"Feature","properties":{},"geometry":{"type":"Polygon","coordinates":[[[-103.361868,25.562831],[-103.361718,25.562597],[-103.361629,25.562644],[-103.361779,25.562878],[-103.361868,25.562831]]]}},{"type":"Feature","properties":{},"geometry":{"type":"Polygon","coordinates":[[[-103.36206,25.56273],[-103.36191,25.562496],[-103.361821,25.562543],[-103.361971,25.562777],[-103.36206,25.56273]]]}},{"type":"Feature","properties":{},"geometry":{"type":"Polygon","coordinates":[[[-103.362149,25.562683],[-103.361999,25.562449],[-103.36191,25.562496],[-103.36206,25.56273],[-103.362149,25.562683]]]}},{"type":"Feature","properties":{},"geometry":{"type":"Polygon","coordinates":[[[-103.362238,25.562636],[-103.362087,25.562402],[-103.361999,25.562449],[-103.362149,25.562683],[-103.362238,25.562636]]]}},{"type":"Feature","properties":{},"geometry":{"type":"Polygon","coordinates":[[[-103.362327,25.562589],[-103.362176,25.562355],[-103.362087,25.562402],[-103.362238,25.562636],[-103.362327,25.562589]]]}},{"type":"Feature","properties":{},"geometry":{"type":"Polygon","coordinates":[[[-103.362415,25.562542],[-103.362265,25.562308],[-103.362176,25.562355],[-103.362327,25.562589],[-103.362415,25.562542]]]}},{"type":"Feature","properties":{},"geometry":{"type":"Polygon","coordinates":[[[-103.362504,25.562495],[-103.362354,25.562261],[-103.362265,25.562308],[-103.362415,25.562542],[-103.362504,25.562495]]]}},{"type":"Feature","properties":{},"geometry":{"type":"Polygon","coordinates":[[[-103.362593,25.562448],[-103.362443,25.562214],[-103.362354,25.562261],[-103.362504,25.562495],[-103.362593,25.562448]]]}},{"type":"Feature","properties":{},"geometry":{"type":"Polygon","coordinates":[[[-103.362682,25.562401],[-103.362532,25.562167],[-103.362443,25.562214],[-103.362593,25.562448],[-103.362682,25.562401]]]}},{"type":"Feature","properties":{},"geometry":{"type":"Polygon","coordinates":[[[-103.362771,25.562354],[-103.36262,25.56212],[-103.362532,25.562167],[-103.362682,25.562401],[-103.362771,25.562354]]]}},{"type":"Feature","properties":{},"geometry":{"type":"Polygon","coordinates":[[[-103.36286,25.562307],[-103.362709,25.562073],[-103.36262,25.56212],[-103.362771,25.562354],[-103.36286,25.562307]]]}},{"type":"Feature","properties":{},"geometry":{"type":"Polygon","coordinates":[[[-103.362948,25.56226],[-103.362798,25.562026],[-103.362709,25.562073],[-103.36286,25.562307],[-103.362948,25.56226]]]}},{"type":"Feature","properties":{},"geometry":{"type":"Polygon","coordinates":[[[-103.363037,25.562213],[-103.362887,25.561979],[-103.362798,25.562026],[-103.362948,25.56226],[-103.363037,25.562213]]]}},{"type":"Feature","properties":{},"geometry":{"type":"Polygon","coordinates":[[[-103.363126,25.562166],[-103.362976,25.561932],[-103.362887,25.561979],[-103.363037,25.562213],[-103.363126,25.562166]]]}},{"type":"Feature","properties":{},"geometry":{"type":"Polygon","coordinates":[[[-103.363215,25.562119],[-103.363065,25.561885],[-103.362976,25.561932],[-103.363126,25.562166],[-103.363215,25.562119]]]}},{"type":"Feature","properties":{},"geometry":{"type":"Polygon","coordinates":[[[-103.363304,25.562072],[-103.363153,25.561838],[-103.363065,25.561885],[-103.363215,25.562119],[-103.363304,25.562072]]]}},{"type":"Feature","properties":{},"geometry":{"type":"Polygon","coordinates":[[[-103.363393,25.562025],[-103.363242,25.561791],[-103.363153,25.561838],[-103.363304,25.562072],[-103.363393,25.562025]]]}},{"type":"Feature","properties":{},"geometry":{"type":"Polygon","coordinates":[[[-103.363585,25.561923],[-103.363434,25.561689],[-103.363345,25.561736],[-103.363496,25.56197],[-103.363585,25.561923]]]}},{"type":"Feature","properties":{},"geometry":{"type":"Polygon","coordinates":[[[-103.363673,25.561876],[-103.363523,25.561642],[-103.363434,25.561689],[-103.363585,25.561923],[-103.363673,25.561876]]]}},{"type":"Feature","properties":{},"geometry":{"type":"Polygon","coordinates":[[[-103.363762,25.561829],[-103.363612,25.561595],[-103.363523,25.561642],[-103.363673,25.561876],[-103.363762,25.561829]]]}},{"type":"Feature","properties":{},"geometry":{"type":"Polygon","coordinates":[[[-103.363851,25.561782],[-103.363701,25.561548],[-103.363612,25.561595],[-103.363762,25.561829],[-103.363851,25.561782]]]}},{"type":"Feature","properties":{},"geometry":{"type":"Polygon","coordinates":[[[-103.36394,25.561735],[-103.36379,25.561501],[-103.363701,25.561548],[-103.363851,25.561782],[-103.36394,25.561735]]]}},{"type":"Feature","properties":{},"geometry":{"type":"Polygon","coordinates":[[[-103.364029,25.561688],[-103.363878,25.561454],[-103.36379,25.561501],[-103.36394,25.561735],[-103.364029,25.561688]]]}},{"type":"Feature","properties":{},"geometry":{"type":"Polygon","coordinates":[[[-103.364118,25.561641],[-103.363967,25.561407],[-103.363878,25.561454],[-103.364029,25.561688],[-103.364118,25.561641]]]}},{"type":"Feature","properties":{},"geometry":{"type":"Polygon","coordinates":[[[-103.364207,25.561594],[-103.364056,25.56136],[-103.363967,25.561407],[-103.364118,25.561641],[-103.364207,25.561594]]]}},{"type":"Feature","properties":{},"geometry":{"type":"Polygon","coordinates":[[[-103.364295,25.561547],[-103.364145,25.561313],[-103.364056,25.56136],[-103.364207,25.561594],[-103.364295,25.561547]]]}},{"type":"Feature","properties":{},"geometry":{"type":"Polygon","coordinates":[[[-103.364384,25.5615],[-103.364234,25.561266],[-103.364145,25.561313],[-103.364295,25.561547],[-103.364384,25.5615]]]}},{"type":"Feature","properties":{},"geometry":{"type":"Polygon","coordinates":[[[-103.364473,25.561453],[-103.364323,25.561219],[-103.364234,25.561266],[-103.364384,25.5615],[-103.364473,25.561453]]]}},{"type":"Feature","properties":{},"geometry":{"type":"Polygon","coordinates":[[[-103.364562,25.561406],[-103.364411,25.561172],[-103.364323,25.561219],[-103.364473,25.561453],[-103.364562,25.561406]]]}},{"type":"Feature","properties":{},"geometry":{"type":"Polygon","coordinates":[[[-103.364651,25.561359],[-103.3645,25.561125],[-103.364411,25.561172],[-103.364562,25.561406],[-103.364651,25.561359]]]}},{"type":"Feature","properties":{},"geometry":{"type":"Polygon","coordinates":[[[-103.36474,25.561312],[-103.364589,25.561078],[-103.3645,25.561125],[-103.364651,25.561359],[-103.36474,25.561312]]]}},{"type":"Feature","properties":{},"geometry":{"type":"Polygon","coordinates":[[[-103.364828,25.561265],[-103.364678,25.561031],[-103.364589,25.561078],[-103.36474,25.561312],[-103.364828,25.561265]]]}},{"type":"Feature","properties":{},"geometry":{"type":"Polygon","coordinates":[[[-103.364917,25.561218],[-103.364767,25.560984],[-103.364678,25.561031],[-103.364828,25.561265],[-103.364917,25.561218]]]}},{"type":"Feature","properties":{},"geometry":{"type":"Polygon","coordinates":[[[-103.365109,25.561117],[-103.364959,25.560883],[-103.36487,25.56093],[-103.36502,25.561164],[-103.365109,25.561117]]]}},{"type":"Feature","properties":{},"geometry":{"type":"Polygon","coordinates":[[[-103.365198,25.56107],[-103.365048,25.560836],[-103.364959,25.560883],[-103.365109,25.561117],[-103.365198,25.56107]]]}},{"type":"Feature","properties":{},"geometry":{"type":"Polygon","coordinates":[[[-103.365287,25.561023],[-103.365136,25.560789],[-103.365048,25.560836],[-103.365198,25.56107],[-103.365287,25.561023]]]}},{"type":"Feature","properties":{},"geometry":{"type":"Polygon","coordinates":[[[-103.365376,25.560976],[-103.365225,25.560742],[-103.365136,25.560789],[-103.365287,25.561023],[-103.365376,25.560976]]]}},{"type":"Feature","properties":{},"geometry":{"type":"Polygon","coordinates":[[[-103.365465,25.560929],[-103.365314,25.560695],[-103.365225,25.560742],[-103.365376,25.560976],[-103.365465,25.560929]]]}},{"type":"Feature","properties":{},"geometry":{"type":"Polygon","coordinates":[[[-103.365553,25.560882],[-103.365403,25.560648],[-103.365314,25.560695],[-103.365465,25.560929],[-103.365553,25.560882]]]}},{"type":"Feature","properties":{},"geometry":{"type":"Polygon","coordinates":[[[-103.365642,25.560835],[-103.365492,25.560601],[-103.365403,25.560648],[-103.365553,25.560882],[-103.365642,25.560835]]]}},{"type":"Feature","properties":{},"geometry":{"type":"Polygon","coordinates":[[[-103.365731,25.560788],[-103.365581,25.560554],[-103.365492,25.560601],[-103.365642,25.560835],[-103.365731,25.560788]]]}},{"type":"Feature","properties":{},"geometry":{"type":"Polygon","coordinates":[[[-103.36582,25.560741],[-103.365669,25.560507],[-103.365581,25.560554],[-103.365731,25.560788],[-103.36582,25.560741]]]}},{"type":"Feature","properties":{},"geometry":{"type":"Polygon","coordinates":[[[-103.365909,25.560694],[-103.365758,25.56046],[-103.365669,25.560507],[-103.36582,25.560741],[-103.365909,25.560694]]]}},{"type":"Feature","properties":{},"geometry":{"type":"Polygon","coordinates":[[[-103.365998,25.560647],[-103.365847,25.560413],[-103.365758,25.56046],[-103.365909,25.560694],[-103.365998,25.560647]]]}},{"type":"Feature","properties":{},"geometry":{"type":"Polygon","coordinates":[[[-103.366086,25.5606],[-103.365936,25.560366],[-103.365847,25.560413],[-103.365998,25.560647],[-103.366086,25.5606]]]}},{"type":"Feature","properties":{},"geometry":{"type":"Polygon","coordinates":[[[-103.366175,25.560553],[-103.366025,25.560319],[-103.365936,25.560366],[-103.366086,25.5606],[-103.366175,25.560553]]]}},{"type":"Feature","properties":{},"geometry":{"type":"Polygon","coordinates":[[[-103.366264,25.560506],[-103.366114,25.560272],[-103.366025,25.560319],[-103.366175,25.560553],[-103.366264,25.560506]]]}},{"type":"Feature","properties":{},"geometry":{"type":"Polygon","coordinates":[[[-103.366353,25.560459],[-103.366202,25.560225],[-103.366114,25.560272],[-103.366264,25.560506],[-103.366353,25.560459]]]}},{"type":"Feature","properties":{},"geometry":{"type":"Polygon","coordinates":[[[-103.366442,25.560412],[-103.366291,25.560178],[-103.366202,25.560225],[-103.366353,25.560459],[-103.366442,25.560412]]]}},{"type":"Feature","properties":{},"geometry":{"type":"Polygon","coordinates":[[[-103.366634,25.56031],[-103.366483,25.560076],[-103.366394,25.560123],[-103.366545,25.560357],[-103.366634,25.56031]]]}},{"type":"Feature","properties":{},"geometry":{"type":"Polygon","coordinates":[[[-103.366723,25.560263],[-103.366572,25.560029],[-103.366483,25.560076],[-103.366634,25.56031],[-103.366723,25.560263]]]}},{"type":"Feature","properties":{},"geometry":{"type":"Polygon","coordinates":[[[-103.366811,25.560216],[-103.366661,25.559982],[-103.366572,25.560029],[-103.366723,25.560263],[-103.366811,25.560216]]]}},{"type":"Feature","properties":{},"geometry":{"type":"Polygon","coordinates":[[[-103.3669,25.560169],[-103.36675,25.559935],[-103.366661,25.559982],[-103.366811,25.560216],[-103.3669,25.560169]]]}},{"type":"Feature","properties":{},"geometry":{"type":"Polygon","coordinates":[[[-103.366989,25.560122],[-103.366839,25.559888],[-103.36675,25.559935],[-103.3669,25.560169],[-103.366989,25.560122]]]}},{"type":"Feature","properties":{},"geometry":{"type":"Polygon","coordinates":[[[-103.367078,25.560075],[-103.366927,25.559841],[-103.366839,25.559888],[-103.366989,25.560122],[-103.367078,25.560075]]]}},{"type":"Feature","properties":{},"geometry":{"type":"Polygon","coordinates":[[[-103.367167,25.560028],[-103.367016,25.559794],[-103.366927,25.559841],[-103.367078,25.560075],[-103.367167,25.560028]]]}},{"type":"Feature","properties":{},"geometry":{"type":"Polygon","coordinates":[[[-103.367256,25.559981],[-103.367105,25.559747],[-103.367016,25.559794],[-103.367167,25.560028],[-103.367256,25.559981]]]}},{"type":"Feature","properties":{},"geometry":{"type":"Polygon","coordinates":[[[-103.367344,25.559934],[-103.367194,25.5597],[-103.367105,25.559747],[-103.367256,25.559981],[-103.367344,25.559934]]]}},{"type":"Feature","properties":{},"geometry":{"type":"Polygon","coordinates":[[[-103.367433,25.559887],[-103.367283,25.559653],[-103.367194,25.5597],[-103.367344,25.559934],[-103.367433,25.559887]]]}},{"type":"Feature","properties":{},"geometry":{"type":"Polygon","coordinates":[[[-103.367522,25.55984],[-103.367372,25.559606],[-103.367283,25.559653],[-103.367433,25.559887],[-103.367522,25.55984]]]}},{"type":"Feature","properties":{},"geometry":{"type":"Polygon","coordinates":[[[-103.367611,25.559793],[-103.36746,25.559559],[-103.367372,25.559606],[-103.367522,25.55984],[-103.367611,25.559793]]]}},{"type":"Feature","properties":{},"geometry":{"type":"Polygon","coordinates":[[[-103.3677,25.559746],[-103.367549,25.559512],[-103.36746,25.559559],[-103.367611,25.559793],[-103.3677,25.559746]]]}},{"type":"Feature","properties":{},"geometry":{"type":"Polygon","coordinates":[[[-103.367789,25.559699],[-103.367638,25.559465],[-103.367549,25.559512],[-103.3677,25.559746],[-103.367789,25.559699]]]}},{"type":"Feature","properties":{},"geometry":{"type":"Polygon","coordinates":[[[-103.367877,25.559652],[-103.367727,25.559418],[-103.367638,25.559465],[-103.367789,25.559699],[-103.367877,25.559652]]]}},{"type":"Feature","properties":{},"geometry":{"type":"Polygon","coordinates":[[[-103.367966,25.559605],[-103.367816,25.559371],[-103.367727,25.559418],[-103.367877,25.559652],[-103.367966,25.559605]]]}},{"type":"Feature","properties":{},"geometry":{"type":"Polygon","coordinates":[[[-103.368158,25.559504],[-103.368008,25.55927],[-103.367919,25.559317],[-103.368069,25.559551],[-103.368158,25.559504]]]}},{"type":"Feature","properties":{},"geometry":{"type":"Polygon","coordinates":[[[-103.368247,25.559457],[-103.368097,25.559223],[-103.368008,25.55927],[-103.368158,25.559504],[-103.368247,25.559457]]]}},{"type":"Feature","properties":{},"geometry":{"type":"Polygon","coordinates":[[[-103.368336,25.55941],[-103.368185,25.559176],[-103.368097,25.559223],[-103.368247,25.559457],[-103.368336,25.55941]]]}},{"type":"Feature","properties":{},"geometry":{"type":"Polygon","coordinates":[[[-103.368425,25.559363],[-103.368274,25.559129],[-103.368185,25.559176],[-103.368336,25.55941],[-103.368425,25.559363]]]}},{"type":"Feature","properties":{},"geometry":{"type":"Polygon","coordinates":[[[-103.368514,25.559316],[-103.368363,25.559082],[-103.368274,25.559129],[-103.368425,25.559363],[-103.368514,25.559316]]]}},{"type":"Feature","properties":{},"geometry":{"type":"Polygon","coordinates":[[[-103.368602,25.559269],[-103.368452,25.559035],[-103.368363,25.559082],[-103.368514,25.559316],[-103.368602,25.559269]]]}},{"type":"Feature","properties":{},"geometry":{"type":"Polygon","coordinates":[[[-103.368691,25.559222],[-103.368541,25.558988],[-103.368452,25.559035],[-103.368602,25.559269],[-103.368691,25.559222]]]}},{"type":"Feature","properties":{},"geometry":{"type":"Polygon","coordinates":[[[-103.358081,25.565148],[-103.357931,25.564914],[-103.357842,25.564961],[-103.357992,25.565195],[-103.358081,25.565148]]]}},{"type":"Feature","properties":{},"geometry":{"type":"Polygon","coordinates":[[[-103.35817,25.565101],[-103.358019,25.564867],[-103.357931,25.564914],[-103.358081,25.565148],[-103.35817,25.565101]]]}},{"type":"Feature","properties":{},"geometry":{"type":"Polygon","coordinates":[[[-103.358259,25.565054],[-103.358108,25.56482],[-103.358019,25.564867],[-103.35817,25.565101],[-103.358259,25.565054]]]}},{"type":"Feature","properties":{},"geometry":{"type":"Polygon","coordinates":[[[-103.358347,25.565007],[-103.358197,25.564773],[-103.358108,25.56482],[-103.358259,25.565054],[-103.358347,25.565007]]]}},{"type":"Feature","properties":{},"geometry":{"type":"Polygon","coordinates":[[[-103.358436,25.56496],[-103.358286,25.564726],[-103.358197,25.564773],[-103.358347,25.565007],[-103.358436,25.56496]]]}},{"type":"Feature","properties":{},"geometry":{"type":"Polygon","coordinates":[[[-103.358525,25.564913],[-103.358375,25.564679],[-103.358286,25.564726],[-103.358436,25.56496],[-103.358525,25.564913]]]}},{"type":"Feature","properties":{},"geometry":{"type":"Polygon","coordinates":[[[-103.358614,25.564866],[-103.358464,25.564632],[-103.358375,25.564679],[-103.358525,25.564913],[-103.358614,25.564866]]]}},{"type":"Feature","properties":{},"geometry":{"type":"Polygon","coordinates":[[[-103.358703,25.564819],[-103.358552,25.564585],[-103.358464,25.564632],[-103.358614,25.564866],[-103.358703,25.564819]]]}},{"type":"Feature","properties":{},"geometry":{"type":"Polygon","coordinates":[[[-103.358792,25.564772],[-103.358641,25.564538],[-103.358552,25.564585],[-103.358703,25.564819],[-103.358792,25.564772]]]}},{"type":"Feature","properties":{},"geometry":{"type":"Polygon","coordinates":[[[-103.35888,25.564725],[-103.35873,25.564491],[-103.358641,25.564538],[-103.358792,25.564772],[-103.35888,25.564725]]]}},{"type":"Feature","properties":{},"geometry":{"type":"Polygon","coordinates":[[[-103.358969,25.564678],[-103.358819,25.564444],[-103.35873,25.564491],[-103.35888,25.564725],[-103.358969,25.564678]]]}},{"type":"Feature","properties":{},"geometry":{"type":"Polygon","coordinates":[[[-103.359161,25.564577],[-103.359011,25.564343],[-103.358922,25.56439],[-103.359072,25.564624],[-103.359161,25.564577]]]}},{"type":"Feature","properties":{},"geometry":{"type":"Polygon","coordinates":[[[-103.35925,25.56453],[-103.3591,25.564296],[-103.359011,25.564343],[-103.359161,25.564577],[-103.35925,25.56453]]]}},{"type":"Feature","properties":{},"geometry":{"type":"Polygon","coordinates":[[[-103.359339,25.564483],[-103.359189,25.564249],[-103.3591,25.564296],[-103.35925,25.56453],[-103.359339,25.564483]]]}},{"type":"Feature","properties":{},"geometry":{"type":"Polygon","coordinates":[[[-103.359428,25.564436],[-103.359277,25.564202],[-103.359189,25.564249],[-103.359339,25.564483],[-103.359428,25.564436]]]}},{"type":"Feature","properties":{},"geometry":{"type":"Polygon","coordinates":[[[-103.359517,25.564389],[-103.359366,25.564155],[-103.359277,25.564202],[-103.359428,25.564436],[-103.359517,25.564389]]]}},{"type":"Feature","properties":{},"geometry":{"type":"Polygon","coordinates":[[[-103.359606,25.564342],[-103.359455,25.564108],[-103.359366,25.564155],[-103.359517,25.564389],[-103.359606,25.564342]]]}},{"type":"Feature","properties":{},"geometry":{"type":"Polygon","coordinates":[[[-103.359694,25.564295],[-103.359544,25.564061],[-103.359455,25.564108],[-103.359606,25.564342],[-103.359694,25.564295]]]}},{"type":"Feature","properties":{},"geometry":{"type":"Polygon","coordinates":[[[-103.359783,25.564248],[-103.359633,25.564014],[-103.359544,25.564061],[-103.359694,25.564295],[-103.359783,25.564248]]]}},{"type":"Feature","properties":{},"geometry":{"type":"Polygon","coordinates":[[[-103.359872,25.564201],[-103.359722,25.563967],[-103.359633,25.564014],[-103.359783,25.564248],[-103.359872,25.564201]]]}},{"type":"Feature","properties":{},"geometry":{"type":"Polygon","coordinates":[[[-103.359961,25.564154],[-103.35981,25.56392],[-103.359722,25.563967],[-103.359872,25.564201],[-103.359961,25.564154]]]}},{"type":"Feature","properties":{},"geometry":{"type":"Polygon","coordinates":[[[-103.36005,25.564107],[-103.359899,25.563873],[-103.35981,25.56392],[-103.359961,25.564154],[-103.36005,25.564107]]]}},{"type":"Feature","properties":{},"geometry":{"type":"Polygon","coordinates":[[[-103.360139,25.56406],[-103.359988,25.563826],[-103.359899,25.563873],[-103.36005,25.564107],[-103.360139,25.56406]]]}},{"type":"Feature","properties":{},"geometry":{"type":"Polygon","coordinates":[[[-103.36113,25.563535],[-103.36098,25.563301],[-103.360891,25.563348],[-103.361041,25.563582],[-103.36113,25.563535]]]}},{"type":"Feature","properties":{},"geometry":{"type":"Polygon","coordinates":[[[-103.361219,25.563488],[-103.361069,25.563254],[-103.36098,25.563301],[-103.36113,25.563535],[-103.361219,25.563488]]]}},{"type":"Feature","properties":{},"geometry":{"type":"Polygon","coordinates":[[[-103.361308,25.563441],[-103.361157,25.563207],[-103.361069,25.563254],[-103.361219,25.563488],[-103.361308,25.563441]]]}},{"type":"Feature","properties":{},"geometry":{"type":"Polygon","coordinates":[[[-103.361397,25.563394],[-103.361246,25.56316],[-103.361157,25.563207],[-103.361308,25.563441],[-103.361397,25.563394]]]}},{"type":"Feature","properties":{},"geometry":{"type":"Polygon","coordinates":[[[-103.361485,25.563347],[-103.361335,25.563113],[-103.361246,25.56316],[-103.361397,25.563394],[-103.361485,25.563347]]]}},{"type":"Feature","properties":{},"geometry":{"type":"Polygon","coordinates":[[[-103.361574,25.5633],[-103.361424,25.563066],[-103.361335,25.563113],[-103.361485,25.563347],[-103.361574,25.5633]]]}},{"type":"Feature","properties":{},"geometry":{"type":"Polygon","coordinates":[[[-103.361663,25.563253],[-103.361513,25.563019],[-103.361424,25.563066],[-103.361574,25.5633],[-103.361663,25.563253]]]}},{"type":"Feature","properties":{},"geometry":{"type":"Polygon","coordinates":[[[-103.361752,25.563206],[-103.361602,25.562972],[-103.361513,25.563019],[-103.361663,25.563253],[-103.361752,25.563206]]]}},{"type":"Feature","properties":{},"geometry":{"type":"Polygon","coordinates":[[[-103.361841,25.563159],[-103.36169,25.562925],[-103.361602,25.562972],[-103.361752,25.563206],[-103.361841,25.563159]]]}},{"type":"Feature","properties":{},"geometry":{"type":"Polygon","coordinates":[[[-103.36193,25.563112],[-103.361779,25.562878],[-103.36169,25.562925],[-103.361841,25.563159],[-103.36193,25.563112]]]}},{"type":"Feature","properties":{},"geometry":{"type":"Polygon","coordinates":[[[-103.362019,25.563065],[-103.361868,25.562831],[-103.361779,25.562878],[-103.36193,25.563112],[-103.362019,25.563065]]]}},{"type":"Feature","properties":{},"geometry":{"type":"Polygon","coordinates":[[[-103.362211,25.562964],[-103.36206,25.56273],[-103.361971,25.562777],[-103.362122,25.563011],[-103.362211,25.562964]]]}},{"type":"Feature","properties":{},"geometry":{"type":"Polygon","coordinates":[[[-103.362299,25.562917],[-103.362149,25.562683],[-103.36206,25.56273],[-103.362211,25.562964],[-103.362299,25.562917]]]}},{"type":"Feature","properties":{},"geometry":{"type":"Polygon","coordinates":[[[-103.362388,25.56287],[-103.362238,25.562636],[-103.362149,25.562683],[-103.362299,25.562917],[-103.362388,25.56287]]]}},{"type":"Feature","properties":{},"geometry":{"type":"Polygon","coordinates":[[[-103.362477,25.562823],[-103.362327,25.562589],[-103.362238,25.562636],[-103.362388,25.56287],[-103.362477,25.562823]]]}},{"type":"Feature","properties":{},"geometry":{"type":"Polygon","coordinates":[[[-103.362566,25.562776],[-103.362415,25.562542],[-103.362327,25.562589],[-103.362477,25.562823],[-103.362566,25.562776]]]}},{"type":"Feature","properties":{},"geometry":{"type":"Polygon","coordinates":[[[-103.362655,25.562729],[-103.362504,25.562495],[-103.362415,25.562542],[-103.362566,25.562776],[-103.362655,25.562729]]]}},{"type":"Feature","properties":{},"geometry":{"type":"Polygon","coordinates":[[[-103.362744,25.562682],[-103.362593,25.562448],[-103.362504,25.562495],[-103.362655,25.562729],[-103.362744,25.562682]]]}},{"type":"Feature","properties":{},"geometry":{"type":"Polygon","coordinates":[[[-103.362832,25.562635],[-103.362682,25.562401],[-103.362593,25.562448],[-103.362744,25.562682],[-103.362832,25.562635]]]}},{"type":"Feature","properties":{},"geometry":{"type":"Polygon","coordinates":[[[-103.362921,25.562588],[-103.362771,25.562354],[-103.362682,25.562401],[-103.362832,25.562635],[-103.362921,25.562588]]]}},{"type":"Feature","properties":{},"geometry":{"type":"Polygon","coordinates":[[[-103.36301,25.562541],[-103.36286,25.562307],[-103.362771,25.562354],[-103.362921,25.562588],[-103.36301,25.562541]]]}},{"type":"Feature","properties":{},"geometry":{"type":"Polygon","coordinates":[[[-103.363099,25.562494],[-103.362948,25.56226],[-103.36286,25.562307],[-103.36301,25.562541],[-103.363099,25.562494]]]}},{"type":"Feature","properties":{},"geometry":{"type":"Polygon","coordinates":[[[-103.363188,25.562447],[-103.363037,25.562213],[-103.362948,25.56226],[-103.363099,25.562494],[-103.363188,25.562447]]]}},{"type":"Feature","properties":{},"geometry":{"type":"Polygon","coordinates":[[[-103.363277,25.5624],[-103.363126,25.562166],[-103.363037,25.562213],[-103.363188,25.562447],[-103.363277,25.5624]]]}},{"type":"Feature","properties":{},"geometry":{"type":"Polygon","coordinates":[[[-103.363365,25.562353],[-103.363215,25.562119],[-103.363126,25.562166],[-103.363277,25.5624],[-103.363365,25.562353]]]}},{"type":"Feature","properties":{},"geometry":{"type":"Polygon","coordinates":[[[-103.363454,25.562306],[-103.363304,25.562072],[-103.363215,25.562119],[-103.363365,25.562353],[-103.363454,25.562306]]]}},{"type":"Feature","properties":{},"geometry":{"type":"Polygon","coordinates":[[[-103.363543,25.562259],[-103.363393,25.562025],[-103.363304,25.562072],[-103.363454,25.562306],[-103.363543,25.562259]]]}},{"type":"Feature","properties":{},"geometry":{"type":"Polygon","coordinates":[[[-103.363735,25.562157],[-103.363585,25.561923],[-103.363496,25.56197],[-103.363646,25.562204],[-103.363735,25.562157]]]}},{"type":"Feature","properties":{},"geometry":{"type":"Polygon","coordinates":[[[-103.363824,25.56211],[-103.363673,25.561876],[-103.363585,25.561923],[-103.363735,25.562157],[-103.363824,25.56211]]]}},{"type":"Feature","properties":{},"geometry":{"type":"Polygon","coordinates":[[[-103.363913,25.562063],[-103.363762,25.561829],[-103.363673,25.561876],[-103.363824,25.56211],[-103.363913,25.562063]]]}},{"type":"Feature","properties":{},"geometry":{"type":"Polygon","coordinates":[[[-103.364002,25.562016],[-103.363851,25.561782],[-103.363762,25.561829],[-103.363913,25.562063],[-103.364002,25.562016]]]}},{"type":"Feature","properties":{},"geometry":{"type":"Polygon","coordinates":[[[-103.36409,25.561969],[-103.36394,25.561735],[-103.363851,25.561782],[-103.364002,25.562016],[-103.36409,25.561969]]]}},{"type":"Feature","properties":{},"geometry":{"type":"Polygon","coordinates":[[[-103.364179,25.561922],[-103.364029,25.561688],[-103.36394,25.561735],[-103.36409,25.561969],[-103.364179,25.561922]]]}},{"type":"Feature","properties":{},"geometry":{"type":"Polygon","coordinates":[[[-103.364268,25.561875],[-103.364118,25.561641],[-103.364029,25.561688],[-103.364179,25.561922],[-103.364268,25.561875]]]}},{"type":"Feature","properties":{},"geometry":{"type":"Polygon","coordinates":[[[-103.364357,25.561828],[-103.364207,25.561594],[-103.364118,25.561641],[-103.364268,25.561875],[-103.364357,25.561828]]]}},{"type":"Feature","properties":{},"geometry":{"type":"Polygon","coordinates":[[[-103.364446,25.561781],[-103.364295,25.561547],[-103.364207,25.561594],[-103.364357,25.561828],[-103.364446,25.561781]]]}},{"type":"Feature","properties":{},"geometry":{"type":"Polygon","coordinates":[[[-103.364535,25.561734],[-103.364384,25.5615],[-103.364295,25.561547],[-103.364446,25.561781],[-103.364535,25.561734]]]}},{"type":"Feature","properties":{},"geometry":{"type":"Polygon","coordinates":[[[-103.364623,25.561687],[-103.364473,25.561453],[-103.364384,25.5615],[-103.364535,25.561734],[-103.364623,25.561687]]]}},{"type":"Feature","properties":{},"geometry":{"type":"Polygon","coordinates":[[[-103.364712,25.56164],[-103.364562,25.561406],[-103.364473,25.561453],[-103.364623,25.561687],[-103.364712,25.56164]]]}},{"type":"Feature","properties":{},"geometry":{"type":"Polygon","coordinates":[[[-103.364801,25.561593],[-103.364651,25.561359],[-103.364562,25.561406],[-103.364712,25.56164],[-103.364801,25.561593]]]}},{"type":"Feature","properties":{},"geometry":{"type":"Polygon","coordinates":[[[-103.36489,25.561546],[-103.36474,25.561312],[-103.364651,25.561359],[-103.364801,25.561593],[-103.36489,25.561546]]]}},{"type":"Feature","properties":{},"geometry":{"type":"Polygon","coordinates":[[[-103.364979,25.561499],[-103.364828,25.561265],[-103.36474,25.561312],[-103.36489,25.561546],[-103.364979,25.561499]]]}},{"type":"Feature","properties":{},"geometry":{"type":"Polygon","coordinates":[[[-103.365068,25.561452],[-103.364917,25.561218],[-103.364828,25.561265],[-103.364979,25.561499],[-103.365068,25.561452]]]}},{"type":"Feature","properties":{},"geometry":{"type":"Polygon","coordinates":[[[-103.36526,25.561351],[-103.365109,25.561117],[-103.36502,25.561164],[-103.365171,25.561398],[-103.36526,25.561351]]]}},{"type":"Feature","properties":{},"geometry":{"type":"Polygon","coordinates":[[[-103.365348,25.561304],[-103.365198,25.56107],[-103.365109,25.561117],[-103.36526,25.561351],[-103.365348,25.561304]]]}},{"type":"Feature","properties":{},"geometry":{"type":"Polygon","coordinates":[[[-103.365437,25.561257],[-103.365287,25.561023],[-103.365198,25.56107],[-103.365348,25.561304],[-103.365437,25.561257]]]}},{"type":"Feature","properties":{},"geometry":{"type":"Polygon","coordinates":[[[-103.365526,25.56121],[-103.365376,25.560976],[-103.365287,25.561023],[-103.365437,25.561257],[-103.365526,25.56121]]]}},{"type":"Feature","properties":{},"geometry":{"type":"Polygon","coordinates":[[[-103.365615,25.561163],[-103.365465,25.560929],[-103.365376,25.560976],[-103.365526,25.56121],[-103.365615,25.561163]]]}},{"type":"Feature","properties":{},"geometry":{"type":"Polygon","coordinates":[[[-103.365704,25.561116],[-103.365553,25.560882],[-103.365465,25.560929],[-103.365615,25.561163],[-103.365704,25.561116]]]}},{"type":"Feature","properties":{},"geometry":{"type":"Polygon","coordinates":[[[-103.365793,25.561069],[-103.365642,25.560835],[-103.365553,25.560882],[-103.365704,25.561116],[-103.365793,25.561069]]]}},{"type":"Feature","properties":{},"geometry":{"type":"Polygon","coordinates":[[[-103.365881,25.561022],[-103.365731,25.560788],[-103.365642,25.560835],[-103.365793,25.561069],[-103.365881,25.561022]]]}},{"type":"Feature","properties":{},"geometry":{"type":"Polygon","coordinates":[[[-103.36597,25.560975],[-103.36582,25.560741],[-103.365731,25.560788],[-103.365881,25.561022],[-103.36597,25.560975]]]}},{"type":"Feature","properties":{},"geometry":{"type":"Polygon","coordinates":[[[-103.366059,25.560928],[-103.365909,25.560694],[-103.36582,25.560741],[-103.36597,25.560975],[-103.366059,25.560928]]]}},{"type":"Feature","properties":{},"geometry":{"type":"Polygon","coordinates":[[[-103.366148,25.560881],[-103.365998,25.560647],[-103.365909,25.560694],[-103.366059,25.560928],[-103.366148,25.560881]]]}},{"type":"Feature","properties":{},"geometry":{"type":"Polygon","coordinates":[[[-103.366237,25.560834],[-103.366086,25.5606],[-103.365998,25.560647],[-103.366148,25.560881],[-103.366237,25.560834]]]}},{"type":"Feature","properties":{},"geometry":{"type":"Polygon","coordinates":[[[-103.366326,25.560787],[-103.366175,25.560553],[-103.366086,25.5606],[-103.366237,25.560834],[-103.366326,25.560787]]]}},{"type":"Feature","properties":{},"geometry":{"type":"Polygon","coordinates":[[[-103.366414,25.56074],[-103.366264,25.560506],[-103.366175,25.560553],[-103.366326,25.560787],[-103.366414,25.56074]]]}},{"type":"Feature","properties":{},"geometry":{"type":"Polygon","coordinates":[[[-103.366503,25.560693],[-103.366353,25.560459],[-103.366264,25.560506],[-103.366414,25.56074],[-103.366503,25.560693]]]}},{"type":"Feature","properties":{},"geometry":{"type":"Polygon","coordinates":[[[-103.366592,25.560646],[-103.366442,25.560412],[-103.366353,25.560459],[-103.366503,25.560693],[-103.366592,25.560646]]]}},{"type":"Feature","properties":{},"geometry":{"type":"Polygon","coordinates":[[[-103.366784,25.560544],[-103.366634,25.56031],[-103.366545,25.560357],[-103.366695,25.560591],[-103.366784,25.560544]]]}},{"type":"Feature","properties":{},"geometry":{"type":"Polygon","coordinates":[[[-103.366873,25.560497],[-103.366723,25.560263],[-103.366634,25.56031],[-103.366784,25.560544],[-103.366873,25.560497]]]}},{"type":"Feature","properties":{},"geometry":{"type":"Polygon","coordinates":[[[-103.366962,25.56045],[-103.366811,25.560216],[-103.366723,25.560263],[-103.366873,25.560497],[-103.366962,25.56045]]]}},{"type":"Feature","properties":{},"geometry":{"type":"Polygon","coordinates":[[[-103.367051,25.560403],[-103.3669,25.560169],[-103.366811,25.560216],[-103.366962,25.56045],[-103.367051,25.560403]]]}},{"type":"Feature","properties":{},"geometry":{"type":"Polygon","coordinates":[[[-103.367139,25.560356],[-103.366989,25.560122],[-103.3669,25.560169],[-103.367051,25.560403],[-103.367139,25.560356]]]}},{"type":"Feature","properties":{},"geometry":{"type":"Polygon","coordinates":[[[-103.367228,25.560309],[-103.367078,25.560075],[-103.366989,25.560122],[-103.367139,25.560356],[-103.367228,25.560309]]]}},{"type":"Feature","properties":{},"geometry":{"type":"Polygon","coordinates":[[[-103.367317,25.560262],[-103.367167,25.560028],[-103.367078,25.560075],[-103.367228,25.560309],[-103.367317,25.560262]]]}},{"type":"Feature","properties":{},"geometry":{"type":"Polygon","coordinates":[[[-103.367406,25.560215],[-103.367256,25.559981],[-103.367167,25.560028],[-103.367317,25.560262],[-103.367406,25.560215]]]}},{"type":"Feature","properties":{},"geometry":{"type":"Polygon","coordinates":[[[-103.367495,25.560168],[-103.367344,25.559934],[-103.367256,25.559981],[-103.367406,25.560215],[-103.367495,25.560168]]]}},{"type":"Feature","properties":{},"geometry":{"type":"Polygon","coordinates":[[[-103.367584,25.560121],[-103.367433,25.559887],[-103.367344,25.559934],[-103.367495,25.560168],[-103.367584,25.560121]]]}},{"type":"Feature","properties":{},"geometry":{"type":"Polygon","coordinates":[[[-103.367672,25.560074],[-103.367522,25.55984],[-103.367433,25.559887],[-103.367584,25.560121],[-103.367672,25.560074]]]}},{"type":"Feature","properties":{},"geometry":{"type":"Polygon","coordinates":[[[-103.367761,25.560027],[-103.367611,25.559793],[-103.367522,25.55984],[-103.367672,25.560074],[-103.367761,25.560027]]]}},{"type":"Feature","properties":{},"geometry":{"type":"Polygon","coordinates":[[[-103.36785,25.55998],[-103.3677,25.559746],[-103.367611,25.559793],[-103.367761,25.560027],[-103.36785,25.55998]]]}},{"type":"Feature","properties":{},"geometry":{"type":"Polygon","coordinates":[[[-103.367939,25.559933],[-103.367789,25.559699],[-103.3677,25.559746],[-103.36785,25.55998],[-103.367939,25.559933]]]}},{"type":"Feature","properties":{},"geometry":{"type":"Polygon","coordinates":[[[-103.368028,25.559886],[-103.367877,25.559652],[-103.367789,25.559699],[-103.367939,25.559933],[-103.368028,25.559886]]]}},{"type":"Feature","properties":{},"geometry":{"type":"Polygon","coordinates":[[[-103.368117,25.559839],[-103.367966,25.559605],[-103.367877,25.559652],[-103.368028,25.559886],[-103.368117,25.559839]]]}},{"type":"Feature","properties":{},"geometry":{"type":"Polygon","coordinates":[[[-103.368309,25.559738],[-103.368158,25.559504],[-103.368069,25.559551],[-103.36822,25.559785],[-103.368309,25.559738]]]}},{"type":"Feature","properties":{},"geometry":{"type":"Polygon","coordinates":[[[-103.368397,25.559691],[-103.368247,25.559457],[-103.368158,25.559504],[-103.368309,25.559738],[-103.368397,25.559691]]]}},{"type":"Feature","properties":{},"geometry":{"type":"Polygon","coordinates":[[[-103.368486,25.559644],[-103.368336,25.55941],[-103.368247,25.559457],[-103.368397,25.559691],[-103.368486,25.559644]]]}},{"type":"Feature","properties":{},"geometry":{"type":"Polygon","coordinates":[[[-103.368575,25.559597],[-103.368425,25.559363],[-103.368336,25.55941],[-103.368486,25.559644],[-103.368575,25.559597]]]}},{"type":"Feature","properties":{},"geometry":{"type":"Polygon","coordinates":[[[-103.368664,25.55955],[-103.368514,25.559316],[-103.368425,25.559363],[-103.368575,25.559597],[-103.368664,25.55955]]]}},{"type":"Feature","properties":{},"geometry":{"type":"Polygon","coordinates":[[[-103.368753,25.559503],[-103.368602,25.559269],[-103.368514,25.559316],[-103.368664,25.55955],[-103.368753,25.559503]]]}},{"type":"Feature","properties":{},"geometry":{"type":"Polygon","coordinates":[[[-103.368842,25.559456],[-103.368691,25.559222],[-103.368602,25.559269],[-103.368753,25.559503],[-103.368842,25.559456]]]}},{"type":"Feature","properties":{},"geometry":{"type":"Polygon","coordinates":[[[-103.358114,25.56557],[-103.357963,25.565336],[-103.357875,25.565383],[-103.358025,25.565617],[-103.358114,25.56557]]]}},{"type":"Feature","properties":{},"geometry":{"type":"Polygon","coordinates":[[[-103.358203,25.565523],[-103.358052,25.565289],[-103.357963,25.565336],[-103.358114,25.56557],[-103.358203,25.565523]]]}},{"type":"Feature","properties":{},"geometry":{"type":"Polygon","coordinates":[[[-103.358291,25.565476],[-103.358141,25.565242],[-103.358052,25.565289],[-103.358203,25.565523],[-103.358291,25.565476]]]}},{"type":"Feature","properties":{},"geometry":{"type":"Polygon","coordinates":[[[-103.35838,25.565429],[-103.35823,25.565195],[-103.358141,25.565242],[-103.358291,25.565476],[-103.35838,25.565429]]]}},{"type":"Feature","properties":{},"geometry":{"type":"Polygon","coordinates":[[[-103.358469,25.565382],[-103.358319,25.565148],[-103.35823,25.565195],[-103.35838,25.565429],[-103.358469,25.565382]]]}},{"type":"Feature","properties":{},"geometry":{"type":"Polygon","coordinates":[[[-103.358558,25.565335],[-103.358408,25.565101],[-103.358319,25.565148],[-103.358469,25.565382],[-103.358558,25.565335]]]}},{"type":"Feature","properties":{},"geometry":{"type":"Polygon","coordinates":[[[-103.358647,25.565288],[-103.358496,25.565054],[-103.358408,25.565101],[-103.358558,25.565335],[-103.358647,25.565288]]]}},{"type":"Feature","properties":{},"geometry":{"type":"Polygon","coordinates":[[[-103.358736,25.565241],[-103.358585,25.565007],[-103.358496,25.565054],[-103.358647,25.565288],[-103.358736,25.565241]]]}},{"type":"Feature","properties":{},"geometry":{"type":"Polygon","coordinates":[[[-103.358825,25.565194],[-103.358674,25.56496],[-103.358585,25.565007],[-103.358736,25.565241],[-103.358825,25.565194]]]}},{"type":"Feature","properties":{},"geometry":{"type":"Polygon","coordinates":[[[-103.358913,25.565147],[-103.358763,25.564913],[-103.358674,25.56496],[-103.358825,25.565194],[-103.358913,25.565147]]]}},{"type":"Feature","properties":{},"geometry":{"type":"Polygon","coordinates":[[[-103.359002,25.5651],[-103.358852,25.564866],[-103.358763,25.564913],[-103.358913,25.565147],[-103.359002,25.5651]]]}},{"type":"Feature","properties":{},"geometry":{"type":"Polygon","coordinates":[[[-103.359091,25.565053],[-103.358941,25.564819],[-103.358852,25.564866],[-103.359002,25.5651],[-103.359091,25.565053]]]}},{"type":"Feature","properties":{},"geometry":{"type":"Polygon","coordinates":[[[-103.35918,25.565006],[-103.359029,25.564772],[-103.358941,25.564819],[-103.359091,25.565053],[-103.35918,25.565006]]]}},{"type":"Feature","properties":{},"geometry":{"type":"Polygon","coordinates":[[[-103.359372,25.564904],[-103.359221,25.56467],[-103.359133,25.564717],[-103.359283,25.564951],[-103.359372,25.564904]]]}},{"type":"Feature","properties":{},"geometry":{"type":"Polygon","coordinates":[[[-103.359461,25.564857],[-103.35931,25.564623],[-103.359221,25.56467],[-103.359372,25.564904],[-103.359461,25.564857]]]}},{"type":"Feature","properties":{},"geometry":{"type":"Polygon","coordinates":[[[-103.35955,25.56481],[-103.359399,25.564576],[-103.35931,25.564623],[-103.359461,25.564857],[-103.35955,25.56481]]]}},{"type":"Feature","properties":{},"geometry":{"type":"Polygon","coordinates":[[[-103.359638,25.564763],[-103.359488,25.564529],[-103.359399,25.564576],[-103.35955,25.56481],[-103.359638,25.564763]]]}},{"type":"Feature","properties":{},"geometry":{"type":"Polygon","coordinates":[[[-103.359727,25.564716],[-103.359577,25.564482],[-103.359488,25.564529],[-103.359638,25.564763],[-103.359727,25.564716]]]}},{"type":"Feature","properties":{},"geometry":{"type":"Polygon","coordinates":[[[-103.359816,25.564669],[-103.359666,25.564435],[-103.359577,25.564482],[-103.359727,25.564716],[-103.359816,25.564669]]]}},{"type":"Feature","properties":{},"geometry":{"type":"Polygon","coordinates":[[[-103.359905,25.564622],[-103.359755,25.564388],[-103.359666,25.564435],[-103.359816,25.564669],[-103.359905,25.564622]]]}},{"type":"Feature","properties":{},"geometry":{"type":"Polygon","coordinates":[[[-103.359994,25.564575],[-103.359843,25.564341],[-103.359755,25.564388],[-103.359905,25.564622],[-103.359994,25.564575]]]}},{"type":"Feature","properties":{},"geometry":{"type":"Polygon","coordinates":[[[-103.360083,25.564528],[-103.359932,25.564294],[-103.359843,25.564341],[-103.359994,25.564575],[-103.360083,25.564528]]]}},{"type":"Feature","properties":{},"geometry":{"type":"Polygon","coordinates":[[[-103.360171,25.564481],[-103.360021,25.564247],[-103.359932,25.564294],[-103.360083,25.564528],[-103.360171,25.564481]]]}},{"type":"Feature","properties":{},"geometry":{"type":"Polygon","coordinates":[[[-103.36026,25.564434],[-103.36011,25.5642],[-103.360021,25.564247],[-103.360171,25.564481],[-103.36026,25.564434]]]}},{"type":"Feature","properties":{},"geometry":{"type":"Polygon","coordinates":[[[-103.360349,25.564387],[-103.360199,25.564153],[-103.36011,25.5642],[-103.36026,25.564434],[-103.360349,25.564387]]]}},{"type":"Feature","properties":{},"geometry":{"type":"Polygon","coordinates":[[[-103.361341,25.563863],[-103.36119,25.563629],[-103.361101,25.563676],[-103.361252,25.56391],[-103.361341,25.563863]]]}},{"type":"Feature","properties":{},"geometry":{"type":"Polygon","coordinates":[[[-103.36143,25.563816],[-103.361279,25.563582],[-103.36119,25.563629],[-103.361341,25.563863],[-103.36143,25.563816]]]}},{"type":"Feature","properties":{},"geometry":{"type":"Polygon","coordinates":[[[-103.361518,25.563769],[-103.361368,25.563535],[-103.361279,25.563582],[-103.36143,25.563816],[-103.361518,25.563769]]]}},{"type":"Feature","properties":{},"geometry":{"type":"Polygon","coordinates":[[[-103.361607,25.563722],[-103.361457,25.563488],[-103.361368,25.563535],[-103.361518,25.563769],[-103.361607,25.563722]]]}},{"type":"Feature","properties":{},"geometry":{"type":"Polygon","coordinates":[[[-103.361696,25.563675],[-103.361546,25.563441],[-103.361457,25.563488],[-103.361607,25.563722],[-103.361696,25.563675]]]}},{"type":"Feature","properties":{},"geometry":{"type":"Polygon","coordinates":[[[-103.361785,25.563628],[-103.361634,25.563394],[-103.361546,25.563441],[-103.361696,25.563675],[-103.361785,25.563628]]]}},{"type":"Feature","properties":{},"geometry":{"type":"Polygon","coordinates":[[[-103.361874,25.563581],[-103.361723,25.563347],[-103.361634,25.563394],[-103.361785,25.563628],[-103.361874,25.563581]]]}},{"type":"Feature","properties":{},"geometry":{"type":"Polygon","coordinates":[[[-103.361963,25.563534],[-103.361812,25.5633],[-103.361723,25.563347],[-103.361874,25.563581],[-103.361963,25.563534]]]}},{"type":"Feature","properties":{},"geometry":{"type":"Polygon","coordinates":[[[-103.362051,25.563487],[-103.361901,25.563253],[-103.361812,25.5633],[-103.361963,25.563534],[-103.362051,25.563487]]]}},{"type":"Feature","properties":{},"geometry":{"type":"Polygon","coordinates":[[[-103.36214,25.56344],[-103.36199,25.563206],[-103.361901,25.563253],[-103.362051,25.563487],[-103.36214,25.56344]]]}},{"type":"Feature","properties":{},"geometry":{"type":"Polygon","coordinates":[[[-103.362229,25.563393],[-103.362079,25.563159],[-103.36199,25.563206],[-103.36214,25.56344],[-103.362229,25.563393]]]}},{"type":"Feature","properties":{},"geometry":{"type":"Polygon","coordinates":[[[-103.362421,25.563291],[-103.362271,25.563057],[-103.362182,25.563104],[-103.362332,25.563338],[-103.362421,25.563291]]]}},{"type":"Feature","properties":{},"geometry":{"type":"Polygon","coordinates":[[[-103.36251,25.563244],[-103.36236,25.56301],[-103.362271,25.563057],[-103.362421,25.563291],[-103.36251,25.563244]]]}},{"type":"Feature","properties":{},"geometry":{"type":"Polygon","coordinates":[[[-103.362599,25.563197],[-103.362448,25.562963],[-103.36236,25.56301],[-103.36251,25.563244],[-103.362599,25.563197]]]}},{"type":"Feature","properties":{},"geometry":{"type":"Polygon","coordinates":[[[-103.362688,25.56315],[-103.362537,25.562916],[-103.362448,25.562963],[-103.362599,25.563197],[-103.362688,25.56315]]]}},{"type":"Feature","properties":{},"geometry":{"type":"Polygon","coordinates":[[[-103.362776,25.563103],[-103.362626,25.562869],[-103.362537,25.562916],[-103.362688,25.56315],[-103.362776,25.563103]]]}},{"type":"Feature","properties":{},"geometry":{"type":"Polygon","coordinates":[[[-103.362865,25.563056],[-103.362715,25.562822],[-103.362626,25.562869],[-103.362776,25.563103],[-103.362865,25.563056]]]}},{"type":"Feature","properties":{},"geometry":{"type":"Polygon","coordinates":[[[-103.362954,25.563009],[-103.362804,25.562775],[-103.362715,25.562822],[-103.362865,25.563056],[-103.362954,25.563009]]]}},{"type":"Feature","properties":{},"geometry":{"type":"Polygon","coordinates":[[[-103.363043,25.562962],[-103.362893,25.562728],[-103.362804,25.562775],[-103.362954,25.563009],[-103.363043,25.562962]]]}},{"type":"Feature","properties":{},"geometry":{"type":"Polygon","coordinates":[[[-103.363132,25.562915],[-103.362981,25.562681],[-103.362893,25.562728],[-103.363043,25.562962],[-103.363132,25.562915]]]}},{"type":"Feature","properties":{},"geometry":{"type":"Polygon","coordinates":[[[-103.363221,25.562868],[-103.36307,25.562634],[-103.362981,25.562681],[-103.363132,25.562915],[-103.363221,25.562868]]]}},{"type":"Feature","properties":{},"geometry":{"type":"Polygon","coordinates":[[[-103.363309,25.562821],[-103.363159,25.562587],[-103.36307,25.562634],[-103.363221,25.562868],[-103.363309,25.562821]]]}},{"type":"Feature","properties":{},"geometry":{"type":"Polygon","coordinates":[[[-103.363398,25.562774],[-103.363248,25.56254],[-103.363159,25.562587],[-103.363309,25.562821],[-103.363398,25.562774]]]}},{"type":"Feature","properties":{},"geometry":{"type":"Polygon","coordinates":[[[-103.363487,25.562727],[-103.363337,25.562493],[-103.363248,25.56254],[-103.363398,25.562774],[-103.363487,25.562727]]]}},{"type":"Feature","properties":{},"geometry":{"type":"Polygon","coordinates":[[[-103.363576,25.56268],[-103.363426,25.562446],[-103.363337,25.562493],[-103.363487,25.562727],[-103.363576,25.56268]]]}},{"type":"Feature","properties":{},"geometry":{"type":"Polygon","coordinates":[[[-103.363665,25.562633],[-103.363514,25.562399],[-103.363426,25.562446],[-103.363576,25.56268],[-103.363665,25.562633]]]}},{"type":"Feature","properties":{},"geometry":{"type":"Polygon","coordinates":[[[-103.363754,25.562586],[-103.363603,25.562352],[-103.363514,25.562399],[-103.363665,25.562633],[-103.363754,25.562586]]]}},{"type":"Feature","properties":{},"geometry":{"type":"Polygon","coordinates":[[[-103.363946,25.562485],[-103.363795,25.562251],[-103.363706,25.562298],[-103.363857,25.562532],[-103.363946,25.562485]]]}},{"type":"Feature","properties":{},"geometry":{"type":"Polygon","coordinates":[[[-103.364034,25.562438],[-103.363884,25.562204],[-103.363795,25.562251],[-103.363946,25.562485],[-103.364034,25.562438]]]}},{"type":"Feature","properties":{},"geometry":{"type":"Polygon","coordinates":[[[-103.364123,25.562391],[-103.363973,25.562157],[-103.363884,25.562204],[-103.364034,25.562438],[-103.364123,25.562391]]]}},{"type":"Feature","properties":{},"geometry":{"type":"Polygon","coordinates":[[[-103.364212,25.562344],[-103.364062,25.56211],[-103.363973,25.562157],[-103.364123,25.562391],[-103.364212,25.562344]]]}},{"type":"Feature","properties":{},"geometry":{"type":"Polygon","coordinates":[[[-103.364301,25.562297],[-103.364151,25.562063],[-103.364062,25.56211],[-103.364212,25.562344],[-103.364301,25.562297]]]}},{"type":"Feature","properties":{},"geometry":{"type":"Polygon","coordinates":[[[-103.36439,25.56225],[-103.364239,25.562016],[-103.364151,25.562063],[-103.364301,25.562297],[-103.36439,25.56225]]]}},{"type":"Feature","properties":{},"geometry":{"type":"Polygon","coordinates":[[[-103.364479,25.562203],[-103.364328,25.561969],[-103.364239,25.562016],[-103.36439,25.56225],[-103.364479,25.562203]]]}},{"type":"Feature","properties":{},"geometry":{"type":"Polygon","coordinates":[[[-103.364568,25.562156],[-103.364417,25.561922],[-103.364328,25.561969],[-103.364479,25.562203],[-103.364568,25.562156]]]}},{"type":"Feature","properties":{},"geometry":{"type":"Polygon","coordinates":[[[-103.364656,25.562109],[-103.364506,25.561875],[-103.364417,25.561922],[-103.364568,25.562156],[-103.364656,25.562109]]]}},{"type":"Feature","properties":{},"geometry":{"type":"Polygon","coordinates":[[[-103.364745,25.562062],[-103.364595,25.561828],[-103.364506,25.561875],[-103.364656,25.562109],[-103.364745,25.562062]]]}},{"type":"Feature","properties":{},"geometry":{"type":"Polygon","coordinates":[[[-103.364834,25.562015],[-103.364684,25.561781],[-103.364595,25.561828],[-103.364745,25.562062],[-103.364834,25.562015]]]}},{"type":"Feature","properties":{},"geometry":{"type":"Polygon","coordinates":[[[-103.364923,25.561968],[-103.364772,25.561734],[-103.364684,25.561781],[-103.364834,25.562015],[-103.364923,25.561968]]]}},{"type":"Feature","properties":{},"geometry":{"type":"Polygon","coordinates":[[[-103.365012,25.561921],[-103.364861,25.561687],[-103.364772,25.561734],[-103.364923,25.561968],[-103.365012,25.561921]]]}},{"type":"Feature","properties":{},"geometry":{"type":"Polygon","coordinates":[[[-103.365101,25.561874],[-103.36495,25.56164],[-103.364861,25.561687],[-103.365012,25.561921],[-103.365101,25.561874]]]}},{"type":"Feature","properties":{},"geometry":{"type":"Polygon","coordinates":[[[-103.365189,25.561827],[-103.365039,25.561593],[-103.36495,25.56164],[-103.365101,25.561874],[-103.365189,25.561827]]]}},{"type":"Feature","properties":{},"geometry":{"type":"Polygon","coordinates":[[[-103.365278,25.56178],[-103.365128,25.561546],[-103.365039,25.561593],[-103.365189,25.561827],[-103.365278,25.56178]]]}},{"type":"Feature","properties":{},"geometry":{"type":"Polygon","coordinates":[[[-103.36547,25.561678],[-103.36532,25.561444],[-103.365231,25.561491],[-103.365381,25.561725],[-103.36547,25.561678]]]}},{"type":"Feature","properties":{},"geometry":{"type":"Polygon","coordinates":[[[-103.365559,25.561631],[-103.365409,25.561397],[-103.36532,25.561444],[-103.36547,25.561678],[-103.365559,25.561631]]]}},{"type":"Feature","properties":{},"geometry":{"type":"Polygon","coordinates":[[[-103.365648,25.561584],[-103.365497,25.56135],[-103.365409,25.561397],[-103.365559,25.561631],[-103.365648,25.561584]]]}},{"type":"Feature","properties":{},"geometry":{"type":"Polygon","coordinates":[[[-103.365737,25.561537],[-103.365586,25.561303],[-103.365497,25.56135],[-103.365648,25.561584],[-103.365737,25.561537]]]}},{"type":"Feature","properties":{},"geometry":{"type":"Polygon","coordinates":[[[-103.365826,25.56149],[-103.365675,25.561256],[-103.365586,25.561303],[-103.365737,25.561537],[-103.365826,25.56149]]]}},{"type":"Feature","properties":{},"geometry":{"type":"Polygon","coordinates":[[[-103.365914,25.561443],[-103.365764,25.561209],[-103.365675,25.561256],[-103.365826,25.56149],[-103.365914,25.561443]]]}},{"type":"Feature","properties":{},"geometry":{"type":"Polygon","coordinates":[[[-103.366003,25.561396],[-103.365853,25.561162],[-103.365764,25.561209],[-103.365914,25.561443],[-103.366003,25.561396]]]}},{"type":"Feature","properties":{},"geometry":{"type":"Polygon","coordinates":[[[-103.366092,25.561349],[-103.365942,25.561115],[-103.365853,25.561162],[-103.366003,25.561396],[-103.366092,25.561349]]]}},{"type":"Feature","properties":{},"geometry":{"type":"Polygon","coordinates":[[[-103.366181,25.561302],[-103.36603,25.561068],[-103.365942,25.561115],[-103.366092,25.561349],[-103.366181,25.561302]]]}},{"type":"Feature","properties":{},"geometry":{"type":"Polygon","coordinates":[[[-103.36627,25.561255],[-103.366119,25.561021],[-103.36603,25.561068],[-103.366181,25.561302],[-103.36627,25.561255]]]}},{"type":"Feature","properties":{},"geometry":{"type":"Polygon","coordinates":[[[-103.366359,25.561208],[-103.366208,25.560974],[-103.366119,25.561021],[-103.36627,25.561255],[-103.366359,25.561208]]]}},{"type":"Feature","properties":{},"geometry":{"type":"Polygon","coordinates":[[[-103.366447,25.561161],[-103.366297,25.560927],[-103.366208,25.560974],[-103.366359,25.561208],[-103.366447,25.561161]]]}},{"type":"Feature","properties":{},"geometry":{"type":"Polygon","coordinates":[[[-103.366536,25.561114],[-103.366386,25.56088],[-103.366297,25.560927],[-103.366447,25.561161],[-103.366536,25.561114]]]}},{"type":"Feature","properties":{},"geometry":{"type":"Polygon","coordinates":[[[-103.366625,25.561067],[-103.366475,25.560833],[-103.366386,25.56088],[-103.366536,25.561114],[-103.366625,25.561067]]]}},{"type":"Feature","properties":{},"geometry":{"type":"Polygon","coordinates":[[[-103.366714,25.56102],[-103.366563,25.560786],[-103.366475,25.560833],[-103.366625,25.561067],[-103.366714,25.56102]]]}},{"type":"Feature","properties":{},"geometry":{"type":"Polygon","coordinates":[[[-103.366803,25.560973],[-103.366652,25.560739],[-103.366563,25.560786],[-103.366714,25.56102],[-103.366803,25.560973]]]}},{"type":"Feature","properties":{},"geometry":{"type":"Polygon","coordinates":[[[-103.366995,25.560872],[-103.366844,25.560638],[-103.366755,25.560685],[-103.366906,25.560919],[-103.366995,25.560872]]]}},{"type":"Feature","properties":{},"geometry":{"type":"Polygon","coordinates":[[[-103.367084,25.560825],[-103.366933,25.560591],[-103.366844,25.560638],[-103.366995,25.560872],[-103.367084,25.560825]]]}},{"type":"Feature","properties":{},"geometry":{"type":"Polygon","coordinates":[[[-103.367172,25.560778],[-103.367022,25.560544],[-103.366933,25.560591],[-103.367084,25.560825],[-103.367172,25.560778]]]}},{"type":"Feature","properties":{},"geometry":{"type":"Polygon","coordinates":[[[-103.367261,25.560731],[-103.367111,25.560497],[-103.367022,25.560544],[-103.367172,25.560778],[-103.367261,25.560731]]]}},{"type":"Feature","properties":{},"geometry":{"type":"Polygon","coordinates":[[[-103.36735,25.560684],[-103.3672,25.56045],[-103.367111,25.560497],[-103.367261,25.560731],[-103.36735,25.560684]]]}},{"type":"Feature","properties":{},"geometry":{"type":"Polygon","coordinates":[[[-103.367439,25.560637],[-103.367288,25.560403],[-103.3672,25.56045],[-103.36735,25.560684],[-103.367439,25.560637]]]}},{"type":"Feature","properties":{},"geometry":{"type":"Polygon","coordinates":[[[-103.367528,25.56059],[-103.367377,25.560356],[-103.367288,25.560403],[-103.367439,25.560637],[-103.367528,25.56059]]]}},{"type":"Feature","properties":{},"geometry":{"type":"Polygon","coordinates":[[[-103.367617,25.560543],[-103.367466,25.560309],[-103.367377,25.560356],[-103.367528,25.56059],[-103.367617,25.560543]]]}},{"type":"Feature","properties":{},"geometry":{"type":"Polygon","coordinates":[[[-103.367705,25.560496],[-103.367555,25.560262],[-103.367466,25.560309],[-103.367617,25.560543],[-103.367705,25.560496]]]}},{"type":"Feature","properties":{},"geometry":{"type":"Polygon","coordinates":[[[-103.367794,25.560449],[-103.367644,25.560215],[-103.367555,25.560262],[-103.367705,25.560496],[-103.367794,25.560449]]]}},{"type":"Feature","properties":{},"geometry":{"type":"Polygon","coordinates":[[[-103.367883,25.560402],[-103.367733,25.560168],[-103.367644,25.560215],[-103.367794,25.560449],[-103.367883,25.560402]]]}},{"type":"Feature","properties":{},"geometry":{"type":"Polygon","coordinates":[[[-103.367972,25.560355],[-103.367821,25.560121],[-103.367733,25.560168],[-103.367883,25.560402],[-103.367972,25.560355]]]}},{"type":"Feature","properties":{},"geometry":{"type":"Polygon","coordinates":[[[-103.368061,25.560308],[-103.36791,25.560074],[-103.367821,25.560121],[-103.367972,25.560355],[-103.368061,25.560308]]]}},{"type":"Feature","properties":{},"geometry":{"type":"Polygon","coordinates":[[[-103.36815,25.560261],[-103.367999,25.560027],[-103.36791,25.560074],[-103.368061,25.560308],[-103.36815,25.560261]]]}},{"type":"Feature","properties":{},"geometry":{"type":"Polygon","coordinates":[[[-103.368238,25.560214],[-103.368088,25.55998],[-103.367999,25.560027],[-103.36815,25.560261],[-103.368238,25.560214]]]}},{"type":"Feature","properties":{},"geometry":{"type":"Polygon","coordinates":[[[-103.368327,25.560167],[-103.368177,25.559933],[-103.368088,25.55998],[-103.368238,25.560214],[-103.368327,25.560167]]]}},{"type":"Feature","properties":{},"geometry":{"type":"Polygon","coordinates":[[[-103.368519,25.560065],[-103.368369,25.559831],[-103.36828,25.559878],[-103.36843,25.560112],[-103.368519,25.560065]]]}},{"type":"Feature","properties":{},"geometry":{"type":"Polygon","coordinates":[[[-103.368608,25.560018],[-103.368458,25.559784],[-103.368369,25.559831],[-103.368519,25.560065],[-103.368608,25.560018]]]}},{"type":"Feature","properties":{},"geometry":{"type":"Polygon","coordinates":[[[-103.368697,25.559971],[-103.368546,25.559737],[-103.368458,25.559784],[-103.368608,25.560018],[-103.368697,25.559971]]]}},{"type":"Feature","properties":{},"geometry":{"type":"Polygon","coordinates":[[[-103.368786,25.559924],[-103.368635,25.55969],[-103.368546,25.559737],[-103.368697,25.559971],[-103.368786,25.559924]]]}},{"type":"Feature","properties":{},"geometry":{"type":"Polygon","coordinates":[[[-103.368875,25.559877],[-103.368724,25.559643],[-103.368635,25.55969],[-103.368786,25.559924],[-103.368875,25.559877]]]}},{"type":"Feature","properties":{},"geometry":{"type":"Polygon","coordinates":[[[-103.368963,25.55983],[-103.368813,25.559596],[-103.368724,25.559643],[-103.368875,25.559877],[-103.368963,25.55983]]]}},{"type":"Feature","properties":{},"geometry":{"type":"Polygon","coordinates":[[[-103.358175,25.565851],[-103.358025,25.565617],[-103.357936,25.565664],[-103.358087,25.565898],[-103.358175,25.565851]]]}},{"type":"Feature","properties":{},"geometry":{"type":"Polygon","coordinates":[[[-103.358264,25.565804],[-103.358114,25.56557],[-103.358025,25.565617],[-103.358175,25.565851],[-103.358264,25.565804]]]}},{"type":"Feature","properties":{},"geometry":{"type":"Polygon","coordinates":[[[-103.358353,25.565757],[-103.358203,25.565523],[-103.358114,25.56557],[-103.358264,25.565804],[-103.358353,25.565757]]]}},{"type":"Feature","properties":{},"geometry":{"type":"Polygon","coordinates":[[[-103.358442,25.56571],[-103.358291,25.565476],[-103.358203,25.565523],[-103.358353,25.565757],[-103.358442,25.56571]]]}},{"type":"Feature","properties":{},"geometry":{"type":"Polygon","coordinates":[[[-103.358531,25.565663],[-103.35838,25.565429],[-103.358291,25.565476],[-103.358442,25.56571],[-103.358531,25.565663]]]}},{"type":"Feature","properties":{},"geometry":{"type":"Polygon","coordinates":[[[-103.35862,25.565616],[-103.358469,25.565382],[-103.35838,25.565429],[-103.358531,25.565663],[-103.35862,25.565616]]]}},{"type":"Feature","properties":{},"geometry":{"type":"Polygon","coordinates":[[[-103.358708,25.565569],[-103.358558,25.565335],[-103.358469,25.565382],[-103.35862,25.565616],[-103.358708,25.565569]]]}},{"type":"Feature","properties":{},"geometry":{"type":"Polygon","coordinates":[[[-103.358797,25.565522],[-103.358647,25.565288],[-103.358558,25.565335],[-103.358708,25.565569],[-103.358797,25.565522]]]}},{"type":"Feature","properties":{},"geometry":{"type":"Polygon","coordinates":[[[-103.358886,25.565475],[-103.358736,25.565241],[-103.358647,25.565288],[-103.358797,25.565522],[-103.358886,25.565475]]]}},{"type":"Feature","properties":{},"geometry":{"type":"Polygon","coordinates":[[[-103.358975,25.565428],[-103.358825,25.565194],[-103.358736,25.565241],[-103.358886,25.565475],[-103.358975,25.565428]]]}},{"type":"Feature","properties":{},"geometry":{"type":"Polygon","coordinates":[[[-103.359064,25.565381],[-103.358913,25.565147],[-103.358825,25.565194],[-103.358975,25.565428],[-103.359064,25.565381]]]}},{"type":"Feature","properties":{},"geometry":{"type":"Polygon","coordinates":[[[-103.359153,25.565334],[-103.359002,25.5651],[-103.358913,25.565147],[-103.359064,25.565381],[-103.359153,25.565334]]]}},{"type":"Feature","properties":{},"geometry":{"type":"Polygon","coordinates":[[[-103.359241,25.565287],[-103.359091,25.565053],[-103.359002,25.5651],[-103.359153,25.565334],[-103.359241,25.565287]]]}},{"type":"Feature","properties":{},"geometry":{"type":"Polygon","coordinates":[[[-103.35933,25.56524],[-103.35918,25.565006],[-103.359091,25.565053],[-103.359241,25.565287],[-103.35933,25.56524]]]}},{"type":"Feature","properties":{},"geometry":{"type":"Polygon","coordinates":[[[-103.359522,25.565138],[-103.359372,25.564904],[-103.359283,25.564951],[-103.359433,25.565185],[-103.359522,25.565138]]]}},{"type":"Feature","properties":{},"geometry":{"type":"Polygon","coordinates":[[[-103.359611,25.565091],[-103.359461,25.564857],[-103.359372,25.564904],[-103.359522,25.565138],[-103.359611,25.565091]]]}},{"type":"Feature","properties":{},"geometry":{"type":"Polygon","coordinates":[[[-103.3597,25.565044],[-103.35955,25.56481],[-103.359461,25.564857],[-103.359611,25.565091],[-103.3597,25.565044]]]}},{"type":"Feature","properties":{},"geometry":{"type":"Polygon","coordinates":[[[-103.359789,25.564997],[-103.359638,25.564763],[-103.35955,25.56481],[-103.3597,25.565044],[-103.359789,25.564997]]]}},{"type":"Feature","properties":{},"geometry":{"type":"Polygon","coordinates":[[[-103.359878,25.56495],[-103.359727,25.564716],[-103.359638,25.564763],[-103.359789,25.564997],[-103.359878,25.56495]]]}},{"type":"Feature","properties":{},"geometry":{"type":"Polygon","coordinates":[[[-103.359967,25.564903],[-103.359816,25.564669],[-103.359727,25.564716],[-103.359878,25.56495],[-103.359967,25.564903]]]}},{"type":"Feature","properties":{},"geometry":{"type":"Polygon","coordinates":[[[-103.360055,25.564856],[-103.359905,25.564622],[-103.359816,25.564669],[-103.359967,25.564903],[-103.360055,25.564856]]]}},{"type":"Feature","properties":{},"geometry":{"type":"Polygon","coordinates":[[[-103.360144,25.564809],[-103.359994,25.564575],[-103.359905,25.564622],[-103.360055,25.564856],[-103.360144,25.564809]]]}},{"type":"Feature","properties":{},"geometry":{"type":"Polygon","coordinates":[[[-103.360233,25.564762],[-103.360083,25.564528],[-103.359994,25.564575],[-103.360144,25.564809],[-103.360233,25.564762]]]}},{"type":"Feature","properties":{},"geometry":{"type":"Polygon","coordinates":[[[-103.360322,25.564715],[-103.360171,25.564481],[-103.360083,25.564528],[-103.360233,25.564762],[-103.360322,25.564715]]]}},{"type":"Feature","properties":{},"geometry":{"type":"Polygon","coordinates":[[[-103.360411,25.564668],[-103.36026,25.564434],[-103.360171,25.564481],[-103.360322,25.564715],[-103.360411,25.564668]]]}},{"type":"Feature","properties":{},"geometry":{"type":"Polygon","coordinates":[[[-103.3605,25.564621],[-103.360349,25.564387],[-103.36026,25.564434],[-103.360411,25.564668],[-103.3605,25.564621]]]}},{"type":"Feature","properties":{},"geometry":{"type":"Polygon","coordinates":[[[-103.360588,25.564574],[-103.360438,25.56434],[-103.360349,25.564387],[-103.3605,25.564621],[-103.360588,25.564574]]]}},{"type":"Feature","properties":{},"geometry":{"type":"Polygon","coordinates":[[[-103.360677,25.564527],[-103.360527,25.564293],[-103.360438,25.56434],[-103.360588,25.564574],[-103.360677,25.564527]]]}},{"type":"Feature","properties":{},"geometry":{"type":"Polygon","coordinates":[[[-103.360766,25.56448],[-103.360616,25.564246],[-103.360527,25.564293],[-103.360677,25.564527],[-103.360766,25.56448]]]}},{"type":"Feature","properties":{},"geometry":{"type":"Polygon","coordinates":[[[-103.360855,25.564433],[-103.360704,25.564199],[-103.360616,25.564246],[-103.360766,25.56448],[-103.360855,25.564433]]]}},{"type":"Feature","properties":{},"geometry":{"type":"Polygon","coordinates":[[[-103.361047,25.564332],[-103.360897,25.564098],[-103.360808,25.564145],[-103.360958,25.564379],[-103.361047,25.564332]]]}},{"type":"Feature","properties":{},"geometry":{"type":"Polygon","coordinates":[[[-103.361136,25.564285],[-103.360985,25.564051],[-103.360897,25.564098],[-103.361047,25.564332],[-103.361136,25.564285]]]}},{"type":"Feature","properties":{},"geometry":{"type":"Polygon","coordinates":[[[-103.361225,25.564238],[-103.361074,25.564004],[-103.360985,25.564051],[-103.361136,25.564285],[-103.361225,25.564238]]]}},{"type":"Feature","properties":{},"geometry":{"type":"Polygon","coordinates":[[[-103.361313,25.564191],[-103.361163,25.563957],[-103.361074,25.564004],[-103.361225,25.564238],[-103.361313,25.564191]]]}},{"type":"Feature","properties":{},"geometry":{"type":"Polygon","coordinates":[[[-103.361402,25.564144],[-103.361252,25.56391],[-103.361163,25.563957],[-103.361313,25.564191],[-103.361402,25.564144]]]}},{"type":"Feature","properties":{},"geometry":{"type":"Polygon","coordinates":[[[-103.361491,25.564097],[-103.361341,25.563863],[-103.361252,25.56391],[-103.361402,25.564144],[-103.361491,25.564097]]]}},{"type":"Feature","properties":{},"geometry":{"type":"Polygon","coordinates":[[[-103.36158,25.56405],[-103.36143,25.563816],[-103.361341,25.563863],[-103.361491,25.564097],[-103.36158,25.56405]]]}},{"type":"Feature","properties":{},"geometry":{"type":"Polygon","coordinates":[[[-103.361669,25.564003],[-103.361518,25.563769],[-103.36143,25.563816],[-103.36158,25.56405],[-103.361669,25.564003]]]}},{"type":"Feature","properties":{},"geometry":{"type":"Polygon","coordinates":[[[-103.361758,25.563956],[-103.361607,25.563722],[-103.361518,25.563769],[-103.361669,25.564003],[-103.361758,25.563956]]]}},{"type":"Feature","properties":{},"geometry":{"type":"Polygon","coordinates":[[[-103.361846,25.563909],[-103.361696,25.563675],[-103.361607,25.563722],[-103.361758,25.563956],[-103.361846,25.563909]]]}},{"type":"Feature","properties":{},"geometry":{"type":"Polygon","coordinates":[[[-103.361935,25.563862],[-103.361785,25.563628],[-103.361696,25.563675],[-103.361846,25.563909],[-103.361935,25.563862]]]}},{"type":"Feature","properties":{},"geometry":{"type":"Polygon","coordinates":[[[-103.362024,25.563815],[-103.361874,25.563581],[-103.361785,25.563628],[-103.361935,25.563862],[-103.362024,25.563815]]]}},{"type":"Feature","properties":{},"geometry":{"type":"Polygon","coordinates":[[[-103.362113,25.563768],[-103.361963,25.563534],[-103.361874,25.563581],[-103.362024,25.563815],[-103.362113,25.563768]]]}},{"type":"Feature","properties":{},"geometry":{"type":"Polygon","coordinates":[[[-103.362202,25.563721],[-103.362051,25.563487],[-103.361963,25.563534],[-103.362113,25.563768],[-103.362202,25.563721]]]}},{"type":"Feature","properties":{},"geometry":{"type":"Polygon","coordinates":[[[-103.362291,25.563674],[-103.36214,25.56344],[-103.362051,25.563487],[-103.362202,25.563721],[-103.362291,25.563674]]]}},{"type":"Feature","properties":{},"geometry":{"type":"Polygon","coordinates":[[[-103.362379,25.563627],[-103.362229,25.563393],[-103.36214,25.56344],[-103.362291,25.563674],[-103.362379,25.563627]]]}},{"type":"Feature","properties":{},"geometry":{"type":"Polygon","coordinates":[[[-103.362572,25.563525],[-103.362421,25.563291],[-103.362332,25.563338],[-103.362483,25.563572],[-103.362572,25.563525]]]}},{"type":"Feature","properties":{},"geometry":{"type":"Polygon","coordinates":[[[-103.36266,25.563478],[-103.36251,25.563244],[-103.362421,25.563291],[-103.362572,25.563525],[-103.36266,25.563478]]]}},{"type":"Feature","properties":{},"geometry":{"type":"Polygon","coordinates":[[[-103.362749,25.563431],[-103.362599,25.563197],[-103.36251,25.563244],[-103.36266,25.563478],[-103.362749,25.563431]]]}},{"type":"Feature","properties":{},"geometry":{"type":"Polygon","coordinates":[[[-103.362838,25.563384],[-103.362688,25.56315],[-103.362599,25.563197],[-103.362749,25.563431],[-103.362838,25.563384]]]}},{"type":"Feature","properties":{},"geometry":{"type":"Polygon","coordinates":[[[-103.362927,25.563337],[-103.362776,25.563103],[-103.362688,25.56315],[-103.362838,25.563384],[-103.362927,25.563337]]]}},{"type":"Feature","properties":{},"geometry":{"type":"Polygon","coordinates":[[[-103.363016,25.56329],[-103.362865,25.563056],[-103.362776,25.563103],[-103.362927,25.563337],[-103.363016,25.56329]]]}},{"type":"Feature","properties":{},"geometry":{"type":"Polygon","coordinates":[[[-103.363105,25.563243],[-103.362954,25.563009],[-103.362865,25.563056],[-103.363016,25.56329],[-103.363105,25.563243]]]}},{"type":"Feature","properties":{},"geometry":{"type":"Polygon","coordinates":[[[-103.363193,25.563196],[-103.363043,25.562962],[-103.362954,25.563009],[-103.363105,25.563243],[-103.363193,25.563196]]]}},{"type":"Feature","properties":{},"geometry":{"type":"Polygon","coordinates":[[[-103.363282,25.563149],[-103.363132,25.562915],[-103.363043,25.562962],[-103.363193,25.563196],[-103.363282,25.563149]]]}},{"type":"Feature","properties":{},"geometry":{"type":"Polygon","coordinates":[[[-103.363371,25.563102],[-103.363221,25.562868],[-103.363132,25.562915],[-103.363282,25.563149],[-103.363371,25.563102]]]}},{"type":"Feature","properties":{},"geometry":{"type":"Polygon","coordinates":[[[-103.36346,25.563055],[-103.363309,25.562821],[-103.363221,25.562868],[-103.363371,25.563102],[-103.36346,25.563055]]]}},{"type":"Feature","properties":{},"geometry":{"type":"Polygon","coordinates":[[[-103.363549,25.563008],[-103.363398,25.562774],[-103.363309,25.562821],[-103.36346,25.563055],[-103.363549,25.563008]]]}},{"type":"Feature","properties":{},"geometry":{"type":"Polygon","coordinates":[[[-103.363638,25.562961],[-103.363487,25.562727],[-103.363398,25.562774],[-103.363549,25.563008],[-103.363638,25.562961]]]}},{"type":"Feature","properties":{},"geometry":{"type":"Polygon","coordinates":[[[-103.363726,25.562914],[-103.363576,25.56268],[-103.363487,25.562727],[-103.363638,25.562961],[-103.363726,25.562914]]]}},{"type":"Feature","properties":{},"geometry":{"type":"Polygon","coordinates":[[[-103.363815,25.562867],[-103.363665,25.562633],[-103.363576,25.56268],[-103.363726,25.562914],[-103.363815,25.562867]]]}},{"type":"Feature","properties":{},"geometry":{"type":"Polygon","coordinates":[[[-103.363904,25.56282],[-103.363754,25.562586],[-103.363665,25.562633],[-103.363815,25.562867],[-103.363904,25.56282]]]}},{"type":"Feature","properties":{},"geometry":{"type":"Polygon","coordinates":[[[-103.364096,25.562719],[-103.363946,25.562485],[-103.363857,25.562532],[-103.364007,25.562766],[-103.364096,25.562719]]]}},{"type":"Feature","properties":{},"geometry":{"type":"Polygon","coordinates":[[[-103.364185,25.562672],[-103.364034,25.562438],[-103.363946,25.562485],[-103.364096,25.562719],[-103.364185,25.562672]]]}},{"type":"Feature","properties":{},"geometry":{"type":"Polygon","coordinates":[[[-103.364274,25.562625],[-103.364123,25.562391],[-103.364034,25.562438],[-103.364185,25.562672],[-103.364274,25.562625]]]}},{"type":"Feature","properties":{},"geometry":{"type":"Polygon","coordinates":[[[-103.364363,25.562578],[-103.364212,25.562344],[-103.364123,25.562391],[-103.364274,25.562625],[-103.364363,25.562578]]]}},{"type":"Feature","properties":{},"geometry":{"type":"Polygon","coordinates":[[[-103.364451,25.562531],[-103.364301,25.562297],[-103.364212,25.562344],[-103.364363,25.562578],[-103.364451,25.562531]]]}},{"type":"Feature","properties":{},"geometry":{"type":"Polygon","coordinates":[[[-103.36454,25.562484],[-103.36439,25.56225],[-103.364301,25.562297],[-103.364451,25.562531],[-103.36454,25.562484]]]}},{"type":"Feature","properties":{},"geometry":{"type":"Polygon","coordinates":[[[-103.364629,25.562437],[-103.364479,25.562203],[-103.36439,25.56225],[-103.36454,25.562484],[-103.364629,25.562437]]]}},{"type":"Feature","properties":{},"geometry":{"type":"Polygon","coordinates":[[[-103.364718,25.56239],[-103.364568,25.562156],[-103.364479,25.562203],[-103.364629,25.562437],[-103.364718,25.56239]]]}},{"type":"Feature","properties":{},"geometry":{"type":"Polygon","coordinates":[[[-103.364807,25.562343],[-103.364656,25.562109],[-103.364568,25.562156],[-103.364718,25.56239],[-103.364807,25.562343]]]}},{"type":"Feature","properties":{},"geometry":{"type":"Polygon","coordinates":[[[-103.364896,25.562296],[-103.364745,25.562062],[-103.364656,25.562109],[-103.364807,25.562343],[-103.364896,25.562296]]]}},{"type":"Feature","properties":{},"geometry":{"type":"Polygon","coordinates":[[[-103.364984,25.562249],[-103.364834,25.562015],[-103.364745,25.562062],[-103.364896,25.562296],[-103.364984,25.562249]]]}},{"type":"Feature","properties":{},"geometry":{"type":"Polygon","coordinates":[[[-103.365073,25.562202],[-103.364923,25.561968],[-103.364834,25.562015],[-103.364984,25.562249],[-103.365073,25.562202]]]}},{"type":"Feature","properties":{},"geometry":{"type":"Polygon","coordinates":[[[-103.365162,25.562155],[-103.365012,25.561921],[-103.364923,25.561968],[-103.365073,25.562202],[-103.365162,25.562155]]]}},{"type":"Feature","properties":{},"geometry":{"type":"Polygon","coordinates":[[[-103.365251,25.562108],[-103.365101,25.561874],[-103.365012,25.561921],[-103.365162,25.562155],[-103.365251,25.562108]]]}},{"type":"Feature","properties":{},"geometry":{"type":"Polygon","coordinates":[[[-103.36534,25.562061],[-103.365189,25.561827],[-103.365101,25.561874],[-103.365251,25.562108],[-103.36534,25.562061]]]}},{"type":"Feature","properties":{},"geometry":{"type":"Polygon","coordinates":[[[-103.365429,25.562014],[-103.365278,25.56178],[-103.365189,25.561827],[-103.36534,25.562061],[-103.365429,25.562014]]]}},{"type":"Feature","properties":{},"geometry":{"type":"Polygon","coordinates":[[[-103.365621,25.561912],[-103.36547,25.561678],[-103.365381,25.561725],[-103.365532,25.561959],[-103.365621,25.561912]]]}},{"type":"Feature","properties":{},"geometry":{"type":"Polygon","coordinates":[[[-103.365709,25.561865],[-103.365559,25.561631],[-103.36547,25.561678],[-103.365621,25.561912],[-103.365709,25.561865]]]}},{"type":"Feature","properties":{},"geometry":{"type":"Polygon","coordinates":[[[-103.365798,25.561818],[-103.365648,25.561584],[-103.365559,25.561631],[-103.365709,25.561865],[-103.365798,25.561818]]]}},{"type":"Feature","properties":{},"geometry":{"type":"Polygon","coordinates":[[[-103.365887,25.561771],[-103.365737,25.561537],[-103.365648,25.561584],[-103.365798,25.561818],[-103.365887,25.561771]]]}},{"type":"Feature","properties":{},"geometry":{"type":"Polygon","coordinates":[[[-103.365976,25.561724],[-103.365826,25.56149],[-103.365737,25.561537],[-103.365887,25.561771],[-103.365976,25.561724]]]}},{"type":"Feature","properties":{},"geometry":{"type":"Polygon","coordinates":[[[-103.366065,25.561677],[-103.365914,25.561443],[-103.365826,25.56149],[-103.365976,25.561724],[-103.366065,25.561677]]]}},{"type":"Feature","properties":{},"geometry":{"type":"Polygon","coordinates":[[[-103.366154,25.56163],[-103.366003,25.561396],[-103.365914,25.561443],[-103.366065,25.561677],[-103.366154,25.56163]]]}},{"type":"Feature","properties":{},"geometry":{"type":"Polygon","coordinates":[[[-103.366242,25.561583],[-103.366092,25.561349],[-103.366003,25.561396],[-103.366154,25.56163],[-103.366242,25.561583]]]}},{"type":"Feature","properties":{},"geometry":{"type":"Polygon","coordinates":[[[-103.366331,25.561536],[-103.366181,25.561302],[-103.366092,25.561349],[-103.366242,25.561583],[-103.366331,25.561536]]]}},{"type":"Feature","properties":{},"geometry":{"type":"Polygon","coordinates":[[[-103.36642,25.561489],[-103.36627,25.561255],[-103.366181,25.561302],[-103.366331,25.561536],[-103.36642,25.561489]]]}},{"type":"Feature","properties":{},"geometry":{"type":"Polygon","coordinates":[[[-103.366509,25.561442],[-103.366359,25.561208],[-103.36627,25.561255],[-103.36642,25.561489],[-103.366509,25.561442]]]}},{"type":"Feature","properties":{},"geometry":{"type":"Polygon","coordinates":[[[-103.366598,25.561395],[-103.366447,25.561161],[-103.366359,25.561208],[-103.366509,25.561442],[-103.366598,25.561395]]]}},{"type":"Feature","properties":{},"geometry":{"type":"Polygon","coordinates":[[[-103.366687,25.561348],[-103.366536,25.561114],[-103.366447,25.561161],[-103.366598,25.561395],[-103.366687,25.561348]]]}},{"type":"Feature","properties":{},"geometry":{"type":"Polygon","coordinates":[[[-103.366775,25.561301],[-103.366625,25.561067],[-103.366536,25.561114],[-103.366687,25.561348],[-103.366775,25.561301]]]}},{"type":"Feature","properties":{},"geometry":{"type":"Polygon","coordinates":[[[-103.366864,25.561254],[-103.366714,25.56102],[-103.366625,25.561067],[-103.366775,25.561301],[-103.366864,25.561254]]]}},{"type":"Feature","properties":{},"geometry":{"type":"Polygon","coordinates":[[[-103.366953,25.561207],[-103.366803,25.560973],[-103.366714,25.56102],[-103.366864,25.561254],[-103.366953,25.561207]]]}},{"type":"Feature","properties":{},"geometry":{"type":"Polygon","coordinates":[[[-103.367145,25.561106],[-103.366995,25.560872],[-103.366906,25.560919],[-103.367056,25.561153],[-103.367145,25.561106]]]}},{"type":"Feature","properties":{},"geometry":{"type":"Polygon","coordinates":[[[-103.367234,25.561059],[-103.367084,25.560825],[-103.366995,25.560872],[-103.367145,25.561106],[-103.367234,25.561059]]]}},{"type":"Feature","properties":{},"geometry":{"type":"Polygon","coordinates":[[[-103.367323,25.561012],[-103.367172,25.560778],[-103.367084,25.560825],[-103.367234,25.561059],[-103.367323,25.561012]]]}},{"type":"Feature","properties":{},"geometry":{"type":"Polygon","coordinates":[[[-103.367412,25.560965],[-103.367261,25.560731],[-103.367172,25.560778],[-103.367323,25.561012],[-103.367412,25.560965]]]}},{"type":"Feature","properties":{},"geometry":{"type":"Polygon","coordinates":[[[-103.3675,25.560918],[-103.36735,25.560684],[-103.367261,25.560731],[-103.367412,25.560965],[-103.3675,25.560918]]]}},{"type":"Feature","properties":{},"geometry":{"type":"Polygon","coordinates":[[[-103.367589,25.560871],[-103.367439,25.560637],[-103.36735,25.560684],[-103.3675,25.560918],[-103.367589,25.560871]]]}},{"type":"Feature","properties":{},"geometry":{"type":"Polygon","coordinates":[[[-103.367678,25.560824],[-103.367528,25.56059],[-103.367439,25.560637],[-103.367589,25.560871],[-103.367678,25.560824]]]}},{"type":"Feature","properties":{},"geometry":{"type":"Polygon","coordinates":[[[-103.367767,25.560777],[-103.367617,25.560543],[-103.367528,25.56059],[-103.367678,25.560824],[-103.367767,25.560777]]]}},{"type":"Feature","properties":{},"geometry":{"type":"Polygon","coordinates":[[[-103.367856,25.56073],[-103.367705,25.560496],[-103.367617,25.560543],[-103.367767,25.560777],[-103.367856,25.56073]]]}},{"type":"Feature","properties":{},"geometry":{"type":"Polygon","coordinates":[[[-103.367945,25.560683],[-103.367794,25.560449],[-103.367705,25.560496],[-103.367856,25.56073],[-103.367945,25.560683]]]}},{"type":"Feature","properties":{},"geometry":{"type":"Polygon","coordinates":[[[-103.368033,25.560636],[-103.367883,25.560402],[-103.367794,25.560449],[-103.367945,25.560683],[-103.368033,25.560636]]]}},{"type":"Feature","properties":{},"geometry":{"type":"Polygon","coordinates":[[[-103.368122,25.560589],[-103.367972,25.560355],[-103.367883,25.560402],[-103.368033,25.560636],[-103.368122,25.560589]]]}},{"type":"Feature","properties":{},"geometry":{"type":"Polygon","coordinates":[[[-103.368211,25.560542],[-103.368061,25.560308],[-103.367972,25.560355],[-103.368122,25.560589],[-103.368211,25.560542]]]}},{"type":"Feature","properties":{},"geometry":{"type":"Polygon","coordinates":[[[-103.3683,25.560495],[-103.36815,25.560261],[-103.368061,25.560308],[-103.368211,25.560542],[-103.3683,25.560495]]]}},{"type":"Feature","properties":{},"geometry":{"type":"Polygon","coordinates":[[[-103.368389,25.560448],[-103.368238,25.560214],[-103.36815,25.560261],[-103.3683,25.560495],[-103.368389,25.560448]]]}},{"type":"Feature","properties":{},"geometry":{"type":"Polygon","coordinates":[[[-103.368478,25.560401],[-103.368327,25.560167],[-103.368238,25.560214],[-103.368389,25.560448],[-103.368478,25.560401]]]}},{"type":"Feature","properties":{},"geometry":{"type":"Polygon","coordinates":[[[-103.36867,25.560299],[-103.368519,25.560065],[-103.36843,25.560112],[-103.368581,25.560346],[-103.36867,25.560299]]]}},{"type":"Feature","properties":{},"geometry":{"type":"Polygon","coordinates":[[[-103.368758,25.560252],[-103.368608,25.560018],[-103.368519,25.560065],[-103.36867,25.560299],[-103.368758,25.560252]]]}},{"type":"Feature","properties":{},"geometry":{"type":"Polygon","coordinates":[[[-103.368847,25.560205],[-103.368697,25.559971],[-103.368608,25.560018],[-103.368758,25.560252],[-103.368847,25.560205]]]}},{"type":"Feature","properties":{},"geometry":{"type":"Polygon","coordinates":[[[-103.368936,25.560158],[-103.368786,25.559924],[-103.368697,25.559971],[-103.368847,25.560205],[-103.368936,25.560158]]]}},{"type":"Feature","properties":{},"geometry":{"type":"Polygon","coordinates":[[[-103.369025,25.560111],[-103.368875,25.559877],[-103.368786,25.559924],[-103.368936,25.560158],[-103.369025,25.560111]]]}},{"type":"Feature","properties":{},"geometry":{"type":"Polygon","coordinates":[[[-103.359008,25.565849],[-103.358857,25.565615],[-103.358769,25.565662],[-103.358919,25.565896],[-103.359008,25.565849]]]}},{"type":"Feature","properties":{},"geometry":{"type":"Polygon","coordinates":[[[-103.359097,25.565802],[-103.358946,25.565568],[-103.358857,25.565615],[-103.359008,25.565849],[-103.359097,25.565802]]]}},{"type":"Feature","properties":{},"geometry":{"type":"Polygon","coordinates":[[[-103.359186,25.565755],[-103.359035,25.565521],[-103.358946,25.565568],[-103.359097,25.565802],[-103.359186,25.565755]]]}},{"type":"Feature","properties":{},"geometry":{"type":"Polygon","coordinates":[[[-103.359274,25.565708],[-103.359124,25.565474],[-103.359035,25.565521],[-103.359186,25.565755],[-103.359274,25.565708]]]}},{"type":"Feature","properties":{},"geometry":{"type":"Polygon","coordinates":[[[-103.359363,25.565661],[-103.359213,25.565427],[-103.359124,25.565474],[-103.359274,25.565708],[-103.359363,25.565661]]]}},{"type":"Feature","properties":{},"geometry":{"type":"Polygon","coordinates":[[[-103.359452,25.565614],[-103.359302,25.56538],[-103.359213,25.565427],[-103.359363,25.565661],[-103.359452,25.565614]]]}},{"type":"Feature","properties":{},"geometry":{"type":"Polygon","coordinates":[[[-103.359541,25.565567],[-103.35939,25.565333],[-103.359302,25.56538],[-103.359452,25.565614],[-103.359541,25.565567]]]}},{"type":"Feature","properties":{},"geometry":{"type":"Polygon","coordinates":[[[-103.359733,25.565466],[-103.359582,25.565232],[-103.359494,25.565279],[-103.359644,25.565513],[-103.359733,25.565466]]]}},{"type":"Feature","properties":{},"geometry":{"type":"Polygon","coordinates":[[[-103.359822,25.565419],[-103.359671,25.565185],[-103.359582,25.565232],[-103.359733,25.565466],[-103.359822,25.565419]]]}},{"type":"Feature","properties":{},"geometry":{"type":"Polygon","coordinates":[[[-103.359911,25.565372],[-103.35976,25.565138],[-103.359671,25.565185],[-103.359822,25.565419],[-103.359911,25.565372]]]}},{"type":"Feature","properties":{},"geometry":{"type":"Polygon","coordinates":[[[-103.359999,25.565325],[-103.359849,25.565091],[-103.35976,25.565138],[-103.359911,25.565372],[-103.359999,25.565325]]]}},{"type":"Feature","properties":{},"geometry":{"type":"Polygon","coordinates":[[[-103.360088,25.565278],[-103.359938,25.565044],[-103.359849,25.565091],[-103.359999,25.565325],[-103.360088,25.565278]]]}},{"type":"Feature","properties":{},"geometry":{"type":"Polygon","coordinates":[[[-103.360177,25.565231],[-103.360027,25.564997],[-103.359938,25.565044],[-103.360088,25.565278],[-103.360177,25.565231]]]}},{"type":"Feature","properties":{},"geometry":{"type":"Polygon","coordinates":[[[-103.360266,25.565184],[-103.360116,25.56495],[-103.360027,25.564997],[-103.360177,25.565231],[-103.360266,25.565184]]]}},{"type":"Feature","properties":{},"geometry":{"type":"Polygon","coordinates":[[[-103.360355,25.565137],[-103.360204,25.564903],[-103.360116,25.56495],[-103.360266,25.565184],[-103.360355,25.565137]]]}},{"type":"Feature","properties":{},"geometry":{"type":"Polygon","coordinates":[[[-103.360444,25.56509],[-103.360293,25.564856],[-103.360204,25.564903],[-103.360355,25.565137],[-103.360444,25.56509]]]}},{"type":"Feature","properties":{},"geometry":{"type":"Polygon","coordinates":[[[-103.360532,25.565043],[-103.360382,25.564809],[-103.360293,25.564856],[-103.360444,25.56509],[-103.360532,25.565043]]]}},{"type":"Feature","properties":{},"geometry":{"type":"Polygon","coordinates":[[[-103.360621,25.564996],[-103.360471,25.564762],[-103.360382,25.564809],[-103.360532,25.565043],[-103.360621,25.564996]]]}},{"type":"Feature","properties":{},"geometry":{"type":"Polygon","coordinates":[[[-103.36071,25.564949],[-103.36056,25.564715],[-103.360471,25.564762],[-103.360621,25.564996],[-103.36071,25.564949]]]}},{"type":"Feature","properties":{},"geometry":{"type":"Polygon","coordinates":[[[-103.360799,25.564902],[-103.360649,25.564668],[-103.36056,25.564715],[-103.36071,25.564949],[-103.360799,25.564902]]]}},{"type":"Feature","properties":{},"geometry":{"type":"Polygon","coordinates":[[[-103.360888,25.564855],[-103.360737,25.564621],[-103.360649,25.564668],[-103.360799,25.564902],[-103.360888,25.564855]]]}},{"type":"Feature","properties":{},"geometry":{"type":"Polygon","coordinates":[[[-103.360977,25.564808],[-103.360826,25.564574],[-103.360737,25.564621],[-103.360888,25.564855],[-103.360977,25.564808]]]}},{"type":"Feature","properties":{},"geometry":{"type":"Polygon","coordinates":[[[-103.361065,25.564761],[-103.360915,25.564527],[-103.360826,25.564574],[-103.360977,25.564808],[-103.361065,25.564761]]]}},{"type":"Feature","properties":{},"geometry":{"type":"Polygon","coordinates":[[[-103.361257,25.564659],[-103.361107,25.564425],[-103.361018,25.564472],[-103.361169,25.564706],[-103.361257,25.564659]]]}},{"type":"Feature","properties":{},"geometry":{"type":"Polygon","coordinates":[[[-103.361346,25.564612],[-103.361196,25.564378],[-103.361107,25.564425],[-103.361257,25.564659],[-103.361346,25.564612]]]}},{"type":"Feature","properties":{},"geometry":{"type":"Polygon","coordinates":[[[-103.361435,25.564565],[-103.361285,25.564331],[-103.361196,25.564378],[-103.361346,25.564612],[-103.361435,25.564565]]]}},{"type":"Feature","properties":{},"geometry":{"type":"Polygon","coordinates":[[[-103.361524,25.564518],[-103.361374,25.564284],[-103.361285,25.564331],[-103.361435,25.564565],[-103.361524,25.564518]]]}},{"type":"Feature","properties":{},"geometry":{"type":"Polygon","coordinates":[[[-103.361613,25.564471],[-103.361462,25.564237],[-103.361374,25.564284],[-103.361524,25.564518],[-103.361613,25.564471]]]}},{"type":"Feature","properties":{},"geometry":{"type":"Polygon","coordinates":[[[-103.361702,25.564424],[-103.361551,25.56419],[-103.361462,25.564237],[-103.361613,25.564471],[-103.361702,25.564424]]]}},{"type":"Feature","properties":{},"geometry":{"type":"Polygon","coordinates":[[[-103.361791,25.564377],[-103.36164,25.564143],[-103.361551,25.56419],[-103.361702,25.564424],[-103.361791,25.564377]]]}},{"type":"Feature","properties":{},"geometry":{"type":"Polygon","coordinates":[[[-103.361879,25.56433],[-103.361729,25.564096],[-103.36164,25.564143],[-103.361791,25.564377],[-103.361879,25.56433]]]}},{"type":"Feature","properties":{},"geometry":{"type":"Polygon","coordinates":[[[-103.361968,25.564283],[-103.361818,25.564049],[-103.361729,25.564096],[-103.361879,25.56433],[-103.361968,25.564283]]]}},{"type":"Feature","properties":{},"geometry":{"type":"Polygon","coordinates":[[[-103.362057,25.564236],[-103.361907,25.564002],[-103.361818,25.564049],[-103.361968,25.564283],[-103.362057,25.564236]]]}},{"type":"Feature","properties":{},"geometry":{"type":"Polygon","coordinates":[[[-103.362146,25.564189],[-103.361995,25.563955],[-103.361907,25.564002],[-103.362057,25.564236],[-103.362146,25.564189]]]}},{"type":"Feature","properties":{},"geometry":{"type":"Polygon","coordinates":[[[-103.362235,25.564142],[-103.362084,25.563908],[-103.361995,25.563955],[-103.362146,25.564189],[-103.362235,25.564142]]]}},{"type":"Feature","properties":{},"geometry":{"type":"Polygon","coordinates":[[[-103.362324,25.564095],[-103.362173,25.563861],[-103.362084,25.563908],[-103.362235,25.564142],[-103.362324,25.564095]]]}},{"type":"Feature","properties":{},"geometry":{"type":"Polygon","coordinates":[[[-103.362412,25.564048],[-103.362262,25.563814],[-103.362173,25.563861],[-103.362324,25.564095],[-103.362412,25.564048]]]}},{"type":"Feature","properties":{},"geometry":{"type":"Polygon","coordinates":[[[-103.362501,25.564001],[-103.362351,25.563767],[-103.362262,25.563814],[-103.362412,25.564048],[-103.362501,25.564001]]]}},{"type":"Feature","properties":{},"geometry":{"type":"Polygon","coordinates":[[[-103.36259,25.563954],[-103.36244,25.56372],[-103.362351,25.563767],[-103.362501,25.564001],[-103.36259,25.563954]]]}},{"type":"Feature","properties":{},"geometry":{"type":"Polygon","coordinates":[[[-103.362782,25.563853],[-103.362632,25.563619],[-103.362543,25.563666],[-103.362693,25.5639],[-103.362782,25.563853]]]}},{"type":"Feature","properties":{},"geometry":{"type":"Polygon","coordinates":[[[-103.362871,25.563806],[-103.362721,25.563572],[-103.362632,25.563619],[-103.362782,25.563853],[-103.362871,25.563806]]]}},{"type":"Feature","properties":{},"geometry":{"type":"Polygon","coordinates":[[[-103.36296,25.563759],[-103.362809,25.563525],[-103.362721,25.563572],[-103.362871,25.563806],[-103.36296,25.563759]]]}},{"type":"Feature","properties":{},"geometry":{"type":"Polygon","coordinates":[[[-103.363049,25.563712],[-103.362898,25.563478],[-103.362809,25.563525],[-103.36296,25.563759],[-103.363049,25.563712]]]}},{"type":"Feature","properties":{},"geometry":{"type":"Polygon","coordinates":[[[-103.363137,25.563665],[-103.362987,25.563431],[-103.362898,25.563478],[-103.363049,25.563712],[-103.363137,25.563665]]]}},{"type":"Feature","properties":{},"geometry":{"type":"Polygon","coordinates":[[[-103.363226,25.563618],[-103.363076,25.563384],[-103.362987,25.563431],[-103.363137,25.563665],[-103.363226,25.563618]]]}},{"type":"Feature","properties":{},"geometry":{"type":"Polygon","coordinates":[[[-103.363315,25.563571],[-103.363165,25.563337],[-103.363076,25.563384],[-103.363226,25.563618],[-103.363315,25.563571]]]}},{"type":"Feature","properties":{},"geometry":{"type":"Polygon","coordinates":[[[-103.363404,25.563524],[-103.363254,25.56329],[-103.363165,25.563337],[-103.363315,25.563571],[-103.363404,25.563524]]]}},{"type":"Feature","properties":{},"geometry":{"type":"Polygon","coordinates":[[[-103.363493,25.563477],[-103.363342,25.563243],[-103.363254,25.56329],[-103.363404,25.563524],[-103.363493,25.563477]]]}},{"type":"Feature","properties":{},"geometry":{"type":"Polygon","coordinates":[[[-103.363582,25.56343],[-103.363431,25.563196],[-103.363342,25.563243],[-103.363493,25.563477],[-103.363582,25.56343]]]}},{"type":"Feature","properties":{},"geometry":{"type":"Polygon","coordinates":[[[-103.36367,25.563383],[-103.36352,25.563149],[-103.363431,25.563196],[-103.363582,25.56343],[-103.36367,25.563383]]]}},{"type":"Feature","properties":{},"geometry":{"type":"Polygon","coordinates":[[[-103.363759,25.563336],[-103.363609,25.563102],[-103.36352,25.563149],[-103.36367,25.563383],[-103.363759,25.563336]]]}},{"type":"Feature","properties":{},"geometry":{"type":"Polygon","coordinates":[[[-103.363848,25.563289],[-103.363698,25.563055],[-103.363609,25.563102],[-103.363759,25.563336],[-103.363848,25.563289]]]}},{"type":"Feature","properties":{},"geometry":{"type":"Polygon","coordinates":[[[-103.363937,25.563242],[-103.363787,25.563008],[-103.363698,25.563055],[-103.363848,25.563289],[-103.363937,25.563242]]]}},{"type":"Feature","properties":{},"geometry":{"type":"Polygon","coordinates":[[[-103.364026,25.563195],[-103.363875,25.562961],[-103.363787,25.563008],[-103.363937,25.563242],[-103.364026,25.563195]]]}},{"type":"Feature","properties":{},"geometry":{"type":"Polygon","coordinates":[[[-103.364115,25.563148],[-103.363964,25.562914],[-103.363875,25.562961],[-103.364026,25.563195],[-103.364115,25.563148]]]}},{"type":"Feature","properties":{},"geometry":{"type":"Polygon","coordinates":[[[-103.364307,25.563046],[-103.364156,25.562812],[-103.364067,25.562859],[-103.364218,25.563093],[-103.364307,25.563046]]]}},{"type":"Feature","properties":{},"geometry":{"type":"Polygon","coordinates":[[[-103.364395,25.562999],[-103.364245,25.562765],[-103.364156,25.562812],[-103.364307,25.563046],[-103.364395,25.562999]]]}},{"type":"Feature","properties":{},"geometry":{"type":"Polygon","coordinates":[[[-103.364484,25.562952],[-103.364334,25.562718],[-103.364245,25.562765],[-103.364395,25.562999],[-103.364484,25.562952]]]}},{"type":"Feature","properties":{},"geometry":{"type":"Polygon","coordinates":[[[-103.364573,25.562905],[-103.364423,25.562671],[-103.364334,25.562718],[-103.364484,25.562952],[-103.364573,25.562905]]]}},{"type":"Feature","properties":{},"geometry":{"type":"Polygon","coordinates":[[[-103.364662,25.562858],[-103.364512,25.562624],[-103.364423,25.562671],[-103.364573,25.562905],[-103.364662,25.562858]]]}},{"type":"Feature","properties":{},"geometry":{"type":"Polygon","coordinates":[[[-103.364751,25.562811],[-103.3646,25.562577],[-103.364512,25.562624],[-103.364662,25.562858],[-103.364751,25.562811]]]}},{"type":"Feature","properties":{},"geometry":{"type":"Polygon","coordinates":[[[-103.36484,25.562764],[-103.364689,25.56253],[-103.3646,25.562577],[-103.364751,25.562811],[-103.36484,25.562764]]]}},{"type":"Feature","properties":{},"geometry":{"type":"Polygon","coordinates":[[[-103.364929,25.562717],[-103.364778,25.562483],[-103.364689,25.56253],[-103.36484,25.562764],[-103.364929,25.562717]]]}},{"type":"Feature","properties":{},"geometry":{"type":"Polygon","coordinates":[[[-103.365017,25.56267],[-103.364867,25.562436],[-103.364778,25.562483],[-103.364929,25.562717],[-103.365017,25.56267]]]}},{"type":"Feature","properties":{},"geometry":{"type":"Polygon","coordinates":[[[-103.365106,25.562623],[-103.364956,25.562389],[-103.364867,25.562436],[-103.365017,25.56267],[-103.365106,25.562623]]]}},{"type":"Feature","properties":{},"geometry":{"type":"Polygon","coordinates":[[[-103.365195,25.562576],[-103.365045,25.562342],[-103.364956,25.562389],[-103.365106,25.562623],[-103.365195,25.562576]]]}},{"type":"Feature","properties":{},"geometry":{"type":"Polygon","coordinates":[[[-103.365284,25.562529],[-103.365133,25.562295],[-103.365045,25.562342],[-103.365195,25.562576],[-103.365284,25.562529]]]}},{"type":"Feature","properties":{},"geometry":{"type":"Polygon","coordinates":[[[-103.365373,25.562482],[-103.365222,25.562248],[-103.365133,25.562295],[-103.365284,25.562529],[-103.365373,25.562482]]]}},{"type":"Feature","properties":{},"geometry":{"type":"Polygon","coordinates":[[[-103.365462,25.562435],[-103.365311,25.562201],[-103.365222,25.562248],[-103.365373,25.562482],[-103.365462,25.562435]]]}},{"type":"Feature","properties":{},"geometry":{"type":"Polygon","coordinates":[[[-103.36555,25.562388],[-103.3654,25.562154],[-103.365311,25.562201],[-103.365462,25.562435],[-103.36555,25.562388]]]}},{"type":"Feature","properties":{},"geometry":{"type":"Polygon","coordinates":[[[-103.365639,25.562341],[-103.365489,25.562107],[-103.3654,25.562154],[-103.36555,25.562388],[-103.365639,25.562341]]]}},{"type":"Feature","properties":{},"geometry":{"type":"Polygon","coordinates":[[[-103.365831,25.56224],[-103.365681,25.562006],[-103.365592,25.562053],[-103.365742,25.562287],[-103.365831,25.56224]]]}},{"type":"Feature","properties":{},"geometry":{"type":"Polygon","coordinates":[[[-103.36592,25.562193],[-103.36577,25.561959],[-103.365681,25.562006],[-103.365831,25.56224],[-103.36592,25.562193]]]}},{"type":"Feature","properties":{},"geometry":{"type":"Polygon","coordinates":[[[-103.366009,25.562146],[-103.365858,25.561912],[-103.36577,25.561959],[-103.36592,25.562193],[-103.366009,25.562146]]]}},{"type":"Feature","properties":{},"geometry":{"type":"Polygon","coordinates":[[[-103.366098,25.562099],[-103.365947,25.561865],[-103.365858,25.561912],[-103.366009,25.562146],[-103.366098,25.562099]]]}},{"type":"Feature","properties":{},"geometry":{"type":"Polygon","coordinates":[[[-103.366187,25.562052],[-103.366036,25.561818],[-103.365947,25.561865],[-103.366098,25.562099],[-103.366187,25.562052]]]}},{"type":"Feature","properties":{},"geometry":{"type":"Polygon","coordinates":[[[-103.366275,25.562005],[-103.366125,25.561771],[-103.366036,25.561818],[-103.366187,25.562052],[-103.366275,25.562005]]]}},{"type":"Feature","properties":{},"geometry":{"type":"Polygon","coordinates":[[[-103.366364,25.561958],[-103.366214,25.561724],[-103.366125,25.561771],[-103.366275,25.562005],[-103.366364,25.561958]]]}},{"type":"Feature","properties":{},"geometry":{"type":"Polygon","coordinates":[[[-103.366453,25.561911],[-103.366303,25.561677],[-103.366214,25.561724],[-103.366364,25.561958],[-103.366453,25.561911]]]}},{"type":"Feature","properties":{},"geometry":{"type":"Polygon","coordinates":[[[-103.366542,25.561864],[-103.366391,25.56163],[-103.366303,25.561677],[-103.366453,25.561911],[-103.366542,25.561864]]]}},{"type":"Feature","properties":{},"geometry":{"type":"Polygon","coordinates":[[[-103.366631,25.561817],[-103.36648,25.561583],[-103.366391,25.56163],[-103.366542,25.561864],[-103.366631,25.561817]]]}},{"type":"Feature","properties":{},"geometry":{"type":"Polygon","coordinates":[[[-103.36672,25.56177],[-103.366569,25.561536],[-103.36648,25.561583],[-103.366631,25.561817],[-103.36672,25.56177]]]}},{"type":"Feature","properties":{},"geometry":{"type":"Polygon","coordinates":[[[-103.366808,25.561723],[-103.366658,25.561489],[-103.366569,25.561536],[-103.36672,25.56177],[-103.366808,25.561723]]]}},{"type":"Feature","properties":{},"geometry":{"type":"Polygon","coordinates":[[[-103.366897,25.561676],[-103.366747,25.561442],[-103.366658,25.561489],[-103.366808,25.561723],[-103.366897,25.561676]]]}},{"type":"Feature","properties":{},"geometry":{"type":"Polygon","coordinates":[[[-103.366986,25.561629],[-103.366836,25.561395],[-103.366747,25.561442],[-103.366897,25.561676],[-103.366986,25.561629]]]}},{"type":"Feature","properties":{},"geometry":{"type":"Polygon","coordinates":[[[-103.367075,25.561582],[-103.366924,25.561348],[-103.366836,25.561395],[-103.366986,25.561629],[-103.367075,25.561582]]]}},{"type":"Feature","properties":{},"geometry":{"type":"Polygon","coordinates":[[[-103.367164,25.561535],[-103.367013,25.561301],[-103.366924,25.561348],[-103.367075,25.561582],[-103.367164,25.561535]]]}},{"type":"Feature","properties":{},"geometry":{"type":"Polygon","coordinates":[[[-103.367356,25.561433],[-103.367205,25.561199],[-103.367116,25.561246],[-103.367267,25.56148],[-103.367356,25.561433]]]}},{"type":"Feature","properties":{},"geometry":{"type":"Polygon","coordinates":[[[-103.367445,25.561386],[-103.367294,25.561152],[-103.367205,25.561199],[-103.367356,25.561433],[-103.367445,25.561386]]]}},{"type":"Feature","properties":{},"geometry":{"type":"Polygon","coordinates":[[[-103.367533,25.561339],[-103.367383,25.561105],[-103.367294,25.561152],[-103.367445,25.561386],[-103.367533,25.561339]]]}},{"type":"Feature","properties":{},"geometry":{"type":"Polygon","coordinates":[[[-103.367622,25.561292],[-103.367472,25.561058],[-103.367383,25.561105],[-103.367533,25.561339],[-103.367622,25.561292]]]}},{"type":"Feature","properties":{},"geometry":{"type":"Polygon","coordinates":[[[-103.367711,25.561245],[-103.367561,25.561011],[-103.367472,25.561058],[-103.367622,25.561292],[-103.367711,25.561245]]]}},{"type":"Feature","properties":{},"geometry":{"type":"Polygon","coordinates":[[[-103.3678,25.561198],[-103.367649,25.560964],[-103.367561,25.561011],[-103.367711,25.561245],[-103.3678,25.561198]]]}},{"type":"Feature","properties":{},"geometry":{"type":"Polygon","coordinates":[[[-103.367889,25.561151],[-103.367738,25.560917],[-103.367649,25.560964],[-103.3678,25.561198],[-103.367889,25.561151]]]}},{"type":"Feature","properties":{},"geometry":{"type":"Polygon","coordinates":[[[-103.367978,25.561104],[-103.367827,25.56087],[-103.367738,25.560917],[-103.367889,25.561151],[-103.367978,25.561104]]]}},{"type":"Feature","properties":{},"geometry":{"type":"Polygon","coordinates":[[[-103.368066,25.561057],[-103.367916,25.560823],[-103.367827,25.56087],[-103.367978,25.561104],[-103.368066,25.561057]]]}},{"type":"Feature","properties":{},"geometry":{"type":"Polygon","coordinates":[[[-103.368155,25.56101],[-103.368005,25.560776],[-103.367916,25.560823],[-103.368066,25.561057],[-103.368155,25.56101]]]}},{"type":"Feature","properties":{},"geometry":{"type":"Polygon","coordinates":[[[-103.368244,25.560963],[-103.368094,25.560729],[-103.368005,25.560776],[-103.368155,25.56101],[-103.368244,25.560963]]]}},{"type":"Feature","properties":{},"geometry":{"type":"Polygon","coordinates":[[[-103.368333,25.560916],[-103.368182,25.560682],[-103.368094,25.560729],[-103.368244,25.560963],[-103.368333,25.560916]]]}},{"type":"Feature","properties":{},"geometry":{"type":"Polygon","coordinates":[[[-103.368422,25.560869],[-103.368271,25.560635],[-103.368182,25.560682],[-103.368333,25.560916],[-103.368422,25.560869]]]}},{"type":"Feature","properties":{},"geometry":{"type":"Polygon","coordinates":[[[-103.368511,25.560822],[-103.36836,25.560588],[-103.368271,25.560635],[-103.368422,25.560869],[-103.368511,25.560822]]]}},{"type":"Feature","properties":{},"geometry":{"type":"Polygon","coordinates":[[[-103.368599,25.560775],[-103.368449,25.560541],[-103.36836,25.560588],[-103.368511,25.560822],[-103.368599,25.560775]]]}},{"type":"Feature","properties":{},"geometry":{"type":"Polygon","coordinates":[[[-103.368688,25.560728],[-103.368538,25.560494],[-103.368449,25.560541],[-103.368599,25.560775],[-103.368688,25.560728]]]}},{"type":"Feature","properties":{},"geometry":{"type":"Polygon","coordinates":[[[-103.36888,25.560627],[-103.36873,25.560393],[-103.368641,25.56044],[-103.368791,25.560674],[-103.36888,25.560627]]]}},{"type":"Feature","properties":{},"geometry":{"type":"Polygon","coordinates":[[[-103.368969,25.56058],[-103.368819,25.560346],[-103.36873,25.560393],[-103.36888,25.560627],[-103.368969,25.56058]]]}},{"type":"Feature","properties":{},"geometry":{"type":"Polygon","coordinates":[[[-103.369058,25.560533],[-103.368907,25.560299],[-103.368819,25.560346],[-103.368969,25.56058],[-103.369058,25.560533]]]}},{"type":"Feature","properties":{},"geometry":{"type":"Polygon","coordinates":[[[-103.369147,25.560486],[-103.368996,25.560252],[-103.368907,25.560299],[-103.369058,25.560533],[-103.369147,25.560486]]]}},{"type":"Feature","properties":{},"geometry":{"type":"Polygon","coordinates":[[[-103.361408,25.564893],[-103.361257,25.564659],[-103.361169,25.564706],[-103.361319,25.56494],[-103.361408,25.564893]]]}},{"type":"Feature","properties":{},"geometry":{"type":"Polygon","coordinates":[[[-103.361497,25.564846],[-103.361346,25.564612],[-103.361257,25.564659],[-103.361408,25.564893],[-103.361497,25.564846]]]}},{"type":"Feature","properties":{},"geometry":{"type":"Polygon","coordinates":[[[-103.361586,25.564799],[-103.361435,25.564565],[-103.361346,25.564612],[-103.361497,25.564846],[-103.361586,25.564799]]]}},{"type":"Feature","properties":{},"geometry":{"type":"Polygon","coordinates":[[[-103.361674,25.564752],[-103.361524,25.564518],[-103.361435,25.564565],[-103.361586,25.564799],[-103.361674,25.564752]]]}},{"type":"Feature","properties":{},"geometry":{"type":"Polygon","coordinates":[[[-103.361763,25.564705],[-103.361613,25.564471],[-103.361524,25.564518],[-103.361674,25.564752],[-103.361763,25.564705]]]}},{"type":"Feature","properties":{},"geometry":{"type":"Polygon","coordinates":[[[-103.361852,25.564658],[-103.361702,25.564424],[-103.361613,25.564471],[-103.361763,25.564705],[-103.361852,25.564658]]]}},{"type":"Feature","properties":{},"geometry":{"type":"Polygon","coordinates":[[[-103.361941,25.564611],[-103.361791,25.564377],[-103.361702,25.564424],[-103.361852,25.564658],[-103.361941,25.564611]]]}},{"type":"Feature","properties":{},"geometry":{"type":"Polygon","coordinates":[[[-103.36203,25.564564],[-103.361879,25.56433],[-103.361791,25.564377],[-103.361941,25.564611],[-103.36203,25.564564]]]}},{"type":"Feature","properties":{},"geometry":{"type":"Polygon","coordinates":[[[-103.362119,25.564517],[-103.361968,25.564283],[-103.361879,25.56433],[-103.36203,25.564564],[-103.362119,25.564517]]]}},{"type":"Feature","properties":{},"geometry":{"type":"Polygon","coordinates":[[[-103.362207,25.56447],[-103.362057,25.564236],[-103.361968,25.564283],[-103.362119,25.564517],[-103.362207,25.56447]]]}},{"type":"Feature","properties":{},"geometry":{"type":"Polygon","coordinates":[[[-103.362296,25.564423],[-103.362146,25.564189],[-103.362057,25.564236],[-103.362207,25.56447],[-103.362296,25.564423]]]}},{"type":"Feature","properties":{},"geometry":{"type":"Polygon","coordinates":[[[-103.362385,25.564376],[-103.362235,25.564142],[-103.362146,25.564189],[-103.362296,25.564423],[-103.362385,25.564376]]]}},{"type":"Feature","properties":{},"geometry":{"type":"Polygon","coordinates":[[[-103.362474,25.564329],[-103.362324,25.564095],[-103.362235,25.564142],[-103.362385,25.564376],[-103.362474,25.564329]]]}},{"type":"Feature","properties":{},"geometry":{"type":"Polygon","coordinates":[[[-103.362563,25.564282],[-103.362412,25.564048],[-103.362324,25.564095],[-103.362474,25.564329],[-103.362563,25.564282]]]}},{"type":"Feature","properties":{},"geometry":{"type":"Polygon","coordinates":[[[-103.362652,25.564235],[-103.362501,25.564001],[-103.362412,25.564048],[-103.362563,25.564282],[-103.362652,25.564235]]]}},{"type":"Feature","properties":{},"geometry":{"type":"Polygon","coordinates":[[[-103.36274,25.564188],[-103.36259,25.563954],[-103.362501,25.564001],[-103.362652,25.564235],[-103.36274,25.564188]]]}},{"type":"Feature","properties":{},"geometry":{"type":"Polygon","coordinates":[[[-103.362932,25.564087],[-103.362782,25.563853],[-103.362693,25.5639],[-103.362844,25.564134],[-103.362932,25.564087]]]}},{"type":"Feature","properties":{},"geometry":{"type":"Polygon","coordinates":[[[-103.363021,25.56404],[-103.362871,25.563806],[-103.362782,25.563853],[-103.362932,25.564087],[-103.363021,25.56404]]]}},{"type":"Feature","properties":{},"geometry":{"type":"Polygon","coordinates":[[[-103.36311,25.563993],[-103.36296,25.563759],[-103.362871,25.563806],[-103.363021,25.56404],[-103.36311,25.563993]]]}},{"type":"Feature","properties":{},"geometry":{"type":"Polygon","coordinates":[[[-103.363199,25.563946],[-103.363049,25.563712],[-103.36296,25.563759],[-103.36311,25.563993],[-103.363199,25.563946]]]}},{"type":"Feature","properties":{},"geometry":{"type":"Polygon","coordinates":[[[-103.363288,25.563899],[-103.363137,25.563665],[-103.363049,25.563712],[-103.363199,25.563946],[-103.363288,25.563899]]]}},{"type":"Feature","properties":{},"geometry":{"type":"Polygon","coordinates":[[[-103.363377,25.563852],[-103.363226,25.563618],[-103.363137,25.563665],[-103.363288,25.563899],[-103.363377,25.563852]]]}},{"type":"Feature","properties":{},"geometry":{"type":"Polygon","coordinates":[[[-103.363466,25.563805],[-103.363315,25.563571],[-103.363226,25.563618],[-103.363377,25.563852],[-103.363466,25.563805]]]}},{"type":"Feature","properties":{},"geometry":{"type":"Polygon","coordinates":[[[-103.363554,25.563758],[-103.363404,25.563524],[-103.363315,25.563571],[-103.363466,25.563805],[-103.363554,25.563758]]]}},{"type":"Feature","properties":{},"geometry":{"type":"Polygon","coordinates":[[[-103.363643,25.563711],[-103.363493,25.563477],[-103.363404,25.563524],[-103.363554,25.563758],[-103.363643,25.563711]]]}},{"type":"Feature","properties":{},"geometry":{"type":"Polygon","coordinates":[[[-103.363732,25.563664],[-103.363582,25.56343],[-103.363493,25.563477],[-103.363643,25.563711],[-103.363732,25.563664]]]}},{"type":"Feature","properties":{},"geometry":{"type":"Polygon","coordinates":[[[-103.363821,25.563617],[-103.36367,25.563383],[-103.363582,25.56343],[-103.363732,25.563664],[-103.363821,25.563617]]]}},{"type":"Feature","properties":{},"geometry":{"type":"Polygon","coordinates":[[[-103.36391,25.56357],[-103.363759,25.563336],[-103.36367,25.563383],[-103.363821,25.563617],[-103.36391,25.56357]]]}},{"type":"Feature","properties":{},"geometry":{"type":"Polygon","coordinates":[[[-103.363999,25.563523],[-103.363848,25.563289],[-103.363759,25.563336],[-103.36391,25.56357],[-103.363999,25.563523]]]}},{"type":"Feature","properties":{},"geometry":{"type":"Polygon","coordinates":[[[-103.364087,25.563476],[-103.363937,25.563242],[-103.363848,25.563289],[-103.363999,25.563523],[-103.364087,25.563476]]]}},{"type":"Feature","properties":{},"geometry":{"type":"Polygon","coordinates":[[[-103.364176,25.563429],[-103.364026,25.563195],[-103.363937,25.563242],[-103.364087,25.563476],[-103.364176,25.563429]]]}},{"type":"Feature","properties":{},"geometry":{"type":"Polygon","coordinates":[[[-103.364265,25.563382],[-103.364115,25.563148],[-103.364026,25.563195],[-103.364176,25.563429],[-103.364265,25.563382]]]}},{"type":"Feature","properties":{},"geometry":{"type":"Polygon","coordinates":[[[-103.364457,25.56328],[-103.364307,25.563046],[-103.364218,25.563093],[-103.364368,25.563327],[-103.364457,25.56328]]]}},{"type":"Feature","properties":{},"geometry":{"type":"Polygon","coordinates":[[[-103.364546,25.563233],[-103.364395,25.562999],[-103.364307,25.563046],[-103.364457,25.56328],[-103.364546,25.563233]]]}},{"type":"Feature","properties":{},"geometry":{"type":"Polygon","coordinates":[[[-103.364635,25.563186],[-103.364484,25.562952],[-103.364395,25.562999],[-103.364546,25.563233],[-103.364635,25.563186]]]}},{"type":"Feature","properties":{},"geometry":{"type":"Polygon","coordinates":[[[-103.364724,25.563139],[-103.364573,25.562905],[-103.364484,25.562952],[-103.364635,25.563186],[-103.364724,25.563139]]]}},{"type":"Feature","properties":{},"geometry":{"type":"Polygon","coordinates":[[[-103.364812,25.563092],[-103.364662,25.562858],[-103.364573,25.562905],[-103.364724,25.563139],[-103.364812,25.563092]]]}},{"type":"Feature","properties":{},"geometry":{"type":"Polygon","coordinates":[[[-103.364901,25.563045],[-103.364751,25.562811],[-103.364662,25.562858],[-103.364812,25.563092],[-103.364901,25.563045]]]}},{"type":"Feature","properties":{},"geometry":{"type":"Polygon","coordinates":[[[-103.36499,25.562998],[-103.36484,25.562764],[-103.364751,25.562811],[-103.364901,25.563045],[-103.36499,25.562998]]]}},{"type":"Feature","properties":{},"geometry":{"type":"Polygon","coordinates":[[[-103.365079,25.562951],[-103.364929,25.562717],[-103.36484,25.562764],[-103.36499,25.562998],[-103.365079,25.562951]]]}},{"type":"Feature","properties":{},"geometry":{"type":"Polygon","coordinates":[[[-103.365168,25.562904],[-103.365017,25.56267],[-103.364929,25.562717],[-103.365079,25.562951],[-103.365168,25.562904]]]}},{"type":"Feature","properties":{},"geometry":{"type":"Polygon","coordinates":[[[-103.365257,25.562857],[-103.365106,25.562623],[-103.365017,25.56267],[-103.365168,25.562904],[-103.365257,25.562857]]]}},{"type":"Feature","properties":{},"geometry":{"type":"Polygon","coordinates":[[[-103.365345,25.56281],[-103.365195,25.562576],[-103.365106,25.562623],[-103.365257,25.562857],[-103.365345,25.56281]]]}},{"type":"Feature","properties":{},"geometry":{"type":"Polygon","coordinates":[[[-103.365434,25.562763],[-103.365284,25.562529],[-103.365195,25.562576],[-103.365345,25.56281],[-103.365434,25.562763]]]}},{"type":"Feature","properties":{},"geometry":{"type":"Polygon","coordinates":[[[-103.365523,25.562716],[-103.365373,25.562482],[-103.365284,25.562529],[-103.365434,25.562763],[-103.365523,25.562716]]]}},{"type":"Feature","properties":{},"geometry":{"type":"Polygon","coordinates":[[[-103.365612,25.562669],[-103.365462,25.562435],[-103.365373,25.562482],[-103.365523,25.562716],[-103.365612,25.562669]]]}},{"type":"Feature","properties":{},"geometry":{"type":"Polygon","coordinates":[[[-103.365701,25.562622],[-103.36555,25.562388],[-103.365462,25.562435],[-103.365612,25.562669],[-103.365701,25.562622]]]}},{"type":"Feature","properties":{},"geometry":{"type":"Polygon","coordinates":[[[-103.36579,25.562575],[-103.365639,25.562341],[-103.36555,25.562388],[-103.365701,25.562622],[-103.36579,25.562575]]]}},{"type":"Feature","properties":{},"geometry":{"type":"Polygon","coordinates":[[[-103.365982,25.562474],[-103.365831,25.56224],[-103.365742,25.562287],[-103.365893,25.562521],[-103.365982,25.562474]]]}},{"type":"Feature","properties":{},"geometry":{"type":"Polygon","coordinates":[[[-103.36607,25.562427],[-103.36592,25.562193],[-103.365831,25.56224],[-103.365982,25.562474],[-103.36607,25.562427]]]}},{"type":"Feature","properties":{},"geometry":{"type":"Polygon","coordinates":[[[-103.366159,25.56238],[-103.366009,25.562146],[-103.36592,25.562193],[-103.36607,25.562427],[-103.366159,25.56238]]]}},{"type":"Feature","properties":{},"geometry":{"type":"Polygon","coordinates":[[[-103.366248,25.562333],[-103.366098,25.562099],[-103.366009,25.562146],[-103.366159,25.56238],[-103.366248,25.562333]]]}},{"type":"Feature","properties":{},"geometry":{"type":"Polygon","coordinates":[[[-103.366337,25.562286],[-103.366187,25.562052],[-103.366098,25.562099],[-103.366248,25.562333],[-103.366337,25.562286]]]}},{"type":"Feature","properties":{},"geometry":{"type":"Polygon","coordinates":[[[-103.366426,25.562239],[-103.366275,25.562005],[-103.366187,25.562052],[-103.366337,25.562286],[-103.366426,25.562239]]]}},{"type":"Feature","properties":{},"geometry":{"type":"Polygon","coordinates":[[[-103.366515,25.562192],[-103.366364,25.561958],[-103.366275,25.562005],[-103.366426,25.562239],[-103.366515,25.562192]]]}},{"type":"Feature","properties":{},"geometry":{"type":"Polygon","coordinates":[[[-103.366603,25.562145],[-103.366453,25.561911],[-103.366364,25.561958],[-103.366515,25.562192],[-103.366603,25.562145]]]}},{"type":"Feature","properties":{},"geometry":{"type":"Polygon","coordinates":[[[-103.366692,25.562098],[-103.366542,25.561864],[-103.366453,25.561911],[-103.366603,25.562145],[-103.366692,25.562098]]]}},{"type":"Feature","properties":{},"geometry":{"type":"Polygon","coordinates":[[[-103.366781,25.562051],[-103.366631,25.561817],[-103.366542,25.561864],[-103.366692,25.562098],[-103.366781,25.562051]]]}},{"type":"Feature","properties":{},"geometry":{"type":"Polygon","coordinates":[[[-103.36687,25.562004],[-103.36672,25.56177],[-103.366631,25.561817],[-103.366781,25.562051],[-103.36687,25.562004]]]}},{"type":"Feature","properties":{},"geometry":{"type":"Polygon","coordinates":[[[-103.366959,25.561957],[-103.366808,25.561723],[-103.36672,25.56177],[-103.36687,25.562004],[-103.366959,25.561957]]]}},{"type":"Feature","properties":{},"geometry":{"type":"Polygon","coordinates":[[[-103.367048,25.56191],[-103.366897,25.561676],[-103.366808,25.561723],[-103.366959,25.561957],[-103.367048,25.56191]]]}},{"type":"Feature","properties":{},"geometry":{"type":"Polygon","coordinates":[[[-103.367136,25.561863],[-103.366986,25.561629],[-103.366897,25.561676],[-103.367048,25.56191],[-103.367136,25.561863]]]}},{"type":"Feature","properties":{},"geometry":{"type":"Polygon","coordinates":[[[-103.367225,25.561816],[-103.367075,25.561582],[-103.366986,25.561629],[-103.367136,25.561863],[-103.367225,25.561816]]]}},{"type":"Feature","properties":{},"geometry":{"type":"Polygon","coordinates":[[[-103.367314,25.561769],[-103.367164,25.561535],[-103.367075,25.561582],[-103.367225,25.561816],[-103.367314,25.561769]]]}},{"type":"Feature","properties":{},"geometry":{"type":"Polygon","coordinates":[[[-103.367506,25.561667],[-103.367356,25.561433],[-103.367267,25.56148],[-103.367417,25.561714],[-103.367506,25.561667]]]}},{"type":"Feature","properties":{},"geometry":{"type":"Polygon","coordinates":[[[-103.367595,25.56162],[-103.367445,25.561386],[-103.367356,25.561433],[-103.367506,25.561667],[-103.367595,25.56162]]]}},{"type":"Feature","properties":{},"geometry":{"type":"Polygon","coordinates":[[[-103.367684,25.561573],[-103.367533,25.561339],[-103.367445,25.561386],[-103.367595,25.56162],[-103.367684,25.561573]]]}}]}