{"type":"FeatureCollection","features":[{"type":"Feature","properties":{},"geometry":{"type":"Polygon","coordinates":[[[-103.357984,25.564196],[-103.357848,25.563986],[-103.357746,25.56404],[-103.357882,25.56425],[-103.357984,25.564196]]]}},{"type":"Feature","properties":{},"geometry":{"type":"Polygon","coordinates":[[[-103.358086,25.564142],[-103.35795,25.563932],[-103.357848,25.563986],[-103.357984,25.564196],[-103.358086,25.564142]]]}},{"type":"Feature","properties":{},"geometry":{"type":"Polygon","coordinates":[[[-103.358187,25.564089],[-103.358052,25.563878],[-103.35795,25.563932],[-103.358086,25.564142],[-103.358187,25.564089]]]}},{"type":"Feature","properties":{},"geometry":{"type":"Polygon","coordinates":[[[-103.358289,25.564035],[-103.358154,25.563824],[-103.358052,25.563878],[-103.358187,25.564089],[-103.358289,25.564035]]]}},{"type":"Feature","properties":{},"geometry":{"type":"Polygon","coordinates":[[[-103.358391,25.563981],[-103.358256,25.56377],[-103.358154,25.563824],[-103.358289,25.564035],[-103.358391,25.563981]]]}},{"type":"Feature","properties":{},"geometry":{"type":"Polygon","coordinates":[[[-103.358493,25.563927],[-103.358358,25.563716],[-103.358256,25.56377],[-103.358391,25.563981],[-103.358493,25.563927]]]}},{"type":"Feature","properties":{},"geometry":{"type":"Polygon","coordinates":[[[-103.358698,25.563818],[-103.358563,25.563608],[-103.358461,25.563662],[-103.358596,25.563872],[-103.358698,25.563818]]]}},{"type":"Feature","properties":{},"geometry":{"type":"Polygon","coordinates":[[[-103.3588,25.563765],[-103.358665,25.563554],[-103.358563,25.563608],[-103.358698,25.563818],[-103.3588,25.563765]]]}},{"type":"Feature","properties":{},"geometry":{"type":"Polygon","coordinates":[[[-103.358902,25.563711],[-103.358767,25.5635],[-103.358665,25.563554],[-103.3588,25.563765],[-103.358902,25.563711]]]}},{"type":"Feature","properties":{},"geometry":{"type":"Polygon","coordinates":[[[-103.359004,25.563657],[-103.358868,25.563446],[-103.358767,25.5635],[-103.358902,25.563711],[-103.359004,25.563657]]]}},{"type":"Feature","properties":{},"geometry":{"type":"Polygon","coordinates":[[[-103.359106,25.563603],[-103.35897,25.563392],[-103.358868,25.563446],[-103.359004,25.563657],[-103.359106,25.563603]]]}},{"type":"Feature","properties":{},"geometry":{"type":"Polygon","coordinates":[[[-103.359208,25.563549],[-103.359072,25.563338],[-103.35897,25.563392],[-103.359106,25.563603],[-103.359208,25.563549]]]}},{"type":"Feature","properties":{},"geometry":{"type":"Polygon","coordinates":[[[-103.35931,25.563495],[-103.359174,25.563284],[-103.359072,25.563338],[-103.359208,25.563549],[-103.35931,25.563495]]]}},{"type":"Feature","properties":{},"geometry":{"type":"Polygon","coordinates":[[[-103.359411,25.563441],[-103.359276,25.563231],[-103.359174,25.563284],[-103.35931,25.563495],[-103.359411,25.563441]]]}},{"type":"Feature","properties":{},"geometry":{"type":"Polygon","coordinates":[[[-103.359513,25.563387],[-103.359378,25.563177],[-103.359276,25.563231],[-103.359411,25.563441],[-103.359513,25.563387]]]}},{"type":"Feature","properties":{},"geometry":{"type":"Polygon","coordinates":[[[-103.359615,25.563333],[-103.35948,25.563123],[-103.359378,25.563177],[-103.359513,25.563387],[-103.359615,25.563333]]]}},{"type":"Feature","properties":{},"geometry":{"type":"Polygon","coordinates":[[[-103.359717,25.563279],[-103.359582,25.563069],[-103.35948,25.563123],[-103.359615,25.563333],[-103.359717,25.563279]]]}},{"type":"Feature","properties":{},"geometry":{"type":"Polygon","coordinates":[[[-103.359819,25.563226],[-103.359684,25.563015],[-103.359582,25.563069],[-103.359717,25.563279],[-103.359819,25.563226]]]}},{"type":"Feature","properties":{},"geometry":{"type":"Polygon","coordinates":[[[-103.359921,25.563172],[-103.359786,25.562961],[-103.359684,25.563015],[-103.359819,25.563226],[-103.359921,25.563172]]]}},{"type":"Feature","properties":{},"geometry":{"type":"Polygon","coordinates":[[[-103.360023,25.563118],[-103.359887,25.562907],[-103.359786,25.562961],[-103.359921,25.563172],[-103.360023,25.563118]]]}},{"type":"Feature","properties":{},"geometry":{"type":"Polygon","coordinates":[[[-103.360228,25.563009],[-103.360093,25.562799],[-103.359991,25.562853],[-103.360126,25.563063],[-103.360228,25.563009]]]}},{"type":"Feature","properties":{},"geometry":{"type":"Polygon","coordinates":[[[-103.36033,25.562955],[-103.360194,25.562745],[-103.360093,25.562799],[-103.360228,25.563009],[-103.36033,25.562955]]]}},{"type":"Feature","properties":{},"geometry":{"type":"Polygon","coordinates":[[[-103.360432,25.562902],[-103.360296,25.562691],[-103.360194,25.562745],[-103.36033,25.562955],[-103.360432,25.562902]]]}},{"type":"Feature","properties":{},"geometry":{"type":"Polygon","coordinates":[[[-103.360534,25.562848],[-103.360398,25.562637],[-103.360296,25.562691],[-103.360432,25.562902],[-103.360534,25.562848]]]}},{"type":"Feature","properties":{},"geometry":{"type":"Polygon","coordinates":[[[-103.360635,25.562794],[-103.3605,25.562583],[-103.360398,25.562637],[-103.360534,25.562848],[-103.360635,25.562794]]]}},{"type":"Feature","properties":{},"geometry":{"type":"Polygon","coordinates":[[[-103.360737,25.56274],[-103.360602,25.562529],[-103.3605,25.562583],[-103.360635,25.562794],[-103.360737,25.56274]]]}},{"type":"Feature","properties":{},"geometry":{"type":"Polygon","coordinates":[[[-103.360839,25.562686],[-103.360704,25.562475],[-103.360602,25.562529],[-103.360737,25.56274],[-103.360839,25.562686]]]}},{"type":"Feature","properties":{},"geometry":{"type":"Polygon","coordinates":[[[-103.360941,25.562632],[-103.360806,25.562421],[-103.360704,25.562475],[-103.360839,25.562686],[-103.360941,25.562632]]]}},{"type":"Feature","properties":{},"geometry":{"type":"Polygon","coordinates":[[[-103.361043,25.562578],[-103.360908,25.562368],[-103.360806,25.562421],[-103.360941,25.562632],[-103.361043,25.562578]]]}},{"type":"Feature","properties":{},"geometry":{"type":"Polygon","coordinates":[[[-103.361145,25.562524],[-103.36101,25.562314],[-103.360908,25.562368],[-103.361043,25.562578],[-103.361145,25.562524]]]}},{"type":"Feature","properties":{},"geometry":{"type":"Polygon","coordinates":[[[-103.361247,25.56247],[-103.361111,25.56226],[-103.36101,25.562314],[-103.361145,25.562524],[-103.361247,25.56247]]]}},{"type":"Feature","properties":{},"geometry":{"type":"Polygon","coordinates":[[[-103.361349,25.562416],[-103.361213,25.562206],[-103.361111,25.56226],[-103.361247,25.56247],[-103.361349,25.562416]]]}},{"type":"Feature","properties":{},"geometry":{"type":"Polygon","coordinates":[[[-103.361451,25.562363],[-103.361315,25.562152],[-103.361213,25.562206],[-103.361349,25.562416],[-103.361451,25.562363]]]}},{"type":"Feature","properties":{},"geometry":{"type":"Polygon","coordinates":[[[-103.361552,25.562309],[-103.361417,25.562098],[-103.361315,25.562152],[-103.361451,25.562363],[-103.361552,25.562309]]]}},{"type":"Feature","properties":{},"geometry":{"type":"Polygon","coordinates":[[[-103.361758,25.5622],[-103.361622,25.56199],[-103.36152,25.562043],[-103.361656,25.562254],[-103.361758,25.5622]]]}},{"type":"Feature","properties":{},"geometry":{"type":"Polygon","coordinates":[[[-103.361859,25.562146],[-103.361724,25.561936],[-103.361622,25.56199],[-103.361758,25.5622],[-103.361859,25.562146]]]}},{"type":"Feature","properties":{},"geometry":{"type":"Polygon","coordinates":[[[-103.361961,25.562092],[-103.361826,25.561882],[-103.361724,25.561936],[-103.361859,25.562146],[-103.361961,25.562092]]]}},{"type":"Feature","properties":{},"geometry":{"type":"Polygon","coordinates":[[[-103.362063,25.562038],[-103.361928,25.561828],[-103.361826,25.561882],[-103.361961,25.562092],[-103.362063,25.562038]]]}},{"type":"Feature","properties":{},"geometry":{"type":"Polygon","coordinates":[[[-103.362165,25.561985],[-103.36203,25.561774],[-103.361928,25.561828],[-103.362063,25.562038],[-103.362165,25.561985]]]}},{"type":"Feature","properties":{},"geometry":{"type":"Polygon","coordinates":[[[-103.362267,25.561931],[-103.362132,25.56172],[-103.36203,25.561774],[-103.362165,25.561985],[-103.362267,25.561931]]]}},{"type":"Feature","properties":{},"geometry":{"type":"Polygon","coordinates":[[[-103.362369,25.561877],[-103.362234,25.561666],[-103.362132,25.56172],[-103.362267,25.561931],[-103.362369,25.561877]]]}},{"type":"Feature","properties":{},"geometry":{"type":"Polygon","coordinates":[[[-103.363389,25.561337],[-103.363254,25.561127],[-103.363152,25.56118],[-103.363287,25.561391],[-103.363389,25.561337]]]}},{"type":"Feature","properties":{},"geometry":{"type":"Polygon","coordinates":[[[-103.363491,25.561283],[-103.363356,25.561073],[-103.363254,25.561127],[-103.363389,25.561337],[-103.363491,25.561283]]]}},{"type":"Feature","properties":{},"geometry":{"type":"Polygon","coordinates":[[[-103.363593,25.561229],[-103.363457,25.561019],[-103.363356,25.561073],[-103.363491,25.561283],[-103.363593,25.561229]]]}},{"type":"Feature","properties":{},"geometry":{"type":"Polygon","coordinates":[[[-103.363695,25.561175],[-103.363559,25.560965],[-103.363457,25.561019],[-103.363593,25.561229],[-103.363695,25.561175]]]}},{"type":"Feature","properties":{},"geometry":{"type":"Polygon","coordinates":[[[-103.363797,25.561121],[-103.363661,25.560911],[-103.363559,25.560965],[-103.363695,25.561175],[-103.363797,25.561121]]]}},{"type":"Feature","properties":{},"geometry":{"type":"Polygon","coordinates":[[[-103.363899,25.561068],[-103.363763,25.560857],[-103.363661,25.560911],[-103.363797,25.561121],[-103.363899,25.561068]]]}},{"type":"Feature","properties":{},"geometry":{"type":"Polygon","coordinates":[[[-103.364,25.561014],[-103.363865,25.560803],[-103.363763,25.560857],[-103.363899,25.561068],[-103.364,25.561014]]]}},{"type":"Feature","properties":{},"geometry":{"type":"Polygon","coordinates":[[[-103.364102,25.56096],[-103.363967,25.560749],[-103.363865,25.560803],[-103.364,25.561014],[-103.364102,25.56096]]]}},{"type":"Feature","properties":{},"geometry":{"type":"Polygon","coordinates":[[[-103.364204,25.560906],[-103.364069,25.560695],[-103.363967,25.560749],[-103.364102,25.56096],[-103.364204,25.560906]]]}},{"type":"Feature","properties":{},"geometry":{"type":"Polygon","coordinates":[[[-103.364306,25.560852],[-103.364171,25.560641],[-103.364069,25.560695],[-103.364204,25.560906],[-103.364306,25.560852]]]}},{"type":"Feature","properties":{},"geometry":{"type":"Polygon","coordinates":[[[-103.364408,25.560798],[-103.364273,25.560588],[-103.364171,25.560641],[-103.364306,25.560852],[-103.364408,25.560798]]]}},{"type":"Feature","properties":{},"geometry":{"type":"Polygon","coordinates":[[[-103.36451,25.560744],[-103.364374,25.560534],[-103.364273,25.560588],[-103.364408,25.560798],[-103.36451,25.560744]]]}},{"type":"Feature","properties":{},"geometry":{"type":"Polygon","coordinates":[[[-103.364612,25.56069],[-103.364476,25.56048],[-103.364374,25.560534],[-103.36451,25.560744],[-103.364612,25.56069]]]}},{"type":"Feature","properties":{},"geometry":{"type":"Polygon","coordinates":[[[-103.364817,25.560582],[-103.364681,25.560371],[-103.36458,25.560425],[-103.364715,25.560636],[-103.364817,25.560582]]]}},{"type":"Feature","properties":{},"geometry":{"type":"Polygon","coordinates":[[[-103.364919,25.560528],[-103.364783,25.560317],[-103.364681,25.560371],[-103.364817,25.560582],[-103.364919,25.560528]]]}},{"type":"Feature","properties":{},"geometry":{"type":"Polygon","coordinates":[[[-103.365021,25.560474],[-103.364885,25.560263],[-103.364783,25.560317],[-103.364919,25.560528],[-103.365021,25.560474]]]}},{"type":"Feature","properties":{},"geometry":{"type":"Polygon","coordinates":[[[-103.366141,25.559881],[-103.366006,25.559671],[-103.365904,25.559724],[-103.366039,25.559935],[-103.366141,25.559881]]]}},{"type":"Feature","properties":{},"geometry":{"type":"Polygon","coordinates":[[[-103.366346,25.559773],[-103.366211,25.559562],[-103.366109,25.559616],[-103.366245,25.559826],[-103.366346,25.559773]]]}},{"type":"Feature","properties":{},"geometry":{"type":"Polygon","coordinates":[[[-103.366448,25.559719],[-103.366313,25.559508],[-103.366211,25.559562],[-103.366346,25.559773],[-103.366448,25.559719]]]}},{"type":"Feature","properties":{},"geometry":{"type":"Polygon","coordinates":[[[-103.36655,25.559665],[-103.366415,25.559454],[-103.366313,25.559508],[-103.366448,25.559719],[-103.36655,25.559665]]]}},{"type":"Feature","properties":{},"geometry":{"type":"Polygon","coordinates":[[[-103.366652,25.559611],[-103.366517,25.5594],[-103.366415,25.559454],[-103.36655,25.559665],[-103.366652,25.559611]]]}},{"type":"Feature","properties":{},"geometry":{"type":"Polygon","coordinates":[[[-103.366754,25.559557],[-103.366619,25.559346],[-103.366517,25.5594],[-103.366652,25.559611],[-103.366754,25.559557]]]}},{"type":"Feature","properties":{},"geometry":{"type":"Polygon","coordinates":[[[-103.366856,25.559503],[-103.36672,25.559293],[-103.366619,25.559346],[-103.366754,25.559557],[-103.366856,25.559503]]]}},{"type":"Feature","properties":{},"geometry":{"type":"Polygon","coordinates":[[[-103.366958,25.559449],[-103.366822,25.559239],[-103.36672,25.559293],[-103.366856,25.559503],[-103.366958,25.559449]]]}},{"type":"Feature","properties":{},"geometry":{"type":"Polygon","coordinates":[[[-103.36706,25.559395],[-103.366924,25.559185],[-103.366822,25.559239],[-103.366958,25.559449],[-103.36706,25.559395]]]}},{"type":"Feature","properties":{},"geometry":{"type":"Polygon","coordinates":[[[-103.367162,25.559341],[-103.367026,25.559131],[-103.366924,25.559185],[-103.36706,25.559395],[-103.367162,25.559341]]]}},{"type":"Feature","properties":{},"geometry":{"type":"Polygon","coordinates":[[[-103.367263,25.559287],[-103.367128,25.559077],[-103.367026,25.559131],[-103.367162,25.559341],[-103.367263,25.559287]]]}},{"type":"Feature","properties":{},"geometry":{"type":"Polygon","coordinates":[[[-103.367365,25.559234],[-103.36723,25.559023],[-103.367128,25.559077],[-103.367263,25.559287],[-103.367365,25.559234]]]}},{"type":"Feature","properties":{},"geometry":{"type":"Polygon","coordinates":[[[-103.367467,25.55918],[-103.367332,25.558969],[-103.36723,25.559023],[-103.367365,25.559234],[-103.367467,25.55918]]]}},{"type":"Feature","properties":{},"geometry":{"type":"Polygon","coordinates":[[[-103.367569,25.559126],[-103.367434,25.558915],[-103.367332,25.558969],[-103.367467,25.55918],[-103.367569,25.559126]]]}},{"type":"Feature","properties":{},"geometry":{"type":"Polygon","coordinates":[[[-103.367671,25.559072],[-103.367536,25.558861],[-103.367434,25.558915],[-103.367569,25.559126],[-103.367671,25.559072]]]}},{"type":"Feature","properties":{},"geometry":{"type":"Polygon","coordinates":[[[-103.367876,25.558963],[-103.367741,25.558753],[-103.367639,25.558807],[-103.367774,25.559017],[-103.367876,25.558963]]]}},{"type":"Feature","properties":{},"geometry":{"type":"Polygon","coordinates":[[[-103.367978,25.558909],[-103.367843,25.558699],[-103.367741,25.558753],[-103.367876,25.558963],[-103.367978,25.558909]]]}},{"type":"Feature","properties":{},"geometry":{"type":"Polygon","coordinates":[[[-103.36808,25.558856],[-103.367944,25.558645],[-103.367843,25.558699],[-103.367978,25.558909],[-103.36808,25.558856]]]}},{"type":"Feature","properties":{},"geometry":{"type":"Polygon","coordinates":[[[-103.368182,25.558802],[-103.368046,25.558591],[-103.367944,25.558645],[-103.36808,25.558856],[-103.368182,25.558802]]]}},{"type":"Feature","properties":{},"geometry":{"type":"Polygon","coordinates":[[[-103.368284,25.558748],[-103.368148,25.558537],[-103.368046,25.558591],[-103.368182,25.558802],[-103.368284,25.558748]]]}},{"type":"Feature","properties":{},"geometry":{"type":"Polygon","coordinates":[[[-103.358052,25.563878],[-103.357917,25.563667],[-103.357815,25.563721],[-103.35795,25.563932],[-103.358052,25.563878]]]}},{"type":"Feature","properties":{},"geometry":{"type":"Polygon","coordinates":[[[-103.358154,25.563824],[-103.358019,25.563614],[-103.357917,25.563667],[-103.358052,25.563878],[-103.358154,25.563824]]]}},{"type":"Feature","properties":{},"geometry":{"type":"Polygon","coordinates":[[[-103.358256,25.56377],[-103.35812,25.56356],[-103.358019,25.563614],[-103.358154,25.563824],[-103.358256,25.56377]]]}},{"type":"Feature","properties":{},"geometry":{"type":"Polygon","coordinates":[[[-103.358358,25.563716],[-103.358222,25.563506],[-103.35812,25.56356],[-103.358256,25.56377],[-103.358358,25.563716]]]}},{"type":"Feature","properties":{},"geometry":{"type":"Polygon","coordinates":[[[-103.358563,25.563608],[-103.358427,25.563397],[-103.358326,25.563451],[-103.358461,25.563662],[-103.358563,25.563608]]]}},{"type":"Feature","properties":{},"geometry":{"type":"Polygon","coordinates":[[[-103.358665,25.563554],[-103.358529,25.563343],[-103.358427,25.563397],[-103.358563,25.563608],[-103.358665,25.563554]]]}},{"type":"Feature","properties":{},"geometry":{"type":"Polygon","coordinates":[[[-103.358767,25.5635],[-103.358631,25.56329],[-103.358529,25.563343],[-103.358665,25.563554],[-103.358767,25.5635]]]}},{"type":"Feature","properties":{},"geometry":{"type":"Polygon","coordinates":[[[-103.358868,25.563446],[-103.358733,25.563236],[-103.358631,25.56329],[-103.358767,25.5635],[-103.358868,25.563446]]]}},{"type":"Feature","properties":{},"geometry":{"type":"Polygon","coordinates":[[[-103.35897,25.563392],[-103.358835,25.563182],[-103.358733,25.563236],[-103.358868,25.563446],[-103.35897,25.563392]]]}},{"type":"Feature","properties":{},"geometry":{"type":"Polygon","coordinates":[[[-103.359072,25.563338],[-103.358937,25.563128],[-103.358835,25.563182],[-103.35897,25.563392],[-103.359072,25.563338]]]}},{"type":"Feature","properties":{},"geometry":{"type":"Polygon","coordinates":[[[-103.359174,25.563284],[-103.359039,25.563074],[-103.358937,25.563128],[-103.359072,25.563338],[-103.359174,25.563284]]]}},{"type":"Feature","properties":{},"geometry":{"type":"Polygon","coordinates":[[[-103.359276,25.563231],[-103.359141,25.56302],[-103.359039,25.563074],[-103.359174,25.563284],[-103.359276,25.563231]]]}},{"type":"Feature","properties":{},"geometry":{"type":"Polygon","coordinates":[[[-103.359378,25.563177],[-103.359243,25.562966],[-103.359141,25.56302],[-103.359276,25.563231],[-103.359378,25.563177]]]}},{"type":"Feature","properties":{},"geometry":{"type":"Polygon","coordinates":[[[-103.35948,25.563123],[-103.359344,25.562912],[-103.359243,25.562966],[-103.359378,25.563177],[-103.35948,25.563123]]]}},{"type":"Feature","properties":{},"geometry":{"type":"Polygon","coordinates":[[[-103.359582,25.563069],[-103.359446,25.562858],[-103.359344,25.562912],[-103.35948,25.563123],[-103.359582,25.563069]]]}},{"type":"Feature","properties":{},"geometry":{"type":"Polygon","coordinates":[[[-103.359684,25.563015],[-103.359548,25.562804],[-103.359446,25.562858],[-103.359582,25.563069],[-103.359684,25.563015]]]}},{"type":"Feature","properties":{},"geometry":{"type":"Polygon","coordinates":[[[-103.359786,25.562961],[-103.35965,25.562751],[-103.359548,25.562804],[-103.359684,25.563015],[-103.359786,25.562961]]]}},{"type":"Feature","properties":{},"geometry":{"type":"Polygon","coordinates":[[[-103.359887,25.562907],[-103.359752,25.562697],[-103.35965,25.562751],[-103.359786,25.562961],[-103.359887,25.562907]]]}},{"type":"Feature","properties":{},"geometry":{"type":"Polygon","coordinates":[[[-103.360093,25.562799],[-103.359957,25.562588],[-103.359855,25.562642],[-103.359991,25.562853],[-103.360093,25.562799]]]}},{"type":"Feature","properties":{},"geometry":{"type":"Polygon","coordinates":[[[-103.360194,25.562745],[-103.360059,25.562534],[-103.359957,25.562588],[-103.360093,25.562799],[-103.360194,25.562745]]]}},{"type":"Feature","properties":{},"geometry":{"type":"Polygon","coordinates":[[[-103.360296,25.562691],[-103.360161,25.56248],[-103.360059,25.562534],[-103.360194,25.562745],[-103.360296,25.562691]]]}},{"type":"Feature","properties":{},"geometry":{"type":"Polygon","coordinates":[[[-103.360398,25.562637],[-103.360263,25.562426],[-103.360161,25.56248],[-103.360296,25.562691],[-103.360398,25.562637]]]}},{"type":"Feature","properties":{},"geometry":{"type":"Polygon","coordinates":[[[-103.3605,25.562583],[-103.360365,25.562373],[-103.360263,25.562426],[-103.360398,25.562637],[-103.3605,25.562583]]]}},{"type":"Feature","properties":{},"geometry":{"type":"Polygon","coordinates":[[[-103.360602,25.562529],[-103.360467,25.562319],[-103.360365,25.562373],[-103.3605,25.562583],[-103.360602,25.562529]]]}},{"type":"Feature","properties":{},"geometry":{"type":"Polygon","coordinates":[[[-103.360704,25.562475],[-103.360568,25.562265],[-103.360467,25.562319],[-103.360602,25.562529],[-103.360704,25.562475]]]}},{"type":"Feature","properties":{},"geometry":{"type":"Polygon","coordinates":[[[-103.360806,25.562421],[-103.36067,25.562211],[-103.360568,25.562265],[-103.360704,25.562475],[-103.360806,25.562421]]]}},{"type":"Feature","properties":{},"geometry":{"type":"Polygon","coordinates":[[[-103.360908,25.562368],[-103.360772,25.562157],[-103.36067,25.562211],[-103.360806,25.562421],[-103.360908,25.562368]]]}},{"type":"Feature","properties":{},"geometry":{"type":"Polygon","coordinates":[[[-103.36101,25.562314],[-103.360874,25.562103],[-103.360772,25.562157],[-103.360908,25.562368],[-103.36101,25.562314]]]}},{"type":"Feature","properties":{},"geometry":{"type":"Polygon","coordinates":[[[-103.361111,25.56226],[-103.360976,25.562049],[-103.360874,25.562103],[-103.36101,25.562314],[-103.361111,25.56226]]]}},{"type":"Feature","properties":{},"geometry":{"type":"Polygon","coordinates":[[[-103.361213,25.562206],[-103.361078,25.561995],[-103.360976,25.562049],[-103.361111,25.56226],[-103.361213,25.562206]]]}},{"type":"Feature","properties":{},"geometry":{"type":"Polygon","coordinates":[[[-103.361315,25.562152],[-103.36118,25.561941],[-103.361078,25.561995],[-103.361213,25.562206],[-103.361315,25.562152]]]}},{"type":"Feature","properties":{},"geometry":{"type":"Polygon","coordinates":[[[-103.361417,25.562098],[-103.361282,25.561888],[-103.36118,25.561941],[-103.361315,25.562152],[-103.361417,25.562098]]]}},{"type":"Feature","properties":{},"geometry":{"type":"Polygon","coordinates":[[[-103.361622,25.56199],[-103.361487,25.561779],[-103.361385,25.561833],[-103.36152,25.562043],[-103.361622,25.56199]]]}},{"type":"Feature","properties":{},"geometry":{"type":"Polygon","coordinates":[[[-103.361724,25.561936],[-103.361589,25.561725],[-103.361487,25.561779],[-103.361622,25.56199],[-103.361724,25.561936]]]}},{"type":"Feature","properties":{},"geometry":{"type":"Polygon","coordinates":[[[-103.361826,25.561882],[-103.361691,25.561671],[-103.361589,25.561725],[-103.361724,25.561936],[-103.361826,25.561882]]]}},{"type":"Feature","properties":{},"geometry":{"type":"Polygon","coordinates":[[[-103.361928,25.561828],[-103.361792,25.561617],[-103.361691,25.561671],[-103.361826,25.561882],[-103.361928,25.561828]]]}},{"type":"Feature","properties":{},"geometry":{"type":"Polygon","coordinates":[[[-103.36203,25.561774],[-103.361894,25.561563],[-103.361792,25.561617],[-103.361928,25.561828],[-103.36203,25.561774]]]}},{"type":"Feature","properties":{},"geometry":{"type":"Polygon","coordinates":[[[-103.362132,25.56172],[-103.361996,25.56151],[-103.361894,25.561563],[-103.36203,25.561774],[-103.362132,25.56172]]]}},{"type":"Feature","properties":{},"geometry":{"type":"Polygon","coordinates":[[[-103.362234,25.561666],[-103.362098,25.561456],[-103.361996,25.56151],[-103.362132,25.56172],[-103.362234,25.561666]]]}},{"type":"Feature","properties":{},"geometry":{"type":"Polygon","coordinates":[[[-103.363254,25.561127],[-103.363118,25.560916],[-103.363016,25.56097],[-103.363152,25.56118],[-103.363254,25.561127]]]}},{"type":"Feature","properties":{},"geometry":{"type":"Polygon","coordinates":[[[-103.363356,25.561073],[-103.36322,25.560862],[-103.363118,25.560916],[-103.363254,25.561127],[-103.363356,25.561073]]]}},{"type":"Feature","properties":{},"geometry":{"type":"Polygon","coordinates":[[[-103.363457,25.561019],[-103.363322,25.560808],[-103.36322,25.560862],[-103.363356,25.561073],[-103.363457,25.561019]]]}},{"type":"Feature","properties":{},"geometry":{"type":"Polygon","coordinates":[[[-103.363559,25.560965],[-103.363424,25.560754],[-103.363322,25.560808],[-103.363457,25.561019],[-103.363559,25.560965]]]}},{"type":"Feature","properties":{},"geometry":{"type":"Polygon","coordinates":[[[-103.363661,25.560911],[-103.363526,25.5607],[-103.363424,25.560754],[-103.363559,25.560965],[-103.363661,25.560911]]]}},{"type":"Feature","properties":{},"geometry":{"type":"Polygon","coordinates":[[[-103.363763,25.560857],[-103.363628,25.560646],[-103.363526,25.5607],[-103.363661,25.560911],[-103.363763,25.560857]]]}},{"type":"Feature","properties":{},"geometry":{"type":"Polygon","coordinates":[[[-103.363865,25.560803],[-103.36373,25.560593],[-103.363628,25.560646],[-103.363763,25.560857],[-103.363865,25.560803]]]}},{"type":"Feature","properties":{},"geometry":{"type":"Polygon","coordinates":[[[-103.363967,25.560749],[-103.363832,25.560539],[-103.36373,25.560593],[-103.363865,25.560803],[-103.363967,25.560749]]]}},{"type":"Feature","properties":{},"geometry":{"type":"Polygon","coordinates":[[[-103.364069,25.560695],[-103.363933,25.560485],[-103.363832,25.560539],[-103.363967,25.560749],[-103.364069,25.560695]]]}},{"type":"Feature","properties":{},"geometry":{"type":"Polygon","coordinates":[[[-103.364171,25.560641],[-103.364035,25.560431],[-103.363933,25.560485],[-103.364069,25.560695],[-103.364171,25.560641]]]}},{"type":"Feature","properties":{},"geometry":{"type":"Polygon","coordinates":[[[-103.364273,25.560588],[-103.364137,25.560377],[-103.364035,25.560431],[-103.364171,25.560641],[-103.364273,25.560588]]]}},{"type":"Feature","properties":{},"geometry":{"type":"Polygon","coordinates":[[[-103.364374,25.560534],[-103.364239,25.560323],[-103.364137,25.560377],[-103.364273,25.560588],[-103.364374,25.560534]]]}},{"type":"Feature","properties":{},"geometry":{"type":"Polygon","coordinates":[[[-103.364476,25.56048],[-103.364341,25.560269],[-103.364239,25.560323],[-103.364374,25.560534],[-103.364476,25.56048]]]}},{"type":"Feature","properties":{},"geometry":{"type":"Polygon","coordinates":[[[-103.364681,25.560371],[-103.364546,25.560161],[-103.364444,25.560215],[-103.36458,25.560425],[-103.364681,25.560371]]]}},{"type":"Feature","properties":{},"geometry":{"type":"Polygon","coordinates":[[[-103.364783,25.560317],[-103.364648,25.560107],[-103.364546,25.560161],[-103.364681,25.560371],[-103.364783,25.560317]]]}},{"type":"Feature","properties":{},"geometry":{"type":"Polygon","coordinates":[[[-103.364885,25.560263],[-103.36475,25.560053],[-103.364648,25.560107],[-103.364783,25.560317],[-103.364885,25.560263]]]}},{"type":"Feature","properties":{},"geometry":{"type":"Polygon","coordinates":[[[-103.366006,25.559671],[-103.365871,25.55946],[-103.365769,25.559514],[-103.365904,25.559724],[-103.366006,25.559671]]]}},{"type":"Feature","properties":{},"geometry":{"type":"Polygon","coordinates":[[[-103.366211,25.559562],[-103.366076,25.559351],[-103.365974,25.559405],[-103.366109,25.559616],[-103.366211,25.559562]]]}},{"type":"Feature","properties":{},"geometry":{"type":"Polygon","coordinates":[[[-103.366313,25.559508],[-103.366178,25.559298],[-103.366076,25.559351],[-103.366211,25.559562],[-103.366313,25.559508]]]}},{"type":"Feature","properties":{},"geometry":{"type":"Polygon","coordinates":[[[-103.366415,25.559454],[-103.366279,25.559244],[-103.366178,25.559298],[-103.366313,25.559508],[-103.366415,25.559454]]]}},{"type":"Feature","properties":{},"geometry":{"type":"Polygon","coordinates":[[[-103.366517,25.5594],[-103.366381,25.55919],[-103.366279,25.559244],[-103.366415,25.559454],[-103.366517,25.5594]]]}},{"type":"Feature","properties":{},"geometry":{"type":"Polygon","coordinates":[[[-103.366619,25.559346],[-103.366483,25.559136],[-103.366381,25.55919],[-103.366517,25.5594],[-103.366619,25.559346]]]}},{"type":"Feature","properties":{},"geometry":{"type":"Polygon","coordinates":[[[-103.36672,25.559293],[-103.366585,25.559082],[-103.366483,25.559136],[-103.366619,25.559346],[-103.36672,25.559293]]]}},{"type":"Feature","properties":{},"geometry":{"type":"Polygon","coordinates":[[[-103.366822,25.559239],[-103.366687,25.559028],[-103.366585,25.559082],[-103.36672,25.559293],[-103.366822,25.559239]]]}},{"type":"Feature","properties":{},"geometry":{"type":"Polygon","coordinates":[[[-103.366924,25.559185],[-103.366789,25.558974],[-103.366687,25.559028],[-103.366822,25.559239],[-103.366924,25.559185]]]}},{"type":"Feature","properties":{},"geometry":{"type":"Polygon","coordinates":[[[-103.367026,25.559131],[-103.366891,25.55892],[-103.366789,25.558974],[-103.366924,25.559185],[-103.367026,25.559131]]]}},{"type":"Feature","properties":{},"geometry":{"type":"Polygon","coordinates":[[[-103.367128,25.559077],[-103.366993,25.558866],[-103.366891,25.55892],[-103.367026,25.559131],[-103.367128,25.559077]]]}},{"type":"Feature","properties":{},"geometry":{"type":"Polygon","coordinates":[[[-103.36723,25.559023],[-103.367095,25.558812],[-103.366993,25.558866],[-103.367128,25.559077],[-103.36723,25.559023]]]}},{"type":"Feature","properties":{},"geometry":{"type":"Polygon","coordinates":[[[-103.367332,25.558969],[-103.367196,25.558759],[-103.367095,25.558812],[-103.36723,25.559023],[-103.367332,25.558969]]]}},{"type":"Feature","properties":{},"geometry":{"type":"Polygon","coordinates":[[[-103.367434,25.558915],[-103.367298,25.558705],[-103.367196,25.558759],[-103.367332,25.558969],[-103.367434,25.558915]]]}},{"type":"Feature","properties":{},"geometry":{"type":"Polygon","coordinates":[[[-103.367536,25.558861],[-103.3674,25.558651],[-103.367298,25.558705],[-103.367434,25.558915],[-103.367536,25.558861]]]}},{"type":"Feature","properties":{},"geometry":{"type":"Polygon","coordinates":[[[-103.367741,25.558753],[-103.367605,25.558542],[-103.367503,25.558596],[-103.367639,25.558807],[-103.367741,25.558753]]]}},{"type":"Feature","properties":{},"geometry":{"type":"Polygon","coordinates":[[[-103.367843,25.558699],[-103.367707,25.558488],[-103.367605,25.558542],[-103.367741,25.558753],[-103.367843,25.558699]]]}},{"type":"Feature","properties":{},"geometry":{"type":"Polygon","coordinates":[[[-103.35806,25.563466],[-103.357925,25.563256],[-103.357823,25.563309],[-103.357958,25.56352],[-103.35806,25.563466]]]}},{"type":"Feature","properties":{},"geometry":{"type":"Polygon","coordinates":[[[-103.358162,25.563412],[-103.358027,25.563202],[-103.357925,25.563256],[-103.35806,25.563466],[-103.358162,25.563412]]]}},{"type":"Feature","properties":{},"geometry":{"type":"Polygon","coordinates":[[[-103.358367,25.563304],[-103.358232,25.563093],[-103.35813,25.563147],[-103.358265,25.563358],[-103.358367,25.563304]]]}},{"type":"Feature","properties":{},"geometry":{"type":"Polygon","coordinates":[[[-103.358469,25.56325],[-103.358334,25.563039],[-103.358232,25.563093],[-103.358367,25.563304],[-103.358469,25.56325]]]}},{"type":"Feature","properties":{},"geometry":{"type":"Polygon","coordinates":[[[-103.358571,25.563196],[-103.358436,25.562985],[-103.358334,25.563039],[-103.358469,25.56325],[-103.358571,25.563196]]]}},{"type":"Feature","properties":{},"geometry":{"type":"Polygon","coordinates":[[[-103.358673,25.563142],[-103.358538,25.562932],[-103.358436,25.562985],[-103.358571,25.563196],[-103.358673,25.563142]]]}},{"type":"Feature","properties":{},"geometry":{"type":"Polygon","coordinates":[[[-103.358775,25.563088],[-103.35864,25.562878],[-103.358538,25.562932],[-103.358673,25.563142],[-103.358775,25.563088]]]}},{"type":"Feature","properties":{},"geometry":{"type":"Polygon","coordinates":[[[-103.358877,25.563034],[-103.358741,25.562824],[-103.35864,25.562878],[-103.358775,25.563088],[-103.358877,25.563034]]]}},{"type":"Feature","properties":{},"geometry":{"type":"Polygon","coordinates":[[[-103.358979,25.56298],[-103.358843,25.56277],[-103.358741,25.562824],[-103.358877,25.563034],[-103.358979,25.56298]]]}},{"type":"Feature","properties":{},"geometry":{"type":"Polygon","coordinates":[[[-103.359081,25.562926],[-103.358945,25.562716],[-103.358843,25.56277],[-103.358979,25.56298],[-103.359081,25.562926]]]}},{"type":"Feature","properties":{},"geometry":{"type":"Polygon","coordinates":[[[-103.359182,25.562873],[-103.359047,25.562662],[-103.358945,25.562716],[-103.359081,25.562926],[-103.359182,25.562873]]]}},{"type":"Feature","properties":{},"geometry":{"type":"Polygon","coordinates":[[[-103.359284,25.562819],[-103.359149,25.562608],[-103.359047,25.562662],[-103.359182,25.562873],[-103.359284,25.562819]]]}},{"type":"Feature","properties":{},"geometry":{"type":"Polygon","coordinates":[[[-103.359386,25.562765],[-103.359251,25.562554],[-103.359149,25.562608],[-103.359284,25.562819],[-103.359386,25.562765]]]}},{"type":"Feature","properties":{},"geometry":{"type":"Polygon","coordinates":[[[-103.359488,25.562711],[-103.359353,25.5625],[-103.359251,25.562554],[-103.359386,25.562765],[-103.359488,25.562711]]]}},{"type":"Feature","properties":{},"geometry":{"type":"Polygon","coordinates":[[[-103.35959,25.562657],[-103.359455,25.562446],[-103.359353,25.5625],[-103.359488,25.562711],[-103.35959,25.562657]]]}},{"type":"Feature","properties":{},"geometry":{"type":"Polygon","coordinates":[[[-103.359692,25.562603],[-103.359557,25.562393],[-103.359455,25.562446],[-103.35959,25.562657],[-103.359692,25.562603]]]}},{"type":"Feature","properties":{},"geometry":{"type":"Polygon","coordinates":[[[-103.359897,25.562495],[-103.359762,25.562284],[-103.35966,25.562338],[-103.359795,25.562549],[-103.359897,25.562495]]]}},{"type":"Feature","properties":{},"geometry":{"type":"Polygon","coordinates":[[[-103.359999,25.562441],[-103.359863,25.56223],[-103.359762,25.562284],[-103.359897,25.562495],[-103.359999,25.562441]]]}},{"type":"Feature","properties":{},"geometry":{"type":"Polygon","coordinates":[[[-103.360101,25.562387],[-103.359965,25.562176],[-103.359863,25.56223],[-103.359999,25.562441],[-103.360101,25.562387]]]}},{"type":"Feature","properties":{},"geometry":{"type":"Polygon","coordinates":[[[-103.360203,25.562333],[-103.360067,25.562122],[-103.359965,25.562176],[-103.360101,25.562387],[-103.360203,25.562333]]]}},{"type":"Feature","properties":{},"geometry":{"type":"Polygon","coordinates":[[[-103.360305,25.562279],[-103.360169,25.562068],[-103.360067,25.562122],[-103.360203,25.562333],[-103.360305,25.562279]]]}},{"type":"Feature","properties":{},"geometry":{"type":"Polygon","coordinates":[[[-103.360406,25.562225],[-103.360271,25.562015],[-103.360169,25.562068],[-103.360305,25.562279],[-103.360406,25.562225]]]}},{"type":"Feature","properties":{},"geometry":{"type":"Polygon","coordinates":[[[-103.360508,25.562171],[-103.360373,25.561961],[-103.360271,25.562015],[-103.360406,25.562225],[-103.360508,25.562171]]]}},{"type":"Feature","properties":{},"geometry":{"type":"Polygon","coordinates":[[[-103.36061,25.562117],[-103.360475,25.561907],[-103.360373,25.561961],[-103.360508,25.562171],[-103.36061,25.562117]]]}},{"type":"Feature","properties":{},"geometry":{"type":"Polygon","coordinates":[[[-103.360712,25.562063],[-103.360577,25.561853],[-103.360475,25.561907],[-103.36061,25.562117],[-103.360712,25.562063]]]}},{"type":"Feature","properties":{},"geometry":{"type":"Polygon","coordinates":[[[-103.360814,25.56201],[-103.360679,25.561799],[-103.360577,25.561853],[-103.360712,25.562063],[-103.360814,25.56201]]]}},{"type":"Feature","properties":{},"geometry":{"type":"Polygon","coordinates":[[[-103.360916,25.561956],[-103.360781,25.561745],[-103.360679,25.561799],[-103.360814,25.56201],[-103.360916,25.561956]]]}},{"type":"Feature","properties":{},"geometry":{"type":"Polygon","coordinates":[[[-103.361018,25.561902],[-103.360882,25.561691],[-103.360781,25.561745],[-103.360916,25.561956],[-103.361018,25.561902]]]}},{"type":"Feature","properties":{},"geometry":{"type":"Polygon","coordinates":[[[-103.36112,25.561848],[-103.360984,25.561637],[-103.360882,25.561691],[-103.361018,25.561902],[-103.36112,25.561848]]]}},{"type":"Feature","properties":{},"geometry":{"type":"Polygon","coordinates":[[[-103.361222,25.561794],[-103.361086,25.561583],[-103.360984,25.561637],[-103.36112,25.561848],[-103.361222,25.561794]]]}},{"type":"Feature","properties":{},"geometry":{"type":"Polygon","coordinates":[[[-103.361427,25.561685],[-103.361291,25.561475],[-103.361189,25.561529],[-103.361325,25.561739],[-103.361427,25.561685]]]}},{"type":"Feature","properties":{},"geometry":{"type":"Polygon","coordinates":[[[-103.361529,25.561632],[-103.361393,25.561421],[-103.361291,25.561475],[-103.361427,25.561685],[-103.361529,25.561632]]]}},{"type":"Feature","properties":{},"geometry":{"type":"Polygon","coordinates":[[[-103.36163,25.561578],[-103.361495,25.561367],[-103.361393,25.561421],[-103.361529,25.561632],[-103.36163,25.561578]]]}},{"type":"Feature","properties":{},"geometry":{"type":"Polygon","coordinates":[[[-103.361732,25.561524],[-103.361597,25.561313],[-103.361495,25.561367],[-103.36163,25.561578],[-103.361732,25.561524]]]}},{"type":"Feature","properties":{},"geometry":{"type":"Polygon","coordinates":[[[-103.361834,25.56147],[-103.361699,25.561259],[-103.361597,25.561313],[-103.361732,25.561524],[-103.361834,25.56147]]]}},{"type":"Feature","properties":{},"geometry":{"type":"Polygon","coordinates":[[[-103.361936,25.561416],[-103.361801,25.561205],[-103.361699,25.561259],[-103.361834,25.56147],[-103.361936,25.561416]]]}},{"type":"Feature","properties":{},"geometry":{"type":"Polygon","coordinates":[[[-103.362038,25.561362],[-103.361903,25.561152],[-103.361801,25.561205],[-103.361936,25.561416],[-103.362038,25.561362]]]}},{"type":"Feature","properties":{},"geometry":{"type":"Polygon","coordinates":[[[-103.363058,25.560822],[-103.362923,25.560612],[-103.362821,25.560666],[-103.362956,25.560876],[-103.363058,25.560822]]]}},{"type":"Feature","properties":{},"geometry":{"type":"Polygon","coordinates":[[[-103.36316,25.560768],[-103.363025,25.560558],[-103.362923,25.560612],[-103.363058,25.560822],[-103.36316,25.560768]]]}},{"type":"Feature","properties":{},"geometry":{"type":"Polygon","coordinates":[[[-103.363262,25.560715],[-103.363127,25.560504],[-103.363025,25.560558],[-103.36316,25.560768],[-103.363262,25.560715]]]}},{"type":"Feature","properties":{},"geometry":{"type":"Polygon","coordinates":[[[-103.363364,25.560661],[-103.363228,25.56045],[-103.363127,25.560504],[-103.363262,25.560715],[-103.363364,25.560661]]]}},{"type":"Feature","properties":{},"geometry":{"type":"Polygon","coordinates":[[[-103.363466,25.560607],[-103.36333,25.560396],[-103.363228,25.56045],[-103.363364,25.560661],[-103.363466,25.560607]]]}},{"type":"Feature","properties":{},"geometry":{"type":"Polygon","coordinates":[[[-103.363568,25.560553],[-103.363432,25.560342],[-103.36333,25.560396],[-103.363466,25.560607],[-103.363568,25.560553]]]}},{"type":"Feature","properties":{},"geometry":{"type":"Polygon","coordinates":[[[-103.36367,25.560499],[-103.363534,25.560288],[-103.363432,25.560342],[-103.363568,25.560553],[-103.36367,25.560499]]]}},{"type":"Feature","properties":{},"geometry":{"type":"Polygon","coordinates":[[[-103.363771,25.560445],[-103.363636,25.560235],[-103.363534,25.560288],[-103.36367,25.560499],[-103.363771,25.560445]]]}},{"type":"Feature","properties":{},"geometry":{"type":"Polygon","coordinates":[[[-103.363873,25.560391],[-103.363738,25.560181],[-103.363636,25.560235],[-103.363771,25.560445],[-103.363873,25.560391]]]}},{"type":"Feature","properties":{},"geometry":{"type":"Polygon","coordinates":[[[-103.363975,25.560337],[-103.36384,25.560127],[-103.363738,25.560181],[-103.363873,25.560391],[-103.363975,25.560337]]]}},{"type":"Feature","properties":{},"geometry":{"type":"Polygon","coordinates":[[[-103.364077,25.560283],[-103.363942,25.560073],[-103.36384,25.560127],[-103.363975,25.560337],[-103.364077,25.560283]]]}},{"type":"Feature","properties":{},"geometry":{"type":"Polygon","coordinates":[[[-103.364179,25.560229],[-103.364044,25.560019],[-103.363942,25.560073],[-103.364077,25.560283],[-103.364179,25.560229]]]}},{"type":"Feature","properties":{},"geometry":{"type":"Polygon","coordinates":[[[-103.364281,25.560176],[-103.364145,25.559965],[-103.364044,25.560019],[-103.364179,25.560229],[-103.364281,25.560176]]]}},{"type":"Feature","properties":{},"geometry":{"type":"Polygon","coordinates":[[[-103.364486,25.560067],[-103.364351,25.559857],[-103.364249,25.55991],[-103.364384,25.560121],[-103.364486,25.560067]]]}},{"type":"Feature","properties":{},"geometry":{"type":"Polygon","coordinates":[[[-103.364588,25.560013],[-103.364452,25.559803],[-103.364351,25.559857],[-103.364486,25.560067],[-103.364588,25.560013]]]}},{"type":"Feature","properties":{},"geometry":{"type":"Polygon","coordinates":[[[-103.36469,25.559959],[-103.364554,25.559749],[-103.364452,25.559803],[-103.364588,25.560013],[-103.36469,25.559959]]]}},{"type":"Feature","properties":{},"geometry":{"type":"Polygon","coordinates":[[[-103.36581,25.559366],[-103.365675,25.559156],[-103.365573,25.55921],[-103.365709,25.55942],[-103.36581,25.559366]]]}},{"type":"Feature","properties":{},"geometry":{"type":"Polygon","coordinates":[[[-103.366016,25.559258],[-103.36588,25.559047],[-103.365778,25.559101],[-103.365914,25.559312],[-103.366016,25.559258]]]}},{"type":"Feature","properties":{},"geometry":{"type":"Polygon","coordinates":[[[-103.366117,25.559204],[-103.365982,25.558993],[-103.36588,25.559047],[-103.366016,25.559258],[-103.366117,25.559204]]]}},{"type":"Feature","properties":{},"geometry":{"type":"Polygon","coordinates":[[[-103.366219,25.55915],[-103.366084,25.55894],[-103.365982,25.558993],[-103.366117,25.559204],[-103.366219,25.55915]]]}},{"type":"Feature","properties":{},"geometry":{"type":"Polygon","coordinates":[[[-103.366321,25.559096],[-103.366186,25.558886],[-103.366084,25.55894],[-103.366219,25.55915],[-103.366321,25.559096]]]}},{"type":"Feature","properties":{},"geometry":{"type":"Polygon","coordinates":[[[-103.366423,25.559042],[-103.366288,25.558832],[-103.366186,25.558886],[-103.366321,25.559096],[-103.366423,25.559042]]]}},{"type":"Feature","properties":{},"geometry":{"type":"Polygon","coordinates":[[[-103.366525,25.558988],[-103.36639,25.558778],[-103.366288,25.558832],[-103.366423,25.559042],[-103.366525,25.558988]]]}},{"type":"Feature","properties":{},"geometry":{"type":"Polygon","coordinates":[[[-103.366627,25.558935],[-103.366491,25.558724],[-103.36639,25.558778],[-103.366525,25.558988],[-103.366627,25.558935]]]}},{"type":"Feature","properties":{},"geometry":{"type":"Polygon","coordinates":[[[-103.366729,25.558881],[-103.366593,25.55867],[-103.366491,25.558724],[-103.366627,25.558935],[-103.366729,25.558881]]]}},{"type":"Feature","properties":{},"geometry":{"type":"Polygon","coordinates":[[[-103.366831,25.558827],[-103.366695,25.558616],[-103.366593,25.55867],[-103.366729,25.558881],[-103.366831,25.558827]]]}},{"type":"Feature","properties":{},"geometry":{"type":"Polygon","coordinates":[[[-103.366932,25.558773],[-103.366797,25.558562],[-103.366695,25.558616],[-103.366831,25.558827],[-103.366932,25.558773]]]}},{"type":"Feature","properties":{},"geometry":{"type":"Polygon","coordinates":[[[-103.367034,25.558719],[-103.366899,25.558508],[-103.366797,25.558562],[-103.366932,25.558773],[-103.367034,25.558719]]]}},{"type":"Feature","properties":{},"geometry":{"type":"Polygon","coordinates":[[[-103.367136,25.558665],[-103.367001,25.558454],[-103.366899,25.558508],[-103.367034,25.558719],[-103.367136,25.558665]]]}},{"type":"Feature","properties":{},"geometry":{"type":"Polygon","coordinates":[[[-103.358027,25.563202],[-103.357891,25.562991],[-103.35779,25.563045],[-103.357925,25.563256],[-103.358027,25.563202]]]}},{"type":"Feature","properties":{},"geometry":{"type":"Polygon","coordinates":[[[-103.358232,25.563093],[-103.358097,25.562883],[-103.357995,25.562937],[-103.35813,25.563147],[-103.358232,25.563093]]]}},{"type":"Feature","properties":{},"geometry":{"type":"Polygon","coordinates":[[[-103.358334,25.563039],[-103.358198,25.562829],[-103.358097,25.562883],[-103.358232,25.563093],[-103.358334,25.563039]]]}},{"type":"Feature","properties":{},"geometry":{"type":"Polygon","coordinates":[[[-103.358436,25.562985],[-103.3583,25.562775],[-103.358198,25.562829],[-103.358334,25.563039],[-103.358436,25.562985]]]}},{"type":"Feature","properties":{},"geometry":{"type":"Polygon","coordinates":[[[-103.358538,25.562932],[-103.358402,25.562721],[-103.3583,25.562775],[-103.358436,25.562985],[-103.358538,25.562932]]]}},{"type":"Feature","properties":{},"geometry":{"type":"Polygon","coordinates":[[[-103.35864,25.562878],[-103.358504,25.562667],[-103.358402,25.562721],[-103.358538,25.562932],[-103.35864,25.562878]]]}},{"type":"Feature","properties":{},"geometry":{"type":"Polygon","coordinates":[[[-103.358741,25.562824],[-103.358606,25.562613],[-103.358504,25.562667],[-103.35864,25.562878],[-103.358741,25.562824]]]}},{"type":"Feature","properties":{},"geometry":{"type":"Polygon","coordinates":[[[-103.358843,25.56277],[-103.358708,25.562559],[-103.358606,25.562613],[-103.358741,25.562824],[-103.358843,25.56277]]]}},{"type":"Feature","properties":{},"geometry":{"type":"Polygon","coordinates":[[[-103.358945,25.562716],[-103.35881,25.562505],[-103.358708,25.562559],[-103.358843,25.56277],[-103.358945,25.562716]]]}},{"type":"Feature","properties":{},"geometry":{"type":"Polygon","coordinates":[[[-103.359047,25.562662],[-103.358912,25.562451],[-103.35881,25.562505],[-103.358945,25.562716],[-103.359047,25.562662]]]}},{"type":"Feature","properties":{},"geometry":{"type":"Polygon","coordinates":[[[-103.359149,25.562608],[-103.359014,25.562398],[-103.358912,25.562451],[-103.359047,25.562662],[-103.359149,25.562608]]]}},{"type":"Feature","properties":{},"geometry":{"type":"Polygon","coordinates":[[[-103.359251,25.562554],[-103.359115,25.562344],[-103.359014,25.562398],[-103.359149,25.562608],[-103.359251,25.562554]]]}},{"type":"Feature","properties":{},"geometry":{"type":"Polygon","coordinates":[[[-103.359353,25.5625],[-103.359217,25.56229],[-103.359115,25.562344],[-103.359251,25.562554],[-103.359353,25.5625]]]}},{"type":"Feature","properties":{},"geometry":{"type":"Polygon","coordinates":[[[-103.359455,25.562446],[-103.359319,25.562236],[-103.359217,25.56229],[-103.359353,25.5625],[-103.359455,25.562446]]]}},{"type":"Feature","properties":{},"geometry":{"type":"Polygon","coordinates":[[[-103.359557,25.562393],[-103.359421,25.562182],[-103.359319,25.562236],[-103.359455,25.562446],[-103.359557,25.562393]]]}},{"type":"Feature","properties":{},"geometry":{"type":"Polygon","coordinates":[[[-103.359762,25.562284],[-103.359626,25.562074],[-103.359524,25.562127],[-103.35966,25.562338],[-103.359762,25.562284]]]}},{"type":"Feature","properties":{},"geometry":{"type":"Polygon","coordinates":[[[-103.359863,25.56223],[-103.359728,25.56202],[-103.359626,25.562074],[-103.359762,25.562284],[-103.359863,25.56223]]]}},{"type":"Feature","properties":{},"geometry":{"type":"Polygon","coordinates":[[[-103.359965,25.562176],[-103.35983,25.561966],[-103.359728,25.56202],[-103.359863,25.56223],[-103.359965,25.562176]]]}},{"type":"Feature","properties":{},"geometry":{"type":"Polygon","coordinates":[[[-103.360067,25.562122],[-103.359932,25.561912],[-103.35983,25.561966],[-103.359965,25.562176],[-103.360067,25.562122]]]}},{"type":"Feature","properties":{},"geometry":{"type":"Polygon","coordinates":[[[-103.360169,25.562068],[-103.360034,25.561858],[-103.359932,25.561912],[-103.360067,25.562122],[-103.360169,25.562068]]]}},{"type":"Feature","properties":{},"geometry":{"type":"Polygon","coordinates":[[[-103.360271,25.562015],[-103.360136,25.561804],[-103.360034,25.561858],[-103.360169,25.562068],[-103.360271,25.562015]]]}},{"type":"Feature","properties":{},"geometry":{"type":"Polygon","coordinates":[[[-103.360373,25.561961],[-103.360238,25.56175],[-103.360136,25.561804],[-103.360271,25.562015],[-103.360373,25.561961]]]}},{"type":"Feature","properties":{},"geometry":{"type":"Polygon","coordinates":[[[-103.360475,25.561907],[-103.360339,25.561696],[-103.360238,25.56175],[-103.360373,25.561961],[-103.360475,25.561907]]]}},{"type":"Feature","properties":{},"geometry":{"type":"Polygon","coordinates":[[[-103.360577,25.561853],[-103.360441,25.561642],[-103.360339,25.561696],[-103.360475,25.561907],[-103.360577,25.561853]]]}},{"type":"Feature","properties":{},"geometry":{"type":"Polygon","coordinates":[[[-103.360679,25.561799],[-103.360543,25.561588],[-103.360441,25.561642],[-103.360577,25.561853],[-103.360679,25.561799]]]}},{"type":"Feature","properties":{},"geometry":{"type":"Polygon","coordinates":[[[-103.360781,25.561745],[-103.360645,25.561535],[-103.360543,25.561588],[-103.360679,25.561799],[-103.360781,25.561745]]]}},{"type":"Feature","properties":{},"geometry":{"type":"Polygon","coordinates":[[[-103.360882,25.561691],[-103.360747,25.561481],[-103.360645,25.561535],[-103.360781,25.561745],[-103.360882,25.561691]]]}},{"type":"Feature","properties":{},"geometry":{"type":"Polygon","coordinates":[[[-103.360984,25.561637],[-103.360849,25.561427],[-103.360747,25.561481],[-103.360882,25.561691],[-103.360984,25.561637]]]}},{"type":"Feature","properties":{},"geometry":{"type":"Polygon","coordinates":[[[-103.361086,25.561583],[-103.360951,25.561373],[-103.360849,25.561427],[-103.360984,25.561637],[-103.361086,25.561583]]]}},{"type":"Feature","properties":{},"geometry":{"type":"Polygon","coordinates":[[[-103.361291,25.561475],[-103.361156,25.561264],[-103.361054,25.561318],[-103.361189,25.561529],[-103.361291,25.561475]]]}},{"type":"Feature","properties":{},"geometry":{"type":"Polygon","coordinates":[[[-103.361393,25.561421],[-103.361258,25.56121],[-103.361156,25.561264],[-103.361291,25.561475],[-103.361393,25.561421]]]}},{"type":"Feature","properties":{},"geometry":{"type":"Polygon","coordinates":[[[-103.361495,25.561367],[-103.36136,25.561157],[-103.361258,25.56121],[-103.361393,25.561421],[-103.361495,25.561367]]]}},{"type":"Feature","properties":{},"geometry":{"type":"Polygon","coordinates":[[[-103.361597,25.561313],[-103.361462,25.561103],[-103.36136,25.561157],[-103.361495,25.561367],[-103.361597,25.561313]]]}},{"type":"Feature","properties":{},"geometry":{"type":"Polygon","coordinates":[[[-103.361699,25.561259],[-103.361563,25.561049],[-103.361462,25.561103],[-103.361597,25.561313],[-103.361699,25.561259]]]}},{"type":"Feature","properties":{},"geometry":{"type":"Polygon","coordinates":[[[-103.361801,25.561205],[-103.361665,25.560995],[-103.361563,25.561049],[-103.361699,25.561259],[-103.361801,25.561205]]]}},{"type":"Feature","properties":{},"geometry":{"type":"Polygon","coordinates":[[[-103.361903,25.561152],[-103.361767,25.560941],[-103.361665,25.560995],[-103.361801,25.561205],[-103.361903,25.561152]]]}},{"type":"Feature","properties":{},"geometry":{"type":"Polygon","coordinates":[[[-103.362005,25.561098],[-103.361869,25.560887],[-103.361767,25.560941],[-103.361903,25.561152],[-103.362005,25.561098]]]}},{"type":"Feature","properties":{},"geometry":{"type":"Polygon","coordinates":[[[-103.362106,25.561044],[-103.361971,25.560833],[-103.361869,25.560887],[-103.362005,25.561098],[-103.362106,25.561044]]]}},{"type":"Feature","properties":{},"geometry":{"type":"Polygon","coordinates":[[[-103.362208,25.56099],[-103.362073,25.560779],[-103.361971,25.560833],[-103.362106,25.561044],[-103.362208,25.56099]]]}},{"type":"Feature","properties":{},"geometry":{"type":"Polygon","coordinates":[[[-103.36231,25.560936],[-103.362175,25.560725],[-103.362073,25.560779],[-103.362208,25.56099],[-103.36231,25.560936]]]}},{"type":"Feature","properties":{},"geometry":{"type":"Polygon","coordinates":[[[-103.362412,25.560882],[-103.362277,25.560671],[-103.362175,25.560725],[-103.36231,25.560936],[-103.362412,25.560882]]]}},{"type":"Feature","properties":{},"geometry":{"type":"Polygon","coordinates":[[[-103.362514,25.560828],[-103.362379,25.560618],[-103.362277,25.560671],[-103.362412,25.560882],[-103.362514,25.560828]]]}},{"type":"Feature","properties":{},"geometry":{"type":"Polygon","coordinates":[[[-103.362616,25.560774],[-103.36248,25.560564],[-103.362379,25.560618],[-103.362514,25.560828],[-103.362616,25.560774]]]}},{"type":"Feature","properties":{},"geometry":{"type":"Polygon","coordinates":[[[-103.362821,25.560666],[-103.362686,25.560455],[-103.362584,25.560509],[-103.362719,25.56072],[-103.362821,25.560666]]]}},{"type":"Feature","properties":{},"geometry":{"type":"Polygon","coordinates":[[[-103.362923,25.560612],[-103.362787,25.560401],[-103.362686,25.560455],[-103.362821,25.560666],[-103.362923,25.560612]]]}},{"type":"Feature","properties":{},"geometry":{"type":"Polygon","coordinates":[[[-103.363025,25.560558],[-103.362889,25.560347],[-103.362787,25.560401],[-103.362923,25.560612],[-103.363025,25.560558]]]}},{"type":"Feature","properties":{},"geometry":{"type":"Polygon","coordinates":[[[-103.363127,25.560504],[-103.362991,25.560293],[-103.362889,25.560347],[-103.363025,25.560558],[-103.363127,25.560504]]]}},{"type":"Feature","properties":{},"geometry":{"type":"Polygon","coordinates":[[[-103.363228,25.56045],[-103.363093,25.56024],[-103.362991,25.560293],[-103.363127,25.560504],[-103.363228,25.56045]]]}},{"type":"Feature","properties":{},"geometry":{"type":"Polygon","coordinates":[[[-103.36333,25.560396],[-103.363195,25.560186],[-103.363093,25.56024],[-103.363228,25.56045],[-103.36333,25.560396]]]}},{"type":"Feature","properties":{},"geometry":{"type":"Polygon","coordinates":[[[-103.363432,25.560342],[-103.363297,25.560132],[-103.363195,25.560186],[-103.36333,25.560396],[-103.363432,25.560342]]]}},{"type":"Feature","properties":{},"geometry":{"type":"Polygon","coordinates":[[[-103.363534,25.560288],[-103.363399,25.560078],[-103.363297,25.560132],[-103.363432,25.560342],[-103.363534,25.560288]]]}},{"type":"Feature","properties":{},"geometry":{"type":"Polygon","coordinates":[[[-103.363636,25.560235],[-103.363501,25.560024],[-103.363399,25.560078],[-103.363534,25.560288],[-103.363636,25.560235]]]}},{"type":"Feature","properties":{},"geometry":{"type":"Polygon","coordinates":[[[-103.363738,25.560181],[-103.363603,25.55997],[-103.363501,25.560024],[-103.363636,25.560235],[-103.363738,25.560181]]]}},{"type":"Feature","properties":{},"geometry":{"type":"Polygon","coordinates":[[[-103.36384,25.560127],[-103.363704,25.559916],[-103.363603,25.55997],[-103.363738,25.560181],[-103.36384,25.560127]]]}},{"type":"Feature","properties":{},"geometry":{"type":"Polygon","coordinates":[[[-103.363942,25.560073],[-103.363806,25.559862],[-103.363704,25.559916],[-103.36384,25.560127],[-103.363942,25.560073]]]}},{"type":"Feature","properties":{},"geometry":{"type":"Polygon","coordinates":[[[-103.364044,25.560019],[-103.363908,25.559808],[-103.363806,25.559862],[-103.363942,25.560073],[-103.364044,25.560019]]]}},{"type":"Feature","properties":{},"geometry":{"type":"Polygon","coordinates":[[[-103.364145,25.559965],[-103.36401,25.559754],[-103.363908,25.559808],[-103.364044,25.560019],[-103.364145,25.559965]]]}},{"type":"Feature","properties":{},"geometry":{"type":"Polygon","coordinates":[[[-103.364351,25.559857],[-103.364215,25.559646],[-103.364113,25.5597],[-103.364249,25.55991],[-103.364351,25.559857]]]}},{"type":"Feature","properties":{},"geometry":{"type":"Polygon","coordinates":[[[-103.364452,25.559803],[-103.364317,25.559592],[-103.364215,25.559646],[-103.364351,25.559857],[-103.364452,25.559803]]]}},{"type":"Feature","properties":{},"geometry":{"type":"Polygon","coordinates":[[[-103.364554,25.559749],[-103.364419,25.559538],[-103.364317,25.559592],[-103.364452,25.559803],[-103.364554,25.559749]]]}},{"type":"Feature","properties":{},"geometry":{"type":"Polygon","coordinates":[[[-103.364656,25.559695],[-103.364521,25.559484],[-103.364419,25.559538],[-103.364554,25.559749],[-103.364656,25.559695]]]}},{"type":"Feature","properties":{},"geometry":{"type":"Polygon","coordinates":[[[-103.364758,25.559641],[-103.364623,25.55943],[-103.364521,25.559484],[-103.364656,25.559695],[-103.364758,25.559641]]]}},{"type":"Feature","properties":{},"geometry":{"type":"Polygon","coordinates":[[[-103.36486,25.559587],[-103.364725,25.559377],[-103.364623,25.55943],[-103.364758,25.559641],[-103.36486,25.559587]]]}},{"type":"Feature","properties":{},"geometry":{"type":"Polygon","coordinates":[[[-103.364962,25.559533],[-103.364826,25.559323],[-103.364725,25.559377],[-103.36486,25.559587],[-103.364962,25.559533]]]}},{"type":"Feature","properties":{},"geometry":{"type":"Polygon","coordinates":[[[-103.365064,25.559479],[-103.364928,25.559269],[-103.364826,25.559323],[-103.364962,25.559533],[-103.365064,25.559479]]]}},{"type":"Feature","properties":{},"geometry":{"type":"Polygon","coordinates":[[[-103.365166,25.559425],[-103.36503,25.559215],[-103.364928,25.559269],[-103.365064,25.559479],[-103.365166,25.559425]]]}},{"type":"Feature","properties":{},"geometry":{"type":"Polygon","coordinates":[[[-103.365268,25.559371],[-103.365132,25.559161],[-103.36503,25.559215],[-103.365166,25.559425],[-103.365268,25.559371]]]}},{"type":"Feature","properties":{},"geometry":{"type":"Polygon","coordinates":[[[-103.365369,25.559318],[-103.365234,25.559107],[-103.365132,25.559161],[-103.365268,25.559371],[-103.365369,25.559318]]]}},{"type":"Feature","properties":{},"geometry":{"type":"Polygon","coordinates":[[[-103.365471,25.559264],[-103.365336,25.559053],[-103.365234,25.559107],[-103.365369,25.559318],[-103.365471,25.559264]]]}},{"type":"Feature","properties":{},"geometry":{"type":"Polygon","coordinates":[[[-103.365573,25.55921],[-103.365438,25.558999],[-103.365336,25.559053],[-103.365471,25.559264],[-103.365573,25.55921]]]}},{"type":"Feature","properties":{},"geometry":{"type":"Polygon","coordinates":[[[-103.365675,25.559156],[-103.36554,25.558945],[-103.365438,25.558999],[-103.365573,25.55921],[-103.365675,25.559156]]]}},{"type":"Feature","properties":{},"geometry":{"type":"Polygon","coordinates":[[[-103.36588,25.559047],[-103.365745,25.558837],[-103.365643,25.558891],[-103.365778,25.559101],[-103.36588,25.559047]]]}},{"type":"Feature","properties":{},"geometry":{"type":"Polygon","coordinates":[[[-103.365982,25.558993],[-103.365847,25.558783],[-103.365745,25.558837],[-103.36588,25.559047],[-103.365982,25.558993]]]}},{"type":"Feature","properties":{},"geometry":{"type":"Polygon","coordinates":[[[-103.366084,25.55894],[-103.365949,25.558729],[-103.365847,25.558783],[-103.365982,25.558993],[-103.366084,25.55894]]]}},{"type":"Feature","properties":{},"geometry":{"type":"Polygon","coordinates":[[[-103.366186,25.558886],[-103.36605,25.558675],[-103.365949,25.558729],[-103.366084,25.55894],[-103.366186,25.558886]]]}},{"type":"Feature","properties":{},"geometry":{"type":"Polygon","coordinates":[[[-103.366288,25.558832],[-103.366152,25.558621],[-103.36605,25.558675],[-103.366186,25.558886],[-103.366288,25.558832]]]}},{"type":"Feature","properties":{},"geometry":{"type":"Polygon","coordinates":[[[-103.36639,25.558778],[-103.366254,25.558567],[-103.366152,25.558621],[-103.366288,25.558832],[-103.36639,25.558778]]]}},{"type":"Feature","properties":{},"geometry":{"type":"Polygon","coordinates":[[[-103.366491,25.558724],[-103.366356,25.558513],[-103.366254,25.558567],[-103.36639,25.558778],[-103.366491,25.558724]]]}},{"type":"Feature","properties":{},"geometry":{"type":"Polygon","coordinates":[[[-103.366593,25.55867],[-103.366458,25.55846],[-103.366356,25.558513],[-103.366491,25.558724],[-103.366593,25.55867]]]}},{"type":"Feature","properties":{},"geometry":{"type":"Polygon","coordinates":[[[-103.358036,25.562789],[-103.357901,25.562579],[-103.357799,25.562632],[-103.357935,25.562843],[-103.358036,25.562789]]]}},{"type":"Feature","properties":{},"geometry":{"type":"Polygon","coordinates":[[[-103.358138,25.562735],[-103.358003,25.562525],[-103.357901,25.562579],[-103.358036,25.562789],[-103.358138,25.562735]]]}},{"type":"Feature","properties":{},"geometry":{"type":"Polygon","coordinates":[[[-103.35824,25.562681],[-103.358105,25.562471],[-103.358003,25.562525],[-103.358138,25.562735],[-103.35824,25.562681]]]}},{"type":"Feature","properties":{},"geometry":{"type":"Polygon","coordinates":[[[-103.358342,25.562627],[-103.358207,25.562417],[-103.358105,25.562471],[-103.35824,25.562681],[-103.358342,25.562627]]]}},{"type":"Feature","properties":{},"geometry":{"type":"Polygon","coordinates":[[[-103.358444,25.562573],[-103.358309,25.562363],[-103.358207,25.562417],[-103.358342,25.562627],[-103.358444,25.562573]]]}},{"type":"Feature","properties":{},"geometry":{"type":"Polygon","coordinates":[[[-103.358546,25.56252],[-103.358411,25.562309],[-103.358309,25.562363],[-103.358444,25.562573],[-103.358546,25.56252]]]}},{"type":"Feature","properties":{},"geometry":{"type":"Polygon","coordinates":[[[-103.358648,25.562466],[-103.358512,25.562255],[-103.358411,25.562309],[-103.358546,25.56252],[-103.358648,25.562466]]]}},{"type":"Feature","properties":{},"geometry":{"type":"Polygon","coordinates":[[[-103.35875,25.562412],[-103.358614,25.562201],[-103.358512,25.562255],[-103.358648,25.562466],[-103.35875,25.562412]]]}},{"type":"Feature","properties":{},"geometry":{"type":"Polygon","coordinates":[[[-103.358852,25.562358],[-103.358716,25.562147],[-103.358614,25.562201],[-103.35875,25.562412],[-103.358852,25.562358]]]}},{"type":"Feature","properties":{},"geometry":{"type":"Polygon","coordinates":[[[-103.358953,25.562304],[-103.358818,25.562093],[-103.358716,25.562147],[-103.358852,25.562358],[-103.358953,25.562304]]]}},{"type":"Feature","properties":{},"geometry":{"type":"Polygon","coordinates":[[[-103.359055,25.56225],[-103.35892,25.56204],[-103.358818,25.562093],[-103.358953,25.562304],[-103.359055,25.56225]]]}},{"type":"Feature","properties":{},"geometry":{"type":"Polygon","coordinates":[[[-103.359157,25.562196],[-103.359022,25.561986],[-103.35892,25.56204],[-103.359055,25.56225],[-103.359157,25.562196]]]}},{"type":"Feature","properties":{},"geometry":{"type":"Polygon","coordinates":[[[-103.359259,25.562142],[-103.359124,25.561932],[-103.359022,25.561986],[-103.359157,25.562196],[-103.359259,25.562142]]]}},{"type":"Feature","properties":{},"geometry":{"type":"Polygon","coordinates":[[[-103.359361,25.562088],[-103.359226,25.561878],[-103.359124,25.561932],[-103.359259,25.562142],[-103.359361,25.562088]]]}},{"type":"Feature","properties":{},"geometry":{"type":"Polygon","coordinates":[[[-103.359566,25.56198],[-103.359431,25.561769],[-103.359329,25.561823],[-103.359464,25.562034],[-103.359566,25.56198]]]}},{"type":"Feature","properties":{},"geometry":{"type":"Polygon","coordinates":[[[-103.359668,25.561926],[-103.359533,25.561715],[-103.359431,25.561769],[-103.359566,25.56198],[-103.359668,25.561926]]]}},{"type":"Feature","properties":{},"geometry":{"type":"Polygon","coordinates":[[[-103.35977,25.561872],[-103.359634,25.561662],[-103.359533,25.561715],[-103.359668,25.561926],[-103.35977,25.561872]]]}},{"type":"Feature","properties":{},"geometry":{"type":"Polygon","coordinates":[[[-103.359872,25.561818],[-103.359736,25.561608],[-103.359634,25.561662],[-103.35977,25.561872],[-103.359872,25.561818]]]}},{"type":"Feature","properties":{},"geometry":{"type":"Polygon","coordinates":[[[-103.359974,25.561764],[-103.359838,25.561554],[-103.359736,25.561608],[-103.359872,25.561818],[-103.359974,25.561764]]]}},{"type":"Feature","properties":{},"geometry":{"type":"Polygon","coordinates":[[[-103.360076,25.56171],[-103.35994,25.5615],[-103.359838,25.561554],[-103.359974,25.561764],[-103.360076,25.56171]]]}},{"type":"Feature","properties":{},"geometry":{"type":"Polygon","coordinates":[[[-103.360177,25.561657],[-103.360042,25.561446],[-103.35994,25.5615],[-103.360076,25.56171],[-103.360177,25.561657]]]}},{"type":"Feature","properties":{},"geometry":{"type":"Polygon","coordinates":[[[-103.360279,25.561603],[-103.360144,25.561392],[-103.360042,25.561446],[-103.360177,25.561657],[-103.360279,25.561603]]]}},{"type":"Feature","properties":{},"geometry":{"type":"Polygon","coordinates":[[[-103.360381,25.561549],[-103.360246,25.561338],[-103.360144,25.561392],[-103.360279,25.561603],[-103.360381,25.561549]]]}},{"type":"Feature","properties":{},"geometry":{"type":"Polygon","coordinates":[[[-103.360483,25.561495],[-103.360348,25.561284],[-103.360246,25.561338],[-103.360381,25.561549],[-103.360483,25.561495]]]}},{"type":"Feature","properties":{},"geometry":{"type":"Polygon","coordinates":[[[-103.360585,25.561441],[-103.36045,25.56123],[-103.360348,25.561284],[-103.360483,25.561495],[-103.360585,25.561441]]]}},{"type":"Feature","properties":{},"geometry":{"type":"Polygon","coordinates":[[[-103.360687,25.561387],[-103.360552,25.561176],[-103.36045,25.56123],[-103.360585,25.561441],[-103.360687,25.561387]]]}},{"type":"Feature","properties":{},"geometry":{"type":"Polygon","coordinates":[[[-103.360789,25.561333],[-103.360653,25.561123],[-103.360552,25.561176],[-103.360687,25.561387],[-103.360789,25.561333]]]}},{"type":"Feature","properties":{},"geometry":{"type":"Polygon","coordinates":[[[-103.360891,25.561279],[-103.360755,25.561069],[-103.360653,25.561123],[-103.360789,25.561333],[-103.360891,25.561279]]]}},{"type":"Feature","properties":{},"geometry":{"type":"Polygon","coordinates":[[[-103.361096,25.561171],[-103.36096,25.56096],[-103.360858,25.561014],[-103.360994,25.561225],[-103.361096,25.561171]]]}},{"type":"Feature","properties":{},"geometry":{"type":"Polygon","coordinates":[[[-103.361198,25.561117],[-103.361062,25.560906],[-103.36096,25.56096],[-103.361096,25.561171],[-103.361198,25.561117]]]}},{"type":"Feature","properties":{},"geometry":{"type":"Polygon","coordinates":[[[-103.3613,25.561063],[-103.361164,25.560852],[-103.361062,25.560906],[-103.361198,25.561117],[-103.3613,25.561063]]]}},{"type":"Feature","properties":{},"geometry":{"type":"Polygon","coordinates":[[[-103.361401,25.561009],[-103.361266,25.560799],[-103.361164,25.560852],[-103.3613,25.561063],[-103.361401,25.561009]]]}},{"type":"Feature","properties":{},"geometry":{"type":"Polygon","coordinates":[[[-103.361503,25.560955],[-103.361368,25.560745],[-103.361266,25.560799],[-103.361401,25.561009],[-103.361503,25.560955]]]}},{"type":"Feature","properties":{},"geometry":{"type":"Polygon","coordinates":[[[-103.361605,25.560901],[-103.36147,25.560691],[-103.361368,25.560745],[-103.361503,25.560955],[-103.361605,25.560901]]]}},{"type":"Feature","properties":{},"geometry":{"type":"Polygon","coordinates":[[[-103.361707,25.560847],[-103.361572,25.560637],[-103.36147,25.560691],[-103.361605,25.560901],[-103.361707,25.560847]]]}},{"type":"Feature","properties":{},"geometry":{"type":"Polygon","coordinates":[[[-103.361809,25.560793],[-103.361674,25.560583],[-103.361572,25.560637],[-103.361707,25.560847],[-103.361809,25.560793]]]}},{"type":"Feature","properties":{},"geometry":{"type":"Polygon","coordinates":[[[-103.361911,25.56074],[-103.361775,25.560529],[-103.361674,25.560583],[-103.361809,25.560793],[-103.361911,25.56074]]]}},{"type":"Feature","properties":{},"geometry":{"type":"Polygon","coordinates":[[[-103.362013,25.560686],[-103.361877,25.560475],[-103.361775,25.560529],[-103.361911,25.56074],[-103.362013,25.560686]]]}},{"type":"Feature","properties":{},"geometry":{"type":"Polygon","coordinates":[[[-103.362115,25.560632],[-103.361979,25.560421],[-103.361877,25.560475],[-103.362013,25.560686],[-103.362115,25.560632]]]}},{"type":"Feature","properties":{},"geometry":{"type":"Polygon","coordinates":[[[-103.362217,25.560578],[-103.362081,25.560367],[-103.361979,25.560421],[-103.362115,25.560632],[-103.362217,25.560578]]]}},{"type":"Feature","properties":{},"geometry":{"type":"Polygon","coordinates":[[[-103.362318,25.560524],[-103.362183,25.560313],[-103.362081,25.560367],[-103.362217,25.560578],[-103.362318,25.560524]]]}},{"type":"Feature","properties":{},"geometry":{"type":"Polygon","coordinates":[[[-103.36242,25.56047],[-103.362285,25.56026],[-103.362183,25.560313],[-103.362318,25.560524],[-103.36242,25.56047]]]}},{"type":"Feature","properties":{},"geometry":{"type":"Polygon","coordinates":[[[-103.362625,25.560362],[-103.36249,25.560151],[-103.362388,25.560205],[-103.362523,25.560416],[-103.362625,25.560362]]]}},{"type":"Feature","properties":{},"geometry":{"type":"Polygon","coordinates":[[[-103.362727,25.560308],[-103.362592,25.560097],[-103.36249,25.560151],[-103.362625,25.560362],[-103.362727,25.560308]]]}},{"type":"Feature","properties":{},"geometry":{"type":"Polygon","coordinates":[[[-103.362829,25.560254],[-103.362694,25.560043],[-103.362592,25.560097],[-103.362727,25.560308],[-103.362829,25.560254]]]}},{"type":"Feature","properties":{},"geometry":{"type":"Polygon","coordinates":[[[-103.362931,25.5602],[-103.362796,25.559989],[-103.362694,25.560043],[-103.362829,25.560254],[-103.362931,25.5602]]]}},{"type":"Feature","properties":{},"geometry":{"type":"Polygon","coordinates":[[[-103.363033,25.560146],[-103.362898,25.559935],[-103.362796,25.559989],[-103.362931,25.5602],[-103.363033,25.560146]]]}},{"type":"Feature","properties":{},"geometry":{"type":"Polygon","coordinates":[[[-103.363135,25.560092],[-103.362999,25.559882],[-103.362898,25.559935],[-103.363033,25.560146],[-103.363135,25.560092]]]}},{"type":"Feature","properties":{},"geometry":{"type":"Polygon","coordinates":[[[-103.363237,25.560038],[-103.363101,25.559828],[-103.362999,25.559882],[-103.363135,25.560092],[-103.363237,25.560038]]]}},{"type":"Feature","properties":{},"geometry":{"type":"Polygon","coordinates":[[[-103.363339,25.559984],[-103.363203,25.559774],[-103.363101,25.559828],[-103.363237,25.560038],[-103.363339,25.559984]]]}},{"type":"Feature","properties":{},"geometry":{"type":"Polygon","coordinates":[[[-103.36344,25.55993],[-103.363305,25.55972],[-103.363203,25.559774],[-103.363339,25.559984],[-103.36344,25.55993]]]}},{"type":"Feature","properties":{},"geometry":{"type":"Polygon","coordinates":[[[-103.363542,25.559877],[-103.363407,25.559666],[-103.363305,25.55972],[-103.36344,25.55993],[-103.363542,25.559877]]]}},{"type":"Feature","properties":{},"geometry":{"type":"Polygon","coordinates":[[[-103.363644,25.559823],[-103.363509,25.559612],[-103.363407,25.559666],[-103.363542,25.559877],[-103.363644,25.559823]]]}},{"type":"Feature","properties":{},"geometry":{"type":"Polygon","coordinates":[[[-103.363746,25.559769],[-103.363611,25.559558],[-103.363509,25.559612],[-103.363644,25.559823],[-103.363746,25.559769]]]}},{"type":"Feature","properties":{},"geometry":{"type":"Polygon","coordinates":[[[-103.363848,25.559715],[-103.363713,25.559504],[-103.363611,25.559558],[-103.363746,25.559769],[-103.363848,25.559715]]]}},{"type":"Feature","properties":{},"geometry":{"type":"Polygon","coordinates":[[[-103.36395,25.559661],[-103.363815,25.55945],[-103.363713,25.559504],[-103.363848,25.559715],[-103.36395,25.559661]]]}},{"type":"Feature","properties":{},"geometry":{"type":"Polygon","coordinates":[[[-103.364155,25.559552],[-103.36402,25.559342],[-103.363918,25.559396],[-103.364053,25.559606],[-103.364155,25.559552]]]}},{"type":"Feature","properties":{},"geometry":{"type":"Polygon","coordinates":[[[-103.364257,25.559499],[-103.364122,25.559288],[-103.36402,25.559342],[-103.364155,25.559552],[-103.364257,25.559499]]]}},{"type":"Feature","properties":{},"geometry":{"type":"Polygon","coordinates":[[[-103.364359,25.559445],[-103.364223,25.559234],[-103.364122,25.559288],[-103.364257,25.559499],[-103.364359,25.559445]]]}},{"type":"Feature","properties":{},"geometry":{"type":"Polygon","coordinates":[[[-103.364461,25.559391],[-103.364325,25.55918],[-103.364223,25.559234],[-103.364359,25.559445],[-103.364461,25.559391]]]}},{"type":"Feature","properties":{},"geometry":{"type":"Polygon","coordinates":[[[-103.364563,25.559337],[-103.364427,25.559126],[-103.364325,25.55918],[-103.364461,25.559391],[-103.364563,25.559337]]]}},{"type":"Feature","properties":{},"geometry":{"type":"Polygon","coordinates":[[[-103.364664,25.559283],[-103.364529,25.559072],[-103.364427,25.559126],[-103.364563,25.559337],[-103.364664,25.559283]]]}},{"type":"Feature","properties":{},"geometry":{"type":"Polygon","coordinates":[[[-103.364766,25.559229],[-103.364631,25.559018],[-103.364529,25.559072],[-103.364664,25.559283],[-103.364766,25.559229]]]}},{"type":"Feature","properties":{},"geometry":{"type":"Polygon","coordinates":[[[-103.364868,25.559175],[-103.364733,25.558965],[-103.364631,25.559018],[-103.364766,25.559229],[-103.364868,25.559175]]]}},{"type":"Feature","properties":{},"geometry":{"type":"Polygon","coordinates":[[[-103.36497,25.559121],[-103.364835,25.558911],[-103.364733,25.558965],[-103.364868,25.559175],[-103.36497,25.559121]]]}},{"type":"Feature","properties":{},"geometry":{"type":"Polygon","coordinates":[[[-103.365072,25.559067],[-103.364937,25.558857],[-103.364835,25.558911],[-103.36497,25.559121],[-103.365072,25.559067]]]}},{"type":"Feature","properties":{},"geometry":{"type":"Polygon","coordinates":[[[-103.365174,25.559013],[-103.365039,25.558803],[-103.364937,25.558857],[-103.365072,25.559067],[-103.365174,25.559013]]]}},{"type":"Feature","properties":{},"geometry":{"type":"Polygon","coordinates":[[[-103.365276,25.55896],[-103.36514,25.558749],[-103.365039,25.558803],[-103.365174,25.559013],[-103.365276,25.55896]]]}},{"type":"Feature","properties":{},"geometry":{"type":"Polygon","coordinates":[[[-103.365378,25.558906],[-103.365242,25.558695],[-103.36514,25.558749],[-103.365276,25.55896],[-103.365378,25.558906]]]}},{"type":"Feature","properties":{},"geometry":{"type":"Polygon","coordinates":[[[-103.36548,25.558852],[-103.365344,25.558641],[-103.365242,25.558695],[-103.365378,25.558906],[-103.36548,25.558852]]]}},{"type":"Feature","properties":{},"geometry":{"type":"Polygon","coordinates":[[[-103.365685,25.558743],[-103.365549,25.558533],[-103.365447,25.558587],[-103.365583,25.558797],[-103.365685,25.558743]]]}},{"type":"Feature","properties":{},"geometry":{"type":"Polygon","coordinates":[[[-103.365786,25.558689],[-103.365651,25.558479],[-103.365549,25.558533],[-103.365685,25.558743],[-103.365786,25.558689]]]}},{"type":"Feature","properties":{},"geometry":{"type":"Polygon","coordinates":[[[-103.358003,25.562525],[-103.357868,25.562314],[-103.357766,25.562368],[-103.357901,25.562579],[-103.358003,25.562525]]]}},{"type":"Feature","properties":{},"geometry":{"type":"Polygon","coordinates":[[[-103.358105,25.562471],[-103.357969,25.56226],[-103.357868,25.562314],[-103.358003,25.562525],[-103.358105,25.562471]]]}},{"type":"Feature","properties":{},"geometry":{"type":"Polygon","coordinates":[[[-103.358207,25.562417],[-103.358071,25.562206],[-103.357969,25.56226],[-103.358105,25.562471],[-103.358207,25.562417]]]}},{"type":"Feature","properties":{},"geometry":{"type":"Polygon","coordinates":[[[-103.358309,25.562363],[-103.358173,25.562152],[-103.358071,25.562206],[-103.358207,25.562417],[-103.358309,25.562363]]]}},{"type":"Feature","properties":{},"geometry":{"type":"Polygon","coordinates":[[[-103.358411,25.562309],[-103.358275,25.562098],[-103.358173,25.562152],[-103.358309,25.562363],[-103.358411,25.562309]]]}},{"type":"Feature","properties":{},"geometry":{"type":"Polygon","coordinates":[[[-103.358512,25.562255],[-103.358377,25.562045],[-103.358275,25.562098],[-103.358411,25.562309],[-103.358512,25.562255]]]}},{"type":"Feature","properties":{},"geometry":{"type":"Polygon","coordinates":[[[-103.358614,25.562201],[-103.358479,25.561991],[-103.358377,25.562045],[-103.358512,25.562255],[-103.358614,25.562201]]]}},{"type":"Feature","properties":{},"geometry":{"type":"Polygon","coordinates":[[[-103.358716,25.562147],[-103.358581,25.561937],[-103.358479,25.561991],[-103.358614,25.562201],[-103.358716,25.562147]]]}},{"type":"Feature","properties":{},"geometry":{"type":"Polygon","coordinates":[[[-103.358818,25.562093],[-103.358683,25.561883],[-103.358581,25.561937],[-103.358716,25.562147],[-103.358818,25.562093]]]}},{"type":"Feature","properties":{},"geometry":{"type":"Polygon","coordinates":[[[-103.35892,25.56204],[-103.358785,25.561829],[-103.358683,25.561883],[-103.358818,25.562093],[-103.35892,25.56204]]]}},{"type":"Feature","properties":{},"geometry":{"type":"Polygon","coordinates":[[[-103.359022,25.561986],[-103.358887,25.561775],[-103.358785,25.561829],[-103.35892,25.56204],[-103.359022,25.561986]]]}},{"type":"Feature","properties":{},"geometry":{"type":"Polygon","coordinates":[[[-103.359124,25.561932],[-103.358988,25.561721],[-103.358887,25.561775],[-103.359022,25.561986],[-103.359124,25.561932]]]}},{"type":"Feature","properties":{},"geometry":{"type":"Polygon","coordinates":[[[-103.359226,25.561878],[-103.35909,25.561667],[-103.358988,25.561721],[-103.359124,25.561932],[-103.359226,25.561878]]]}},{"type":"Feature","properties":{},"geometry":{"type":"Polygon","coordinates":[[[-103.359431,25.561769],[-103.359295,25.561559],[-103.359193,25.561613],[-103.359329,25.561823],[-103.359431,25.561769]]]}},{"type":"Feature","properties":{},"geometry":{"type":"Polygon","coordinates":[[[-103.359533,25.561715],[-103.359397,25.561505],[-103.359295,25.561559],[-103.359431,25.561769],[-103.359533,25.561715]]]}},{"type":"Feature","properties":{},"geometry":{"type":"Polygon","coordinates":[[[-103.359634,25.561662],[-103.359499,25.561451],[-103.359397,25.561505],[-103.359533,25.561715],[-103.359634,25.561662]]]}},{"type":"Feature","properties":{},"geometry":{"type":"Polygon","coordinates":[[[-103.359736,25.561608],[-103.359601,25.561397],[-103.359499,25.561451],[-103.359634,25.561662],[-103.359736,25.561608]]]}},{"type":"Feature","properties":{},"geometry":{"type":"Polygon","coordinates":[[[-103.359838,25.561554],[-103.359703,25.561343],[-103.359601,25.561397],[-103.359736,25.561608],[-103.359838,25.561554]]]}},{"type":"Feature","properties":{},"geometry":{"type":"Polygon","coordinates":[[[-103.35994,25.5615],[-103.359805,25.561289],[-103.359703,25.561343],[-103.359838,25.561554],[-103.35994,25.5615]]]}},{"type":"Feature","properties":{},"geometry":{"type":"Polygon","coordinates":[[[-103.360042,25.561446],[-103.359907,25.561235],[-103.359805,25.561289],[-103.35994,25.5615],[-103.360042,25.561446]]]}},{"type":"Feature","properties":{},"geometry":{"type":"Polygon","coordinates":[[[-103.360144,25.561392],[-103.360009,25.561182],[-103.359907,25.561235],[-103.360042,25.561446],[-103.360144,25.561392]]]}},{"type":"Feature","properties":{},"geometry":{"type":"Polygon","coordinates":[[[-103.360246,25.561338],[-103.36011,25.561128],[-103.360009,25.561182],[-103.360144,25.561392],[-103.360246,25.561338]]]}},{"type":"Feature","properties":{},"geometry":{"type":"Polygon","coordinates":[[[-103.360348,25.561284],[-103.360212,25.561074],[-103.36011,25.561128],[-103.360246,25.561338],[-103.360348,25.561284]]]}},{"type":"Feature","properties":{},"geometry":{"type":"Polygon","coordinates":[[[-103.36045,25.56123],[-103.360314,25.56102],[-103.360212,25.561074],[-103.360348,25.561284],[-103.36045,25.56123]]]}},{"type":"Feature","properties":{},"geometry":{"type":"Polygon","coordinates":[[[-103.360552,25.561176],[-103.360416,25.560966],[-103.360314,25.56102],[-103.36045,25.56123],[-103.360552,25.561176]]]}},{"type":"Feature","properties":{},"geometry":{"type":"Polygon","coordinates":[[[-103.360653,25.561123],[-103.360518,25.560912],[-103.360416,25.560966],[-103.360552,25.561176],[-103.360653,25.561123]]]}},{"type":"Feature","properties":{},"geometry":{"type":"Polygon","coordinates":[[[-103.360755,25.561069],[-103.36062,25.560858],[-103.360518,25.560912],[-103.360653,25.561123],[-103.360755,25.561069]]]}},{"type":"Feature","properties":{},"geometry":{"type":"Polygon","coordinates":[[[-103.36096,25.56096],[-103.360825,25.56075],[-103.360723,25.560804],[-103.360858,25.561014],[-103.36096,25.56096]]]}},{"type":"Feature","properties":{},"geometry":{"type":"Polygon","coordinates":[[[-103.361062,25.560906],[-103.360927,25.560696],[-103.360825,25.56075],[-103.36096,25.56096],[-103.361062,25.560906]]]}},{"type":"Feature","properties":{},"geometry":{"type":"Polygon","coordinates":[[[-103.361164,25.560852],[-103.361029,25.560642],[-103.360927,25.560696],[-103.361062,25.560906],[-103.361164,25.560852]]]}},{"type":"Feature","properties":{},"geometry":{"type":"Polygon","coordinates":[[[-103.361266,25.560799],[-103.361131,25.560588],[-103.361029,25.560642],[-103.361164,25.560852],[-103.361266,25.560799]]]}},{"type":"Feature","properties":{},"geometry":{"type":"Polygon","coordinates":[[[-103.361368,25.560745],[-103.361233,25.560534],[-103.361131,25.560588],[-103.361266,25.560799],[-103.361368,25.560745]]]}},{"type":"Feature","properties":{},"geometry":{"type":"Polygon","coordinates":[[[-103.36147,25.560691],[-103.361334,25.56048],[-103.361233,25.560534],[-103.361368,25.560745],[-103.36147,25.560691]]]}},{"type":"Feature","properties":{},"geometry":{"type":"Polygon","coordinates":[[[-103.361572,25.560637],[-103.361436,25.560426],[-103.361334,25.56048],[-103.36147,25.560691],[-103.361572,25.560637]]]}},{"type":"Feature","properties":{},"geometry":{"type":"Polygon","coordinates":[[[-103.361674,25.560583],[-103.361538,25.560372],[-103.361436,25.560426],[-103.361572,25.560637],[-103.361674,25.560583]]]}},{"type":"Feature","properties":{},"geometry":{"type":"Polygon","coordinates":[[[-103.361775,25.560529],[-103.36164,25.560318],[-103.361538,25.560372],[-103.361674,25.560583],[-103.361775,25.560529]]]}},{"type":"Feature","properties":{},"geometry":{"type":"Polygon","coordinates":[[[-103.361877,25.560475],[-103.361742,25.560265],[-103.36164,25.560318],[-103.361775,25.560529],[-103.361877,25.560475]]]}},{"type":"Feature","properties":{},"geometry":{"type":"Polygon","coordinates":[[[-103.361979,25.560421],[-103.361844,25.560211],[-103.361742,25.560265],[-103.361877,25.560475],[-103.361979,25.560421]]]}},{"type":"Feature","properties":{},"geometry":{"type":"Polygon","coordinates":[[[-103.362081,25.560367],[-103.361946,25.560157],[-103.361844,25.560211],[-103.361979,25.560421],[-103.362081,25.560367]]]}},{"type":"Feature","properties":{},"geometry":{"type":"Polygon","coordinates":[[[-103.362183,25.560313],[-103.362048,25.560103],[-103.361946,25.560157],[-103.362081,25.560367],[-103.362183,25.560313]]]}},{"type":"Feature","properties":{},"geometry":{"type":"Polygon","coordinates":[[[-103.362285,25.56026],[-103.36215,25.560049],[-103.362048,25.560103],[-103.362183,25.560313],[-103.362285,25.56026]]]}},{"type":"Feature","properties":{},"geometry":{"type":"Polygon","coordinates":[[[-103.36249,25.560151],[-103.362355,25.559941],[-103.362253,25.559994],[-103.362388,25.560205],[-103.36249,25.560151]]]}},{"type":"Feature","properties":{},"geometry":{"type":"Polygon","coordinates":[[[-103.362592,25.560097],[-103.362457,25.559887],[-103.362355,25.559941],[-103.36249,25.560151],[-103.362592,25.560097]]]}},{"type":"Feature","properties":{},"geometry":{"type":"Polygon","coordinates":[[[-103.362694,25.560043],[-103.362558,25.559833],[-103.362457,25.559887],[-103.362592,25.560097],[-103.362694,25.560043]]]}},{"type":"Feature","properties":{},"geometry":{"type":"Polygon","coordinates":[[[-103.362796,25.559989],[-103.36266,25.559779],[-103.362558,25.559833],[-103.362694,25.560043],[-103.362796,25.559989]]]}},{"type":"Feature","properties":{},"geometry":{"type":"Polygon","coordinates":[[[-103.362898,25.559935],[-103.362762,25.559725],[-103.36266,25.559779],[-103.362796,25.559989],[-103.362898,25.559935]]]}},{"type":"Feature","properties":{},"geometry":{"type":"Polygon","coordinates":[[[-103.362999,25.559882],[-103.362864,25.559671],[-103.362762,25.559725],[-103.362898,25.559935],[-103.362999,25.559882]]]}},{"type":"Feature","properties":{},"geometry":{"type":"Polygon","coordinates":[[[-103.363101,25.559828],[-103.362966,25.559617],[-103.362864,25.559671],[-103.362999,25.559882],[-103.363101,25.559828]]]}},{"type":"Feature","properties":{},"geometry":{"type":"Polygon","coordinates":[[[-103.363203,25.559774],[-103.363068,25.559563],[-103.362966,25.559617],[-103.363101,25.559828],[-103.363203,25.559774]]]}},{"type":"Feature","properties":{},"geometry":{"type":"Polygon","coordinates":[[[-103.363305,25.55972],[-103.36317,25.559509],[-103.363068,25.559563],[-103.363203,25.559774],[-103.363305,25.55972]]]}},{"type":"Feature","properties":{},"geometry":{"type":"Polygon","coordinates":[[[-103.363407,25.559666],[-103.363272,25.559455],[-103.36317,25.559509],[-103.363305,25.55972],[-103.363407,25.559666]]]}},{"type":"Feature","properties":{},"geometry":{"type":"Polygon","coordinates":[[[-103.363509,25.559612],[-103.363374,25.559402],[-103.363272,25.559455],[-103.363407,25.559666],[-103.363509,25.559612]]]}},{"type":"Feature","properties":{},"geometry":{"type":"Polygon","coordinates":[[[-103.363611,25.559558],[-103.363475,25.559348],[-103.363374,25.559402],[-103.363509,25.559612],[-103.363611,25.559558]]]}},{"type":"Feature","properties":{},"geometry":{"type":"Polygon","coordinates":[[[-103.363713,25.559504],[-103.363577,25.559294],[-103.363475,25.559348],[-103.363611,25.559558],[-103.363713,25.559504]]]}},{"type":"Feature","properties":{},"geometry":{"type":"Polygon","coordinates":[[[-103.363815,25.55945],[-103.363679,25.55924],[-103.363577,25.559294],[-103.363713,25.559504],[-103.363815,25.55945]]]}},{"type":"Feature","properties":{},"geometry":{"type":"Polygon","coordinates":[[[-103.36402,25.559342],[-103.363884,25.559131],[-103.363782,25.559185],[-103.363918,25.559396],[-103.36402,25.559342]]]}},{"type":"Feature","properties":{},"geometry":{"type":"Polygon","coordinates":[[[-103.364122,25.559288],[-103.363986,25.559077],[-103.363884,25.559131],[-103.36402,25.559342],[-103.364122,25.559288]]]}},{"type":"Feature","properties":{},"geometry":{"type":"Polygon","coordinates":[[[-103.364223,25.559234],[-103.364088,25.559024],[-103.363986,25.559077],[-103.364122,25.559288],[-103.364223,25.559234]]]}},{"type":"Feature","properties":{},"geometry":{"type":"Polygon","coordinates":[[[-103.364325,25.55918],[-103.36419,25.55897],[-103.364088,25.559024],[-103.364223,25.559234],[-103.364325,25.55918]]]}},{"type":"Feature","properties":{},"geometry":{"type":"Polygon","coordinates":[[[-103.364427,25.559126],[-103.364292,25.558916],[-103.36419,25.55897],[-103.364325,25.55918],[-103.364427,25.559126]]]}},{"type":"Feature","properties":{},"geometry":{"type":"Polygon","coordinates":[[[-103.364529,25.559072],[-103.364394,25.558862],[-103.364292,25.558916],[-103.364427,25.559126],[-103.364529,25.559072]]]}},{"type":"Feature","properties":{},"geometry":{"type":"Polygon","coordinates":[[[-103.364631,25.559018],[-103.364496,25.558808],[-103.364394,25.558862],[-103.364529,25.559072],[-103.364631,25.559018]]]}},{"type":"Feature","properties":{},"geometry":{"type":"Polygon","coordinates":[[[-103.364733,25.558965],[-103.364597,25.558754],[-103.364496,25.558808],[-103.364631,25.559018],[-103.364733,25.558965]]]}},{"type":"Feature","properties":{},"geometry":{"type":"Polygon","coordinates":[[[-103.364835,25.558911],[-103.364699,25.5587],[-103.364597,25.558754],[-103.364733,25.558965],[-103.364835,25.558911]]]}},{"type":"Feature","properties":{},"geometry":{"type":"Polygon","coordinates":[[[-103.364937,25.558857],[-103.364801,25.558646],[-103.364699,25.5587],[-103.364835,25.558911],[-103.364937,25.558857]]]}},{"type":"Feature","properties":{},"geometry":{"type":"Polygon","coordinates":[[[-103.365039,25.558803],[-103.364903,25.558592],[-103.364801,25.558646],[-103.364937,25.558857],[-103.365039,25.558803]]]}},{"type":"Feature","properties":{},"geometry":{"type":"Polygon","coordinates":[[[-103.36514,25.558749],[-103.365005,25.558538],[-103.364903,25.558592],[-103.365039,25.558803],[-103.36514,25.558749]]]}},{"type":"Feature","properties":{},"geometry":{"type":"Polygon","coordinates":[[[-103.365242,25.558695],[-103.365107,25.558485],[-103.365005,25.558538],[-103.36514,25.558749],[-103.365242,25.558695]]]}},{"type":"Feature","properties":{},"geometry":{"type":"Polygon","coordinates":[[[-103.358011,25.562113],[-103.357876,25.561902],[-103.357774,25.561956],[-103.357909,25.562167],[-103.358011,25.562113]]]}},{"type":"Feature","properties":{},"geometry":{"type":"Polygon","coordinates":[[[-103.358113,25.562059],[-103.357978,25.561848],[-103.357876,25.561902],[-103.358011,25.562113],[-103.358113,25.562059]]]}},{"type":"Feature","properties":{},"geometry":{"type":"Polygon","coordinates":[[[-103.358215,25.562005],[-103.35808,25.561794],[-103.357978,25.561848],[-103.358113,25.562059],[-103.358215,25.562005]]]}},{"type":"Feature","properties":{},"geometry":{"type":"Polygon","coordinates":[[[-103.358317,25.561951],[-103.358182,25.56174],[-103.35808,25.561794],[-103.358215,25.562005],[-103.358317,25.561951]]]}},{"type":"Feature","properties":{},"geometry":{"type":"Polygon","coordinates":[[[-103.358419,25.561897],[-103.358283,25.561687],[-103.358182,25.56174],[-103.358317,25.561951],[-103.358419,25.561897]]]}},{"type":"Feature","properties":{},"geometry":{"type":"Polygon","coordinates":[[[-103.358521,25.561843],[-103.358385,25.561633],[-103.358283,25.561687],[-103.358419,25.561897],[-103.358521,25.561843]]]}},{"type":"Feature","properties":{},"geometry":{"type":"Polygon","coordinates":[[[-103.358623,25.561789],[-103.358487,25.561579],[-103.358385,25.561633],[-103.358521,25.561843],[-103.358623,25.561789]]]}},{"type":"Feature","properties":{},"geometry":{"type":"Polygon","coordinates":[[[-103.358724,25.561735],[-103.358589,25.561525],[-103.358487,25.561579],[-103.358623,25.561789],[-103.358724,25.561735]]]}},{"type":"Feature","properties":{},"geometry":{"type":"Polygon","coordinates":[[[-103.358826,25.561682],[-103.358691,25.561471],[-103.358589,25.561525],[-103.358724,25.561735],[-103.358826,25.561682]]]}},{"type":"Feature","properties":{},"geometry":{"type":"Polygon","coordinates":[[[-103.358928,25.561628],[-103.358793,25.561417],[-103.358691,25.561471],[-103.358826,25.561682],[-103.358928,25.561628]]]}},{"type":"Feature","properties":{},"geometry":{"type":"Polygon","coordinates":[[[-103.35903,25.561574],[-103.358895,25.561363],[-103.358793,25.561417],[-103.358928,25.561628],[-103.35903,25.561574]]]}},{"type":"Feature","properties":{},"geometry":{"type":"Polygon","coordinates":[[[-103.359235,25.561465],[-103.3591,25.561255],[-103.358998,25.561309],[-103.359133,25.561519],[-103.359235,25.561465]]]}},{"type":"Feature","properties":{},"geometry":{"type":"Polygon","coordinates":[[[-103.359337,25.561411],[-103.359202,25.561201],[-103.3591,25.561255],[-103.359235,25.561465],[-103.359337,25.561411]]]}},{"type":"Feature","properties":{},"geometry":{"type":"Polygon","coordinates":[[[-103.359439,25.561357],[-103.359304,25.561147],[-103.359202,25.561201],[-103.359337,25.561411],[-103.359439,25.561357]]]}},{"type":"Feature","properties":{},"geometry":{"type":"Polygon","coordinates":[[[-103.359541,25.561304],[-103.359405,25.561093],[-103.359304,25.561147],[-103.359439,25.561357],[-103.359541,25.561304]]]}},{"type":"Feature","properties":{},"geometry":{"type":"Polygon","coordinates":[[[-103.359643,25.56125],[-103.359507,25.561039],[-103.359405,25.561093],[-103.359541,25.561304],[-103.359643,25.56125]]]}},{"type":"Feature","properties":{},"geometry":{"type":"Polygon","coordinates":[[[-103.359745,25.561196],[-103.359609,25.560985],[-103.359507,25.561039],[-103.359643,25.56125],[-103.359745,25.561196]]]}},{"type":"Feature","properties":{},"geometry":{"type":"Polygon","coordinates":[[[-103.359847,25.561142],[-103.359711,25.560931],[-103.359609,25.560985],[-103.359745,25.561196],[-103.359847,25.561142]]]}},{"type":"Feature","properties":{},"geometry":{"type":"Polygon","coordinates":[[[-103.359948,25.561088],[-103.359813,25.560877],[-103.359711,25.560931],[-103.359847,25.561142],[-103.359948,25.561088]]]}},{"type":"Feature","properties":{},"geometry":{"type":"Polygon","coordinates":[[[-103.36005,25.561034],[-103.359915,25.560824],[-103.359813,25.560877],[-103.359948,25.561088],[-103.36005,25.561034]]]}},{"type":"Feature","properties":{},"geometry":{"type":"Polygon","coordinates":[[[-103.360152,25.56098],[-103.360017,25.56077],[-103.359915,25.560824],[-103.36005,25.561034],[-103.360152,25.56098]]]}},{"type":"Feature","properties":{},"geometry":{"type":"Polygon","coordinates":[[[-103.360254,25.560926],[-103.360119,25.560716],[-103.360017,25.56077],[-103.360152,25.56098],[-103.360254,25.560926]]]}},{"type":"Feature","properties":{},"geometry":{"type":"Polygon","coordinates":[[[-103.360356,25.560872],[-103.360221,25.560662],[-103.360119,25.560716],[-103.360254,25.560926],[-103.360356,25.560872]]]}},{"type":"Feature","properties":{},"geometry":{"type":"Polygon","coordinates":[[[-103.360458,25.560818],[-103.360323,25.560608],[-103.360221,25.560662],[-103.360356,25.560872],[-103.360458,25.560818]]]}},{"type":"Feature","properties":{},"geometry":{"type":"Polygon","coordinates":[[[-103.36056,25.560765],[-103.360424,25.560554],[-103.360323,25.560608],[-103.360458,25.560818],[-103.36056,25.560765]]]}},{"type":"Feature","properties":{},"geometry":{"type":"Polygon","coordinates":[[[-103.360765,25.560656],[-103.360629,25.560446],[-103.360528,25.560499],[-103.360663,25.56071],[-103.360765,25.560656]]]}},{"type":"Feature","properties":{},"geometry":{"type":"Polygon","coordinates":[[[-103.360867,25.560602],[-103.360731,25.560392],[-103.360629,25.560446],[-103.360765,25.560656],[-103.360867,25.560602]]]}},{"type":"Feature","properties":{},"geometry":{"type":"Polygon","coordinates":[[[-103.360969,25.560548],[-103.360833,25.560338],[-103.360731,25.560392],[-103.360867,25.560602],[-103.360969,25.560548]]]}},{"type":"Feature","properties":{},"geometry":{"type":"Polygon","coordinates":[[[-103.361071,25.560494],[-103.360935,25.560284],[-103.360833,25.560338],[-103.360969,25.560548],[-103.361071,25.560494]]]}},{"type":"Feature","properties":{},"geometry":{"type":"Polygon","coordinates":[[[-103.361172,25.560441],[-103.361037,25.56023],[-103.360935,25.560284],[-103.361071,25.560494],[-103.361172,25.560441]]]}},{"type":"Feature","properties":{},"geometry":{"type":"Polygon","coordinates":[[[-103.361274,25.560387],[-103.361139,25.560176],[-103.361037,25.56023],[-103.361172,25.560441],[-103.361274,25.560387]]]}},{"type":"Feature","properties":{},"geometry":{"type":"Polygon","coordinates":[[[-103.361376,25.560333],[-103.361241,25.560122],[-103.361139,25.560176],[-103.361274,25.560387],[-103.361376,25.560333]]]}},{"type":"Feature","properties":{},"geometry":{"type":"Polygon","coordinates":[[[-103.361478,25.560279],[-103.361343,25.560068],[-103.361241,25.560122],[-103.361376,25.560333],[-103.361478,25.560279]]]}},{"type":"Feature","properties":{},"geometry":{"type":"Polygon","coordinates":[[[-103.36158,25.560225],[-103.361445,25.560014],[-103.361343,25.560068],[-103.361478,25.560279],[-103.36158,25.560225]]]}},{"type":"Feature","properties":{},"geometry":{"type":"Polygon","coordinates":[[[-103.361682,25.560171],[-103.361546,25.55996],[-103.361445,25.560014],[-103.36158,25.560225],[-103.361682,25.560171]]]}},{"type":"Feature","properties":{},"geometry":{"type":"Polygon","coordinates":[[[-103.361784,25.560117],[-103.361648,25.559907],[-103.361546,25.55996],[-103.361682,25.560171],[-103.361784,25.560117]]]}},{"type":"Feature","properties":{},"geometry":{"type":"Polygon","coordinates":[[[-103.361886,25.560063],[-103.36175,25.559853],[-103.361648,25.559907],[-103.361784,25.560117],[-103.361886,25.560063]]]}},{"type":"Feature","properties":{},"geometry":{"type":"Polygon","coordinates":[[[-103.361988,25.560009],[-103.361852,25.559799],[-103.36175,25.559853],[-103.361886,25.560063],[-103.361988,25.560009]]]}},{"type":"Feature","properties":{},"geometry":{"type":"Polygon","coordinates":[[[-103.362089,25.559955],[-103.361954,25.559745],[-103.361852,25.559799],[-103.361988,25.560009],[-103.362089,25.559955]]]}},{"type":"Feature","properties":{},"geometry":{"type":"Polygon","coordinates":[[[-103.362294,25.559847],[-103.362159,25.559636],[-103.362057,25.55969],[-103.362193,25.559901],[-103.362294,25.559847]]]}},{"type":"Feature","properties":{},"geometry":{"type":"Polygon","coordinates":[[[-103.362396,25.559793],[-103.362261,25.559582],[-103.362159,25.559636],[-103.362294,25.559847],[-103.362396,25.559793]]]}},{"type":"Feature","properties":{},"geometry":{"type":"Polygon","coordinates":[[[-103.362498,25.559739],[-103.362363,25.559529],[-103.362261,25.559582],[-103.362396,25.559793],[-103.362498,25.559739]]]}},{"type":"Feature","properties":{},"geometry":{"type":"Polygon","coordinates":[[[-103.3626,25.559685],[-103.362465,25.559475],[-103.362363,25.559529],[-103.362498,25.559739],[-103.3626,25.559685]]]}},{"type":"Feature","properties":{},"geometry":{"type":"Polygon","coordinates":[[[-103.362702,25.559631],[-103.362567,25.559421],[-103.362465,25.559475],[-103.3626,25.559685],[-103.362702,25.559631]]]}},{"type":"Feature","properties":{},"geometry":{"type":"Polygon","coordinates":[[[-103.362804,25.559577],[-103.362669,25.559367],[-103.362567,25.559421],[-103.362702,25.559631],[-103.362804,25.559577]]]}},{"type":"Feature","properties":{},"geometry":{"type":"Polygon","coordinates":[[[-103.362906,25.559524],[-103.36277,25.559313],[-103.362669,25.559367],[-103.362804,25.559577],[-103.362906,25.559524]]]}},{"type":"Feature","properties":{},"geometry":{"type":"Polygon","coordinates":[[[-103.363008,25.55947],[-103.362872,25.559259],[-103.36277,25.559313],[-103.362906,25.559524],[-103.363008,25.55947]]]}},{"type":"Feature","properties":{},"geometry":{"type":"Polygon","coordinates":[[[-103.36311,25.559416],[-103.362974,25.559205],[-103.362872,25.559259],[-103.363008,25.55947],[-103.36311,25.559416]]]}},{"type":"Feature","properties":{},"geometry":{"type":"Polygon","coordinates":[[[-103.363211,25.559362],[-103.363076,25.559151],[-103.362974,25.559205],[-103.36311,25.559416],[-103.363211,25.559362]]]}},{"type":"Feature","properties":{},"geometry":{"type":"Polygon","coordinates":[[[-103.363313,25.559308],[-103.363178,25.559097],[-103.363076,25.559151],[-103.363211,25.559362],[-103.363313,25.559308]]]}},{"type":"Feature","properties":{},"geometry":{"type":"Polygon","coordinates":[[[-103.363415,25.559254],[-103.36328,25.559043],[-103.363178,25.559097],[-103.363313,25.559308],[-103.363415,25.559254]]]}},{"type":"Feature","properties":{},"geometry":{"type":"Polygon","coordinates":[[[-103.363517,25.5592],[-103.363382,25.55899],[-103.36328,25.559043],[-103.363415,25.559254],[-103.363517,25.5592]]]}},{"type":"Feature","properties":{},"geometry":{"type":"Polygon","coordinates":[[[-103.363619,25.559146],[-103.363484,25.558936],[-103.363382,25.55899],[-103.363517,25.5592],[-103.363619,25.559146]]]}},{"type":"Feature","properties":{},"geometry":{"type":"Polygon","coordinates":[[[-103.363824,25.559038],[-103.363689,25.558827],[-103.363587,25.558881],[-103.363722,25.559092],[-103.363824,25.559038]]]}},{"type":"Feature","properties":{},"geometry":{"type":"Polygon","coordinates":[[[-103.363926,25.558984],[-103.363791,25.558773],[-103.363689,25.558827],[-103.363824,25.559038],[-103.363926,25.558984]]]}},{"type":"Feature","properties":{},"geometry":{"type":"Polygon","coordinates":[[[-103.364028,25.55893],[-103.363892,25.558719],[-103.363791,25.558773],[-103.363926,25.558984],[-103.364028,25.55893]]]}},{"type":"Feature","properties":{},"geometry":{"type":"Polygon","coordinates":[[[-103.36413,25.558876],[-103.363994,25.558666],[-103.363892,25.558719],[-103.364028,25.55893],[-103.36413,25.558876]]]}},{"type":"Feature","properties":{},"geometry":{"type":"Polygon","coordinates":[[[-103.364232,25.558822],[-103.364096,25.558612],[-103.363994,25.558666],[-103.36413,25.558876],[-103.364232,25.558822]]]}},{"type":"Feature","properties":{},"geometry":{"type":"Polygon","coordinates":[[[-103.364334,25.558768],[-103.364198,25.558558],[-103.364096,25.558612],[-103.364232,25.558822],[-103.364334,25.558768]]]}},{"type":"Feature","properties":{},"geometry":{"type":"Polygon","coordinates":[[[-103.364435,25.558714],[-103.3643,25.558504],[-103.364198,25.558558],[-103.364334,25.558768],[-103.364435,25.558714]]]}},{"type":"Feature","properties":{},"geometry":{"type":"Polygon","coordinates":[[[-103.364537,25.55866],[-103.364402,25.55845],[-103.3643,25.558504],[-103.364435,25.558714],[-103.364537,25.55866]]]}},{"type":"Feature","properties":{},"geometry":{"type":"Polygon","coordinates":[[[-103.357994,25.564849],[-103.357858,25.564639],[-103.357757,25.564693],[-103.357892,25.564903],[-103.357994,25.564849]]]}},{"type":"Feature","properties":{},"geometry":{"type":"Polygon","coordinates":[[[-103.358096,25.564795],[-103.35796,25.564585],[-103.357858,25.564639],[-103.357994,25.564849],[-103.358096,25.564795]]]}},{"type":"Feature","properties":{},"geometry":{"type":"Polygon","coordinates":[[[-103.358198,25.564742],[-103.358062,25.564531],[-103.35796,25.564585],[-103.358096,25.564795],[-103.358198,25.564742]]]}},{"type":"Feature","properties":{},"geometry":{"type":"Polygon","coordinates":[[[-103.358299,25.564688],[-103.358164,25.564477],[-103.358062,25.564531],[-103.358198,25.564742],[-103.358299,25.564688]]]}},{"type":"Feature","properties":{},"geometry":{"type":"Polygon","coordinates":[[[-103.358401,25.564634],[-103.358266,25.564423],[-103.358164,25.564477],[-103.358299,25.564688],[-103.358401,25.564634]]]}},{"type":"Feature","properties":{},"geometry":{"type":"Polygon","coordinates":[[[-103.358503,25.56458],[-103.358368,25.564369],[-103.358266,25.564423],[-103.358401,25.564634],[-103.358503,25.56458]]]}},{"type":"Feature","properties":{},"geometry":{"type":"Polygon","coordinates":[[[-103.358605,25.564526],[-103.35847,25.564315],[-103.358368,25.564369],[-103.358503,25.56458],[-103.358605,25.564526]]]}},{"type":"Feature","properties":{},"geometry":{"type":"Polygon","coordinates":[[[-103.358707,25.564472],[-103.358572,25.564262],[-103.35847,25.564315],[-103.358605,25.564526],[-103.358707,25.564472]]]}},{"type":"Feature","properties":{},"geometry":{"type":"Polygon","coordinates":[[[-103.358809,25.564418],[-103.358674,25.564208],[-103.358572,25.564262],[-103.358707,25.564472],[-103.358809,25.564418]]]}},{"type":"Feature","properties":{},"geometry":{"type":"Polygon","coordinates":[[[-103.359014,25.56431],[-103.358879,25.564099],[-103.358777,25.564153],[-103.358912,25.564364],[-103.359014,25.56431]]]}},{"type":"Feature","properties":{},"geometry":{"type":"Polygon","coordinates":[[[-103.359116,25.564256],[-103.358981,25.564045],[-103.358879,25.564099],[-103.359014,25.56431],[-103.359116,25.564256]]]}},{"type":"Feature","properties":{},"geometry":{"type":"Polygon","coordinates":[[[-103.359218,25.564202],[-103.359082,25.563991],[-103.358981,25.564045],[-103.359116,25.564256],[-103.359218,25.564202]]]}},{"type":"Feature","properties":{},"geometry":{"type":"Polygon","coordinates":[[[-103.35932,25.564148],[-103.359184,25.563937],[-103.359082,25.563991],[-103.359218,25.564202],[-103.35932,25.564148]]]}},{"type":"Feature","properties":{},"geometry":{"type":"Polygon","coordinates":[[[-103.359422,25.564094],[-103.359286,25.563884],[-103.359184,25.563937],[-103.35932,25.564148],[-103.359422,25.564094]]]}},{"type":"Feature","properties":{},"geometry":{"type":"Polygon","coordinates":[[[-103.359524,25.56404],[-103.359388,25.56383],[-103.359286,25.563884],[-103.359422,25.564094],[-103.359524,25.56404]]]}},{"type":"Feature","properties":{},"geometry":{"type":"Polygon","coordinates":[[[-103.359625,25.563986],[-103.35949,25.563776],[-103.359388,25.56383],[-103.359524,25.56404],[-103.359625,25.563986]]]}},{"type":"Feature","properties":{},"geometry":{"type":"Polygon","coordinates":[[[-103.359727,25.563932],[-103.359592,25.563722],[-103.35949,25.563776],[-103.359625,25.563986],[-103.359727,25.563932]]]}},{"type":"Feature","properties":{},"geometry":{"type":"Polygon","coordinates":[[[-103.359829,25.563879],[-103.359694,25.563668],[-103.359592,25.563722],[-103.359727,25.563932],[-103.359829,25.563879]]]}},{"type":"Feature","properties":{},"geometry":{"type":"Polygon","coordinates":[[[-103.359931,25.563825],[-103.359796,25.563614],[-103.359694,25.563668],[-103.359829,25.563879],[-103.359931,25.563825]]]}},{"type":"Feature","properties":{},"geometry":{"type":"Polygon","coordinates":[[[-103.360951,25.563285],[-103.360816,25.563074],[-103.360714,25.563128],[-103.360849,25.563339],[-103.360951,25.563285]]]}},{"type":"Feature","properties":{},"geometry":{"type":"Polygon","coordinates":[[[-103.361053,25.563231],[-103.360918,25.563021],[-103.360816,25.563074],[-103.360951,25.563285],[-103.361053,25.563231]]]}},{"type":"Feature","properties":{},"geometry":{"type":"Polygon","coordinates":[[[-103.361155,25.563177],[-103.36102,25.562967],[-103.360918,25.563021],[-103.361053,25.563231],[-103.361155,25.563177]]]}},{"type":"Feature","properties":{},"geometry":{"type":"Polygon","coordinates":[[[-103.361257,25.563123],[-103.361122,25.562913],[-103.36102,25.562967],[-103.361155,25.563177],[-103.361257,25.563123]]]}},{"type":"Feature","properties":{},"geometry":{"type":"Polygon","coordinates":[[[-103.361359,25.563069],[-103.361224,25.562859],[-103.361122,25.562913],[-103.361257,25.563123],[-103.361359,25.563069]]]}},{"type":"Feature","properties":{},"geometry":{"type":"Polygon","coordinates":[[[-103.361461,25.563015],[-103.361325,25.562805],[-103.361224,25.562859],[-103.361359,25.563069],[-103.361461,25.563015]]]}},{"type":"Feature","properties":{},"geometry":{"type":"Polygon","coordinates":[[[-103.361563,25.562962],[-103.361427,25.562751],[-103.361325,25.562805],[-103.361461,25.563015],[-103.361563,25.562962]]]}},{"type":"Feature","properties":{},"geometry":{"type":"Polygon","coordinates":[[[-103.361665,25.562908],[-103.361529,25.562697],[-103.361427,25.562751],[-103.361563,25.562962],[-103.361665,25.562908]]]}},{"type":"Feature","properties":{},"geometry":{"type":"Polygon","coordinates":[[[-103.361766,25.562854],[-103.361631,25.562643],[-103.361529,25.562697],[-103.361665,25.562908],[-103.361766,25.562854]]]}},{"type":"Feature","properties":{},"geometry":{"type":"Polygon","coordinates":[[[-103.361868,25.5628],[-103.361733,25.562589],[-103.361631,25.562643],[-103.361766,25.562854],[-103.361868,25.5628]]]}},{"type":"Feature","properties":{},"geometry":{"type":"Polygon","coordinates":[[[-103.362073,25.562691],[-103.361938,25.562481],[-103.361836,25.562535],[-103.361972,25.562745],[-103.362073,25.562691]]]}},{"type":"Feature","properties":{},"geometry":{"type":"Polygon","coordinates":[[[-103.362175,25.562638],[-103.36204,25.562427],[-103.361938,25.562481],[-103.362073,25.562691],[-103.362175,25.562638]]]}},{"type":"Feature","properties":{},"geometry":{"type":"Polygon","coordinates":[[[-103.362277,25.562584],[-103.362142,25.562373],[-103.36204,25.562427],[-103.362175,25.562638],[-103.362277,25.562584]]]}},{"type":"Feature","properties":{},"geometry":{"type":"Polygon","coordinates":[[[-103.362379,25.56253],[-103.362244,25.562319],[-103.362142,25.562373],[-103.362277,25.562584],[-103.362379,25.56253]]]}},{"type":"Feature","properties":{},"geometry":{"type":"Polygon","coordinates":[[[-103.362481,25.562476],[-103.362346,25.562265],[-103.362244,25.562319],[-103.362379,25.56253],[-103.362481,25.562476]]]}},{"type":"Feature","properties":{},"geometry":{"type":"Polygon","coordinates":[[[-103.362583,25.562422],[-103.362447,25.562211],[-103.362346,25.562265],[-103.362481,25.562476],[-103.362583,25.562422]]]}},{"type":"Feature","properties":{},"geometry":{"type":"Polygon","coordinates":[[[-103.362685,25.562368],[-103.362549,25.562157],[-103.362447,25.562211],[-103.362583,25.562422],[-103.362685,25.562368]]]}},{"type":"Feature","properties":{},"geometry":{"type":"Polygon","coordinates":[[[-103.362787,25.562314],[-103.362651,25.562104],[-103.362549,25.562157],[-103.362685,25.562368],[-103.362787,25.562314]]]}},{"type":"Feature","properties":{},"geometry":{"type":"Polygon","coordinates":[[[-103.362889,25.56226],[-103.362753,25.56205],[-103.362651,25.562104],[-103.362787,25.562314],[-103.362889,25.56226]]]}},{"type":"Feature","properties":{},"geometry":{"type":"Polygon","coordinates":[[[-103.36299,25.562206],[-103.362855,25.561996],[-103.362753,25.56205],[-103.362889,25.56226],[-103.36299,25.562206]]]}},{"type":"Feature","properties":{},"geometry":{"type":"Polygon","coordinates":[[[-103.363092,25.562152],[-103.362957,25.561942],[-103.362855,25.561996],[-103.36299,25.562206],[-103.363092,25.562152]]]}},{"type":"Feature","properties":{},"geometry":{"type":"Polygon","coordinates":[[[-103.363194,25.562099],[-103.363059,25.561888],[-103.362957,25.561942],[-103.363092,25.562152],[-103.363194,25.562099]]]}},{"type":"Feature","properties":{},"geometry":{"type":"Polygon","coordinates":[[[-103.363296,25.562045],[-103.363161,25.561834],[-103.363059,25.561888],[-103.363194,25.562099],[-103.363296,25.562045]]]}},{"type":"Feature","properties":{},"geometry":{"type":"Polygon","coordinates":[[[-103.363398,25.561991],[-103.363263,25.56178],[-103.363161,25.561834],[-103.363296,25.562045],[-103.363398,25.561991]]]}},{"type":"Feature","properties":{},"geometry":{"type":"Polygon","coordinates":[[[-103.363603,25.561882],[-103.363468,25.561672],[-103.363366,25.561726],[-103.363501,25.561936],[-103.363603,25.561882]]]}},{"type":"Feature","properties":{},"geometry":{"type":"Polygon","coordinates":[[[-103.363705,25.561828],[-103.36357,25.561618],[-103.363468,25.561672],[-103.363603,25.561882],[-103.363705,25.561828]]]}},{"type":"Feature","properties":{},"geometry":{"type":"Polygon","coordinates":[[[-103.363807,25.561774],[-103.363671,25.561564],[-103.36357,25.561618],[-103.363705,25.561828],[-103.363807,25.561774]]]}},{"type":"Feature","properties":{},"geometry":{"type":"Polygon","coordinates":[[[-103.363909,25.561721],[-103.363773,25.56151],[-103.363671,25.561564],[-103.363807,25.561774],[-103.363909,25.561721]]]}},{"type":"Feature","properties":{},"geometry":{"type":"Polygon","coordinates":[[[-103.364011,25.561667],[-103.363875,25.561456],[-103.363773,25.56151],[-103.363909,25.561721],[-103.364011,25.561667]]]}},{"type":"Feature","properties":{},"geometry":{"type":"Polygon","coordinates":[[[-103.364113,25.561613],[-103.363977,25.561402],[-103.363875,25.561456],[-103.364011,25.561667],[-103.364113,25.561613]]]}},{"type":"Feature","properties":{},"geometry":{"type":"Polygon","coordinates":[[[-103.364214,25.561559],[-103.364079,25.561348],[-103.363977,25.561402],[-103.364113,25.561613],[-103.364214,25.561559]]]}},{"type":"Feature","properties":{},"geometry":{"type":"Polygon","coordinates":[[[-103.364316,25.561505],[-103.364181,25.561294],[-103.364079,25.561348],[-103.364214,25.561559],[-103.364316,25.561505]]]}},{"type":"Feature","properties":{},"geometry":{"type":"Polygon","coordinates":[[[-103.364418,25.561451],[-103.364283,25.561241],[-103.364181,25.561294],[-103.364316,25.561505],[-103.364418,25.561451]]]}},{"type":"Feature","properties":{},"geometry":{"type":"Polygon","coordinates":[[[-103.36452,25.561397],[-103.364385,25.561187],[-103.364283,25.561241],[-103.364418,25.561451],[-103.36452,25.561397]]]}},{"type":"Feature","properties":{},"geometry":{"type":"Polygon","coordinates":[[[-103.364622,25.561343],[-103.364487,25.561133],[-103.364385,25.561187],[-103.36452,25.561397],[-103.364622,25.561343]]]}},{"type":"Feature","properties":{},"geometry":{"type":"Polygon","coordinates":[[[-103.364724,25.561289],[-103.364588,25.561079],[-103.364487,25.561133],[-103.364622,25.561343],[-103.364724,25.561289]]]}},{"type":"Feature","properties":{},"geometry":{"type":"Polygon","coordinates":[[[-103.364826,25.561235],[-103.36469,25.561025],[-103.364588,25.561079],[-103.364724,25.561289],[-103.364826,25.561235]]]}},{"type":"Feature","properties":{},"geometry":{"type":"Polygon","coordinates":[[[-103.364928,25.561182],[-103.364792,25.560971],[-103.36469,25.561025],[-103.364826,25.561235],[-103.364928,25.561182]]]}},{"type":"Feature","properties":{},"geometry":{"type":"Polygon","coordinates":[[[-103.365133,25.561073],[-103.364997,25.560863],[-103.364895,25.560916],[-103.365031,25.561127],[-103.365133,25.561073]]]}},{"type":"Feature","properties":{},"geometry":{"type":"Polygon","coordinates":[[[-103.365235,25.561019],[-103.365099,25.560809],[-103.364997,25.560863],[-103.365133,25.561073],[-103.365235,25.561019]]]}},{"type":"Feature","properties":{},"geometry":{"type":"Polygon","coordinates":[[[-103.365336,25.560965],[-103.365201,25.560755],[-103.365099,25.560809],[-103.365235,25.561019],[-103.365336,25.560965]]]}},{"type":"Feature","properties":{},"geometry":{"type":"Polygon","coordinates":[[[-103.365438,25.560911],[-103.365303,25.560701],[-103.365201,25.560755],[-103.365336,25.560965],[-103.365438,25.560911]]]}},{"type":"Feature","properties":{},"geometry":{"type":"Polygon","coordinates":[[[-103.36554,25.560857],[-103.365405,25.560647],[-103.365303,25.560701],[-103.365438,25.560911],[-103.36554,25.560857]]]}},{"type":"Feature","properties":{},"geometry":{"type":"Polygon","coordinates":[[[-103.365642,25.560804],[-103.365507,25.560593],[-103.365405,25.560647],[-103.36554,25.560857],[-103.365642,25.560804]]]}},{"type":"Feature","properties":{},"geometry":{"type":"Polygon","coordinates":[[[-103.365744,25.56075],[-103.365609,25.560539],[-103.365507,25.560593],[-103.365642,25.560804],[-103.365744,25.56075]]]}},{"type":"Feature","properties":{},"geometry":{"type":"Polygon","coordinates":[[[-103.365846,25.560696],[-103.365711,25.560485],[-103.365609,25.560539],[-103.365744,25.56075],[-103.365846,25.560696]]]}},{"type":"Feature","properties":{},"geometry":{"type":"Polygon","coordinates":[[[-103.365948,25.560642],[-103.365812,25.560431],[-103.365711,25.560485],[-103.365846,25.560696],[-103.365948,25.560642]]]}},{"type":"Feature","properties":{},"geometry":{"type":"Polygon","coordinates":[[[-103.36605,25.560588],[-103.365914,25.560377],[-103.365812,25.560431],[-103.365948,25.560642],[-103.36605,25.560588]]]}},{"type":"Feature","properties":{},"geometry":{"type":"Polygon","coordinates":[[[-103.366152,25.560534],[-103.366016,25.560324],[-103.365914,25.560377],[-103.36605,25.560588],[-103.366152,25.560534]]]}},{"type":"Feature","properties":{},"geometry":{"type":"Polygon","coordinates":[[[-103.366253,25.56048],[-103.366118,25.56027],[-103.366016,25.560324],[-103.366152,25.560534],[-103.366253,25.56048]]]}},{"type":"Feature","properties":{},"geometry":{"type":"Polygon","coordinates":[[[-103.366355,25.560426],[-103.36622,25.560216],[-103.366118,25.56027],[-103.366253,25.56048],[-103.366355,25.560426]]]}},{"type":"Feature","properties":{},"geometry":{"type":"Polygon","coordinates":[[[-103.366457,25.560372],[-103.366322,25.560162],[-103.36622,25.560216],[-103.366355,25.560426],[-103.366457,25.560372]]]}},{"type":"Feature","properties":{},"geometry":{"type":"Polygon","coordinates":[[[-103.366662,25.560264],[-103.366527,25.560053],[-103.366425,25.560107],[-103.36656,25.560318],[-103.366662,25.560264]]]}},{"type":"Feature","properties":{},"geometry":{"type":"Polygon","coordinates":[[[-103.366764,25.56021],[-103.366629,25.559999],[-103.366527,25.560053],[-103.366662,25.560264],[-103.366764,25.56021]]]}},{"type":"Feature","properties":{},"geometry":{"type":"Polygon","coordinates":[[[-103.366866,25.560156],[-103.366731,25.559946],[-103.366629,25.559999],[-103.366764,25.56021],[-103.366866,25.560156]]]}},{"type":"Feature","properties":{},"geometry":{"type":"Polygon","coordinates":[[[-103.366968,25.560102],[-103.366833,25.559892],[-103.366731,25.559946],[-103.366866,25.560156],[-103.366968,25.560102]]]}},{"type":"Feature","properties":{},"geometry":{"type":"Polygon","coordinates":[[[-103.36707,25.560048],[-103.366934,25.559838],[-103.366833,25.559892],[-103.366968,25.560102],[-103.36707,25.560048]]]}},{"type":"Feature","properties":{},"geometry":{"type":"Polygon","coordinates":[[[-103.367172,25.559994],[-103.367036,25.559784],[-103.366934,25.559838],[-103.36707,25.560048],[-103.367172,25.559994]]]}},{"type":"Feature","properties":{},"geometry":{"type":"Polygon","coordinates":[[[-103.367274,25.55994],[-103.367138,25.55973],[-103.367036,25.559784],[-103.367172,25.559994],[-103.367274,25.55994]]]}},{"type":"Feature","properties":{},"geometry":{"type":"Polygon","coordinates":[[[-103.367376,25.559887],[-103.36724,25.559676],[-103.367138,25.55973],[-103.367274,25.55994],[-103.367376,25.559887]]]}},{"type":"Feature","properties":{},"geometry":{"type":"Polygon","coordinates":[[[-103.367477,25.559833],[-103.367342,25.559622],[-103.36724,25.559676],[-103.367376,25.559887],[-103.367477,25.559833]]]}},{"type":"Feature","properties":{},"geometry":{"type":"Polygon","coordinates":[[[-103.367579,25.559779],[-103.367444,25.559568],[-103.367342,25.559622],[-103.367477,25.559833],[-103.367579,25.559779]]]}},{"type":"Feature","properties":{},"geometry":{"type":"Polygon","coordinates":[[[-103.367681,25.559725],[-103.367546,25.559514],[-103.367444,25.559568],[-103.367579,25.559779],[-103.367681,25.559725]]]}},{"type":"Feature","properties":{},"geometry":{"type":"Polygon","coordinates":[[[-103.367783,25.559671],[-103.367648,25.55946],[-103.367546,25.559514],[-103.367681,25.559725],[-103.367783,25.559671]]]}},{"type":"Feature","properties":{},"geometry":{"type":"Polygon","coordinates":[[[-103.367885,25.559617],[-103.36775,25.559406],[-103.367648,25.55946],[-103.367783,25.559671],[-103.367885,25.559617]]]}},{"type":"Feature","properties":{},"geometry":{"type":"Polygon","coordinates":[[[-103.367987,25.559563],[-103.367851,25.559353],[-103.36775,25.559406],[-103.367885,25.559617],[-103.367987,25.559563]]]}},{"type":"Feature","properties":{},"geometry":{"type":"Polygon","coordinates":[[[-103.368192,25.559455],[-103.368057,25.559244],[-103.367955,25.559298],[-103.36809,25.559509],[-103.368192,25.559455]]]}},{"type":"Feature","properties":{},"geometry":{"type":"Polygon","coordinates":[[[-103.368294,25.559401],[-103.368158,25.55919],[-103.368057,25.559244],[-103.368192,25.559455],[-103.368294,25.559401]]]}},{"type":"Feature","properties":{},"geometry":{"type":"Polygon","coordinates":[[[-103.368396,25.559347],[-103.36826,25.559136],[-103.368158,25.55919],[-103.368294,25.559401],[-103.368396,25.559347]]]}},{"type":"Feature","properties":{},"geometry":{"type":"Polygon","coordinates":[[[-103.368498,25.559293],[-103.368362,25.559082],[-103.36826,25.559136],[-103.368396,25.559347],[-103.368498,25.559293]]]}},{"type":"Feature","properties":{},"geometry":{"type":"Polygon","coordinates":[[[-103.368599,25.559239],[-103.368464,25.559028],[-103.368362,25.559082],[-103.368498,25.559293],[-103.368599,25.559239]]]}},{"type":"Feature","properties":{},"geometry":{"type":"Polygon","coordinates":[[[-103.368701,25.559185],[-103.368566,25.558975],[-103.368464,25.559028],[-103.368599,25.559239],[-103.368701,25.559185]]]}},{"type":"Feature","properties":{},"geometry":{"type":"Polygon","coordinates":[[[-103.358027,25.565114],[-103.357892,25.564903],[-103.35779,25.564957],[-103.357925,25.565168],[-103.358027,25.565114]]]}},{"type":"Feature","properties":{},"geometry":{"type":"Polygon","coordinates":[[[-103.358129,25.56506],[-103.357994,25.564849],[-103.357892,25.564903],[-103.358027,25.565114],[-103.358129,25.56506]]]}},{"type":"Feature","properties":{},"geometry":{"type":"Polygon","coordinates":[[[-103.358231,25.565006],[-103.358096,25.564795],[-103.357994,25.564849],[-103.358129,25.56506],[-103.358231,25.565006]]]}},{"type":"Feature","properties":{},"geometry":{"type":"Polygon","coordinates":[[[-103.358333,25.564952],[-103.358198,25.564742],[-103.358096,25.564795],[-103.358231,25.565006],[-103.358333,25.564952]]]}},{"type":"Feature","properties":{},"geometry":{"type":"Polygon","coordinates":[[[-103.358435,25.564898],[-103.358299,25.564688],[-103.358198,25.564742],[-103.358333,25.564952],[-103.358435,25.564898]]]}},{"type":"Feature","properties":{},"geometry":{"type":"Polygon","coordinates":[[[-103.358537,25.564844],[-103.358401,25.564634],[-103.358299,25.564688],[-103.358435,25.564898],[-103.358537,25.564844]]]}},{"type":"Feature","properties":{},"geometry":{"type":"Polygon","coordinates":[[[-103.358639,25.56479],[-103.358503,25.56458],[-103.358401,25.564634],[-103.358537,25.564844],[-103.358639,25.56479]]]}},{"type":"Feature","properties":{},"geometry":{"type":"Polygon","coordinates":[[[-103.358741,25.564737],[-103.358605,25.564526],[-103.358503,25.56458],[-103.358639,25.56479],[-103.358741,25.564737]]]}},{"type":"Feature","properties":{},"geometry":{"type":"Polygon","coordinates":[[[-103.358842,25.564683],[-103.358707,25.564472],[-103.358605,25.564526],[-103.358741,25.564737],[-103.358842,25.564683]]]}},{"type":"Feature","properties":{},"geometry":{"type":"Polygon","coordinates":[[[-103.358944,25.564629],[-103.358809,25.564418],[-103.358707,25.564472],[-103.358842,25.564683],[-103.358944,25.564629]]]}},{"type":"Feature","properties":{},"geometry":{"type":"Polygon","coordinates":[[[-103.359149,25.56452],[-103.359014,25.56431],[-103.358912,25.564364],[-103.359048,25.564574],[-103.359149,25.56452]]]}},{"type":"Feature","properties":{},"geometry":{"type":"Polygon","coordinates":[[[-103.359251,25.564466],[-103.359116,25.564256],[-103.359014,25.56431],[-103.359149,25.56452],[-103.359251,25.564466]]]}},{"type":"Feature","properties":{},"geometry":{"type":"Polygon","coordinates":[[[-103.359353,25.564412],[-103.359218,25.564202],[-103.359116,25.564256],[-103.359251,25.564466],[-103.359353,25.564412]]]}},{"type":"Feature","properties":{},"geometry":{"type":"Polygon","coordinates":[[[-103.359455,25.564359],[-103.35932,25.564148],[-103.359218,25.564202],[-103.359353,25.564412],[-103.359455,25.564359]]]}},{"type":"Feature","properties":{},"geometry":{"type":"Polygon","coordinates":[[[-103.359557,25.564305],[-103.359422,25.564094],[-103.35932,25.564148],[-103.359455,25.564359],[-103.359557,25.564305]]]}},{"type":"Feature","properties":{},"geometry":{"type":"Polygon","coordinates":[[[-103.359659,25.564251],[-103.359524,25.56404],[-103.359422,25.564094],[-103.359557,25.564305],[-103.359659,25.564251]]]}},{"type":"Feature","properties":{},"geometry":{"type":"Polygon","coordinates":[[[-103.359761,25.564197],[-103.359625,25.563986],[-103.359524,25.56404],[-103.359659,25.564251],[-103.359761,25.564197]]]}},{"type":"Feature","properties":{},"geometry":{"type":"Polygon","coordinates":[[[-103.359863,25.564143],[-103.359727,25.563932],[-103.359625,25.563986],[-103.359761,25.564197],[-103.359863,25.564143]]]}},{"type":"Feature","properties":{},"geometry":{"type":"Polygon","coordinates":[[[-103.359965,25.564089],[-103.359829,25.563879],[-103.359727,25.563932],[-103.359863,25.564143],[-103.359965,25.564089]]]}},{"type":"Feature","properties":{},"geometry":{"type":"Polygon","coordinates":[[[-103.360066,25.564035],[-103.359931,25.563825],[-103.359829,25.563879],[-103.359965,25.564089],[-103.360066,25.564035]]]}},{"type":"Feature","properties":{},"geometry":{"type":"Polygon","coordinates":[[[-103.361087,25.563496],[-103.360951,25.563285],[-103.360849,25.563339],[-103.360985,25.563549],[-103.361087,25.563496]]]}},{"type":"Feature","properties":{},"geometry":{"type":"Polygon","coordinates":[[[-103.361189,25.563442],[-103.361053,25.563231],[-103.360951,25.563285],[-103.361087,25.563496],[-103.361189,25.563442]]]}},{"type":"Feature","properties":{},"geometry":{"type":"Polygon","coordinates":[[[-103.36129,25.563388],[-103.361155,25.563177],[-103.361053,25.563231],[-103.361189,25.563442],[-103.36129,25.563388]]]}},{"type":"Feature","properties":{},"geometry":{"type":"Polygon","coordinates":[[[-103.361392,25.563334],[-103.361257,25.563123],[-103.361155,25.563177],[-103.36129,25.563388],[-103.361392,25.563334]]]}},{"type":"Feature","properties":{},"geometry":{"type":"Polygon","coordinates":[[[-103.361494,25.56328],[-103.361359,25.563069],[-103.361257,25.563123],[-103.361392,25.563334],[-103.361494,25.56328]]]}},{"type":"Feature","properties":{},"geometry":{"type":"Polygon","coordinates":[[[-103.361596,25.563226],[-103.361461,25.563015],[-103.361359,25.563069],[-103.361494,25.56328],[-103.361596,25.563226]]]}},{"type":"Feature","properties":{},"geometry":{"type":"Polygon","coordinates":[[[-103.361698,25.563172],[-103.361563,25.562962],[-103.361461,25.563015],[-103.361596,25.563226],[-103.361698,25.563172]]]}},{"type":"Feature","properties":{},"geometry":{"type":"Polygon","coordinates":[[[-103.3618,25.563118],[-103.361665,25.562908],[-103.361563,25.562962],[-103.361698,25.563172],[-103.3618,25.563118]]]}},{"type":"Feature","properties":{},"geometry":{"type":"Polygon","coordinates":[[[-103.361902,25.563064],[-103.361766,25.562854],[-103.361665,25.562908],[-103.3618,25.563118],[-103.361902,25.563064]]]}},{"type":"Feature","properties":{},"geometry":{"type":"Polygon","coordinates":[[[-103.362004,25.56301],[-103.361868,25.5628],[-103.361766,25.562854],[-103.361902,25.563064],[-103.362004,25.56301]]]}},{"type":"Feature","properties":{},"geometry":{"type":"Polygon","coordinates":[[[-103.362209,25.562902],[-103.362073,25.562691],[-103.361972,25.562745],[-103.362107,25.562956],[-103.362209,25.562902]]]}},{"type":"Feature","properties":{},"geometry":{"type":"Polygon","coordinates":[[[-103.362311,25.562848],[-103.362175,25.562638],[-103.362073,25.562691],[-103.362209,25.562902],[-103.362311,25.562848]]]}},{"type":"Feature","properties":{},"geometry":{"type":"Polygon","coordinates":[[[-103.362413,25.562794],[-103.362277,25.562584],[-103.362175,25.562638],[-103.362311,25.562848],[-103.362413,25.562794]]]}},{"type":"Feature","properties":{},"geometry":{"type":"Polygon","coordinates":[[[-103.362514,25.56274],[-103.362379,25.56253],[-103.362277,25.562584],[-103.362413,25.562794],[-103.362514,25.56274]]]}},{"type":"Feature","properties":{},"geometry":{"type":"Polygon","coordinates":[[[-103.362616,25.562686],[-103.362481,25.562476],[-103.362379,25.56253],[-103.362514,25.56274],[-103.362616,25.562686]]]}},{"type":"Feature","properties":{},"geometry":{"type":"Polygon","coordinates":[[[-103.362718,25.562632],[-103.362583,25.562422],[-103.362481,25.562476],[-103.362616,25.562686],[-103.362718,25.562632]]]}},{"type":"Feature","properties":{},"geometry":{"type":"Polygon","coordinates":[[[-103.36282,25.562579],[-103.362685,25.562368],[-103.362583,25.562422],[-103.362718,25.562632],[-103.36282,25.562579]]]}},{"type":"Feature","properties":{},"geometry":{"type":"Polygon","coordinates":[[[-103.362922,25.562525],[-103.362787,25.562314],[-103.362685,25.562368],[-103.36282,25.562579],[-103.362922,25.562525]]]}},{"type":"Feature","properties":{},"geometry":{"type":"Polygon","coordinates":[[[-103.363024,25.562471],[-103.362889,25.56226],[-103.362787,25.562314],[-103.362922,25.562525],[-103.363024,25.562471]]]}},{"type":"Feature","properties":{},"geometry":{"type":"Polygon","coordinates":[[[-103.363126,25.562417],[-103.36299,25.562206],[-103.362889,25.56226],[-103.363024,25.562471],[-103.363126,25.562417]]]}},{"type":"Feature","properties":{},"geometry":{"type":"Polygon","coordinates":[[[-103.363228,25.562363],[-103.363092,25.562152],[-103.36299,25.562206],[-103.363126,25.562417],[-103.363228,25.562363]]]}},{"type":"Feature","properties":{},"geometry":{"type":"Polygon","coordinates":[[[-103.36333,25.562309],[-103.363194,25.562099],[-103.363092,25.562152],[-103.363228,25.562363],[-103.36333,25.562309]]]}},{"type":"Feature","properties":{},"geometry":{"type":"Polygon","coordinates":[[[-103.363431,25.562255],[-103.363296,25.562045],[-103.363194,25.562099],[-103.36333,25.562309],[-103.363431,25.562255]]]}},{"type":"Feature","properties":{},"geometry":{"type":"Polygon","coordinates":[[[-103.363533,25.562201],[-103.363398,25.561991],[-103.363296,25.562045],[-103.363431,25.562255],[-103.363533,25.562201]]]}},{"type":"Feature","properties":{},"geometry":{"type":"Polygon","coordinates":[[[-103.363738,25.562093],[-103.363603,25.561882],[-103.363501,25.561936],[-103.363637,25.562147],[-103.363738,25.562093]]]}},{"type":"Feature","properties":{},"geometry":{"type":"Polygon","coordinates":[[[-103.36384,25.562039],[-103.363705,25.561828],[-103.363603,25.561882],[-103.363738,25.562093],[-103.36384,25.562039]]]}},{"type":"Feature","properties":{},"geometry":{"type":"Polygon","coordinates":[[[-103.363942,25.561985],[-103.363807,25.561774],[-103.363705,25.561828],[-103.36384,25.562039],[-103.363942,25.561985]]]}},{"type":"Feature","properties":{},"geometry":{"type":"Polygon","coordinates":[[[-103.364044,25.561931],[-103.363909,25.561721],[-103.363807,25.561774],[-103.363942,25.561985],[-103.364044,25.561931]]]}},{"type":"Feature","properties":{},"geometry":{"type":"Polygon","coordinates":[[[-103.364146,25.561877],[-103.364011,25.561667],[-103.363909,25.561721],[-103.364044,25.561931],[-103.364146,25.561877]]]}},{"type":"Feature","properties":{},"geometry":{"type":"Polygon","coordinates":[[[-103.364248,25.561823],[-103.364113,25.561613],[-103.364011,25.561667],[-103.364146,25.561877],[-103.364248,25.561823]]]}},{"type":"Feature","properties":{},"geometry":{"type":"Polygon","coordinates":[[[-103.36435,25.561769],[-103.364214,25.561559],[-103.364113,25.561613],[-103.364248,25.561823],[-103.36435,25.561769]]]}},{"type":"Feature","properties":{},"geometry":{"type":"Polygon","coordinates":[[[-103.364452,25.561716],[-103.364316,25.561505],[-103.364214,25.561559],[-103.36435,25.561769],[-103.364452,25.561716]]]}},{"type":"Feature","properties":{},"geometry":{"type":"Polygon","coordinates":[[[-103.364554,25.561662],[-103.364418,25.561451],[-103.364316,25.561505],[-103.364452,25.561716],[-103.364554,25.561662]]]}},{"type":"Feature","properties":{},"geometry":{"type":"Polygon","coordinates":[[[-103.364655,25.561608],[-103.36452,25.561397],[-103.364418,25.561451],[-103.364554,25.561662],[-103.364655,25.561608]]]}},{"type":"Feature","properties":{},"geometry":{"type":"Polygon","coordinates":[[[-103.364757,25.561554],[-103.364622,25.561343],[-103.36452,25.561397],[-103.364655,25.561608],[-103.364757,25.561554]]]}},{"type":"Feature","properties":{},"geometry":{"type":"Polygon","coordinates":[[[-103.364859,25.5615],[-103.364724,25.561289],[-103.364622,25.561343],[-103.364757,25.561554],[-103.364859,25.5615]]]}},{"type":"Feature","properties":{},"geometry":{"type":"Polygon","coordinates":[[[-103.364961,25.561446],[-103.364826,25.561235],[-103.364724,25.561289],[-103.364859,25.5615],[-103.364961,25.561446]]]}},{"type":"Feature","properties":{},"geometry":{"type":"Polygon","coordinates":[[[-103.365063,25.561392],[-103.364928,25.561182],[-103.364826,25.561235],[-103.364961,25.561446],[-103.365063,25.561392]]]}},{"type":"Feature","properties":{},"geometry":{"type":"Polygon","coordinates":[[[-103.365268,25.561284],[-103.365133,25.561073],[-103.365031,25.561127],[-103.365166,25.561338],[-103.365268,25.561284]]]}},{"type":"Feature","properties":{},"geometry":{"type":"Polygon","coordinates":[[[-103.36537,25.56123],[-103.365235,25.561019],[-103.365133,25.561073],[-103.365268,25.561284],[-103.36537,25.56123]]]}},{"type":"Feature","properties":{},"geometry":{"type":"Polygon","coordinates":[[[-103.365472,25.561176],[-103.365336,25.560965],[-103.365235,25.561019],[-103.36537,25.56123],[-103.365472,25.561176]]]}},{"type":"Feature","properties":{},"geometry":{"type":"Polygon","coordinates":[[[-103.365574,25.561122],[-103.365438,25.560911],[-103.365336,25.560965],[-103.365472,25.561176],[-103.365574,25.561122]]]}},{"type":"Feature","properties":{},"geometry":{"type":"Polygon","coordinates":[[[-103.365676,25.561068],[-103.36554,25.560857],[-103.365438,25.560911],[-103.365574,25.561122],[-103.365676,25.561068]]]}},{"type":"Feature","properties":{},"geometry":{"type":"Polygon","coordinates":[[[-103.365778,25.561014],[-103.365642,25.560804],[-103.36554,25.560857],[-103.365676,25.561068],[-103.365778,25.561014]]]}},{"type":"Feature","properties":{},"geometry":{"type":"Polygon","coordinates":[[[-103.365879,25.56096],[-103.365744,25.56075],[-103.365642,25.560804],[-103.365778,25.561014],[-103.365879,25.56096]]]}},{"type":"Feature","properties":{},"geometry":{"type":"Polygon","coordinates":[[[-103.365981,25.560906],[-103.365846,25.560696],[-103.365744,25.56075],[-103.365879,25.56096],[-103.365981,25.560906]]]}},{"type":"Feature","properties":{},"geometry":{"type":"Polygon","coordinates":[[[-103.366083,25.560852],[-103.365948,25.560642],[-103.365846,25.560696],[-103.365981,25.560906],[-103.366083,25.560852]]]}},{"type":"Feature","properties":{},"geometry":{"type":"Polygon","coordinates":[[[-103.366185,25.560799],[-103.36605,25.560588],[-103.365948,25.560642],[-103.366083,25.560852],[-103.366185,25.560799]]]}},{"type":"Feature","properties":{},"geometry":{"type":"Polygon","coordinates":[[[-103.366287,25.560745],[-103.366152,25.560534],[-103.36605,25.560588],[-103.366185,25.560799],[-103.366287,25.560745]]]}},{"type":"Feature","properties":{},"geometry":{"type":"Polygon","coordinates":[[[-103.366389,25.560691],[-103.366253,25.56048],[-103.366152,25.560534],[-103.366287,25.560745],[-103.366389,25.560691]]]}},{"type":"Feature","properties":{},"geometry":{"type":"Polygon","coordinates":[[[-103.366491,25.560637],[-103.366355,25.560426],[-103.366253,25.56048],[-103.366389,25.560691],[-103.366491,25.560637]]]}},{"type":"Feature","properties":{},"geometry":{"type":"Polygon","coordinates":[[[-103.366593,25.560583],[-103.366457,25.560372],[-103.366355,25.560426],[-103.366491,25.560637],[-103.366593,25.560583]]]}},{"type":"Feature","properties":{},"geometry":{"type":"Polygon","coordinates":[[[-103.366798,25.560474],[-103.366662,25.560264],[-103.36656,25.560318],[-103.366696,25.560528],[-103.366798,25.560474]]]}},{"type":"Feature","properties":{},"geometry":{"type":"Polygon","coordinates":[[[-103.3669,25.560421],[-103.366764,25.56021],[-103.366662,25.560264],[-103.366798,25.560474],[-103.3669,25.560421]]]}},{"type":"Feature","properties":{},"geometry":{"type":"Polygon","coordinates":[[[-103.367001,25.560367],[-103.366866,25.560156],[-103.366764,25.56021],[-103.3669,25.560421],[-103.367001,25.560367]]]}},{"type":"Feature","properties":{},"geometry":{"type":"Polygon","coordinates":[[[-103.367103,25.560313],[-103.366968,25.560102],[-103.366866,25.560156],[-103.367001,25.560367],[-103.367103,25.560313]]]}},{"type":"Feature","properties":{},"geometry":{"type":"Polygon","coordinates":[[[-103.367205,25.560259],[-103.36707,25.560048],[-103.366968,25.560102],[-103.367103,25.560313],[-103.367205,25.560259]]]}},{"type":"Feature","properties":{},"geometry":{"type":"Polygon","coordinates":[[[-103.367307,25.560205],[-103.367172,25.559994],[-103.36707,25.560048],[-103.367205,25.560259],[-103.367307,25.560205]]]}},{"type":"Feature","properties":{},"geometry":{"type":"Polygon","coordinates":[[[-103.367409,25.560151],[-103.367274,25.55994],[-103.367172,25.559994],[-103.367307,25.560205],[-103.367409,25.560151]]]}},{"type":"Feature","properties":{},"geometry":{"type":"Polygon","coordinates":[[[-103.367511,25.560097],[-103.367376,25.559887],[-103.367274,25.55994],[-103.367409,25.560151],[-103.367511,25.560097]]]}},{"type":"Feature","properties":{},"geometry":{"type":"Polygon","coordinates":[[[-103.367613,25.560043],[-103.367477,25.559833],[-103.367376,25.559887],[-103.367511,25.560097],[-103.367613,25.560043]]]}},{"type":"Feature","properties":{},"geometry":{"type":"Polygon","coordinates":[[[-103.367715,25.559989],[-103.367579,25.559779],[-103.367477,25.559833],[-103.367613,25.560043],[-103.367715,25.559989]]]}},{"type":"Feature","properties":{},"geometry":{"type":"Polygon","coordinates":[[[-103.367817,25.559935],[-103.367681,25.559725],[-103.367579,25.559779],[-103.367715,25.559989],[-103.367817,25.559935]]]}},{"type":"Feature","properties":{},"geometry":{"type":"Polygon","coordinates":[[[-103.367918,25.559881],[-103.367783,25.559671],[-103.367681,25.559725],[-103.367817,25.559935],[-103.367918,25.559881]]]}},{"type":"Feature","properties":{},"geometry":{"type":"Polygon","coordinates":[[[-103.36802,25.559828],[-103.367885,25.559617],[-103.367783,25.559671],[-103.367918,25.559881],[-103.36802,25.559828]]]}},{"type":"Feature","properties":{},"geometry":{"type":"Polygon","coordinates":[[[-103.368122,25.559774],[-103.367987,25.559563],[-103.367885,25.559617],[-103.36802,25.559828],[-103.368122,25.559774]]]}},{"type":"Feature","properties":{},"geometry":{"type":"Polygon","coordinates":[[[-103.368327,25.559665],[-103.368192,25.559455],[-103.36809,25.559509],[-103.368225,25.559719],[-103.368327,25.559665]]]}},{"type":"Feature","properties":{},"geometry":{"type":"Polygon","coordinates":[[[-103.368429,25.559611],[-103.368294,25.559401],[-103.368192,25.559455],[-103.368327,25.559665],[-103.368429,25.559611]]]}},{"type":"Feature","properties":{},"geometry":{"type":"Polygon","coordinates":[[[-103.368531,25.559557],[-103.368396,25.559347],[-103.368294,25.559401],[-103.368429,25.559611],[-103.368531,25.559557]]]}},{"type":"Feature","properties":{},"geometry":{"type":"Polygon","coordinates":[[[-103.368633,25.559503],[-103.368498,25.559293],[-103.368396,25.559347],[-103.368531,25.559557],[-103.368633,25.559503]]]}},{"type":"Feature","properties":{},"geometry":{"type":"Polygon","coordinates":[[[-103.368735,25.55945],[-103.368599,25.559239],[-103.368498,25.559293],[-103.368633,25.559503],[-103.368735,25.55945]]]}},{"type":"Feature","properties":{},"geometry":{"type":"Polygon","coordinates":[[[-103.358121,25.565472],[-103.357986,25.565261],[-103.357884,25.565315],[-103.358019,25.565526],[-103.358121,25.565472]]]}},{"type":"Feature","properties":{},"geometry":{"type":"Polygon","coordinates":[[[-103.358223,25.565418],[-103.358087,25.565207],[-103.357986,25.565261],[-103.358121,25.565472],[-103.358223,25.565418]]]}},{"type":"Feature","properties":{},"geometry":{"type":"Polygon","coordinates":[[[-103.358325,25.565364],[-103.358189,25.565153],[-103.358087,25.565207],[-103.358223,25.565418],[-103.358325,25.565364]]]}},{"type":"Feature","properties":{},"geometry":{"type":"Polygon","coordinates":[[[-103.358427,25.56531],[-103.358291,25.5651],[-103.358189,25.565153],[-103.358325,25.565364],[-103.358427,25.56531]]]}},{"type":"Feature","properties":{},"geometry":{"type":"Polygon","coordinates":[[[-103.358528,25.565256],[-103.358393,25.565046],[-103.358291,25.5651],[-103.358427,25.56531],[-103.358528,25.565256]]]}},{"type":"Feature","properties":{},"geometry":{"type":"Polygon","coordinates":[[[-103.35863,25.565202],[-103.358495,25.564992],[-103.358393,25.565046],[-103.358528,25.565256],[-103.35863,25.565202]]]}},{"type":"Feature","properties":{},"geometry":{"type":"Polygon","coordinates":[[[-103.358732,25.565148],[-103.358597,25.564938],[-103.358495,25.564992],[-103.35863,25.565202],[-103.358732,25.565148]]]}},{"type":"Feature","properties":{},"geometry":{"type":"Polygon","coordinates":[[[-103.358834,25.565095],[-103.358699,25.564884],[-103.358597,25.564938],[-103.358732,25.565148],[-103.358834,25.565095]]]}},{"type":"Feature","properties":{},"geometry":{"type":"Polygon","coordinates":[[[-103.358936,25.565041],[-103.358801,25.56483],[-103.358699,25.564884],[-103.358834,25.565095],[-103.358936,25.565041]]]}},{"type":"Feature","properties":{},"geometry":{"type":"Polygon","coordinates":[[[-103.359038,25.564987],[-103.358903,25.564776],[-103.358801,25.56483],[-103.358936,25.565041],[-103.359038,25.564987]]]}},{"type":"Feature","properties":{},"geometry":{"type":"Polygon","coordinates":[[[-103.35914,25.564933],[-103.359004,25.564722],[-103.358903,25.564776],[-103.359038,25.564987],[-103.35914,25.564933]]]}},{"type":"Feature","properties":{},"geometry":{"type":"Polygon","coordinates":[[[-103.359345,25.564824],[-103.35921,25.564614],[-103.359108,25.564668],[-103.359243,25.564878],[-103.359345,25.564824]]]}},{"type":"Feature","properties":{},"geometry":{"type":"Polygon","coordinates":[[[-103.359447,25.564771],[-103.359311,25.56456],[-103.35921,25.564614],[-103.359345,25.564824],[-103.359447,25.564771]]]}},{"type":"Feature","properties":{},"geometry":{"type":"Polygon","coordinates":[[[-103.359549,25.564717],[-103.359413,25.564506],[-103.359311,25.56456],[-103.359447,25.564771],[-103.359549,25.564717]]]}},{"type":"Feature","properties":{},"geometry":{"type":"Polygon","coordinates":[[[-103.359651,25.564663],[-103.359515,25.564452],[-103.359413,25.564506],[-103.359549,25.564717],[-103.359651,25.564663]]]}},{"type":"Feature","properties":{},"geometry":{"type":"Polygon","coordinates":[[[-103.359753,25.564609],[-103.359617,25.564398],[-103.359515,25.564452],[-103.359651,25.564663],[-103.359753,25.564609]]]}},{"type":"Feature","properties":{},"geometry":{"type":"Polygon","coordinates":[[[-103.359854,25.564555],[-103.359719,25.564344],[-103.359617,25.564398],[-103.359753,25.564609],[-103.359854,25.564555]]]}},{"type":"Feature","properties":{},"geometry":{"type":"Polygon","coordinates":[[[-103.359956,25.564501],[-103.359821,25.56429],[-103.359719,25.564344],[-103.359854,25.564555],[-103.359956,25.564501]]]}},{"type":"Feature","properties":{},"geometry":{"type":"Polygon","coordinates":[[[-103.360058,25.564447],[-103.359923,25.564237],[-103.359821,25.56429],[-103.359956,25.564501],[-103.360058,25.564447]]]}},{"type":"Feature","properties":{},"geometry":{"type":"Polygon","coordinates":[[[-103.36016,25.564393],[-103.360025,25.564183],[-103.359923,25.564237],[-103.360058,25.564447],[-103.36016,25.564393]]]}},{"type":"Feature","properties":{},"geometry":{"type":"Polygon","coordinates":[[[-103.360262,25.564339],[-103.360127,25.564129],[-103.360025,25.564183],[-103.36016,25.564393],[-103.360262,25.564339]]]}},{"type":"Feature","properties":{},"geometry":{"type":"Polygon","coordinates":[[[-103.361282,25.5638],[-103.361147,25.563589],[-103.361045,25.563643],[-103.36118,25.563854],[-103.361282,25.5638]]]}},{"type":"Feature","properties":{},"geometry":{"type":"Polygon","coordinates":[[[-103.361384,25.563746],[-103.361249,25.563535],[-103.361147,25.563589],[-103.361282,25.5638],[-103.361384,25.563746]]]}},{"type":"Feature","properties":{},"geometry":{"type":"Polygon","coordinates":[[[-103.361486,25.563692],[-103.361351,25.563481],[-103.361249,25.563535],[-103.361384,25.563746],[-103.361486,25.563692]]]}},{"type":"Feature","properties":{},"geometry":{"type":"Polygon","coordinates":[[[-103.361588,25.563638],[-103.361453,25.563427],[-103.361351,25.563481],[-103.361486,25.563692],[-103.361588,25.563638]]]}},{"type":"Feature","properties":{},"geometry":{"type":"Polygon","coordinates":[[[-103.36169,25.563584],[-103.361554,25.563374],[-103.361453,25.563427],[-103.361588,25.563638],[-103.36169,25.563584]]]}},{"type":"Feature","properties":{},"geometry":{"type":"Polygon","coordinates":[[[-103.361792,25.56353],[-103.361656,25.56332],[-103.361554,25.563374],[-103.36169,25.563584],[-103.361792,25.56353]]]}},{"type":"Feature","properties":{},"geometry":{"type":"Polygon","coordinates":[[[-103.361894,25.563476],[-103.361758,25.563266],[-103.361656,25.56332],[-103.361792,25.56353],[-103.361894,25.563476]]]}},{"type":"Feature","properties":{},"geometry":{"type":"Polygon","coordinates":[[[-103.361995,25.563422],[-103.36186,25.563212],[-103.361758,25.563266],[-103.361894,25.563476],[-103.361995,25.563422]]]}},{"type":"Feature","properties":{},"geometry":{"type":"Polygon","coordinates":[[[-103.362097,25.563368],[-103.361962,25.563158],[-103.36186,25.563212],[-103.361995,25.563422],[-103.362097,25.563368]]]}},{"type":"Feature","properties":{},"geometry":{"type":"Polygon","coordinates":[[[-103.362199,25.563315],[-103.362064,25.563104],[-103.361962,25.563158],[-103.362097,25.563368],[-103.362199,25.563315]]]}},{"type":"Feature","properties":{},"geometry":{"type":"Polygon","coordinates":[[[-103.362404,25.563206],[-103.362269,25.562996],[-103.362167,25.563049],[-103.362302,25.56326],[-103.362404,25.563206]]]}},{"type":"Feature","properties":{},"geometry":{"type":"Polygon","coordinates":[[[-103.362506,25.563152],[-103.362371,25.562942],[-103.362269,25.562996],[-103.362404,25.563206],[-103.362506,25.563152]]]}},{"type":"Feature","properties":{},"geometry":{"type":"Polygon","coordinates":[[[-103.362608,25.563098],[-103.362473,25.562888],[-103.362371,25.562942],[-103.362506,25.563152],[-103.362608,25.563098]]]}},{"type":"Feature","properties":{},"geometry":{"type":"Polygon","coordinates":[[[-103.36271,25.563044],[-103.362575,25.562834],[-103.362473,25.562888],[-103.362608,25.563098],[-103.36271,25.563044]]]}},{"type":"Feature","properties":{},"geometry":{"type":"Polygon","coordinates":[[[-103.362812,25.562991],[-103.362677,25.56278],[-103.362575,25.562834],[-103.36271,25.563044],[-103.362812,25.562991]]]}},{"type":"Feature","properties":{},"geometry":{"type":"Polygon","coordinates":[[[-103.362914,25.562937],[-103.362778,25.562726],[-103.362677,25.56278],[-103.362812,25.562991],[-103.362914,25.562937]]]}},{"type":"Feature","properties":{},"geometry":{"type":"Polygon","coordinates":[[[-103.363016,25.562883],[-103.36288,25.562672],[-103.362778,25.562726],[-103.362914,25.562937],[-103.363016,25.562883]]]}},{"type":"Feature","properties":{},"geometry":{"type":"Polygon","coordinates":[[[-103.363118,25.562829],[-103.362982,25.562618],[-103.36288,25.562672],[-103.363016,25.562883],[-103.363118,25.562829]]]}},{"type":"Feature","properties":{},"geometry":{"type":"Polygon","coordinates":[[[-103.363219,25.562775],[-103.363084,25.562564],[-103.362982,25.562618],[-103.363118,25.562829],[-103.363219,25.562775]]]}},{"type":"Feature","properties":{},"geometry":{"type":"Polygon","coordinates":[[[-103.363321,25.562721],[-103.363186,25.56251],[-103.363084,25.562564],[-103.363219,25.562775],[-103.363321,25.562721]]]}},{"type":"Feature","properties":{},"geometry":{"type":"Polygon","coordinates":[[[-103.363423,25.562667],[-103.363288,25.562457],[-103.363186,25.56251],[-103.363321,25.562721],[-103.363423,25.562667]]]}},{"type":"Feature","properties":{},"geometry":{"type":"Polygon","coordinates":[[[-103.363525,25.562613],[-103.36339,25.562403],[-103.363288,25.562457],[-103.363423,25.562667],[-103.363525,25.562613]]]}},{"type":"Feature","properties":{},"geometry":{"type":"Polygon","coordinates":[[[-103.363627,25.562559],[-103.363492,25.562349],[-103.36339,25.562403],[-103.363525,25.562613],[-103.363627,25.562559]]]}},{"type":"Feature","properties":{},"geometry":{"type":"Polygon","coordinates":[[[-103.363729,25.562505],[-103.363594,25.562295],[-103.363492,25.562349],[-103.363627,25.562559],[-103.363729,25.562505]]]}},{"type":"Feature","properties":{},"geometry":{"type":"Polygon","coordinates":[[[-103.363934,25.562397],[-103.363799,25.562186],[-103.363697,25.56224],[-103.363832,25.562451],[-103.363934,25.562397]]]}},{"type":"Feature","properties":{},"geometry":{"type":"Polygon","coordinates":[[[-103.364036,25.562343],[-103.3639,25.562132],[-103.363799,25.562186],[-103.363934,25.562397],[-103.364036,25.562343]]]}},{"type":"Feature","properties":{},"geometry":{"type":"Polygon","coordinates":[[[-103.364138,25.562289],[-103.364002,25.562079],[-103.3639,25.562132],[-103.364036,25.562343],[-103.364138,25.562289]]]}},{"type":"Feature","properties":{},"geometry":{"type":"Polygon","coordinates":[[[-103.36424,25.562235],[-103.364104,25.562025],[-103.364002,25.562079],[-103.364138,25.562289],[-103.36424,25.562235]]]}},{"type":"Feature","properties":{},"geometry":{"type":"Polygon","coordinates":[[[-103.364342,25.562181],[-103.364206,25.561971],[-103.364104,25.562025],[-103.36424,25.562235],[-103.364342,25.562181]]]}},{"type":"Feature","properties":{},"geometry":{"type":"Polygon","coordinates":[[[-103.364443,25.562127],[-103.364308,25.561917],[-103.364206,25.561971],[-103.364342,25.562181],[-103.364443,25.562127]]]}},{"type":"Feature","properties":{},"geometry":{"type":"Polygon","coordinates":[[[-103.364545,25.562074],[-103.36441,25.561863],[-103.364308,25.561917],[-103.364443,25.562127],[-103.364545,25.562074]]]}},{"type":"Feature","properties":{},"geometry":{"type":"Polygon","coordinates":[[[-103.364647,25.56202],[-103.364512,25.561809],[-103.36441,25.561863],[-103.364545,25.562074],[-103.364647,25.56202]]]}},{"type":"Feature","properties":{},"geometry":{"type":"Polygon","coordinates":[[[-103.364749,25.561966],[-103.364614,25.561755],[-103.364512,25.561809],[-103.364647,25.56202],[-103.364749,25.561966]]]}},{"type":"Feature","properties":{},"geometry":{"type":"Polygon","coordinates":[[[-103.364851,25.561912],[-103.364716,25.561701],[-103.364614,25.561755],[-103.364749,25.561966],[-103.364851,25.561912]]]}},{"type":"Feature","properties":{},"geometry":{"type":"Polygon","coordinates":[[[-103.364953,25.561858],[-103.364818,25.561647],[-103.364716,25.561701],[-103.364851,25.561912],[-103.364953,25.561858]]]}},{"type":"Feature","properties":{},"geometry":{"type":"Polygon","coordinates":[[[-103.365055,25.561804],[-103.364919,25.561593],[-103.364818,25.561647],[-103.364953,25.561858],[-103.365055,25.561804]]]}},{"type":"Feature","properties":{},"geometry":{"type":"Polygon","coordinates":[[[-103.365157,25.56175],[-103.365021,25.56154],[-103.364919,25.561593],[-103.365055,25.561804],[-103.365157,25.56175]]]}},{"type":"Feature","properties":{},"geometry":{"type":"Polygon","coordinates":[[[-103.365259,25.561696],[-103.365123,25.561486],[-103.365021,25.56154],[-103.365157,25.56175],[-103.365259,25.561696]]]}},{"type":"Feature","properties":{},"geometry":{"type":"Polygon","coordinates":[[[-103.365464,25.561588],[-103.365328,25.561377],[-103.365226,25.561431],[-103.365362,25.561642],[-103.365464,25.561588]]]}},{"type":"Feature","properties":{},"geometry":{"type":"Polygon","coordinates":[[[-103.365565,25.561534],[-103.36543,25.561323],[-103.365328,25.561377],[-103.365464,25.561588],[-103.365565,25.561534]]]}},{"type":"Feature","properties":{},"geometry":{"type":"Polygon","coordinates":[[[-103.365667,25.56148],[-103.365532,25.561269],[-103.36543,25.561323],[-103.365565,25.561534],[-103.365667,25.56148]]]}},{"type":"Feature","properties":{},"geometry":{"type":"Polygon","coordinates":[[[-103.365769,25.561426],[-103.365634,25.561215],[-103.365532,25.561269],[-103.365667,25.56148],[-103.365769,25.561426]]]}},{"type":"Feature","properties":{},"geometry":{"type":"Polygon","coordinates":[[[-103.365871,25.561372],[-103.365736,25.561162],[-103.365634,25.561215],[-103.365769,25.561426],[-103.365871,25.561372]]]}},{"type":"Feature","properties":{},"geometry":{"type":"Polygon","coordinates":[[[-103.365973,25.561318],[-103.365838,25.561108],[-103.365736,25.561162],[-103.365871,25.561372],[-103.365973,25.561318]]]}},{"type":"Feature","properties":{},"geometry":{"type":"Polygon","coordinates":[[[-103.366075,25.561264],[-103.36594,25.561054],[-103.365838,25.561108],[-103.365973,25.561318],[-103.366075,25.561264]]]}},{"type":"Feature","properties":{},"geometry":{"type":"Polygon","coordinates":[[[-103.366177,25.56121],[-103.366041,25.561],[-103.36594,25.561054],[-103.366075,25.561264],[-103.366177,25.56121]]]}},{"type":"Feature","properties":{},"geometry":{"type":"Polygon","coordinates":[[[-103.366279,25.561157],[-103.366143,25.560946],[-103.366041,25.561],[-103.366177,25.56121],[-103.366279,25.561157]]]}},{"type":"Feature","properties":{},"geometry":{"type":"Polygon","coordinates":[[[-103.366381,25.561103],[-103.366245,25.560892],[-103.366143,25.560946],[-103.366279,25.561157],[-103.366381,25.561103]]]}},{"type":"Feature","properties":{},"geometry":{"type":"Polygon","coordinates":[[[-103.366482,25.561049],[-103.366347,25.560838],[-103.366245,25.560892],[-103.366381,25.561103],[-103.366482,25.561049]]]}},{"type":"Feature","properties":{},"geometry":{"type":"Polygon","coordinates":[[[-103.366584,25.560995],[-103.366449,25.560784],[-103.366347,25.560838],[-103.366482,25.561049],[-103.366584,25.560995]]]}},{"type":"Feature","properties":{},"geometry":{"type":"Polygon","coordinates":[[[-103.366686,25.560941],[-103.366551,25.56073],[-103.366449,25.560784],[-103.366584,25.560995],[-103.366686,25.560941]]]}},{"type":"Feature","properties":{},"geometry":{"type":"Polygon","coordinates":[[[-103.366788,25.560887],[-103.366653,25.560676],[-103.366551,25.56073],[-103.366686,25.560941],[-103.366788,25.560887]]]}},{"type":"Feature","properties":{},"geometry":{"type":"Polygon","coordinates":[[[-103.366993,25.560779],[-103.366858,25.560568],[-103.366756,25.560622],[-103.366891,25.560832],[-103.366993,25.560779]]]}},{"type":"Feature","properties":{},"geometry":{"type":"Polygon","coordinates":[[[-103.367095,25.560725],[-103.36696,25.560514],[-103.366858,25.560568],[-103.366993,25.560779],[-103.367095,25.560725]]]}},{"type":"Feature","properties":{},"geometry":{"type":"Polygon","coordinates":[[[-103.367197,25.560671],[-103.367062,25.56046],[-103.36696,25.560514],[-103.367095,25.560725],[-103.367197,25.560671]]]}},{"type":"Feature","properties":{},"geometry":{"type":"Polygon","coordinates":[[[-103.367299,25.560617],[-103.367164,25.560406],[-103.367062,25.56046],[-103.367197,25.560671],[-103.367299,25.560617]]]}},{"type":"Feature","properties":{},"geometry":{"type":"Polygon","coordinates":[[[-103.367401,25.560563],[-103.367265,25.560352],[-103.367164,25.560406],[-103.367299,25.560617],[-103.367401,25.560563]]]}},{"type":"Feature","properties":{},"geometry":{"type":"Polygon","coordinates":[[[-103.367503,25.560509],[-103.367367,25.560298],[-103.367265,25.560352],[-103.367401,25.560563],[-103.367503,25.560509]]]}},{"type":"Feature","properties":{},"geometry":{"type":"Polygon","coordinates":[[[-103.367605,25.560455],[-103.367469,25.560245],[-103.367367,25.560298],[-103.367503,25.560509],[-103.367605,25.560455]]]}},{"type":"Feature","properties":{},"geometry":{"type":"Polygon","coordinates":[[[-103.367706,25.560401],[-103.367571,25.560191],[-103.367469,25.560245],[-103.367605,25.560455],[-103.367706,25.560401]]]}},{"type":"Feature","properties":{},"geometry":{"type":"Polygon","coordinates":[[[-103.367808,25.560347],[-103.367673,25.560137],[-103.367571,25.560191],[-103.367706,25.560401],[-103.367808,25.560347]]]}},{"type":"Feature","properties":{},"geometry":{"type":"Polygon","coordinates":[[[-103.36791,25.560293],[-103.367775,25.560083],[-103.367673,25.560137],[-103.367808,25.560347],[-103.36791,25.560293]]]}},{"type":"Feature","properties":{},"geometry":{"type":"Polygon","coordinates":[[[-103.368012,25.56024],[-103.367877,25.560029],[-103.367775,25.560083],[-103.36791,25.560293],[-103.368012,25.56024]]]}},{"type":"Feature","properties":{},"geometry":{"type":"Polygon","coordinates":[[[-103.368114,25.560186],[-103.367979,25.559975],[-103.367877,25.560029],[-103.368012,25.56024],[-103.368114,25.560186]]]}},{"type":"Feature","properties":{},"geometry":{"type":"Polygon","coordinates":[[[-103.368216,25.560132],[-103.368081,25.559921],[-103.367979,25.559975],[-103.368114,25.560186],[-103.368216,25.560132]]]}},{"type":"Feature","properties":{},"geometry":{"type":"Polygon","coordinates":[[[-103.368318,25.560078],[-103.368182,25.559867],[-103.368081,25.559921],[-103.368216,25.560132],[-103.368318,25.560078]]]}},{"type":"Feature","properties":{},"geometry":{"type":"Polygon","coordinates":[[[-103.368523,25.559969],[-103.368387,25.559759],[-103.368286,25.559813],[-103.368421,25.560023],[-103.368523,25.559969]]]}},{"type":"Feature","properties":{},"geometry":{"type":"Polygon","coordinates":[[[-103.368625,25.559915],[-103.368489,25.559705],[-103.368387,25.559759],[-103.368523,25.559969],[-103.368625,25.559915]]]}},{"type":"Feature","properties":{},"geometry":{"type":"Polygon","coordinates":[[[-103.368727,25.559861],[-103.368591,25.559651],[-103.368489,25.559705],[-103.368625,25.559915],[-103.368727,25.559861]]]}},{"type":"Feature","properties":{},"geometry":{"type":"Polygon","coordinates":[[[-103.368828,25.559808],[-103.368693,25.559597],[-103.368591,25.559651],[-103.368727,25.559861],[-103.368828,25.559808]]]}},{"type":"Feature","properties":{},"geometry":{"type":"Polygon","coordinates":[[[-103.36893,25.559754],[-103.368795,25.559543],[-103.368693,25.559597],[-103.368828,25.559808],[-103.36893,25.559754]]]}},{"type":"Feature","properties":{},"geometry":{"type":"Polygon","coordinates":[[[-103.358154,25.565736],[-103.358019,25.565526],[-103.357917,25.56558],[-103.358052,25.56579],[-103.358154,25.565736]]]}},{"type":"Feature","properties":{},"geometry":{"type":"Polygon","coordinates":[[[-103.358256,25.565682],[-103.358121,25.565472],[-103.358019,25.565526],[-103.358154,25.565736],[-103.358256,25.565682]]]}},{"type":"Feature","properties":{},"geometry":{"type":"Polygon","coordinates":[[[-103.358358,25.565629],[-103.358223,25.565418],[-103.358121,25.565472],[-103.358256,25.565682],[-103.358358,25.565629]]]}},{"type":"Feature","properties":{},"geometry":{"type":"Polygon","coordinates":[[[-103.35846,25.565575],[-103.358325,25.565364],[-103.358223,25.565418],[-103.358358,25.565629],[-103.35846,25.565575]]]}},{"type":"Feature","properties":{},"geometry":{"type":"Polygon","coordinates":[[[-103.358562,25.565521],[-103.358427,25.56531],[-103.358325,25.565364],[-103.35846,25.565575],[-103.358562,25.565521]]]}},{"type":"Feature","properties":{},"geometry":{"type":"Polygon","coordinates":[[[-103.358664,25.565467],[-103.358528,25.565256],[-103.358427,25.56531],[-103.358562,25.565521],[-103.358664,25.565467]]]}},{"type":"Feature","properties":{},"geometry":{"type":"Polygon","coordinates":[[[-103.358766,25.565413],[-103.35863,25.565202],[-103.358528,25.565256],[-103.358664,25.565467],[-103.358766,25.565413]]]}},{"type":"Feature","properties":{},"geometry":{"type":"Polygon","coordinates":[[[-103.358868,25.565359],[-103.358732,25.565148],[-103.35863,25.565202],[-103.358766,25.565413],[-103.358868,25.565359]]]}},{"type":"Feature","properties":{},"geometry":{"type":"Polygon","coordinates":[[[-103.35897,25.565305],[-103.358834,25.565095],[-103.358732,25.565148],[-103.358868,25.565359],[-103.35897,25.565305]]]}},{"type":"Feature","properties":{},"geometry":{"type":"Polygon","coordinates":[[[-103.359071,25.565251],[-103.358936,25.565041],[-103.358834,25.565095],[-103.35897,25.565305],[-103.359071,25.565251]]]}},{"type":"Feature","properties":{},"geometry":{"type":"Polygon","coordinates":[[[-103.359173,25.565197],[-103.359038,25.564987],[-103.358936,25.565041],[-103.359071,25.565251],[-103.359173,25.565197]]]}},{"type":"Feature","properties":{},"geometry":{"type":"Polygon","coordinates":[[[-103.359275,25.565143],[-103.35914,25.564933],[-103.359038,25.564987],[-103.359173,25.565197],[-103.359275,25.565143]]]}},{"type":"Feature","properties":{},"geometry":{"type":"Polygon","coordinates":[[[-103.35948,25.565035],[-103.359345,25.564824],[-103.359243,25.564878],[-103.359378,25.565089],[-103.35948,25.565035]]]}},{"type":"Feature","properties":{},"geometry":{"type":"Polygon","coordinates":[[[-103.359582,25.564981],[-103.359447,25.564771],[-103.359345,25.564824],[-103.35948,25.565035],[-103.359582,25.564981]]]}},{"type":"Feature","properties":{},"geometry":{"type":"Polygon","coordinates":[[[-103.359684,25.564927],[-103.359549,25.564717],[-103.359447,25.564771],[-103.359582,25.564981],[-103.359684,25.564927]]]}},{"type":"Feature","properties":{},"geometry":{"type":"Polygon","coordinates":[[[-103.359786,25.564873],[-103.359651,25.564663],[-103.359549,25.564717],[-103.359684,25.564927],[-103.359786,25.564873]]]}},{"type":"Feature","properties":{},"geometry":{"type":"Polygon","coordinates":[[[-103.359888,25.564819],[-103.359753,25.564609],[-103.359651,25.564663],[-103.359786,25.564873],[-103.359888,25.564819]]]}},{"type":"Feature","properties":{},"geometry":{"type":"Polygon","coordinates":[[[-103.35999,25.564765],[-103.359854,25.564555],[-103.359753,25.564609],[-103.359888,25.564819],[-103.35999,25.564765]]]}},{"type":"Feature","properties":{},"geometry":{"type":"Polygon","coordinates":[[[-103.360092,25.564712],[-103.359956,25.564501],[-103.359854,25.564555],[-103.35999,25.564765],[-103.360092,25.564712]]]}},{"type":"Feature","properties":{},"geometry":{"type":"Polygon","coordinates":[[[-103.360194,25.564658],[-103.360058,25.564447],[-103.359956,25.564501],[-103.360092,25.564712],[-103.360194,25.564658]]]}},{"type":"Feature","properties":{},"geometry":{"type":"Polygon","coordinates":[[[-103.360295,25.564604],[-103.36016,25.564393],[-103.360058,25.564447],[-103.360194,25.564658],[-103.360295,25.564604]]]}},{"type":"Feature","properties":{},"geometry":{"type":"Polygon","coordinates":[[[-103.360397,25.56455],[-103.360262,25.564339],[-103.36016,25.564393],[-103.360295,25.564604],[-103.360397,25.56455]]]}},{"type":"Feature","properties":{},"geometry":{"type":"Polygon","coordinates":[[[-103.360499,25.564496],[-103.360364,25.564285],[-103.360262,25.564339],[-103.360397,25.56455],[-103.360499,25.564496]]]}},{"type":"Feature","properties":{},"geometry":{"type":"Polygon","coordinates":[[[-103.360601,25.564442],[-103.360466,25.564232],[-103.360364,25.564285],[-103.360499,25.564496],[-103.360601,25.564442]]]}},{"type":"Feature","properties":{},"geometry":{"type":"Polygon","coordinates":[[[-103.360703,25.564388],[-103.360568,25.564178],[-103.360466,25.564232],[-103.360601,25.564442],[-103.360703,25.564388]]]}},{"type":"Feature","properties":{},"geometry":{"type":"Polygon","coordinates":[[[-103.360805,25.564334],[-103.36067,25.564124],[-103.360568,25.564178],[-103.360703,25.564388],[-103.360805,25.564334]]]}},{"type":"Feature","properties":{},"geometry":{"type":"Polygon","coordinates":[[[-103.36101,25.564226],[-103.360875,25.564015],[-103.360773,25.564069],[-103.360908,25.56428],[-103.36101,25.564226]]]}},{"type":"Feature","properties":{},"geometry":{"type":"Polygon","coordinates":[[[-103.361112,25.564172],[-103.360977,25.563961],[-103.360875,25.564015],[-103.36101,25.564226],[-103.361112,25.564172]]]}},{"type":"Feature","properties":{},"geometry":{"type":"Polygon","coordinates":[[[-103.361214,25.564118],[-103.361078,25.563907],[-103.360977,25.563961],[-103.361112,25.564172],[-103.361214,25.564118]]]}},{"type":"Feature","properties":{},"geometry":{"type":"Polygon","coordinates":[[[-103.361316,25.564064],[-103.36118,25.563854],[-103.361078,25.563907],[-103.361214,25.564118],[-103.361316,25.564064]]]}},{"type":"Feature","properties":{},"geometry":{"type":"Polygon","coordinates":[[[-103.361418,25.56401],[-103.361282,25.5638],[-103.36118,25.563854],[-103.361316,25.564064],[-103.361418,25.56401]]]}},{"type":"Feature","properties":{},"geometry":{"type":"Polygon","coordinates":[[[-103.361519,25.563956],[-103.361384,25.563746],[-103.361282,25.5638],[-103.361418,25.56401],[-103.361519,25.563956]]]}},{"type":"Feature","properties":{},"geometry":{"type":"Polygon","coordinates":[[[-103.361621,25.563902],[-103.361486,25.563692],[-103.361384,25.563746],[-103.361519,25.563956],[-103.361621,25.563902]]]}},{"type":"Feature","properties":{},"geometry":{"type":"Polygon","coordinates":[[[-103.361723,25.563849],[-103.361588,25.563638],[-103.361486,25.563692],[-103.361621,25.563902],[-103.361723,25.563849]]]}},{"type":"Feature","properties":{},"geometry":{"type":"Polygon","coordinates":[[[-103.361825,25.563795],[-103.36169,25.563584],[-103.361588,25.563638],[-103.361723,25.563849],[-103.361825,25.563795]]]}},{"type":"Feature","properties":{},"geometry":{"type":"Polygon","coordinates":[[[-103.361927,25.563741],[-103.361792,25.56353],[-103.36169,25.563584],[-103.361825,25.563795],[-103.361927,25.563741]]]}},{"type":"Feature","properties":{},"geometry":{"type":"Polygon","coordinates":[[[-103.362029,25.563687],[-103.361894,25.563476],[-103.361792,25.56353],[-103.361927,25.563741],[-103.362029,25.563687]]]}},{"type":"Feature","properties":{},"geometry":{"type":"Polygon","coordinates":[[[-103.362131,25.563633],[-103.361995,25.563422],[-103.361894,25.563476],[-103.362029,25.563687],[-103.362131,25.563633]]]}},{"type":"Feature","properties":{},"geometry":{"type":"Polygon","coordinates":[[[-103.362233,25.563579],[-103.362097,25.563368],[-103.361995,25.563422],[-103.362131,25.563633],[-103.362233,25.563579]]]}},{"type":"Feature","properties":{},"geometry":{"type":"Polygon","coordinates":[[[-103.362335,25.563525],[-103.362199,25.563315],[-103.362097,25.563368],[-103.362233,25.563579],[-103.362335,25.563525]]]}},{"type":"Feature","properties":{},"geometry":{"type":"Polygon","coordinates":[[[-103.36254,25.563417],[-103.362404,25.563206],[-103.362302,25.56326],[-103.362438,25.563471],[-103.36254,25.563417]]]}},{"type":"Feature","properties":{},"geometry":{"type":"Polygon","coordinates":[[[-103.362642,25.563363],[-103.362506,25.563152],[-103.362404,25.563206],[-103.36254,25.563417],[-103.362642,25.563363]]]}},{"type":"Feature","properties":{},"geometry":{"type":"Polygon","coordinates":[[[-103.362743,25.563309],[-103.362608,25.563098],[-103.362506,25.563152],[-103.362642,25.563363],[-103.362743,25.563309]]]}},{"type":"Feature","properties":{},"geometry":{"type":"Polygon","coordinates":[[[-103.362845,25.563255],[-103.36271,25.563044],[-103.362608,25.563098],[-103.362743,25.563309],[-103.362845,25.563255]]]}},{"type":"Feature","properties":{},"geometry":{"type":"Polygon","coordinates":[[[-103.362947,25.563201],[-103.362812,25.562991],[-103.36271,25.563044],[-103.362845,25.563255],[-103.362947,25.563201]]]}},{"type":"Feature","properties":{},"geometry":{"type":"Polygon","coordinates":[[[-103.363049,25.563147],[-103.362914,25.562937],[-103.362812,25.562991],[-103.362947,25.563201],[-103.363049,25.563147]]]}},{"type":"Feature","properties":{},"geometry":{"type":"Polygon","coordinates":[[[-103.363151,25.563093],[-103.363016,25.562883],[-103.362914,25.562937],[-103.363049,25.563147],[-103.363151,25.563093]]]}},{"type":"Feature","properties":{},"geometry":{"type":"Polygon","coordinates":[[[-103.363253,25.563039],[-103.363118,25.562829],[-103.363016,25.562883],[-103.363151,25.563093],[-103.363253,25.563039]]]}},{"type":"Feature","properties":{},"geometry":{"type":"Polygon","coordinates":[[[-103.363355,25.562985],[-103.363219,25.562775],[-103.363118,25.562829],[-103.363253,25.563039],[-103.363355,25.562985]]]}},{"type":"Feature","properties":{},"geometry":{"type":"Polygon","coordinates":[[[-103.363457,25.562932],[-103.363321,25.562721],[-103.363219,25.562775],[-103.363355,25.562985],[-103.363457,25.562932]]]}},{"type":"Feature","properties":{},"geometry":{"type":"Polygon","coordinates":[[[-103.363559,25.562878],[-103.363423,25.562667],[-103.363321,25.562721],[-103.363457,25.562932],[-103.363559,25.562878]]]}},{"type":"Feature","properties":{},"geometry":{"type":"Polygon","coordinates":[[[-103.36366,25.562824],[-103.363525,25.562613],[-103.363423,25.562667],[-103.363559,25.562878],[-103.36366,25.562824]]]}},{"type":"Feature","properties":{},"geometry":{"type":"Polygon","coordinates":[[[-103.363762,25.56277],[-103.363627,25.562559],[-103.363525,25.562613],[-103.36366,25.562824],[-103.363762,25.56277]]]}},{"type":"Feature","properties":{},"geometry":{"type":"Polygon","coordinates":[[[-103.363864,25.562716],[-103.363729,25.562505],[-103.363627,25.562559],[-103.363762,25.56277],[-103.363864,25.562716]]]}},{"type":"Feature","properties":{},"geometry":{"type":"Polygon","coordinates":[[[-103.364069,25.562607],[-103.363934,25.562397],[-103.363832,25.562451],[-103.363967,25.562661],[-103.364069,25.562607]]]}},{"type":"Feature","properties":{},"geometry":{"type":"Polygon","coordinates":[[[-103.364171,25.562554],[-103.364036,25.562343],[-103.363934,25.562397],[-103.364069,25.562607],[-103.364171,25.562554]]]}},{"type":"Feature","properties":{},"geometry":{"type":"Polygon","coordinates":[[[-103.364273,25.5625],[-103.364138,25.562289],[-103.364036,25.562343],[-103.364171,25.562554],[-103.364273,25.5625]]]}},{"type":"Feature","properties":{},"geometry":{"type":"Polygon","coordinates":[[[-103.364375,25.562446],[-103.36424,25.562235],[-103.364138,25.562289],[-103.364273,25.5625],[-103.364375,25.562446]]]}},{"type":"Feature","properties":{},"geometry":{"type":"Polygon","coordinates":[[[-103.364477,25.562392],[-103.364342,25.562181],[-103.36424,25.562235],[-103.364375,25.562446],[-103.364477,25.562392]]]}},{"type":"Feature","properties":{},"geometry":{"type":"Polygon","coordinates":[[[-103.364579,25.562338],[-103.364443,25.562127],[-103.364342,25.562181],[-103.364477,25.562392],[-103.364579,25.562338]]]}},{"type":"Feature","properties":{},"geometry":{"type":"Polygon","coordinates":[[[-103.364681,25.562284],[-103.364545,25.562074],[-103.364443,25.562127],[-103.364579,25.562338],[-103.364681,25.562284]]]}},{"type":"Feature","properties":{},"geometry":{"type":"Polygon","coordinates":[[[-103.364783,25.56223],[-103.364647,25.56202],[-103.364545,25.562074],[-103.364681,25.562284],[-103.364783,25.56223]]]}},{"type":"Feature","properties":{},"geometry":{"type":"Polygon","coordinates":[[[-103.364884,25.562176],[-103.364749,25.561966],[-103.364647,25.56202],[-103.364783,25.56223],[-103.364884,25.562176]]]}},{"type":"Feature","properties":{},"geometry":{"type":"Polygon","coordinates":[[[-103.364986,25.562122],[-103.364851,25.561912],[-103.364749,25.561966],[-103.364884,25.562176],[-103.364986,25.562122]]]}},{"type":"Feature","properties":{},"geometry":{"type":"Polygon","coordinates":[[[-103.365088,25.562068],[-103.364953,25.561858],[-103.364851,25.561912],[-103.364986,25.562122],[-103.365088,25.562068]]]}},{"type":"Feature","properties":{},"geometry":{"type":"Polygon","coordinates":[[[-103.36519,25.562015],[-103.365055,25.561804],[-103.364953,25.561858],[-103.365088,25.562068],[-103.36519,25.562015]]]}},{"type":"Feature","properties":{},"geometry":{"type":"Polygon","coordinates":[[[-103.365292,25.561961],[-103.365157,25.56175],[-103.365055,25.561804],[-103.36519,25.562015],[-103.365292,25.561961]]]}},{"type":"Feature","properties":{},"geometry":{"type":"Polygon","coordinates":[[[-103.365394,25.561907],[-103.365259,25.561696],[-103.365157,25.56175],[-103.365292,25.561961],[-103.365394,25.561907]]]}},{"type":"Feature","properties":{},"geometry":{"type":"Polygon","coordinates":[[[-103.365599,25.561798],[-103.365464,25.561588],[-103.365362,25.561642],[-103.365497,25.561852],[-103.365599,25.561798]]]}},{"type":"Feature","properties":{},"geometry":{"type":"Polygon","coordinates":[[[-103.365701,25.561744],[-103.365565,25.561534],[-103.365464,25.561588],[-103.365599,25.561798],[-103.365701,25.561744]]]}},{"type":"Feature","properties":{},"geometry":{"type":"Polygon","coordinates":[[[-103.365803,25.56169],[-103.365667,25.56148],[-103.365565,25.561534],[-103.365701,25.561744],[-103.365803,25.56169]]]}},{"type":"Feature","properties":{},"geometry":{"type":"Polygon","coordinates":[[[-103.365905,25.561637],[-103.365769,25.561426],[-103.365667,25.56148],[-103.365803,25.56169],[-103.365905,25.561637]]]}},{"type":"Feature","properties":{},"geometry":{"type":"Polygon","coordinates":[[[-103.366007,25.561583],[-103.365871,25.561372],[-103.365769,25.561426],[-103.365905,25.561637],[-103.366007,25.561583]]]}},{"type":"Feature","properties":{},"geometry":{"type":"Polygon","coordinates":[[[-103.366108,25.561529],[-103.365973,25.561318],[-103.365871,25.561372],[-103.366007,25.561583],[-103.366108,25.561529]]]}},{"type":"Feature","properties":{},"geometry":{"type":"Polygon","coordinates":[[[-103.36621,25.561475],[-103.366075,25.561264],[-103.365973,25.561318],[-103.366108,25.561529],[-103.36621,25.561475]]]}},{"type":"Feature","properties":{},"geometry":{"type":"Polygon","coordinates":[[[-103.366312,25.561421],[-103.366177,25.56121],[-103.366075,25.561264],[-103.36621,25.561475],[-103.366312,25.561421]]]}},{"type":"Feature","properties":{},"geometry":{"type":"Polygon","coordinates":[[[-103.366414,25.561367],[-103.366279,25.561157],[-103.366177,25.56121],[-103.366312,25.561421],[-103.366414,25.561367]]]}},{"type":"Feature","properties":{},"geometry":{"type":"Polygon","coordinates":[[[-103.366516,25.561313],[-103.366381,25.561103],[-103.366279,25.561157],[-103.366414,25.561367],[-103.366516,25.561313]]]}},{"type":"Feature","properties":{},"geometry":{"type":"Polygon","coordinates":[[[-103.366618,25.561259],[-103.366482,25.561049],[-103.366381,25.561103],[-103.366516,25.561313],[-103.366618,25.561259]]]}},{"type":"Feature","properties":{},"geometry":{"type":"Polygon","coordinates":[[[-103.36672,25.561205],[-103.366584,25.560995],[-103.366482,25.561049],[-103.366618,25.561259],[-103.36672,25.561205]]]}},{"type":"Feature","properties":{},"geometry":{"type":"Polygon","coordinates":[[[-103.366822,25.561151],[-103.366686,25.560941],[-103.366584,25.560995],[-103.36672,25.561205],[-103.366822,25.561151]]]}},{"type":"Feature","properties":{},"geometry":{"type":"Polygon","coordinates":[[[-103.366924,25.561098],[-103.366788,25.560887],[-103.366686,25.560941],[-103.366822,25.561151],[-103.366924,25.561098]]]}},{"type":"Feature","properties":{},"geometry":{"type":"Polygon","coordinates":[[[-103.367129,25.560989],[-103.366993,25.560779],[-103.366891,25.560832],[-103.367027,25.561043],[-103.367129,25.560989]]]}},{"type":"Feature","properties":{},"geometry":{"type":"Polygon","coordinates":[[[-103.36723,25.560935],[-103.367095,25.560725],[-103.366993,25.560779],[-103.367129,25.560989],[-103.36723,25.560935]]]}},{"type":"Feature","properties":{},"geometry":{"type":"Polygon","coordinates":[[[-103.367332,25.560881],[-103.367197,25.560671],[-103.367095,25.560725],[-103.36723,25.560935],[-103.367332,25.560881]]]}},{"type":"Feature","properties":{},"geometry":{"type":"Polygon","coordinates":[[[-103.367434,25.560827],[-103.367299,25.560617],[-103.367197,25.560671],[-103.367332,25.560881],[-103.367434,25.560827]]]}},{"type":"Feature","properties":{},"geometry":{"type":"Polygon","coordinates":[[[-103.367536,25.560773],[-103.367401,25.560563],[-103.367299,25.560617],[-103.367434,25.560827],[-103.367536,25.560773]]]}},{"type":"Feature","properties":{},"geometry":{"type":"Polygon","coordinates":[[[-103.367638,25.56072],[-103.367503,25.560509],[-103.367401,25.560563],[-103.367536,25.560773],[-103.367638,25.56072]]]}},{"type":"Feature","properties":{},"geometry":{"type":"Polygon","coordinates":[[[-103.36774,25.560666],[-103.367605,25.560455],[-103.367503,25.560509],[-103.367638,25.56072],[-103.36774,25.560666]]]}},{"type":"Feature","properties":{},"geometry":{"type":"Polygon","coordinates":[[[-103.367842,25.560612],[-103.367706,25.560401],[-103.367605,25.560455],[-103.36774,25.560666],[-103.367842,25.560612]]]}},{"type":"Feature","properties":{},"geometry":{"type":"Polygon","coordinates":[[[-103.367944,25.560558],[-103.367808,25.560347],[-103.367706,25.560401],[-103.367842,25.560612],[-103.367944,25.560558]]]}},{"type":"Feature","properties":{},"geometry":{"type":"Polygon","coordinates":[[[-103.368046,25.560504],[-103.36791,25.560293],[-103.367808,25.560347],[-103.367944,25.560558],[-103.368046,25.560504]]]}},{"type":"Feature","properties":{},"geometry":{"type":"Polygon","coordinates":[[[-103.368147,25.56045],[-103.368012,25.56024],[-103.36791,25.560293],[-103.368046,25.560504],[-103.368147,25.56045]]]}},{"type":"Feature","properties":{},"geometry":{"type":"Polygon","coordinates":[[[-103.368249,25.560396],[-103.368114,25.560186],[-103.368012,25.56024],[-103.368147,25.56045],[-103.368249,25.560396]]]}},{"type":"Feature","properties":{},"geometry":{"type":"Polygon","coordinates":[[[-103.368351,25.560342],[-103.368216,25.560132],[-103.368114,25.560186],[-103.368249,25.560396],[-103.368351,25.560342]]]}},{"type":"Feature","properties":{},"geometry":{"type":"Polygon","coordinates":[[[-103.368453,25.560288],[-103.368318,25.560078],[-103.368216,25.560132],[-103.368351,25.560342],[-103.368453,25.560288]]]}},{"type":"Feature","properties":{},"geometry":{"type":"Polygon","coordinates":[[[-103.368658,25.56018],[-103.368523,25.559969],[-103.368421,25.560023],[-103.368556,25.560234],[-103.368658,25.56018]]]}},{"type":"Feature","properties":{},"geometry":{"type":"Polygon","coordinates":[[[-103.36876,25.560126],[-103.368625,25.559915],[-103.368523,25.559969],[-103.368658,25.56018],[-103.36876,25.560126]]]}},{"type":"Feature","properties":{},"geometry":{"type":"Polygon","coordinates":[[[-103.368862,25.560072],[-103.368727,25.559861],[-103.368625,25.559915],[-103.36876,25.560126],[-103.368862,25.560072]]]}},{"type":"Feature","properties":{},"geometry":{"type":"Polygon","coordinates":[[[-103.368964,25.560018],[-103.368828,25.559808],[-103.368727,25.559861],[-103.368862,25.560072],[-103.368964,25.560018]]]}},{"type":"Feature","properties":{},"geometry":{"type":"Polygon","coordinates":[[[-103.358554,25.565933],[-103.358418,25.565722],[-103.358316,25.565776],[-103.358452,25.565987],[-103.358554,25.565933]]]}},{"type":"Feature","properties":{},"geometry":{"type":"Polygon","coordinates":[[[-103.358656,25.565879],[-103.35852,25.565668],[-103.358418,25.565722],[-103.358554,25.565933],[-103.358656,25.565879]]]}},{"type":"Feature","properties":{},"geometry":{"type":"Polygon","coordinates":[[[-103.358757,25.565825],[-103.358622,25.565614],[-103.35852,25.565668],[-103.358656,25.565879],[-103.358757,25.565825]]]}},{"type":"Feature","properties":{},"geometry":{"type":"Polygon","coordinates":[[[-103.358859,25.565771],[-103.358724,25.56556],[-103.358622,25.565614],[-103.358757,25.565825],[-103.358859,25.565771]]]}},{"type":"Feature","properties":{},"geometry":{"type":"Polygon","coordinates":[[[-103.358961,25.565717],[-103.358826,25.565506],[-103.358724,25.56556],[-103.358859,25.565771],[-103.358961,25.565717]]]}},{"type":"Feature","properties":{},"geometry":{"type":"Polygon","coordinates":[[[-103.359063,25.565663],[-103.358928,25.565453],[-103.358826,25.565506],[-103.358961,25.565717],[-103.359063,25.565663]]]}},{"type":"Feature","properties":{},"geometry":{"type":"Polygon","coordinates":[[[-103.359165,25.565609],[-103.35903,25.565399],[-103.358928,25.565453],[-103.359063,25.565663],[-103.359165,25.565609]]]}},{"type":"Feature","properties":{},"geometry":{"type":"Polygon","coordinates":[[[-103.359267,25.565555],[-103.359132,25.565345],[-103.35903,25.565399],[-103.359165,25.565609],[-103.359267,25.565555]]]}},{"type":"Feature","properties":{},"geometry":{"type":"Polygon","coordinates":[[[-103.359369,25.565501],[-103.359234,25.565291],[-103.359132,25.565345],[-103.359267,25.565555],[-103.359369,25.565501]]]}},{"type":"Feature","properties":{},"geometry":{"type":"Polygon","coordinates":[[[-103.359471,25.565448],[-103.359335,25.565237],[-103.359234,25.565291],[-103.359369,25.565501],[-103.359471,25.565448]]]}},{"type":"Feature","properties":{},"geometry":{"type":"Polygon","coordinates":[[[-103.359676,25.565339],[-103.35954,25.565129],[-103.359439,25.565182],[-103.359574,25.565393],[-103.359676,25.565339]]]}},{"type":"Feature","properties":{},"geometry":{"type":"Polygon","coordinates":[[[-103.359778,25.565285],[-103.359642,25.565075],[-103.35954,25.565129],[-103.359676,25.565339],[-103.359778,25.565285]]]}},{"type":"Feature","properties":{},"geometry":{"type":"Polygon","coordinates":[[[-103.35988,25.565231],[-103.359744,25.565021],[-103.359642,25.565075],[-103.359778,25.565285],[-103.35988,25.565231]]]}},{"type":"Feature","properties":{},"geometry":{"type":"Polygon","coordinates":[[[-103.359982,25.565177],[-103.359846,25.564967],[-103.359744,25.565021],[-103.35988,25.565231],[-103.359982,25.565177]]]}},{"type":"Feature","properties":{},"geometry":{"type":"Polygon","coordinates":[[[-103.360083,25.565124],[-103.359948,25.564913],[-103.359846,25.564967],[-103.359982,25.565177],[-103.360083,25.565124]]]}},{"type":"Feature","properties":{},"geometry":{"type":"Polygon","coordinates":[[[-103.360185,25.56507],[-103.36005,25.564859],[-103.359948,25.564913],[-103.360083,25.565124],[-103.360185,25.56507]]]}},{"type":"Feature","properties":{},"geometry":{"type":"Polygon","coordinates":[[[-103.360287,25.565016],[-103.360152,25.564805],[-103.36005,25.564859],[-103.360185,25.56507],[-103.360287,25.565016]]]}},{"type":"Feature","properties":{},"geometry":{"type":"Polygon","coordinates":[[[-103.360389,25.564962],[-103.360254,25.564751],[-103.360152,25.564805],[-103.360287,25.565016],[-103.360389,25.564962]]]}},{"type":"Feature","properties":{},"geometry":{"type":"Polygon","coordinates":[[[-103.360491,25.564908],[-103.360356,25.564697],[-103.360254,25.564751],[-103.360389,25.564962],[-103.360491,25.564908]]]}},{"type":"Feature","properties":{},"geometry":{"type":"Polygon","coordinates":[[[-103.360593,25.564854],[-103.360458,25.564643],[-103.360356,25.564697],[-103.360491,25.564908],[-103.360593,25.564854]]]}},{"type":"Feature","properties":{},"geometry":{"type":"Polygon","coordinates":[[[-103.360695,25.5648],[-103.360559,25.56459],[-103.360458,25.564643],[-103.360593,25.564854],[-103.360695,25.5648]]]}},{"type":"Feature","properties":{},"geometry":{"type":"Polygon","coordinates":[[[-103.360797,25.564746],[-103.360661,25.564536],[-103.360559,25.56459],[-103.360695,25.5648],[-103.360797,25.564746]]]}},{"type":"Feature","properties":{},"geometry":{"type":"Polygon","coordinates":[[[-103.360899,25.564692],[-103.360763,25.564482],[-103.360661,25.564536],[-103.360797,25.564746],[-103.360899,25.564692]]]}},{"type":"Feature","properties":{},"geometry":{"type":"Polygon","coordinates":[[[-103.361,25.564638],[-103.360865,25.564428],[-103.360763,25.564482],[-103.360899,25.564692],[-103.361,25.564638]]]}},{"type":"Feature","properties":{},"geometry":{"type":"Polygon","coordinates":[[[-103.361206,25.56453],[-103.36107,25.564319],[-103.360968,25.564373],[-103.361104,25.564584],[-103.361206,25.56453]]]}},{"type":"Feature","properties":{},"geometry":{"type":"Polygon","coordinates":[[[-103.361307,25.564476],[-103.361172,25.564266],[-103.36107,25.564319],[-103.361206,25.56453],[-103.361307,25.564476]]]}},{"type":"Feature","properties":{},"geometry":{"type":"Polygon","coordinates":[[[-103.361409,25.564422],[-103.361274,25.564212],[-103.361172,25.564266],[-103.361307,25.564476],[-103.361409,25.564422]]]}},{"type":"Feature","properties":{},"geometry":{"type":"Polygon","coordinates":[[[-103.361511,25.564368],[-103.361376,25.564158],[-103.361274,25.564212],[-103.361409,25.564422],[-103.361511,25.564368]]]}},{"type":"Feature","properties":{},"geometry":{"type":"Polygon","coordinates":[[[-103.361613,25.564314],[-103.361478,25.564104],[-103.361376,25.564158],[-103.361511,25.564368],[-103.361613,25.564314]]]}},{"type":"Feature","properties":{},"geometry":{"type":"Polygon","coordinates":[[[-103.361715,25.56426],[-103.36158,25.56405],[-103.361478,25.564104],[-103.361613,25.564314],[-103.361715,25.56426]]]}},{"type":"Feature","properties":{},"geometry":{"type":"Polygon","coordinates":[[[-103.361817,25.564207],[-103.361682,25.563996],[-103.36158,25.56405],[-103.361715,25.56426],[-103.361817,25.564207]]]}},{"type":"Feature","properties":{},"geometry":{"type":"Polygon","coordinates":[[[-103.361919,25.564153],[-103.361783,25.563942],[-103.361682,25.563996],[-103.361817,25.564207],[-103.361919,25.564153]]]}},{"type":"Feature","properties":{},"geometry":{"type":"Polygon","coordinates":[[[-103.362021,25.564099],[-103.361885,25.563888],[-103.361783,25.563942],[-103.361919,25.564153],[-103.362021,25.564099]]]}},{"type":"Feature","properties":{},"geometry":{"type":"Polygon","coordinates":[[[-103.362123,25.564045],[-103.361987,25.563834],[-103.361885,25.563888],[-103.362021,25.564099],[-103.362123,25.564045]]]}},{"type":"Feature","properties":{},"geometry":{"type":"Polygon","coordinates":[[[-103.362224,25.563991],[-103.362089,25.56378],[-103.361987,25.563834],[-103.362123,25.564045],[-103.362224,25.563991]]]}},{"type":"Feature","properties":{},"geometry":{"type":"Polygon","coordinates":[[[-103.362326,25.563937],[-103.362191,25.563727],[-103.362089,25.56378],[-103.362224,25.563991],[-103.362326,25.563937]]]}},{"type":"Feature","properties":{},"geometry":{"type":"Polygon","coordinates":[[[-103.362428,25.563883],[-103.362293,25.563673],[-103.362191,25.563727],[-103.362326,25.563937],[-103.362428,25.563883]]]}},{"type":"Feature","properties":{},"geometry":{"type":"Polygon","coordinates":[[[-103.36253,25.563829],[-103.362395,25.563619],[-103.362293,25.563673],[-103.362428,25.563883],[-103.36253,25.563829]]]}},{"type":"Feature","properties":{},"geometry":{"type":"Polygon","coordinates":[[[-103.362735,25.563721],[-103.3626,25.56351],[-103.362498,25.563564],[-103.362633,25.563775],[-103.362735,25.563721]]]}},{"type":"Feature","properties":{},"geometry":{"type":"Polygon","coordinates":[[[-103.362837,25.563667],[-103.362702,25.563456],[-103.3626,25.56351],[-103.362735,25.563721],[-103.362837,25.563667]]]}},{"type":"Feature","properties":{},"geometry":{"type":"Polygon","coordinates":[[[-103.362939,25.563613],[-103.362804,25.563402],[-103.362702,25.563456],[-103.362837,25.563667],[-103.362939,25.563613]]]}},{"type":"Feature","properties":{},"geometry":{"type":"Polygon","coordinates":[[[-103.363041,25.563559],[-103.362906,25.563349],[-103.362804,25.563402],[-103.362939,25.563613],[-103.363041,25.563559]]]}},{"type":"Feature","properties":{},"geometry":{"type":"Polygon","coordinates":[[[-103.363143,25.563505],[-103.363007,25.563295],[-103.362906,25.563349],[-103.363041,25.563559],[-103.363143,25.563505]]]}},{"type":"Feature","properties":{},"geometry":{"type":"Polygon","coordinates":[[[-103.363245,25.563451],[-103.363109,25.563241],[-103.363007,25.563295],[-103.363143,25.563505],[-103.363245,25.563451]]]}},{"type":"Feature","properties":{},"geometry":{"type":"Polygon","coordinates":[[[-103.363347,25.563397],[-103.363211,25.563187],[-103.363109,25.563241],[-103.363245,25.563451],[-103.363347,25.563397]]]}},{"type":"Feature","properties":{},"geometry":{"type":"Polygon","coordinates":[[[-103.363448,25.563343],[-103.363313,25.563133],[-103.363211,25.563187],[-103.363347,25.563397],[-103.363448,25.563343]]]}},{"type":"Feature","properties":{},"geometry":{"type":"Polygon","coordinates":[[[-103.36355,25.56329],[-103.363415,25.563079],[-103.363313,25.563133],[-103.363448,25.563343],[-103.36355,25.56329]]]}},{"type":"Feature","properties":{},"geometry":{"type":"Polygon","coordinates":[[[-103.363652,25.563236],[-103.363517,25.563025],[-103.363415,25.563079],[-103.36355,25.56329],[-103.363652,25.563236]]]}},{"type":"Feature","properties":{},"geometry":{"type":"Polygon","coordinates":[[[-103.363754,25.563182],[-103.363619,25.562971],[-103.363517,25.563025],[-103.363652,25.563236],[-103.363754,25.563182]]]}},{"type":"Feature","properties":{},"geometry":{"type":"Polygon","coordinates":[[[-103.363856,25.563128],[-103.363721,25.562917],[-103.363619,25.562971],[-103.363754,25.563182],[-103.363856,25.563128]]]}},{"type":"Feature","properties":{},"geometry":{"type":"Polygon","coordinates":[[[-103.363958,25.563074],[-103.363823,25.562863],[-103.363721,25.562917],[-103.363856,25.563128],[-103.363958,25.563074]]]}},{"type":"Feature","properties":{},"geometry":{"type":"Polygon","coordinates":[[[-103.36406,25.56302],[-103.363924,25.56281],[-103.363823,25.562863],[-103.363958,25.563074],[-103.36406,25.56302]]]}},{"type":"Feature","properties":{},"geometry":{"type":"Polygon","coordinates":[[[-103.364265,25.562912],[-103.36413,25.562701],[-103.364028,25.562755],[-103.364163,25.562966],[-103.364265,25.562912]]]}},{"type":"Feature","properties":{},"geometry":{"type":"Polygon","coordinates":[[[-103.364367,25.562858],[-103.364231,25.562647],[-103.36413,25.562701],[-103.364265,25.562912],[-103.364367,25.562858]]]}},{"type":"Feature","properties":{},"geometry":{"type":"Polygon","coordinates":[[[-103.364469,25.562804],[-103.364333,25.562593],[-103.364231,25.562647],[-103.364367,25.562858],[-103.364469,25.562804]]]}},{"type":"Feature","properties":{},"geometry":{"type":"Polygon","coordinates":[[[-103.364571,25.56275],[-103.364435,25.562539],[-103.364333,25.562593],[-103.364469,25.562804],[-103.364571,25.56275]]]}},{"type":"Feature","properties":{},"geometry":{"type":"Polygon","coordinates":[[[-103.364672,25.562696],[-103.364537,25.562485],[-103.364435,25.562539],[-103.364571,25.56275],[-103.364672,25.562696]]]}},{"type":"Feature","properties":{},"geometry":{"type":"Polygon","coordinates":[[[-103.364774,25.562642],[-103.364639,25.562432],[-103.364537,25.562485],[-103.364672,25.562696],[-103.364774,25.562642]]]}},{"type":"Feature","properties":{},"geometry":{"type":"Polygon","coordinates":[[[-103.364876,25.562588],[-103.364741,25.562378],[-103.364639,25.562432],[-103.364774,25.562642],[-103.364876,25.562588]]]}},{"type":"Feature","properties":{},"geometry":{"type":"Polygon","coordinates":[[[-103.364978,25.562534],[-103.364843,25.562324],[-103.364741,25.562378],[-103.364876,25.562588],[-103.364978,25.562534]]]}},{"type":"Feature","properties":{},"geometry":{"type":"Polygon","coordinates":[[[-103.36508,25.56248],[-103.364945,25.56227],[-103.364843,25.562324],[-103.364978,25.562534],[-103.36508,25.56248]]]}},{"type":"Feature","properties":{},"geometry":{"type":"Polygon","coordinates":[[[-103.365182,25.562427],[-103.365047,25.562216],[-103.364945,25.56227],[-103.36508,25.56248],[-103.365182,25.562427]]]}},{"type":"Feature","properties":{},"geometry":{"type":"Polygon","coordinates":[[[-103.365284,25.562373],[-103.365148,25.562162],[-103.365047,25.562216],[-103.365182,25.562427],[-103.365284,25.562373]]]}},{"type":"Feature","properties":{},"geometry":{"type":"Polygon","coordinates":[[[-103.365386,25.562319],[-103.36525,25.562108],[-103.365148,25.562162],[-103.365284,25.562373],[-103.365386,25.562319]]]}},{"type":"Feature","properties":{},"geometry":{"type":"Polygon","coordinates":[[[-103.365488,25.562265],[-103.365352,25.562054],[-103.36525,25.562108],[-103.365386,25.562319],[-103.365488,25.562265]]]}},{"type":"Feature","properties":{},"geometry":{"type":"Polygon","coordinates":[[[-103.365589,25.562211],[-103.365454,25.562],[-103.365352,25.562054],[-103.365488,25.562265],[-103.365589,25.562211]]]}},{"type":"Feature","properties":{},"geometry":{"type":"Polygon","coordinates":[[[-103.365795,25.562102],[-103.365659,25.561892],[-103.365557,25.561946],[-103.365693,25.562156],[-103.365795,25.562102]]]}},{"type":"Feature","properties":{},"geometry":{"type":"Polygon","coordinates":[[[-103.365896,25.562049],[-103.365761,25.561838],[-103.365659,25.561892],[-103.365795,25.562102],[-103.365896,25.562049]]]}},{"type":"Feature","properties":{},"geometry":{"type":"Polygon","coordinates":[[[-103.365998,25.561995],[-103.365863,25.561784],[-103.365761,25.561838],[-103.365896,25.562049],[-103.365998,25.561995]]]}},{"type":"Feature","properties":{},"geometry":{"type":"Polygon","coordinates":[[[-103.3661,25.561941],[-103.365965,25.56173],[-103.365863,25.561784],[-103.365998,25.561995],[-103.3661,25.561941]]]}},{"type":"Feature","properties":{},"geometry":{"type":"Polygon","coordinates":[[[-103.366202,25.561887],[-103.366067,25.561676],[-103.365965,25.56173],[-103.3661,25.561941],[-103.366202,25.561887]]]}},{"type":"Feature","properties":{},"geometry":{"type":"Polygon","coordinates":[[[-103.366304,25.561833],[-103.366169,25.561622],[-103.366067,25.561676],[-103.366202,25.561887],[-103.366304,25.561833]]]}},{"type":"Feature","properties":{},"geometry":{"type":"Polygon","coordinates":[[[-103.366406,25.561779],[-103.36627,25.561568],[-103.366169,25.561622],[-103.366304,25.561833],[-103.366406,25.561779]]]}},{"type":"Feature","properties":{},"geometry":{"type":"Polygon","coordinates":[[[-103.366508,25.561725],[-103.366372,25.561515],[-103.36627,25.561568],[-103.366406,25.561779],[-103.366508,25.561725]]]}},{"type":"Feature","properties":{},"geometry":{"type":"Polygon","coordinates":[[[-103.36661,25.561671],[-103.366474,25.561461],[-103.366372,25.561515],[-103.366508,25.561725],[-103.36661,25.561671]]]}},{"type":"Feature","properties":{},"geometry":{"type":"Polygon","coordinates":[[[-103.366712,25.561617],[-103.366576,25.561407],[-103.366474,25.561461],[-103.36661,25.561671],[-103.366712,25.561617]]]}},{"type":"Feature","properties":{},"geometry":{"type":"Polygon","coordinates":[[[-103.366813,25.561563],[-103.366678,25.561353],[-103.366576,25.561407],[-103.366712,25.561617],[-103.366813,25.561563]]]}},{"type":"Feature","properties":{},"geometry":{"type":"Polygon","coordinates":[[[-103.366915,25.561509],[-103.36678,25.561299],[-103.366678,25.561353],[-103.366813,25.561563],[-103.366915,25.561509]]]}},{"type":"Feature","properties":{},"geometry":{"type":"Polygon","coordinates":[[[-103.367017,25.561456],[-103.366882,25.561245],[-103.36678,25.561299],[-103.366915,25.561509],[-103.367017,25.561456]]]}},{"type":"Feature","properties":{},"geometry":{"type":"Polygon","coordinates":[[[-103.367119,25.561402],[-103.366984,25.561191],[-103.366882,25.561245],[-103.367017,25.561456],[-103.367119,25.561402]]]}},{"type":"Feature","properties":{},"geometry":{"type":"Polygon","coordinates":[[[-103.367324,25.561293],[-103.367189,25.561083],[-103.367087,25.561137],[-103.367222,25.561347],[-103.367324,25.561293]]]}},{"type":"Feature","properties":{},"geometry":{"type":"Polygon","coordinates":[[[-103.367426,25.561239],[-103.367291,25.561029],[-103.367189,25.561083],[-103.367324,25.561293],[-103.367426,25.561239]]]}},{"type":"Feature","properties":{},"geometry":{"type":"Polygon","coordinates":[[[-103.367528,25.561185],[-103.367393,25.560975],[-103.367291,25.561029],[-103.367426,25.561239],[-103.367528,25.561185]]]}},{"type":"Feature","properties":{},"geometry":{"type":"Polygon","coordinates":[[[-103.36763,25.561131],[-103.367494,25.560921],[-103.367393,25.560975],[-103.367528,25.561185],[-103.36763,25.561131]]]}},{"type":"Feature","properties":{},"geometry":{"type":"Polygon","coordinates":[[[-103.367732,25.561078],[-103.367596,25.560867],[-103.367494,25.560921],[-103.36763,25.561131],[-103.367732,25.561078]]]}},{"type":"Feature","properties":{},"geometry":{"type":"Polygon","coordinates":[[[-103.367834,25.561024],[-103.367698,25.560813],[-103.367596,25.560867],[-103.367732,25.561078],[-103.367834,25.561024]]]}},{"type":"Feature","properties":{},"geometry":{"type":"Polygon","coordinates":[[[-103.367935,25.56097],[-103.3678,25.560759],[-103.367698,25.560813],[-103.367834,25.561024],[-103.367935,25.56097]]]}},{"type":"Feature","properties":{},"geometry":{"type":"Polygon","coordinates":[[[-103.368037,25.560916],[-103.367902,25.560705],[-103.3678,25.560759],[-103.367935,25.56097],[-103.368037,25.560916]]]}},{"type":"Feature","properties":{},"geometry":{"type":"Polygon","coordinates":[[[-103.368139,25.560862],[-103.368004,25.560651],[-103.367902,25.560705],[-103.368037,25.560916],[-103.368139,25.560862]]]}},{"type":"Feature","properties":{},"geometry":{"type":"Polygon","coordinates":[[[-103.368241,25.560808],[-103.368106,25.560598],[-103.368004,25.560651],[-103.368139,25.560862],[-103.368241,25.560808]]]}},{"type":"Feature","properties":{},"geometry":{"type":"Polygon","coordinates":[[[-103.368343,25.560754],[-103.368208,25.560544],[-103.368106,25.560598],[-103.368241,25.560808],[-103.368343,25.560754]]]}},{"type":"Feature","properties":{},"geometry":{"type":"Polygon","coordinates":[[[-103.368445,25.5607],[-103.36831,25.56049],[-103.368208,25.560544],[-103.368343,25.560754],[-103.368445,25.5607]]]}},{"type":"Feature","properties":{},"geometry":{"type":"Polygon","coordinates":[[[-103.368547,25.560646],[-103.368411,25.560436],[-103.36831,25.56049],[-103.368445,25.5607],[-103.368547,25.560646]]]}},{"type":"Feature","properties":{},"geometry":{"type":"Polygon","coordinates":[[[-103.368649,25.560592],[-103.368513,25.560382],[-103.368411,25.560436],[-103.368547,25.560646],[-103.368649,25.560592]]]}},{"type":"Feature","properties":{},"geometry":{"type":"Polygon","coordinates":[[[-103.368854,25.560484],[-103.368718,25.560273],[-103.368616,25.560327],[-103.368752,25.560538],[-103.368854,25.560484]]]}},{"type":"Feature","properties":{},"geometry":{"type":"Polygon","coordinates":[[[-103.368956,25.56043],[-103.36882,25.56022],[-103.368718,25.560273],[-103.368854,25.560484],[-103.368956,25.56043]]]}},{"type":"Feature","properties":{},"geometry":{"type":"Polygon","coordinates":[[[-103.369058,25.560376],[-103.368922,25.560166],[-103.36882,25.56022],[-103.368956,25.56043],[-103.369058,25.560376]]]}},{"type":"Feature","properties":{},"geometry":{"type":"Polygon","coordinates":[[[-103.369159,25.560322],[-103.369024,25.560112],[-103.368922,25.560166],[-103.369058,25.560376],[-103.369159,25.560322]]]}},{"type":"Feature","properties":{},"geometry":{"type":"Polygon","coordinates":[[[-103.359606,25.565658],[-103.359471,25.565448],[-103.359369,25.565501],[-103.359504,25.565712],[-103.359606,25.565658]]]}},{"type":"Feature","properties":{},"geometry":{"type":"Polygon","coordinates":[[[-103.359811,25.56555],[-103.359676,25.565339],[-103.359574,25.565393],[-103.359709,25.565604],[-103.359811,25.56555]]]}},{"type":"Feature","properties":{},"geometry":{"type":"Polygon","coordinates":[[[-103.359913,25.565496],[-103.359778,25.565285],[-103.359676,25.565339],[-103.359811,25.56555],[-103.359913,25.565496]]]}},{"type":"Feature","properties":{},"geometry":{"type":"Polygon","coordinates":[[[-103.360015,25.565442],[-103.35988,25.565231],[-103.359778,25.565285],[-103.359913,25.565496],[-103.360015,25.565442]]]}},{"type":"Feature","properties":{},"geometry":{"type":"Polygon","coordinates":[[[-103.360117,25.565388],[-103.359982,25.565177],[-103.35988,25.565231],[-103.360015,25.565442],[-103.360117,25.565388]]]}},{"type":"Feature","properties":{},"geometry":{"type":"Polygon","coordinates":[[[-103.360219,25.565334],[-103.360083,25.565124],[-103.359982,25.565177],[-103.360117,25.565388],[-103.360219,25.565334]]]}},{"type":"Feature","properties":{},"geometry":{"type":"Polygon","coordinates":[[[-103.360321,25.56528],[-103.360185,25.56507],[-103.360083,25.565124],[-103.360219,25.565334],[-103.360321,25.56528]]]}},{"type":"Feature","properties":{},"geometry":{"type":"Polygon","coordinates":[[[-103.360423,25.565226],[-103.360287,25.565016],[-103.360185,25.56507],[-103.360321,25.56528],[-103.360423,25.565226]]]}},{"type":"Feature","properties":{},"geometry":{"type":"Polygon","coordinates":[[[-103.360524,25.565172],[-103.360389,25.564962],[-103.360287,25.565016],[-103.360423,25.565226],[-103.360524,25.565172]]]}},{"type":"Feature","properties":{},"geometry":{"type":"Polygon","coordinates":[[[-103.360626,25.565118],[-103.360491,25.564908],[-103.360389,25.564962],[-103.360524,25.565172],[-103.360626,25.565118]]]}},{"type":"Feature","properties":{},"geometry":{"type":"Polygon","coordinates":[[[-103.360728,25.565065],[-103.360593,25.564854],[-103.360491,25.564908],[-103.360626,25.565118],[-103.360728,25.565065]]]}},{"type":"Feature","properties":{},"geometry":{"type":"Polygon","coordinates":[[[-103.36083,25.565011],[-103.360695,25.5648],[-103.360593,25.564854],[-103.360728,25.565065],[-103.36083,25.565011]]]}},{"type":"Feature","properties":{},"geometry":{"type":"Polygon","coordinates":[[[-103.360932,25.564957],[-103.360797,25.564746],[-103.360695,25.5648],[-103.36083,25.565011],[-103.360932,25.564957]]]}},{"type":"Feature","properties":{},"geometry":{"type":"Polygon","coordinates":[[[-103.361034,25.564903],[-103.360899,25.564692],[-103.360797,25.564746],[-103.360932,25.564957],[-103.361034,25.564903]]]}},{"type":"Feature","properties":{},"geometry":{"type":"Polygon","coordinates":[[[-103.361136,25.564849],[-103.361,25.564638],[-103.360899,25.564692],[-103.361034,25.564903],[-103.361136,25.564849]]]}},{"type":"Feature","properties":{},"geometry":{"type":"Polygon","coordinates":[[[-103.361341,25.564741],[-103.361206,25.56453],[-103.361104,25.564584],[-103.361239,25.564794],[-103.361341,25.564741]]]}},{"type":"Feature","properties":{},"geometry":{"type":"Polygon","coordinates":[[[-103.361443,25.564687],[-103.361307,25.564476],[-103.361206,25.56453],[-103.361341,25.564741],[-103.361443,25.564687]]]}},{"type":"Feature","properties":{},"geometry":{"type":"Polygon","coordinates":[[[-103.361545,25.564633],[-103.361409,25.564422],[-103.361307,25.564476],[-103.361443,25.564687],[-103.361545,25.564633]]]}},{"type":"Feature","properties":{},"geometry":{"type":"Polygon","coordinates":[[[-103.361647,25.564579],[-103.361511,25.564368],[-103.361409,25.564422],[-103.361545,25.564633],[-103.361647,25.564579]]]}},{"type":"Feature","properties":{},"geometry":{"type":"Polygon","coordinates":[[[-103.361748,25.564525],[-103.361613,25.564314],[-103.361511,25.564368],[-103.361647,25.564579],[-103.361748,25.564525]]]}},{"type":"Feature","properties":{},"geometry":{"type":"Polygon","coordinates":[[[-103.36185,25.564471],[-103.361715,25.56426],[-103.361613,25.564314],[-103.361748,25.564525],[-103.36185,25.564471]]]}},{"type":"Feature","properties":{},"geometry":{"type":"Polygon","coordinates":[[[-103.361952,25.564417],[-103.361817,25.564207],[-103.361715,25.56426],[-103.36185,25.564471],[-103.361952,25.564417]]]}},{"type":"Feature","properties":{},"geometry":{"type":"Polygon","coordinates":[[[-103.362054,25.564363],[-103.361919,25.564153],[-103.361817,25.564207],[-103.361952,25.564417],[-103.362054,25.564363]]]}},{"type":"Feature","properties":{},"geometry":{"type":"Polygon","coordinates":[[[-103.362156,25.564309],[-103.362021,25.564099],[-103.361919,25.564153],[-103.362054,25.564363],[-103.362156,25.564309]]]}},{"type":"Feature","properties":{},"geometry":{"type":"Polygon","coordinates":[[[-103.362258,25.564255],[-103.362123,25.564045],[-103.362021,25.564099],[-103.362156,25.564309],[-103.362258,25.564255]]]}},{"type":"Feature","properties":{},"geometry":{"type":"Polygon","coordinates":[[[-103.36236,25.564202],[-103.362224,25.563991],[-103.362123,25.564045],[-103.362258,25.564255],[-103.36236,25.564202]]]}},{"type":"Feature","properties":{},"geometry":{"type":"Polygon","coordinates":[[[-103.362462,25.564148],[-103.362326,25.563937],[-103.362224,25.563991],[-103.36236,25.564202],[-103.362462,25.564148]]]}},{"type":"Feature","properties":{},"geometry":{"type":"Polygon","coordinates":[[[-103.362564,25.564094],[-103.362428,25.563883],[-103.362326,25.563937],[-103.362462,25.564148],[-103.362564,25.564094]]]}},{"type":"Feature","properties":{},"geometry":{"type":"Polygon","coordinates":[[[-103.362666,25.56404],[-103.36253,25.563829],[-103.362428,25.563883],[-103.362564,25.564094],[-103.362666,25.56404]]]}},{"type":"Feature","properties":{},"geometry":{"type":"Polygon","coordinates":[[[-103.362871,25.563931],[-103.362735,25.563721],[-103.362633,25.563775],[-103.362769,25.563985],[-103.362871,25.563931]]]}},{"type":"Feature","properties":{},"geometry":{"type":"Polygon","coordinates":[[[-103.362972,25.563877],[-103.362837,25.563667],[-103.362735,25.563721],[-103.362871,25.563931],[-103.362972,25.563877]]]}},{"type":"Feature","properties":{},"geometry":{"type":"Polygon","coordinates":[[[-103.363074,25.563824],[-103.362939,25.563613],[-103.362837,25.563667],[-103.362972,25.563877],[-103.363074,25.563824]]]}},{"type":"Feature","properties":{},"geometry":{"type":"Polygon","coordinates":[[[-103.363176,25.56377],[-103.363041,25.563559],[-103.362939,25.563613],[-103.363074,25.563824],[-103.363176,25.56377]]]}},{"type":"Feature","properties":{},"geometry":{"type":"Polygon","coordinates":[[[-103.363278,25.563716],[-103.363143,25.563505],[-103.363041,25.563559],[-103.363176,25.56377],[-103.363278,25.563716]]]}},{"type":"Feature","properties":{},"geometry":{"type":"Polygon","coordinates":[[[-103.36338,25.563662],[-103.363245,25.563451],[-103.363143,25.563505],[-103.363278,25.563716],[-103.36338,25.563662]]]}},{"type":"Feature","properties":{},"geometry":{"type":"Polygon","coordinates":[[[-103.363482,25.563608],[-103.363347,25.563397],[-103.363245,25.563451],[-103.36338,25.563662],[-103.363482,25.563608]]]}},{"type":"Feature","properties":{},"geometry":{"type":"Polygon","coordinates":[[[-103.363584,25.563554],[-103.363448,25.563343],[-103.363347,25.563397],[-103.363482,25.563608],[-103.363584,25.563554]]]}},{"type":"Feature","properties":{},"geometry":{"type":"Polygon","coordinates":[[[-103.363686,25.5635],[-103.36355,25.56329],[-103.363448,25.563343],[-103.363584,25.563554],[-103.363686,25.5635]]]}},{"type":"Feature","properties":{},"geometry":{"type":"Polygon","coordinates":[[[-103.363788,25.563446],[-103.363652,25.563236],[-103.36355,25.56329],[-103.363686,25.5635],[-103.363788,25.563446]]]}},{"type":"Feature","properties":{},"geometry":{"type":"Polygon","coordinates":[[[-103.36389,25.563392],[-103.363754,25.563182],[-103.363652,25.563236],[-103.363788,25.563446],[-103.36389,25.563392]]]}},{"type":"Feature","properties":{},"geometry":{"type":"Polygon","coordinates":[[[-103.363991,25.563338],[-103.363856,25.563128],[-103.363754,25.563182],[-103.36389,25.563392],[-103.363991,25.563338]]]}},{"type":"Feature","properties":{},"geometry":{"type":"Polygon","coordinates":[[[-103.364093,25.563285],[-103.363958,25.563074],[-103.363856,25.563128],[-103.363991,25.563338],[-103.364093,25.563285]]]}},{"type":"Feature","properties":{},"geometry":{"type":"Polygon","coordinates":[[[-103.364195,25.563231],[-103.36406,25.56302],[-103.363958,25.563074],[-103.364093,25.563285],[-103.364195,25.563231]]]}},{"type":"Feature","properties":{},"geometry":{"type":"Polygon","coordinates":[[[-103.3644,25.563122],[-103.364265,25.562912],[-103.364163,25.562966],[-103.364298,25.563176],[-103.3644,25.563122]]]}},{"type":"Feature","properties":{},"geometry":{"type":"Polygon","coordinates":[[[-103.364502,25.563068],[-103.364367,25.562858],[-103.364265,25.562912],[-103.3644,25.563122],[-103.364502,25.563068]]]}},{"type":"Feature","properties":{},"geometry":{"type":"Polygon","coordinates":[[[-103.364604,25.563014],[-103.364469,25.562804],[-103.364367,25.562858],[-103.364502,25.563068],[-103.364604,25.563014]]]}},{"type":"Feature","properties":{},"geometry":{"type":"Polygon","coordinates":[[[-103.364706,25.56296],[-103.364571,25.56275],[-103.364469,25.562804],[-103.364604,25.563014],[-103.364706,25.56296]]]}},{"type":"Feature","properties":{},"geometry":{"type":"Polygon","coordinates":[[[-103.364808,25.562907],[-103.364672,25.562696],[-103.364571,25.56275],[-103.364706,25.56296],[-103.364808,25.562907]]]}},{"type":"Feature","properties":{},"geometry":{"type":"Polygon","coordinates":[[[-103.36491,25.562853],[-103.364774,25.562642],[-103.364672,25.562696],[-103.364808,25.562907],[-103.36491,25.562853]]]}},{"type":"Feature","properties":{},"geometry":{"type":"Polygon","coordinates":[[[-103.365012,25.562799],[-103.364876,25.562588],[-103.364774,25.562642],[-103.36491,25.562853],[-103.365012,25.562799]]]}},{"type":"Feature","properties":{},"geometry":{"type":"Polygon","coordinates":[[[-103.365113,25.562745],[-103.364978,25.562534],[-103.364876,25.562588],[-103.365012,25.562799],[-103.365113,25.562745]]]}},{"type":"Feature","properties":{},"geometry":{"type":"Polygon","coordinates":[[[-103.365215,25.562691],[-103.36508,25.56248],[-103.364978,25.562534],[-103.365113,25.562745],[-103.365215,25.562691]]]}},{"type":"Feature","properties":{},"geometry":{"type":"Polygon","coordinates":[[[-103.365317,25.562637],[-103.365182,25.562427],[-103.36508,25.56248],[-103.365215,25.562691],[-103.365317,25.562637]]]}},{"type":"Feature","properties":{},"geometry":{"type":"Polygon","coordinates":[[[-103.365419,25.562583],[-103.365284,25.562373],[-103.365182,25.562427],[-103.365317,25.562637],[-103.365419,25.562583]]]}},{"type":"Feature","properties":{},"geometry":{"type":"Polygon","coordinates":[[[-103.365521,25.562529],[-103.365386,25.562319],[-103.365284,25.562373],[-103.365419,25.562583],[-103.365521,25.562529]]]}},{"type":"Feature","properties":{},"geometry":{"type":"Polygon","coordinates":[[[-103.365623,25.562475],[-103.365488,25.562265],[-103.365386,25.562319],[-103.365521,25.562529],[-103.365623,25.562475]]]}},{"type":"Feature","properties":{},"geometry":{"type":"Polygon","coordinates":[[[-103.365725,25.562421],[-103.365589,25.562211],[-103.365488,25.562265],[-103.365623,25.562475],[-103.365725,25.562421]]]}},{"type":"Feature","properties":{},"geometry":{"type":"Polygon","coordinates":[[[-103.36593,25.562313],[-103.365795,25.562102],[-103.365693,25.562156],[-103.365828,25.562367],[-103.36593,25.562313]]]}},{"type":"Feature","properties":{},"geometry":{"type":"Polygon","coordinates":[[[-103.366032,25.562259],[-103.365896,25.562049],[-103.365795,25.562102],[-103.36593,25.562313],[-103.366032,25.562259]]]}},{"type":"Feature","properties":{},"geometry":{"type":"Polygon","coordinates":[[[-103.366134,25.562205],[-103.365998,25.561995],[-103.365896,25.562049],[-103.366032,25.562259],[-103.366134,25.562205]]]}},{"type":"Feature","properties":{},"geometry":{"type":"Polygon","coordinates":[[[-103.366236,25.562151],[-103.3661,25.561941],[-103.365998,25.561995],[-103.366134,25.562205],[-103.366236,25.562151]]]}},{"type":"Feature","properties":{},"geometry":{"type":"Polygon","coordinates":[[[-103.366337,25.562097],[-103.366202,25.561887],[-103.3661,25.561941],[-103.366236,25.562151],[-103.366337,25.562097]]]}},{"type":"Feature","properties":{},"geometry":{"type":"Polygon","coordinates":[[[-103.366439,25.562043],[-103.366304,25.561833],[-103.366202,25.561887],[-103.366337,25.562097],[-103.366439,25.562043]]]}},{"type":"Feature","properties":{},"geometry":{"type":"Polygon","coordinates":[[[-103.366541,25.56199],[-103.366406,25.561779],[-103.366304,25.561833],[-103.366439,25.562043],[-103.366541,25.56199]]]}},{"type":"Feature","properties":{},"geometry":{"type":"Polygon","coordinates":[[[-103.366643,25.561936],[-103.366508,25.561725],[-103.366406,25.561779],[-103.366541,25.56199],[-103.366643,25.561936]]]}},{"type":"Feature","properties":{},"geometry":{"type":"Polygon","coordinates":[[[-103.366745,25.561882],[-103.36661,25.561671],[-103.366508,25.561725],[-103.366643,25.561936],[-103.366745,25.561882]]]}},{"type":"Feature","properties":{},"geometry":{"type":"Polygon","coordinates":[[[-103.366847,25.561828],[-103.366712,25.561617],[-103.36661,25.561671],[-103.366745,25.561882],[-103.366847,25.561828]]]}},{"type":"Feature","properties":{},"geometry":{"type":"Polygon","coordinates":[[[-103.366949,25.561774],[-103.366813,25.561563],[-103.366712,25.561617],[-103.366847,25.561828],[-103.366949,25.561774]]]}},{"type":"Feature","properties":{},"geometry":{"type":"Polygon","coordinates":[[[-103.367051,25.56172],[-103.366915,25.561509],[-103.366813,25.561563],[-103.366949,25.561774],[-103.367051,25.56172]]]}},{"type":"Feature","properties":{},"geometry":{"type":"Polygon","coordinates":[[[-103.367153,25.561666],[-103.367017,25.561456],[-103.366915,25.561509],[-103.367051,25.56172],[-103.367153,25.561666]]]}},{"type":"Feature","properties":{},"geometry":{"type":"Polygon","coordinates":[[[-103.367254,25.561612],[-103.367119,25.561402],[-103.367017,25.561456],[-103.367153,25.561666],[-103.367254,25.561612]]]}},{"type":"Feature","properties":{},"geometry":{"type":"Polygon","coordinates":[[[-103.36746,25.561504],[-103.367324,25.561293],[-103.367222,25.561347],[-103.367358,25.561558],[-103.36746,25.561504]]]}},{"type":"Feature","properties":{},"geometry":{"type":"Polygon","coordinates":[[[-103.367561,25.56145],[-103.367426,25.561239],[-103.367324,25.561293],[-103.36746,25.561504],[-103.367561,25.56145]]]}},{"type":"Feature","properties":{},"geometry":{"type":"Polygon","coordinates":[[[-103.367663,25.561396],[-103.367528,25.561185],[-103.367426,25.561239],[-103.367561,25.56145],[-103.367663,25.561396]]]}},{"type":"Feature","properties":{},"geometry":{"type":"Polygon","coordinates":[[[-103.367765,25.561342],[-103.36763,25.561131],[-103.367528,25.561185],[-103.367663,25.561396],[-103.367765,25.561342]]]}},{"type":"Feature","properties":{},"geometry":{"type":"Polygon","coordinates":[[[-103.367867,25.561288],[-103.367732,25.561078],[-103.36763,25.561131],[-103.367765,25.561342],[-103.367867,25.561288]]]}},{"type":"Feature","properties":{},"geometry":{"type":"Polygon","coordinates":[[[-103.367969,25.561234],[-103.367834,25.561024],[-103.367732,25.561078],[-103.367867,25.561288],[-103.367969,25.561234]]]}},{"type":"Feature","properties":{},"geometry":{"type":"Polygon","coordinates":[[[-103.368071,25.56118],[-103.367935,25.56097],[-103.367834,25.561024],[-103.367969,25.561234],[-103.368071,25.56118]]]}},{"type":"Feature","properties":{},"geometry":{"type":"Polygon","coordinates":[[[-103.368173,25.561126],[-103.368037,25.560916],[-103.367935,25.56097],[-103.368071,25.56118],[-103.368173,25.561126]]]}},{"type":"Feature","properties":{},"geometry":{"type":"Polygon","coordinates":[[[-103.368275,25.561073],[-103.368139,25.560862],[-103.368037,25.560916],[-103.368173,25.561126],[-103.368275,25.561073]]]}},{"type":"Feature","properties":{},"geometry":{"type":"Polygon","coordinates":[[[-103.368377,25.561019],[-103.368241,25.560808],[-103.368139,25.560862],[-103.368275,25.561073],[-103.368377,25.561019]]]}},{"type":"Feature","properties":{},"geometry":{"type":"Polygon","coordinates":[[[-103.368478,25.560965],[-103.368343,25.560754],[-103.368241,25.560808],[-103.368377,25.561019],[-103.368478,25.560965]]]}},{"type":"Feature","properties":{},"geometry":{"type":"Polygon","coordinates":[[[-103.36858,25.560911],[-103.368445,25.5607],[-103.368343,25.560754],[-103.368478,25.560965],[-103.36858,25.560911]]]}},{"type":"Feature","properties":{},"geometry":{"type":"Polygon","coordinates":[[[-103.368682,25.560857],[-103.368547,25.560646],[-103.368445,25.5607],[-103.36858,25.560911],[-103.368682,25.560857]]]}},{"type":"Feature","properties":{},"geometry":{"type":"Polygon","coordinates":[[[-103.368784,25.560803],[-103.368649,25.560592],[-103.368547,25.560646],[-103.368682,25.560857],[-103.368784,25.560803]]]}},{"type":"Feature","properties":{},"geometry":{"type":"Polygon","coordinates":[[[-103.368989,25.560695],[-103.368854,25.560484],[-103.368752,25.560538],[-103.368887,25.560748],[-103.368989,25.560695]]]}},{"type":"Feature","properties":{},"geometry":{"type":"Polygon","coordinates":[[[-103.369091,25.560641],[-103.368956,25.56043],[-103.368854,25.560484],[-103.368989,25.560695],[-103.369091,25.560641]]]}},{"type":"Feature","properties":{},"geometry":{"type":"Polygon","coordinates":[[[-103.369193,25.560587],[-103.369058,25.560376],[-103.368956,25.56043],[-103.369091,25.560641],[-103.369193,25.560587]]]}},{"type":"Feature","properties":{},"geometry":{"type":"Polygon","coordinates":[[[-103.363677,25.563912],[-103.363542,25.563702],[-103.36344,25.563755],[-103.363576,25.563966],[-103.363677,25.563912]]]}}]}