{"type":"FeatureCollection","features":[{"type":"Feature","properties":{},"geometry":{"type":"Polygon","coordinates":[[[-103.357974,25.564201],[-103.357839,25.563991],[-103.357748,25.564039],[-103.357883,25.564249],[-103.357974,25.564201]]]}},{"type":"Feature","properties":{},"geometry":{"type":"Polygon","coordinates":[[[-103.358065,25.564153],[-103.357929,25.563943],[-103.357839,25.563991],[-103.357974,25.564201],[-103.358065,25.564153]]]}},{"type":"Feature","properties":{},"geometry":{"type":"Polygon","coordinates":[[[-103.358156,25.564105],[-103.35802,25.563895],[-103.357929,25.563943],[-103.358065,25.564153],[-103.358156,25.564105]]]}},{"type":"Feature","properties":{},"geometry":{"type":"Polygon","coordinates":[[[-103.358246,25.564057],[-103.358111,25.563847],[-103.35802,25.563895],[-103.358156,25.564105],[-103.358246,25.564057]]]}},{"type":"Feature","properties":{},"geometry":{"type":"Polygon","coordinates":[[[-103.358337,25.564009],[-103.358202,25.563799],[-103.358111,25.563847],[-103.358246,25.564057],[-103.358337,25.564009]]]}},{"type":"Feature","properties":{},"geometry":{"type":"Polygon","coordinates":[[[-103.358428,25.563961],[-103.358292,25.563751],[-103.358202,25.563799],[-103.358337,25.564009],[-103.358428,25.563961]]]}},{"type":"Feature","properties":{},"geometry":{"type":"Polygon","coordinates":[[[-103.358519,25.563913],[-103.358383,25.563703],[-103.358292,25.563751],[-103.358428,25.563961],[-103.358519,25.563913]]]}},{"type":"Feature","properties":{},"geometry":{"type":"Polygon","coordinates":[[[-103.358713,25.563811],[-103.358577,25.5636],[-103.358486,25.563648],[-103.358622,25.563859],[-103.358713,25.563811]]]}},{"type":"Feature","properties":{},"geometry":{"type":"Polygon","coordinates":[[[-103.358803,25.563763],[-103.358668,25.563552],[-103.358577,25.5636],[-103.358713,25.563811],[-103.358803,25.563763]]]}},{"type":"Feature","properties":{},"geometry":{"type":"Polygon","coordinates":[[[-103.358894,25.563715],[-103.358759,25.563504],[-103.358668,25.563552],[-103.358803,25.563763],[-103.358894,25.563715]]]}},{"type":"Feature","properties":{},"geometry":{"type":"Polygon","coordinates":[[[-103.358985,25.563667],[-103.358849,25.563456],[-103.358759,25.563504],[-103.358894,25.563715],[-103.358985,25.563667]]]}},{"type":"Feature","properties":{},"geometry":{"type":"Polygon","coordinates":[[[-103.359076,25.563619],[-103.35894,25.563408],[-103.358849,25.563456],[-103.358985,25.563667],[-103.359076,25.563619]]]}},{"type":"Feature","properties":{},"geometry":{"type":"Polygon","coordinates":[[[-103.359166,25.563571],[-103.359031,25.56336],[-103.35894,25.563408],[-103.359076,25.563619],[-103.359166,25.563571]]]}},{"type":"Feature","properties":{},"geometry":{"type":"Polygon","coordinates":[[[-103.359257,25.563523],[-103.359122,25.563312],[-103.359031,25.56336],[-103.359166,25.563571],[-103.359257,25.563523]]]}},{"type":"Feature","properties":{},"geometry":{"type":"Polygon","coordinates":[[[-103.359348,25.563475],[-103.359212,25.563264],[-103.359122,25.563312],[-103.359257,25.563523],[-103.359348,25.563475]]]}},{"type":"Feature","properties":{},"geometry":{"type":"Polygon","coordinates":[[[-103.359439,25.563427],[-103.359303,25.563216],[-103.359212,25.563264],[-103.359348,25.563475],[-103.359439,25.563427]]]}},{"type":"Feature","properties":{},"geometry":{"type":"Polygon","coordinates":[[[-103.359529,25.563379],[-103.359394,25.563168],[-103.359303,25.563216],[-103.359439,25.563427],[-103.359529,25.563379]]]}},{"type":"Feature","properties":{},"geometry":{"type":"Polygon","coordinates":[[[-103.35962,25.563331],[-103.359485,25.56312],[-103.359394,25.563168],[-103.359529,25.563379],[-103.35962,25.563331]]]}},{"type":"Feature","properties":{},"geometry":{"type":"Polygon","coordinates":[[[-103.359711,25.563283],[-103.359575,25.563072],[-103.359485,25.56312],[-103.35962,25.563331],[-103.359711,25.563283]]]}},{"type":"Feature","properties":{},"geometry":{"type":"Polygon","coordinates":[[[-103.359802,25.563235],[-103.359666,25.563024],[-103.359575,25.563072],[-103.359711,25.563283],[-103.359802,25.563235]]]}},{"type":"Feature","properties":{},"geometry":{"type":"Polygon","coordinates":[[[-103.359892,25.563187],[-103.359757,25.562976],[-103.359666,25.563024],[-103.359802,25.563235],[-103.359892,25.563187]]]}},{"type":"Feature","properties":{},"geometry":{"type":"Polygon","coordinates":[[[-103.359983,25.563139],[-103.359848,25.562928],[-103.359757,25.562976],[-103.359892,25.563187],[-103.359983,25.563139]]]}},{"type":"Feature","properties":{},"geometry":{"type":"Polygon","coordinates":[[[-103.360074,25.563091],[-103.359938,25.56288],[-103.359848,25.562928],[-103.359983,25.563139],[-103.360074,25.563091]]]}},{"type":"Feature","properties":{},"geometry":{"type":"Polygon","coordinates":[[[-103.360268,25.562988],[-103.360132,25.562778],[-103.360042,25.562826],[-103.360177,25.563036],[-103.360268,25.562988]]]}},{"type":"Feature","properties":{},"geometry":{"type":"Polygon","coordinates":[[[-103.360358,25.56294],[-103.360223,25.56273],[-103.360132,25.562778],[-103.360268,25.562988],[-103.360358,25.56294]]]}},{"type":"Feature","properties":{},"geometry":{"type":"Polygon","coordinates":[[[-103.360449,25.562892],[-103.360314,25.562682],[-103.360223,25.56273],[-103.360358,25.56294],[-103.360449,25.562892]]]}},{"type":"Feature","properties":{},"geometry":{"type":"Polygon","coordinates":[[[-103.36054,25.562844],[-103.360405,25.562634],[-103.360314,25.562682],[-103.360449,25.562892],[-103.36054,25.562844]]]}},{"type":"Feature","properties":{},"geometry":{"type":"Polygon","coordinates":[[[-103.360631,25.562796],[-103.360495,25.562586],[-103.360405,25.562634],[-103.36054,25.562844],[-103.360631,25.562796]]]}},{"type":"Feature","properties":{},"geometry":{"type":"Polygon","coordinates":[[[-103.360721,25.562748],[-103.360586,25.562538],[-103.360495,25.562586],[-103.360631,25.562796],[-103.360721,25.562748]]]}},{"type":"Feature","properties":{},"geometry":{"type":"Polygon","coordinates":[[[-103.360812,25.5627],[-103.360677,25.56249],[-103.360586,25.562538],[-103.360721,25.562748],[-103.360812,25.5627]]]}},{"type":"Feature","properties":{},"geometry":{"type":"Polygon","coordinates":[[[-103.360903,25.562652],[-103.360768,25.562442],[-103.360677,25.56249],[-103.360812,25.5627],[-103.360903,25.562652]]]}},{"type":"Feature","properties":{},"geometry":{"type":"Polygon","coordinates":[[[-103.360994,25.562604],[-103.360858,25.562394],[-103.360768,25.562442],[-103.360903,25.562652],[-103.360994,25.562604]]]}},{"type":"Feature","properties":{},"geometry":{"type":"Polygon","coordinates":[[[-103.361084,25.562556],[-103.360949,25.562346],[-103.360858,25.562394],[-103.360994,25.562604],[-103.361084,25.562556]]]}},{"type":"Feature","properties":{},"geometry":{"type":"Polygon","coordinates":[[[-103.361175,25.562508],[-103.36104,25.562298],[-103.360949,25.562346],[-103.361084,25.562556],[-103.361175,25.562508]]]}},{"type":"Feature","properties":{},"geometry":{"type":"Polygon","coordinates":[[[-103.361266,25.56246],[-103.361131,25.56225],[-103.36104,25.562298],[-103.361175,25.562508],[-103.361266,25.56246]]]}},{"type":"Feature","properties":{},"geometry":{"type":"Polygon","coordinates":[[[-103.361357,25.562412],[-103.361221,25.562202],[-103.361131,25.56225],[-103.361266,25.56246],[-103.361357,25.562412]]]}},{"type":"Feature","properties":{},"geometry":{"type":"Polygon","coordinates":[[[-103.361447,25.562364],[-103.361312,25.562154],[-103.361221,25.562202],[-103.361357,25.562412],[-103.361447,25.562364]]]}},{"type":"Feature","properties":{},"geometry":{"type":"Polygon","coordinates":[[[-103.361538,25.562316],[-103.361403,25.562106],[-103.361312,25.562154],[-103.361447,25.562364],[-103.361538,25.562316]]]}},{"type":"Feature","properties":{},"geometry":{"type":"Polygon","coordinates":[[[-103.361629,25.562268],[-103.361494,25.562058],[-103.361403,25.562106],[-103.361538,25.562316],[-103.361629,25.562268]]]}},{"type":"Feature","properties":{},"geometry":{"type":"Polygon","coordinates":[[[-103.361823,25.562166],[-103.361687,25.561955],[-103.361597,25.562003],[-103.361732,25.562214],[-103.361823,25.562166]]]}},{"type":"Feature","properties":{},"geometry":{"type":"Polygon","coordinates":[[[-103.361914,25.562118],[-103.361778,25.561907],[-103.361687,25.561955],[-103.361823,25.562166],[-103.361914,25.562118]]]}},{"type":"Feature","properties":{},"geometry":{"type":"Polygon","coordinates":[[[-103.362004,25.56207],[-103.361869,25.561859],[-103.361778,25.561907],[-103.361914,25.562118],[-103.362004,25.56207]]]}},{"type":"Feature","properties":{},"geometry":{"type":"Polygon","coordinates":[[[-103.362095,25.562022],[-103.36196,25.561811],[-103.361869,25.561859],[-103.362004,25.56207],[-103.362095,25.562022]]]}},{"type":"Feature","properties":{},"geometry":{"type":"Polygon","coordinates":[[[-103.362186,25.561974],[-103.36205,25.561763],[-103.36196,25.561811],[-103.362095,25.562022],[-103.362186,25.561974]]]}},{"type":"Feature","properties":{},"geometry":{"type":"Polygon","coordinates":[[[-103.362277,25.561926],[-103.362141,25.561715],[-103.36205,25.561763],[-103.362186,25.561974],[-103.362277,25.561926]]]}},{"type":"Feature","properties":{},"geometry":{"type":"Polygon","coordinates":[[[-103.362367,25.561878],[-103.362232,25.561667],[-103.362141,25.561715],[-103.362277,25.561926],[-103.362367,25.561878]]]}},{"type":"Feature","properties":{},"geometry":{"type":"Polygon","coordinates":[[[-103.363378,25.561343],[-103.363243,25.561132],[-103.363152,25.56118],[-103.363287,25.561391],[-103.363378,25.561343]]]}},{"type":"Feature","properties":{},"geometry":{"type":"Polygon","coordinates":[[[-103.363469,25.561295],[-103.363333,25.561084],[-103.363243,25.561132],[-103.363378,25.561343],[-103.363469,25.561295]]]}},{"type":"Feature","properties":{},"geometry":{"type":"Polygon","coordinates":[[[-103.363559,25.561247],[-103.363424,25.561036],[-103.363333,25.561084],[-103.363469,25.561295],[-103.363559,25.561247]]]}},{"type":"Feature","properties":{},"geometry":{"type":"Polygon","coordinates":[[[-103.36365,25.561199],[-103.363515,25.560988],[-103.363424,25.561036],[-103.363559,25.561247],[-103.36365,25.561199]]]}},{"type":"Feature","properties":{},"geometry":{"type":"Polygon","coordinates":[[[-103.363741,25.561151],[-103.363606,25.56094],[-103.363515,25.560988],[-103.36365,25.561199],[-103.363741,25.561151]]]}},{"type":"Feature","properties":{},"geometry":{"type":"Polygon","coordinates":[[[-103.363832,25.561103],[-103.363696,25.560892],[-103.363606,25.56094],[-103.363741,25.561151],[-103.363832,25.561103]]]}},{"type":"Feature","properties":{},"geometry":{"type":"Polygon","coordinates":[[[-103.363922,25.561055],[-103.363787,25.560844],[-103.363696,25.560892],[-103.363832,25.561103],[-103.363922,25.561055]]]}},{"type":"Feature","properties":{},"geometry":{"type":"Polygon","coordinates":[[[-103.364013,25.561007],[-103.363878,25.560796],[-103.363787,25.560844],[-103.363922,25.561055],[-103.364013,25.561007]]]}},{"type":"Feature","properties":{},"geometry":{"type":"Polygon","coordinates":[[[-103.364104,25.560959],[-103.363969,25.560748],[-103.363878,25.560796],[-103.364013,25.561007],[-103.364104,25.560959]]]}},{"type":"Feature","properties":{},"geometry":{"type":"Polygon","coordinates":[[[-103.364195,25.560911],[-103.364059,25.5607],[-103.363969,25.560748],[-103.364104,25.560959],[-103.364195,25.560911]]]}},{"type":"Feature","properties":{},"geometry":{"type":"Polygon","coordinates":[[[-103.364285,25.560863],[-103.36415,25.560652],[-103.364059,25.5607],[-103.364195,25.560911],[-103.364285,25.560863]]]}},{"type":"Feature","properties":{},"geometry":{"type":"Polygon","coordinates":[[[-103.364376,25.560815],[-103.364241,25.560604],[-103.36415,25.560652],[-103.364285,25.560863],[-103.364376,25.560815]]]}},{"type":"Feature","properties":{},"geometry":{"type":"Polygon","coordinates":[[[-103.364467,25.560767],[-103.364332,25.560556],[-103.364241,25.560604],[-103.364376,25.560815],[-103.364467,25.560767]]]}},{"type":"Feature","properties":{},"geometry":{"type":"Polygon","coordinates":[[[-103.364558,25.560719],[-103.364422,25.560508],[-103.364332,25.560556],[-103.364467,25.560767],[-103.364558,25.560719]]]}},{"type":"Feature","properties":{},"geometry":{"type":"Polygon","coordinates":[[[-103.364648,25.560671],[-103.364513,25.56046],[-103.364422,25.560508],[-103.364558,25.560719],[-103.364648,25.560671]]]}},{"type":"Feature","properties":{},"geometry":{"type":"Polygon","coordinates":[[[-103.364739,25.560623],[-103.364604,25.560412],[-103.364513,25.56046],[-103.364648,25.560671],[-103.364739,25.560623]]]}},{"type":"Feature","properties":{},"geometry":{"type":"Polygon","coordinates":[[[-103.364933,25.56052],[-103.364798,25.56031],[-103.364707,25.560358],[-103.364842,25.560568],[-103.364933,25.56052]]]}},{"type":"Feature","properties":{},"geometry":{"type":"Polygon","coordinates":[[[-103.365024,25.560472],[-103.364888,25.560262],[-103.364798,25.56031],[-103.364933,25.56052],[-103.365024,25.560472]]]}},{"type":"Feature","properties":{},"geometry":{"type":"Polygon","coordinates":[[[-103.366113,25.559896],[-103.365977,25.559686],[-103.365887,25.559734],[-103.366022,25.559944],[-103.366113,25.559896]]]}},{"type":"Feature","properties":{},"geometry":{"type":"Polygon","coordinates":[[[-103.366203,25.559848],[-103.366068,25.559638],[-103.365977,25.559686],[-103.366113,25.559896],[-103.366203,25.559848]]]}},{"type":"Feature","properties":{},"geometry":{"type":"Polygon","coordinates":[[[-103.366294,25.5598],[-103.366159,25.55959],[-103.366068,25.559638],[-103.366203,25.559848],[-103.366294,25.5598]]]}},{"type":"Feature","properties":{},"geometry":{"type":"Polygon","coordinates":[[[-103.366488,25.559698],[-103.366353,25.559487],[-103.366262,25.559535],[-103.366397,25.559746],[-103.366488,25.559698]]]}},{"type":"Feature","properties":{},"geometry":{"type":"Polygon","coordinates":[[[-103.366579,25.55965],[-103.366443,25.559439],[-103.366353,25.559487],[-103.366488,25.559698],[-103.366579,25.55965]]]}},{"type":"Feature","properties":{},"geometry":{"type":"Polygon","coordinates":[[[-103.36667,25.559602],[-103.366534,25.559391],[-103.366443,25.559439],[-103.366579,25.55965],[-103.36667,25.559602]]]}},{"type":"Feature","properties":{},"geometry":{"type":"Polygon","coordinates":[[[-103.36676,25.559554],[-103.366625,25.559343],[-103.366534,25.559391],[-103.36667,25.559602],[-103.36676,25.559554]]]}},{"type":"Feature","properties":{},"geometry":{"type":"Polygon","coordinates":[[[-103.366851,25.559506],[-103.366716,25.559295],[-103.366625,25.559343],[-103.36676,25.559554],[-103.366851,25.559506]]]}},{"type":"Feature","properties":{},"geometry":{"type":"Polygon","coordinates":[[[-103.366942,25.559458],[-103.366806,25.559247],[-103.366716,25.559295],[-103.366851,25.559506],[-103.366942,25.559458]]]}},{"type":"Feature","properties":{},"geometry":{"type":"Polygon","coordinates":[[[-103.367033,25.55941],[-103.366897,25.559199],[-103.366806,25.559247],[-103.366942,25.559458],[-103.367033,25.55941]]]}},{"type":"Feature","properties":{},"geometry":{"type":"Polygon","coordinates":[[[-103.367123,25.559362],[-103.366988,25.559151],[-103.366897,25.559199],[-103.367033,25.55941],[-103.367123,25.559362]]]}},{"type":"Feature","properties":{},"geometry":{"type":"Polygon","coordinates":[[[-103.367214,25.559314],[-103.367079,25.559103],[-103.366988,25.559151],[-103.367123,25.559362],[-103.367214,25.559314]]]}},{"type":"Feature","properties":{},"geometry":{"type":"Polygon","coordinates":[[[-103.367305,25.559266],[-103.367169,25.559055],[-103.367079,25.559103],[-103.367214,25.559314],[-103.367305,25.559266]]]}},{"type":"Feature","properties":{},"geometry":{"type":"Polygon","coordinates":[[[-103.367396,25.559218],[-103.36726,25.559007],[-103.367169,25.559055],[-103.367305,25.559266],[-103.367396,25.559218]]]}},{"type":"Feature","properties":{},"geometry":{"type":"Polygon","coordinates":[[[-103.367486,25.55917],[-103.367351,25.558959],[-103.36726,25.559007],[-103.367396,25.559218],[-103.367486,25.55917]]]}},{"type":"Feature","properties":{},"geometry":{"type":"Polygon","coordinates":[[[-103.367577,25.559122],[-103.367442,25.558911],[-103.367351,25.558959],[-103.367486,25.55917],[-103.367577,25.559122]]]}},{"type":"Feature","properties":{},"geometry":{"type":"Polygon","coordinates":[[[-103.367668,25.559074],[-103.367532,25.558863],[-103.367442,25.558911],[-103.367577,25.559122],[-103.367668,25.559074]]]}},{"type":"Feature","properties":{},"geometry":{"type":"Polygon","coordinates":[[[-103.367759,25.559026],[-103.367623,25.558815],[-103.367532,25.558863],[-103.367668,25.559074],[-103.367759,25.559026]]]}},{"type":"Feature","properties":{},"geometry":{"type":"Polygon","coordinates":[[[-103.367849,25.558978],[-103.367714,25.558767],[-103.367623,25.558815],[-103.367759,25.559026],[-103.367849,25.558978]]]}},{"type":"Feature","properties":{},"geometry":{"type":"Polygon","coordinates":[[[-103.368043,25.558875],[-103.367908,25.558664],[-103.367817,25.558712],[-103.367952,25.558923],[-103.368043,25.558875]]]}},{"type":"Feature","properties":{},"geometry":{"type":"Polygon","coordinates":[[[-103.368134,25.558827],[-103.367999,25.558616],[-103.367908,25.558664],[-103.368043,25.558875],[-103.368134,25.558827]]]}},{"type":"Feature","properties":{},"geometry":{"type":"Polygon","coordinates":[[[-103.368225,25.558779],[-103.368089,25.558568],[-103.367999,25.558616],[-103.368134,25.558827],[-103.368225,25.558779]]]}},{"type":"Feature","properties":{},"geometry":{"type":"Polygon","coordinates":[[[-103.368315,25.558731],[-103.36818,25.55852],[-103.368089,25.558568],[-103.368225,25.558779],[-103.368315,25.558731]]]}},{"type":"Feature","properties":{},"geometry":{"type":"Polygon","coordinates":[[[-103.35802,25.563895],[-103.357885,25.563684],[-103.357794,25.563732],[-103.357929,25.563943],[-103.35802,25.563895]]]}},{"type":"Feature","properties":{},"geometry":{"type":"Polygon","coordinates":[[[-103.358111,25.563847],[-103.357976,25.563636],[-103.357885,25.563684],[-103.35802,25.563895],[-103.358111,25.563847]]]}},{"type":"Feature","properties":{},"geometry":{"type":"Polygon","coordinates":[[[-103.358202,25.563799],[-103.358066,25.563588],[-103.357976,25.563636],[-103.358111,25.563847],[-103.358202,25.563799]]]}},{"type":"Feature","properties":{},"geometry":{"type":"Polygon","coordinates":[[[-103.358292,25.563751],[-103.358157,25.56354],[-103.358066,25.563588],[-103.358202,25.563799],[-103.358292,25.563751]]]}},{"type":"Feature","properties":{},"geometry":{"type":"Polygon","coordinates":[[[-103.358383,25.563703],[-103.358248,25.563492],[-103.358157,25.56354],[-103.358292,25.563751],[-103.358383,25.563703]]]}},{"type":"Feature","properties":{},"geometry":{"type":"Polygon","coordinates":[[[-103.358577,25.5636],[-103.358442,25.56339],[-103.358351,25.563438],[-103.358486,25.563648],[-103.358577,25.5636]]]}},{"type":"Feature","properties":{},"geometry":{"type":"Polygon","coordinates":[[[-103.358668,25.563552],[-103.358533,25.563342],[-103.358442,25.56339],[-103.358577,25.5636],[-103.358668,25.563552]]]}},{"type":"Feature","properties":{},"geometry":{"type":"Polygon","coordinates":[[[-103.358759,25.563504],[-103.358623,25.563294],[-103.358533,25.563342],[-103.358668,25.563552],[-103.358759,25.563504]]]}},{"type":"Feature","properties":{},"geometry":{"type":"Polygon","coordinates":[[[-103.358849,25.563456],[-103.358714,25.563246],[-103.358623,25.563294],[-103.358759,25.563504],[-103.358849,25.563456]]]}},{"type":"Feature","properties":{},"geometry":{"type":"Polygon","coordinates":[[[-103.35894,25.563408],[-103.358805,25.563198],[-103.358714,25.563246],[-103.358849,25.563456],[-103.35894,25.563408]]]}},{"type":"Feature","properties":{},"geometry":{"type":"Polygon","coordinates":[[[-103.359031,25.56336],[-103.358896,25.56315],[-103.358805,25.563198],[-103.35894,25.563408],[-103.359031,25.56336]]]}},{"type":"Feature","properties":{},"geometry":{"type":"Polygon","coordinates":[[[-103.359122,25.563312],[-103.358986,25.563102],[-103.358896,25.56315],[-103.359031,25.56336],[-103.359122,25.563312]]]}},{"type":"Feature","properties":{},"geometry":{"type":"Polygon","coordinates":[[[-103.359212,25.563264],[-103.359077,25.563054],[-103.358986,25.563102],[-103.359122,25.563312],[-103.359212,25.563264]]]}},{"type":"Feature","properties":{},"geometry":{"type":"Polygon","coordinates":[[[-103.359303,25.563216],[-103.359168,25.563006],[-103.359077,25.563054],[-103.359212,25.563264],[-103.359303,25.563216]]]}},{"type":"Feature","properties":{},"geometry":{"type":"Polygon","coordinates":[[[-103.359394,25.563168],[-103.359259,25.562958],[-103.359168,25.563006],[-103.359303,25.563216],[-103.359394,25.563168]]]}},{"type":"Feature","properties":{},"geometry":{"type":"Polygon","coordinates":[[[-103.359485,25.56312],[-103.359349,25.56291],[-103.359259,25.562958],[-103.359394,25.563168],[-103.359485,25.56312]]]}},{"type":"Feature","properties":{},"geometry":{"type":"Polygon","coordinates":[[[-103.359575,25.563072],[-103.35944,25.562862],[-103.359349,25.56291],[-103.359485,25.56312],[-103.359575,25.563072]]]}},{"type":"Feature","properties":{},"geometry":{"type":"Polygon","coordinates":[[[-103.359666,25.563024],[-103.359531,25.562814],[-103.35944,25.562862],[-103.359575,25.563072],[-103.359666,25.563024]]]}},{"type":"Feature","properties":{},"geometry":{"type":"Polygon","coordinates":[[[-103.359757,25.562976],[-103.359622,25.562766],[-103.359531,25.562814],[-103.359666,25.563024],[-103.359757,25.562976]]]}},{"type":"Feature","properties":{},"geometry":{"type":"Polygon","coordinates":[[[-103.359848,25.562928],[-103.359712,25.562718],[-103.359622,25.562766],[-103.359757,25.562976],[-103.359848,25.562928]]]}},{"type":"Feature","properties":{},"geometry":{"type":"Polygon","coordinates":[[[-103.359938,25.56288],[-103.359803,25.56267],[-103.359712,25.562718],[-103.359848,25.562928],[-103.359938,25.56288]]]}},{"type":"Feature","properties":{},"geometry":{"type":"Polygon","coordinates":[[[-103.360132,25.562778],[-103.359997,25.562567],[-103.359906,25.562615],[-103.360042,25.562826],[-103.360132,25.562778]]]}},{"type":"Feature","properties":{},"geometry":{"type":"Polygon","coordinates":[[[-103.360223,25.56273],[-103.360088,25.562519],[-103.359997,25.562567],[-103.360132,25.562778],[-103.360223,25.56273]]]}},{"type":"Feature","properties":{},"geometry":{"type":"Polygon","coordinates":[[[-103.360314,25.562682],[-103.360178,25.562471],[-103.360088,25.562519],[-103.360223,25.56273],[-103.360314,25.562682]]]}},{"type":"Feature","properties":{},"geometry":{"type":"Polygon","coordinates":[[[-103.360405,25.562634],[-103.360269,25.562423],[-103.360178,25.562471],[-103.360314,25.562682],[-103.360405,25.562634]]]}},{"type":"Feature","properties":{},"geometry":{"type":"Polygon","coordinates":[[[-103.360495,25.562586],[-103.36036,25.562375],[-103.360269,25.562423],[-103.360405,25.562634],[-103.360495,25.562586]]]}},{"type":"Feature","properties":{},"geometry":{"type":"Polygon","coordinates":[[[-103.360586,25.562538],[-103.360451,25.562327],[-103.36036,25.562375],[-103.360495,25.562586],[-103.360586,25.562538]]]}},{"type":"Feature","properties":{},"geometry":{"type":"Polygon","coordinates":[[[-103.360677,25.56249],[-103.360541,25.562279],[-103.360451,25.562327],[-103.360586,25.562538],[-103.360677,25.56249]]]}},{"type":"Feature","properties":{},"geometry":{"type":"Polygon","coordinates":[[[-103.360768,25.562442],[-103.360632,25.562231],[-103.360541,25.562279],[-103.360677,25.56249],[-103.360768,25.562442]]]}},{"type":"Feature","properties":{},"geometry":{"type":"Polygon","coordinates":[[[-103.360858,25.562394],[-103.360723,25.562183],[-103.360632,25.562231],[-103.360768,25.562442],[-103.360858,25.562394]]]}},{"type":"Feature","properties":{},"geometry":{"type":"Polygon","coordinates":[[[-103.360949,25.562346],[-103.360814,25.562135],[-103.360723,25.562183],[-103.360858,25.562394],[-103.360949,25.562346]]]}},{"type":"Feature","properties":{},"geometry":{"type":"Polygon","coordinates":[[[-103.36104,25.562298],[-103.360904,25.562087],[-103.360814,25.562135],[-103.360949,25.562346],[-103.36104,25.562298]]]}},{"type":"Feature","properties":{},"geometry":{"type":"Polygon","coordinates":[[[-103.361131,25.56225],[-103.360995,25.562039],[-103.360904,25.562087],[-103.36104,25.562298],[-103.361131,25.56225]]]}},{"type":"Feature","properties":{},"geometry":{"type":"Polygon","coordinates":[[[-103.361221,25.562202],[-103.361086,25.561991],[-103.360995,25.562039],[-103.361131,25.56225],[-103.361221,25.562202]]]}},{"type":"Feature","properties":{},"geometry":{"type":"Polygon","coordinates":[[[-103.361312,25.562154],[-103.361177,25.561943],[-103.361086,25.561991],[-103.361221,25.562202],[-103.361312,25.562154]]]}},{"type":"Feature","properties":{},"geometry":{"type":"Polygon","coordinates":[[[-103.361403,25.562106],[-103.361267,25.561895],[-103.361177,25.561943],[-103.361312,25.562154],[-103.361403,25.562106]]]}},{"type":"Feature","properties":{},"geometry":{"type":"Polygon","coordinates":[[[-103.361494,25.562058],[-103.361358,25.561847],[-103.361267,25.561895],[-103.361403,25.562106],[-103.361494,25.562058]]]}},{"type":"Feature","properties":{},"geometry":{"type":"Polygon","coordinates":[[[-103.361687,25.561955],[-103.361552,25.561745],[-103.361461,25.561793],[-103.361597,25.562003],[-103.361687,25.561955]]]}},{"type":"Feature","properties":{},"geometry":{"type":"Polygon","coordinates":[[[-103.361778,25.561907],[-103.361643,25.561697],[-103.361552,25.561745],[-103.361687,25.561955],[-103.361778,25.561907]]]}},{"type":"Feature","properties":{},"geometry":{"type":"Polygon","coordinates":[[[-103.361869,25.561859],[-103.361734,25.561649],[-103.361643,25.561697],[-103.361778,25.561907],[-103.361869,25.561859]]]}},{"type":"Feature","properties":{},"geometry":{"type":"Polygon","coordinates":[[[-103.36196,25.561811],[-103.361824,25.561601],[-103.361734,25.561649],[-103.361869,25.561859],[-103.36196,25.561811]]]}},{"type":"Feature","properties":{},"geometry":{"type":"Polygon","coordinates":[[[-103.36205,25.561763],[-103.361915,25.561552],[-103.361824,25.561601],[-103.36196,25.561811],[-103.36205,25.561763]]]}},{"type":"Feature","properties":{},"geometry":{"type":"Polygon","coordinates":[[[-103.362141,25.561715],[-103.362006,25.561504],[-103.361915,25.561552],[-103.36205,25.561763],[-103.362141,25.561715]]]}},{"type":"Feature","properties":{},"geometry":{"type":"Polygon","coordinates":[[[-103.362232,25.561667],[-103.362097,25.561456],[-103.362006,25.561504],[-103.362141,25.561715],[-103.362232,25.561667]]]}},{"type":"Feature","properties":{},"geometry":{"type":"Polygon","coordinates":[[[-103.363243,25.561132],[-103.363107,25.560922],[-103.363016,25.56097],[-103.363152,25.56118],[-103.363243,25.561132]]]}},{"type":"Feature","properties":{},"geometry":{"type":"Polygon","coordinates":[[[-103.363333,25.561084],[-103.363198,25.560874],[-103.363107,25.560922],[-103.363243,25.561132],[-103.363333,25.561084]]]}},{"type":"Feature","properties":{},"geometry":{"type":"Polygon","coordinates":[[[-103.363424,25.561036],[-103.363289,25.560826],[-103.363198,25.560874],[-103.363333,25.561084],[-103.363424,25.561036]]]}},{"type":"Feature","properties":{},"geometry":{"type":"Polygon","coordinates":[[[-103.363515,25.560988],[-103.363379,25.560778],[-103.363289,25.560826],[-103.363424,25.561036],[-103.363515,25.560988]]]}},{"type":"Feature","properties":{},"geometry":{"type":"Polygon","coordinates":[[[-103.363606,25.56094],[-103.36347,25.56073],[-103.363379,25.560778],[-103.363515,25.560988],[-103.363606,25.56094]]]}},{"type":"Feature","properties":{},"geometry":{"type":"Polygon","coordinates":[[[-103.363696,25.560892],[-103.363561,25.560682],[-103.36347,25.56073],[-103.363606,25.56094],[-103.363696,25.560892]]]}},{"type":"Feature","properties":{},"geometry":{"type":"Polygon","coordinates":[[[-103.363787,25.560844],[-103.363652,25.560634],[-103.363561,25.560682],[-103.363696,25.560892],[-103.363787,25.560844]]]}},{"type":"Feature","properties":{},"geometry":{"type":"Polygon","coordinates":[[[-103.363878,25.560796],[-103.363742,25.560586],[-103.363652,25.560634],[-103.363787,25.560844],[-103.363878,25.560796]]]}},{"type":"Feature","properties":{},"geometry":{"type":"Polygon","coordinates":[[[-103.363969,25.560748],[-103.363833,25.560538],[-103.363742,25.560586],[-103.363878,25.560796],[-103.363969,25.560748]]]}},{"type":"Feature","properties":{},"geometry":{"type":"Polygon","coordinates":[[[-103.364059,25.5607],[-103.363924,25.56049],[-103.363833,25.560538],[-103.363969,25.560748],[-103.364059,25.5607]]]}},{"type":"Feature","properties":{},"geometry":{"type":"Polygon","coordinates":[[[-103.36415,25.560652],[-103.364015,25.560442],[-103.363924,25.56049],[-103.364059,25.5607],[-103.36415,25.560652]]]}},{"type":"Feature","properties":{},"geometry":{"type":"Polygon","coordinates":[[[-103.364241,25.560604],[-103.364105,25.560394],[-103.364015,25.560442],[-103.36415,25.560652],[-103.364241,25.560604]]]}},{"type":"Feature","properties":{},"geometry":{"type":"Polygon","coordinates":[[[-103.364332,25.560556],[-103.364196,25.560346],[-103.364105,25.560394],[-103.364241,25.560604],[-103.364332,25.560556]]]}},{"type":"Feature","properties":{},"geometry":{"type":"Polygon","coordinates":[[[-103.364422,25.560508],[-103.364287,25.560298],[-103.364196,25.560346],[-103.364332,25.560556],[-103.364422,25.560508]]]}},{"type":"Feature","properties":{},"geometry":{"type":"Polygon","coordinates":[[[-103.364513,25.56046],[-103.364378,25.56025],[-103.364287,25.560298],[-103.364422,25.560508],[-103.364513,25.56046]]]}},{"type":"Feature","properties":{},"geometry":{"type":"Polygon","coordinates":[[[-103.364604,25.560412],[-103.364468,25.560202],[-103.364378,25.56025],[-103.364513,25.56046],[-103.364604,25.560412]]]}},{"type":"Feature","properties":{},"geometry":{"type":"Polygon","coordinates":[[[-103.364798,25.56031],[-103.364662,25.560099],[-103.364572,25.560147],[-103.364707,25.560358],[-103.364798,25.56031]]]}},{"type":"Feature","properties":{},"geometry":{"type":"Polygon","coordinates":[[[-103.364888,25.560262],[-103.364753,25.560051],[-103.364662,25.560099],[-103.364798,25.56031],[-103.364888,25.560262]]]}},{"type":"Feature","properties":{},"geometry":{"type":"Polygon","coordinates":[[[-103.365977,25.559686],[-103.365842,25.559475],[-103.365751,25.559523],[-103.365887,25.559734],[-103.365977,25.559686]]]}},{"type":"Feature","properties":{},"geometry":{"type":"Polygon","coordinates":[[[-103.366068,25.559638],[-103.365933,25.559427],[-103.365842,25.559475],[-103.365977,25.559686],[-103.366068,25.559638]]]}},{"type":"Feature","properties":{},"geometry":{"type":"Polygon","coordinates":[[[-103.366159,25.55959],[-103.366023,25.559379],[-103.365933,25.559427],[-103.366068,25.559638],[-103.366159,25.55959]]]}},{"type":"Feature","properties":{},"geometry":{"type":"Polygon","coordinates":[[[-103.366353,25.559487],[-103.366217,25.559277],[-103.366127,25.559325],[-103.366262,25.559535],[-103.366353,25.559487]]]}},{"type":"Feature","properties":{},"geometry":{"type":"Polygon","coordinates":[[[-103.366443,25.559439],[-103.366308,25.559229],[-103.366217,25.559277],[-103.366353,25.559487],[-103.366443,25.559439]]]}},{"type":"Feature","properties":{},"geometry":{"type":"Polygon","coordinates":[[[-103.366534,25.559391],[-103.366399,25.559181],[-103.366308,25.559229],[-103.366443,25.559439],[-103.366534,25.559391]]]}},{"type":"Feature","properties":{},"geometry":{"type":"Polygon","coordinates":[[[-103.366625,25.559343],[-103.36649,25.559133],[-103.366399,25.559181],[-103.366534,25.559391],[-103.366625,25.559343]]]}},{"type":"Feature","properties":{},"geometry":{"type":"Polygon","coordinates":[[[-103.366716,25.559295],[-103.36658,25.559085],[-103.36649,25.559133],[-103.366625,25.559343],[-103.366716,25.559295]]]}},{"type":"Feature","properties":{},"geometry":{"type":"Polygon","coordinates":[[[-103.366806,25.559247],[-103.366671,25.559037],[-103.36658,25.559085],[-103.366716,25.559295],[-103.366806,25.559247]]]}},{"type":"Feature","properties":{},"geometry":{"type":"Polygon","coordinates":[[[-103.366897,25.559199],[-103.366762,25.558988],[-103.366671,25.559037],[-103.366806,25.559247],[-103.366897,25.559199]]]}},{"type":"Feature","properties":{},"geometry":{"type":"Polygon","coordinates":[[[-103.366988,25.559151],[-103.366853,25.55894],[-103.366762,25.558988],[-103.366897,25.559199],[-103.366988,25.559151]]]}},{"type":"Feature","properties":{},"geometry":{"type":"Polygon","coordinates":[[[-103.367079,25.559103],[-103.366943,25.558892],[-103.366853,25.55894],[-103.366988,25.559151],[-103.367079,25.559103]]]}},{"type":"Feature","properties":{},"geometry":{"type":"Polygon","coordinates":[[[-103.367169,25.559055],[-103.367034,25.558844],[-103.366943,25.558892],[-103.367079,25.559103],[-103.367169,25.559055]]]}},{"type":"Feature","properties":{},"geometry":{"type":"Polygon","coordinates":[[[-103.36726,25.559007],[-103.367125,25.558796],[-103.367034,25.558844],[-103.367169,25.559055],[-103.36726,25.559007]]]}},{"type":"Feature","properties":{},"geometry":{"type":"Polygon","coordinates":[[[-103.367351,25.558959],[-103.367216,25.558748],[-103.367125,25.558796],[-103.36726,25.559007],[-103.367351,25.558959]]]}},{"type":"Feature","properties":{},"geometry":{"type":"Polygon","coordinates":[[[-103.367442,25.558911],[-103.367306,25.5587],[-103.367216,25.558748],[-103.367351,25.558959],[-103.367442,25.558911]]]}},{"type":"Feature","properties":{},"geometry":{"type":"Polygon","coordinates":[[[-103.367532,25.558863],[-103.367397,25.558652],[-103.367306,25.5587],[-103.367442,25.558911],[-103.367532,25.558863]]]}},{"type":"Feature","properties":{},"geometry":{"type":"Polygon","coordinates":[[[-103.367623,25.558815],[-103.367488,25.558604],[-103.367397,25.558652],[-103.367532,25.558863],[-103.367623,25.558815]]]}},{"type":"Feature","properties":{},"geometry":{"type":"Polygon","coordinates":[[[-103.367714,25.558767],[-103.367579,25.558556],[-103.367488,25.558604],[-103.367623,25.558815],[-103.367714,25.558767]]]}},{"type":"Feature","properties":{},"geometry":{"type":"Polygon","coordinates":[[[-103.367908,25.558664],[-103.367772,25.558454],[-103.367682,25.558502],[-103.367817,25.558712],[-103.367908,25.558664]]]}},{"type":"Feature","properties":{},"geometry":{"type":"Polygon","coordinates":[[[-103.358006,25.563495],[-103.357871,25.563284],[-103.35778,25.563332],[-103.357915,25.563543],[-103.358006,25.563495]]]}},{"type":"Feature","properties":{},"geometry":{"type":"Polygon","coordinates":[[[-103.358097,25.563447],[-103.357962,25.563236],[-103.357871,25.563284],[-103.358006,25.563495],[-103.358097,25.563447]]]}},{"type":"Feature","properties":{},"geometry":{"type":"Polygon","coordinates":[[[-103.358188,25.563399],[-103.358052,25.563188],[-103.357962,25.563236],[-103.358097,25.563447],[-103.358188,25.563399]]]}},{"type":"Feature","properties":{},"geometry":{"type":"Polygon","coordinates":[[[-103.358382,25.563296],[-103.358246,25.563086],[-103.358156,25.563134],[-103.358291,25.563344],[-103.358382,25.563296]]]}},{"type":"Feature","properties":{},"geometry":{"type":"Polygon","coordinates":[[[-103.358472,25.563248],[-103.358337,25.563038],[-103.358246,25.563086],[-103.358382,25.563296],[-103.358472,25.563248]]]}},{"type":"Feature","properties":{},"geometry":{"type":"Polygon","coordinates":[[[-103.358563,25.5632],[-103.358428,25.56299],[-103.358337,25.563038],[-103.358472,25.563248],[-103.358563,25.5632]]]}},{"type":"Feature","properties":{},"geometry":{"type":"Polygon","coordinates":[[[-103.358654,25.563152],[-103.358519,25.562942],[-103.358428,25.56299],[-103.358563,25.5632],[-103.358654,25.563152]]]}},{"type":"Feature","properties":{},"geometry":{"type":"Polygon","coordinates":[[[-103.358745,25.563104],[-103.358609,25.562894],[-103.358519,25.562942],[-103.358654,25.563152],[-103.358745,25.563104]]]}},{"type":"Feature","properties":{},"geometry":{"type":"Polygon","coordinates":[[[-103.358835,25.563056],[-103.3587,25.562846],[-103.358609,25.562894],[-103.358745,25.563104],[-103.358835,25.563056]]]}},{"type":"Feature","properties":{},"geometry":{"type":"Polygon","coordinates":[[[-103.358926,25.563008],[-103.358791,25.562798],[-103.3587,25.562846],[-103.358835,25.563056],[-103.358926,25.563008]]]}},{"type":"Feature","properties":{},"geometry":{"type":"Polygon","coordinates":[[[-103.359017,25.56296],[-103.358881,25.56275],[-103.358791,25.562798],[-103.358926,25.563008],[-103.359017,25.56296]]]}},{"type":"Feature","properties":{},"geometry":{"type":"Polygon","coordinates":[[[-103.359108,25.562912],[-103.358972,25.562702],[-103.358881,25.56275],[-103.359017,25.56296],[-103.359108,25.562912]]]}},{"type":"Feature","properties":{},"geometry":{"type":"Polygon","coordinates":[[[-103.359198,25.562864],[-103.359063,25.562654],[-103.358972,25.562702],[-103.359108,25.562912],[-103.359198,25.562864]]]}},{"type":"Feature","properties":{},"geometry":{"type":"Polygon","coordinates":[[[-103.359289,25.562816],[-103.359154,25.562606],[-103.359063,25.562654],[-103.359198,25.562864],[-103.359289,25.562816]]]}},{"type":"Feature","properties":{},"geometry":{"type":"Polygon","coordinates":[[[-103.35938,25.562768],[-103.359244,25.562558],[-103.359154,25.562606],[-103.359289,25.562816],[-103.35938,25.562768]]]}},{"type":"Feature","properties":{},"geometry":{"type":"Polygon","coordinates":[[[-103.359471,25.56272],[-103.359335,25.56251],[-103.359244,25.562558],[-103.35938,25.562768],[-103.359471,25.56272]]]}},{"type":"Feature","properties":{},"geometry":{"type":"Polygon","coordinates":[[[-103.359561,25.562672],[-103.359426,25.562462],[-103.359335,25.56251],[-103.359471,25.56272],[-103.359561,25.562672]]]}},{"type":"Feature","properties":{},"geometry":{"type":"Polygon","coordinates":[[[-103.359652,25.562624],[-103.359517,25.562414],[-103.359426,25.562462],[-103.359561,25.562672],[-103.359652,25.562624]]]}},{"type":"Feature","properties":{},"geometry":{"type":"Polygon","coordinates":[[[-103.359743,25.562576],[-103.359607,25.562366],[-103.359517,25.562414],[-103.359652,25.562624],[-103.359743,25.562576]]]}},{"type":"Feature","properties":{},"geometry":{"type":"Polygon","coordinates":[[[-103.359937,25.562474],[-103.359801,25.562263],[-103.359711,25.562311],[-103.359846,25.562522],[-103.359937,25.562474]]]}},{"type":"Feature","properties":{},"geometry":{"type":"Polygon","coordinates":[[[-103.360028,25.562426],[-103.359892,25.562215],[-103.359801,25.562263],[-103.359937,25.562474],[-103.360028,25.562426]]]}},{"type":"Feature","properties":{},"geometry":{"type":"Polygon","coordinates":[[[-103.360118,25.562378],[-103.359983,25.562167],[-103.359892,25.562215],[-103.360028,25.562426],[-103.360118,25.562378]]]}},{"type":"Feature","properties":{},"geometry":{"type":"Polygon","coordinates":[[[-103.360209,25.56233],[-103.360074,25.562119],[-103.359983,25.562167],[-103.360118,25.562378],[-103.360209,25.56233]]]}},{"type":"Feature","properties":{},"geometry":{"type":"Polygon","coordinates":[[[-103.3603,25.562282],[-103.360164,25.562071],[-103.360074,25.562119],[-103.360209,25.56233],[-103.3603,25.562282]]]}},{"type":"Feature","properties":{},"geometry":{"type":"Polygon","coordinates":[[[-103.360391,25.562234],[-103.360255,25.562023],[-103.360164,25.562071],[-103.3603,25.562282],[-103.360391,25.562234]]]}},{"type":"Feature","properties":{},"geometry":{"type":"Polygon","coordinates":[[[-103.360481,25.562186],[-103.360346,25.561975],[-103.360255,25.562023],[-103.360391,25.562234],[-103.360481,25.562186]]]}},{"type":"Feature","properties":{},"geometry":{"type":"Polygon","coordinates":[[[-103.360572,25.562138],[-103.360437,25.561927],[-103.360346,25.561975],[-103.360481,25.562186],[-103.360572,25.562138]]]}},{"type":"Feature","properties":{},"geometry":{"type":"Polygon","coordinates":[[[-103.360663,25.56209],[-103.360527,25.561879],[-103.360437,25.561927],[-103.360572,25.562138],[-103.360663,25.56209]]]}},{"type":"Feature","properties":{},"geometry":{"type":"Polygon","coordinates":[[[-103.360754,25.562042],[-103.360618,25.561831],[-103.360527,25.561879],[-103.360663,25.56209],[-103.360754,25.562042]]]}},{"type":"Feature","properties":{},"geometry":{"type":"Polygon","coordinates":[[[-103.360844,25.561994],[-103.360709,25.561783],[-103.360618,25.561831],[-103.360754,25.562042],[-103.360844,25.561994]]]}},{"type":"Feature","properties":{},"geometry":{"type":"Polygon","coordinates":[[[-103.360935,25.561946],[-103.3608,25.561735],[-103.360709,25.561783],[-103.360844,25.561994],[-103.360935,25.561946]]]}},{"type":"Feature","properties":{},"geometry":{"type":"Polygon","coordinates":[[[-103.361026,25.561898],[-103.36089,25.561687],[-103.3608,25.561735],[-103.360935,25.561946],[-103.361026,25.561898]]]}},{"type":"Feature","properties":{},"geometry":{"type":"Polygon","coordinates":[[[-103.361117,25.56185],[-103.360981,25.561639],[-103.36089,25.561687],[-103.361026,25.561898],[-103.361117,25.56185]]]}},{"type":"Feature","properties":{},"geometry":{"type":"Polygon","coordinates":[[[-103.361207,25.561802],[-103.361072,25.561591],[-103.360981,25.561639],[-103.361117,25.56185],[-103.361207,25.561802]]]}},{"type":"Feature","properties":{},"geometry":{"type":"Polygon","coordinates":[[[-103.361298,25.561754],[-103.361163,25.561543],[-103.361072,25.561591],[-103.361207,25.561802],[-103.361298,25.561754]]]}},{"type":"Feature","properties":{},"geometry":{"type":"Polygon","coordinates":[[[-103.361492,25.561651],[-103.361357,25.56144],[-103.361266,25.561488],[-103.361401,25.561699],[-103.361492,25.561651]]]}},{"type":"Feature","properties":{},"geometry":{"type":"Polygon","coordinates":[[[-103.361583,25.561603],[-103.361447,25.561392],[-103.361357,25.56144],[-103.361492,25.561651],[-103.361583,25.561603]]]}},{"type":"Feature","properties":{},"geometry":{"type":"Polygon","coordinates":[[[-103.361673,25.561555],[-103.361538,25.561344],[-103.361447,25.561392],[-103.361583,25.561603],[-103.361673,25.561555]]]}},{"type":"Feature","properties":{},"geometry":{"type":"Polygon","coordinates":[[[-103.361764,25.561507],[-103.361629,25.561296],[-103.361538,25.561344],[-103.361673,25.561555],[-103.361764,25.561507]]]}},{"type":"Feature","properties":{},"geometry":{"type":"Polygon","coordinates":[[[-103.361855,25.561459],[-103.36172,25.561248],[-103.361629,25.561296],[-103.361764,25.561507],[-103.361855,25.561459]]]}},{"type":"Feature","properties":{},"geometry":{"type":"Polygon","coordinates":[[[-103.361946,25.561411],[-103.36181,25.5612],[-103.36172,25.561248],[-103.361855,25.561459],[-103.361946,25.561411]]]}},{"type":"Feature","properties":{},"geometry":{"type":"Polygon","coordinates":[[[-103.362036,25.561363],[-103.361901,25.561152],[-103.36181,25.5612],[-103.361946,25.561411],[-103.362036,25.561363]]]}},{"type":"Feature","properties":{},"geometry":{"type":"Polygon","coordinates":[[[-103.363047,25.560828],[-103.362912,25.560618],[-103.362821,25.560666],[-103.362956,25.560876],[-103.363047,25.560828]]]}},{"type":"Feature","properties":{},"geometry":{"type":"Polygon","coordinates":[[[-103.363138,25.56078],[-103.363002,25.56057],[-103.362912,25.560618],[-103.363047,25.560828],[-103.363138,25.56078]]]}},{"type":"Feature","properties":{},"geometry":{"type":"Polygon","coordinates":[[[-103.363229,25.560732],[-103.363093,25.560522],[-103.363002,25.56057],[-103.363138,25.56078],[-103.363229,25.560732]]]}},{"type":"Feature","properties":{},"geometry":{"type":"Polygon","coordinates":[[[-103.363319,25.560684],[-103.363184,25.560474],[-103.363093,25.560522],[-103.363229,25.560732],[-103.363319,25.560684]]]}},{"type":"Feature","properties":{},"geometry":{"type":"Polygon","coordinates":[[[-103.36341,25.560636],[-103.363275,25.560426],[-103.363184,25.560474],[-103.363319,25.560684],[-103.36341,25.560636]]]}},{"type":"Feature","properties":{},"geometry":{"type":"Polygon","coordinates":[[[-103.363501,25.560588],[-103.363365,25.560378],[-103.363275,25.560426],[-103.36341,25.560636],[-103.363501,25.560588]]]}},{"type":"Feature","properties":{},"geometry":{"type":"Polygon","coordinates":[[[-103.363592,25.56054],[-103.363456,25.56033],[-103.363365,25.560378],[-103.363501,25.560588],[-103.363592,25.56054]]]}},{"type":"Feature","properties":{},"geometry":{"type":"Polygon","coordinates":[[[-103.363682,25.560492],[-103.363547,25.560282],[-103.363456,25.56033],[-103.363592,25.56054],[-103.363682,25.560492]]]}},{"type":"Feature","properties":{},"geometry":{"type":"Polygon","coordinates":[[[-103.363773,25.560444],[-103.363638,25.560234],[-103.363547,25.560282],[-103.363682,25.560492],[-103.363773,25.560444]]]}},{"type":"Feature","properties":{},"geometry":{"type":"Polygon","coordinates":[[[-103.363864,25.560396],[-103.363728,25.560186],[-103.363638,25.560234],[-103.363773,25.560444],[-103.363864,25.560396]]]}},{"type":"Feature","properties":{},"geometry":{"type":"Polygon","coordinates":[[[-103.363954,25.560348],[-103.363819,25.560138],[-103.363728,25.560186],[-103.363864,25.560396],[-103.363954,25.560348]]]}},{"type":"Feature","properties":{},"geometry":{"type":"Polygon","coordinates":[[[-103.364045,25.5603],[-103.36391,25.56009],[-103.363819,25.560138],[-103.363954,25.560348],[-103.364045,25.5603]]]}},{"type":"Feature","properties":{},"geometry":{"type":"Polygon","coordinates":[[[-103.364136,25.560252],[-103.364001,25.560042],[-103.36391,25.56009],[-103.364045,25.5603],[-103.364136,25.560252]]]}},{"type":"Feature","properties":{},"geometry":{"type":"Polygon","coordinates":[[[-103.364227,25.560204],[-103.364091,25.559994],[-103.364001,25.560042],[-103.364136,25.560252],[-103.364227,25.560204]]]}},{"type":"Feature","properties":{},"geometry":{"type":"Polygon","coordinates":[[[-103.364317,25.560156],[-103.364182,25.559946],[-103.364091,25.559994],[-103.364227,25.560204],[-103.364317,25.560156]]]}},{"type":"Feature","properties":{},"geometry":{"type":"Polygon","coordinates":[[[-103.364408,25.560108],[-103.364273,25.559898],[-103.364182,25.559946],[-103.364317,25.560156],[-103.364408,25.560108]]]}},{"type":"Feature","properties":{},"geometry":{"type":"Polygon","coordinates":[[[-103.364602,25.560006],[-103.364467,25.559795],[-103.364376,25.559843],[-103.364511,25.560054],[-103.364602,25.560006]]]}},{"type":"Feature","properties":{},"geometry":{"type":"Polygon","coordinates":[[[-103.364693,25.559958],[-103.364557,25.559747],[-103.364467,25.559795],[-103.364602,25.560006],[-103.364693,25.559958]]]}},{"type":"Feature","properties":{},"geometry":{"type":"Polygon","coordinates":[[[-103.365782,25.559382],[-103.365646,25.559171],[-103.365556,25.559219],[-103.365691,25.55943],[-103.365782,25.559382]]]}},{"type":"Feature","properties":{},"geometry":{"type":"Polygon","coordinates":[[[-103.365873,25.559334],[-103.365737,25.559123],[-103.365646,25.559171],[-103.365782,25.559382],[-103.365873,25.559334]]]}},{"type":"Feature","properties":{},"geometry":{"type":"Polygon","coordinates":[[[-103.365963,25.559286],[-103.365828,25.559075],[-103.365737,25.559123],[-103.365873,25.559334],[-103.365963,25.559286]]]}},{"type":"Feature","properties":{},"geometry":{"type":"Polygon","coordinates":[[[-103.366157,25.559183],[-103.366022,25.558972],[-103.365931,25.55902],[-103.366066,25.559231],[-103.366157,25.559183]]]}},{"type":"Feature","properties":{},"geometry":{"type":"Polygon","coordinates":[[[-103.366248,25.559135],[-103.366113,25.558924],[-103.366022,25.558972],[-103.366157,25.559183],[-103.366248,25.559135]]]}},{"type":"Feature","properties":{},"geometry":{"type":"Polygon","coordinates":[[[-103.366339,25.559087],[-103.366203,25.558876],[-103.366113,25.558924],[-103.366248,25.559135],[-103.366339,25.559087]]]}},{"type":"Feature","properties":{},"geometry":{"type":"Polygon","coordinates":[[[-103.366429,25.559039],[-103.366294,25.558828],[-103.366203,25.558876],[-103.366339,25.559087],[-103.366429,25.559039]]]}},{"type":"Feature","properties":{},"geometry":{"type":"Polygon","coordinates":[[[-103.36652,25.558991],[-103.366385,25.55878],[-103.366294,25.558828],[-103.366429,25.559039],[-103.36652,25.558991]]]}},{"type":"Feature","properties":{},"geometry":{"type":"Polygon","coordinates":[[[-103.366611,25.558943],[-103.366476,25.558732],[-103.366385,25.55878],[-103.36652,25.558991],[-103.366611,25.558943]]]}},{"type":"Feature","properties":{},"geometry":{"type":"Polygon","coordinates":[[[-103.366702,25.558895],[-103.366566,25.558684],[-103.366476,25.558732],[-103.366611,25.558943],[-103.366702,25.558895]]]}},{"type":"Feature","properties":{},"geometry":{"type":"Polygon","coordinates":[[[-103.366792,25.558847],[-103.366657,25.558636],[-103.366566,25.558684],[-103.366702,25.558895],[-103.366792,25.558847]]]}},{"type":"Feature","properties":{},"geometry":{"type":"Polygon","coordinates":[[[-103.366883,25.558799],[-103.366748,25.558588],[-103.366657,25.558636],[-103.366792,25.558847],[-103.366883,25.558799]]]}},{"type":"Feature","properties":{},"geometry":{"type":"Polygon","coordinates":[[[-103.366974,25.558751],[-103.366839,25.55854],[-103.366748,25.558588],[-103.366883,25.558799],[-103.366974,25.558751]]]}},{"type":"Feature","properties":{},"geometry":{"type":"Polygon","coordinates":[[[-103.367065,25.558703],[-103.366929,25.558492],[-103.366839,25.55854],[-103.366974,25.558751],[-103.367065,25.558703]]]}},{"type":"Feature","properties":{},"geometry":{"type":"Polygon","coordinates":[[[-103.367155,25.558655],[-103.36702,25.558444],[-103.366929,25.558492],[-103.367065,25.558703],[-103.367155,25.558655]]]}},{"type":"Feature","properties":{},"geometry":{"type":"Polygon","coordinates":[[[-103.358052,25.563188],[-103.357917,25.562978],[-103.357826,25.563026],[-103.357962,25.563236],[-103.358052,25.563188]]]}},{"type":"Feature","properties":{},"geometry":{"type":"Polygon","coordinates":[[[-103.358246,25.563086],[-103.358111,25.562875],[-103.35802,25.562923],[-103.358156,25.563134],[-103.358246,25.563086]]]}},{"type":"Feature","properties":{},"geometry":{"type":"Polygon","coordinates":[[[-103.358337,25.563038],[-103.358202,25.562827],[-103.358111,25.562875],[-103.358246,25.563086],[-103.358337,25.563038]]]}},{"type":"Feature","properties":{},"geometry":{"type":"Polygon","coordinates":[[[-103.358428,25.56299],[-103.358292,25.562779],[-103.358202,25.562827],[-103.358337,25.563038],[-103.358428,25.56299]]]}},{"type":"Feature","properties":{},"geometry":{"type":"Polygon","coordinates":[[[-103.358519,25.562942],[-103.358383,25.562731],[-103.358292,25.562779],[-103.358428,25.56299],[-103.358519,25.562942]]]}},{"type":"Feature","properties":{},"geometry":{"type":"Polygon","coordinates":[[[-103.358609,25.562894],[-103.358474,25.562683],[-103.358383,25.562731],[-103.358519,25.562942],[-103.358609,25.562894]]]}},{"type":"Feature","properties":{},"geometry":{"type":"Polygon","coordinates":[[[-103.3587,25.562846],[-103.358565,25.562635],[-103.358474,25.562683],[-103.358609,25.562894],[-103.3587,25.562846]]]}},{"type":"Feature","properties":{},"geometry":{"type":"Polygon","coordinates":[[[-103.358791,25.562798],[-103.358655,25.562587],[-103.358565,25.562635],[-103.3587,25.562846],[-103.358791,25.562798]]]}},{"type":"Feature","properties":{},"geometry":{"type":"Polygon","coordinates":[[[-103.358881,25.56275],[-103.358746,25.562539],[-103.358655,25.562587],[-103.358791,25.562798],[-103.358881,25.56275]]]}},{"type":"Feature","properties":{},"geometry":{"type":"Polygon","coordinates":[[[-103.358972,25.562702],[-103.358837,25.562491],[-103.358746,25.562539],[-103.358881,25.56275],[-103.358972,25.562702]]]}},{"type":"Feature","properties":{},"geometry":{"type":"Polygon","coordinates":[[[-103.359063,25.562654],[-103.358928,25.562443],[-103.358837,25.562491],[-103.358972,25.562702],[-103.359063,25.562654]]]}},{"type":"Feature","properties":{},"geometry":{"type":"Polygon","coordinates":[[[-103.359154,25.562606],[-103.359018,25.562395],[-103.358928,25.562443],[-103.359063,25.562654],[-103.359154,25.562606]]]}},{"type":"Feature","properties":{},"geometry":{"type":"Polygon","coordinates":[[[-103.359244,25.562558],[-103.359109,25.562347],[-103.359018,25.562395],[-103.359154,25.562606],[-103.359244,25.562558]]]}},{"type":"Feature","properties":{},"geometry":{"type":"Polygon","coordinates":[[[-103.359335,25.56251],[-103.3592,25.562299],[-103.359109,25.562347],[-103.359244,25.562558],[-103.359335,25.56251]]]}},{"type":"Feature","properties":{},"geometry":{"type":"Polygon","coordinates":[[[-103.359426,25.562462],[-103.359291,25.562251],[-103.3592,25.562299],[-103.359335,25.56251],[-103.359426,25.562462]]]}},{"type":"Feature","properties":{},"geometry":{"type":"Polygon","coordinates":[[[-103.359517,25.562414],[-103.359381,25.562203],[-103.359291,25.562251],[-103.359426,25.562462],[-103.359517,25.562414]]]}},{"type":"Feature","properties":{},"geometry":{"type":"Polygon","coordinates":[[[-103.359607,25.562366],[-103.359472,25.562155],[-103.359381,25.562203],[-103.359517,25.562414],[-103.359607,25.562366]]]}},{"type":"Feature","properties":{},"geometry":{"type":"Polygon","coordinates":[[[-103.359801,25.562263],[-103.359666,25.562052],[-103.359575,25.5621],[-103.359711,25.562311],[-103.359801,25.562263]]]}},{"type":"Feature","properties":{},"geometry":{"type":"Polygon","coordinates":[[[-103.359892,25.562215],[-103.359757,25.562004],[-103.359666,25.562052],[-103.359801,25.562263],[-103.359892,25.562215]]]}},{"type":"Feature","properties":{},"geometry":{"type":"Polygon","coordinates":[[[-103.359983,25.562167],[-103.359848,25.561956],[-103.359757,25.562004],[-103.359892,25.562215],[-103.359983,25.562167]]]}},{"type":"Feature","properties":{},"geometry":{"type":"Polygon","coordinates":[[[-103.360074,25.562119],[-103.359938,25.561908],[-103.359848,25.561956],[-103.359983,25.562167],[-103.360074,25.562119]]]}},{"type":"Feature","properties":{},"geometry":{"type":"Polygon","coordinates":[[[-103.360164,25.562071],[-103.360029,25.56186],[-103.359938,25.561908],[-103.360074,25.562119],[-103.360164,25.562071]]]}},{"type":"Feature","properties":{},"geometry":{"type":"Polygon","coordinates":[[[-103.360255,25.562023],[-103.36012,25.561812],[-103.360029,25.56186],[-103.360164,25.562071],[-103.360255,25.562023]]]}},{"type":"Feature","properties":{},"geometry":{"type":"Polygon","coordinates":[[[-103.360346,25.561975],[-103.360211,25.561764],[-103.36012,25.561812],[-103.360255,25.562023],[-103.360346,25.561975]]]}},{"type":"Feature","properties":{},"geometry":{"type":"Polygon","coordinates":[[[-103.360437,25.561927],[-103.360301,25.561716],[-103.360211,25.561764],[-103.360346,25.561975],[-103.360437,25.561927]]]}},{"type":"Feature","properties":{},"geometry":{"type":"Polygon","coordinates":[[[-103.360527,25.561879],[-103.360392,25.561668],[-103.360301,25.561716],[-103.360437,25.561927],[-103.360527,25.561879]]]}},{"type":"Feature","properties":{},"geometry":{"type":"Polygon","coordinates":[[[-103.360618,25.561831],[-103.360483,25.56162],[-103.360392,25.561668],[-103.360527,25.561879],[-103.360618,25.561831]]]}},{"type":"Feature","properties":{},"geometry":{"type":"Polygon","coordinates":[[[-103.360709,25.561783],[-103.360574,25.561572],[-103.360483,25.56162],[-103.360618,25.561831],[-103.360709,25.561783]]]}},{"type":"Feature","properties":{},"geometry":{"type":"Polygon","coordinates":[[[-103.3608,25.561735],[-103.360664,25.561524],[-103.360574,25.561572],[-103.360709,25.561783],[-103.3608,25.561735]]]}},{"type":"Feature","properties":{},"geometry":{"type":"Polygon","coordinates":[[[-103.36089,25.561687],[-103.360755,25.561476],[-103.360664,25.561524],[-103.3608,25.561735],[-103.36089,25.561687]]]}},{"type":"Feature","properties":{},"geometry":{"type":"Polygon","coordinates":[[[-103.360981,25.561639],[-103.360846,25.561428],[-103.360755,25.561476],[-103.36089,25.561687],[-103.360981,25.561639]]]}},{"type":"Feature","properties":{},"geometry":{"type":"Polygon","coordinates":[[[-103.361072,25.561591],[-103.360937,25.56138],[-103.360846,25.561428],[-103.360981,25.561639],[-103.361072,25.561591]]]}},{"type":"Feature","properties":{},"geometry":{"type":"Polygon","coordinates":[[[-103.361163,25.561543],[-103.361027,25.561332],[-103.360937,25.56138],[-103.361072,25.561591],[-103.361163,25.561543]]]}},{"type":"Feature","properties":{},"geometry":{"type":"Polygon","coordinates":[[[-103.361357,25.56144],[-103.361221,25.56123],[-103.36113,25.561278],[-103.361266,25.561488],[-103.361357,25.56144]]]}},{"type":"Feature","properties":{},"geometry":{"type":"Polygon","coordinates":[[[-103.361447,25.561392],[-103.361312,25.561182],[-103.361221,25.56123],[-103.361357,25.56144],[-103.361447,25.561392]]]}},{"type":"Feature","properties":{},"geometry":{"type":"Polygon","coordinates":[[[-103.361538,25.561344],[-103.361403,25.561134],[-103.361312,25.561182],[-103.361447,25.561392],[-103.361538,25.561344]]]}},{"type":"Feature","properties":{},"geometry":{"type":"Polygon","coordinates":[[[-103.361629,25.561296],[-103.361493,25.561086],[-103.361403,25.561134],[-103.361538,25.561344],[-103.361629,25.561296]]]}},{"type":"Feature","properties":{},"geometry":{"type":"Polygon","coordinates":[[[-103.36172,25.561248],[-103.361584,25.561038],[-103.361493,25.561086],[-103.361629,25.561296],[-103.36172,25.561248]]]}},{"type":"Feature","properties":{},"geometry":{"type":"Polygon","coordinates":[[[-103.36181,25.5612],[-103.361675,25.56099],[-103.361584,25.561038],[-103.36172,25.561248],[-103.36181,25.5612]]]}},{"type":"Feature","properties":{},"geometry":{"type":"Polygon","coordinates":[[[-103.361901,25.561152],[-103.361766,25.560942],[-103.361675,25.56099],[-103.36181,25.5612],[-103.361901,25.561152]]]}},{"type":"Feature","properties":{},"geometry":{"type":"Polygon","coordinates":[[[-103.361992,25.561104],[-103.361856,25.560894],[-103.361766,25.560942],[-103.361901,25.561152],[-103.361992,25.561104]]]}},{"type":"Feature","properties":{},"geometry":{"type":"Polygon","coordinates":[[[-103.362083,25.561056],[-103.361947,25.560846],[-103.361856,25.560894],[-103.361992,25.561104],[-103.362083,25.561056]]]}},{"type":"Feature","properties":{},"geometry":{"type":"Polygon","coordinates":[[[-103.362173,25.561008],[-103.362038,25.560798],[-103.361947,25.560846],[-103.362083,25.561056],[-103.362173,25.561008]]]}},{"type":"Feature","properties":{},"geometry":{"type":"Polygon","coordinates":[[[-103.362264,25.56096],[-103.362129,25.56075],[-103.362038,25.560798],[-103.362173,25.561008],[-103.362264,25.56096]]]}},{"type":"Feature","properties":{},"geometry":{"type":"Polygon","coordinates":[[[-103.362355,25.560912],[-103.362219,25.560702],[-103.362129,25.56075],[-103.362264,25.56096],[-103.362355,25.560912]]]}},{"type":"Feature","properties":{},"geometry":{"type":"Polygon","coordinates":[[[-103.362446,25.560864],[-103.36231,25.560654],[-103.362219,25.560702],[-103.362355,25.560912],[-103.362446,25.560864]]]}},{"type":"Feature","properties":{},"geometry":{"type":"Polygon","coordinates":[[[-103.362536,25.560816],[-103.362401,25.560606],[-103.36231,25.560654],[-103.362446,25.560864],[-103.362536,25.560816]]]}},{"type":"Feature","properties":{},"geometry":{"type":"Polygon","coordinates":[[[-103.362627,25.560768],[-103.362492,25.560558],[-103.362401,25.560606],[-103.362536,25.560816],[-103.362627,25.560768]]]}},{"type":"Feature","properties":{},"geometry":{"type":"Polygon","coordinates":[[[-103.362718,25.56072],[-103.362582,25.56051],[-103.362492,25.560558],[-103.362627,25.560768],[-103.362718,25.56072]]]}},{"type":"Feature","properties":{},"geometry":{"type":"Polygon","coordinates":[[[-103.362912,25.560618],[-103.362776,25.560407],[-103.362686,25.560455],[-103.362821,25.560666],[-103.362912,25.560618]]]}},{"type":"Feature","properties":{},"geometry":{"type":"Polygon","coordinates":[[[-103.363002,25.56057],[-103.362867,25.560359],[-103.362776,25.560407],[-103.362912,25.560618],[-103.363002,25.56057]]]}},{"type":"Feature","properties":{},"geometry":{"type":"Polygon","coordinates":[[[-103.363093,25.560522],[-103.362958,25.560311],[-103.362867,25.560359],[-103.363002,25.56057],[-103.363093,25.560522]]]}},{"type":"Feature","properties":{},"geometry":{"type":"Polygon","coordinates":[[[-103.363184,25.560474],[-103.363049,25.560263],[-103.362958,25.560311],[-103.363093,25.560522],[-103.363184,25.560474]]]}},{"type":"Feature","properties":{},"geometry":{"type":"Polygon","coordinates":[[[-103.363275,25.560426],[-103.363139,25.560215],[-103.363049,25.560263],[-103.363184,25.560474],[-103.363275,25.560426]]]}},{"type":"Feature","properties":{},"geometry":{"type":"Polygon","coordinates":[[[-103.363365,25.560378],[-103.36323,25.560167],[-103.363139,25.560215],[-103.363275,25.560426],[-103.363365,25.560378]]]}},{"type":"Feature","properties":{},"geometry":{"type":"Polygon","coordinates":[[[-103.363456,25.56033],[-103.363321,25.560119],[-103.36323,25.560167],[-103.363365,25.560378],[-103.363456,25.56033]]]}},{"type":"Feature","properties":{},"geometry":{"type":"Polygon","coordinates":[[[-103.363547,25.560282],[-103.363412,25.560071],[-103.363321,25.560119],[-103.363456,25.56033],[-103.363547,25.560282]]]}},{"type":"Feature","properties":{},"geometry":{"type":"Polygon","coordinates":[[[-103.363638,25.560234],[-103.363502,25.560023],[-103.363412,25.560071],[-103.363547,25.560282],[-103.363638,25.560234]]]}},{"type":"Feature","properties":{},"geometry":{"type":"Polygon","coordinates":[[[-103.363728,25.560186],[-103.363593,25.559975],[-103.363502,25.560023],[-103.363638,25.560234],[-103.363728,25.560186]]]}},{"type":"Feature","properties":{},"geometry":{"type":"Polygon","coordinates":[[[-103.363819,25.560138],[-103.363684,25.559927],[-103.363593,25.559975],[-103.363728,25.560186],[-103.363819,25.560138]]]}},{"type":"Feature","properties":{},"geometry":{"type":"Polygon","coordinates":[[[-103.36391,25.56009],[-103.363774,25.559879],[-103.363684,25.559927],[-103.363819,25.560138],[-103.36391,25.56009]]]}},{"type":"Feature","properties":{},"geometry":{"type":"Polygon","coordinates":[[[-103.364001,25.560042],[-103.363865,25.559831],[-103.363774,25.559879],[-103.36391,25.56009],[-103.364001,25.560042]]]}},{"type":"Feature","properties":{},"geometry":{"type":"Polygon","coordinates":[[[-103.364091,25.559994],[-103.363956,25.559783],[-103.363865,25.559831],[-103.364001,25.560042],[-103.364091,25.559994]]]}},{"type":"Feature","properties":{},"geometry":{"type":"Polygon","coordinates":[[[-103.364182,25.559946],[-103.364047,25.559735],[-103.363956,25.559783],[-103.364091,25.559994],[-103.364182,25.559946]]]}},{"type":"Feature","properties":{},"geometry":{"type":"Polygon","coordinates":[[[-103.364273,25.559898],[-103.364137,25.559687],[-103.364047,25.559735],[-103.364182,25.559946],[-103.364273,25.559898]]]}},{"type":"Feature","properties":{},"geometry":{"type":"Polygon","coordinates":[[[-103.364467,25.559795],[-103.364331,25.559585],[-103.364241,25.559633],[-103.364376,25.559843],[-103.364467,25.559795]]]}},{"type":"Feature","properties":{},"geometry":{"type":"Polygon","coordinates":[[[-103.364557,25.559747],[-103.364422,25.559537],[-103.364331,25.559585],[-103.364467,25.559795],[-103.364557,25.559747]]]}},{"type":"Feature","properties":{},"geometry":{"type":"Polygon","coordinates":[[[-103.364648,25.559699],[-103.364513,25.559489],[-103.364422,25.559537],[-103.364557,25.559747],[-103.364648,25.559699]]]}},{"type":"Feature","properties":{},"geometry":{"type":"Polygon","coordinates":[[[-103.364739,25.559651],[-103.364604,25.559441],[-103.364513,25.559489],[-103.364648,25.559699],[-103.364739,25.559651]]]}},{"type":"Feature","properties":{},"geometry":{"type":"Polygon","coordinates":[[[-103.36483,25.559603],[-103.364694,25.559393],[-103.364604,25.559441],[-103.364739,25.559651],[-103.36483,25.559603]]]}},{"type":"Feature","properties":{},"geometry":{"type":"Polygon","coordinates":[[[-103.36492,25.559555],[-103.364785,25.559345],[-103.364694,25.559393],[-103.36483,25.559603],[-103.36492,25.559555]]]}},{"type":"Feature","properties":{},"geometry":{"type":"Polygon","coordinates":[[[-103.365011,25.559507],[-103.364876,25.559297],[-103.364785,25.559345],[-103.36492,25.559555],[-103.365011,25.559507]]]}},{"type":"Feature","properties":{},"geometry":{"type":"Polygon","coordinates":[[[-103.365102,25.559459],[-103.364967,25.559248],[-103.364876,25.559297],[-103.365011,25.559507],[-103.365102,25.559459]]]}},{"type":"Feature","properties":{},"geometry":{"type":"Polygon","coordinates":[[[-103.365193,25.559411],[-103.365057,25.5592],[-103.364967,25.559248],[-103.365102,25.559459],[-103.365193,25.559411]]]}},{"type":"Feature","properties":{},"geometry":{"type":"Polygon","coordinates":[[[-103.365283,25.559363],[-103.365148,25.559152],[-103.365057,25.5592],[-103.365193,25.559411],[-103.365283,25.559363]]]}},{"type":"Feature","properties":{},"geometry":{"type":"Polygon","coordinates":[[[-103.365374,25.559315],[-103.365239,25.559104],[-103.365148,25.559152],[-103.365283,25.559363],[-103.365374,25.559315]]]}},{"type":"Feature","properties":{},"geometry":{"type":"Polygon","coordinates":[[[-103.365465,25.559267],[-103.36533,25.559056],[-103.365239,25.559104],[-103.365374,25.559315],[-103.365465,25.559267]]]}},{"type":"Feature","properties":{},"geometry":{"type":"Polygon","coordinates":[[[-103.365556,25.559219],[-103.36542,25.559008],[-103.36533,25.559056],[-103.365465,25.559267],[-103.365556,25.559219]]]}},{"type":"Feature","properties":{},"geometry":{"type":"Polygon","coordinates":[[[-103.365646,25.559171],[-103.365511,25.55896],[-103.36542,25.559008],[-103.365556,25.559219],[-103.365646,25.559171]]]}},{"type":"Feature","properties":{},"geometry":{"type":"Polygon","coordinates":[[[-103.365737,25.559123],[-103.365602,25.558912],[-103.365511,25.55896],[-103.365646,25.559171],[-103.365737,25.559123]]]}},{"type":"Feature","properties":{},"geometry":{"type":"Polygon","coordinates":[[[-103.365828,25.559075],[-103.365693,25.558864],[-103.365602,25.558912],[-103.365737,25.559123],[-103.365828,25.559075]]]}},{"type":"Feature","properties":{},"geometry":{"type":"Polygon","coordinates":[[[-103.366022,25.558972],[-103.365886,25.558762],[-103.365796,25.55881],[-103.365931,25.55902],[-103.366022,25.558972]]]}},{"type":"Feature","properties":{},"geometry":{"type":"Polygon","coordinates":[[[-103.366113,25.558924],[-103.365977,25.558714],[-103.365886,25.558762],[-103.366022,25.558972],[-103.366113,25.558924]]]}},{"type":"Feature","properties":{},"geometry":{"type":"Polygon","coordinates":[[[-103.366203,25.558876],[-103.366068,25.558666],[-103.365977,25.558714],[-103.366113,25.558924],[-103.366203,25.558876]]]}},{"type":"Feature","properties":{},"geometry":{"type":"Polygon","coordinates":[[[-103.366294,25.558828],[-103.366159,25.558618],[-103.366068,25.558666],[-103.366203,25.558876],[-103.366294,25.558828]]]}},{"type":"Feature","properties":{},"geometry":{"type":"Polygon","coordinates":[[[-103.366385,25.55878],[-103.366249,25.55857],[-103.366159,25.558618],[-103.366294,25.558828],[-103.366385,25.55878]]]}},{"type":"Feature","properties":{},"geometry":{"type":"Polygon","coordinates":[[[-103.366476,25.558732],[-103.36634,25.558522],[-103.366249,25.55857],[-103.366385,25.55878],[-103.366476,25.558732]]]}},{"type":"Feature","properties":{},"geometry":{"type":"Polygon","coordinates":[[[-103.366566,25.558684],[-103.366431,25.558474],[-103.36634,25.558522],[-103.366476,25.558732],[-103.366566,25.558684]]]}},{"type":"Feature","properties":{},"geometry":{"type":"Polygon","coordinates":[[[-103.358051,25.562781],[-103.357915,25.562571],[-103.357825,25.562619],[-103.35796,25.562829],[-103.358051,25.562781]]]}},{"type":"Feature","properties":{},"geometry":{"type":"Polygon","coordinates":[[[-103.358141,25.562733],[-103.358006,25.562523],[-103.357915,25.562571],[-103.358051,25.562781],[-103.358141,25.562733]]]}},{"type":"Feature","properties":{},"geometry":{"type":"Polygon","coordinates":[[[-103.358232,25.562685],[-103.358097,25.562475],[-103.358006,25.562523],[-103.358141,25.562733],[-103.358232,25.562685]]]}},{"type":"Feature","properties":{},"geometry":{"type":"Polygon","coordinates":[[[-103.358323,25.562637],[-103.358188,25.562427],[-103.358097,25.562475],[-103.358232,25.562685],[-103.358323,25.562637]]]}},{"type":"Feature","properties":{},"geometry":{"type":"Polygon","coordinates":[[[-103.358414,25.562589],[-103.358278,25.562379],[-103.358188,25.562427],[-103.358323,25.562637],[-103.358414,25.562589]]]}},{"type":"Feature","properties":{},"geometry":{"type":"Polygon","coordinates":[[[-103.358504,25.562541],[-103.358369,25.562331],[-103.358278,25.562379],[-103.358414,25.562589],[-103.358504,25.562541]]]}},{"type":"Feature","properties":{},"geometry":{"type":"Polygon","coordinates":[[[-103.358595,25.562493],[-103.35846,25.562283],[-103.358369,25.562331],[-103.358504,25.562541],[-103.358595,25.562493]]]}},{"type":"Feature","properties":{},"geometry":{"type":"Polygon","coordinates":[[[-103.358686,25.562445],[-103.358551,25.562235],[-103.35846,25.562283],[-103.358595,25.562493],[-103.358686,25.562445]]]}},{"type":"Feature","properties":{},"geometry":{"type":"Polygon","coordinates":[[[-103.358777,25.562397],[-103.358641,25.562187],[-103.358551,25.562235],[-103.358686,25.562445],[-103.358777,25.562397]]]}},{"type":"Feature","properties":{},"geometry":{"type":"Polygon","coordinates":[[[-103.358867,25.562349],[-103.358732,25.562139],[-103.358641,25.562187],[-103.358777,25.562397],[-103.358867,25.562349]]]}},{"type":"Feature","properties":{},"geometry":{"type":"Polygon","coordinates":[[[-103.358958,25.562301],[-103.358823,25.562091],[-103.358732,25.562139],[-103.358867,25.562349],[-103.358958,25.562301]]]}},{"type":"Feature","properties":{},"geometry":{"type":"Polygon","coordinates":[[[-103.359049,25.562253],[-103.358914,25.562043],[-103.358823,25.562091],[-103.358958,25.562301],[-103.359049,25.562253]]]}},{"type":"Feature","properties":{},"geometry":{"type":"Polygon","coordinates":[[[-103.35914,25.562205],[-103.359004,25.561995],[-103.358914,25.562043],[-103.359049,25.562253],[-103.35914,25.562205]]]}},{"type":"Feature","properties":{},"geometry":{"type":"Polygon","coordinates":[[[-103.35923,25.562157],[-103.359095,25.561947],[-103.359004,25.561995],[-103.35914,25.562205],[-103.35923,25.562157]]]}},{"type":"Feature","properties":{},"geometry":{"type":"Polygon","coordinates":[[[-103.359321,25.562109],[-103.359186,25.561899],[-103.359095,25.561947],[-103.35923,25.562157],[-103.359321,25.562109]]]}},{"type":"Feature","properties":{},"geometry":{"type":"Polygon","coordinates":[[[-103.359412,25.562061],[-103.359277,25.561851],[-103.359186,25.561899],[-103.359321,25.562109],[-103.359412,25.562061]]]}},{"type":"Feature","properties":{},"geometry":{"type":"Polygon","coordinates":[[[-103.359606,25.561959],[-103.359471,25.561748],[-103.35938,25.561796],[-103.359515,25.562007],[-103.359606,25.561959]]]}},{"type":"Feature","properties":{},"geometry":{"type":"Polygon","coordinates":[[[-103.359697,25.561911],[-103.359561,25.5617],[-103.359471,25.561748],[-103.359606,25.561959],[-103.359697,25.561911]]]}},{"type":"Feature","properties":{},"geometry":{"type":"Polygon","coordinates":[[[-103.359787,25.561863],[-103.359652,25.561652],[-103.359561,25.5617],[-103.359697,25.561911],[-103.359787,25.561863]]]}},{"type":"Feature","properties":{},"geometry":{"type":"Polygon","coordinates":[[[-103.359878,25.561815],[-103.359743,25.561604],[-103.359652,25.561652],[-103.359787,25.561863],[-103.359878,25.561815]]]}},{"type":"Feature","properties":{},"geometry":{"type":"Polygon","coordinates":[[[-103.359969,25.561767],[-103.359834,25.561556],[-103.359743,25.561604],[-103.359878,25.561815],[-103.359969,25.561767]]]}},{"type":"Feature","properties":{},"geometry":{"type":"Polygon","coordinates":[[[-103.36006,25.561719],[-103.359924,25.561508],[-103.359834,25.561556],[-103.359969,25.561767],[-103.36006,25.561719]]]}},{"type":"Feature","properties":{},"geometry":{"type":"Polygon","coordinates":[[[-103.36015,25.561671],[-103.360015,25.56146],[-103.359924,25.561508],[-103.36006,25.561719],[-103.36015,25.561671]]]}},{"type":"Feature","properties":{},"geometry":{"type":"Polygon","coordinates":[[[-103.360241,25.561623],[-103.360106,25.561412],[-103.360015,25.56146],[-103.36015,25.561671],[-103.360241,25.561623]]]}},{"type":"Feature","properties":{},"geometry":{"type":"Polygon","coordinates":[[[-103.360332,25.561575],[-103.360196,25.561364],[-103.360106,25.561412],[-103.360241,25.561623],[-103.360332,25.561575]]]}},{"type":"Feature","properties":{},"geometry":{"type":"Polygon","coordinates":[[[-103.360423,25.561527],[-103.360287,25.561316],[-103.360196,25.561364],[-103.360332,25.561575],[-103.360423,25.561527]]]}},{"type":"Feature","properties":{},"geometry":{"type":"Polygon","coordinates":[[[-103.360513,25.561479],[-103.360378,25.561268],[-103.360287,25.561316],[-103.360423,25.561527],[-103.360513,25.561479]]]}},{"type":"Feature","properties":{},"geometry":{"type":"Polygon","coordinates":[[[-103.360604,25.561431],[-103.360469,25.56122],[-103.360378,25.561268],[-103.360513,25.561479],[-103.360604,25.561431]]]}},{"type":"Feature","properties":{},"geometry":{"type":"Polygon","coordinates":[[[-103.360695,25.561383],[-103.360559,25.561172],[-103.360469,25.56122],[-103.360604,25.561431],[-103.360695,25.561383]]]}},{"type":"Feature","properties":{},"geometry":{"type":"Polygon","coordinates":[[[-103.360786,25.561335],[-103.36065,25.561124],[-103.360559,25.561172],[-103.360695,25.561383],[-103.360786,25.561335]]]}},{"type":"Feature","properties":{},"geometry":{"type":"Polygon","coordinates":[[[-103.360876,25.561287],[-103.360741,25.561076],[-103.36065,25.561124],[-103.360786,25.561335],[-103.360876,25.561287]]]}},{"type":"Feature","properties":{},"geometry":{"type":"Polygon","coordinates":[[[-103.360967,25.561239],[-103.360832,25.561028],[-103.360741,25.561076],[-103.360876,25.561287],[-103.360967,25.561239]]]}},{"type":"Feature","properties":{},"geometry":{"type":"Polygon","coordinates":[[[-103.361161,25.561136],[-103.361026,25.560926],[-103.360935,25.560974],[-103.36107,25.561184],[-103.361161,25.561136]]]}},{"type":"Feature","properties":{},"geometry":{"type":"Polygon","coordinates":[[[-103.361252,25.561088],[-103.361116,25.560878],[-103.361026,25.560926],[-103.361161,25.561136],[-103.361252,25.561088]]]}},{"type":"Feature","properties":{},"geometry":{"type":"Polygon","coordinates":[[[-103.361343,25.56104],[-103.361207,25.56083],[-103.361116,25.560878],[-103.361252,25.561088],[-103.361343,25.56104]]]}},{"type":"Feature","properties":{},"geometry":{"type":"Polygon","coordinates":[[[-103.361433,25.560992],[-103.361298,25.560782],[-103.361207,25.56083],[-103.361343,25.56104],[-103.361433,25.560992]]]}},{"type":"Feature","properties":{},"geometry":{"type":"Polygon","coordinates":[[[-103.361524,25.560944],[-103.361389,25.560734],[-103.361298,25.560782],[-103.361433,25.560992],[-103.361524,25.560944]]]}},{"type":"Feature","properties":{},"geometry":{"type":"Polygon","coordinates":[[[-103.361615,25.560896],[-103.361479,25.560686],[-103.361389,25.560734],[-103.361524,25.560944],[-103.361615,25.560896]]]}},{"type":"Feature","properties":{},"geometry":{"type":"Polygon","coordinates":[[[-103.361705,25.560848],[-103.36157,25.560638],[-103.361479,25.560686],[-103.361615,25.560896],[-103.361705,25.560848]]]}},{"type":"Feature","properties":{},"geometry":{"type":"Polygon","coordinates":[[[-103.361796,25.5608],[-103.361661,25.56059],[-103.36157,25.560638],[-103.361705,25.560848],[-103.361796,25.5608]]]}},{"type":"Feature","properties":{},"geometry":{"type":"Polygon","coordinates":[[[-103.361887,25.560752],[-103.361752,25.560542],[-103.361661,25.56059],[-103.361796,25.5608],[-103.361887,25.560752]]]}},{"type":"Feature","properties":{},"geometry":{"type":"Polygon","coordinates":[[[-103.361978,25.560704],[-103.361842,25.560494],[-103.361752,25.560542],[-103.361887,25.560752],[-103.361978,25.560704]]]}},{"type":"Feature","properties":{},"geometry":{"type":"Polygon","coordinates":[[[-103.362068,25.560656],[-103.361933,25.560446],[-103.361842,25.560494],[-103.361978,25.560704],[-103.362068,25.560656]]]}},{"type":"Feature","properties":{},"geometry":{"type":"Polygon","coordinates":[[[-103.362159,25.560608],[-103.362024,25.560398],[-103.361933,25.560446],[-103.362068,25.560656],[-103.362159,25.560608]]]}},{"type":"Feature","properties":{},"geometry":{"type":"Polygon","coordinates":[[[-103.36225,25.56056],[-103.362115,25.56035],[-103.362024,25.560398],[-103.362159,25.560608],[-103.36225,25.56056]]]}},{"type":"Feature","properties":{},"geometry":{"type":"Polygon","coordinates":[[[-103.362341,25.560512],[-103.362205,25.560302],[-103.362115,25.56035],[-103.36225,25.56056],[-103.362341,25.560512]]]}},{"type":"Feature","properties":{},"geometry":{"type":"Polygon","coordinates":[[[-103.362431,25.560464],[-103.362296,25.560254],[-103.362205,25.560302],[-103.362341,25.560512],[-103.362431,25.560464]]]}},{"type":"Feature","properties":{},"geometry":{"type":"Polygon","coordinates":[[[-103.362522,25.560416],[-103.362387,25.560206],[-103.362296,25.560254],[-103.362431,25.560464],[-103.362522,25.560416]]]}},{"type":"Feature","properties":{},"geometry":{"type":"Polygon","coordinates":[[[-103.362716,25.560314],[-103.362581,25.560103],[-103.36249,25.560151],[-103.362625,25.560362],[-103.362716,25.560314]]]}},{"type":"Feature","properties":{},"geometry":{"type":"Polygon","coordinates":[[[-103.362807,25.560266],[-103.362671,25.560055],[-103.362581,25.560103],[-103.362716,25.560314],[-103.362807,25.560266]]]}},{"type":"Feature","properties":{},"geometry":{"type":"Polygon","coordinates":[[[-103.362898,25.560218],[-103.362762,25.560007],[-103.362671,25.560055],[-103.362807,25.560266],[-103.362898,25.560218]]]}},{"type":"Feature","properties":{},"geometry":{"type":"Polygon","coordinates":[[[-103.362988,25.56017],[-103.362853,25.559959],[-103.362762,25.560007],[-103.362898,25.560218],[-103.362988,25.56017]]]}},{"type":"Feature","properties":{},"geometry":{"type":"Polygon","coordinates":[[[-103.363079,25.560122],[-103.362944,25.559911],[-103.362853,25.559959],[-103.362988,25.56017],[-103.363079,25.560122]]]}},{"type":"Feature","properties":{},"geometry":{"type":"Polygon","coordinates":[[[-103.36317,25.560074],[-103.363034,25.559863],[-103.362944,25.559911],[-103.363079,25.560122],[-103.36317,25.560074]]]}},{"type":"Feature","properties":{},"geometry":{"type":"Polygon","coordinates":[[[-103.363261,25.560026],[-103.363125,25.559815],[-103.363034,25.559863],[-103.36317,25.560074],[-103.363261,25.560026]]]}},{"type":"Feature","properties":{},"geometry":{"type":"Polygon","coordinates":[[[-103.363351,25.559978],[-103.363216,25.559767],[-103.363125,25.559815],[-103.363261,25.560026],[-103.363351,25.559978]]]}},{"type":"Feature","properties":{},"geometry":{"type":"Polygon","coordinates":[[[-103.363442,25.55993],[-103.363307,25.559719],[-103.363216,25.559767],[-103.363351,25.559978],[-103.363442,25.55993]]]}},{"type":"Feature","properties":{},"geometry":{"type":"Polygon","coordinates":[[[-103.363533,25.559882],[-103.363397,25.559671],[-103.363307,25.559719],[-103.363442,25.55993],[-103.363533,25.559882]]]}},{"type":"Feature","properties":{},"geometry":{"type":"Polygon","coordinates":[[[-103.363624,25.559834],[-103.363488,25.559623],[-103.363397,25.559671],[-103.363533,25.559882],[-103.363624,25.559834]]]}},{"type":"Feature","properties":{},"geometry":{"type":"Polygon","coordinates":[[[-103.363714,25.559786],[-103.363579,25.559575],[-103.363488,25.559623],[-103.363624,25.559834],[-103.363714,25.559786]]]}},{"type":"Feature","properties":{},"geometry":{"type":"Polygon","coordinates":[[[-103.363805,25.559738],[-103.36367,25.559527],[-103.363579,25.559575],[-103.363714,25.559786],[-103.363805,25.559738]]]}},{"type":"Feature","properties":{},"geometry":{"type":"Polygon","coordinates":[[[-103.363896,25.55969],[-103.36376,25.559479],[-103.36367,25.559527],[-103.363805,25.559738],[-103.363896,25.55969]]]}},{"type":"Feature","properties":{},"geometry":{"type":"Polygon","coordinates":[[[-103.363987,25.559642],[-103.363851,25.559431],[-103.36376,25.559479],[-103.363896,25.55969],[-103.363987,25.559642]]]}},{"type":"Feature","properties":{},"geometry":{"type":"Polygon","coordinates":[[[-103.364077,25.559594],[-103.363942,25.559383],[-103.363851,25.559431],[-103.363987,25.559642],[-103.364077,25.559594]]]}},{"type":"Feature","properties":{},"geometry":{"type":"Polygon","coordinates":[[[-103.364271,25.559491],[-103.364136,25.55928],[-103.364045,25.559328],[-103.36418,25.559539],[-103.364271,25.559491]]]}},{"type":"Feature","properties":{},"geometry":{"type":"Polygon","coordinates":[[[-103.364362,25.559443],[-103.364227,25.559232],[-103.364136,25.55928],[-103.364271,25.559491],[-103.364362,25.559443]]]}},{"type":"Feature","properties":{},"geometry":{"type":"Polygon","coordinates":[[[-103.364453,25.559395],[-103.364317,25.559184],[-103.364227,25.559232],[-103.364362,25.559443],[-103.364453,25.559395]]]}},{"type":"Feature","properties":{},"geometry":{"type":"Polygon","coordinates":[[[-103.364543,25.559347],[-103.364408,25.559136],[-103.364317,25.559184],[-103.364453,25.559395],[-103.364543,25.559347]]]}},{"type":"Feature","properties":{},"geometry":{"type":"Polygon","coordinates":[[[-103.364634,25.559299],[-103.364499,25.559088],[-103.364408,25.559136],[-103.364543,25.559347],[-103.364634,25.559299]]]}},{"type":"Feature","properties":{},"geometry":{"type":"Polygon","coordinates":[[[-103.364725,25.559251],[-103.36459,25.55904],[-103.364499,25.559088],[-103.364634,25.559299],[-103.364725,25.559251]]]}},{"type":"Feature","properties":{},"geometry":{"type":"Polygon","coordinates":[[[-103.364816,25.559203],[-103.36468,25.558992],[-103.36459,25.55904],[-103.364725,25.559251],[-103.364816,25.559203]]]}},{"type":"Feature","properties":{},"geometry":{"type":"Polygon","coordinates":[[[-103.364906,25.559155],[-103.364771,25.558944],[-103.36468,25.558992],[-103.364816,25.559203],[-103.364906,25.559155]]]}},{"type":"Feature","properties":{},"geometry":{"type":"Polygon","coordinates":[[[-103.364997,25.559107],[-103.364862,25.558896],[-103.364771,25.558944],[-103.364906,25.559155],[-103.364997,25.559107]]]}},{"type":"Feature","properties":{},"geometry":{"type":"Polygon","coordinates":[[[-103.365088,25.559059],[-103.364953,25.558848],[-103.364862,25.558896],[-103.364997,25.559107],[-103.365088,25.559059]]]}},{"type":"Feature","properties":{},"geometry":{"type":"Polygon","coordinates":[[[-103.365179,25.559011],[-103.365043,25.5588],[-103.364953,25.558848],[-103.365088,25.559059],[-103.365179,25.559011]]]}},{"type":"Feature","properties":{},"geometry":{"type":"Polygon","coordinates":[[[-103.365269,25.558963],[-103.365134,25.558752],[-103.365043,25.5588],[-103.365179,25.559011],[-103.365269,25.558963]]]}},{"type":"Feature","properties":{},"geometry":{"type":"Polygon","coordinates":[[[-103.36536,25.558915],[-103.365225,25.558704],[-103.365134,25.558752],[-103.365269,25.558963],[-103.36536,25.558915]]]}},{"type":"Feature","properties":{},"geometry":{"type":"Polygon","coordinates":[[[-103.365451,25.558867],[-103.365316,25.558656],[-103.365225,25.558704],[-103.36536,25.558915],[-103.365451,25.558867]]]}},{"type":"Feature","properties":{},"geometry":{"type":"Polygon","coordinates":[[[-103.365542,25.558819],[-103.365406,25.558608],[-103.365316,25.558656],[-103.365451,25.558867],[-103.365542,25.558819]]]}},{"type":"Feature","properties":{},"geometry":{"type":"Polygon","coordinates":[[[-103.365632,25.558771],[-103.365497,25.55856],[-103.365406,25.558608],[-103.365542,25.558819],[-103.365632,25.558771]]]}},{"type":"Feature","properties":{},"geometry":{"type":"Polygon","coordinates":[[[-103.365826,25.558668],[-103.365691,25.558458],[-103.3656,25.558506],[-103.365736,25.558716],[-103.365826,25.558668]]]}},{"type":"Feature","properties":{},"geometry":{"type":"Polygon","coordinates":[[[-103.358006,25.562523],[-103.357871,25.562312],[-103.35778,25.56236],[-103.357915,25.562571],[-103.358006,25.562523]]]}},{"type":"Feature","properties":{},"geometry":{"type":"Polygon","coordinates":[[[-103.358097,25.562475],[-103.357961,25.562264],[-103.357871,25.562312],[-103.358006,25.562523],[-103.358097,25.562475]]]}},{"type":"Feature","properties":{},"geometry":{"type":"Polygon","coordinates":[[[-103.358188,25.562427],[-103.358052,25.562216],[-103.357961,25.562264],[-103.358097,25.562475],[-103.358188,25.562427]]]}},{"type":"Feature","properties":{},"geometry":{"type":"Polygon","coordinates":[[[-103.358278,25.562379],[-103.358143,25.562168],[-103.358052,25.562216],[-103.358188,25.562427],[-103.358278,25.562379]]]}},{"type":"Feature","properties":{},"geometry":{"type":"Polygon","coordinates":[[[-103.358369,25.562331],[-103.358234,25.56212],[-103.358143,25.562168],[-103.358278,25.562379],[-103.358369,25.562331]]]}},{"type":"Feature","properties":{},"geometry":{"type":"Polygon","coordinates":[[[-103.35846,25.562283],[-103.358324,25.562072],[-103.358234,25.56212],[-103.358369,25.562331],[-103.35846,25.562283]]]}},{"type":"Feature","properties":{},"geometry":{"type":"Polygon","coordinates":[[[-103.358551,25.562235],[-103.358415,25.562024],[-103.358324,25.562072],[-103.35846,25.562283],[-103.358551,25.562235]]]}},{"type":"Feature","properties":{},"geometry":{"type":"Polygon","coordinates":[[[-103.358641,25.562187],[-103.358506,25.561976],[-103.358415,25.562024],[-103.358551,25.562235],[-103.358641,25.562187]]]}},{"type":"Feature","properties":{},"geometry":{"type":"Polygon","coordinates":[[[-103.358732,25.562139],[-103.358597,25.561928],[-103.358506,25.561976],[-103.358641,25.562187],[-103.358732,25.562139]]]}},{"type":"Feature","properties":{},"geometry":{"type":"Polygon","coordinates":[[[-103.358823,25.562091],[-103.358687,25.56188],[-103.358597,25.561928],[-103.358732,25.562139],[-103.358823,25.562091]]]}},{"type":"Feature","properties":{},"geometry":{"type":"Polygon","coordinates":[[[-103.358914,25.562043],[-103.358778,25.561832],[-103.358687,25.56188],[-103.358823,25.562091],[-103.358914,25.562043]]]}},{"type":"Feature","properties":{},"geometry":{"type":"Polygon","coordinates":[[[-103.359004,25.561995],[-103.358869,25.561784],[-103.358778,25.561832],[-103.358914,25.562043],[-103.359004,25.561995]]]}},{"type":"Feature","properties":{},"geometry":{"type":"Polygon","coordinates":[[[-103.359095,25.561947],[-103.35896,25.561736],[-103.358869,25.561784],[-103.359004,25.561995],[-103.359095,25.561947]]]}},{"type":"Feature","properties":{},"geometry":{"type":"Polygon","coordinates":[[[-103.359186,25.561899],[-103.35905,25.561688],[-103.35896,25.561736],[-103.359095,25.561947],[-103.359186,25.561899]]]}},{"type":"Feature","properties":{},"geometry":{"type":"Polygon","coordinates":[[[-103.359277,25.561851],[-103.359141,25.56164],[-103.35905,25.561688],[-103.359186,25.561899],[-103.359277,25.561851]]]}},{"type":"Feature","properties":{},"geometry":{"type":"Polygon","coordinates":[[[-103.359471,25.561748],[-103.359335,25.561538],[-103.359244,25.561586],[-103.35938,25.561796],[-103.359471,25.561748]]]}},{"type":"Feature","properties":{},"geometry":{"type":"Polygon","coordinates":[[[-103.359561,25.5617],[-103.359426,25.56149],[-103.359335,25.561538],[-103.359471,25.561748],[-103.359561,25.5617]]]}},{"type":"Feature","properties":{},"geometry":{"type":"Polygon","coordinates":[[[-103.359652,25.561652],[-103.359517,25.561442],[-103.359426,25.56149],[-103.359561,25.5617],[-103.359652,25.561652]]]}},{"type":"Feature","properties":{},"geometry":{"type":"Polygon","coordinates":[[[-103.359743,25.561604],[-103.359607,25.561394],[-103.359517,25.561442],[-103.359652,25.561652],[-103.359743,25.561604]]]}},{"type":"Feature","properties":{},"geometry":{"type":"Polygon","coordinates":[[[-103.359834,25.561556],[-103.359698,25.561346],[-103.359607,25.561394],[-103.359743,25.561604],[-103.359834,25.561556]]]}},{"type":"Feature","properties":{},"geometry":{"type":"Polygon","coordinates":[[[-103.359924,25.561508],[-103.359789,25.561298],[-103.359698,25.561346],[-103.359834,25.561556],[-103.359924,25.561508]]]}},{"type":"Feature","properties":{},"geometry":{"type":"Polygon","coordinates":[[[-103.360015,25.56146],[-103.35988,25.56125],[-103.359789,25.561298],[-103.359924,25.561508],[-103.360015,25.56146]]]}},{"type":"Feature","properties":{},"geometry":{"type":"Polygon","coordinates":[[[-103.360106,25.561412],[-103.35997,25.561202],[-103.35988,25.56125],[-103.360015,25.56146],[-103.360106,25.561412]]]}},{"type":"Feature","properties":{},"geometry":{"type":"Polygon","coordinates":[[[-103.360196,25.561364],[-103.360061,25.561154],[-103.35997,25.561202],[-103.360106,25.561412],[-103.360196,25.561364]]]}},{"type":"Feature","properties":{},"geometry":{"type":"Polygon","coordinates":[[[-103.360287,25.561316],[-103.360152,25.561106],[-103.360061,25.561154],[-103.360196,25.561364],[-103.360287,25.561316]]]}},{"type":"Feature","properties":{},"geometry":{"type":"Polygon","coordinates":[[[-103.360378,25.561268],[-103.360243,25.561058],[-103.360152,25.561106],[-103.360287,25.561316],[-103.360378,25.561268]]]}},{"type":"Feature","properties":{},"geometry":{"type":"Polygon","coordinates":[[[-103.360469,25.56122],[-103.360333,25.56101],[-103.360243,25.561058],[-103.360378,25.561268],[-103.360469,25.56122]]]}},{"type":"Feature","properties":{},"geometry":{"type":"Polygon","coordinates":[[[-103.360559,25.561172],[-103.360424,25.560962],[-103.360333,25.56101],[-103.360469,25.56122],[-103.360559,25.561172]]]}},{"type":"Feature","properties":{},"geometry":{"type":"Polygon","coordinates":[[[-103.36065,25.561124],[-103.360515,25.560914],[-103.360424,25.560962],[-103.360559,25.561172],[-103.36065,25.561124]]]}},{"type":"Feature","properties":{},"geometry":{"type":"Polygon","coordinates":[[[-103.360741,25.561076],[-103.360606,25.560866],[-103.360515,25.560914],[-103.36065,25.561124],[-103.360741,25.561076]]]}},{"type":"Feature","properties":{},"geometry":{"type":"Polygon","coordinates":[[[-103.360832,25.561028],[-103.360696,25.560818],[-103.360606,25.560866],[-103.360741,25.561076],[-103.360832,25.561028]]]}},{"type":"Feature","properties":{},"geometry":{"type":"Polygon","coordinates":[[[-103.361026,25.560926],[-103.36089,25.560715],[-103.3608,25.560763],[-103.360935,25.560974],[-103.361026,25.560926]]]}},{"type":"Feature","properties":{},"geometry":{"type":"Polygon","coordinates":[[[-103.361116,25.560878],[-103.360981,25.560667],[-103.36089,25.560715],[-103.361026,25.560926],[-103.361116,25.560878]]]}},{"type":"Feature","properties":{},"geometry":{"type":"Polygon","coordinates":[[[-103.361207,25.56083],[-103.361072,25.560619],[-103.360981,25.560667],[-103.361116,25.560878],[-103.361207,25.56083]]]}},{"type":"Feature","properties":{},"geometry":{"type":"Polygon","coordinates":[[[-103.361298,25.560782],[-103.361163,25.560571],[-103.361072,25.560619],[-103.361207,25.56083],[-103.361298,25.560782]]]}},{"type":"Feature","properties":{},"geometry":{"type":"Polygon","coordinates":[[[-103.361389,25.560734],[-103.361253,25.560523],[-103.361163,25.560571],[-103.361298,25.560782],[-103.361389,25.560734]]]}},{"type":"Feature","properties":{},"geometry":{"type":"Polygon","coordinates":[[[-103.361479,25.560686],[-103.361344,25.560475],[-103.361253,25.560523],[-103.361389,25.560734],[-103.361479,25.560686]]]}},{"type":"Feature","properties":{},"geometry":{"type":"Polygon","coordinates":[[[-103.36157,25.560638],[-103.361435,25.560427],[-103.361344,25.560475],[-103.361479,25.560686],[-103.36157,25.560638]]]}},{"type":"Feature","properties":{},"geometry":{"type":"Polygon","coordinates":[[[-103.361661,25.56059],[-103.361526,25.560379],[-103.361435,25.560427],[-103.36157,25.560638],[-103.361661,25.56059]]]}},{"type":"Feature","properties":{},"geometry":{"type":"Polygon","coordinates":[[[-103.361752,25.560542],[-103.361616,25.560331],[-103.361526,25.560379],[-103.361661,25.56059],[-103.361752,25.560542]]]}},{"type":"Feature","properties":{},"geometry":{"type":"Polygon","coordinates":[[[-103.361842,25.560494],[-103.361707,25.560283],[-103.361616,25.560331],[-103.361752,25.560542],[-103.361842,25.560494]]]}},{"type":"Feature","properties":{},"geometry":{"type":"Polygon","coordinates":[[[-103.361933,25.560446],[-103.361798,25.560235],[-103.361707,25.560283],[-103.361842,25.560494],[-103.361933,25.560446]]]}},{"type":"Feature","properties":{},"geometry":{"type":"Polygon","coordinates":[[[-103.362024,25.560398],[-103.361888,25.560187],[-103.361798,25.560235],[-103.361933,25.560446],[-103.362024,25.560398]]]}},{"type":"Feature","properties":{},"geometry":{"type":"Polygon","coordinates":[[[-103.362115,25.56035],[-103.361979,25.560139],[-103.361888,25.560187],[-103.362024,25.560398],[-103.362115,25.56035]]]}},{"type":"Feature","properties":{},"geometry":{"type":"Polygon","coordinates":[[[-103.362205,25.560302],[-103.36207,25.560091],[-103.361979,25.560139],[-103.362115,25.56035],[-103.362205,25.560302]]]}},{"type":"Feature","properties":{},"geometry":{"type":"Polygon","coordinates":[[[-103.362296,25.560254],[-103.362161,25.560043],[-103.36207,25.560091],[-103.362205,25.560302],[-103.362296,25.560254]]]}},{"type":"Feature","properties":{},"geometry":{"type":"Polygon","coordinates":[[[-103.362387,25.560206],[-103.362251,25.559995],[-103.362161,25.560043],[-103.362296,25.560254],[-103.362387,25.560206]]]}},{"type":"Feature","properties":{},"geometry":{"type":"Polygon","coordinates":[[[-103.362581,25.560103],[-103.362445,25.559893],[-103.362355,25.559941],[-103.36249,25.560151],[-103.362581,25.560103]]]}},{"type":"Feature","properties":{},"geometry":{"type":"Polygon","coordinates":[[[-103.362671,25.560055],[-103.362536,25.559845],[-103.362445,25.559893],[-103.362581,25.560103],[-103.362671,25.560055]]]}},{"type":"Feature","properties":{},"geometry":{"type":"Polygon","coordinates":[[[-103.362762,25.560007],[-103.362627,25.559797],[-103.362536,25.559845],[-103.362671,25.560055],[-103.362762,25.560007]]]}},{"type":"Feature","properties":{},"geometry":{"type":"Polygon","coordinates":[[[-103.362853,25.559959],[-103.362718,25.559749],[-103.362627,25.559797],[-103.362762,25.560007],[-103.362853,25.559959]]]}},{"type":"Feature","properties":{},"geometry":{"type":"Polygon","coordinates":[[[-103.362944,25.559911],[-103.362808,25.5597],[-103.362718,25.559749],[-103.362853,25.559959],[-103.362944,25.559911]]]}},{"type":"Feature","properties":{},"geometry":{"type":"Polygon","coordinates":[[[-103.363034,25.559863],[-103.362899,25.559652],[-103.362808,25.5597],[-103.362944,25.559911],[-103.363034,25.559863]]]}},{"type":"Feature","properties":{},"geometry":{"type":"Polygon","coordinates":[[[-103.363125,25.559815],[-103.36299,25.559604],[-103.362899,25.559652],[-103.363034,25.559863],[-103.363125,25.559815]]]}},{"type":"Feature","properties":{},"geometry":{"type":"Polygon","coordinates":[[[-103.363216,25.559767],[-103.363081,25.559556],[-103.36299,25.559604],[-103.363125,25.559815],[-103.363216,25.559767]]]}},{"type":"Feature","properties":{},"geometry":{"type":"Polygon","coordinates":[[[-103.363307,25.559719],[-103.363171,25.559508],[-103.363081,25.559556],[-103.363216,25.559767],[-103.363307,25.559719]]]}},{"type":"Feature","properties":{},"geometry":{"type":"Polygon","coordinates":[[[-103.363397,25.559671],[-103.363262,25.55946],[-103.363171,25.559508],[-103.363307,25.559719],[-103.363397,25.559671]]]}},{"type":"Feature","properties":{},"geometry":{"type":"Polygon","coordinates":[[[-103.363488,25.559623],[-103.363353,25.559412],[-103.363262,25.55946],[-103.363397,25.559671],[-103.363488,25.559623]]]}},{"type":"Feature","properties":{},"geometry":{"type":"Polygon","coordinates":[[[-103.363579,25.559575],[-103.363444,25.559364],[-103.363353,25.559412],[-103.363488,25.559623],[-103.363579,25.559575]]]}},{"type":"Feature","properties":{},"geometry":{"type":"Polygon","coordinates":[[[-103.36367,25.559527],[-103.363534,25.559316],[-103.363444,25.559364],[-103.363579,25.559575],[-103.36367,25.559527]]]}},{"type":"Feature","properties":{},"geometry":{"type":"Polygon","coordinates":[[[-103.36376,25.559479],[-103.363625,25.559268],[-103.363534,25.559316],[-103.36367,25.559527],[-103.36376,25.559479]]]}},{"type":"Feature","properties":{},"geometry":{"type":"Polygon","coordinates":[[[-103.363851,25.559431],[-103.363716,25.55922],[-103.363625,25.559268],[-103.36376,25.559479],[-103.363851,25.559431]]]}},{"type":"Feature","properties":{},"geometry":{"type":"Polygon","coordinates":[[[-103.363942,25.559383],[-103.363807,25.559172],[-103.363716,25.55922],[-103.363851,25.559431],[-103.363942,25.559383]]]}},{"type":"Feature","properties":{},"geometry":{"type":"Polygon","coordinates":[[[-103.364136,25.55928],[-103.364,25.55907],[-103.36391,25.559118],[-103.364045,25.559328],[-103.364136,25.55928]]]}},{"type":"Feature","properties":{},"geometry":{"type":"Polygon","coordinates":[[[-103.364227,25.559232],[-103.364091,25.559022],[-103.364,25.55907],[-103.364136,25.55928],[-103.364227,25.559232]]]}},{"type":"Feature","properties":{},"geometry":{"type":"Polygon","coordinates":[[[-103.364317,25.559184],[-103.364182,25.558974],[-103.364091,25.559022],[-103.364227,25.559232],[-103.364317,25.559184]]]}},{"type":"Feature","properties":{},"geometry":{"type":"Polygon","coordinates":[[[-103.364408,25.559136],[-103.364273,25.558926],[-103.364182,25.558974],[-103.364317,25.559184],[-103.364408,25.559136]]]}},{"type":"Feature","properties":{},"geometry":{"type":"Polygon","coordinates":[[[-103.364499,25.559088],[-103.364363,25.558878],[-103.364273,25.558926],[-103.364408,25.559136],[-103.364499,25.559088]]]}},{"type":"Feature","properties":{},"geometry":{"type":"Polygon","coordinates":[[[-103.36459,25.55904],[-103.364454,25.55883],[-103.364363,25.558878],[-103.364499,25.559088],[-103.36459,25.55904]]]}},{"type":"Feature","properties":{},"geometry":{"type":"Polygon","coordinates":[[[-103.36468,25.558992],[-103.364545,25.558782],[-103.364454,25.55883],[-103.36459,25.55904],[-103.36468,25.558992]]]}},{"type":"Feature","properties":{},"geometry":{"type":"Polygon","coordinates":[[[-103.364771,25.558944],[-103.364636,25.558734],[-103.364545,25.558782],[-103.36468,25.558992],[-103.364771,25.558944]]]}},{"type":"Feature","properties":{},"geometry":{"type":"Polygon","coordinates":[[[-103.364862,25.558896],[-103.364726,25.558686],[-103.364636,25.558734],[-103.364771,25.558944],[-103.364862,25.558896]]]}},{"type":"Feature","properties":{},"geometry":{"type":"Polygon","coordinates":[[[-103.364953,25.558848],[-103.364817,25.558638],[-103.364726,25.558686],[-103.364862,25.558896],[-103.364953,25.558848]]]}},{"type":"Feature","properties":{},"geometry":{"type":"Polygon","coordinates":[[[-103.365043,25.5588],[-103.364908,25.55859],[-103.364817,25.558638],[-103.364953,25.558848],[-103.365043,25.5588]]]}},{"type":"Feature","properties":{},"geometry":{"type":"Polygon","coordinates":[[[-103.365134,25.558752],[-103.364999,25.558542],[-103.364908,25.55859],[-103.365043,25.5588],[-103.365134,25.558752]]]}},{"type":"Feature","properties":{},"geometry":{"type":"Polygon","coordinates":[[[-103.365225,25.558704],[-103.365089,25.558494],[-103.364999,25.558542],[-103.365134,25.558752],[-103.365225,25.558704]]]}},{"type":"Feature","properties":{},"geometry":{"type":"Polygon","coordinates":[[[-103.365316,25.558656],[-103.36518,25.558446],[-103.365089,25.558494],[-103.365225,25.558704],[-103.365316,25.558656]]]}},{"type":"Feature","properties":{},"geometry":{"type":"Polygon","coordinates":[[[-103.358083,25.562075],[-103.357947,25.561864],[-103.357857,25.561912],[-103.357992,25.562123],[-103.358083,25.562075]]]}},{"type":"Feature","properties":{},"geometry":{"type":"Polygon","coordinates":[[[-103.358174,25.562027],[-103.358038,25.561816],[-103.357947,25.561864],[-103.358083,25.562075],[-103.358174,25.562027]]]}},{"type":"Feature","properties":{},"geometry":{"type":"Polygon","coordinates":[[[-103.358264,25.561979],[-103.358129,25.561768],[-103.358038,25.561816],[-103.358174,25.562027],[-103.358264,25.561979]]]}},{"type":"Feature","properties":{},"geometry":{"type":"Polygon","coordinates":[[[-103.358355,25.561931],[-103.35822,25.56172],[-103.358129,25.561768],[-103.358264,25.561979],[-103.358355,25.561931]]]}},{"type":"Feature","properties":{},"geometry":{"type":"Polygon","coordinates":[[[-103.358446,25.561883],[-103.35831,25.561672],[-103.35822,25.56172],[-103.358355,25.561931],[-103.358446,25.561883]]]}},{"type":"Feature","properties":{},"geometry":{"type":"Polygon","coordinates":[[[-103.358537,25.561835],[-103.358401,25.561624],[-103.35831,25.561672],[-103.358446,25.561883],[-103.358537,25.561835]]]}},{"type":"Feature","properties":{},"geometry":{"type":"Polygon","coordinates":[[[-103.358627,25.561787],[-103.358492,25.561576],[-103.358401,25.561624],[-103.358537,25.561835],[-103.358627,25.561787]]]}},{"type":"Feature","properties":{},"geometry":{"type":"Polygon","coordinates":[[[-103.358718,25.561739],[-103.358583,25.561528],[-103.358492,25.561576],[-103.358627,25.561787],[-103.358718,25.561739]]]}},{"type":"Feature","properties":{},"geometry":{"type":"Polygon","coordinates":[[[-103.358809,25.561691],[-103.358673,25.56148],[-103.358583,25.561528],[-103.358718,25.561739],[-103.358809,25.561691]]]}},{"type":"Feature","properties":{},"geometry":{"type":"Polygon","coordinates":[[[-103.3589,25.561643],[-103.358764,25.561432],[-103.358673,25.56148],[-103.358809,25.561691],[-103.3589,25.561643]]]}},{"type":"Feature","properties":{},"geometry":{"type":"Polygon","coordinates":[[[-103.35899,25.561595],[-103.358855,25.561384],[-103.358764,25.561432],[-103.3589,25.561643],[-103.35899,25.561595]]]}},{"type":"Feature","properties":{},"geometry":{"type":"Polygon","coordinates":[[[-103.359081,25.561547],[-103.358946,25.561336],[-103.358855,25.561384],[-103.35899,25.561595],[-103.359081,25.561547]]]}},{"type":"Feature","properties":{},"geometry":{"type":"Polygon","coordinates":[[[-103.359275,25.561444],[-103.35914,25.561234],[-103.359049,25.561282],[-103.359184,25.561492],[-103.359275,25.561444]]]}},{"type":"Feature","properties":{},"geometry":{"type":"Polygon","coordinates":[[[-103.359366,25.561396],[-103.35923,25.561186],[-103.35914,25.561234],[-103.359275,25.561444],[-103.359366,25.561396]]]}},{"type":"Feature","properties":{},"geometry":{"type":"Polygon","coordinates":[[[-103.359456,25.561348],[-103.359321,25.561138],[-103.35923,25.561186],[-103.359366,25.561396],[-103.359456,25.561348]]]}},{"type":"Feature","properties":{},"geometry":{"type":"Polygon","coordinates":[[[-103.359547,25.5613],[-103.359412,25.56109],[-103.359321,25.561138],[-103.359456,25.561348],[-103.359547,25.5613]]]}},{"type":"Feature","properties":{},"geometry":{"type":"Polygon","coordinates":[[[-103.359638,25.561252],[-103.359503,25.561042],[-103.359412,25.56109],[-103.359547,25.5613],[-103.359638,25.561252]]]}},{"type":"Feature","properties":{},"geometry":{"type":"Polygon","coordinates":[[[-103.359729,25.561204],[-103.359593,25.560994],[-103.359503,25.561042],[-103.359638,25.561252],[-103.359729,25.561204]]]}},{"type":"Feature","properties":{},"geometry":{"type":"Polygon","coordinates":[[[-103.359819,25.561156],[-103.359684,25.560946],[-103.359593,25.560994],[-103.359729,25.561204],[-103.359819,25.561156]]]}},{"type":"Feature","properties":{},"geometry":{"type":"Polygon","coordinates":[[[-103.35991,25.561108],[-103.359775,25.560898],[-103.359684,25.560946],[-103.359819,25.561156],[-103.35991,25.561108]]]}},{"type":"Feature","properties":{},"geometry":{"type":"Polygon","coordinates":[[[-103.360001,25.56106],[-103.359866,25.56085],[-103.359775,25.560898],[-103.35991,25.561108],[-103.360001,25.56106]]]}},{"type":"Feature","properties":{},"geometry":{"type":"Polygon","coordinates":[[[-103.360092,25.561012],[-103.359956,25.560802],[-103.359866,25.56085],[-103.360001,25.56106],[-103.360092,25.561012]]]}},{"type":"Feature","properties":{},"geometry":{"type":"Polygon","coordinates":[[[-103.360182,25.560964],[-103.360047,25.560754],[-103.359956,25.560802],[-103.360092,25.561012],[-103.360182,25.560964]]]}},{"type":"Feature","properties":{},"geometry":{"type":"Polygon","coordinates":[[[-103.360273,25.560916],[-103.360138,25.560706],[-103.360047,25.560754],[-103.360182,25.560964],[-103.360273,25.560916]]]}},{"type":"Feature","properties":{},"geometry":{"type":"Polygon","coordinates":[[[-103.360364,25.560868],[-103.360229,25.560658],[-103.360138,25.560706],[-103.360273,25.560916],[-103.360364,25.560868]]]}},{"type":"Feature","properties":{},"geometry":{"type":"Polygon","coordinates":[[[-103.360455,25.56082],[-103.360319,25.56061],[-103.360229,25.560658],[-103.360364,25.560868],[-103.360455,25.56082]]]}},{"type":"Feature","properties":{},"geometry":{"type":"Polygon","coordinates":[[[-103.360545,25.560772],[-103.36041,25.560562],[-103.360319,25.56061],[-103.360455,25.56082],[-103.360545,25.560772]]]}},{"type":"Feature","properties":{},"geometry":{"type":"Polygon","coordinates":[[[-103.360636,25.560724],[-103.360501,25.560514],[-103.36041,25.560562],[-103.360545,25.560772],[-103.360636,25.560724]]]}},{"type":"Feature","properties":{},"geometry":{"type":"Polygon","coordinates":[[[-103.36083,25.560622],[-103.360695,25.560411],[-103.360604,25.560459],[-103.360739,25.56067],[-103.36083,25.560622]]]}},{"type":"Feature","properties":{},"geometry":{"type":"Polygon","coordinates":[[[-103.360921,25.560574],[-103.360785,25.560363],[-103.360695,25.560411],[-103.36083,25.560622],[-103.360921,25.560574]]]}},{"type":"Feature","properties":{},"geometry":{"type":"Polygon","coordinates":[[[-103.361012,25.560526],[-103.360876,25.560315],[-103.360785,25.560363],[-103.360921,25.560574],[-103.361012,25.560526]]]}},{"type":"Feature","properties":{},"geometry":{"type":"Polygon","coordinates":[[[-103.361102,25.560478],[-103.360967,25.560267],[-103.360876,25.560315],[-103.361012,25.560526],[-103.361102,25.560478]]]}},{"type":"Feature","properties":{},"geometry":{"type":"Polygon","coordinates":[[[-103.361193,25.56043],[-103.361058,25.560219],[-103.360967,25.560267],[-103.361102,25.560478],[-103.361193,25.56043]]]}},{"type":"Feature","properties":{},"geometry":{"type":"Polygon","coordinates":[[[-103.361284,25.560382],[-103.361148,25.560171],[-103.361058,25.560219],[-103.361193,25.56043],[-103.361284,25.560382]]]}},{"type":"Feature","properties":{},"geometry":{"type":"Polygon","coordinates":[[[-103.361375,25.560334],[-103.361239,25.560123],[-103.361148,25.560171],[-103.361284,25.560382],[-103.361375,25.560334]]]}},{"type":"Feature","properties":{},"geometry":{"type":"Polygon","coordinates":[[[-103.361465,25.560286],[-103.36133,25.560075],[-103.361239,25.560123],[-103.361375,25.560334],[-103.361465,25.560286]]]}},{"type":"Feature","properties":{},"geometry":{"type":"Polygon","coordinates":[[[-103.361556,25.560238],[-103.361421,25.560027],[-103.36133,25.560075],[-103.361465,25.560286],[-103.361556,25.560238]]]}},{"type":"Feature","properties":{},"geometry":{"type":"Polygon","coordinates":[[[-103.361647,25.56019],[-103.361511,25.559979],[-103.361421,25.560027],[-103.361556,25.560238],[-103.361647,25.56019]]]}},{"type":"Feature","properties":{},"geometry":{"type":"Polygon","coordinates":[[[-103.361738,25.560142],[-103.361602,25.559931],[-103.361511,25.559979],[-103.361647,25.56019],[-103.361738,25.560142]]]}},{"type":"Feature","properties":{},"geometry":{"type":"Polygon","coordinates":[[[-103.361828,25.560094],[-103.361693,25.559883],[-103.361602,25.559931],[-103.361738,25.560142],[-103.361828,25.560094]]]}},{"type":"Feature","properties":{},"geometry":{"type":"Polygon","coordinates":[[[-103.361919,25.560046],[-103.361784,25.559835],[-103.361693,25.559883],[-103.361828,25.560094],[-103.361919,25.560046]]]}},{"type":"Feature","properties":{},"geometry":{"type":"Polygon","coordinates":[[[-103.36201,25.559998],[-103.361874,25.559787],[-103.361784,25.559835],[-103.361919,25.560046],[-103.36201,25.559998]]]}},{"type":"Feature","properties":{},"geometry":{"type":"Polygon","coordinates":[[[-103.362101,25.55995],[-103.361965,25.559739],[-103.361874,25.559787],[-103.36201,25.559998],[-103.362101,25.55995]]]}},{"type":"Feature","properties":{},"geometry":{"type":"Polygon","coordinates":[[[-103.362191,25.559902],[-103.362056,25.559691],[-103.361965,25.559739],[-103.362101,25.55995],[-103.362191,25.559902]]]}},{"type":"Feature","properties":{},"geometry":{"type":"Polygon","coordinates":[[[-103.362385,25.559799],[-103.36225,25.559588],[-103.362159,25.559636],[-103.362294,25.559847],[-103.362385,25.559799]]]}},{"type":"Feature","properties":{},"geometry":{"type":"Polygon","coordinates":[[[-103.362476,25.559751],[-103.362341,25.55954],[-103.36225,25.559588],[-103.362385,25.559799],[-103.362476,25.559751]]]}},{"type":"Feature","properties":{},"geometry":{"type":"Polygon","coordinates":[[[-103.362567,25.559703],[-103.362431,25.559492],[-103.362341,25.55954],[-103.362476,25.559751],[-103.362567,25.559703]]]}},{"type":"Feature","properties":{},"geometry":{"type":"Polygon","coordinates":[[[-103.362657,25.559655],[-103.362522,25.559444],[-103.362431,25.559492],[-103.362567,25.559703],[-103.362657,25.559655]]]}},{"type":"Feature","properties":{},"geometry":{"type":"Polygon","coordinates":[[[-103.362748,25.559607],[-103.362613,25.559396],[-103.362522,25.559444],[-103.362657,25.559655],[-103.362748,25.559607]]]}},{"type":"Feature","properties":{},"geometry":{"type":"Polygon","coordinates":[[[-103.362839,25.559559],[-103.362704,25.559348],[-103.362613,25.559396],[-103.362748,25.559607],[-103.362839,25.559559]]]}},{"type":"Feature","properties":{},"geometry":{"type":"Polygon","coordinates":[[[-103.36293,25.559511],[-103.362794,25.5593],[-103.362704,25.559348],[-103.362839,25.559559],[-103.36293,25.559511]]]}},{"type":"Feature","properties":{},"geometry":{"type":"Polygon","coordinates":[[[-103.36302,25.559463],[-103.362885,25.559252],[-103.362794,25.5593],[-103.36293,25.559511],[-103.36302,25.559463]]]}},{"type":"Feature","properties":{},"geometry":{"type":"Polygon","coordinates":[[[-103.363111,25.559415],[-103.362976,25.559204],[-103.362885,25.559252],[-103.36302,25.559463],[-103.363111,25.559415]]]}},{"type":"Feature","properties":{},"geometry":{"type":"Polygon","coordinates":[[[-103.363202,25.559367],[-103.363067,25.559156],[-103.362976,25.559204],[-103.363111,25.559415],[-103.363202,25.559367]]]}},{"type":"Feature","properties":{},"geometry":{"type":"Polygon","coordinates":[[[-103.363293,25.559319],[-103.363157,25.559108],[-103.363067,25.559156],[-103.363202,25.559367],[-103.363293,25.559319]]]}},{"type":"Feature","properties":{},"geometry":{"type":"Polygon","coordinates":[[[-103.363383,25.559271],[-103.363248,25.55906],[-103.363157,25.559108],[-103.363293,25.559319],[-103.363383,25.559271]]]}},{"type":"Feature","properties":{},"geometry":{"type":"Polygon","coordinates":[[[-103.363474,25.559223],[-103.363339,25.559012],[-103.363248,25.55906],[-103.363383,25.559271],[-103.363474,25.559223]]]}},{"type":"Feature","properties":{},"geometry":{"type":"Polygon","coordinates":[[[-103.363565,25.559175],[-103.36343,25.558964],[-103.363339,25.559012],[-103.363474,25.559223],[-103.363565,25.559175]]]}},{"type":"Feature","properties":{},"geometry":{"type":"Polygon","coordinates":[[[-103.363656,25.559127],[-103.36352,25.558916],[-103.36343,25.558964],[-103.363565,25.559175],[-103.363656,25.559127]]]}},{"type":"Feature","properties":{},"geometry":{"type":"Polygon","coordinates":[[[-103.363746,25.559079],[-103.363611,25.558868],[-103.36352,25.558916],[-103.363656,25.559127],[-103.363746,25.559079]]]}},{"type":"Feature","properties":{},"geometry":{"type":"Polygon","coordinates":[[[-103.36394,25.558976],[-103.363805,25.558766],[-103.363714,25.558814],[-103.36385,25.559024],[-103.36394,25.558976]]]}},{"type":"Feature","properties":{},"geometry":{"type":"Polygon","coordinates":[[[-103.364031,25.558928],[-103.363896,25.558718],[-103.363805,25.558766],[-103.36394,25.558976],[-103.364031,25.558928]]]}},{"type":"Feature","properties":{},"geometry":{"type":"Polygon","coordinates":[[[-103.364122,25.55888],[-103.363986,25.55867],[-103.363896,25.558718],[-103.364031,25.558928],[-103.364122,25.55888]]]}},{"type":"Feature","properties":{},"geometry":{"type":"Polygon","coordinates":[[[-103.364213,25.558832],[-103.364077,25.558622],[-103.363986,25.55867],[-103.364122,25.55888],[-103.364213,25.558832]]]}},{"type":"Feature","properties":{},"geometry":{"type":"Polygon","coordinates":[[[-103.364303,25.558784],[-103.364168,25.558574],[-103.364077,25.558622],[-103.364213,25.558832],[-103.364303,25.558784]]]}},{"type":"Feature","properties":{},"geometry":{"type":"Polygon","coordinates":[[[-103.364394,25.558736],[-103.364259,25.558526],[-103.364168,25.558574],[-103.364303,25.558784],[-103.364394,25.558736]]]}},{"type":"Feature","properties":{},"geometry":{"type":"Polygon","coordinates":[[[-103.364485,25.558688],[-103.364349,25.558478],[-103.364259,25.558526],[-103.364394,25.558736],[-103.364485,25.558688]]]}},{"type":"Feature","properties":{},"geometry":{"type":"Polygon","coordinates":[[[-103.358018,25.564837],[-103.357882,25.564626],[-103.357792,25.564674],[-103.357927,25.564885],[-103.358018,25.564837]]]}},{"type":"Feature","properties":{},"geometry":{"type":"Polygon","coordinates":[[[-103.358108,25.564789],[-103.357973,25.564578],[-103.357882,25.564626],[-103.358018,25.564837],[-103.358108,25.564789]]]}},{"type":"Feature","properties":{},"geometry":{"type":"Polygon","coordinates":[[[-103.358199,25.564741],[-103.358064,25.56453],[-103.357973,25.564578],[-103.358108,25.564789],[-103.358199,25.564741]]]}},{"type":"Feature","properties":{},"geometry":{"type":"Polygon","coordinates":[[[-103.35829,25.564693],[-103.358155,25.564482],[-103.358064,25.56453],[-103.358199,25.564741],[-103.35829,25.564693]]]}},{"type":"Feature","properties":{},"geometry":{"type":"Polygon","coordinates":[[[-103.358381,25.564645],[-103.358245,25.564434],[-103.358155,25.564482],[-103.35829,25.564693],[-103.358381,25.564645]]]}},{"type":"Feature","properties":{},"geometry":{"type":"Polygon","coordinates":[[[-103.358471,25.564597],[-103.358336,25.564386],[-103.358245,25.564434],[-103.358381,25.564645],[-103.358471,25.564597]]]}},{"type":"Feature","properties":{},"geometry":{"type":"Polygon","coordinates":[[[-103.358562,25.564549],[-103.358427,25.564338],[-103.358336,25.564386],[-103.358471,25.564597],[-103.358562,25.564549]]]}},{"type":"Feature","properties":{},"geometry":{"type":"Polygon","coordinates":[[[-103.358653,25.564501],[-103.358518,25.56429],[-103.358427,25.564338],[-103.358562,25.564549],[-103.358653,25.564501]]]}},{"type":"Feature","properties":{},"geometry":{"type":"Polygon","coordinates":[[[-103.358744,25.564453],[-103.358608,25.564242],[-103.358518,25.56429],[-103.358653,25.564501],[-103.358744,25.564453]]]}},{"type":"Feature","properties":{},"geometry":{"type":"Polygon","coordinates":[[[-103.358834,25.564405],[-103.358699,25.564194],[-103.358608,25.564242],[-103.358744,25.564453],[-103.358834,25.564405]]]}},{"type":"Feature","properties":{},"geometry":{"type":"Polygon","coordinates":[[[-103.359028,25.564302],[-103.358893,25.564092],[-103.358802,25.56414],[-103.358938,25.56435],[-103.359028,25.564302]]]}},{"type":"Feature","properties":{},"geometry":{"type":"Polygon","coordinates":[[[-103.359119,25.564254],[-103.358984,25.564044],[-103.358893,25.564092],[-103.359028,25.564302],[-103.359119,25.564254]]]}},{"type":"Feature","properties":{},"geometry":{"type":"Polygon","coordinates":[[[-103.35921,25.564206],[-103.359074,25.563996],[-103.358984,25.564044],[-103.359119,25.564254],[-103.35921,25.564206]]]}},{"type":"Feature","properties":{},"geometry":{"type":"Polygon","coordinates":[[[-103.359301,25.564158],[-103.359165,25.563948],[-103.359074,25.563996],[-103.35921,25.564206],[-103.359301,25.564158]]]}},{"type":"Feature","properties":{},"geometry":{"type":"Polygon","coordinates":[[[-103.359391,25.56411],[-103.359256,25.5639],[-103.359165,25.563948],[-103.359301,25.564158],[-103.359391,25.56411]]]}},{"type":"Feature","properties":{},"geometry":{"type":"Polygon","coordinates":[[[-103.359482,25.564062],[-103.359347,25.563852],[-103.359256,25.5639],[-103.359391,25.56411],[-103.359482,25.564062]]]}},{"type":"Feature","properties":{},"geometry":{"type":"Polygon","coordinates":[[[-103.359573,25.564014],[-103.359437,25.563804],[-103.359347,25.563852],[-103.359482,25.564062],[-103.359573,25.564014]]]}},{"type":"Feature","properties":{},"geometry":{"type":"Polygon","coordinates":[[[-103.359664,25.563966],[-103.359528,25.563756],[-103.359437,25.563804],[-103.359573,25.564014],[-103.359664,25.563966]]]}},{"type":"Feature","properties":{},"geometry":{"type":"Polygon","coordinates":[[[-103.359754,25.563918],[-103.359619,25.563708],[-103.359528,25.563756],[-103.359664,25.563966],[-103.359754,25.563918]]]}},{"type":"Feature","properties":{},"geometry":{"type":"Polygon","coordinates":[[[-103.359845,25.56387],[-103.35971,25.56366],[-103.359619,25.563708],[-103.359754,25.563918],[-103.359845,25.56387]]]}},{"type":"Feature","properties":{},"geometry":{"type":"Polygon","coordinates":[[[-103.359936,25.563822],[-103.3598,25.563612],[-103.35971,25.56366],[-103.359845,25.56387],[-103.359936,25.563822]]]}},{"type":"Feature","properties":{},"geometry":{"type":"Polygon","coordinates":[[[-103.360947,25.563288],[-103.360811,25.563077],[-103.36072,25.563125],[-103.360856,25.563336],[-103.360947,25.563288]]]}},{"type":"Feature","properties":{},"geometry":{"type":"Polygon","coordinates":[[[-103.361037,25.56324],[-103.360902,25.563029],[-103.360811,25.563077],[-103.360947,25.563288],[-103.361037,25.56324]]]}},{"type":"Feature","properties":{},"geometry":{"type":"Polygon","coordinates":[[[-103.361128,25.563192],[-103.360993,25.562981],[-103.360902,25.563029],[-103.361037,25.56324],[-103.361128,25.563192]]]}},{"type":"Feature","properties":{},"geometry":{"type":"Polygon","coordinates":[[[-103.361219,25.563144],[-103.361083,25.562933],[-103.360993,25.562981],[-103.361128,25.563192],[-103.361219,25.563144]]]}},{"type":"Feature","properties":{},"geometry":{"type":"Polygon","coordinates":[[[-103.36131,25.563096],[-103.361174,25.562885],[-103.361083,25.562933],[-103.361219,25.563144],[-103.36131,25.563096]]]}},{"type":"Feature","properties":{},"geometry":{"type":"Polygon","coordinates":[[[-103.3614,25.563048],[-103.361265,25.562837],[-103.361174,25.562885],[-103.36131,25.563096],[-103.3614,25.563048]]]}},{"type":"Feature","properties":{},"geometry":{"type":"Polygon","coordinates":[[[-103.361491,25.562999],[-103.361356,25.562789],[-103.361265,25.562837],[-103.3614,25.563048],[-103.361491,25.562999]]]}},{"type":"Feature","properties":{},"geometry":{"type":"Polygon","coordinates":[[[-103.361582,25.562951],[-103.361446,25.562741],[-103.361356,25.562789],[-103.361491,25.562999],[-103.361582,25.562951]]]}},{"type":"Feature","properties":{},"geometry":{"type":"Polygon","coordinates":[[[-103.361673,25.562903],[-103.361537,25.562693],[-103.361446,25.562741],[-103.361582,25.562951],[-103.361673,25.562903]]]}},{"type":"Feature","properties":{},"geometry":{"type":"Polygon","coordinates":[[[-103.361763,25.562855],[-103.361628,25.562645],[-103.361537,25.562693],[-103.361673,25.562903],[-103.361763,25.562855]]]}},{"type":"Feature","properties":{},"geometry":{"type":"Polygon","coordinates":[[[-103.361854,25.562807],[-103.361719,25.562597],[-103.361628,25.562645],[-103.361763,25.562855],[-103.361854,25.562807]]]}},{"type":"Feature","properties":{},"geometry":{"type":"Polygon","coordinates":[[[-103.361945,25.562759],[-103.361809,25.562549],[-103.361719,25.562597],[-103.361854,25.562807],[-103.361945,25.562759]]]}},{"type":"Feature","properties":{},"geometry":{"type":"Polygon","coordinates":[[[-103.362139,25.562657],[-103.362003,25.562446],[-103.361913,25.562494],[-103.362048,25.562705],[-103.362139,25.562657]]]}},{"type":"Feature","properties":{},"geometry":{"type":"Polygon","coordinates":[[[-103.362229,25.562609],[-103.362094,25.562398],[-103.362003,25.562446],[-103.362139,25.562657],[-103.362229,25.562609]]]}},{"type":"Feature","properties":{},"geometry":{"type":"Polygon","coordinates":[[[-103.36232,25.562561],[-103.362185,25.56235],[-103.362094,25.562398],[-103.362229,25.562609],[-103.36232,25.562561]]]}},{"type":"Feature","properties":{},"geometry":{"type":"Polygon","coordinates":[[[-103.362411,25.562513],[-103.362276,25.562302],[-103.362185,25.56235],[-103.36232,25.562561],[-103.362411,25.562513]]]}},{"type":"Feature","properties":{},"geometry":{"type":"Polygon","coordinates":[[[-103.362502,25.562465],[-103.362366,25.562254],[-103.362276,25.562302],[-103.362411,25.562513],[-103.362502,25.562465]]]}},{"type":"Feature","properties":{},"geometry":{"type":"Polygon","coordinates":[[[-103.362592,25.562417],[-103.362457,25.562206],[-103.362366,25.562254],[-103.362502,25.562465],[-103.362592,25.562417]]]}},{"type":"Feature","properties":{},"geometry":{"type":"Polygon","coordinates":[[[-103.362683,25.562369],[-103.362548,25.562158],[-103.362457,25.562206],[-103.362592,25.562417],[-103.362683,25.562369]]]}},{"type":"Feature","properties":{},"geometry":{"type":"Polygon","coordinates":[[[-103.362774,25.562321],[-103.362639,25.56211],[-103.362548,25.562158],[-103.362683,25.562369],[-103.362774,25.562321]]]}},{"type":"Feature","properties":{},"geometry":{"type":"Polygon","coordinates":[[[-103.362865,25.562273],[-103.362729,25.562062],[-103.362639,25.56211],[-103.362774,25.562321],[-103.362865,25.562273]]]}},{"type":"Feature","properties":{},"geometry":{"type":"Polygon","coordinates":[[[-103.362955,25.562225],[-103.36282,25.562014],[-103.362729,25.562062],[-103.362865,25.562273],[-103.362955,25.562225]]]}},{"type":"Feature","properties":{},"geometry":{"type":"Polygon","coordinates":[[[-103.363046,25.562177],[-103.362911,25.561966],[-103.36282,25.562014],[-103.362955,25.562225],[-103.363046,25.562177]]]}},{"type":"Feature","properties":{},"geometry":{"type":"Polygon","coordinates":[[[-103.363137,25.562129],[-103.363002,25.561918],[-103.362911,25.561966],[-103.363046,25.562177],[-103.363137,25.562129]]]}},{"type":"Feature","properties":{},"geometry":{"type":"Polygon","coordinates":[[[-103.363228,25.562081],[-103.363092,25.56187],[-103.363002,25.561918],[-103.363137,25.562129],[-103.363228,25.562081]]]}},{"type":"Feature","properties":{},"geometry":{"type":"Polygon","coordinates":[[[-103.363318,25.562033],[-103.363183,25.561822],[-103.363092,25.56187],[-103.363228,25.562081],[-103.363318,25.562033]]]}},{"type":"Feature","properties":{},"geometry":{"type":"Polygon","coordinates":[[[-103.363409,25.561985],[-103.363274,25.561774],[-103.363183,25.561822],[-103.363318,25.562033],[-103.363409,25.561985]]]}},{"type":"Feature","properties":{},"geometry":{"type":"Polygon","coordinates":[[[-103.3635,25.561937],[-103.363365,25.561726],[-103.363274,25.561774],[-103.363409,25.561985],[-103.3635,25.561937]]]}},{"type":"Feature","properties":{},"geometry":{"type":"Polygon","coordinates":[[[-103.363694,25.561834],[-103.363558,25.561624],[-103.363468,25.561672],[-103.363603,25.561882],[-103.363694,25.561834]]]}},{"type":"Feature","properties":{},"geometry":{"type":"Polygon","coordinates":[[[-103.363785,25.561786],[-103.363649,25.561576],[-103.363558,25.561624],[-103.363694,25.561834],[-103.363785,25.561786]]]}},{"type":"Feature","properties":{},"geometry":{"type":"Polygon","coordinates":[[[-103.363875,25.561738],[-103.36374,25.561528],[-103.363649,25.561576],[-103.363785,25.561786],[-103.363875,25.561738]]]}},{"type":"Feature","properties":{},"geometry":{"type":"Polygon","coordinates":[[[-103.363966,25.56169],[-103.363831,25.56148],[-103.36374,25.561528],[-103.363875,25.561738],[-103.363966,25.56169]]]}},{"type":"Feature","properties":{},"geometry":{"type":"Polygon","coordinates":[[[-103.364057,25.561642],[-103.363921,25.561432],[-103.363831,25.56148],[-103.363966,25.56169],[-103.364057,25.561642]]]}},{"type":"Feature","properties":{},"geometry":{"type":"Polygon","coordinates":[[[-103.364148,25.561594],[-103.364012,25.561384],[-103.363921,25.561432],[-103.364057,25.561642],[-103.364148,25.561594]]]}},{"type":"Feature","properties":{},"geometry":{"type":"Polygon","coordinates":[[[-103.364238,25.561546],[-103.364103,25.561336],[-103.364012,25.561384],[-103.364148,25.561594],[-103.364238,25.561546]]]}},{"type":"Feature","properties":{},"geometry":{"type":"Polygon","coordinates":[[[-103.364329,25.561498],[-103.364194,25.561288],[-103.364103,25.561336],[-103.364238,25.561546],[-103.364329,25.561498]]]}},{"type":"Feature","properties":{},"geometry":{"type":"Polygon","coordinates":[[[-103.36442,25.56145],[-103.364284,25.56124],[-103.364194,25.561288],[-103.364329,25.561498],[-103.36442,25.56145]]]}},{"type":"Feature","properties":{},"geometry":{"type":"Polygon","coordinates":[[[-103.364511,25.561402],[-103.364375,25.561192],[-103.364284,25.56124],[-103.36442,25.56145],[-103.364511,25.561402]]]}},{"type":"Feature","properties":{},"geometry":{"type":"Polygon","coordinates":[[[-103.364601,25.561354],[-103.364466,25.561144],[-103.364375,25.561192],[-103.364511,25.561402],[-103.364601,25.561354]]]}},{"type":"Feature","properties":{},"geometry":{"type":"Polygon","coordinates":[[[-103.364692,25.561306],[-103.364557,25.561096],[-103.364466,25.561144],[-103.364601,25.561354],[-103.364692,25.561306]]]}},{"type":"Feature","properties":{},"geometry":{"type":"Polygon","coordinates":[[[-103.364783,25.561258],[-103.364647,25.561048],[-103.364557,25.561096],[-103.364692,25.561306],[-103.364783,25.561258]]]}},{"type":"Feature","properties":{},"geometry":{"type":"Polygon","coordinates":[[[-103.364874,25.56121],[-103.364738,25.561],[-103.364647,25.561048],[-103.364783,25.561258],[-103.364874,25.56121]]]}},{"type":"Feature","properties":{},"geometry":{"type":"Polygon","coordinates":[[[-103.364964,25.561162],[-103.364829,25.560952],[-103.364738,25.561],[-103.364874,25.56121],[-103.364964,25.561162]]]}},{"type":"Feature","properties":{},"geometry":{"type":"Polygon","coordinates":[[[-103.365055,25.561114],[-103.36492,25.560904],[-103.364829,25.560952],[-103.364964,25.561162],[-103.365055,25.561114]]]}},{"type":"Feature","properties":{},"geometry":{"type":"Polygon","coordinates":[[[-103.365249,25.561012],[-103.365114,25.560801],[-103.365023,25.560849],[-103.365158,25.56106],[-103.365249,25.561012]]]}},{"type":"Feature","properties":{},"geometry":{"type":"Polygon","coordinates":[[[-103.36534,25.560964],[-103.365204,25.560753],[-103.365114,25.560801],[-103.365249,25.561012],[-103.36534,25.560964]]]}},{"type":"Feature","properties":{},"geometry":{"type":"Polygon","coordinates":[[[-103.36543,25.560916],[-103.365295,25.560705],[-103.365204,25.560753],[-103.36534,25.560964],[-103.36543,25.560916]]]}},{"type":"Feature","properties":{},"geometry":{"type":"Polygon","coordinates":[[[-103.365521,25.560868],[-103.365386,25.560657],[-103.365295,25.560705],[-103.36543,25.560916],[-103.365521,25.560868]]]}},{"type":"Feature","properties":{},"geometry":{"type":"Polygon","coordinates":[[[-103.365612,25.56082],[-103.365477,25.560609],[-103.365386,25.560657],[-103.365521,25.560868],[-103.365612,25.56082]]]}},{"type":"Feature","properties":{},"geometry":{"type":"Polygon","coordinates":[[[-103.365703,25.560772],[-103.365567,25.560561],[-103.365477,25.560609],[-103.365612,25.56082],[-103.365703,25.560772]]]}},{"type":"Feature","properties":{},"geometry":{"type":"Polygon","coordinates":[[[-103.365793,25.560724],[-103.365658,25.560513],[-103.365567,25.560561],[-103.365703,25.560772],[-103.365793,25.560724]]]}},{"type":"Feature","properties":{},"geometry":{"type":"Polygon","coordinates":[[[-103.365884,25.560676],[-103.365749,25.560465],[-103.365658,25.560513],[-103.365793,25.560724],[-103.365884,25.560676]]]}},{"type":"Feature","properties":{},"geometry":{"type":"Polygon","coordinates":[[[-103.365975,25.560628],[-103.365839,25.560417],[-103.365749,25.560465],[-103.365884,25.560676],[-103.365975,25.560628]]]}},{"type":"Feature","properties":{},"geometry":{"type":"Polygon","coordinates":[[[-103.366066,25.56058],[-103.36593,25.560369],[-103.365839,25.560417],[-103.365975,25.560628],[-103.366066,25.56058]]]}},{"type":"Feature","properties":{},"geometry":{"type":"Polygon","coordinates":[[[-103.366156,25.560532],[-103.366021,25.560321],[-103.36593,25.560369],[-103.366066,25.56058],[-103.366156,25.560532]]]}},{"type":"Feature","properties":{},"geometry":{"type":"Polygon","coordinates":[[[-103.366247,25.560484],[-103.366112,25.560273],[-103.366021,25.560321],[-103.366156,25.560532],[-103.366247,25.560484]]]}},{"type":"Feature","properties":{},"geometry":{"type":"Polygon","coordinates":[[[-103.366338,25.560436],[-103.366202,25.560225],[-103.366112,25.560273],[-103.366247,25.560484],[-103.366338,25.560436]]]}},{"type":"Feature","properties":{},"geometry":{"type":"Polygon","coordinates":[[[-103.366429,25.560388],[-103.366293,25.560177],[-103.366202,25.560225],[-103.366338,25.560436],[-103.366429,25.560388]]]}},{"type":"Feature","properties":{},"geometry":{"type":"Polygon","coordinates":[[[-103.366519,25.560339],[-103.366384,25.560129],[-103.366293,25.560177],[-103.366429,25.560388],[-103.366519,25.560339]]]}},{"type":"Feature","properties":{},"geometry":{"type":"Polygon","coordinates":[[[-103.36661,25.560291],[-103.366475,25.560081],[-103.366384,25.560129],[-103.366519,25.560339],[-103.36661,25.560291]]]}},{"type":"Feature","properties":{},"geometry":{"type":"Polygon","coordinates":[[[-103.366804,25.560189],[-103.366669,25.559978],[-103.366578,25.560026],[-103.366713,25.560237],[-103.366804,25.560189]]]}},{"type":"Feature","properties":{},"geometry":{"type":"Polygon","coordinates":[[[-103.366895,25.560141],[-103.366759,25.55993],[-103.366669,25.559978],[-103.366804,25.560189],[-103.366895,25.560141]]]}},{"type":"Feature","properties":{},"geometry":{"type":"Polygon","coordinates":[[[-103.366985,25.560093],[-103.36685,25.559882],[-103.366759,25.55993],[-103.366895,25.560141],[-103.366985,25.560093]]]}},{"type":"Feature","properties":{},"geometry":{"type":"Polygon","coordinates":[[[-103.367076,25.560045],[-103.366941,25.559834],[-103.36685,25.559882],[-103.366985,25.560093],[-103.367076,25.560045]]]}},{"type":"Feature","properties":{},"geometry":{"type":"Polygon","coordinates":[[[-103.367167,25.559997],[-103.367032,25.559786],[-103.366941,25.559834],[-103.367076,25.560045],[-103.367167,25.559997]]]}},{"type":"Feature","properties":{},"geometry":{"type":"Polygon","coordinates":[[[-103.367258,25.559949],[-103.367122,25.559738],[-103.367032,25.559786],[-103.367167,25.559997],[-103.367258,25.559949]]]}},{"type":"Feature","properties":{},"geometry":{"type":"Polygon","coordinates":[[[-103.367348,25.559901],[-103.367213,25.55969],[-103.367122,25.559738],[-103.367258,25.559949],[-103.367348,25.559901]]]}},{"type":"Feature","properties":{},"geometry":{"type":"Polygon","coordinates":[[[-103.367439,25.559853],[-103.367304,25.559642],[-103.367213,25.55969],[-103.367348,25.559901],[-103.367439,25.559853]]]}},{"type":"Feature","properties":{},"geometry":{"type":"Polygon","coordinates":[[[-103.36753,25.559805],[-103.367395,25.559594],[-103.367304,25.559642],[-103.367439,25.559853],[-103.36753,25.559805]]]}},{"type":"Feature","properties":{},"geometry":{"type":"Polygon","coordinates":[[[-103.367621,25.559757],[-103.367485,25.559546],[-103.367395,25.559594],[-103.36753,25.559805],[-103.367621,25.559757]]]}},{"type":"Feature","properties":{},"geometry":{"type":"Polygon","coordinates":[[[-103.367711,25.559709],[-103.367576,25.559498],[-103.367485,25.559546],[-103.367621,25.559757],[-103.367711,25.559709]]]}},{"type":"Feature","properties":{},"geometry":{"type":"Polygon","coordinates":[[[-103.367802,25.559661],[-103.367667,25.55945],[-103.367576,25.559498],[-103.367711,25.559709],[-103.367802,25.559661]]]}},{"type":"Feature","properties":{},"geometry":{"type":"Polygon","coordinates":[[[-103.367893,25.559613],[-103.367758,25.559402],[-103.367667,25.55945],[-103.367802,25.559661],[-103.367893,25.559613]]]}},{"type":"Feature","properties":{},"geometry":{"type":"Polygon","coordinates":[[[-103.367984,25.559565],[-103.367848,25.559354],[-103.367758,25.559402],[-103.367893,25.559613],[-103.367984,25.559565]]]}},{"type":"Feature","properties":{},"geometry":{"type":"Polygon","coordinates":[[[-103.368074,25.559517],[-103.367939,25.559306],[-103.367848,25.559354],[-103.367984,25.559565],[-103.368074,25.559517]]]}},{"type":"Feature","properties":{},"geometry":{"type":"Polygon","coordinates":[[[-103.368165,25.559469],[-103.36803,25.559258],[-103.367939,25.559306],[-103.368074,25.559517],[-103.368165,25.559469]]]}},{"type":"Feature","properties":{},"geometry":{"type":"Polygon","coordinates":[[[-103.368359,25.559366],[-103.368224,25.559156],[-103.368133,25.559204],[-103.368268,25.559414],[-103.368359,25.559366]]]}},{"type":"Feature","properties":{},"geometry":{"type":"Polygon","coordinates":[[[-103.36845,25.559318],[-103.368314,25.559108],[-103.368224,25.559156],[-103.368359,25.559366],[-103.36845,25.559318]]]}},{"type":"Feature","properties":{},"geometry":{"type":"Polygon","coordinates":[[[-103.368541,25.55927],[-103.368405,25.55906],[-103.368314,25.559108],[-103.36845,25.559318],[-103.368541,25.55927]]]}},{"type":"Feature","properties":{},"geometry":{"type":"Polygon","coordinates":[[[-103.368631,25.559222],[-103.368496,25.559012],[-103.368405,25.55906],[-103.368541,25.55927],[-103.368631,25.559222]]]}},{"type":"Feature","properties":{},"geometry":{"type":"Polygon","coordinates":[[[-103.368722,25.559174],[-103.368587,25.558964],[-103.368496,25.559012],[-103.368631,25.559222],[-103.368722,25.559174]]]}},{"type":"Feature","properties":{},"geometry":{"type":"Polygon","coordinates":[[[-103.358062,25.565095],[-103.357927,25.564885],[-103.357836,25.564933],[-103.357972,25.565143],[-103.358062,25.565095]]]}},{"type":"Feature","properties":{},"geometry":{"type":"Polygon","coordinates":[[[-103.358153,25.565047],[-103.358018,25.564837],[-103.357927,25.564885],[-103.358062,25.565095],[-103.358153,25.565047]]]}},{"type":"Feature","properties":{},"geometry":{"type":"Polygon","coordinates":[[[-103.358244,25.564999],[-103.358108,25.564789],[-103.358018,25.564837],[-103.358153,25.565047],[-103.358244,25.564999]]]}},{"type":"Feature","properties":{},"geometry":{"type":"Polygon","coordinates":[[[-103.358335,25.564951],[-103.358199,25.564741],[-103.358108,25.564789],[-103.358244,25.564999],[-103.358335,25.564951]]]}},{"type":"Feature","properties":{},"geometry":{"type":"Polygon","coordinates":[[[-103.358425,25.564903],[-103.35829,25.564693],[-103.358199,25.564741],[-103.358335,25.564951],[-103.358425,25.564903]]]}},{"type":"Feature","properties":{},"geometry":{"type":"Polygon","coordinates":[[[-103.358516,25.564855],[-103.358381,25.564645],[-103.35829,25.564693],[-103.358425,25.564903],[-103.358516,25.564855]]]}},{"type":"Feature","properties":{},"geometry":{"type":"Polygon","coordinates":[[[-103.358607,25.564807],[-103.358471,25.564597],[-103.358381,25.564645],[-103.358516,25.564855],[-103.358607,25.564807]]]}},{"type":"Feature","properties":{},"geometry":{"type":"Polygon","coordinates":[[[-103.358698,25.564759],[-103.358562,25.564549],[-103.358471,25.564597],[-103.358607,25.564807],[-103.358698,25.564759]]]}},{"type":"Feature","properties":{},"geometry":{"type":"Polygon","coordinates":[[[-103.358788,25.564711],[-103.358653,25.564501],[-103.358562,25.564549],[-103.358698,25.564759],[-103.358788,25.564711]]]}},{"type":"Feature","properties":{},"geometry":{"type":"Polygon","coordinates":[[[-103.358879,25.564663],[-103.358744,25.564453],[-103.358653,25.564501],[-103.358788,25.564711],[-103.358879,25.564663]]]}},{"type":"Feature","properties":{},"geometry":{"type":"Polygon","coordinates":[[[-103.35897,25.564615],[-103.358834,25.564405],[-103.358744,25.564453],[-103.358879,25.564663],[-103.35897,25.564615]]]}},{"type":"Feature","properties":{},"geometry":{"type":"Polygon","coordinates":[[[-103.359164,25.564513],[-103.359028,25.564302],[-103.358938,25.56435],[-103.359073,25.564561],[-103.359164,25.564513]]]}},{"type":"Feature","properties":{},"geometry":{"type":"Polygon","coordinates":[[[-103.359254,25.564465],[-103.359119,25.564254],[-103.359028,25.564302],[-103.359164,25.564513],[-103.359254,25.564465]]]}},{"type":"Feature","properties":{},"geometry":{"type":"Polygon","coordinates":[[[-103.359345,25.564417],[-103.35921,25.564206],[-103.359119,25.564254],[-103.359254,25.564465],[-103.359345,25.564417]]]}},{"type":"Feature","properties":{},"geometry":{"type":"Polygon","coordinates":[[[-103.359436,25.564369],[-103.359301,25.564158],[-103.35921,25.564206],[-103.359345,25.564417],[-103.359436,25.564369]]]}},{"type":"Feature","properties":{},"geometry":{"type":"Polygon","coordinates":[[[-103.359527,25.564321],[-103.359391,25.56411],[-103.359301,25.564158],[-103.359436,25.564369],[-103.359527,25.564321]]]}},{"type":"Feature","properties":{},"geometry":{"type":"Polygon","coordinates":[[[-103.359617,25.564273],[-103.359482,25.564062],[-103.359391,25.56411],[-103.359527,25.564321],[-103.359617,25.564273]]]}},{"type":"Feature","properties":{},"geometry":{"type":"Polygon","coordinates":[[[-103.359708,25.564225],[-103.359573,25.564014],[-103.359482,25.564062],[-103.359617,25.564273],[-103.359708,25.564225]]]}},{"type":"Feature","properties":{},"geometry":{"type":"Polygon","coordinates":[[[-103.359799,25.564177],[-103.359664,25.563966],[-103.359573,25.564014],[-103.359708,25.564225],[-103.359799,25.564177]]]}},{"type":"Feature","properties":{},"geometry":{"type":"Polygon","coordinates":[[[-103.35989,25.564129],[-103.359754,25.563918],[-103.359664,25.563966],[-103.359799,25.564177],[-103.35989,25.564129]]]}},{"type":"Feature","properties":{},"geometry":{"type":"Polygon","coordinates":[[[-103.35998,25.564081],[-103.359845,25.56387],[-103.359754,25.563918],[-103.35989,25.564129],[-103.35998,25.564081]]]}},{"type":"Feature","properties":{},"geometry":{"type":"Polygon","coordinates":[[[-103.360071,25.564033],[-103.359936,25.563822],[-103.359845,25.56387],[-103.35998,25.564081],[-103.360071,25.564033]]]}},{"type":"Feature","properties":{},"geometry":{"type":"Polygon","coordinates":[[[-103.361082,25.563498],[-103.360947,25.563288],[-103.360856,25.563336],[-103.360991,25.563546],[-103.361082,25.563498]]]}},{"type":"Feature","properties":{},"geometry":{"type":"Polygon","coordinates":[[[-103.361173,25.56345],[-103.361037,25.56324],[-103.360947,25.563288],[-103.361082,25.563498],[-103.361173,25.56345]]]}},{"type":"Feature","properties":{},"geometry":{"type":"Polygon","coordinates":[[[-103.361263,25.563402],[-103.361128,25.563192],[-103.361037,25.56324],[-103.361173,25.56345],[-103.361263,25.563402]]]}},{"type":"Feature","properties":{},"geometry":{"type":"Polygon","coordinates":[[[-103.361354,25.563354],[-103.361219,25.563144],[-103.361128,25.563192],[-103.361263,25.563402],[-103.361354,25.563354]]]}},{"type":"Feature","properties":{},"geometry":{"type":"Polygon","coordinates":[[[-103.361445,25.563306],[-103.36131,25.563096],[-103.361219,25.563144],[-103.361354,25.563354],[-103.361445,25.563306]]]}},{"type":"Feature","properties":{},"geometry":{"type":"Polygon","coordinates":[[[-103.361536,25.563258],[-103.3614,25.563048],[-103.36131,25.563096],[-103.361445,25.563306],[-103.361536,25.563258]]]}},{"type":"Feature","properties":{},"geometry":{"type":"Polygon","coordinates":[[[-103.361626,25.56321],[-103.361491,25.562999],[-103.3614,25.563048],[-103.361536,25.563258],[-103.361626,25.56321]]]}},{"type":"Feature","properties":{},"geometry":{"type":"Polygon","coordinates":[[[-103.361717,25.563162],[-103.361582,25.562951],[-103.361491,25.562999],[-103.361626,25.56321],[-103.361717,25.563162]]]}},{"type":"Feature","properties":{},"geometry":{"type":"Polygon","coordinates":[[[-103.361808,25.563114],[-103.361673,25.562903],[-103.361582,25.562951],[-103.361717,25.563162],[-103.361808,25.563114]]]}},{"type":"Feature","properties":{},"geometry":{"type":"Polygon","coordinates":[[[-103.361899,25.563066],[-103.361763,25.562855],[-103.361673,25.562903],[-103.361808,25.563114],[-103.361899,25.563066]]]}},{"type":"Feature","properties":{},"geometry":{"type":"Polygon","coordinates":[[[-103.361989,25.563018],[-103.361854,25.562807],[-103.361763,25.562855],[-103.361899,25.563066],[-103.361989,25.563018]]]}},{"type":"Feature","properties":{},"geometry":{"type":"Polygon","coordinates":[[[-103.36208,25.56297],[-103.361945,25.562759],[-103.361854,25.562807],[-103.361989,25.563018],[-103.36208,25.56297]]]}},{"type":"Feature","properties":{},"geometry":{"type":"Polygon","coordinates":[[[-103.362274,25.562867],[-103.362139,25.562657],[-103.362048,25.562705],[-103.362183,25.562915],[-103.362274,25.562867]]]}},{"type":"Feature","properties":{},"geometry":{"type":"Polygon","coordinates":[[[-103.362365,25.562819],[-103.362229,25.562609],[-103.362139,25.562657],[-103.362274,25.562867],[-103.362365,25.562819]]]}},{"type":"Feature","properties":{},"geometry":{"type":"Polygon","coordinates":[[[-103.362456,25.562771],[-103.36232,25.562561],[-103.362229,25.562609],[-103.362365,25.562819],[-103.362456,25.562771]]]}},{"type":"Feature","properties":{},"geometry":{"type":"Polygon","coordinates":[[[-103.362546,25.562723],[-103.362411,25.562513],[-103.36232,25.562561],[-103.362456,25.562771],[-103.362546,25.562723]]]}},{"type":"Feature","properties":{},"geometry":{"type":"Polygon","coordinates":[[[-103.362637,25.562675],[-103.362502,25.562465],[-103.362411,25.562513],[-103.362546,25.562723],[-103.362637,25.562675]]]}},{"type":"Feature","properties":{},"geometry":{"type":"Polygon","coordinates":[[[-103.362728,25.562627],[-103.362592,25.562417],[-103.362502,25.562465],[-103.362637,25.562675],[-103.362728,25.562627]]]}},{"type":"Feature","properties":{},"geometry":{"type":"Polygon","coordinates":[[[-103.362819,25.562579],[-103.362683,25.562369],[-103.362592,25.562417],[-103.362728,25.562627],[-103.362819,25.562579]]]}},{"type":"Feature","properties":{},"geometry":{"type":"Polygon","coordinates":[[[-103.362909,25.562531],[-103.362774,25.562321],[-103.362683,25.562369],[-103.362819,25.562579],[-103.362909,25.562531]]]}},{"type":"Feature","properties":{},"geometry":{"type":"Polygon","coordinates":[[[-103.363,25.562483],[-103.362865,25.562273],[-103.362774,25.562321],[-103.362909,25.562531],[-103.363,25.562483]]]}},{"type":"Feature","properties":{},"geometry":{"type":"Polygon","coordinates":[[[-103.363091,25.562435],[-103.362955,25.562225],[-103.362865,25.562273],[-103.363,25.562483],[-103.363091,25.562435]]]}},{"type":"Feature","properties":{},"geometry":{"type":"Polygon","coordinates":[[[-103.363182,25.562387],[-103.363046,25.562177],[-103.362955,25.562225],[-103.363091,25.562435],[-103.363182,25.562387]]]}},{"type":"Feature","properties":{},"geometry":{"type":"Polygon","coordinates":[[[-103.363272,25.562339],[-103.363137,25.562129],[-103.363046,25.562177],[-103.363182,25.562387],[-103.363272,25.562339]]]}},{"type":"Feature","properties":{},"geometry":{"type":"Polygon","coordinates":[[[-103.363363,25.562291],[-103.363228,25.562081],[-103.363137,25.562129],[-103.363272,25.562339],[-103.363363,25.562291]]]}},{"type":"Feature","properties":{},"geometry":{"type":"Polygon","coordinates":[[[-103.363454,25.562243],[-103.363318,25.562033],[-103.363228,25.562081],[-103.363363,25.562291],[-103.363454,25.562243]]]}},{"type":"Feature","properties":{},"geometry":{"type":"Polygon","coordinates":[[[-103.363545,25.562195],[-103.363409,25.561985],[-103.363318,25.562033],[-103.363454,25.562243],[-103.363545,25.562195]]]}},{"type":"Feature","properties":{},"geometry":{"type":"Polygon","coordinates":[[[-103.363635,25.562147],[-103.3635,25.561937],[-103.363409,25.561985],[-103.363545,25.562195],[-103.363635,25.562147]]]}},{"type":"Feature","properties":{},"geometry":{"type":"Polygon","coordinates":[[[-103.363829,25.562045],[-103.363694,25.561834],[-103.363603,25.561882],[-103.363738,25.562093],[-103.363829,25.562045]]]}},{"type":"Feature","properties":{},"geometry":{"type":"Polygon","coordinates":[[[-103.36392,25.561997],[-103.363785,25.561786],[-103.363694,25.561834],[-103.363829,25.562045],[-103.36392,25.561997]]]}},{"type":"Feature","properties":{},"geometry":{"type":"Polygon","coordinates":[[[-103.364011,25.561949],[-103.363875,25.561738],[-103.363785,25.561786],[-103.36392,25.561997],[-103.364011,25.561949]]]}},{"type":"Feature","properties":{},"geometry":{"type":"Polygon","coordinates":[[[-103.364101,25.561901],[-103.363966,25.56169],[-103.363875,25.561738],[-103.364011,25.561949],[-103.364101,25.561901]]]}},{"type":"Feature","properties":{},"geometry":{"type":"Polygon","coordinates":[[[-103.364192,25.561853],[-103.364057,25.561642],[-103.363966,25.56169],[-103.364101,25.561901],[-103.364192,25.561853]]]}},{"type":"Feature","properties":{},"geometry":{"type":"Polygon","coordinates":[[[-103.364283,25.561805],[-103.364148,25.561594],[-103.364057,25.561642],[-103.364192,25.561853],[-103.364283,25.561805]]]}},{"type":"Feature","properties":{},"geometry":{"type":"Polygon","coordinates":[[[-103.364374,25.561757],[-103.364238,25.561546],[-103.364148,25.561594],[-103.364283,25.561805],[-103.364374,25.561757]]]}},{"type":"Feature","properties":{},"geometry":{"type":"Polygon","coordinates":[[[-103.364464,25.561709],[-103.364329,25.561498],[-103.364238,25.561546],[-103.364374,25.561757],[-103.364464,25.561709]]]}},{"type":"Feature","properties":{},"geometry":{"type":"Polygon","coordinates":[[[-103.364555,25.561661],[-103.36442,25.56145],[-103.364329,25.561498],[-103.364464,25.561709],[-103.364555,25.561661]]]}},{"type":"Feature","properties":{},"geometry":{"type":"Polygon","coordinates":[[[-103.364646,25.561613],[-103.364511,25.561402],[-103.36442,25.56145],[-103.364555,25.561661],[-103.364646,25.561613]]]}},{"type":"Feature","properties":{},"geometry":{"type":"Polygon","coordinates":[[[-103.364737,25.561565],[-103.364601,25.561354],[-103.364511,25.561402],[-103.364646,25.561613],[-103.364737,25.561565]]]}},{"type":"Feature","properties":{},"geometry":{"type":"Polygon","coordinates":[[[-103.364827,25.561517],[-103.364692,25.561306],[-103.364601,25.561354],[-103.364737,25.561565],[-103.364827,25.561517]]]}},{"type":"Feature","properties":{},"geometry":{"type":"Polygon","coordinates":[[[-103.364918,25.561469],[-103.364783,25.561258],[-103.364692,25.561306],[-103.364827,25.561517],[-103.364918,25.561469]]]}},{"type":"Feature","properties":{},"geometry":{"type":"Polygon","coordinates":[[[-103.365009,25.561421],[-103.364874,25.56121],[-103.364783,25.561258],[-103.364918,25.561469],[-103.365009,25.561421]]]}},{"type":"Feature","properties":{},"geometry":{"type":"Polygon","coordinates":[[[-103.3651,25.561373],[-103.364964,25.561162],[-103.364874,25.56121],[-103.365009,25.561421],[-103.3651,25.561373]]]}},{"type":"Feature","properties":{},"geometry":{"type":"Polygon","coordinates":[[[-103.36519,25.561325],[-103.365055,25.561114],[-103.364964,25.561162],[-103.3651,25.561373],[-103.36519,25.561325]]]}},{"type":"Feature","properties":{},"geometry":{"type":"Polygon","coordinates":[[[-103.365384,25.561222],[-103.365249,25.561012],[-103.365158,25.56106],[-103.365294,25.56127],[-103.365384,25.561222]]]}},{"type":"Feature","properties":{},"geometry":{"type":"Polygon","coordinates":[[[-103.365475,25.561174],[-103.36534,25.560964],[-103.365249,25.561012],[-103.365384,25.561222],[-103.365475,25.561174]]]}},{"type":"Feature","properties":{},"geometry":{"type":"Polygon","coordinates":[[[-103.365566,25.561126],[-103.36543,25.560916],[-103.36534,25.560964],[-103.365475,25.561174],[-103.365566,25.561126]]]}},{"type":"Feature","properties":{},"geometry":{"type":"Polygon","coordinates":[[[-103.365657,25.561078],[-103.365521,25.560868],[-103.36543,25.560916],[-103.365566,25.561126],[-103.365657,25.561078]]]}},{"type":"Feature","properties":{},"geometry":{"type":"Polygon","coordinates":[[[-103.365747,25.56103],[-103.365612,25.56082],[-103.365521,25.560868],[-103.365657,25.561078],[-103.365747,25.56103]]]}},{"type":"Feature","properties":{},"geometry":{"type":"Polygon","coordinates":[[[-103.365838,25.560982],[-103.365703,25.560772],[-103.365612,25.56082],[-103.365747,25.56103],[-103.365838,25.560982]]]}},{"type":"Feature","properties":{},"geometry":{"type":"Polygon","coordinates":[[[-103.365929,25.560934],[-103.365793,25.560724],[-103.365703,25.560772],[-103.365838,25.560982],[-103.365929,25.560934]]]}},{"type":"Feature","properties":{},"geometry":{"type":"Polygon","coordinates":[[[-103.366019,25.560886],[-103.365884,25.560676],[-103.365793,25.560724],[-103.365929,25.560934],[-103.366019,25.560886]]]}},{"type":"Feature","properties":{},"geometry":{"type":"Polygon","coordinates":[[[-103.36611,25.560838],[-103.365975,25.560628],[-103.365884,25.560676],[-103.366019,25.560886],[-103.36611,25.560838]]]}},{"type":"Feature","properties":{},"geometry":{"type":"Polygon","coordinates":[[[-103.366201,25.56079],[-103.366066,25.56058],[-103.365975,25.560628],[-103.36611,25.560838],[-103.366201,25.56079]]]}},{"type":"Feature","properties":{},"geometry":{"type":"Polygon","coordinates":[[[-103.366292,25.560742],[-103.366156,25.560532],[-103.366066,25.56058],[-103.366201,25.56079],[-103.366292,25.560742]]]}},{"type":"Feature","properties":{},"geometry":{"type":"Polygon","coordinates":[[[-103.366382,25.560694],[-103.366247,25.560484],[-103.366156,25.560532],[-103.366292,25.560742],[-103.366382,25.560694]]]}},{"type":"Feature","properties":{},"geometry":{"type":"Polygon","coordinates":[[[-103.366473,25.560646],[-103.366338,25.560436],[-103.366247,25.560484],[-103.366382,25.560694],[-103.366473,25.560646]]]}},{"type":"Feature","properties":{},"geometry":{"type":"Polygon","coordinates":[[[-103.366564,25.560598],[-103.366429,25.560388],[-103.366338,25.560436],[-103.366473,25.560646],[-103.366564,25.560598]]]}},{"type":"Feature","properties":{},"geometry":{"type":"Polygon","coordinates":[[[-103.366655,25.56055],[-103.366519,25.560339],[-103.366429,25.560388],[-103.366564,25.560598],[-103.366655,25.56055]]]}},{"type":"Feature","properties":{},"geometry":{"type":"Polygon","coordinates":[[[-103.366745,25.560502],[-103.36661,25.560291],[-103.366519,25.560339],[-103.366655,25.56055],[-103.366745,25.560502]]]}},{"type":"Feature","properties":{},"geometry":{"type":"Polygon","coordinates":[[[-103.366939,25.560399],[-103.366804,25.560189],[-103.366713,25.560237],[-103.366849,25.560447],[-103.366939,25.560399]]]}},{"type":"Feature","properties":{},"geometry":{"type":"Polygon","coordinates":[[[-103.36703,25.560351],[-103.366895,25.560141],[-103.366804,25.560189],[-103.366939,25.560399],[-103.36703,25.560351]]]}},{"type":"Feature","properties":{},"geometry":{"type":"Polygon","coordinates":[[[-103.367121,25.560303],[-103.366985,25.560093],[-103.366895,25.560141],[-103.36703,25.560351],[-103.367121,25.560303]]]}},{"type":"Feature","properties":{},"geometry":{"type":"Polygon","coordinates":[[[-103.367212,25.560255],[-103.367076,25.560045],[-103.366985,25.560093],[-103.367121,25.560303],[-103.367212,25.560255]]]}},{"type":"Feature","properties":{},"geometry":{"type":"Polygon","coordinates":[[[-103.367302,25.560207],[-103.367167,25.559997],[-103.367076,25.560045],[-103.367212,25.560255],[-103.367302,25.560207]]]}},{"type":"Feature","properties":{},"geometry":{"type":"Polygon","coordinates":[[[-103.367393,25.560159],[-103.367258,25.559949],[-103.367167,25.559997],[-103.367302,25.560207],[-103.367393,25.560159]]]}},{"type":"Feature","properties":{},"geometry":{"type":"Polygon","coordinates":[[[-103.367484,25.560111],[-103.367348,25.559901],[-103.367258,25.559949],[-103.367393,25.560159],[-103.367484,25.560111]]]}},{"type":"Feature","properties":{},"geometry":{"type":"Polygon","coordinates":[[[-103.367575,25.560063],[-103.367439,25.559853],[-103.367348,25.559901],[-103.367484,25.560111],[-103.367575,25.560063]]]}},{"type":"Feature","properties":{},"geometry":{"type":"Polygon","coordinates":[[[-103.367665,25.560015],[-103.36753,25.559805],[-103.367439,25.559853],[-103.367575,25.560063],[-103.367665,25.560015]]]}},{"type":"Feature","properties":{},"geometry":{"type":"Polygon","coordinates":[[[-103.367756,25.559967],[-103.367621,25.559757],[-103.36753,25.559805],[-103.367665,25.560015],[-103.367756,25.559967]]]}},{"type":"Feature","properties":{},"geometry":{"type":"Polygon","coordinates":[[[-103.367847,25.559919],[-103.367711,25.559709],[-103.367621,25.559757],[-103.367756,25.559967],[-103.367847,25.559919]]]}},{"type":"Feature","properties":{},"geometry":{"type":"Polygon","coordinates":[[[-103.367938,25.559871],[-103.367802,25.559661],[-103.367711,25.559709],[-103.367847,25.559919],[-103.367938,25.559871]]]}},{"type":"Feature","properties":{},"geometry":{"type":"Polygon","coordinates":[[[-103.368028,25.559823],[-103.367893,25.559613],[-103.367802,25.559661],[-103.367938,25.559871],[-103.368028,25.559823]]]}},{"type":"Feature","properties":{},"geometry":{"type":"Polygon","coordinates":[[[-103.368119,25.559775],[-103.367984,25.559565],[-103.367893,25.559613],[-103.368028,25.559823],[-103.368119,25.559775]]]}},{"type":"Feature","properties":{},"geometry":{"type":"Polygon","coordinates":[[[-103.36821,25.559727],[-103.368074,25.559517],[-103.367984,25.559565],[-103.368119,25.559775],[-103.36821,25.559727]]]}},{"type":"Feature","properties":{},"geometry":{"type":"Polygon","coordinates":[[[-103.368301,25.559679],[-103.368165,25.559469],[-103.368074,25.559517],[-103.36821,25.559727],[-103.368301,25.559679]]]}},{"type":"Feature","properties":{},"geometry":{"type":"Polygon","coordinates":[[[-103.368494,25.559577],[-103.368359,25.559366],[-103.368268,25.559414],[-103.368404,25.559625],[-103.368494,25.559577]]]}},{"type":"Feature","properties":{},"geometry":{"type":"Polygon","coordinates":[[[-103.368585,25.559529],[-103.36845,25.559318],[-103.368359,25.559366],[-103.368494,25.559577],[-103.368585,25.559529]]]}},{"type":"Feature","properties":{},"geometry":{"type":"Polygon","coordinates":[[[-103.368676,25.559481],[-103.368541,25.55927],[-103.36845,25.559318],[-103.368585,25.559529],[-103.368676,25.559481]]]}},{"type":"Feature","properties":{},"geometry":{"type":"Polygon","coordinates":[[[-103.368767,25.559433],[-103.368631,25.559222],[-103.368541,25.55927],[-103.368676,25.559481],[-103.368767,25.559433]]]}},{"type":"Feature","properties":{},"geometry":{"type":"Polygon","coordinates":[[[-103.358076,25.565495],[-103.357941,25.565285],[-103.35785,25.565333],[-103.357986,25.565543],[-103.358076,25.565495]]]}},{"type":"Feature","properties":{},"geometry":{"type":"Polygon","coordinates":[[[-103.358167,25.565447],[-103.358032,25.565237],[-103.357941,25.565285],[-103.358076,25.565495],[-103.358167,25.565447]]]}},{"type":"Feature","properties":{},"geometry":{"type":"Polygon","coordinates":[[[-103.358258,25.565399],[-103.358122,25.565189],[-103.358032,25.565237],[-103.358167,25.565447],[-103.358258,25.565399]]]}},{"type":"Feature","properties":{},"geometry":{"type":"Polygon","coordinates":[[[-103.358349,25.565351],[-103.358213,25.565141],[-103.358122,25.565189],[-103.358258,25.565399],[-103.358349,25.565351]]]}},{"type":"Feature","properties":{},"geometry":{"type":"Polygon","coordinates":[[[-103.358439,25.565303],[-103.358304,25.565093],[-103.358213,25.565141],[-103.358349,25.565351],[-103.358439,25.565303]]]}},{"type":"Feature","properties":{},"geometry":{"type":"Polygon","coordinates":[[[-103.35853,25.565255],[-103.358395,25.565045],[-103.358304,25.565093],[-103.358439,25.565303],[-103.35853,25.565255]]]}},{"type":"Feature","properties":{},"geometry":{"type":"Polygon","coordinates":[[[-103.358621,25.565207],[-103.358485,25.564997],[-103.358395,25.565045],[-103.35853,25.565255],[-103.358621,25.565207]]]}},{"type":"Feature","properties":{},"geometry":{"type":"Polygon","coordinates":[[[-103.358712,25.565159],[-103.358576,25.564949],[-103.358485,25.564997],[-103.358621,25.565207],[-103.358712,25.565159]]]}},{"type":"Feature","properties":{},"geometry":{"type":"Polygon","coordinates":[[[-103.358802,25.565111],[-103.358667,25.564901],[-103.358576,25.564949],[-103.358712,25.565159],[-103.358802,25.565111]]]}},{"type":"Feature","properties":{},"geometry":{"type":"Polygon","coordinates":[[[-103.358893,25.565063],[-103.358758,25.564853],[-103.358667,25.564901],[-103.358802,25.565111],[-103.358893,25.565063]]]}},{"type":"Feature","properties":{},"geometry":{"type":"Polygon","coordinates":[[[-103.358984,25.565015],[-103.358848,25.564805],[-103.358758,25.564853],[-103.358893,25.565063],[-103.358984,25.565015]]]}},{"type":"Feature","properties":{},"geometry":{"type":"Polygon","coordinates":[[[-103.359075,25.564967],[-103.358939,25.564757],[-103.358848,25.564805],[-103.358984,25.565015],[-103.359075,25.564967]]]}},{"type":"Feature","properties":{},"geometry":{"type":"Polygon","coordinates":[[[-103.359165,25.564919],[-103.35903,25.564709],[-103.358939,25.564757],[-103.359075,25.564967],[-103.359165,25.564919]]]}},{"type":"Feature","properties":{},"geometry":{"type":"Polygon","coordinates":[[[-103.359359,25.564817],[-103.359224,25.564606],[-103.359133,25.564654],[-103.359269,25.564865],[-103.359359,25.564817]]]}},{"type":"Feature","properties":{},"geometry":{"type":"Polygon","coordinates":[[[-103.35945,25.564769],[-103.359315,25.564558],[-103.359224,25.564606],[-103.359359,25.564817],[-103.35945,25.564769]]]}},{"type":"Feature","properties":{},"geometry":{"type":"Polygon","coordinates":[[[-103.359541,25.564721],[-103.359405,25.56451],[-103.359315,25.564558],[-103.35945,25.564769],[-103.359541,25.564721]]]}},{"type":"Feature","properties":{},"geometry":{"type":"Polygon","coordinates":[[[-103.359632,25.564673],[-103.359496,25.564462],[-103.359405,25.56451],[-103.359541,25.564721],[-103.359632,25.564673]]]}},{"type":"Feature","properties":{},"geometry":{"type":"Polygon","coordinates":[[[-103.359722,25.564625],[-103.359587,25.564414],[-103.359496,25.564462],[-103.359632,25.564673],[-103.359722,25.564625]]]}},{"type":"Feature","properties":{},"geometry":{"type":"Polygon","coordinates":[[[-103.359813,25.564577],[-103.359678,25.564366],[-103.359587,25.564414],[-103.359722,25.564625],[-103.359813,25.564577]]]}},{"type":"Feature","properties":{},"geometry":{"type":"Polygon","coordinates":[[[-103.359904,25.564529],[-103.359768,25.564318],[-103.359678,25.564366],[-103.359813,25.564577],[-103.359904,25.564529]]]}},{"type":"Feature","properties":{},"geometry":{"type":"Polygon","coordinates":[[[-103.359995,25.564481],[-103.359859,25.56427],[-103.359768,25.564318],[-103.359904,25.564529],[-103.359995,25.564481]]]}},{"type":"Feature","properties":{},"geometry":{"type":"Polygon","coordinates":[[[-103.360085,25.564433],[-103.35995,25.564222],[-103.359859,25.56427],[-103.359995,25.564481],[-103.360085,25.564433]]]}},{"type":"Feature","properties":{},"geometry":{"type":"Polygon","coordinates":[[[-103.360176,25.564385],[-103.360041,25.564174],[-103.35995,25.564222],[-103.360085,25.564433],[-103.360176,25.564385]]]}},{"type":"Feature","properties":{},"geometry":{"type":"Polygon","coordinates":[[[-103.360267,25.564337],[-103.360131,25.564126],[-103.360041,25.564174],[-103.360176,25.564385],[-103.360267,25.564337]]]}},{"type":"Feature","properties":{},"geometry":{"type":"Polygon","coordinates":[[[-103.361277,25.563802],[-103.361142,25.563592],[-103.361051,25.56364],[-103.361187,25.56385],[-103.361277,25.563802]]]}},{"type":"Feature","properties":{},"geometry":{"type":"Polygon","coordinates":[[[-103.361368,25.563754],[-103.361233,25.563544],[-103.361142,25.563592],[-103.361277,25.563802],[-103.361368,25.563754]]]}},{"type":"Feature","properties":{},"geometry":{"type":"Polygon","coordinates":[[[-103.361459,25.563706],[-103.361324,25.563496],[-103.361233,25.563544],[-103.361368,25.563754],[-103.361459,25.563706]]]}},{"type":"Feature","properties":{},"geometry":{"type":"Polygon","coordinates":[[[-103.36155,25.563658],[-103.361414,25.563448],[-103.361324,25.563496],[-103.361459,25.563706],[-103.36155,25.563658]]]}},{"type":"Feature","properties":{},"geometry":{"type":"Polygon","coordinates":[[[-103.36164,25.56361],[-103.361505,25.5634],[-103.361414,25.563448],[-103.36155,25.563658],[-103.36164,25.56361]]]}},{"type":"Feature","properties":{},"geometry":{"type":"Polygon","coordinates":[[[-103.361731,25.563562],[-103.361596,25.563352],[-103.361505,25.5634],[-103.36164,25.56361],[-103.361731,25.563562]]]}},{"type":"Feature","properties":{},"geometry":{"type":"Polygon","coordinates":[[[-103.361822,25.563514],[-103.361687,25.563304],[-103.361596,25.563352],[-103.361731,25.563562],[-103.361822,25.563514]]]}},{"type":"Feature","properties":{},"geometry":{"type":"Polygon","coordinates":[[[-103.361913,25.563466],[-103.361777,25.563256],[-103.361687,25.563304],[-103.361822,25.563514],[-103.361913,25.563466]]]}},{"type":"Feature","properties":{},"geometry":{"type":"Polygon","coordinates":[[[-103.362003,25.563418],[-103.361868,25.563208],[-103.361777,25.563256],[-103.361913,25.563466],[-103.362003,25.563418]]]}},{"type":"Feature","properties":{},"geometry":{"type":"Polygon","coordinates":[[[-103.362094,25.56337],[-103.361959,25.56316],[-103.361868,25.563208],[-103.362003,25.563418],[-103.362094,25.56337]]]}},{"type":"Feature","properties":{},"geometry":{"type":"Polygon","coordinates":[[[-103.362185,25.563322],[-103.36205,25.563112],[-103.361959,25.56316],[-103.362094,25.56337],[-103.362185,25.563322]]]}},{"type":"Feature","properties":{},"geometry":{"type":"Polygon","coordinates":[[[-103.362276,25.563274],[-103.36214,25.563064],[-103.36205,25.563112],[-103.362185,25.563322],[-103.362276,25.563274]]]}},{"type":"Feature","properties":{},"geometry":{"type":"Polygon","coordinates":[[[-103.36247,25.563172],[-103.362334,25.562961],[-103.362243,25.563009],[-103.362379,25.56322],[-103.36247,25.563172]]]}},{"type":"Feature","properties":{},"geometry":{"type":"Polygon","coordinates":[[[-103.36256,25.563124],[-103.362425,25.562913],[-103.362334,25.562961],[-103.36247,25.563172],[-103.36256,25.563124]]]}},{"type":"Feature","properties":{},"geometry":{"type":"Polygon","coordinates":[[[-103.362651,25.563076],[-103.362516,25.562865],[-103.362425,25.562913],[-103.36256,25.563124],[-103.362651,25.563076]]]}},{"type":"Feature","properties":{},"geometry":{"type":"Polygon","coordinates":[[[-103.362742,25.563028],[-103.362606,25.562817],[-103.362516,25.562865],[-103.362651,25.563076],[-103.362742,25.563028]]]}},{"type":"Feature","properties":{},"geometry":{"type":"Polygon","coordinates":[[[-103.362833,25.56298],[-103.362697,25.562769],[-103.362606,25.562817],[-103.362742,25.563028],[-103.362833,25.56298]]]}},{"type":"Feature","properties":{},"geometry":{"type":"Polygon","coordinates":[[[-103.362923,25.562932],[-103.362788,25.562721],[-103.362697,25.562769],[-103.362833,25.56298],[-103.362923,25.562932]]]}},{"type":"Feature","properties":{},"geometry":{"type":"Polygon","coordinates":[[[-103.363014,25.562884],[-103.362879,25.562673],[-103.362788,25.562721],[-103.362923,25.562932],[-103.363014,25.562884]]]}},{"type":"Feature","properties":{},"geometry":{"type":"Polygon","coordinates":[[[-103.363105,25.562836],[-103.362969,25.562625],[-103.362879,25.562673],[-103.363014,25.562884],[-103.363105,25.562836]]]}},{"type":"Feature","properties":{},"geometry":{"type":"Polygon","coordinates":[[[-103.363196,25.562788],[-103.36306,25.562577],[-103.362969,25.562625],[-103.363105,25.562836],[-103.363196,25.562788]]]}},{"type":"Feature","properties":{},"geometry":{"type":"Polygon","coordinates":[[[-103.363286,25.56274],[-103.363151,25.562529],[-103.36306,25.562577],[-103.363196,25.562788],[-103.363286,25.56274]]]}},{"type":"Feature","properties":{},"geometry":{"type":"Polygon","coordinates":[[[-103.363377,25.562692],[-103.363242,25.562481],[-103.363151,25.562529],[-103.363286,25.56274],[-103.363377,25.562692]]]}},{"type":"Feature","properties":{},"geometry":{"type":"Polygon","coordinates":[[[-103.363468,25.562644],[-103.363332,25.562433],[-103.363242,25.562481],[-103.363377,25.562692],[-103.363468,25.562644]]]}},{"type":"Feature","properties":{},"geometry":{"type":"Polygon","coordinates":[[[-103.363559,25.562596],[-103.363423,25.562385],[-103.363332,25.562433],[-103.363468,25.562644],[-103.363559,25.562596]]]}},{"type":"Feature","properties":{},"geometry":{"type":"Polygon","coordinates":[[[-103.363649,25.562548],[-103.363514,25.562337],[-103.363423,25.562385],[-103.363559,25.562596],[-103.363649,25.562548]]]}},{"type":"Feature","properties":{},"geometry":{"type":"Polygon","coordinates":[[[-103.36374,25.5625],[-103.363605,25.562289],[-103.363514,25.562337],[-103.363649,25.562548],[-103.36374,25.5625]]]}},{"type":"Feature","properties":{},"geometry":{"type":"Polygon","coordinates":[[[-103.363831,25.562452],[-103.363695,25.562241],[-103.363605,25.562289],[-103.36374,25.5625],[-103.363831,25.562452]]]}},{"type":"Feature","properties":{},"geometry":{"type":"Polygon","coordinates":[[[-103.364025,25.562349],[-103.363889,25.562138],[-103.363799,25.562186],[-103.363934,25.562397],[-103.364025,25.562349]]]}},{"type":"Feature","properties":{},"geometry":{"type":"Polygon","coordinates":[[[-103.364115,25.562301],[-103.36398,25.56209],[-103.363889,25.562138],[-103.364025,25.562349],[-103.364115,25.562301]]]}},{"type":"Feature","properties":{},"geometry":{"type":"Polygon","coordinates":[[[-103.364206,25.562253],[-103.364071,25.562042],[-103.36398,25.56209],[-103.364115,25.562301],[-103.364206,25.562253]]]}},{"type":"Feature","properties":{},"geometry":{"type":"Polygon","coordinates":[[[-103.364297,25.562205],[-103.364162,25.561994],[-103.364071,25.562042],[-103.364206,25.562253],[-103.364297,25.562205]]]}},{"type":"Feature","properties":{},"geometry":{"type":"Polygon","coordinates":[[[-103.364388,25.562157],[-103.364252,25.561946],[-103.364162,25.561994],[-103.364297,25.562205],[-103.364388,25.562157]]]}},{"type":"Feature","properties":{},"geometry":{"type":"Polygon","coordinates":[[[-103.364478,25.562109],[-103.364343,25.561898],[-103.364252,25.561946],[-103.364388,25.562157],[-103.364478,25.562109]]]}},{"type":"Feature","properties":{},"geometry":{"type":"Polygon","coordinates":[[[-103.364569,25.562061],[-103.364434,25.56185],[-103.364343,25.561898],[-103.364478,25.562109],[-103.364569,25.562061]]]}},{"type":"Feature","properties":{},"geometry":{"type":"Polygon","coordinates":[[[-103.36466,25.562013],[-103.364525,25.561802],[-103.364434,25.56185],[-103.364569,25.562061],[-103.36466,25.562013]]]}},{"type":"Feature","properties":{},"geometry":{"type":"Polygon","coordinates":[[[-103.364751,25.561965],[-103.364615,25.561754],[-103.364525,25.561802],[-103.36466,25.562013],[-103.364751,25.561965]]]}},{"type":"Feature","properties":{},"geometry":{"type":"Polygon","coordinates":[[[-103.364841,25.561917],[-103.364706,25.561706],[-103.364615,25.561754],[-103.364751,25.561965],[-103.364841,25.561917]]]}},{"type":"Feature","properties":{},"geometry":{"type":"Polygon","coordinates":[[[-103.364932,25.561869],[-103.364797,25.561658],[-103.364706,25.561706],[-103.364841,25.561917],[-103.364932,25.561869]]]}},{"type":"Feature","properties":{},"geometry":{"type":"Polygon","coordinates":[[[-103.365023,25.561821],[-103.364888,25.56161],[-103.364797,25.561658],[-103.364932,25.561869],[-103.365023,25.561821]]]}},{"type":"Feature","properties":{},"geometry":{"type":"Polygon","coordinates":[[[-103.365114,25.561773],[-103.364978,25.561562],[-103.364888,25.56161],[-103.365023,25.561821],[-103.365114,25.561773]]]}},{"type":"Feature","properties":{},"geometry":{"type":"Polygon","coordinates":[[[-103.365204,25.561725],[-103.365069,25.561514],[-103.364978,25.561562],[-103.365114,25.561773],[-103.365204,25.561725]]]}},{"type":"Feature","properties":{},"geometry":{"type":"Polygon","coordinates":[[[-103.365295,25.561677],[-103.36516,25.561466],[-103.365069,25.561514],[-103.365204,25.561725],[-103.365295,25.561677]]]}},{"type":"Feature","properties":{},"geometry":{"type":"Polygon","coordinates":[[[-103.365386,25.561629],[-103.365251,25.561418],[-103.36516,25.561466],[-103.365295,25.561677],[-103.365386,25.561629]]]}},{"type":"Feature","properties":{},"geometry":{"type":"Polygon","coordinates":[[[-103.36558,25.561526],[-103.365444,25.561316],[-103.365354,25.561364],[-103.365489,25.561574],[-103.36558,25.561526]]]}},{"type":"Feature","properties":{},"geometry":{"type":"Polygon","coordinates":[[[-103.365671,25.561478],[-103.365535,25.561268],[-103.365444,25.561316],[-103.36558,25.561526],[-103.365671,25.561478]]]}},{"type":"Feature","properties":{},"geometry":{"type":"Polygon","coordinates":[[[-103.365761,25.56143],[-103.365626,25.56122],[-103.365535,25.561268],[-103.365671,25.561478],[-103.365761,25.56143]]]}},{"type":"Feature","properties":{},"geometry":{"type":"Polygon","coordinates":[[[-103.365852,25.561382],[-103.365717,25.561172],[-103.365626,25.56122],[-103.365761,25.56143],[-103.365852,25.561382]]]}},{"type":"Feature","properties":{},"geometry":{"type":"Polygon","coordinates":[[[-103.365943,25.561334],[-103.365807,25.561124],[-103.365717,25.561172],[-103.365852,25.561382],[-103.365943,25.561334]]]}},{"type":"Feature","properties":{},"geometry":{"type":"Polygon","coordinates":[[[-103.366034,25.561286],[-103.365898,25.561076],[-103.365807,25.561124],[-103.365943,25.561334],[-103.366034,25.561286]]]}},{"type":"Feature","properties":{},"geometry":{"type":"Polygon","coordinates":[[[-103.366124,25.561238],[-103.365989,25.561028],[-103.365898,25.561076],[-103.366034,25.561286],[-103.366124,25.561238]]]}},{"type":"Feature","properties":{},"geometry":{"type":"Polygon","coordinates":[[[-103.366215,25.56119],[-103.36608,25.56098],[-103.365989,25.561028],[-103.366124,25.561238],[-103.366215,25.56119]]]}},{"type":"Feature","properties":{},"geometry":{"type":"Polygon","coordinates":[[[-103.366306,25.561142],[-103.36617,25.560932],[-103.36608,25.56098],[-103.366215,25.56119],[-103.366306,25.561142]]]}},{"type":"Feature","properties":{},"geometry":{"type":"Polygon","coordinates":[[[-103.366397,25.561094],[-103.366261,25.560884],[-103.36617,25.560932],[-103.366306,25.561142],[-103.366397,25.561094]]]}},{"type":"Feature","properties":{},"geometry":{"type":"Polygon","coordinates":[[[-103.366487,25.561046],[-103.366352,25.560836],[-103.366261,25.560884],[-103.366397,25.561094],[-103.366487,25.561046]]]}},{"type":"Feature","properties":{},"geometry":{"type":"Polygon","coordinates":[[[-103.366578,25.560998],[-103.366443,25.560788],[-103.366352,25.560836],[-103.366487,25.561046],[-103.366578,25.560998]]]}},{"type":"Feature","properties":{},"geometry":{"type":"Polygon","coordinates":[[[-103.366669,25.56095],[-103.366533,25.56074],[-103.366443,25.560788],[-103.366578,25.560998],[-103.366669,25.56095]]]}},{"type":"Feature","properties":{},"geometry":{"type":"Polygon","coordinates":[[[-103.36676,25.560902],[-103.366624,25.560692],[-103.366533,25.56074],[-103.366669,25.56095],[-103.36676,25.560902]]]}},{"type":"Feature","properties":{},"geometry":{"type":"Polygon","coordinates":[[[-103.36685,25.560854],[-103.366715,25.560644],[-103.366624,25.560692],[-103.36676,25.560902],[-103.36685,25.560854]]]}},{"type":"Feature","properties":{},"geometry":{"type":"Polygon","coordinates":[[[-103.366941,25.560806],[-103.366806,25.560596],[-103.366715,25.560644],[-103.36685,25.560854],[-103.366941,25.560806]]]}},{"type":"Feature","properties":{},"geometry":{"type":"Polygon","coordinates":[[[-103.367135,25.560704],[-103.367,25.560493],[-103.366909,25.560541],[-103.367044,25.560752],[-103.367135,25.560704]]]}},{"type":"Feature","properties":{},"geometry":{"type":"Polygon","coordinates":[[[-103.367226,25.560656],[-103.36709,25.560445],[-103.367,25.560493],[-103.367135,25.560704],[-103.367226,25.560656]]]}},{"type":"Feature","properties":{},"geometry":{"type":"Polygon","coordinates":[[[-103.367316,25.560608],[-103.367181,25.560397],[-103.36709,25.560445],[-103.367226,25.560656],[-103.367316,25.560608]]]}},{"type":"Feature","properties":{},"geometry":{"type":"Polygon","coordinates":[[[-103.367407,25.56056],[-103.367272,25.560349],[-103.367181,25.560397],[-103.367316,25.560608],[-103.367407,25.56056]]]}},{"type":"Feature","properties":{},"geometry":{"type":"Polygon","coordinates":[[[-103.367498,25.560512],[-103.367363,25.560301],[-103.367272,25.560349],[-103.367407,25.56056],[-103.367498,25.560512]]]}},{"type":"Feature","properties":{},"geometry":{"type":"Polygon","coordinates":[[[-103.367589,25.560464],[-103.367453,25.560253],[-103.367363,25.560301],[-103.367498,25.560512],[-103.367589,25.560464]]]}},{"type":"Feature","properties":{},"geometry":{"type":"Polygon","coordinates":[[[-103.367679,25.560416],[-103.367544,25.560205],[-103.367453,25.560253],[-103.367589,25.560464],[-103.367679,25.560416]]]}},{"type":"Feature","properties":{},"geometry":{"type":"Polygon","coordinates":[[[-103.36777,25.560368],[-103.367635,25.560157],[-103.367544,25.560205],[-103.367679,25.560416],[-103.36777,25.560368]]]}},{"type":"Feature","properties":{},"geometry":{"type":"Polygon","coordinates":[[[-103.367861,25.56032],[-103.367725,25.560109],[-103.367635,25.560157],[-103.36777,25.560368],[-103.367861,25.56032]]]}},{"type":"Feature","properties":{},"geometry":{"type":"Polygon","coordinates":[[[-103.367952,25.560272],[-103.367816,25.560061],[-103.367725,25.560109],[-103.367861,25.56032],[-103.367952,25.560272]]]}},{"type":"Feature","properties":{},"geometry":{"type":"Polygon","coordinates":[[[-103.368042,25.560223],[-103.367907,25.560013],[-103.367816,25.560061],[-103.367952,25.560272],[-103.368042,25.560223]]]}},{"type":"Feature","properties":{},"geometry":{"type":"Polygon","coordinates":[[[-103.368133,25.560175],[-103.367998,25.559965],[-103.367907,25.560013],[-103.368042,25.560223],[-103.368133,25.560175]]]}},{"type":"Feature","properties":{},"geometry":{"type":"Polygon","coordinates":[[[-103.368224,25.560127],[-103.368088,25.559917],[-103.367998,25.559965],[-103.368133,25.560175],[-103.368224,25.560127]]]}},{"type":"Feature","properties":{},"geometry":{"type":"Polygon","coordinates":[[[-103.368315,25.560079],[-103.368179,25.559869],[-103.368088,25.559917],[-103.368224,25.560127],[-103.368315,25.560079]]]}},{"type":"Feature","properties":{},"geometry":{"type":"Polygon","coordinates":[[[-103.368405,25.560031],[-103.36827,25.559821],[-103.368179,25.559869],[-103.368315,25.560079],[-103.368405,25.560031]]]}},{"type":"Feature","properties":{},"geometry":{"type":"Polygon","coordinates":[[[-103.368496,25.559983],[-103.368361,25.559773],[-103.36827,25.559821],[-103.368405,25.560031],[-103.368496,25.559983]]]}},{"type":"Feature","properties":{},"geometry":{"type":"Polygon","coordinates":[[[-103.36869,25.559881],[-103.368555,25.55967],[-103.368464,25.559718],[-103.368599,25.559929],[-103.36869,25.559881]]]}},{"type":"Feature","properties":{},"geometry":{"type":"Polygon","coordinates":[[[-103.368781,25.559833],[-103.368645,25.559622],[-103.368555,25.55967],[-103.36869,25.559881],[-103.368781,25.559833]]]}},{"type":"Feature","properties":{},"geometry":{"type":"Polygon","coordinates":[[[-103.368871,25.559785],[-103.368736,25.559574],[-103.368645,25.559622],[-103.368781,25.559833],[-103.368871,25.559785]]]}},{"type":"Feature","properties":{},"geometry":{"type":"Polygon","coordinates":[[[-103.358121,25.565754],[-103.357986,25.565543],[-103.357895,25.565591],[-103.35803,25.565802],[-103.358121,25.565754]]]}},{"type":"Feature","properties":{},"geometry":{"type":"Polygon","coordinates":[[[-103.358212,25.565706],[-103.358076,25.565495],[-103.357986,25.565543],[-103.358121,25.565754],[-103.358212,25.565706]]]}},{"type":"Feature","properties":{},"geometry":{"type":"Polygon","coordinates":[[[-103.358302,25.565658],[-103.358167,25.565447],[-103.358076,25.565495],[-103.358212,25.565706],[-103.358302,25.565658]]]}},{"type":"Feature","properties":{},"geometry":{"type":"Polygon","coordinates":[[[-103.358393,25.56561],[-103.358258,25.565399],[-103.358167,25.565447],[-103.358302,25.565658],[-103.358393,25.56561]]]}},{"type":"Feature","properties":{},"geometry":{"type":"Polygon","coordinates":[[[-103.358484,25.565562],[-103.358349,25.565351],[-103.358258,25.565399],[-103.358393,25.56561],[-103.358484,25.565562]]]}},{"type":"Feature","properties":{},"geometry":{"type":"Polygon","coordinates":[[[-103.358575,25.565514],[-103.358439,25.565303],[-103.358349,25.565351],[-103.358484,25.565562],[-103.358575,25.565514]]]}},{"type":"Feature","properties":{},"geometry":{"type":"Polygon","coordinates":[[[-103.358665,25.565466],[-103.35853,25.565255],[-103.358439,25.565303],[-103.358575,25.565514],[-103.358665,25.565466]]]}},{"type":"Feature","properties":{},"geometry":{"type":"Polygon","coordinates":[[[-103.358756,25.565418],[-103.358621,25.565207],[-103.35853,25.565255],[-103.358665,25.565466],[-103.358756,25.565418]]]}},{"type":"Feature","properties":{},"geometry":{"type":"Polygon","coordinates":[[[-103.358847,25.56537],[-103.358712,25.565159],[-103.358621,25.565207],[-103.358756,25.565418],[-103.358847,25.56537]]]}},{"type":"Feature","properties":{},"geometry":{"type":"Polygon","coordinates":[[[-103.358938,25.565322],[-103.358802,25.565111],[-103.358712,25.565159],[-103.358847,25.56537],[-103.358938,25.565322]]]}},{"type":"Feature","properties":{},"geometry":{"type":"Polygon","coordinates":[[[-103.359028,25.565274],[-103.358893,25.565063],[-103.358802,25.565111],[-103.358938,25.565322],[-103.359028,25.565274]]]}},{"type":"Feature","properties":{},"geometry":{"type":"Polygon","coordinates":[[[-103.359119,25.565226],[-103.358984,25.565015],[-103.358893,25.565063],[-103.359028,25.565274],[-103.359119,25.565226]]]}},{"type":"Feature","properties":{},"geometry":{"type":"Polygon","coordinates":[[[-103.35921,25.565178],[-103.359075,25.564967],[-103.358984,25.565015],[-103.359119,25.565226],[-103.35921,25.565178]]]}},{"type":"Feature","properties":{},"geometry":{"type":"Polygon","coordinates":[[[-103.359301,25.56513],[-103.359165,25.564919],[-103.359075,25.564967],[-103.35921,25.565178],[-103.359301,25.56513]]]}},{"type":"Feature","properties":{},"geometry":{"type":"Polygon","coordinates":[[[-103.359495,25.565027],[-103.359359,25.564817],[-103.359269,25.564865],[-103.359404,25.565075],[-103.359495,25.565027]]]}},{"type":"Feature","properties":{},"geometry":{"type":"Polygon","coordinates":[[[-103.359585,25.564979],[-103.35945,25.564769],[-103.359359,25.564817],[-103.359495,25.565027],[-103.359585,25.564979]]]}},{"type":"Feature","properties":{},"geometry":{"type":"Polygon","coordinates":[[[-103.359676,25.564931],[-103.359541,25.564721],[-103.35945,25.564769],[-103.359585,25.564979],[-103.359676,25.564931]]]}},{"type":"Feature","properties":{},"geometry":{"type":"Polygon","coordinates":[[[-103.359767,25.564883],[-103.359632,25.564673],[-103.359541,25.564721],[-103.359676,25.564931],[-103.359767,25.564883]]]}},{"type":"Feature","properties":{},"geometry":{"type":"Polygon","coordinates":[[[-103.359858,25.564835],[-103.359722,25.564625],[-103.359632,25.564673],[-103.359767,25.564883],[-103.359858,25.564835]]]}},{"type":"Feature","properties":{},"geometry":{"type":"Polygon","coordinates":[[[-103.359948,25.564787],[-103.359813,25.564577],[-103.359722,25.564625],[-103.359858,25.564835],[-103.359948,25.564787]]]}},{"type":"Feature","properties":{},"geometry":{"type":"Polygon","coordinates":[[[-103.360039,25.564739],[-103.359904,25.564529],[-103.359813,25.564577],[-103.359948,25.564787],[-103.360039,25.564739]]]}},{"type":"Feature","properties":{},"geometry":{"type":"Polygon","coordinates":[[[-103.36013,25.564691],[-103.359995,25.564481],[-103.359904,25.564529],[-103.360039,25.564739],[-103.36013,25.564691]]]}},{"type":"Feature","properties":{},"geometry":{"type":"Polygon","coordinates":[[[-103.360221,25.564643],[-103.360085,25.564433],[-103.359995,25.564481],[-103.36013,25.564691],[-103.360221,25.564643]]]}},{"type":"Feature","properties":{},"geometry":{"type":"Polygon","coordinates":[[[-103.360311,25.564595],[-103.360176,25.564385],[-103.360085,25.564433],[-103.360221,25.564643],[-103.360311,25.564595]]]}},{"type":"Feature","properties":{},"geometry":{"type":"Polygon","coordinates":[[[-103.360402,25.564547],[-103.360267,25.564337],[-103.360176,25.564385],[-103.360311,25.564595],[-103.360402,25.564547]]]}},{"type":"Feature","properties":{},"geometry":{"type":"Polygon","coordinates":[[[-103.360493,25.564499],[-103.360358,25.564289],[-103.360267,25.564337],[-103.360402,25.564547],[-103.360493,25.564499]]]}},{"type":"Feature","properties":{},"geometry":{"type":"Polygon","coordinates":[[[-103.360584,25.564451],[-103.360448,25.564241],[-103.360358,25.564289],[-103.360493,25.564499],[-103.360584,25.564451]]]}},{"type":"Feature","properties":{},"geometry":{"type":"Polygon","coordinates":[[[-103.360674,25.564403],[-103.360539,25.564193],[-103.360448,25.564241],[-103.360584,25.564451],[-103.360674,25.564403]]]}},{"type":"Feature","properties":{},"geometry":{"type":"Polygon","coordinates":[[[-103.360765,25.564355],[-103.36063,25.564145],[-103.360539,25.564193],[-103.360674,25.564403],[-103.360765,25.564355]]]}},{"type":"Feature","properties":{},"geometry":{"type":"Polygon","coordinates":[[[-103.360856,25.564307],[-103.360721,25.564097],[-103.36063,25.564145],[-103.360765,25.564355],[-103.360856,25.564307]]]}},{"type":"Feature","properties":{},"geometry":{"type":"Polygon","coordinates":[[[-103.36105,25.564205],[-103.360914,25.563994],[-103.360824,25.564042],[-103.360959,25.564253],[-103.36105,25.564205]]]}},{"type":"Feature","properties":{},"geometry":{"type":"Polygon","coordinates":[[[-103.361141,25.564157],[-103.361005,25.563946],[-103.360914,25.563994],[-103.36105,25.564205],[-103.361141,25.564157]]]}},{"type":"Feature","properties":{},"geometry":{"type":"Polygon","coordinates":[[[-103.361231,25.564109],[-103.361096,25.563898],[-103.361005,25.563946],[-103.361141,25.564157],[-103.361231,25.564109]]]}},{"type":"Feature","properties":{},"geometry":{"type":"Polygon","coordinates":[[[-103.361322,25.564061],[-103.361187,25.56385],[-103.361096,25.563898],[-103.361231,25.564109],[-103.361322,25.564061]]]}},{"type":"Feature","properties":{},"geometry":{"type":"Polygon","coordinates":[[[-103.361413,25.564013],[-103.361277,25.563802],[-103.361187,25.56385],[-103.361322,25.564061],[-103.361413,25.564013]]]}},{"type":"Feature","properties":{},"geometry":{"type":"Polygon","coordinates":[[[-103.361504,25.563965],[-103.361368,25.563754],[-103.361277,25.563802],[-103.361413,25.564013],[-103.361504,25.563965]]]}},{"type":"Feature","properties":{},"geometry":{"type":"Polygon","coordinates":[[[-103.361594,25.563917],[-103.361459,25.563706],[-103.361368,25.563754],[-103.361504,25.563965],[-103.361594,25.563917]]]}},{"type":"Feature","properties":{},"geometry":{"type":"Polygon","coordinates":[[[-103.361685,25.563869],[-103.36155,25.563658],[-103.361459,25.563706],[-103.361594,25.563917],[-103.361685,25.563869]]]}},{"type":"Feature","properties":{},"geometry":{"type":"Polygon","coordinates":[[[-103.361776,25.563821],[-103.36164,25.56361],[-103.36155,25.563658],[-103.361685,25.563869],[-103.361776,25.563821]]]}},{"type":"Feature","properties":{},"geometry":{"type":"Polygon","coordinates":[[[-103.361867,25.563773],[-103.361731,25.563562],[-103.36164,25.56361],[-103.361776,25.563821],[-103.361867,25.563773]]]}},{"type":"Feature","properties":{},"geometry":{"type":"Polygon","coordinates":[[[-103.361957,25.563725],[-103.361822,25.563514],[-103.361731,25.563562],[-103.361867,25.563773],[-103.361957,25.563725]]]}},{"type":"Feature","properties":{},"geometry":{"type":"Polygon","coordinates":[[[-103.362048,25.563677],[-103.361913,25.563466],[-103.361822,25.563514],[-103.361957,25.563725],[-103.362048,25.563677]]]}},{"type":"Feature","properties":{},"geometry":{"type":"Polygon","coordinates":[[[-103.362139,25.563629],[-103.362003,25.563418],[-103.361913,25.563466],[-103.362048,25.563677],[-103.362139,25.563629]]]}},{"type":"Feature","properties":{},"geometry":{"type":"Polygon","coordinates":[[[-103.36223,25.563581],[-103.362094,25.56337],[-103.362003,25.563418],[-103.362139,25.563629],[-103.36223,25.563581]]]}},{"type":"Feature","properties":{},"geometry":{"type":"Polygon","coordinates":[[[-103.36232,25.563533],[-103.362185,25.563322],[-103.362094,25.56337],[-103.36223,25.563581],[-103.36232,25.563533]]]}},{"type":"Feature","properties":{},"geometry":{"type":"Polygon","coordinates":[[[-103.362411,25.563485],[-103.362276,25.563274],[-103.362185,25.563322],[-103.36232,25.563533],[-103.362411,25.563485]]]}},{"type":"Feature","properties":{},"geometry":{"type":"Polygon","coordinates":[[[-103.362605,25.563382],[-103.36247,25.563172],[-103.362379,25.56322],[-103.362514,25.56343],[-103.362605,25.563382]]]}},{"type":"Feature","properties":{},"geometry":{"type":"Polygon","coordinates":[[[-103.362696,25.563334],[-103.36256,25.563124],[-103.36247,25.563172],[-103.362605,25.563382],[-103.362696,25.563334]]]}},{"type":"Feature","properties":{},"geometry":{"type":"Polygon","coordinates":[[[-103.362786,25.563286],[-103.362651,25.563076],[-103.36256,25.563124],[-103.362696,25.563334],[-103.362786,25.563286]]]}},{"type":"Feature","properties":{},"geometry":{"type":"Polygon","coordinates":[[[-103.362877,25.563238],[-103.362742,25.563028],[-103.362651,25.563076],[-103.362786,25.563286],[-103.362877,25.563238]]]}},{"type":"Feature","properties":{},"geometry":{"type":"Polygon","coordinates":[[[-103.362968,25.56319],[-103.362833,25.56298],[-103.362742,25.563028],[-103.362877,25.563238],[-103.362968,25.56319]]]}},{"type":"Feature","properties":{},"geometry":{"type":"Polygon","coordinates":[[[-103.363059,25.563142],[-103.362923,25.562932],[-103.362833,25.56298],[-103.362968,25.56319],[-103.363059,25.563142]]]}},{"type":"Feature","properties":{},"geometry":{"type":"Polygon","coordinates":[[[-103.363149,25.563094],[-103.363014,25.562884],[-103.362923,25.562932],[-103.363059,25.563142],[-103.363149,25.563094]]]}},{"type":"Feature","properties":{},"geometry":{"type":"Polygon","coordinates":[[[-103.36324,25.563046],[-103.363105,25.562836],[-103.363014,25.562884],[-103.363149,25.563094],[-103.36324,25.563046]]]}},{"type":"Feature","properties":{},"geometry":{"type":"Polygon","coordinates":[[[-103.363331,25.562998],[-103.363196,25.562788],[-103.363105,25.562836],[-103.36324,25.563046],[-103.363331,25.562998]]]}},{"type":"Feature","properties":{},"geometry":{"type":"Polygon","coordinates":[[[-103.363422,25.56295],[-103.363286,25.56274],[-103.363196,25.562788],[-103.363331,25.562998],[-103.363422,25.56295]]]}},{"type":"Feature","properties":{},"geometry":{"type":"Polygon","coordinates":[[[-103.363512,25.562902],[-103.363377,25.562692],[-103.363286,25.56274],[-103.363422,25.56295],[-103.363512,25.562902]]]}},{"type":"Feature","properties":{},"geometry":{"type":"Polygon","coordinates":[[[-103.363603,25.562854],[-103.363468,25.562644],[-103.363377,25.562692],[-103.363512,25.562902],[-103.363603,25.562854]]]}},{"type":"Feature","properties":{},"geometry":{"type":"Polygon","coordinates":[[[-103.363694,25.562806],[-103.363559,25.562596],[-103.363468,25.562644],[-103.363603,25.562854],[-103.363694,25.562806]]]}},{"type":"Feature","properties":{},"geometry":{"type":"Polygon","coordinates":[[[-103.363785,25.562758],[-103.363649,25.562548],[-103.363559,25.562596],[-103.363694,25.562806],[-103.363785,25.562758]]]}},{"type":"Feature","properties":{},"geometry":{"type":"Polygon","coordinates":[[[-103.363875,25.56271],[-103.36374,25.5625],[-103.363649,25.562548],[-103.363785,25.562758],[-103.363875,25.56271]]]}},{"type":"Feature","properties":{},"geometry":{"type":"Polygon","coordinates":[[[-103.363966,25.562662],[-103.363831,25.562452],[-103.36374,25.5625],[-103.363875,25.56271],[-103.363966,25.562662]]]}},{"type":"Feature","properties":{},"geometry":{"type":"Polygon","coordinates":[[[-103.36416,25.562559],[-103.364025,25.562349],[-103.363934,25.562397],[-103.364069,25.562607],[-103.36416,25.562559]]]}},{"type":"Feature","properties":{},"geometry":{"type":"Polygon","coordinates":[[[-103.364251,25.562511],[-103.364115,25.562301],[-103.364025,25.562349],[-103.36416,25.562559],[-103.364251,25.562511]]]}},{"type":"Feature","properties":{},"geometry":{"type":"Polygon","coordinates":[[[-103.364342,25.562463],[-103.364206,25.562253],[-103.364115,25.562301],[-103.364251,25.562511],[-103.364342,25.562463]]]}},{"type":"Feature","properties":{},"geometry":{"type":"Polygon","coordinates":[[[-103.364432,25.562415],[-103.364297,25.562205],[-103.364206,25.562253],[-103.364342,25.562463],[-103.364432,25.562415]]]}},{"type":"Feature","properties":{},"geometry":{"type":"Polygon","coordinates":[[[-103.364523,25.562367],[-103.364388,25.562157],[-103.364297,25.562205],[-103.364432,25.562415],[-103.364523,25.562367]]]}},{"type":"Feature","properties":{},"geometry":{"type":"Polygon","coordinates":[[[-103.364614,25.562319],[-103.364478,25.562109],[-103.364388,25.562157],[-103.364523,25.562367],[-103.364614,25.562319]]]}},{"type":"Feature","properties":{},"geometry":{"type":"Polygon","coordinates":[[[-103.364705,25.562271],[-103.364569,25.562061],[-103.364478,25.562109],[-103.364614,25.562319],[-103.364705,25.562271]]]}},{"type":"Feature","properties":{},"geometry":{"type":"Polygon","coordinates":[[[-103.364795,25.562223],[-103.36466,25.562013],[-103.364569,25.562061],[-103.364705,25.562271],[-103.364795,25.562223]]]}},{"type":"Feature","properties":{},"geometry":{"type":"Polygon","coordinates":[[[-103.364886,25.562175],[-103.364751,25.561965],[-103.36466,25.562013],[-103.364795,25.562223],[-103.364886,25.562175]]]}},{"type":"Feature","properties":{},"geometry":{"type":"Polygon","coordinates":[[[-103.364977,25.562127],[-103.364841,25.561917],[-103.364751,25.561965],[-103.364886,25.562175],[-103.364977,25.562127]]]}},{"type":"Feature","properties":{},"geometry":{"type":"Polygon","coordinates":[[[-103.365068,25.562079],[-103.364932,25.561869],[-103.364841,25.561917],[-103.364977,25.562127],[-103.365068,25.562079]]]}},{"type":"Feature","properties":{},"geometry":{"type":"Polygon","coordinates":[[[-103.365158,25.562031],[-103.365023,25.561821],[-103.364932,25.561869],[-103.365068,25.562079],[-103.365158,25.562031]]]}},{"type":"Feature","properties":{},"geometry":{"type":"Polygon","coordinates":[[[-103.365249,25.561983],[-103.365114,25.561773],[-103.365023,25.561821],[-103.365158,25.562031],[-103.365249,25.561983]]]}},{"type":"Feature","properties":{},"geometry":{"type":"Polygon","coordinates":[[[-103.36534,25.561935],[-103.365204,25.561725],[-103.365114,25.561773],[-103.365249,25.561983],[-103.36534,25.561935]]]}},{"type":"Feature","properties":{},"geometry":{"type":"Polygon","coordinates":[[[-103.365431,25.561887],[-103.365295,25.561677],[-103.365204,25.561725],[-103.36534,25.561935],[-103.365431,25.561887]]]}},{"type":"Feature","properties":{},"geometry":{"type":"Polygon","coordinates":[[[-103.365521,25.561839],[-103.365386,25.561629],[-103.365295,25.561677],[-103.365431,25.561887],[-103.365521,25.561839]]]}},{"type":"Feature","properties":{},"geometry":{"type":"Polygon","coordinates":[[[-103.365715,25.561737],[-103.36558,25.561526],[-103.365489,25.561574],[-103.365624,25.561785],[-103.365715,25.561737]]]}},{"type":"Feature","properties":{},"geometry":{"type":"Polygon","coordinates":[[[-103.365806,25.561689],[-103.365671,25.561478],[-103.36558,25.561526],[-103.365715,25.561737],[-103.365806,25.561689]]]}},{"type":"Feature","properties":{},"geometry":{"type":"Polygon","coordinates":[[[-103.365897,25.561641],[-103.365761,25.56143],[-103.365671,25.561478],[-103.365806,25.561689],[-103.365897,25.561641]]]}},{"type":"Feature","properties":{},"geometry":{"type":"Polygon","coordinates":[[[-103.365987,25.561593],[-103.365852,25.561382],[-103.365761,25.56143],[-103.365897,25.561641],[-103.365987,25.561593]]]}},{"type":"Feature","properties":{},"geometry":{"type":"Polygon","coordinates":[[[-103.366078,25.561545],[-103.365943,25.561334],[-103.365852,25.561382],[-103.365987,25.561593],[-103.366078,25.561545]]]}},{"type":"Feature","properties":{},"geometry":{"type":"Polygon","coordinates":[[[-103.366169,25.561497],[-103.366034,25.561286],[-103.365943,25.561334],[-103.366078,25.561545],[-103.366169,25.561497]]]}},{"type":"Feature","properties":{},"geometry":{"type":"Polygon","coordinates":[[[-103.36626,25.561449],[-103.366124,25.561238],[-103.366034,25.561286],[-103.366169,25.561497],[-103.36626,25.561449]]]}},{"type":"Feature","properties":{},"geometry":{"type":"Polygon","coordinates":[[[-103.36635,25.561401],[-103.366215,25.56119],[-103.366124,25.561238],[-103.36626,25.561449],[-103.36635,25.561401]]]}},{"type":"Feature","properties":{},"geometry":{"type":"Polygon","coordinates":[[[-103.366441,25.561353],[-103.366306,25.561142],[-103.366215,25.56119],[-103.36635,25.561401],[-103.366441,25.561353]]]}},{"type":"Feature","properties":{},"geometry":{"type":"Polygon","coordinates":[[[-103.366532,25.561305],[-103.366397,25.561094],[-103.366306,25.561142],[-103.366441,25.561353],[-103.366532,25.561305]]]}},{"type":"Feature","properties":{},"geometry":{"type":"Polygon","coordinates":[[[-103.366623,25.561257],[-103.366487,25.561046],[-103.366397,25.561094],[-103.366532,25.561305],[-103.366623,25.561257]]]}},{"type":"Feature","properties":{},"geometry":{"type":"Polygon","coordinates":[[[-103.366713,25.561209],[-103.366578,25.560998],[-103.366487,25.561046],[-103.366623,25.561257],[-103.366713,25.561209]]]}},{"type":"Feature","properties":{},"geometry":{"type":"Polygon","coordinates":[[[-103.366804,25.561161],[-103.366669,25.56095],[-103.366578,25.560998],[-103.366713,25.561209],[-103.366804,25.561161]]]}},{"type":"Feature","properties":{},"geometry":{"type":"Polygon","coordinates":[[[-103.366895,25.561113],[-103.36676,25.560902],[-103.366669,25.56095],[-103.366804,25.561161],[-103.366895,25.561113]]]}},{"type":"Feature","properties":{},"geometry":{"type":"Polygon","coordinates":[[[-103.366986,25.561065],[-103.36685,25.560854],[-103.36676,25.560902],[-103.366895,25.561113],[-103.366986,25.561065]]]}},{"type":"Feature","properties":{},"geometry":{"type":"Polygon","coordinates":[[[-103.367076,25.561017],[-103.366941,25.560806],[-103.36685,25.560854],[-103.366986,25.561065],[-103.367076,25.561017]]]}},{"type":"Feature","properties":{},"geometry":{"type":"Polygon","coordinates":[[[-103.36727,25.560914],[-103.367135,25.560704],[-103.367044,25.560752],[-103.36718,25.560962],[-103.36727,25.560914]]]}},{"type":"Feature","properties":{},"geometry":{"type":"Polygon","coordinates":[[[-103.367361,25.560866],[-103.367226,25.560656],[-103.367135,25.560704],[-103.36727,25.560914],[-103.367361,25.560866]]]}},{"type":"Feature","properties":{},"geometry":{"type":"Polygon","coordinates":[[[-103.367452,25.560818],[-103.367316,25.560608],[-103.367226,25.560656],[-103.367361,25.560866],[-103.367452,25.560818]]]}},{"type":"Feature","properties":{},"geometry":{"type":"Polygon","coordinates":[[[-103.367543,25.56077],[-103.367407,25.56056],[-103.367316,25.560608],[-103.367452,25.560818],[-103.367543,25.56077]]]}},{"type":"Feature","properties":{},"geometry":{"type":"Polygon","coordinates":[[[-103.367633,25.560722],[-103.367498,25.560512],[-103.367407,25.56056],[-103.367543,25.56077],[-103.367633,25.560722]]]}},{"type":"Feature","properties":{},"geometry":{"type":"Polygon","coordinates":[[[-103.367724,25.560674],[-103.367589,25.560464],[-103.367498,25.560512],[-103.367633,25.560722],[-103.367724,25.560674]]]}},{"type":"Feature","properties":{},"geometry":{"type":"Polygon","coordinates":[[[-103.367815,25.560626],[-103.367679,25.560416],[-103.367589,25.560464],[-103.367724,25.560674],[-103.367815,25.560626]]]}},{"type":"Feature","properties":{},"geometry":{"type":"Polygon","coordinates":[[[-103.367905,25.560578],[-103.36777,25.560368],[-103.367679,25.560416],[-103.367815,25.560626],[-103.367905,25.560578]]]}},{"type":"Feature","properties":{},"geometry":{"type":"Polygon","coordinates":[[[-103.367996,25.56053],[-103.367861,25.56032],[-103.36777,25.560368],[-103.367905,25.560578],[-103.367996,25.56053]]]}},{"type":"Feature","properties":{},"geometry":{"type":"Polygon","coordinates":[[[-103.368087,25.560482],[-103.367952,25.560272],[-103.367861,25.56032],[-103.367996,25.56053],[-103.368087,25.560482]]]}},{"type":"Feature","properties":{},"geometry":{"type":"Polygon","coordinates":[[[-103.368178,25.560434],[-103.368042,25.560223],[-103.367952,25.560272],[-103.368087,25.560482],[-103.368178,25.560434]]]}},{"type":"Feature","properties":{},"geometry":{"type":"Polygon","coordinates":[[[-103.368268,25.560386],[-103.368133,25.560175],[-103.368042,25.560223],[-103.368178,25.560434],[-103.368268,25.560386]]]}},{"type":"Feature","properties":{},"geometry":{"type":"Polygon","coordinates":[[[-103.368359,25.560338],[-103.368224,25.560127],[-103.368133,25.560175],[-103.368268,25.560386],[-103.368359,25.560338]]]}},{"type":"Feature","properties":{},"geometry":{"type":"Polygon","coordinates":[[[-103.36845,25.56029],[-103.368315,25.560079],[-103.368224,25.560127],[-103.368359,25.560338],[-103.36845,25.56029]]]}},{"type":"Feature","properties":{},"geometry":{"type":"Polygon","coordinates":[[[-103.368541,25.560242],[-103.368405,25.560031],[-103.368315,25.560079],[-103.36845,25.56029],[-103.368541,25.560242]]]}},{"type":"Feature","properties":{},"geometry":{"type":"Polygon","coordinates":[[[-103.368631,25.560194],[-103.368496,25.559983],[-103.368405,25.560031],[-103.368541,25.560242],[-103.368631,25.560194]]]}},{"type":"Feature","properties":{},"geometry":{"type":"Polygon","coordinates":[[[-103.368825,25.560091],[-103.36869,25.559881],[-103.368599,25.559929],[-103.368735,25.560139],[-103.368825,25.560091]]]}},{"type":"Feature","properties":{},"geometry":{"type":"Polygon","coordinates":[[[-103.368916,25.560043],[-103.368781,25.559833],[-103.36869,25.559881],[-103.368825,25.560091],[-103.368916,25.560043]]]}},{"type":"Feature","properties":{},"geometry":{"type":"Polygon","coordinates":[[[-103.369007,25.559995],[-103.368871,25.559785],[-103.368781,25.559833],[-103.368916,25.560043],[-103.369007,25.559995]]]}},{"type":"Feature","properties":{},"geometry":{"type":"Polygon","coordinates":[[[-103.358498,25.565962],[-103.358363,25.565752],[-103.358272,25.5658],[-103.358407,25.56601],[-103.358498,25.565962]]]}},{"type":"Feature","properties":{},"geometry":{"type":"Polygon","coordinates":[[[-103.358589,25.565914],[-103.358453,25.565704],[-103.358363,25.565752],[-103.358498,25.565962],[-103.358589,25.565914]]]}},{"type":"Feature","properties":{},"geometry":{"type":"Polygon","coordinates":[[[-103.358679,25.565866],[-103.358544,25.565656],[-103.358453,25.565704],[-103.358589,25.565914],[-103.358679,25.565866]]]}},{"type":"Feature","properties":{},"geometry":{"type":"Polygon","coordinates":[[[-103.35877,25.565818],[-103.358635,25.565608],[-103.358544,25.565656],[-103.358679,25.565866],[-103.35877,25.565818]]]}},{"type":"Feature","properties":{},"geometry":{"type":"Polygon","coordinates":[[[-103.358861,25.56577],[-103.358726,25.56556],[-103.358635,25.565608],[-103.35877,25.565818],[-103.358861,25.56577]]]}},{"type":"Feature","properties":{},"geometry":{"type":"Polygon","coordinates":[[[-103.358952,25.565722],[-103.358816,25.565512],[-103.358726,25.56556],[-103.358861,25.56577],[-103.358952,25.565722]]]}},{"type":"Feature","properties":{},"geometry":{"type":"Polygon","coordinates":[[[-103.359042,25.565674],[-103.358907,25.565464],[-103.358816,25.565512],[-103.358952,25.565722],[-103.359042,25.565674]]]}},{"type":"Feature","properties":{},"geometry":{"type":"Polygon","coordinates":[[[-103.359133,25.565626],[-103.358998,25.565416],[-103.358907,25.565464],[-103.359042,25.565674],[-103.359133,25.565626]]]}},{"type":"Feature","properties":{},"geometry":{"type":"Polygon","coordinates":[[[-103.359224,25.565578],[-103.359089,25.565368],[-103.358998,25.565416],[-103.359133,25.565626],[-103.359224,25.565578]]]}},{"type":"Feature","properties":{},"geometry":{"type":"Polygon","coordinates":[[[-103.359315,25.56553],[-103.359179,25.56532],[-103.359089,25.565368],[-103.359224,25.565578],[-103.359315,25.56553]]]}},{"type":"Feature","properties":{},"geometry":{"type":"Polygon","coordinates":[[[-103.359405,25.565482],[-103.35927,25.565272],[-103.359179,25.56532],[-103.359315,25.56553],[-103.359405,25.565482]]]}},{"type":"Feature","properties":{},"geometry":{"type":"Polygon","coordinates":[[[-103.359496,25.565434],[-103.359361,25.565224],[-103.35927,25.565272],[-103.359405,25.565482],[-103.359496,25.565434]]]}},{"type":"Feature","properties":{},"geometry":{"type":"Polygon","coordinates":[[[-103.35969,25.565332],[-103.359555,25.565121],[-103.359464,25.565169],[-103.359599,25.56538],[-103.35969,25.565332]]]}},{"type":"Feature","properties":{},"geometry":{"type":"Polygon","coordinates":[[[-103.359781,25.565284],[-103.359646,25.565073],[-103.359555,25.565121],[-103.35969,25.565332],[-103.359781,25.565284]]]}},{"type":"Feature","properties":{},"geometry":{"type":"Polygon","coordinates":[[[-103.359872,25.565236],[-103.359736,25.565025],[-103.359646,25.565073],[-103.359781,25.565284],[-103.359872,25.565236]]]}},{"type":"Feature","properties":{},"geometry":{"type":"Polygon","coordinates":[[[-103.359962,25.565188],[-103.359827,25.564977],[-103.359736,25.565025],[-103.359872,25.565236],[-103.359962,25.565188]]]}},{"type":"Feature","properties":{},"geometry":{"type":"Polygon","coordinates":[[[-103.360053,25.56514],[-103.359918,25.564929],[-103.359827,25.564977],[-103.359962,25.565188],[-103.360053,25.56514]]]}},{"type":"Feature","properties":{},"geometry":{"type":"Polygon","coordinates":[[[-103.360144,25.565092],[-103.360009,25.564881],[-103.359918,25.564929],[-103.360053,25.56514],[-103.360144,25.565092]]]}},{"type":"Feature","properties":{},"geometry":{"type":"Polygon","coordinates":[[[-103.360235,25.565044],[-103.360099,25.564833],[-103.360009,25.564881],[-103.360144,25.565092],[-103.360235,25.565044]]]}},{"type":"Feature","properties":{},"geometry":{"type":"Polygon","coordinates":[[[-103.360325,25.564995],[-103.36019,25.564785],[-103.360099,25.564833],[-103.360235,25.565044],[-103.360325,25.564995]]]}},{"type":"Feature","properties":{},"geometry":{"type":"Polygon","coordinates":[[[-103.360416,25.564947],[-103.360281,25.564737],[-103.36019,25.564785],[-103.360325,25.564995],[-103.360416,25.564947]]]}},{"type":"Feature","properties":{},"geometry":{"type":"Polygon","coordinates":[[[-103.360507,25.564899],[-103.360372,25.564689],[-103.360281,25.564737],[-103.360416,25.564947],[-103.360507,25.564899]]]}},{"type":"Feature","properties":{},"geometry":{"type":"Polygon","coordinates":[[[-103.360598,25.564851],[-103.360462,25.564641],[-103.360372,25.564689],[-103.360507,25.564899],[-103.360598,25.564851]]]}},{"type":"Feature","properties":{},"geometry":{"type":"Polygon","coordinates":[[[-103.360688,25.564803],[-103.360553,25.564593],[-103.360462,25.564641],[-103.360598,25.564851],[-103.360688,25.564803]]]}},{"type":"Feature","properties":{},"geometry":{"type":"Polygon","coordinates":[[[-103.360779,25.564755],[-103.360644,25.564545],[-103.360553,25.564593],[-103.360688,25.564803],[-103.360779,25.564755]]]}},{"type":"Feature","properties":{},"geometry":{"type":"Polygon","coordinates":[[[-103.36087,25.564707],[-103.360735,25.564497],[-103.360644,25.564545],[-103.360779,25.564755],[-103.36087,25.564707]]]}},{"type":"Feature","properties":{},"geometry":{"type":"Polygon","coordinates":[[[-103.360961,25.564659],[-103.360825,25.564449],[-103.360735,25.564497],[-103.36087,25.564707],[-103.360961,25.564659]]]}},{"type":"Feature","properties":{},"geometry":{"type":"Polygon","coordinates":[[[-103.361051,25.564611],[-103.360916,25.564401],[-103.360825,25.564449],[-103.360961,25.564659],[-103.361051,25.564611]]]}},{"type":"Feature","properties":{},"geometry":{"type":"Polygon","coordinates":[[[-103.361245,25.564509],[-103.36111,25.564298],[-103.361019,25.564346],[-103.361155,25.564557],[-103.361245,25.564509]]]}},{"type":"Feature","properties":{},"geometry":{"type":"Polygon","coordinates":[[[-103.361336,25.564461],[-103.361201,25.56425],[-103.36111,25.564298],[-103.361245,25.564509],[-103.361336,25.564461]]]}},{"type":"Feature","properties":{},"geometry":{"type":"Polygon","coordinates":[[[-103.361427,25.564413],[-103.361291,25.564202],[-103.361201,25.56425],[-103.361336,25.564461],[-103.361427,25.564413]]]}},{"type":"Feature","properties":{},"geometry":{"type":"Polygon","coordinates":[[[-103.361518,25.564365],[-103.361382,25.564154],[-103.361291,25.564202],[-103.361427,25.564413],[-103.361518,25.564365]]]}},{"type":"Feature","properties":{},"geometry":{"type":"Polygon","coordinates":[[[-103.361608,25.564317],[-103.361473,25.564106],[-103.361382,25.564154],[-103.361518,25.564365],[-103.361608,25.564317]]]}},{"type":"Feature","properties":{},"geometry":{"type":"Polygon","coordinates":[[[-103.361699,25.564269],[-103.361564,25.564058],[-103.361473,25.564106],[-103.361608,25.564317],[-103.361699,25.564269]]]}},{"type":"Feature","properties":{},"geometry":{"type":"Polygon","coordinates":[[[-103.36179,25.564221],[-103.361654,25.56401],[-103.361564,25.564058],[-103.361699,25.564269],[-103.36179,25.564221]]]}},{"type":"Feature","properties":{},"geometry":{"type":"Polygon","coordinates":[[[-103.361881,25.564173],[-103.361745,25.563962],[-103.361654,25.56401],[-103.36179,25.564221],[-103.361881,25.564173]]]}},{"type":"Feature","properties":{},"geometry":{"type":"Polygon","coordinates":[[[-103.361971,25.564125],[-103.361836,25.563914],[-103.361745,25.563962],[-103.361881,25.564173],[-103.361971,25.564125]]]}},{"type":"Feature","properties":{},"geometry":{"type":"Polygon","coordinates":[[[-103.362062,25.564077],[-103.361927,25.563866],[-103.361836,25.563914],[-103.361971,25.564125],[-103.362062,25.564077]]]}},{"type":"Feature","properties":{},"geometry":{"type":"Polygon","coordinates":[[[-103.362153,25.564029],[-103.362017,25.563818],[-103.361927,25.563866],[-103.362062,25.564077],[-103.362153,25.564029]]]}},{"type":"Feature","properties":{},"geometry":{"type":"Polygon","coordinates":[[[-103.362244,25.563981],[-103.362108,25.56377],[-103.362017,25.563818],[-103.362153,25.564029],[-103.362244,25.563981]]]}},{"type":"Feature","properties":{},"geometry":{"type":"Polygon","coordinates":[[[-103.362334,25.563933],[-103.362199,25.563722],[-103.362108,25.56377],[-103.362244,25.563981],[-103.362334,25.563933]]]}},{"type":"Feature","properties":{},"geometry":{"type":"Polygon","coordinates":[[[-103.362425,25.563885],[-103.36229,25.563674],[-103.362199,25.563722],[-103.362334,25.563933],[-103.362425,25.563885]]]}},{"type":"Feature","properties":{},"geometry":{"type":"Polygon","coordinates":[[[-103.362516,25.563837],[-103.36238,25.563626],[-103.36229,25.563674],[-103.362425,25.563885],[-103.362516,25.563837]]]}},{"type":"Feature","properties":{},"geometry":{"type":"Polygon","coordinates":[[[-103.362607,25.563789],[-103.362471,25.563578],[-103.36238,25.563626],[-103.362516,25.563837],[-103.362607,25.563789]]]}},{"type":"Feature","properties":{},"geometry":{"type":"Polygon","coordinates":[[[-103.3628,25.563686],[-103.362665,25.563476],[-103.362574,25.563524],[-103.36271,25.563734],[-103.3628,25.563686]]]}},{"type":"Feature","properties":{},"geometry":{"type":"Polygon","coordinates":[[[-103.362891,25.563638],[-103.362756,25.563428],[-103.362665,25.563476],[-103.3628,25.563686],[-103.362891,25.563638]]]}},{"type":"Feature","properties":{},"geometry":{"type":"Polygon","coordinates":[[[-103.362982,25.56359],[-103.362847,25.56338],[-103.362756,25.563428],[-103.362891,25.563638],[-103.362982,25.56359]]]}},{"type":"Feature","properties":{},"geometry":{"type":"Polygon","coordinates":[[[-103.363073,25.563542],[-103.362937,25.563332],[-103.362847,25.56338],[-103.362982,25.56359],[-103.363073,25.563542]]]}},{"type":"Feature","properties":{},"geometry":{"type":"Polygon","coordinates":[[[-103.363163,25.563494],[-103.363028,25.563284],[-103.362937,25.563332],[-103.363073,25.563542],[-103.363163,25.563494]]]}},{"type":"Feature","properties":{},"geometry":{"type":"Polygon","coordinates":[[[-103.363254,25.563446],[-103.363119,25.563236],[-103.363028,25.563284],[-103.363163,25.563494],[-103.363254,25.563446]]]}},{"type":"Feature","properties":{},"geometry":{"type":"Polygon","coordinates":[[[-103.363345,25.563398],[-103.36321,25.563188],[-103.363119,25.563236],[-103.363254,25.563446],[-103.363345,25.563398]]]}},{"type":"Feature","properties":{},"geometry":{"type":"Polygon","coordinates":[[[-103.363436,25.56335],[-103.3633,25.56314],[-103.36321,25.563188],[-103.363345,25.563398],[-103.363436,25.56335]]]}},{"type":"Feature","properties":{},"geometry":{"type":"Polygon","coordinates":[[[-103.363526,25.563302],[-103.363391,25.563092],[-103.3633,25.56314],[-103.363436,25.56335],[-103.363526,25.563302]]]}},{"type":"Feature","properties":{},"geometry":{"type":"Polygon","coordinates":[[[-103.363617,25.563254],[-103.363482,25.563044],[-103.363391,25.563092],[-103.363526,25.563302],[-103.363617,25.563254]]]}},{"type":"Feature","properties":{},"geometry":{"type":"Polygon","coordinates":[[[-103.363708,25.563206],[-103.363573,25.562996],[-103.363482,25.563044],[-103.363617,25.563254],[-103.363708,25.563206]]]}},{"type":"Feature","properties":{},"geometry":{"type":"Polygon","coordinates":[[[-103.363799,25.563158],[-103.363663,25.562948],[-103.363573,25.562996],[-103.363708,25.563206],[-103.363799,25.563158]]]}},{"type":"Feature","properties":{},"geometry":{"type":"Polygon","coordinates":[[[-103.363889,25.56311],[-103.363754,25.5629],[-103.363663,25.562948],[-103.363799,25.563158],[-103.363889,25.56311]]]}},{"type":"Feature","properties":{},"geometry":{"type":"Polygon","coordinates":[[[-103.36398,25.563062],[-103.363845,25.562852],[-103.363754,25.5629],[-103.363889,25.56311],[-103.36398,25.563062]]]}},{"type":"Feature","properties":{},"geometry":{"type":"Polygon","coordinates":[[[-103.364071,25.563014],[-103.363936,25.562804],[-103.363845,25.562852],[-103.36398,25.563062],[-103.364071,25.563014]]]}},{"type":"Feature","properties":{},"geometry":{"type":"Polygon","coordinates":[[[-103.364162,25.562966],[-103.364026,25.562756],[-103.363936,25.562804],[-103.364071,25.563014],[-103.364162,25.562966]]]}},{"type":"Feature","properties":{},"geometry":{"type":"Polygon","coordinates":[[[-103.364356,25.562864],[-103.36422,25.562653],[-103.36413,25.562701],[-103.364265,25.562912],[-103.364356,25.562864]]]}},{"type":"Feature","properties":{},"geometry":{"type":"Polygon","coordinates":[[[-103.364446,25.562816],[-103.364311,25.562605],[-103.36422,25.562653],[-103.364356,25.562864],[-103.364446,25.562816]]]}},{"type":"Feature","properties":{},"geometry":{"type":"Polygon","coordinates":[[[-103.364537,25.562768],[-103.364402,25.562557],[-103.364311,25.562605],[-103.364446,25.562816],[-103.364537,25.562768]]]}},{"type":"Feature","properties":{},"geometry":{"type":"Polygon","coordinates":[[[-103.364628,25.56272],[-103.364492,25.562509],[-103.364402,25.562557],[-103.364537,25.562768],[-103.364628,25.56272]]]}},{"type":"Feature","properties":{},"geometry":{"type":"Polygon","coordinates":[[[-103.364719,25.562672],[-103.364583,25.562461],[-103.364492,25.562509],[-103.364628,25.56272],[-103.364719,25.562672]]]}},{"type":"Feature","properties":{},"geometry":{"type":"Polygon","coordinates":[[[-103.364809,25.562624],[-103.364674,25.562413],[-103.364583,25.562461],[-103.364719,25.562672],[-103.364809,25.562624]]]}},{"type":"Feature","properties":{},"geometry":{"type":"Polygon","coordinates":[[[-103.3649,25.562576],[-103.364765,25.562365],[-103.364674,25.562413],[-103.364809,25.562624],[-103.3649,25.562576]]]}},{"type":"Feature","properties":{},"geometry":{"type":"Polygon","coordinates":[[[-103.364991,25.562528],[-103.364855,25.562317],[-103.364765,25.562365],[-103.3649,25.562576],[-103.364991,25.562528]]]}},{"type":"Feature","properties":{},"geometry":{"type":"Polygon","coordinates":[[[-103.365082,25.56248],[-103.364946,25.562269],[-103.364855,25.562317],[-103.364991,25.562528],[-103.365082,25.56248]]]}},{"type":"Feature","properties":{},"geometry":{"type":"Polygon","coordinates":[[[-103.365172,25.562432],[-103.365037,25.562221],[-103.364946,25.562269],[-103.365082,25.56248],[-103.365172,25.562432]]]}},{"type":"Feature","properties":{},"geometry":{"type":"Polygon","coordinates":[[[-103.365263,25.562384],[-103.365128,25.562173],[-103.365037,25.562221],[-103.365172,25.562432],[-103.365263,25.562384]]]}},{"type":"Feature","properties":{},"geometry":{"type":"Polygon","coordinates":[[[-103.365354,25.562336],[-103.365218,25.562125],[-103.365128,25.562173],[-103.365263,25.562384],[-103.365354,25.562336]]]}},{"type":"Feature","properties":{},"geometry":{"type":"Polygon","coordinates":[[[-103.365445,25.562288],[-103.365309,25.562077],[-103.365218,25.562125],[-103.365354,25.562336],[-103.365445,25.562288]]]}},{"type":"Feature","properties":{},"geometry":{"type":"Polygon","coordinates":[[[-103.365535,25.56224],[-103.3654,25.562029],[-103.365309,25.562077],[-103.365445,25.562288],[-103.365535,25.56224]]]}},{"type":"Feature","properties":{},"geometry":{"type":"Polygon","coordinates":[[[-103.365626,25.562192],[-103.365491,25.561981],[-103.3654,25.562029],[-103.365535,25.56224],[-103.365626,25.562192]]]}},{"type":"Feature","properties":{},"geometry":{"type":"Polygon","coordinates":[[[-103.365717,25.562144],[-103.365581,25.561933],[-103.365491,25.561981],[-103.365626,25.562192],[-103.365717,25.562144]]]}},{"type":"Feature","properties":{},"geometry":{"type":"Polygon","coordinates":[[[-103.365911,25.562041],[-103.365775,25.56183],[-103.365685,25.561878],[-103.36582,25.562089],[-103.365911,25.562041]]]}},{"type":"Feature","properties":{},"geometry":{"type":"Polygon","coordinates":[[[-103.366001,25.561993],[-103.365866,25.561782],[-103.365775,25.56183],[-103.365911,25.562041],[-103.366001,25.561993]]]}},{"type":"Feature","properties":{},"geometry":{"type":"Polygon","coordinates":[[[-103.366092,25.561945],[-103.365957,25.561734],[-103.365866,25.561782],[-103.366001,25.561993],[-103.366092,25.561945]]]}},{"type":"Feature","properties":{},"geometry":{"type":"Polygon","coordinates":[[[-103.366183,25.561897],[-103.366048,25.561686],[-103.365957,25.561734],[-103.366092,25.561945],[-103.366183,25.561897]]]}},{"type":"Feature","properties":{},"geometry":{"type":"Polygon","coordinates":[[[-103.366274,25.561849],[-103.366138,25.561638],[-103.366048,25.561686],[-103.366183,25.561897],[-103.366274,25.561849]]]}},{"type":"Feature","properties":{},"geometry":{"type":"Polygon","coordinates":[[[-103.366364,25.561801],[-103.366229,25.56159],[-103.366138,25.561638],[-103.366274,25.561849],[-103.366364,25.561801]]]}},{"type":"Feature","properties":{},"geometry":{"type":"Polygon","coordinates":[[[-103.366455,25.561753],[-103.36632,25.561542],[-103.366229,25.56159],[-103.366364,25.561801],[-103.366455,25.561753]]]}},{"type":"Feature","properties":{},"geometry":{"type":"Polygon","coordinates":[[[-103.366546,25.561705],[-103.366411,25.561494],[-103.36632,25.561542],[-103.366455,25.561753],[-103.366546,25.561705]]]}},{"type":"Feature","properties":{},"geometry":{"type":"Polygon","coordinates":[[[-103.366637,25.561657],[-103.366501,25.561446],[-103.366411,25.561494],[-103.366546,25.561705],[-103.366637,25.561657]]]}},{"type":"Feature","properties":{},"geometry":{"type":"Polygon","coordinates":[[[-103.366727,25.561609],[-103.366592,25.561398],[-103.366501,25.561446],[-103.366637,25.561657],[-103.366727,25.561609]]]}},{"type":"Feature","properties":{},"geometry":{"type":"Polygon","coordinates":[[[-103.366818,25.561561],[-103.366683,25.56135],[-103.366592,25.561398],[-103.366727,25.561609],[-103.366818,25.561561]]]}},{"type":"Feature","properties":{},"geometry":{"type":"Polygon","coordinates":[[[-103.366909,25.561513],[-103.366774,25.561302],[-103.366683,25.56135],[-103.366818,25.561561],[-103.366909,25.561513]]]}},{"type":"Feature","properties":{},"geometry":{"type":"Polygon","coordinates":[[[-103.367,25.561465],[-103.366864,25.561254],[-103.366774,25.561302],[-103.366909,25.561513],[-103.367,25.561465]]]}},{"type":"Feature","properties":{},"geometry":{"type":"Polygon","coordinates":[[[-103.36709,25.561417],[-103.366955,25.561206],[-103.366864,25.561254],[-103.367,25.561465],[-103.36709,25.561417]]]}},{"type":"Feature","properties":{},"geometry":{"type":"Polygon","coordinates":[[[-103.367181,25.561369],[-103.367046,25.561158],[-103.366955,25.561206],[-103.36709,25.561417],[-103.367181,25.561369]]]}},{"type":"Feature","properties":{},"geometry":{"type":"Polygon","coordinates":[[[-103.367272,25.561321],[-103.367137,25.56111],[-103.367046,25.561158],[-103.367181,25.561369],[-103.367272,25.561321]]]}},{"type":"Feature","properties":{},"geometry":{"type":"Polygon","coordinates":[[[-103.367466,25.561218],[-103.36733,25.561008],[-103.36724,25.561056],[-103.367375,25.561266],[-103.367466,25.561218]]]}},{"type":"Feature","properties":{},"geometry":{"type":"Polygon","coordinates":[[[-103.367557,25.56117],[-103.367421,25.56096],[-103.36733,25.561008],[-103.367466,25.561218],[-103.367557,25.56117]]]}},{"type":"Feature","properties":{},"geometry":{"type":"Polygon","coordinates":[[[-103.367647,25.561122],[-103.367512,25.560912],[-103.367421,25.56096],[-103.367557,25.56117],[-103.367647,25.561122]]]}},{"type":"Feature","properties":{},"geometry":{"type":"Polygon","coordinates":[[[-103.367738,25.561074],[-103.367603,25.560864],[-103.367512,25.560912],[-103.367647,25.561122],[-103.367738,25.561074]]]}},{"type":"Feature","properties":{},"geometry":{"type":"Polygon","coordinates":[[[-103.367829,25.561026],[-103.367693,25.560816],[-103.367603,25.560864],[-103.367738,25.561074],[-103.367829,25.561026]]]}},{"type":"Feature","properties":{},"geometry":{"type":"Polygon","coordinates":[[[-103.36792,25.560978],[-103.367784,25.560768],[-103.367693,25.560816],[-103.367829,25.561026],[-103.36792,25.560978]]]}},{"type":"Feature","properties":{},"geometry":{"type":"Polygon","coordinates":[[[-103.36801,25.56093],[-103.367875,25.56072],[-103.367784,25.560768],[-103.36792,25.560978],[-103.36801,25.56093]]]}},{"type":"Feature","properties":{},"geometry":{"type":"Polygon","coordinates":[[[-103.368101,25.560882],[-103.367966,25.560672],[-103.367875,25.56072],[-103.36801,25.56093],[-103.368101,25.560882]]]}},{"type":"Feature","properties":{},"geometry":{"type":"Polygon","coordinates":[[[-103.368192,25.560834],[-103.368056,25.560624],[-103.367966,25.560672],[-103.368101,25.560882],[-103.368192,25.560834]]]}},{"type":"Feature","properties":{},"geometry":{"type":"Polygon","coordinates":[[[-103.368283,25.560786],[-103.368147,25.560576],[-103.368056,25.560624],[-103.368192,25.560834],[-103.368283,25.560786]]]}},{"type":"Feature","properties":{},"geometry":{"type":"Polygon","coordinates":[[[-103.368373,25.560738],[-103.368238,25.560528],[-103.368147,25.560576],[-103.368283,25.560786],[-103.368373,25.560738]]]}},{"type":"Feature","properties":{},"geometry":{"type":"Polygon","coordinates":[[[-103.368464,25.56069],[-103.368329,25.56048],[-103.368238,25.560528],[-103.368373,25.560738],[-103.368464,25.56069]]]}},{"type":"Feature","properties":{},"geometry":{"type":"Polygon","coordinates":[[[-103.368555,25.560642],[-103.368419,25.560432],[-103.368329,25.56048],[-103.368464,25.56069],[-103.368555,25.560642]]]}},{"type":"Feature","properties":{},"geometry":{"type":"Polygon","coordinates":[[[-103.368646,25.560594],[-103.36851,25.560384],[-103.368419,25.560432],[-103.368555,25.560642],[-103.368646,25.560594]]]}},{"type":"Feature","properties":{},"geometry":{"type":"Polygon","coordinates":[[[-103.368736,25.560546],[-103.368601,25.560336],[-103.36851,25.560384],[-103.368646,25.560594],[-103.368736,25.560546]]]}},{"type":"Feature","properties":{},"geometry":{"type":"Polygon","coordinates":[[[-103.368827,25.560498],[-103.368692,25.560288],[-103.368601,25.560336],[-103.368736,25.560546],[-103.368827,25.560498]]]}},{"type":"Feature","properties":{},"geometry":{"type":"Polygon","coordinates":[[[-103.369021,25.560396],[-103.368886,25.560185],[-103.368795,25.560233],[-103.36893,25.560444],[-103.369021,25.560396]]]}},{"type":"Feature","properties":{},"geometry":{"type":"Polygon","coordinates":[[[-103.369112,25.560348],[-103.368976,25.560137],[-103.368886,25.560185],[-103.369021,25.560396],[-103.369112,25.560348]]]}},{"type":"Feature","properties":{},"geometry":{"type":"Polygon","coordinates":[[[-103.359541,25.565693],[-103.359405,25.565482],[-103.359315,25.56553],[-103.35945,25.565741],[-103.359541,25.565693]]]}},{"type":"Feature","properties":{},"geometry":{"type":"Polygon","coordinates":[[[-103.359632,25.565645],[-103.359496,25.565434],[-103.359405,25.565482],[-103.359541,25.565693],[-103.359632,25.565645]]]}},{"type":"Feature","properties":{},"geometry":{"type":"Polygon","coordinates":[[[-103.359826,25.565542],[-103.35969,25.565332],[-103.359599,25.56538],[-103.359735,25.56559],[-103.359826,25.565542]]]}},{"type":"Feature","properties":{},"geometry":{"type":"Polygon","coordinates":[[[-103.359916,25.565494],[-103.359781,25.565284],[-103.35969,25.565332],[-103.359826,25.565542],[-103.359916,25.565494]]]}},{"type":"Feature","properties":{},"geometry":{"type":"Polygon","coordinates":[[[-103.360007,25.565446],[-103.359872,25.565236],[-103.359781,25.565284],[-103.359916,25.565494],[-103.360007,25.565446]]]}},{"type":"Feature","properties":{},"geometry":{"type":"Polygon","coordinates":[[[-103.360098,25.565398],[-103.359962,25.565188],[-103.359872,25.565236],[-103.360007,25.565446],[-103.360098,25.565398]]]}},{"type":"Feature","properties":{},"geometry":{"type":"Polygon","coordinates":[[[-103.360189,25.56535],[-103.360053,25.56514],[-103.359962,25.565188],[-103.360098,25.565398],[-103.360189,25.56535]]]}},{"type":"Feature","properties":{},"geometry":{"type":"Polygon","coordinates":[[[-103.360279,25.565302],[-103.360144,25.565092],[-103.360053,25.56514],[-103.360189,25.56535],[-103.360279,25.565302]]]}},{"type":"Feature","properties":{},"geometry":{"type":"Polygon","coordinates":[[[-103.36037,25.565254],[-103.360235,25.565044],[-103.360144,25.565092],[-103.360279,25.565302],[-103.36037,25.565254]]]}},{"type":"Feature","properties":{},"geometry":{"type":"Polygon","coordinates":[[[-103.360461,25.565206],[-103.360325,25.564995],[-103.360235,25.565044],[-103.36037,25.565254],[-103.360461,25.565206]]]}},{"type":"Feature","properties":{},"geometry":{"type":"Polygon","coordinates":[[[-103.360552,25.565158],[-103.360416,25.564947],[-103.360325,25.564995],[-103.360461,25.565206],[-103.360552,25.565158]]]}},{"type":"Feature","properties":{},"geometry":{"type":"Polygon","coordinates":[[[-103.360642,25.56511],[-103.360507,25.564899],[-103.360416,25.564947],[-103.360552,25.565158],[-103.360642,25.56511]]]}},{"type":"Feature","properties":{},"geometry":{"type":"Polygon","coordinates":[[[-103.360733,25.565062],[-103.360598,25.564851],[-103.360507,25.564899],[-103.360642,25.56511],[-103.360733,25.565062]]]}},{"type":"Feature","properties":{},"geometry":{"type":"Polygon","coordinates":[[[-103.360824,25.565014],[-103.360688,25.564803],[-103.360598,25.564851],[-103.360733,25.565062],[-103.360824,25.565014]]]}},{"type":"Feature","properties":{},"geometry":{"type":"Polygon","coordinates":[[[-103.360915,25.564966],[-103.360779,25.564755],[-103.360688,25.564803],[-103.360824,25.565014],[-103.360915,25.564966]]]}},{"type":"Feature","properties":{},"geometry":{"type":"Polygon","coordinates":[[[-103.361005,25.564918],[-103.36087,25.564707],[-103.360779,25.564755],[-103.360915,25.564966],[-103.361005,25.564918]]]}},{"type":"Feature","properties":{},"geometry":{"type":"Polygon","coordinates":[[[-103.361096,25.56487],[-103.360961,25.564659],[-103.36087,25.564707],[-103.361005,25.564918],[-103.361096,25.56487]]]}},{"type":"Feature","properties":{},"geometry":{"type":"Polygon","coordinates":[[[-103.361187,25.564822],[-103.361051,25.564611],[-103.360961,25.564659],[-103.361096,25.56487],[-103.361187,25.564822]]]}},{"type":"Feature","properties":{},"geometry":{"type":"Polygon","coordinates":[[[-103.361381,25.564719],[-103.361245,25.564509],[-103.361155,25.564557],[-103.36129,25.564767],[-103.361381,25.564719]]]}},{"type":"Feature","properties":{},"geometry":{"type":"Polygon","coordinates":[[[-103.361471,25.564671],[-103.361336,25.564461],[-103.361245,25.564509],[-103.361381,25.564719],[-103.361471,25.564671]]]}},{"type":"Feature","properties":{},"geometry":{"type":"Polygon","coordinates":[[[-103.361562,25.564623],[-103.361427,25.564413],[-103.361336,25.564461],[-103.361471,25.564671],[-103.361562,25.564623]]]}},{"type":"Feature","properties":{},"geometry":{"type":"Polygon","coordinates":[[[-103.361653,25.564575],[-103.361518,25.564365],[-103.361427,25.564413],[-103.361562,25.564623],[-103.361653,25.564575]]]}},{"type":"Feature","properties":{},"geometry":{"type":"Polygon","coordinates":[[[-103.361744,25.564527],[-103.361608,25.564317],[-103.361518,25.564365],[-103.361653,25.564575],[-103.361744,25.564527]]]}},{"type":"Feature","properties":{},"geometry":{"type":"Polygon","coordinates":[[[-103.361834,25.564479],[-103.361699,25.564269],[-103.361608,25.564317],[-103.361744,25.564527],[-103.361834,25.564479]]]}},{"type":"Feature","properties":{},"geometry":{"type":"Polygon","coordinates":[[[-103.361925,25.564431],[-103.36179,25.564221],[-103.361699,25.564269],[-103.361834,25.564479],[-103.361925,25.564431]]]}},{"type":"Feature","properties":{},"geometry":{"type":"Polygon","coordinates":[[[-103.362016,25.564383],[-103.361881,25.564173],[-103.36179,25.564221],[-103.361925,25.564431],[-103.362016,25.564383]]]}},{"type":"Feature","properties":{},"geometry":{"type":"Polygon","coordinates":[[[-103.362107,25.564335],[-103.361971,25.564125],[-103.361881,25.564173],[-103.362016,25.564383],[-103.362107,25.564335]]]}},{"type":"Feature","properties":{},"geometry":{"type":"Polygon","coordinates":[[[-103.362197,25.564287],[-103.362062,25.564077],[-103.361971,25.564125],[-103.362107,25.564335],[-103.362197,25.564287]]]}},{"type":"Feature","properties":{},"geometry":{"type":"Polygon","coordinates":[[[-103.362288,25.564239],[-103.362153,25.564029],[-103.362062,25.564077],[-103.362197,25.564287],[-103.362288,25.564239]]]}},{"type":"Feature","properties":{},"geometry":{"type":"Polygon","coordinates":[[[-103.362379,25.564191],[-103.362244,25.563981],[-103.362153,25.564029],[-103.362288,25.564239],[-103.362379,25.564191]]]}},{"type":"Feature","properties":{},"geometry":{"type":"Polygon","coordinates":[[[-103.36247,25.564143],[-103.362334,25.563933],[-103.362244,25.563981],[-103.362379,25.564191],[-103.36247,25.564143]]]}},{"type":"Feature","properties":{},"geometry":{"type":"Polygon","coordinates":[[[-103.36256,25.564095],[-103.362425,25.563885],[-103.362334,25.563933],[-103.36247,25.564143],[-103.36256,25.564095]]]}},{"type":"Feature","properties":{},"geometry":{"type":"Polygon","coordinates":[[[-103.362651,25.564047],[-103.362516,25.563837],[-103.362425,25.563885],[-103.36256,25.564095],[-103.362651,25.564047]]]}},{"type":"Feature","properties":{},"geometry":{"type":"Polygon","coordinates":[[[-103.362742,25.563999],[-103.362607,25.563789],[-103.362516,25.563837],[-103.362651,25.564047],[-103.362742,25.563999]]]}},{"type":"Feature","properties":{},"geometry":{"type":"Polygon","coordinates":[[[-103.362936,25.563897],[-103.3628,25.563686],[-103.36271,25.563734],[-103.362845,25.563945],[-103.362936,25.563897]]]}},{"type":"Feature","properties":{},"geometry":{"type":"Polygon","coordinates":[[[-103.363027,25.563849],[-103.362891,25.563638],[-103.3628,25.563686],[-103.362936,25.563897],[-103.363027,25.563849]]]}},{"type":"Feature","properties":{},"geometry":{"type":"Polygon","coordinates":[[[-103.363117,25.563801],[-103.362982,25.56359],[-103.362891,25.563638],[-103.363027,25.563849],[-103.363117,25.563801]]]}},{"type":"Feature","properties":{},"geometry":{"type":"Polygon","coordinates":[[[-103.363208,25.563753],[-103.363073,25.563542],[-103.362982,25.56359],[-103.363117,25.563801],[-103.363208,25.563753]]]}},{"type":"Feature","properties":{},"geometry":{"type":"Polygon","coordinates":[[[-103.363299,25.563705],[-103.363163,25.563494],[-103.363073,25.563542],[-103.363208,25.563753],[-103.363299,25.563705]]]}},{"type":"Feature","properties":{},"geometry":{"type":"Polygon","coordinates":[[[-103.36339,25.563657],[-103.363254,25.563446],[-103.363163,25.563494],[-103.363299,25.563705],[-103.36339,25.563657]]]}},{"type":"Feature","properties":{},"geometry":{"type":"Polygon","coordinates":[[[-103.36348,25.563609],[-103.363345,25.563398],[-103.363254,25.563446],[-103.36339,25.563657],[-103.36348,25.563609]]]}},{"type":"Feature","properties":{},"geometry":{"type":"Polygon","coordinates":[[[-103.363571,25.563561],[-103.363436,25.56335],[-103.363345,25.563398],[-103.36348,25.563609],[-103.363571,25.563561]]]}},{"type":"Feature","properties":{},"geometry":{"type":"Polygon","coordinates":[[[-103.363662,25.563513],[-103.363526,25.563302],[-103.363436,25.56335],[-103.363571,25.563561],[-103.363662,25.563513]]]}},{"type":"Feature","properties":{},"geometry":{"type":"Polygon","coordinates":[[[-103.363753,25.563465],[-103.363617,25.563254],[-103.363526,25.563302],[-103.363662,25.563513],[-103.363753,25.563465]]]}},{"type":"Feature","properties":{},"geometry":{"type":"Polygon","coordinates":[[[-103.363843,25.563417],[-103.363708,25.563206],[-103.363617,25.563254],[-103.363753,25.563465],[-103.363843,25.563417]]]}},{"type":"Feature","properties":{},"geometry":{"type":"Polygon","coordinates":[[[-103.363934,25.563369],[-103.363799,25.563158],[-103.363708,25.563206],[-103.363843,25.563417],[-103.363934,25.563369]]]}},{"type":"Feature","properties":{},"geometry":{"type":"Polygon","coordinates":[[[-103.364025,25.563321],[-103.363889,25.56311],[-103.363799,25.563158],[-103.363934,25.563369],[-103.364025,25.563321]]]}},{"type":"Feature","properties":{},"geometry":{"type":"Polygon","coordinates":[[[-103.364116,25.563273],[-103.36398,25.563062],[-103.363889,25.56311],[-103.364025,25.563321],[-103.364116,25.563273]]]}},{"type":"Feature","properties":{},"geometry":{"type":"Polygon","coordinates":[[[-103.364206,25.563225],[-103.364071,25.563014],[-103.36398,25.563062],[-103.364116,25.563273],[-103.364206,25.563225]]]}},{"type":"Feature","properties":{},"geometry":{"type":"Polygon","coordinates":[[[-103.364297,25.563177],[-103.364162,25.562966],[-103.364071,25.563014],[-103.364206,25.563225],[-103.364297,25.563177]]]}},{"type":"Feature","properties":{},"geometry":{"type":"Polygon","coordinates":[[[-103.364491,25.563074],[-103.364356,25.562864],[-103.364265,25.562912],[-103.3644,25.563122],[-103.364491,25.563074]]]}},{"type":"Feature","properties":{},"geometry":{"type":"Polygon","coordinates":[[[-103.364582,25.563026],[-103.364446,25.562816],[-103.364356,25.562864],[-103.364491,25.563074],[-103.364582,25.563026]]]}},{"type":"Feature","properties":{},"geometry":{"type":"Polygon","coordinates":[[[-103.364672,25.562978],[-103.364537,25.562768],[-103.364446,25.562816],[-103.364582,25.563026],[-103.364672,25.562978]]]}},{"type":"Feature","properties":{},"geometry":{"type":"Polygon","coordinates":[[[-103.364763,25.56293],[-103.364628,25.56272],[-103.364537,25.562768],[-103.364672,25.562978],[-103.364763,25.56293]]]}},{"type":"Feature","properties":{},"geometry":{"type":"Polygon","coordinates":[[[-103.364854,25.562882],[-103.364719,25.562672],[-103.364628,25.56272],[-103.364763,25.56293],[-103.364854,25.562882]]]}},{"type":"Feature","properties":{},"geometry":{"type":"Polygon","coordinates":[[[-103.364945,25.562834],[-103.364809,25.562624],[-103.364719,25.562672],[-103.364854,25.562882],[-103.364945,25.562834]]]}},{"type":"Feature","properties":{},"geometry":{"type":"Polygon","coordinates":[[[-103.365035,25.562786],[-103.3649,25.562576],[-103.364809,25.562624],[-103.364945,25.562834],[-103.365035,25.562786]]]}},{"type":"Feature","properties":{},"geometry":{"type":"Polygon","coordinates":[[[-103.365126,25.562738],[-103.364991,25.562528],[-103.3649,25.562576],[-103.365035,25.562786],[-103.365126,25.562738]]]}},{"type":"Feature","properties":{},"geometry":{"type":"Polygon","coordinates":[[[-103.365217,25.56269],[-103.365082,25.56248],[-103.364991,25.562528],[-103.365126,25.562738],[-103.365217,25.56269]]]}},{"type":"Feature","properties":{},"geometry":{"type":"Polygon","coordinates":[[[-103.365308,25.562642],[-103.365172,25.562432],[-103.365082,25.56248],[-103.365217,25.56269],[-103.365308,25.562642]]]}},{"type":"Feature","properties":{},"geometry":{"type":"Polygon","coordinates":[[[-103.365398,25.562594],[-103.365263,25.562384],[-103.365172,25.562432],[-103.365308,25.562642],[-103.365398,25.562594]]]}},{"type":"Feature","properties":{},"geometry":{"type":"Polygon","coordinates":[[[-103.365489,25.562546],[-103.365354,25.562336],[-103.365263,25.562384],[-103.365398,25.562594],[-103.365489,25.562546]]]}},{"type":"Feature","properties":{},"geometry":{"type":"Polygon","coordinates":[[[-103.36558,25.562498],[-103.365445,25.562288],[-103.365354,25.562336],[-103.365489,25.562546],[-103.36558,25.562498]]]}},{"type":"Feature","properties":{},"geometry":{"type":"Polygon","coordinates":[[[-103.365671,25.56245],[-103.365535,25.56224],[-103.365445,25.562288],[-103.36558,25.562498],[-103.365671,25.56245]]]}},{"type":"Feature","properties":{},"geometry":{"type":"Polygon","coordinates":[[[-103.365761,25.562402],[-103.365626,25.562192],[-103.365535,25.56224],[-103.365671,25.56245],[-103.365761,25.562402]]]}},{"type":"Feature","properties":{},"geometry":{"type":"Polygon","coordinates":[[[-103.365852,25.562354],[-103.365717,25.562144],[-103.365626,25.562192],[-103.365761,25.562402],[-103.365852,25.562354]]]}},{"type":"Feature","properties":{},"geometry":{"type":"Polygon","coordinates":[[[-103.366046,25.562251],[-103.365911,25.562041],[-103.36582,25.562089],[-103.365955,25.562299],[-103.366046,25.562251]]]}},{"type":"Feature","properties":{},"geometry":{"type":"Polygon","coordinates":[[[-103.366137,25.562203],[-103.366001,25.561993],[-103.365911,25.562041],[-103.366046,25.562251],[-103.366137,25.562203]]]}},{"type":"Feature","properties":{},"geometry":{"type":"Polygon","coordinates":[[[-103.366228,25.562155],[-103.366092,25.561945],[-103.366001,25.561993],[-103.366137,25.562203],[-103.366228,25.562155]]]}},{"type":"Feature","properties":{},"geometry":{"type":"Polygon","coordinates":[[[-103.366318,25.562107],[-103.366183,25.561897],[-103.366092,25.561945],[-103.366228,25.562155],[-103.366318,25.562107]]]}},{"type":"Feature","properties":{},"geometry":{"type":"Polygon","coordinates":[[[-103.366409,25.562059],[-103.366274,25.561849],[-103.366183,25.561897],[-103.366318,25.562107],[-103.366409,25.562059]]]}},{"type":"Feature","properties":{},"geometry":{"type":"Polygon","coordinates":[[[-103.3665,25.562011],[-103.366364,25.561801],[-103.366274,25.561849],[-103.366409,25.562059],[-103.3665,25.562011]]]}},{"type":"Feature","properties":{},"geometry":{"type":"Polygon","coordinates":[[[-103.366591,25.561963],[-103.366455,25.561753],[-103.366364,25.561801],[-103.3665,25.562011],[-103.366591,25.561963]]]}},{"type":"Feature","properties":{},"geometry":{"type":"Polygon","coordinates":[[[-103.366681,25.561915],[-103.366546,25.561705],[-103.366455,25.561753],[-103.366591,25.561963],[-103.366681,25.561915]]]}},{"type":"Feature","properties":{},"geometry":{"type":"Polygon","coordinates":[[[-103.366772,25.561867],[-103.366637,25.561657],[-103.366546,25.561705],[-103.366681,25.561915],[-103.366772,25.561867]]]}},{"type":"Feature","properties":{},"geometry":{"type":"Polygon","coordinates":[[[-103.366863,25.561819],[-103.366727,25.561609],[-103.366637,25.561657],[-103.366772,25.561867],[-103.366863,25.561819]]]}},{"type":"Feature","properties":{},"geometry":{"type":"Polygon","coordinates":[[[-103.366954,25.561771],[-103.366818,25.561561],[-103.366727,25.561609],[-103.366863,25.561819],[-103.366954,25.561771]]]}},{"type":"Feature","properties":{},"geometry":{"type":"Polygon","coordinates":[[[-103.367044,25.561723],[-103.366909,25.561513],[-103.366818,25.561561],[-103.366954,25.561771],[-103.367044,25.561723]]]}},{"type":"Feature","properties":{},"geometry":{"type":"Polygon","coordinates":[[[-103.367135,25.561675],[-103.367,25.561465],[-103.366909,25.561513],[-103.367044,25.561723],[-103.367135,25.561675]]]}},{"type":"Feature","properties":{},"geometry":{"type":"Polygon","coordinates":[[[-103.367226,25.561627],[-103.36709,25.561417],[-103.367,25.561465],[-103.367135,25.561675],[-103.367226,25.561627]]]}},{"type":"Feature","properties":{},"geometry":{"type":"Polygon","coordinates":[[[-103.367317,25.561579],[-103.367181,25.561369],[-103.36709,25.561417],[-103.367226,25.561627],[-103.367317,25.561579]]]}},{"type":"Feature","properties":{},"geometry":{"type":"Polygon","coordinates":[[[-103.367407,25.561531],[-103.367272,25.561321],[-103.367181,25.561369],[-103.367317,25.561579],[-103.367407,25.561531]]]}},{"type":"Feature","properties":{},"geometry":{"type":"Polygon","coordinates":[[[-103.367601,25.561429],[-103.367466,25.561218],[-103.367375,25.561266],[-103.36751,25.561477],[-103.367601,25.561429]]]}},{"type":"Feature","properties":{},"geometry":{"type":"Polygon","coordinates":[[[-103.367692,25.561381],[-103.367557,25.56117],[-103.367466,25.561218],[-103.367601,25.561429],[-103.367692,25.561381]]]}},{"type":"Feature","properties":{},"geometry":{"type":"Polygon","coordinates":[[[-103.367783,25.561333],[-103.367647,25.561122],[-103.367557,25.56117],[-103.367692,25.561381],[-103.367783,25.561333]]]}},{"type":"Feature","properties":{},"geometry":{"type":"Polygon","coordinates":[[[-103.367873,25.561285],[-103.367738,25.561074],[-103.367647,25.561122],[-103.367783,25.561333],[-103.367873,25.561285]]]}},{"type":"Feature","properties":{},"geometry":{"type":"Polygon","coordinates":[[[-103.367964,25.561237],[-103.367829,25.561026],[-103.367738,25.561074],[-103.367873,25.561285],[-103.367964,25.561237]]]}},{"type":"Feature","properties":{},"geometry":{"type":"Polygon","coordinates":[[[-103.368055,25.561189],[-103.36792,25.560978],[-103.367829,25.561026],[-103.367964,25.561237],[-103.368055,25.561189]]]}},{"type":"Feature","properties":{},"geometry":{"type":"Polygon","coordinates":[[[-103.368146,25.561141],[-103.36801,25.56093],[-103.36792,25.560978],[-103.368055,25.561189],[-103.368146,25.561141]]]}},{"type":"Feature","properties":{},"geometry":{"type":"Polygon","coordinates":[[[-103.368236,25.561093],[-103.368101,25.560882],[-103.36801,25.56093],[-103.368146,25.561141],[-103.368236,25.561093]]]}},{"type":"Feature","properties":{},"geometry":{"type":"Polygon","coordinates":[[[-103.368327,25.561045],[-103.368192,25.560834],[-103.368101,25.560882],[-103.368236,25.561093],[-103.368327,25.561045]]]}},{"type":"Feature","properties":{},"geometry":{"type":"Polygon","coordinates":[[[-103.368418,25.560997],[-103.368283,25.560786],[-103.368192,25.560834],[-103.368327,25.561045],[-103.368418,25.560997]]]}},{"type":"Feature","properties":{},"geometry":{"type":"Polygon","coordinates":[[[-103.368509,25.560949],[-103.368373,25.560738],[-103.368283,25.560786],[-103.368418,25.560997],[-103.368509,25.560949]]]}},{"type":"Feature","properties":{},"geometry":{"type":"Polygon","coordinates":[[[-103.368599,25.560901],[-103.368464,25.56069],[-103.368373,25.560738],[-103.368509,25.560949],[-103.368599,25.560901]]]}},{"type":"Feature","properties":{},"geometry":{"type":"Polygon","coordinates":[[[-103.36869,25.560853],[-103.368555,25.560642],[-103.368464,25.56069],[-103.368599,25.560901],[-103.36869,25.560853]]]}},{"type":"Feature","properties":{},"geometry":{"type":"Polygon","coordinates":[[[-103.368781,25.560805],[-103.368646,25.560594],[-103.368555,25.560642],[-103.36869,25.560853],[-103.368781,25.560805]]]}},{"type":"Feature","properties":{},"geometry":{"type":"Polygon","coordinates":[[[-103.368872,25.560757],[-103.368736,25.560546],[-103.368646,25.560594],[-103.368781,25.560805],[-103.368872,25.560757]]]}},{"type":"Feature","properties":{},"geometry":{"type":"Polygon","coordinates":[[[-103.368962,25.560709],[-103.368827,25.560498],[-103.368736,25.560546],[-103.368872,25.560757],[-103.368962,25.560709]]]}},{"type":"Feature","properties":{},"geometry":{"type":"Polygon","coordinates":[[[-103.369156,25.560606],[-103.369021,25.560396],[-103.36893,25.560444],[-103.369066,25.560654],[-103.369156,25.560606]]]}},{"type":"Feature","properties":{},"geometry":{"type":"Polygon","coordinates":[[[-103.369247,25.560558],[-103.369112,25.560348],[-103.369021,25.560396],[-103.369156,25.560606],[-103.369247,25.560558]]]}},{"type":"Feature","properties":{},"geometry":{"type":"Polygon","coordinates":[[[-103.363585,25.563961],[-103.36345,25.56375],[-103.363359,25.563798],[-103.363494,25.564009],[-103.363585,25.563961]]]}},{"type":"Feature","properties":{},"geometry":{"type":"Polygon","coordinates":[[[-103.363676,25.563913],[-103.363541,25.563702],[-103.36345,25.56375],[-103.363585,25.563961],[-103.363676,25.563913]]]}}]}