{"type":"FeatureCollection","features":[{"type":"Feature","properties":{},"geometry":{"type":"Polygon","coordinates":[[[-103.357958,25.56421],[-103.357823,25.563999],[-103.357734,25.564046],[-103.357869,25.564257],[-103.357958,25.56421]]]}},{"type":"Feature","properties":{},"geometry":{"type":"Polygon","coordinates":[[[-103.358047,25.564163],[-103.357912,25.563952],[-103.357823,25.563999],[-103.357958,25.56421],[-103.358047,25.564163]]]}},{"type":"Feature","properties":{},"geometry":{"type":"Polygon","coordinates":[[[-103.358136,25.564116],[-103.358001,25.563905],[-103.357912,25.563952],[-103.358047,25.564163],[-103.358136,25.564116]]]}},{"type":"Feature","properties":{},"geometry":{"type":"Polygon","coordinates":[[[-103.358226,25.564068],[-103.35809,25.563858],[-103.358001,25.563905],[-103.358136,25.564116],[-103.358226,25.564068]]]}},{"type":"Feature","properties":{},"geometry":{"type":"Polygon","coordinates":[[[-103.358315,25.564021],[-103.358179,25.563811],[-103.35809,25.563858],[-103.358226,25.564068],[-103.358315,25.564021]]]}},{"type":"Feature","properties":{},"geometry":{"type":"Polygon","coordinates":[[[-103.358404,25.563974],[-103.358269,25.563764],[-103.358179,25.563811],[-103.358315,25.564021],[-103.358404,25.563974]]]}},{"type":"Feature","properties":{},"geometry":{"type":"Polygon","coordinates":[[[-103.358493,25.563927],[-103.358358,25.563716],[-103.358269,25.563764],[-103.358404,25.563974],[-103.358493,25.563927]]]}},{"type":"Feature","properties":{},"geometry":{"type":"Polygon","coordinates":[[[-103.358685,25.563825],[-103.35855,25.563615],[-103.358461,25.563662],[-103.358596,25.563872],[-103.358685,25.563825]]]}},{"type":"Feature","properties":{},"geometry":{"type":"Polygon","coordinates":[[[-103.358775,25.563778],[-103.358639,25.563567],[-103.35855,25.563615],[-103.358685,25.563825],[-103.358775,25.563778]]]}},{"type":"Feature","properties":{},"geometry":{"type":"Polygon","coordinates":[[[-103.358864,25.563731],[-103.358728,25.56352],[-103.358639,25.563567],[-103.358775,25.563778],[-103.358864,25.563731]]]}},{"type":"Feature","properties":{},"geometry":{"type":"Polygon","coordinates":[[[-103.358953,25.563684],[-103.358818,25.563473],[-103.358728,25.56352],[-103.358864,25.563731],[-103.358953,25.563684]]]}},{"type":"Feature","properties":{},"geometry":{"type":"Polygon","coordinates":[[[-103.359042,25.563637],[-103.358907,25.563426],[-103.358818,25.563473],[-103.358953,25.563684],[-103.359042,25.563637]]]}},{"type":"Feature","properties":{},"geometry":{"type":"Polygon","coordinates":[[[-103.359131,25.563589],[-103.358996,25.563379],[-103.358907,25.563426],[-103.359042,25.563637],[-103.359131,25.563589]]]}},{"type":"Feature","properties":{},"geometry":{"type":"Polygon","coordinates":[[[-103.35922,25.563542],[-103.359085,25.563332],[-103.358996,25.563379],[-103.359131,25.563589],[-103.35922,25.563542]]]}},{"type":"Feature","properties":{},"geometry":{"type":"Polygon","coordinates":[[[-103.35931,25.563495],[-103.359174,25.563284],[-103.359085,25.563332],[-103.35922,25.563542],[-103.35931,25.563495]]]}},{"type":"Feature","properties":{},"geometry":{"type":"Polygon","coordinates":[[[-103.359399,25.563448],[-103.359263,25.563237],[-103.359174,25.563284],[-103.35931,25.563495],[-103.359399,25.563448]]]}},{"type":"Feature","properties":{},"geometry":{"type":"Polygon","coordinates":[[[-103.359488,25.563401],[-103.359352,25.56319],[-103.359263,25.563237],[-103.359399,25.563448],[-103.359488,25.563401]]]}},{"type":"Feature","properties":{},"geometry":{"type":"Polygon","coordinates":[[[-103.359577,25.563354],[-103.359442,25.563143],[-103.359352,25.56319],[-103.359488,25.563401],[-103.359577,25.563354]]]}},{"type":"Feature","properties":{},"geometry":{"type":"Polygon","coordinates":[[[-103.359666,25.563306],[-103.359531,25.563096],[-103.359442,25.563143],[-103.359577,25.563354],[-103.359666,25.563306]]]}},{"type":"Feature","properties":{},"geometry":{"type":"Polygon","coordinates":[[[-103.359755,25.563259],[-103.35962,25.563049],[-103.359531,25.563096],[-103.359666,25.563306],[-103.359755,25.563259]]]}},{"type":"Feature","properties":{},"geometry":{"type":"Polygon","coordinates":[[[-103.359844,25.563212],[-103.359709,25.563002],[-103.35962,25.563049],[-103.359755,25.563259],[-103.359844,25.563212]]]}},{"type":"Feature","properties":{},"geometry":{"type":"Polygon","coordinates":[[[-103.359934,25.563165],[-103.359798,25.562954],[-103.359709,25.563002],[-103.359844,25.563212],[-103.359934,25.563165]]]}},{"type":"Feature","properties":{},"geometry":{"type":"Polygon","coordinates":[[[-103.360023,25.563118],[-103.359887,25.562907],[-103.359798,25.562954],[-103.359934,25.563165],[-103.360023,25.563118]]]}},{"type":"Feature","properties":{},"geometry":{"type":"Polygon","coordinates":[[[-103.360215,25.563016],[-103.36008,25.562805],[-103.359991,25.562853],[-103.360126,25.563063],[-103.360215,25.563016]]]}},{"type":"Feature","properties":{},"geometry":{"type":"Polygon","coordinates":[[[-103.360304,25.562969],[-103.360169,25.562758],[-103.36008,25.562805],[-103.360215,25.563016],[-103.360304,25.562969]]]}},{"type":"Feature","properties":{},"geometry":{"type":"Polygon","coordinates":[[[-103.360393,25.562922],[-103.360258,25.562711],[-103.360169,25.562758],[-103.360304,25.562969],[-103.360393,25.562922]]]}},{"type":"Feature","properties":{},"geometry":{"type":"Polygon","coordinates":[[[-103.360483,25.562875],[-103.360347,25.562664],[-103.360258,25.562711],[-103.360393,25.562922],[-103.360483,25.562875]]]}},{"type":"Feature","properties":{},"geometry":{"type":"Polygon","coordinates":[[[-103.360572,25.562827],[-103.360436,25.562617],[-103.360347,25.562664],[-103.360483,25.562875],[-103.360572,25.562827]]]}},{"type":"Feature","properties":{},"geometry":{"type":"Polygon","coordinates":[[[-103.360661,25.56278],[-103.360526,25.56257],[-103.360436,25.562617],[-103.360572,25.562827],[-103.360661,25.56278]]]}},{"type":"Feature","properties":{},"geometry":{"type":"Polygon","coordinates":[[[-103.36075,25.562733],[-103.360615,25.562523],[-103.360526,25.56257],[-103.360661,25.56278],[-103.36075,25.562733]]]}},{"type":"Feature","properties":{},"geometry":{"type":"Polygon","coordinates":[[[-103.360839,25.562686],[-103.360704,25.562475],[-103.360615,25.562523],[-103.36075,25.562733],[-103.360839,25.562686]]]}},{"type":"Feature","properties":{},"geometry":{"type":"Polygon","coordinates":[[[-103.360928,25.562639],[-103.360793,25.562428],[-103.360704,25.562475],[-103.360839,25.562686],[-103.360928,25.562639]]]}},{"type":"Feature","properties":{},"geometry":{"type":"Polygon","coordinates":[[[-103.361018,25.562592],[-103.360882,25.562381],[-103.360793,25.562428],[-103.360928,25.562639],[-103.361018,25.562592]]]}},{"type":"Feature","properties":{},"geometry":{"type":"Polygon","coordinates":[[[-103.361107,25.562544],[-103.360971,25.562334],[-103.360882,25.562381],[-103.361018,25.562592],[-103.361107,25.562544]]]}},{"type":"Feature","properties":{},"geometry":{"type":"Polygon","coordinates":[[[-103.361196,25.562497],[-103.36106,25.562287],[-103.360971,25.562334],[-103.361107,25.562544],[-103.361196,25.562497]]]}},{"type":"Feature","properties":{},"geometry":{"type":"Polygon","coordinates":[[[-103.361285,25.56245],[-103.36115,25.56224],[-103.36106,25.562287],[-103.361196,25.562497],[-103.361285,25.56245]]]}},{"type":"Feature","properties":{},"geometry":{"type":"Polygon","coordinates":[[[-103.361374,25.562403],[-103.361239,25.562192],[-103.36115,25.56224],[-103.361285,25.56245],[-103.361374,25.562403]]]}},{"type":"Feature","properties":{},"geometry":{"type":"Polygon","coordinates":[[[-103.361463,25.562356],[-103.361328,25.562145],[-103.361239,25.562192],[-103.361374,25.562403],[-103.361463,25.562356]]]}},{"type":"Feature","properties":{},"geometry":{"type":"Polygon","coordinates":[[[-103.361552,25.562309],[-103.361417,25.562098],[-103.361328,25.562145],[-103.361463,25.562356],[-103.361552,25.562309]]]}},{"type":"Feature","properties":{},"geometry":{"type":"Polygon","coordinates":[[[-103.361745,25.562207],[-103.361609,25.561996],[-103.36152,25.562043],[-103.361656,25.562254],[-103.361745,25.562207]]]}},{"type":"Feature","properties":{},"geometry":{"type":"Polygon","coordinates":[[[-103.361834,25.56216],[-103.361699,25.561949],[-103.361609,25.561996],[-103.361745,25.562207],[-103.361834,25.56216]]]}},{"type":"Feature","properties":{},"geometry":{"type":"Polygon","coordinates":[[[-103.361923,25.562113],[-103.361788,25.561902],[-103.361699,25.561949],[-103.361834,25.56216],[-103.361923,25.562113]]]}},{"type":"Feature","properties":{},"geometry":{"type":"Polygon","coordinates":[[[-103.362012,25.562065],[-103.361877,25.561855],[-103.361788,25.561902],[-103.361923,25.562113],[-103.362012,25.562065]]]}},{"type":"Feature","properties":{},"geometry":{"type":"Polygon","coordinates":[[[-103.362101,25.562018],[-103.361966,25.561808],[-103.361877,25.561855],[-103.362012,25.562065],[-103.362101,25.562018]]]}},{"type":"Feature","properties":{},"geometry":{"type":"Polygon","coordinates":[[[-103.362191,25.561971],[-103.362055,25.561761],[-103.361966,25.561808],[-103.362101,25.562018],[-103.362191,25.561971]]]}},{"type":"Feature","properties":{},"geometry":{"type":"Polygon","coordinates":[[[-103.36228,25.561924],[-103.362144,25.561713],[-103.362055,25.561761],[-103.362191,25.561971],[-103.36228,25.561924]]]}},{"type":"Feature","properties":{},"geometry":{"type":"Polygon","coordinates":[[[-103.362369,25.561877],[-103.362234,25.561666],[-103.362144,25.561713],[-103.36228,25.561924],[-103.362369,25.561877]]]}},{"type":"Feature","properties":{},"geometry":{"type":"Polygon","coordinates":[[[-103.363364,25.561351],[-103.363228,25.56114],[-103.363139,25.561187],[-103.363274,25.561398],[-103.363364,25.561351]]]}},{"type":"Feature","properties":{},"geometry":{"type":"Polygon","coordinates":[[[-103.363453,25.561303],[-103.363317,25.561093],[-103.363228,25.56114],[-103.363364,25.561351],[-103.363453,25.561303]]]}},{"type":"Feature","properties":{},"geometry":{"type":"Polygon","coordinates":[[[-103.363542,25.561256],[-103.363407,25.561046],[-103.363317,25.561093],[-103.363453,25.561303],[-103.363542,25.561256]]]}},{"type":"Feature","properties":{},"geometry":{"type":"Polygon","coordinates":[[[-103.363631,25.561209],[-103.363496,25.560999],[-103.363407,25.561046],[-103.363542,25.561256],[-103.363631,25.561209]]]}},{"type":"Feature","properties":{},"geometry":{"type":"Polygon","coordinates":[[[-103.36372,25.561162],[-103.363585,25.560951],[-103.363496,25.560999],[-103.363631,25.561209],[-103.36372,25.561162]]]}},{"type":"Feature","properties":{},"geometry":{"type":"Polygon","coordinates":[[[-103.363809,25.561115],[-103.363674,25.560904],[-103.363585,25.560951],[-103.36372,25.561162],[-103.363809,25.561115]]]}},{"type":"Feature","properties":{},"geometry":{"type":"Polygon","coordinates":[[[-103.363899,25.561068],[-103.363763,25.560857],[-103.363674,25.560904],[-103.363809,25.561115],[-103.363899,25.561068]]]}},{"type":"Feature","properties":{},"geometry":{"type":"Polygon","coordinates":[[[-103.363988,25.56102],[-103.363852,25.56081],[-103.363763,25.560857],[-103.363899,25.561068],[-103.363988,25.56102]]]}},{"type":"Feature","properties":{},"geometry":{"type":"Polygon","coordinates":[[[-103.364077,25.560973],[-103.363941,25.560763],[-103.363852,25.56081],[-103.363988,25.56102],[-103.364077,25.560973]]]}},{"type":"Feature","properties":{},"geometry":{"type":"Polygon","coordinates":[[[-103.364166,25.560926],[-103.364031,25.560716],[-103.363941,25.560763],[-103.364077,25.560973],[-103.364166,25.560926]]]}},{"type":"Feature","properties":{},"geometry":{"type":"Polygon","coordinates":[[[-103.364255,25.560879],[-103.36412,25.560668],[-103.364031,25.560716],[-103.364166,25.560926],[-103.364255,25.560879]]]}},{"type":"Feature","properties":{},"geometry":{"type":"Polygon","coordinates":[[[-103.364344,25.560832],[-103.364209,25.560621],[-103.36412,25.560668],[-103.364255,25.560879],[-103.364344,25.560832]]]}},{"type":"Feature","properties":{},"geometry":{"type":"Polygon","coordinates":[[[-103.364433,25.560785],[-103.364298,25.560574],[-103.364209,25.560621],[-103.364344,25.560832],[-103.364433,25.560785]]]}},{"type":"Feature","properties":{},"geometry":{"type":"Polygon","coordinates":[[[-103.364523,25.560737],[-103.364387,25.560527],[-103.364298,25.560574],[-103.364433,25.560785],[-103.364523,25.560737]]]}},{"type":"Feature","properties":{},"geometry":{"type":"Polygon","coordinates":[[[-103.364612,25.56069],[-103.364476,25.56048],[-103.364387,25.560527],[-103.364523,25.560737],[-103.364612,25.56069]]]}},{"type":"Feature","properties":{},"geometry":{"type":"Polygon","coordinates":[[[-103.364804,25.560589],[-103.364669,25.560378],[-103.36458,25.560425],[-103.364715,25.560636],[-103.364804,25.560589]]]}},{"type":"Feature","properties":{},"geometry":{"type":"Polygon","coordinates":[[[-103.364893,25.560541],[-103.364758,25.560331],[-103.364669,25.560378],[-103.364804,25.560589],[-103.364893,25.560541]]]}},{"type":"Feature","properties":{},"geometry":{"type":"Polygon","coordinates":[[[-103.364982,25.560494],[-103.364847,25.560284],[-103.364758,25.560331],[-103.364893,25.560541],[-103.364982,25.560494]]]}},{"type":"Feature","properties":{},"geometry":{"type":"Polygon","coordinates":[[[-103.365072,25.560447],[-103.364936,25.560236],[-103.364847,25.560284],[-103.364982,25.560494],[-103.365072,25.560447]]]}},{"type":"Feature","properties":{},"geometry":{"type":"Polygon","coordinates":[[[-103.366052,25.559928],[-103.365917,25.559718],[-103.365828,25.559765],[-103.365963,25.559975],[-103.366052,25.559928]]]}},{"type":"Feature","properties":{},"geometry":{"type":"Polygon","coordinates":[[[-103.366141,25.559881],[-103.366006,25.559671],[-103.365917,25.559718],[-103.366052,25.559928],[-103.366141,25.559881]]]}},{"type":"Feature","properties":{},"geometry":{"type":"Polygon","coordinates":[[[-103.366334,25.559779],[-103.366198,25.559569],[-103.366109,25.559616],[-103.366245,25.559826],[-103.366334,25.559779]]]}},{"type":"Feature","properties":{},"geometry":{"type":"Polygon","coordinates":[[[-103.366423,25.559732],[-103.366287,25.559522],[-103.366198,25.559569],[-103.366334,25.559779],[-103.366423,25.559732]]]}},{"type":"Feature","properties":{},"geometry":{"type":"Polygon","coordinates":[[[-103.366512,25.559685],[-103.366377,25.559474],[-103.366287,25.559522],[-103.366423,25.559732],[-103.366512,25.559685]]]}},{"type":"Feature","properties":{},"geometry":{"type":"Polygon","coordinates":[[[-103.366601,25.559638],[-103.366466,25.559427],[-103.366377,25.559474],[-103.366512,25.559685],[-103.366601,25.559638]]]}},{"type":"Feature","properties":{},"geometry":{"type":"Polygon","coordinates":[[[-103.36669,25.559591],[-103.366555,25.55938],[-103.366466,25.559427],[-103.366601,25.559638],[-103.36669,25.559591]]]}},{"type":"Feature","properties":{},"geometry":{"type":"Polygon","coordinates":[[[-103.366779,25.559544],[-103.366644,25.559333],[-103.366555,25.55938],[-103.36669,25.559591],[-103.366779,25.559544]]]}},{"type":"Feature","properties":{},"geometry":{"type":"Polygon","coordinates":[[[-103.366869,25.559496],[-103.366733,25.559286],[-103.366644,25.559333],[-103.366779,25.559544],[-103.366869,25.559496]]]}},{"type":"Feature","properties":{},"geometry":{"type":"Polygon","coordinates":[[[-103.366958,25.559449],[-103.366822,25.559239],[-103.366733,25.559286],[-103.366869,25.559496],[-103.366958,25.559449]]]}},{"type":"Feature","properties":{},"geometry":{"type":"Polygon","coordinates":[[[-103.367047,25.559402],[-103.366912,25.559191],[-103.366822,25.559239],[-103.366958,25.559449],[-103.367047,25.559402]]]}},{"type":"Feature","properties":{},"geometry":{"type":"Polygon","coordinates":[[[-103.367136,25.559355],[-103.367001,25.559144],[-103.366912,25.559191],[-103.367047,25.559402],[-103.367136,25.559355]]]}},{"type":"Feature","properties":{},"geometry":{"type":"Polygon","coordinates":[[[-103.367225,25.559308],[-103.36709,25.559097],[-103.367001,25.559144],[-103.367136,25.559355],[-103.367225,25.559308]]]}},{"type":"Feature","properties":{},"geometry":{"type":"Polygon","coordinates":[[[-103.367314,25.559261],[-103.367179,25.55905],[-103.36709,25.559097],[-103.367225,25.559308],[-103.367314,25.559261]]]}},{"type":"Feature","properties":{},"geometry":{"type":"Polygon","coordinates":[[[-103.367404,25.559213],[-103.367268,25.559003],[-103.367179,25.55905],[-103.367314,25.559261],[-103.367404,25.559213]]]}},{"type":"Feature","properties":{},"geometry":{"type":"Polygon","coordinates":[[[-103.367493,25.559166],[-103.367357,25.558956],[-103.367268,25.559003],[-103.367404,25.559213],[-103.367493,25.559166]]]}},{"type":"Feature","properties":{},"geometry":{"type":"Polygon","coordinates":[[[-103.367582,25.559119],[-103.367446,25.558908],[-103.367357,25.558956],[-103.367493,25.559166],[-103.367582,25.559119]]]}},{"type":"Feature","properties":{},"geometry":{"type":"Polygon","coordinates":[[[-103.367671,25.559072],[-103.367536,25.558861],[-103.367446,25.558908],[-103.367582,25.559119],[-103.367671,25.559072]]]}},{"type":"Feature","properties":{},"geometry":{"type":"Polygon","coordinates":[[[-103.367863,25.55897],[-103.367728,25.55876],[-103.367639,25.558807],[-103.367774,25.559017],[-103.367863,25.55897]]]}},{"type":"Feature","properties":{},"geometry":{"type":"Polygon","coordinates":[[[-103.367952,25.558923],[-103.367817,25.558712],[-103.367728,25.55876],[-103.367863,25.55897],[-103.367952,25.558923]]]}},{"type":"Feature","properties":{},"geometry":{"type":"Polygon","coordinates":[[[-103.368042,25.558876],[-103.367906,25.558665],[-103.367817,25.558712],[-103.367952,25.558923],[-103.368042,25.558876]]]}},{"type":"Feature","properties":{},"geometry":{"type":"Polygon","coordinates":[[[-103.368131,25.558829],[-103.367995,25.558618],[-103.367906,25.558665],[-103.368042,25.558876],[-103.368131,25.558829]]]}},{"type":"Feature","properties":{},"geometry":{"type":"Polygon","coordinates":[[[-103.36822,25.558781],[-103.368085,25.558571],[-103.367995,25.558618],[-103.368131,25.558829],[-103.36822,25.558781]]]}},{"type":"Feature","properties":{},"geometry":{"type":"Polygon","coordinates":[[[-103.368309,25.558734],[-103.368174,25.558524],[-103.368085,25.558571],[-103.36822,25.558781],[-103.368309,25.558734]]]}},{"type":"Feature","properties":{},"geometry":{"type":"Polygon","coordinates":[[[-103.358001,25.563905],[-103.357866,25.563694],[-103.357777,25.563742],[-103.357912,25.563952],[-103.358001,25.563905]]]}},{"type":"Feature","properties":{},"geometry":{"type":"Polygon","coordinates":[[[-103.35809,25.563858],[-103.357955,25.563647],[-103.357866,25.563694],[-103.358001,25.563905],[-103.35809,25.563858]]]}},{"type":"Feature","properties":{},"geometry":{"type":"Polygon","coordinates":[[[-103.358179,25.563811],[-103.358044,25.5636],[-103.357955,25.563647],[-103.35809,25.563858],[-103.358179,25.563811]]]}},{"type":"Feature","properties":{},"geometry":{"type":"Polygon","coordinates":[[[-103.358269,25.563764],[-103.358133,25.563553],[-103.358044,25.5636],[-103.358179,25.563811],[-103.358269,25.563764]]]}},{"type":"Feature","properties":{},"geometry":{"type":"Polygon","coordinates":[[[-103.358358,25.563716],[-103.358222,25.563506],[-103.358133,25.563553],[-103.358269,25.563764],[-103.358358,25.563716]]]}},{"type":"Feature","properties":{},"geometry":{"type":"Polygon","coordinates":[[[-103.35855,25.563615],[-103.358415,25.563404],[-103.358326,25.563451],[-103.358461,25.563662],[-103.35855,25.563615]]]}},{"type":"Feature","properties":{},"geometry":{"type":"Polygon","coordinates":[[[-103.358639,25.563567],[-103.358504,25.563357],[-103.358415,25.563404],[-103.35855,25.563615],[-103.358639,25.563567]]]}},{"type":"Feature","properties":{},"geometry":{"type":"Polygon","coordinates":[[[-103.358728,25.56352],[-103.358593,25.56331],[-103.358504,25.563357],[-103.358639,25.563567],[-103.358728,25.56352]]]}},{"type":"Feature","properties":{},"geometry":{"type":"Polygon","coordinates":[[[-103.358818,25.563473],[-103.358682,25.563263],[-103.358593,25.56331],[-103.358728,25.56352],[-103.358818,25.563473]]]}},{"type":"Feature","properties":{},"geometry":{"type":"Polygon","coordinates":[[[-103.358907,25.563426],[-103.358771,25.563215],[-103.358682,25.563263],[-103.358818,25.563473],[-103.358907,25.563426]]]}},{"type":"Feature","properties":{},"geometry":{"type":"Polygon","coordinates":[[[-103.358996,25.563379],[-103.358861,25.563168],[-103.358771,25.563215],[-103.358907,25.563426],[-103.358996,25.563379]]]}},{"type":"Feature","properties":{},"geometry":{"type":"Polygon","coordinates":[[[-103.359085,25.563332],[-103.35895,25.563121],[-103.358861,25.563168],[-103.358996,25.563379],[-103.359085,25.563332]]]}},{"type":"Feature","properties":{},"geometry":{"type":"Polygon","coordinates":[[[-103.359174,25.563284],[-103.359039,25.563074],[-103.35895,25.563121],[-103.359085,25.563332],[-103.359174,25.563284]]]}},{"type":"Feature","properties":{},"geometry":{"type":"Polygon","coordinates":[[[-103.359263,25.563237],[-103.359128,25.563027],[-103.359039,25.563074],[-103.359174,25.563284],[-103.359263,25.563237]]]}},{"type":"Feature","properties":{},"geometry":{"type":"Polygon","coordinates":[[[-103.359352,25.56319],[-103.359217,25.56298],[-103.359128,25.563027],[-103.359263,25.563237],[-103.359352,25.56319]]]}},{"type":"Feature","properties":{},"geometry":{"type":"Polygon","coordinates":[[[-103.359442,25.563143],[-103.359306,25.562932],[-103.359217,25.56298],[-103.359352,25.56319],[-103.359442,25.563143]]]}},{"type":"Feature","properties":{},"geometry":{"type":"Polygon","coordinates":[[[-103.359531,25.563096],[-103.359395,25.562885],[-103.359306,25.562932],[-103.359442,25.563143],[-103.359531,25.563096]]]}},{"type":"Feature","properties":{},"geometry":{"type":"Polygon","coordinates":[[[-103.35962,25.563049],[-103.359485,25.562838],[-103.359395,25.562885],[-103.359531,25.563096],[-103.35962,25.563049]]]}},{"type":"Feature","properties":{},"geometry":{"type":"Polygon","coordinates":[[[-103.359709,25.563002],[-103.359574,25.562791],[-103.359485,25.562838],[-103.35962,25.563049],[-103.359709,25.563002]]]}},{"type":"Feature","properties":{},"geometry":{"type":"Polygon","coordinates":[[[-103.359798,25.562954],[-103.359663,25.562744],[-103.359574,25.562791],[-103.359709,25.563002],[-103.359798,25.562954]]]}},{"type":"Feature","properties":{},"geometry":{"type":"Polygon","coordinates":[[[-103.359887,25.562907],[-103.359752,25.562697],[-103.359663,25.562744],[-103.359798,25.562954],[-103.359887,25.562907]]]}},{"type":"Feature","properties":{},"geometry":{"type":"Polygon","coordinates":[[[-103.36008,25.562805],[-103.359944,25.562595],[-103.359855,25.562642],[-103.359991,25.562853],[-103.36008,25.562805]]]}},{"type":"Feature","properties":{},"geometry":{"type":"Polygon","coordinates":[[[-103.360169,25.562758],[-103.360034,25.562548],[-103.359944,25.562595],[-103.36008,25.562805],[-103.360169,25.562758]]]}},{"type":"Feature","properties":{},"geometry":{"type":"Polygon","coordinates":[[[-103.360258,25.562711],[-103.360123,25.562501],[-103.360034,25.562548],[-103.360169,25.562758],[-103.360258,25.562711]]]}},{"type":"Feature","properties":{},"geometry":{"type":"Polygon","coordinates":[[[-103.360347,25.562664],[-103.360212,25.562453],[-103.360123,25.562501],[-103.360258,25.562711],[-103.360347,25.562664]]]}},{"type":"Feature","properties":{},"geometry":{"type":"Polygon","coordinates":[[[-103.360436,25.562617],[-103.360301,25.562406],[-103.360212,25.562453],[-103.360347,25.562664],[-103.360436,25.562617]]]}},{"type":"Feature","properties":{},"geometry":{"type":"Polygon","coordinates":[[[-103.360526,25.56257],[-103.36039,25.562359],[-103.360301,25.562406],[-103.360436,25.562617],[-103.360526,25.56257]]]}},{"type":"Feature","properties":{},"geometry":{"type":"Polygon","coordinates":[[[-103.360615,25.562523],[-103.360479,25.562312],[-103.36039,25.562359],[-103.360526,25.56257],[-103.360615,25.562523]]]}},{"type":"Feature","properties":{},"geometry":{"type":"Polygon","coordinates":[[[-103.360704,25.562475],[-103.360568,25.562265],[-103.360479,25.562312],[-103.360615,25.562523],[-103.360704,25.562475]]]}},{"type":"Feature","properties":{},"geometry":{"type":"Polygon","coordinates":[[[-103.360793,25.562428],[-103.360658,25.562218],[-103.360568,25.562265],[-103.360704,25.562475],[-103.360793,25.562428]]]}},{"type":"Feature","properties":{},"geometry":{"type":"Polygon","coordinates":[[[-103.360882,25.562381],[-103.360747,25.56217],[-103.360658,25.562218],[-103.360793,25.562428],[-103.360882,25.562381]]]}},{"type":"Feature","properties":{},"geometry":{"type":"Polygon","coordinates":[[[-103.360971,25.562334],[-103.360836,25.562123],[-103.360747,25.56217],[-103.360882,25.562381],[-103.360971,25.562334]]]}},{"type":"Feature","properties":{},"geometry":{"type":"Polygon","coordinates":[[[-103.36106,25.562287],[-103.360925,25.562076],[-103.360836,25.562123],[-103.360971,25.562334],[-103.36106,25.562287]]]}},{"type":"Feature","properties":{},"geometry":{"type":"Polygon","coordinates":[[[-103.36115,25.56224],[-103.361014,25.562029],[-103.360925,25.562076],[-103.36106,25.562287],[-103.36115,25.56224]]]}},{"type":"Feature","properties":{},"geometry":{"type":"Polygon","coordinates":[[[-103.361239,25.562192],[-103.361103,25.561982],[-103.361014,25.562029],[-103.36115,25.56224],[-103.361239,25.562192]]]}},{"type":"Feature","properties":{},"geometry":{"type":"Polygon","coordinates":[[[-103.361328,25.562145],[-103.361193,25.561935],[-103.361103,25.561982],[-103.361239,25.562192],[-103.361328,25.562145]]]}},{"type":"Feature","properties":{},"geometry":{"type":"Polygon","coordinates":[[[-103.361417,25.562098],[-103.361282,25.561888],[-103.361193,25.561935],[-103.361328,25.562145],[-103.361417,25.562098]]]}},{"type":"Feature","properties":{},"geometry":{"type":"Polygon","coordinates":[[[-103.361609,25.561996],[-103.361474,25.561786],[-103.361385,25.561833],[-103.36152,25.562043],[-103.361609,25.561996]]]}},{"type":"Feature","properties":{},"geometry":{"type":"Polygon","coordinates":[[[-103.361699,25.561949],[-103.361563,25.561739],[-103.361474,25.561786],[-103.361609,25.561996],[-103.361699,25.561949]]]}},{"type":"Feature","properties":{},"geometry":{"type":"Polygon","coordinates":[[[-103.361788,25.561902],[-103.361652,25.561691],[-103.361563,25.561739],[-103.361699,25.561949],[-103.361788,25.561902]]]}},{"type":"Feature","properties":{},"geometry":{"type":"Polygon","coordinates":[[[-103.361877,25.561855],[-103.361742,25.561644],[-103.361652,25.561691],[-103.361788,25.561902],[-103.361877,25.561855]]]}},{"type":"Feature","properties":{},"geometry":{"type":"Polygon","coordinates":[[[-103.361966,25.561808],[-103.361831,25.561597],[-103.361742,25.561644],[-103.361877,25.561855],[-103.361966,25.561808]]]}},{"type":"Feature","properties":{},"geometry":{"type":"Polygon","coordinates":[[[-103.362055,25.561761],[-103.36192,25.56155],[-103.361831,25.561597],[-103.361966,25.561808],[-103.362055,25.561761]]]}},{"type":"Feature","properties":{},"geometry":{"type":"Polygon","coordinates":[[[-103.362144,25.561713],[-103.362009,25.561503],[-103.36192,25.56155],[-103.362055,25.561761],[-103.362144,25.561713]]]}},{"type":"Feature","properties":{},"geometry":{"type":"Polygon","coordinates":[[[-103.362234,25.561666],[-103.362098,25.561456],[-103.362009,25.561503],[-103.362144,25.561713],[-103.362234,25.561666]]]}},{"type":"Feature","properties":{},"geometry":{"type":"Polygon","coordinates":[[[-103.363228,25.56114],[-103.363093,25.560929],[-103.363004,25.560977],[-103.363139,25.561187],[-103.363228,25.56114]]]}},{"type":"Feature","properties":{},"geometry":{"type":"Polygon","coordinates":[[[-103.363317,25.561093],[-103.363182,25.560882],[-103.363093,25.560929],[-103.363228,25.56114],[-103.363317,25.561093]]]}},{"type":"Feature","properties":{},"geometry":{"type":"Polygon","coordinates":[[[-103.363407,25.561046],[-103.363271,25.560835],[-103.363182,25.560882],[-103.363317,25.561093],[-103.363407,25.561046]]]}},{"type":"Feature","properties":{},"geometry":{"type":"Polygon","coordinates":[[[-103.363496,25.560999],[-103.36336,25.560788],[-103.363271,25.560835],[-103.363407,25.561046],[-103.363496,25.560999]]]}},{"type":"Feature","properties":{},"geometry":{"type":"Polygon","coordinates":[[[-103.363585,25.560951],[-103.363449,25.560741],[-103.36336,25.560788],[-103.363496,25.560999],[-103.363585,25.560951]]]}},{"type":"Feature","properties":{},"geometry":{"type":"Polygon","coordinates":[[[-103.363674,25.560904],[-103.363539,25.560694],[-103.363449,25.560741],[-103.363585,25.560951],[-103.363674,25.560904]]]}},{"type":"Feature","properties":{},"geometry":{"type":"Polygon","coordinates":[[[-103.363763,25.560857],[-103.363628,25.560646],[-103.363539,25.560694],[-103.363674,25.560904],[-103.363763,25.560857]]]}},{"type":"Feature","properties":{},"geometry":{"type":"Polygon","coordinates":[[[-103.363852,25.56081],[-103.363717,25.560599],[-103.363628,25.560646],[-103.363763,25.560857],[-103.363852,25.56081]]]}},{"type":"Feature","properties":{},"geometry":{"type":"Polygon","coordinates":[[[-103.363941,25.560763],[-103.363806,25.560552],[-103.363717,25.560599],[-103.363852,25.56081],[-103.363941,25.560763]]]}},{"type":"Feature","properties":{},"geometry":{"type":"Polygon","coordinates":[[[-103.364031,25.560716],[-103.363895,25.560505],[-103.363806,25.560552],[-103.363941,25.560763],[-103.364031,25.560716]]]}},{"type":"Feature","properties":{},"geometry":{"type":"Polygon","coordinates":[[[-103.36412,25.560668],[-103.363984,25.560458],[-103.363895,25.560505],[-103.364031,25.560716],[-103.36412,25.560668]]]}},{"type":"Feature","properties":{},"geometry":{"type":"Polygon","coordinates":[[[-103.364209,25.560621],[-103.364074,25.560411],[-103.363984,25.560458],[-103.36412,25.560668],[-103.364209,25.560621]]]}},{"type":"Feature","properties":{},"geometry":{"type":"Polygon","coordinates":[[[-103.364298,25.560574],[-103.364163,25.560363],[-103.364074,25.560411],[-103.364209,25.560621],[-103.364298,25.560574]]]}},{"type":"Feature","properties":{},"geometry":{"type":"Polygon","coordinates":[[[-103.364387,25.560527],[-103.364252,25.560316],[-103.364163,25.560363],[-103.364298,25.560574],[-103.364387,25.560527]]]}},{"type":"Feature","properties":{},"geometry":{"type":"Polygon","coordinates":[[[-103.364476,25.56048],[-103.364341,25.560269],[-103.364252,25.560316],[-103.364387,25.560527],[-103.364476,25.56048]]]}},{"type":"Feature","properties":{},"geometry":{"type":"Polygon","coordinates":[[[-103.364669,25.560378],[-103.364533,25.560167],[-103.364444,25.560215],[-103.36458,25.560425],[-103.364669,25.560378]]]}},{"type":"Feature","properties":{},"geometry":{"type":"Polygon","coordinates":[[[-103.364758,25.560331],[-103.364622,25.56012],[-103.364533,25.560167],[-103.364669,25.560378],[-103.364758,25.560331]]]}},{"type":"Feature","properties":{},"geometry":{"type":"Polygon","coordinates":[[[-103.364847,25.560284],[-103.364712,25.560073],[-103.364622,25.56012],[-103.364758,25.560331],[-103.364847,25.560284]]]}},{"type":"Feature","properties":{},"geometry":{"type":"Polygon","coordinates":[[[-103.364936,25.560236],[-103.364801,25.560026],[-103.364712,25.560073],[-103.364847,25.560284],[-103.364936,25.560236]]]}},{"type":"Feature","properties":{},"geometry":{"type":"Polygon","coordinates":[[[-103.365917,25.559718],[-103.365781,25.559507],[-103.365692,25.559554],[-103.365828,25.559765],[-103.365917,25.559718]]]}},{"type":"Feature","properties":{},"geometry":{"type":"Polygon","coordinates":[[[-103.366006,25.559671],[-103.365871,25.55946],[-103.365781,25.559507],[-103.365917,25.559718],[-103.366006,25.559671]]]}},{"type":"Feature","properties":{},"geometry":{"type":"Polygon","coordinates":[[[-103.366198,25.559569],[-103.366063,25.559358],[-103.365974,25.559405],[-103.366109,25.559616],[-103.366198,25.559569]]]}},{"type":"Feature","properties":{},"geometry":{"type":"Polygon","coordinates":[[[-103.366287,25.559522],[-103.366152,25.559311],[-103.366063,25.559358],[-103.366198,25.559569],[-103.366287,25.559522]]]}},{"type":"Feature","properties":{},"geometry":{"type":"Polygon","coordinates":[[[-103.366377,25.559474],[-103.366241,25.559264],[-103.366152,25.559311],[-103.366287,25.559522],[-103.366377,25.559474]]]}},{"type":"Feature","properties":{},"geometry":{"type":"Polygon","coordinates":[[[-103.366466,25.559427],[-103.36633,25.559217],[-103.366241,25.559264],[-103.366377,25.559474],[-103.366466,25.559427]]]}},{"type":"Feature","properties":{},"geometry":{"type":"Polygon","coordinates":[[[-103.366555,25.55938],[-103.36642,25.55917],[-103.36633,25.559217],[-103.366466,25.559427],[-103.366555,25.55938]]]}},{"type":"Feature","properties":{},"geometry":{"type":"Polygon","coordinates":[[[-103.366644,25.559333],[-103.366509,25.559122],[-103.36642,25.55917],[-103.366555,25.55938],[-103.366644,25.559333]]]}},{"type":"Feature","properties":{},"geometry":{"type":"Polygon","coordinates":[[[-103.366733,25.559286],[-103.366598,25.559075],[-103.366509,25.559122],[-103.366644,25.559333],[-103.366733,25.559286]]]}},{"type":"Feature","properties":{},"geometry":{"type":"Polygon","coordinates":[[[-103.366822,25.559239],[-103.366687,25.559028],[-103.366598,25.559075],[-103.366733,25.559286],[-103.366822,25.559239]]]}},{"type":"Feature","properties":{},"geometry":{"type":"Polygon","coordinates":[[[-103.366912,25.559191],[-103.366776,25.558981],[-103.366687,25.559028],[-103.366822,25.559239],[-103.366912,25.559191]]]}},{"type":"Feature","properties":{},"geometry":{"type":"Polygon","coordinates":[[[-103.367001,25.559144],[-103.366865,25.558934],[-103.366776,25.558981],[-103.366912,25.559191],[-103.367001,25.559144]]]}},{"type":"Feature","properties":{},"geometry":{"type":"Polygon","coordinates":[[[-103.36709,25.559097],[-103.366954,25.558887],[-103.366865,25.558934],[-103.367001,25.559144],[-103.36709,25.559097]]]}},{"type":"Feature","properties":{},"geometry":{"type":"Polygon","coordinates":[[[-103.367179,25.55905],[-103.367044,25.558839],[-103.366954,25.558887],[-103.36709,25.559097],[-103.367179,25.55905]]]}},{"type":"Feature","properties":{},"geometry":{"type":"Polygon","coordinates":[[[-103.367268,25.559003],[-103.367133,25.558792],[-103.367044,25.558839],[-103.367179,25.55905],[-103.367268,25.559003]]]}},{"type":"Feature","properties":{},"geometry":{"type":"Polygon","coordinates":[[[-103.367357,25.558956],[-103.367222,25.558745],[-103.367133,25.558792],[-103.367268,25.559003],[-103.367357,25.558956]]]}},{"type":"Feature","properties":{},"geometry":{"type":"Polygon","coordinates":[[[-103.367446,25.558908],[-103.367311,25.558698],[-103.367222,25.558745],[-103.367357,25.558956],[-103.367446,25.558908]]]}},{"type":"Feature","properties":{},"geometry":{"type":"Polygon","coordinates":[[[-103.367536,25.558861],[-103.3674,25.558651],[-103.367311,25.558698],[-103.367446,25.558908],[-103.367536,25.558861]]]}},{"type":"Feature","properties":{},"geometry":{"type":"Polygon","coordinates":[[[-103.367728,25.55876],[-103.367593,25.558549],[-103.367503,25.558596],[-103.367639,25.558807],[-103.367728,25.55876]]]}},{"type":"Feature","properties":{},"geometry":{"type":"Polygon","coordinates":[[[-103.367817,25.558712],[-103.367682,25.558502],[-103.367593,25.558549],[-103.367728,25.55876],[-103.367817,25.558712]]]}},{"type":"Feature","properties":{},"geometry":{"type":"Polygon","coordinates":[[[-103.367906,25.558665],[-103.367771,25.558455],[-103.367682,25.558502],[-103.367817,25.558712],[-103.367906,25.558665]]]}},{"type":"Feature","properties":{},"geometry":{"type":"Polygon","coordinates":[[[-103.357984,25.563507],[-103.357849,25.563296],[-103.357759,25.563343],[-103.357895,25.563554],[-103.357984,25.563507]]]}},{"type":"Feature","properties":{},"geometry":{"type":"Polygon","coordinates":[[[-103.358073,25.563459],[-103.357938,25.563249],[-103.357849,25.563296],[-103.357984,25.563507],[-103.358073,25.563459]]]}},{"type":"Feature","properties":{},"geometry":{"type":"Polygon","coordinates":[[[-103.358162,25.563412],[-103.358027,25.563202],[-103.357938,25.563249],[-103.358073,25.563459],[-103.358162,25.563412]]]}},{"type":"Feature","properties":{},"geometry":{"type":"Polygon","coordinates":[[[-103.358355,25.56331],[-103.358219,25.5631],[-103.35813,25.563147],[-103.358265,25.563358],[-103.358355,25.56331]]]}},{"type":"Feature","properties":{},"geometry":{"type":"Polygon","coordinates":[[[-103.358444,25.563263],[-103.358308,25.563053],[-103.358219,25.5631],[-103.358355,25.56331],[-103.358444,25.563263]]]}},{"type":"Feature","properties":{},"geometry":{"type":"Polygon","coordinates":[[[-103.358533,25.563216],[-103.358398,25.563006],[-103.358308,25.563053],[-103.358444,25.563263],[-103.358533,25.563216]]]}},{"type":"Feature","properties":{},"geometry":{"type":"Polygon","coordinates":[[[-103.358622,25.563169],[-103.358487,25.562958],[-103.358398,25.563006],[-103.358533,25.563216],[-103.358622,25.563169]]]}},{"type":"Feature","properties":{},"geometry":{"type":"Polygon","coordinates":[[[-103.358711,25.563122],[-103.358576,25.562911],[-103.358487,25.562958],[-103.358622,25.563169],[-103.358711,25.563122]]]}},{"type":"Feature","properties":{},"geometry":{"type":"Polygon","coordinates":[[[-103.3588,25.563075],[-103.358665,25.562864],[-103.358576,25.562911],[-103.358711,25.563122],[-103.3588,25.563075]]]}},{"type":"Feature","properties":{},"geometry":{"type":"Polygon","coordinates":[[[-103.358889,25.563028],[-103.358754,25.562817],[-103.358665,25.562864],[-103.3588,25.563075],[-103.358889,25.563028]]]}},{"type":"Feature","properties":{},"geometry":{"type":"Polygon","coordinates":[[[-103.358979,25.56298],[-103.358843,25.56277],[-103.358754,25.562817],[-103.358889,25.563028],[-103.358979,25.56298]]]}},{"type":"Feature","properties":{},"geometry":{"type":"Polygon","coordinates":[[[-103.359068,25.562933],[-103.358932,25.562723],[-103.358843,25.56277],[-103.358979,25.56298],[-103.359068,25.562933]]]}},{"type":"Feature","properties":{},"geometry":{"type":"Polygon","coordinates":[[[-103.359157,25.562886],[-103.359022,25.562675],[-103.358932,25.562723],[-103.359068,25.562933],[-103.359157,25.562886]]]}},{"type":"Feature","properties":{},"geometry":{"type":"Polygon","coordinates":[[[-103.359246,25.562839],[-103.359111,25.562628],[-103.359022,25.562675],[-103.359157,25.562886],[-103.359246,25.562839]]]}},{"type":"Feature","properties":{},"geometry":{"type":"Polygon","coordinates":[[[-103.359335,25.562792],[-103.3592,25.562581],[-103.359111,25.562628],[-103.359246,25.562839],[-103.359335,25.562792]]]}},{"type":"Feature","properties":{},"geometry":{"type":"Polygon","coordinates":[[[-103.359424,25.562745],[-103.359289,25.562534],[-103.3592,25.562581],[-103.359335,25.562792],[-103.359424,25.562745]]]}},{"type":"Feature","properties":{},"geometry":{"type":"Polygon","coordinates":[[[-103.359514,25.562697],[-103.359378,25.562487],[-103.359289,25.562534],[-103.359424,25.562745],[-103.359514,25.562697]]]}},{"type":"Feature","properties":{},"geometry":{"type":"Polygon","coordinates":[[[-103.359603,25.56265],[-103.359467,25.56244],[-103.359378,25.562487],[-103.359514,25.562697],[-103.359603,25.56265]]]}},{"type":"Feature","properties":{},"geometry":{"type":"Polygon","coordinates":[[[-103.359692,25.562603],[-103.359557,25.562393],[-103.359467,25.56244],[-103.359603,25.56265],[-103.359692,25.562603]]]}},{"type":"Feature","properties":{},"geometry":{"type":"Polygon","coordinates":[[[-103.359884,25.562501],[-103.359749,25.562291],[-103.35966,25.562338],[-103.359795,25.562549],[-103.359884,25.562501]]]}},{"type":"Feature","properties":{},"geometry":{"type":"Polygon","coordinates":[[[-103.359973,25.562454],[-103.359838,25.562244],[-103.359749,25.562291],[-103.359884,25.562501],[-103.359973,25.562454]]]}},{"type":"Feature","properties":{},"geometry":{"type":"Polygon","coordinates":[[[-103.360063,25.562407],[-103.359927,25.562196],[-103.359838,25.562244],[-103.359973,25.562454],[-103.360063,25.562407]]]}},{"type":"Feature","properties":{},"geometry":{"type":"Polygon","coordinates":[[[-103.360152,25.56236],[-103.360016,25.562149],[-103.359927,25.562196],[-103.360063,25.562407],[-103.360152,25.56236]]]}},{"type":"Feature","properties":{},"geometry":{"type":"Polygon","coordinates":[[[-103.360241,25.562313],[-103.360105,25.562102],[-103.360016,25.562149],[-103.360152,25.56236],[-103.360241,25.562313]]]}},{"type":"Feature","properties":{},"geometry":{"type":"Polygon","coordinates":[[[-103.36033,25.562266],[-103.360195,25.562055],[-103.360105,25.562102],[-103.360241,25.562313],[-103.36033,25.562266]]]}},{"type":"Feature","properties":{},"geometry":{"type":"Polygon","coordinates":[[[-103.360419,25.562218],[-103.360284,25.562008],[-103.360195,25.562055],[-103.36033,25.562266],[-103.360419,25.562218]]]}},{"type":"Feature","properties":{},"geometry":{"type":"Polygon","coordinates":[[[-103.360508,25.562171],[-103.360373,25.561961],[-103.360284,25.562008],[-103.360419,25.562218],[-103.360508,25.562171]]]}},{"type":"Feature","properties":{},"geometry":{"type":"Polygon","coordinates":[[[-103.360597,25.562124],[-103.360462,25.561914],[-103.360373,25.561961],[-103.360508,25.562171],[-103.360597,25.562124]]]}},{"type":"Feature","properties":{},"geometry":{"type":"Polygon","coordinates":[[[-103.360687,25.562077],[-103.360551,25.561866],[-103.360462,25.561914],[-103.360597,25.562124],[-103.360687,25.562077]]]}},{"type":"Feature","properties":{},"geometry":{"type":"Polygon","coordinates":[[[-103.360776,25.56203],[-103.36064,25.561819],[-103.360551,25.561866],[-103.360687,25.562077],[-103.360776,25.56203]]]}},{"type":"Feature","properties":{},"geometry":{"type":"Polygon","coordinates":[[[-103.360865,25.561983],[-103.36073,25.561772],[-103.36064,25.561819],[-103.360776,25.56203],[-103.360865,25.561983]]]}},{"type":"Feature","properties":{},"geometry":{"type":"Polygon","coordinates":[[[-103.360954,25.561935],[-103.360819,25.561725],[-103.36073,25.561772],[-103.360865,25.561983],[-103.360954,25.561935]]]}},{"type":"Feature","properties":{},"geometry":{"type":"Polygon","coordinates":[[[-103.361043,25.561888],[-103.360908,25.561678],[-103.360819,25.561725],[-103.360954,25.561935],[-103.361043,25.561888]]]}},{"type":"Feature","properties":{},"geometry":{"type":"Polygon","coordinates":[[[-103.361132,25.561841],[-103.360997,25.561631],[-103.360908,25.561678],[-103.361043,25.561888],[-103.361132,25.561841]]]}},{"type":"Feature","properties":{},"geometry":{"type":"Polygon","coordinates":[[[-103.361222,25.561794],[-103.361086,25.561583],[-103.360997,25.561631],[-103.361132,25.561841],[-103.361222,25.561794]]]}},{"type":"Feature","properties":{},"geometry":{"type":"Polygon","coordinates":[[[-103.361414,25.561692],[-103.361279,25.561482],[-103.361189,25.561529],[-103.361325,25.561739],[-103.361414,25.561692]]]}},{"type":"Feature","properties":{},"geometry":{"type":"Polygon","coordinates":[[[-103.361503,25.561645],[-103.361368,25.561434],[-103.361279,25.561482],[-103.361414,25.561692],[-103.361503,25.561645]]]}},{"type":"Feature","properties":{},"geometry":{"type":"Polygon","coordinates":[[[-103.361592,25.561598],[-103.361457,25.561387],[-103.361368,25.561434],[-103.361503,25.561645],[-103.361592,25.561598]]]}},{"type":"Feature","properties":{},"geometry":{"type":"Polygon","coordinates":[[[-103.361681,25.561551],[-103.361546,25.56134],[-103.361457,25.561387],[-103.361592,25.561598],[-103.361681,25.561551]]]}},{"type":"Feature","properties":{},"geometry":{"type":"Polygon","coordinates":[[[-103.361771,25.561504],[-103.361635,25.561293],[-103.361546,25.56134],[-103.361681,25.561551],[-103.361771,25.561504]]]}},{"type":"Feature","properties":{},"geometry":{"type":"Polygon","coordinates":[[[-103.36186,25.561456],[-103.361724,25.561246],[-103.361635,25.561293],[-103.361771,25.561504],[-103.36186,25.561456]]]}},{"type":"Feature","properties":{},"geometry":{"type":"Polygon","coordinates":[[[-103.361949,25.561409],[-103.361813,25.561199],[-103.361724,25.561246],[-103.36186,25.561456],[-103.361949,25.561409]]]}},{"type":"Feature","properties":{},"geometry":{"type":"Polygon","coordinates":[[[-103.362038,25.561362],[-103.361903,25.561152],[-103.361813,25.561199],[-103.361949,25.561409],[-103.362038,25.561362]]]}},{"type":"Feature","properties":{},"geometry":{"type":"Polygon","coordinates":[[[-103.363033,25.560836],[-103.362897,25.560625],[-103.362808,25.560672],[-103.362944,25.560883],[-103.363033,25.560836]]]}},{"type":"Feature","properties":{},"geometry":{"type":"Polygon","coordinates":[[[-103.363122,25.560789],[-103.362986,25.560578],[-103.362897,25.560625],[-103.363033,25.560836],[-103.363122,25.560789]]]}},{"type":"Feature","properties":{},"geometry":{"type":"Polygon","coordinates":[[[-103.363211,25.560742],[-103.363076,25.560531],[-103.362986,25.560578],[-103.363122,25.560789],[-103.363211,25.560742]]]}},{"type":"Feature","properties":{},"geometry":{"type":"Polygon","coordinates":[[[-103.3633,25.560694],[-103.363165,25.560484],[-103.363076,25.560531],[-103.363211,25.560742],[-103.3633,25.560694]]]}},{"type":"Feature","properties":{},"geometry":{"type":"Polygon","coordinates":[[[-103.363389,25.560647],[-103.363254,25.560437],[-103.363165,25.560484],[-103.3633,25.560694],[-103.363389,25.560647]]]}},{"type":"Feature","properties":{},"geometry":{"type":"Polygon","coordinates":[[[-103.363478,25.5606],[-103.363343,25.56039],[-103.363254,25.560437],[-103.363389,25.560647],[-103.363478,25.5606]]]}},{"type":"Feature","properties":{},"geometry":{"type":"Polygon","coordinates":[[[-103.363568,25.560553],[-103.363432,25.560342],[-103.363343,25.56039],[-103.363478,25.5606],[-103.363568,25.560553]]]}},{"type":"Feature","properties":{},"geometry":{"type":"Polygon","coordinates":[[[-103.363657,25.560506],[-103.363521,25.560295],[-103.363432,25.560342],[-103.363568,25.560553],[-103.363657,25.560506]]]}},{"type":"Feature","properties":{},"geometry":{"type":"Polygon","coordinates":[[[-103.363746,25.560459],[-103.363611,25.560248],[-103.363521,25.560295],[-103.363657,25.560506],[-103.363746,25.560459]]]}},{"type":"Feature","properties":{},"geometry":{"type":"Polygon","coordinates":[[[-103.363835,25.560411],[-103.3637,25.560201],[-103.363611,25.560248],[-103.363746,25.560459],[-103.363835,25.560411]]]}},{"type":"Feature","properties":{},"geometry":{"type":"Polygon","coordinates":[[[-103.363924,25.560364],[-103.363789,25.560154],[-103.3637,25.560201],[-103.363835,25.560411],[-103.363924,25.560364]]]}},{"type":"Feature","properties":{},"geometry":{"type":"Polygon","coordinates":[[[-103.364013,25.560317],[-103.363878,25.560107],[-103.363789,25.560154],[-103.363924,25.560364],[-103.364013,25.560317]]]}},{"type":"Feature","properties":{},"geometry":{"type":"Polygon","coordinates":[[[-103.364103,25.56027],[-103.363967,25.560059],[-103.363878,25.560107],[-103.364013,25.560317],[-103.364103,25.56027]]]}},{"type":"Feature","properties":{},"geometry":{"type":"Polygon","coordinates":[[[-103.364192,25.560223],[-103.364056,25.560012],[-103.363967,25.560059],[-103.364103,25.56027],[-103.364192,25.560223]]]}},{"type":"Feature","properties":{},"geometry":{"type":"Polygon","coordinates":[[[-103.364281,25.560176],[-103.364145,25.559965],[-103.364056,25.560012],[-103.364192,25.560223],[-103.364281,25.560176]]]}},{"type":"Feature","properties":{},"geometry":{"type":"Polygon","coordinates":[[[-103.364473,25.560074],[-103.364338,25.559863],[-103.364249,25.55991],[-103.364384,25.560121],[-103.364473,25.560074]]]}},{"type":"Feature","properties":{},"geometry":{"type":"Polygon","coordinates":[[[-103.364562,25.560027],[-103.364427,25.559816],[-103.364338,25.559863],[-103.364473,25.560074],[-103.364562,25.560027]]]}},{"type":"Feature","properties":{},"geometry":{"type":"Polygon","coordinates":[[[-103.364651,25.55998],[-103.364516,25.559769],[-103.364427,25.559816],[-103.364562,25.560027],[-103.364651,25.55998]]]}},{"type":"Feature","properties":{},"geometry":{"type":"Polygon","coordinates":[[[-103.364741,25.559932],[-103.364605,25.559722],[-103.364516,25.559769],[-103.364651,25.55998],[-103.364741,25.559932]]]}},{"type":"Feature","properties":{},"geometry":{"type":"Polygon","coordinates":[[[-103.365721,25.559414],[-103.365586,25.559203],[-103.365497,25.55925],[-103.365632,25.559461],[-103.365721,25.559414]]]}},{"type":"Feature","properties":{},"geometry":{"type":"Polygon","coordinates":[[[-103.36581,25.559366],[-103.365675,25.559156],[-103.365586,25.559203],[-103.365721,25.559414],[-103.36581,25.559366]]]}},{"type":"Feature","properties":{},"geometry":{"type":"Polygon","coordinates":[[[-103.366003,25.559265],[-103.365867,25.559054],[-103.365778,25.559101],[-103.365914,25.559312],[-103.366003,25.559265]]]}},{"type":"Feature","properties":{},"geometry":{"type":"Polygon","coordinates":[[[-103.366092,25.559217],[-103.365957,25.559007],[-103.365867,25.559054],[-103.366003,25.559265],[-103.366092,25.559217]]]}},{"type":"Feature","properties":{},"geometry":{"type":"Polygon","coordinates":[[[-103.366181,25.55917],[-103.366046,25.55896],[-103.365957,25.559007],[-103.366092,25.559217],[-103.366181,25.55917]]]}},{"type":"Feature","properties":{},"geometry":{"type":"Polygon","coordinates":[[[-103.36627,25.559123],[-103.366135,25.558913],[-103.366046,25.55896],[-103.366181,25.55917],[-103.36627,25.559123]]]}},{"type":"Feature","properties":{},"geometry":{"type":"Polygon","coordinates":[[[-103.366359,25.559076],[-103.366224,25.558865],[-103.366135,25.558913],[-103.36627,25.559123],[-103.366359,25.559076]]]}},{"type":"Feature","properties":{},"geometry":{"type":"Polygon","coordinates":[[[-103.366449,25.559029],[-103.366313,25.558818],[-103.366224,25.558865],[-103.366359,25.559076],[-103.366449,25.559029]]]}},{"type":"Feature","properties":{},"geometry":{"type":"Polygon","coordinates":[[[-103.366538,25.558982],[-103.366402,25.558771],[-103.366313,25.558818],[-103.366449,25.559029],[-103.366538,25.558982]]]}},{"type":"Feature","properties":{},"geometry":{"type":"Polygon","coordinates":[[[-103.366627,25.558935],[-103.366491,25.558724],[-103.366402,25.558771],[-103.366538,25.558982],[-103.366627,25.558935]]]}},{"type":"Feature","properties":{},"geometry":{"type":"Polygon","coordinates":[[[-103.366716,25.558887],[-103.366581,25.558677],[-103.366491,25.558724],[-103.366627,25.558935],[-103.366716,25.558887]]]}},{"type":"Feature","properties":{},"geometry":{"type":"Polygon","coordinates":[[[-103.366805,25.55884],[-103.36667,25.55863],[-103.366581,25.558677],[-103.366716,25.558887],[-103.366805,25.55884]]]}},{"type":"Feature","properties":{},"geometry":{"type":"Polygon","coordinates":[[[-103.366894,25.558793],[-103.366759,25.558582],[-103.36667,25.55863],[-103.366805,25.55884],[-103.366894,25.558793]]]}},{"type":"Feature","properties":{},"geometry":{"type":"Polygon","coordinates":[[[-103.366983,25.558746],[-103.366848,25.558535],[-103.366759,25.558582],[-103.366894,25.558793],[-103.366983,25.558746]]]}},{"type":"Feature","properties":{},"geometry":{"type":"Polygon","coordinates":[[[-103.367073,25.558699],[-103.366937,25.558488],[-103.366848,25.558535],[-103.366983,25.558746],[-103.367073,25.558699]]]}},{"type":"Feature","properties":{},"geometry":{"type":"Polygon","coordinates":[[[-103.367162,25.558652],[-103.367026,25.558441],[-103.366937,25.558488],[-103.367073,25.558699],[-103.367162,25.558652]]]}},{"type":"Feature","properties":{},"geometry":{"type":"Polygon","coordinates":[[[-103.358027,25.563202],[-103.357891,25.562991],[-103.357802,25.563038],[-103.357938,25.563249],[-103.358027,25.563202]]]}},{"type":"Feature","properties":{},"geometry":{"type":"Polygon","coordinates":[[[-103.358219,25.5631],[-103.358084,25.562889],[-103.357995,25.562937],[-103.35813,25.563147],[-103.358219,25.5631]]]}},{"type":"Feature","properties":{},"geometry":{"type":"Polygon","coordinates":[[[-103.358308,25.563053],[-103.358173,25.562842],[-103.358084,25.562889],[-103.358219,25.5631],[-103.358308,25.563053]]]}},{"type":"Feature","properties":{},"geometry":{"type":"Polygon","coordinates":[[[-103.358398,25.563006],[-103.358262,25.562795],[-103.358173,25.562842],[-103.358308,25.563053],[-103.358398,25.563006]]]}},{"type":"Feature","properties":{},"geometry":{"type":"Polygon","coordinates":[[[-103.358487,25.562958],[-103.358351,25.562748],[-103.358262,25.562795],[-103.358398,25.563006],[-103.358487,25.562958]]]}},{"type":"Feature","properties":{},"geometry":{"type":"Polygon","coordinates":[[[-103.358576,25.562911],[-103.35844,25.562701],[-103.358351,25.562748],[-103.358487,25.562958],[-103.358576,25.562911]]]}},{"type":"Feature","properties":{},"geometry":{"type":"Polygon","coordinates":[[[-103.358665,25.562864],[-103.35853,25.562654],[-103.35844,25.562701],[-103.358576,25.562911],[-103.358665,25.562864]]]}},{"type":"Feature","properties":{},"geometry":{"type":"Polygon","coordinates":[[[-103.358754,25.562817],[-103.358619,25.562606],[-103.35853,25.562654],[-103.358665,25.562864],[-103.358754,25.562817]]]}},{"type":"Feature","properties":{},"geometry":{"type":"Polygon","coordinates":[[[-103.358843,25.56277],[-103.358708,25.562559],[-103.358619,25.562606],[-103.358754,25.562817],[-103.358843,25.56277]]]}},{"type":"Feature","properties":{},"geometry":{"type":"Polygon","coordinates":[[[-103.358932,25.562723],[-103.358797,25.562512],[-103.358708,25.562559],[-103.358843,25.56277],[-103.358932,25.562723]]]}},{"type":"Feature","properties":{},"geometry":{"type":"Polygon","coordinates":[[[-103.359022,25.562675],[-103.358886,25.562465],[-103.358797,25.562512],[-103.358932,25.562723],[-103.359022,25.562675]]]}},{"type":"Feature","properties":{},"geometry":{"type":"Polygon","coordinates":[[[-103.359111,25.562628],[-103.358975,25.562418],[-103.358886,25.562465],[-103.359022,25.562675],[-103.359111,25.562628]]]}},{"type":"Feature","properties":{},"geometry":{"type":"Polygon","coordinates":[[[-103.3592,25.562581],[-103.359065,25.562371],[-103.358975,25.562418],[-103.359111,25.562628],[-103.3592,25.562581]]]}},{"type":"Feature","properties":{},"geometry":{"type":"Polygon","coordinates":[[[-103.359289,25.562534],[-103.359154,25.562323],[-103.359065,25.562371],[-103.3592,25.562581],[-103.359289,25.562534]]]}},{"type":"Feature","properties":{},"geometry":{"type":"Polygon","coordinates":[[[-103.359378,25.562487],[-103.359243,25.562276],[-103.359154,25.562323],[-103.359289,25.562534],[-103.359378,25.562487]]]}},{"type":"Feature","properties":{},"geometry":{"type":"Polygon","coordinates":[[[-103.359467,25.56244],[-103.359332,25.562229],[-103.359243,25.562276],[-103.359378,25.562487],[-103.359467,25.56244]]]}},{"type":"Feature","properties":{},"geometry":{"type":"Polygon","coordinates":[[[-103.359557,25.562393],[-103.359421,25.562182],[-103.359332,25.562229],[-103.359467,25.56244],[-103.359557,25.562393]]]}},{"type":"Feature","properties":{},"geometry":{"type":"Polygon","coordinates":[[[-103.359749,25.562291],[-103.359614,25.56208],[-103.359524,25.562127],[-103.35966,25.562338],[-103.359749,25.562291]]]}},{"type":"Feature","properties":{},"geometry":{"type":"Polygon","coordinates":[[[-103.359838,25.562244],[-103.359703,25.562033],[-103.359614,25.56208],[-103.359749,25.562291],[-103.359838,25.562244]]]}},{"type":"Feature","properties":{},"geometry":{"type":"Polygon","coordinates":[[[-103.359927,25.562196],[-103.359792,25.561986],[-103.359703,25.562033],[-103.359838,25.562244],[-103.359927,25.562196]]]}},{"type":"Feature","properties":{},"geometry":{"type":"Polygon","coordinates":[[[-103.360016,25.562149],[-103.359881,25.561939],[-103.359792,25.561986],[-103.359927,25.562196],[-103.360016,25.562149]]]}},{"type":"Feature","properties":{},"geometry":{"type":"Polygon","coordinates":[[[-103.360105,25.562102],[-103.35997,25.561892],[-103.359881,25.561939],[-103.360016,25.562149],[-103.360105,25.562102]]]}},{"type":"Feature","properties":{},"geometry":{"type":"Polygon","coordinates":[[[-103.360195,25.562055],[-103.360059,25.561844],[-103.35997,25.561892],[-103.360105,25.562102],[-103.360195,25.562055]]]}},{"type":"Feature","properties":{},"geometry":{"type":"Polygon","coordinates":[[[-103.360284,25.562008],[-103.360148,25.561797],[-103.360059,25.561844],[-103.360195,25.562055],[-103.360284,25.562008]]]}},{"type":"Feature","properties":{},"geometry":{"type":"Polygon","coordinates":[[[-103.360373,25.561961],[-103.360238,25.56175],[-103.360148,25.561797],[-103.360284,25.562008],[-103.360373,25.561961]]]}},{"type":"Feature","properties":{},"geometry":{"type":"Polygon","coordinates":[[[-103.360462,25.561914],[-103.360327,25.561703],[-103.360238,25.56175],[-103.360373,25.561961],[-103.360462,25.561914]]]}},{"type":"Feature","properties":{},"geometry":{"type":"Polygon","coordinates":[[[-103.360551,25.561866],[-103.360416,25.561656],[-103.360327,25.561703],[-103.360462,25.561914],[-103.360551,25.561866]]]}},{"type":"Feature","properties":{},"geometry":{"type":"Polygon","coordinates":[[[-103.36064,25.561819],[-103.360505,25.561609],[-103.360416,25.561656],[-103.360551,25.561866],[-103.36064,25.561819]]]}},{"type":"Feature","properties":{},"geometry":{"type":"Polygon","coordinates":[[[-103.36073,25.561772],[-103.360594,25.561561],[-103.360505,25.561609],[-103.36064,25.561819],[-103.36073,25.561772]]]}},{"type":"Feature","properties":{},"geometry":{"type":"Polygon","coordinates":[[[-103.360819,25.561725],[-103.360683,25.561514],[-103.360594,25.561561],[-103.36073,25.561772],[-103.360819,25.561725]]]}},{"type":"Feature","properties":{},"geometry":{"type":"Polygon","coordinates":[[[-103.360908,25.561678],[-103.360773,25.561467],[-103.360683,25.561514],[-103.360819,25.561725],[-103.360908,25.561678]]]}},{"type":"Feature","properties":{},"geometry":{"type":"Polygon","coordinates":[[[-103.360997,25.561631],[-103.360862,25.56142],[-103.360773,25.561467],[-103.360908,25.561678],[-103.360997,25.561631]]]}},{"type":"Feature","properties":{},"geometry":{"type":"Polygon","coordinates":[[[-103.361086,25.561583],[-103.360951,25.561373],[-103.360862,25.56142],[-103.360997,25.561631],[-103.361086,25.561583]]]}},{"type":"Feature","properties":{},"geometry":{"type":"Polygon","coordinates":[[[-103.361279,25.561482],[-103.361143,25.561271],[-103.361054,25.561318],[-103.361189,25.561529],[-103.361279,25.561482]]]}},{"type":"Feature","properties":{},"geometry":{"type":"Polygon","coordinates":[[[-103.361368,25.561434],[-103.361232,25.561224],[-103.361143,25.561271],[-103.361279,25.561482],[-103.361368,25.561434]]]}},{"type":"Feature","properties":{},"geometry":{"type":"Polygon","coordinates":[[[-103.361457,25.561387],[-103.361321,25.561177],[-103.361232,25.561224],[-103.361368,25.561434],[-103.361457,25.561387]]]}},{"type":"Feature","properties":{},"geometry":{"type":"Polygon","coordinates":[[[-103.361546,25.56134],[-103.361411,25.56113],[-103.361321,25.561177],[-103.361457,25.561387],[-103.361546,25.56134]]]}},{"type":"Feature","properties":{},"geometry":{"type":"Polygon","coordinates":[[[-103.361635,25.561293],[-103.3615,25.561082],[-103.361411,25.56113],[-103.361546,25.56134],[-103.361635,25.561293]]]}},{"type":"Feature","properties":{},"geometry":{"type":"Polygon","coordinates":[[[-103.361724,25.561246],[-103.361589,25.561035],[-103.3615,25.561082],[-103.361635,25.561293],[-103.361724,25.561246]]]}},{"type":"Feature","properties":{},"geometry":{"type":"Polygon","coordinates":[[[-103.361813,25.561199],[-103.361678,25.560988],[-103.361589,25.561035],[-103.361724,25.561246],[-103.361813,25.561199]]]}},{"type":"Feature","properties":{},"geometry":{"type":"Polygon","coordinates":[[[-103.361903,25.561152],[-103.361767,25.560941],[-103.361678,25.560988],[-103.361813,25.561199],[-103.361903,25.561152]]]}},{"type":"Feature","properties":{},"geometry":{"type":"Polygon","coordinates":[[[-103.361992,25.561104],[-103.361856,25.560894],[-103.361767,25.560941],[-103.361903,25.561152],[-103.361992,25.561104]]]}},{"type":"Feature","properties":{},"geometry":{"type":"Polygon","coordinates":[[[-103.362081,25.561057],[-103.361946,25.560847],[-103.361856,25.560894],[-103.361992,25.561104],[-103.362081,25.561057]]]}},{"type":"Feature","properties":{},"geometry":{"type":"Polygon","coordinates":[[[-103.36217,25.56101],[-103.362035,25.560799],[-103.361946,25.560847],[-103.362081,25.561057],[-103.36217,25.56101]]]}},{"type":"Feature","properties":{},"geometry":{"type":"Polygon","coordinates":[[[-103.362259,25.560963],[-103.362124,25.560752],[-103.362035,25.560799],[-103.36217,25.56101],[-103.362259,25.560963]]]}},{"type":"Feature","properties":{},"geometry":{"type":"Polygon","coordinates":[[[-103.362348,25.560916],[-103.362213,25.560705],[-103.362124,25.560752],[-103.362259,25.560963],[-103.362348,25.560916]]]}},{"type":"Feature","properties":{},"geometry":{"type":"Polygon","coordinates":[[[-103.362438,25.560869],[-103.362302,25.560658],[-103.362213,25.560705],[-103.362348,25.560916],[-103.362438,25.560869]]]}},{"type":"Feature","properties":{},"geometry":{"type":"Polygon","coordinates":[[[-103.362527,25.560821],[-103.362391,25.560611],[-103.362302,25.560658],[-103.362438,25.560869],[-103.362527,25.560821]]]}},{"type":"Feature","properties":{},"geometry":{"type":"Polygon","coordinates":[[[-103.362616,25.560774],[-103.36248,25.560564],[-103.362391,25.560611],[-103.362527,25.560821],[-103.362616,25.560774]]]}},{"type":"Feature","properties":{},"geometry":{"type":"Polygon","coordinates":[[[-103.362808,25.560672],[-103.362673,25.560462],[-103.362584,25.560509],[-103.362719,25.56072],[-103.362808,25.560672]]]}},{"type":"Feature","properties":{},"geometry":{"type":"Polygon","coordinates":[[[-103.362897,25.560625],[-103.362762,25.560415],[-103.362673,25.560462],[-103.362808,25.560672],[-103.362897,25.560625]]]}},{"type":"Feature","properties":{},"geometry":{"type":"Polygon","coordinates":[[[-103.362986,25.560578],[-103.362851,25.560368],[-103.362762,25.560415],[-103.362897,25.560625],[-103.362986,25.560578]]]}},{"type":"Feature","properties":{},"geometry":{"type":"Polygon","coordinates":[[[-103.363076,25.560531],[-103.36294,25.56032],[-103.362851,25.560368],[-103.362986,25.560578],[-103.363076,25.560531]]]}},{"type":"Feature","properties":{},"geometry":{"type":"Polygon","coordinates":[[[-103.363165,25.560484],[-103.363029,25.560273],[-103.36294,25.56032],[-103.363076,25.560531],[-103.363165,25.560484]]]}},{"type":"Feature","properties":{},"geometry":{"type":"Polygon","coordinates":[[[-103.363254,25.560437],[-103.363119,25.560226],[-103.363029,25.560273],[-103.363165,25.560484],[-103.363254,25.560437]]]}},{"type":"Feature","properties":{},"geometry":{"type":"Polygon","coordinates":[[[-103.363343,25.56039],[-103.363208,25.560179],[-103.363119,25.560226],[-103.363254,25.560437],[-103.363343,25.56039]]]}},{"type":"Feature","properties":{},"geometry":{"type":"Polygon","coordinates":[[[-103.363432,25.560342],[-103.363297,25.560132],[-103.363208,25.560179],[-103.363343,25.56039],[-103.363432,25.560342]]]}},{"type":"Feature","properties":{},"geometry":{"type":"Polygon","coordinates":[[[-103.363521,25.560295],[-103.363386,25.560085],[-103.363297,25.560132],[-103.363432,25.560342],[-103.363521,25.560295]]]}},{"type":"Feature","properties":{},"geometry":{"type":"Polygon","coordinates":[[[-103.363611,25.560248],[-103.363475,25.560037],[-103.363386,25.560085],[-103.363521,25.560295],[-103.363611,25.560248]]]}},{"type":"Feature","properties":{},"geometry":{"type":"Polygon","coordinates":[[[-103.3637,25.560201],[-103.363564,25.55999],[-103.363475,25.560037],[-103.363611,25.560248],[-103.3637,25.560201]]]}},{"type":"Feature","properties":{},"geometry":{"type":"Polygon","coordinates":[[[-103.363789,25.560154],[-103.363653,25.559943],[-103.363564,25.55999],[-103.3637,25.560201],[-103.363789,25.560154]]]}},{"type":"Feature","properties":{},"geometry":{"type":"Polygon","coordinates":[[[-103.363878,25.560107],[-103.363743,25.559896],[-103.363653,25.559943],[-103.363789,25.560154],[-103.363878,25.560107]]]}},{"type":"Feature","properties":{},"geometry":{"type":"Polygon","coordinates":[[[-103.363967,25.560059],[-103.363832,25.559849],[-103.363743,25.559896],[-103.363878,25.560107],[-103.363967,25.560059]]]}},{"type":"Feature","properties":{},"geometry":{"type":"Polygon","coordinates":[[[-103.364056,25.560012],[-103.363921,25.559802],[-103.363832,25.559849],[-103.363967,25.560059],[-103.364056,25.560012]]]}},{"type":"Feature","properties":{},"geometry":{"type":"Polygon","coordinates":[[[-103.364145,25.559965],[-103.36401,25.559754],[-103.363921,25.559802],[-103.364056,25.560012],[-103.364145,25.559965]]]}},{"type":"Feature","properties":{},"geometry":{"type":"Polygon","coordinates":[[[-103.364338,25.559863],[-103.364202,25.559653],[-103.364113,25.5597],[-103.364249,25.55991],[-103.364338,25.559863]]]}},{"type":"Feature","properties":{},"geometry":{"type":"Polygon","coordinates":[[[-103.364427,25.559816],[-103.364292,25.559606],[-103.364202,25.559653],[-103.364338,25.559863],[-103.364427,25.559816]]]}},{"type":"Feature","properties":{},"geometry":{"type":"Polygon","coordinates":[[[-103.364516,25.559769],[-103.364381,25.559558],[-103.364292,25.559606],[-103.364427,25.559816],[-103.364516,25.559769]]]}},{"type":"Feature","properties":{},"geometry":{"type":"Polygon","coordinates":[[[-103.364605,25.559722],[-103.36447,25.559511],[-103.364381,25.559558],[-103.364516,25.559769],[-103.364605,25.559722]]]}},{"type":"Feature","properties":{},"geometry":{"type":"Polygon","coordinates":[[[-103.364694,25.559675],[-103.364559,25.559464],[-103.36447,25.559511],[-103.364605,25.559722],[-103.364694,25.559675]]]}},{"type":"Feature","properties":{},"geometry":{"type":"Polygon","coordinates":[[[-103.364784,25.559627],[-103.364648,25.559417],[-103.364559,25.559464],[-103.364694,25.559675],[-103.364784,25.559627]]]}},{"type":"Feature","properties":{},"geometry":{"type":"Polygon","coordinates":[[[-103.364873,25.55958],[-103.364737,25.55937],[-103.364648,25.559417],[-103.364784,25.559627],[-103.364873,25.55958]]]}},{"type":"Feature","properties":{},"geometry":{"type":"Polygon","coordinates":[[[-103.364962,25.559533],[-103.364826,25.559323],[-103.364737,25.55937],[-103.364873,25.55958],[-103.364962,25.559533]]]}},{"type":"Feature","properties":{},"geometry":{"type":"Polygon","coordinates":[[[-103.365051,25.559486],[-103.364916,25.559275],[-103.364826,25.559323],[-103.364962,25.559533],[-103.365051,25.559486]]]}},{"type":"Feature","properties":{},"geometry":{"type":"Polygon","coordinates":[[[-103.36514,25.559439],[-103.365005,25.559228],[-103.364916,25.559275],[-103.365051,25.559486],[-103.36514,25.559439]]]}},{"type":"Feature","properties":{},"geometry":{"type":"Polygon","coordinates":[[[-103.365229,25.559392],[-103.365094,25.559181],[-103.365005,25.559228],[-103.36514,25.559439],[-103.365229,25.559392]]]}},{"type":"Feature","properties":{},"geometry":{"type":"Polygon","coordinates":[[[-103.365318,25.559345],[-103.365183,25.559134],[-103.365094,25.559181],[-103.365229,25.559392],[-103.365318,25.559345]]]}},{"type":"Feature","properties":{},"geometry":{"type":"Polygon","coordinates":[[[-103.365408,25.559297],[-103.365272,25.559087],[-103.365183,25.559134],[-103.365318,25.559345],[-103.365408,25.559297]]]}},{"type":"Feature","properties":{},"geometry":{"type":"Polygon","coordinates":[[[-103.365497,25.55925],[-103.365361,25.55904],[-103.365272,25.559087],[-103.365408,25.559297],[-103.365497,25.55925]]]}},{"type":"Feature","properties":{},"geometry":{"type":"Polygon","coordinates":[[[-103.365586,25.559203],[-103.365451,25.558992],[-103.365361,25.55904],[-103.365497,25.55925],[-103.365586,25.559203]]]}},{"type":"Feature","properties":{},"geometry":{"type":"Polygon","coordinates":[[[-103.365675,25.559156],[-103.36554,25.558945],[-103.365451,25.558992],[-103.365586,25.559203],[-103.365675,25.559156]]]}},{"type":"Feature","properties":{},"geometry":{"type":"Polygon","coordinates":[[[-103.365867,25.559054],[-103.365732,25.558844],[-103.365643,25.558891],[-103.365778,25.559101],[-103.365867,25.559054]]]}},{"type":"Feature","properties":{},"geometry":{"type":"Polygon","coordinates":[[[-103.365957,25.559007],[-103.365821,25.558796],[-103.365732,25.558844],[-103.365867,25.559054],[-103.365957,25.559007]]]}},{"type":"Feature","properties":{},"geometry":{"type":"Polygon","coordinates":[[[-103.366046,25.55896],[-103.36591,25.558749],[-103.365821,25.558796],[-103.365957,25.559007],[-103.366046,25.55896]]]}},{"type":"Feature","properties":{},"geometry":{"type":"Polygon","coordinates":[[[-103.366135,25.558913],[-103.365999,25.558702],[-103.36591,25.558749],[-103.366046,25.55896],[-103.366135,25.558913]]]}},{"type":"Feature","properties":{},"geometry":{"type":"Polygon","coordinates":[[[-103.366224,25.558865],[-103.366089,25.558655],[-103.365999,25.558702],[-103.366135,25.558913],[-103.366224,25.558865]]]}},{"type":"Feature","properties":{},"geometry":{"type":"Polygon","coordinates":[[[-103.366313,25.558818],[-103.366178,25.558608],[-103.366089,25.558655],[-103.366224,25.558865],[-103.366313,25.558818]]]}},{"type":"Feature","properties":{},"geometry":{"type":"Polygon","coordinates":[[[-103.366402,25.558771],[-103.366267,25.558561],[-103.366178,25.558608],[-103.366313,25.558818],[-103.366402,25.558771]]]}},{"type":"Feature","properties":{},"geometry":{"type":"Polygon","coordinates":[[[-103.366491,25.558724],[-103.366356,25.558513],[-103.366267,25.558561],[-103.366402,25.558771],[-103.366491,25.558724]]]}},{"type":"Feature","properties":{},"geometry":{"type":"Polygon","coordinates":[[[-103.366581,25.558677],[-103.366445,25.558466],[-103.366356,25.558513],[-103.366491,25.558724],[-103.366581,25.558677]]]}},{"type":"Feature","properties":{},"geometry":{"type":"Polygon","coordinates":[[[-103.358024,25.562796],[-103.357888,25.562585],[-103.357799,25.562632],[-103.357935,25.562843],[-103.358024,25.562796]]]}},{"type":"Feature","properties":{},"geometry":{"type":"Polygon","coordinates":[[[-103.358113,25.562749],[-103.357977,25.562538],[-103.357888,25.562585],[-103.358024,25.562796],[-103.358113,25.562749]]]}},{"type":"Feature","properties":{},"geometry":{"type":"Polygon","coordinates":[[[-103.358202,25.562701],[-103.358067,25.562491],[-103.357977,25.562538],[-103.358113,25.562749],[-103.358202,25.562701]]]}},{"type":"Feature","properties":{},"geometry":{"type":"Polygon","coordinates":[[[-103.358291,25.562654],[-103.358156,25.562444],[-103.358067,25.562491],[-103.358202,25.562701],[-103.358291,25.562654]]]}},{"type":"Feature","properties":{},"geometry":{"type":"Polygon","coordinates":[[[-103.35838,25.562607],[-103.358245,25.562397],[-103.358156,25.562444],[-103.358291,25.562654],[-103.35838,25.562607]]]}},{"type":"Feature","properties":{},"geometry":{"type":"Polygon","coordinates":[[[-103.358469,25.56256],[-103.358334,25.562349],[-103.358245,25.562397],[-103.35838,25.562607],[-103.358469,25.56256]]]}},{"type":"Feature","properties":{},"geometry":{"type":"Polygon","coordinates":[[[-103.358559,25.562513],[-103.358423,25.562302],[-103.358334,25.562349],[-103.358469,25.56256],[-103.358559,25.562513]]]}},{"type":"Feature","properties":{},"geometry":{"type":"Polygon","coordinates":[[[-103.358648,25.562466],[-103.358512,25.562255],[-103.358423,25.562302],[-103.358559,25.562513],[-103.358648,25.562466]]]}},{"type":"Feature","properties":{},"geometry":{"type":"Polygon","coordinates":[[[-103.358737,25.562419],[-103.358602,25.562208],[-103.358512,25.562255],[-103.358648,25.562466],[-103.358737,25.562419]]]}},{"type":"Feature","properties":{},"geometry":{"type":"Polygon","coordinates":[[[-103.358826,25.562371],[-103.358691,25.562161],[-103.358602,25.562208],[-103.358737,25.562419],[-103.358826,25.562371]]]}},{"type":"Feature","properties":{},"geometry":{"type":"Polygon","coordinates":[[[-103.358915,25.562324],[-103.35878,25.562114],[-103.358691,25.562161],[-103.358826,25.562371],[-103.358915,25.562324]]]}},{"type":"Feature","properties":{},"geometry":{"type":"Polygon","coordinates":[[[-103.359004,25.562277],[-103.358869,25.562066],[-103.35878,25.562114],[-103.358915,25.562324],[-103.359004,25.562277]]]}},{"type":"Feature","properties":{},"geometry":{"type":"Polygon","coordinates":[[[-103.359094,25.56223],[-103.358958,25.562019],[-103.358869,25.562066],[-103.359004,25.562277],[-103.359094,25.56223]]]}},{"type":"Feature","properties":{},"geometry":{"type":"Polygon","coordinates":[[[-103.359183,25.562183],[-103.359047,25.561972],[-103.358958,25.562019],[-103.359094,25.56223],[-103.359183,25.562183]]]}},{"type":"Feature","properties":{},"geometry":{"type":"Polygon","coordinates":[[[-103.359272,25.562136],[-103.359136,25.561925],[-103.359047,25.561972],[-103.359183,25.562183],[-103.359272,25.562136]]]}},{"type":"Feature","properties":{},"geometry":{"type":"Polygon","coordinates":[[[-103.359361,25.562088],[-103.359226,25.561878],[-103.359136,25.561925],[-103.359272,25.562136],[-103.359361,25.562088]]]}},{"type":"Feature","properties":{},"geometry":{"type":"Polygon","coordinates":[[[-103.359553,25.561987],[-103.359418,25.561776],[-103.359329,25.561823],[-103.359464,25.562034],[-103.359553,25.561987]]]}},{"type":"Feature","properties":{},"geometry":{"type":"Polygon","coordinates":[[[-103.359642,25.56194],[-103.359507,25.561729],[-103.359418,25.561776],[-103.359553,25.561987],[-103.359642,25.56194]]]}},{"type":"Feature","properties":{},"geometry":{"type":"Polygon","coordinates":[[[-103.359732,25.561892],[-103.359596,25.561682],[-103.359507,25.561729],[-103.359642,25.56194],[-103.359732,25.561892]]]}},{"type":"Feature","properties":{},"geometry":{"type":"Polygon","coordinates":[[[-103.359821,25.561845],[-103.359685,25.561635],[-103.359596,25.561682],[-103.359732,25.561892],[-103.359821,25.561845]]]}},{"type":"Feature","properties":{},"geometry":{"type":"Polygon","coordinates":[[[-103.35991,25.561798],[-103.359775,25.561587],[-103.359685,25.561635],[-103.359821,25.561845],[-103.35991,25.561798]]]}},{"type":"Feature","properties":{},"geometry":{"type":"Polygon","coordinates":[[[-103.359999,25.561751],[-103.359864,25.56154],[-103.359775,25.561587],[-103.35991,25.561798],[-103.359999,25.561751]]]}},{"type":"Feature","properties":{},"geometry":{"type":"Polygon","coordinates":[[[-103.360088,25.561704],[-103.359953,25.561493],[-103.359864,25.56154],[-103.359999,25.561751],[-103.360088,25.561704]]]}},{"type":"Feature","properties":{},"geometry":{"type":"Polygon","coordinates":[[[-103.360177,25.561657],[-103.360042,25.561446],[-103.359953,25.561493],[-103.360088,25.561704],[-103.360177,25.561657]]]}},{"type":"Feature","properties":{},"geometry":{"type":"Polygon","coordinates":[[[-103.360267,25.561609],[-103.360131,25.561399],[-103.360042,25.561446],[-103.360177,25.561657],[-103.360267,25.561609]]]}},{"type":"Feature","properties":{},"geometry":{"type":"Polygon","coordinates":[[[-103.360356,25.561562],[-103.36022,25.561352],[-103.360131,25.561399],[-103.360267,25.561609],[-103.360356,25.561562]]]}},{"type":"Feature","properties":{},"geometry":{"type":"Polygon","coordinates":[[[-103.360445,25.561515],[-103.36031,25.561305],[-103.36022,25.561352],[-103.360356,25.561562],[-103.360445,25.561515]]]}},{"type":"Feature","properties":{},"geometry":{"type":"Polygon","coordinates":[[[-103.360534,25.561468],[-103.360399,25.561257],[-103.36031,25.561305],[-103.360445,25.561515],[-103.360534,25.561468]]]}},{"type":"Feature","properties":{},"geometry":{"type":"Polygon","coordinates":[[[-103.360623,25.561421],[-103.360488,25.56121],[-103.360399,25.561257],[-103.360534,25.561468],[-103.360623,25.561421]]]}},{"type":"Feature","properties":{},"geometry":{"type":"Polygon","coordinates":[[[-103.360712,25.561374],[-103.360577,25.561163],[-103.360488,25.56121],[-103.360623,25.561421],[-103.360712,25.561374]]]}},{"type":"Feature","properties":{},"geometry":{"type":"Polygon","coordinates":[[[-103.360802,25.561326],[-103.360666,25.561116],[-103.360577,25.561163],[-103.360712,25.561374],[-103.360802,25.561326]]]}},{"type":"Feature","properties":{},"geometry":{"type":"Polygon","coordinates":[[[-103.360891,25.561279],[-103.360755,25.561069],[-103.360666,25.561116],[-103.360802,25.561326],[-103.360891,25.561279]]]}},{"type":"Feature","properties":{},"geometry":{"type":"Polygon","coordinates":[[[-103.361083,25.561178],[-103.360948,25.560967],[-103.360858,25.561014],[-103.360994,25.561225],[-103.361083,25.561178]]]}},{"type":"Feature","properties":{},"geometry":{"type":"Polygon","coordinates":[[[-103.361172,25.56113],[-103.361037,25.56092],[-103.360948,25.560967],[-103.361083,25.561178],[-103.361172,25.56113]]]}},{"type":"Feature","properties":{},"geometry":{"type":"Polygon","coordinates":[[[-103.361261,25.561083],[-103.361126,25.560873],[-103.361037,25.56092],[-103.361172,25.56113],[-103.361261,25.561083]]]}},{"type":"Feature","properties":{},"geometry":{"type":"Polygon","coordinates":[[[-103.36135,25.561036],[-103.361215,25.560825],[-103.361126,25.560873],[-103.361261,25.561083],[-103.36135,25.561036]]]}},{"type":"Feature","properties":{},"geometry":{"type":"Polygon","coordinates":[[[-103.36144,25.560989],[-103.361304,25.560778],[-103.361215,25.560825],[-103.36135,25.561036],[-103.36144,25.560989]]]}},{"type":"Feature","properties":{},"geometry":{"type":"Polygon","coordinates":[[[-103.361529,25.560942],[-103.361393,25.560731],[-103.361304,25.560778],[-103.36144,25.560989],[-103.361529,25.560942]]]}},{"type":"Feature","properties":{},"geometry":{"type":"Polygon","coordinates":[[[-103.361618,25.560895],[-103.361483,25.560684],[-103.361393,25.560731],[-103.361529,25.560942],[-103.361618,25.560895]]]}},{"type":"Feature","properties":{},"geometry":{"type":"Polygon","coordinates":[[[-103.361707,25.560847],[-103.361572,25.560637],[-103.361483,25.560684],[-103.361618,25.560895],[-103.361707,25.560847]]]}},{"type":"Feature","properties":{},"geometry":{"type":"Polygon","coordinates":[[[-103.361796,25.5608],[-103.361661,25.56059],[-103.361572,25.560637],[-103.361707,25.560847],[-103.361796,25.5608]]]}},{"type":"Feature","properties":{},"geometry":{"type":"Polygon","coordinates":[[[-103.361885,25.560753],[-103.36175,25.560543],[-103.361661,25.56059],[-103.361796,25.5608],[-103.361885,25.560753]]]}},{"type":"Feature","properties":{},"geometry":{"type":"Polygon","coordinates":[[[-103.361975,25.560706],[-103.361839,25.560495],[-103.36175,25.560543],[-103.361885,25.560753],[-103.361975,25.560706]]]}},{"type":"Feature","properties":{},"geometry":{"type":"Polygon","coordinates":[[[-103.362064,25.560659],[-103.361928,25.560448],[-103.361839,25.560495],[-103.361975,25.560706],[-103.362064,25.560659]]]}},{"type":"Feature","properties":{},"geometry":{"type":"Polygon","coordinates":[[[-103.362153,25.560612],[-103.362017,25.560401],[-103.361928,25.560448],[-103.362064,25.560659],[-103.362153,25.560612]]]}},{"type":"Feature","properties":{},"geometry":{"type":"Polygon","coordinates":[[[-103.362242,25.560564],[-103.362107,25.560354],[-103.362017,25.560401],[-103.362153,25.560612],[-103.362242,25.560564]]]}},{"type":"Feature","properties":{},"geometry":{"type":"Polygon","coordinates":[[[-103.362331,25.560517],[-103.362196,25.560307],[-103.362107,25.560354],[-103.362242,25.560564],[-103.362331,25.560517]]]}},{"type":"Feature","properties":{},"geometry":{"type":"Polygon","coordinates":[[[-103.36242,25.56047],[-103.362285,25.56026],[-103.362196,25.560307],[-103.362331,25.560517],[-103.36242,25.56047]]]}},{"type":"Feature","properties":{},"geometry":{"type":"Polygon","coordinates":[[[-103.362613,25.560368],[-103.362477,25.560158],[-103.362388,25.560205],[-103.362523,25.560416],[-103.362613,25.560368]]]}},{"type":"Feature","properties":{},"geometry":{"type":"Polygon","coordinates":[[[-103.362702,25.560321],[-103.362566,25.560111],[-103.362477,25.560158],[-103.362613,25.560368],[-103.362702,25.560321]]]}},{"type":"Feature","properties":{},"geometry":{"type":"Polygon","coordinates":[[[-103.362791,25.560274],[-103.362656,25.560063],[-103.362566,25.560111],[-103.362702,25.560321],[-103.362791,25.560274]]]}},{"type":"Feature","properties":{},"geometry":{"type":"Polygon","coordinates":[[[-103.36288,25.560227],[-103.362745,25.560016],[-103.362656,25.560063],[-103.362791,25.560274],[-103.36288,25.560227]]]}},{"type":"Feature","properties":{},"geometry":{"type":"Polygon","coordinates":[[[-103.362969,25.56018],[-103.362834,25.559969],[-103.362745,25.560016],[-103.36288,25.560227],[-103.362969,25.56018]]]}},{"type":"Feature","properties":{},"geometry":{"type":"Polygon","coordinates":[[[-103.363058,25.560133],[-103.362923,25.559922],[-103.362834,25.559969],[-103.362969,25.56018],[-103.363058,25.560133]]]}},{"type":"Feature","properties":{},"geometry":{"type":"Polygon","coordinates":[[[-103.363148,25.560085],[-103.363012,25.559875],[-103.362923,25.559922],[-103.363058,25.560133],[-103.363148,25.560085]]]}},{"type":"Feature","properties":{},"geometry":{"type":"Polygon","coordinates":[[[-103.363237,25.560038],[-103.363101,25.559828],[-103.363012,25.559875],[-103.363148,25.560085],[-103.363237,25.560038]]]}},{"type":"Feature","properties":{},"geometry":{"type":"Polygon","coordinates":[[[-103.363326,25.559991],[-103.36319,25.559781],[-103.363101,25.559828],[-103.363237,25.560038],[-103.363326,25.559991]]]}},{"type":"Feature","properties":{},"geometry":{"type":"Polygon","coordinates":[[[-103.363415,25.559944],[-103.36328,25.559733],[-103.36319,25.559781],[-103.363326,25.559991],[-103.363415,25.559944]]]}},{"type":"Feature","properties":{},"geometry":{"type":"Polygon","coordinates":[[[-103.363504,25.559897],[-103.363369,25.559686],[-103.36328,25.559733],[-103.363415,25.559944],[-103.363504,25.559897]]]}},{"type":"Feature","properties":{},"geometry":{"type":"Polygon","coordinates":[[[-103.363593,25.55985],[-103.363458,25.559639],[-103.363369,25.559686],[-103.363504,25.559897],[-103.363593,25.55985]]]}},{"type":"Feature","properties":{},"geometry":{"type":"Polygon","coordinates":[[[-103.363682,25.559802],[-103.363547,25.559592],[-103.363458,25.559639],[-103.363593,25.55985],[-103.363682,25.559802]]]}},{"type":"Feature","properties":{},"geometry":{"type":"Polygon","coordinates":[[[-103.363772,25.559755],[-103.363636,25.559545],[-103.363547,25.559592],[-103.363682,25.559802],[-103.363772,25.559755]]]}},{"type":"Feature","properties":{},"geometry":{"type":"Polygon","coordinates":[[[-103.363861,25.559708],[-103.363725,25.559498],[-103.363636,25.559545],[-103.363772,25.559755],[-103.363861,25.559708]]]}},{"type":"Feature","properties":{},"geometry":{"type":"Polygon","coordinates":[[[-103.36395,25.559661],[-103.363815,25.55945],[-103.363725,25.559498],[-103.363861,25.559708],[-103.36395,25.559661]]]}},{"type":"Feature","properties":{},"geometry":{"type":"Polygon","coordinates":[[[-103.364142,25.559559],[-103.364007,25.559349],[-103.363918,25.559396],[-103.364053,25.559606],[-103.364142,25.559559]]]}},{"type":"Feature","properties":{},"geometry":{"type":"Polygon","coordinates":[[[-103.364231,25.559512],[-103.364096,25.559301],[-103.364007,25.559349],[-103.364142,25.559559],[-103.364231,25.559512]]]}},{"type":"Feature","properties":{},"geometry":{"type":"Polygon","coordinates":[[[-103.364321,25.559465],[-103.364185,25.559254],[-103.364096,25.559301],[-103.364231,25.559512],[-103.364321,25.559465]]]}},{"type":"Feature","properties":{},"geometry":{"type":"Polygon","coordinates":[[[-103.36441,25.559418],[-103.364274,25.559207],[-103.364185,25.559254],[-103.364321,25.559465],[-103.36441,25.559418]]]}},{"type":"Feature","properties":{},"geometry":{"type":"Polygon","coordinates":[[[-103.364499,25.559371],[-103.364363,25.55916],[-103.364274,25.559207],[-103.36441,25.559418],[-103.364499,25.559371]]]}},{"type":"Feature","properties":{},"geometry":{"type":"Polygon","coordinates":[[[-103.364588,25.559323],[-103.364453,25.559113],[-103.364363,25.55916],[-103.364499,25.559371],[-103.364588,25.559323]]]}},{"type":"Feature","properties":{},"geometry":{"type":"Polygon","coordinates":[[[-103.364677,25.559276],[-103.364542,25.559066],[-103.364453,25.559113],[-103.364588,25.559323],[-103.364677,25.559276]]]}},{"type":"Feature","properties":{},"geometry":{"type":"Polygon","coordinates":[[[-103.364766,25.559229],[-103.364631,25.559018],[-103.364542,25.559066],[-103.364677,25.559276],[-103.364766,25.559229]]]}},{"type":"Feature","properties":{},"geometry":{"type":"Polygon","coordinates":[[[-103.364855,25.559182],[-103.36472,25.558971],[-103.364631,25.559018],[-103.364766,25.559229],[-103.364855,25.559182]]]}},{"type":"Feature","properties":{},"geometry":{"type":"Polygon","coordinates":[[[-103.364945,25.559135],[-103.364809,25.558924],[-103.36472,25.558971],[-103.364855,25.559182],[-103.364945,25.559135]]]}},{"type":"Feature","properties":{},"geometry":{"type":"Polygon","coordinates":[[[-103.365034,25.559088],[-103.364898,25.558877],[-103.364809,25.558924],[-103.364945,25.559135],[-103.365034,25.559088]]]}},{"type":"Feature","properties":{},"geometry":{"type":"Polygon","coordinates":[[[-103.365123,25.55904],[-103.364988,25.55883],[-103.364898,25.558877],[-103.365034,25.559088],[-103.365123,25.55904]]]}},{"type":"Feature","properties":{},"geometry":{"type":"Polygon","coordinates":[[[-103.365212,25.558993],[-103.365077,25.558783],[-103.364988,25.55883],[-103.365123,25.55904],[-103.365212,25.558993]]]}},{"type":"Feature","properties":{},"geometry":{"type":"Polygon","coordinates":[[[-103.365301,25.558946],[-103.365166,25.558736],[-103.365077,25.558783],[-103.365212,25.558993],[-103.365301,25.558946]]]}},{"type":"Feature","properties":{},"geometry":{"type":"Polygon","coordinates":[[[-103.36539,25.558899],[-103.365255,25.558688],[-103.365166,25.558736],[-103.365301,25.558946],[-103.36539,25.558899]]]}},{"type":"Feature","properties":{},"geometry":{"type":"Polygon","coordinates":[[[-103.36548,25.558852],[-103.365344,25.558641],[-103.365255,25.558688],[-103.36539,25.558899],[-103.36548,25.558852]]]}},{"type":"Feature","properties":{},"geometry":{"type":"Polygon","coordinates":[[[-103.365672,25.55875],[-103.365536,25.558539],[-103.365447,25.558587],[-103.365583,25.558797],[-103.365672,25.55875]]]}},{"type":"Feature","properties":{},"geometry":{"type":"Polygon","coordinates":[[[-103.365761,25.558703],[-103.365626,25.558492],[-103.365536,25.558539],[-103.365672,25.55875],[-103.365761,25.558703]]]}},{"type":"Feature","properties":{},"geometry":{"type":"Polygon","coordinates":[[[-103.36585,25.558656],[-103.365715,25.558445],[-103.365626,25.558492],[-103.365761,25.558703],[-103.36585,25.558656]]]}},{"type":"Feature","properties":{},"geometry":{"type":"Polygon","coordinates":[[[-103.358067,25.562491],[-103.357931,25.56228],[-103.357842,25.562328],[-103.357977,25.562538],[-103.358067,25.562491]]]}},{"type":"Feature","properties":{},"geometry":{"type":"Polygon","coordinates":[[[-103.358156,25.562444],[-103.35802,25.562233],[-103.357931,25.56228],[-103.358067,25.562491],[-103.358156,25.562444]]]}},{"type":"Feature","properties":{},"geometry":{"type":"Polygon","coordinates":[[[-103.358245,25.562397],[-103.35811,25.562186],[-103.35802,25.562233],[-103.358156,25.562444],[-103.358245,25.562397]]]}},{"type":"Feature","properties":{},"geometry":{"type":"Polygon","coordinates":[[[-103.358334,25.562349],[-103.358199,25.562139],[-103.35811,25.562186],[-103.358245,25.562397],[-103.358334,25.562349]]]}},{"type":"Feature","properties":{},"geometry":{"type":"Polygon","coordinates":[[[-103.358423,25.562302],[-103.358288,25.562092],[-103.358199,25.562139],[-103.358334,25.562349],[-103.358423,25.562302]]]}},{"type":"Feature","properties":{},"geometry":{"type":"Polygon","coordinates":[[[-103.358512,25.562255],[-103.358377,25.562045],[-103.358288,25.562092],[-103.358423,25.562302],[-103.358512,25.562255]]]}},{"type":"Feature","properties":{},"geometry":{"type":"Polygon","coordinates":[[[-103.358602,25.562208],[-103.358466,25.561997],[-103.358377,25.562045],[-103.358512,25.562255],[-103.358602,25.562208]]]}},{"type":"Feature","properties":{},"geometry":{"type":"Polygon","coordinates":[[[-103.358691,25.562161],[-103.358555,25.56195],[-103.358466,25.561997],[-103.358602,25.562208],[-103.358691,25.562161]]]}},{"type":"Feature","properties":{},"geometry":{"type":"Polygon","coordinates":[[[-103.35878,25.562114],[-103.358645,25.561903],[-103.358555,25.56195],[-103.358691,25.562161],[-103.35878,25.562114]]]}},{"type":"Feature","properties":{},"geometry":{"type":"Polygon","coordinates":[[[-103.358869,25.562066],[-103.358734,25.561856],[-103.358645,25.561903],[-103.35878,25.562114],[-103.358869,25.562066]]]}},{"type":"Feature","properties":{},"geometry":{"type":"Polygon","coordinates":[[[-103.358958,25.562019],[-103.358823,25.561809],[-103.358734,25.561856],[-103.358869,25.562066],[-103.358958,25.562019]]]}},{"type":"Feature","properties":{},"geometry":{"type":"Polygon","coordinates":[[[-103.359047,25.561972],[-103.358912,25.561762],[-103.358823,25.561809],[-103.358958,25.562019],[-103.359047,25.561972]]]}},{"type":"Feature","properties":{},"geometry":{"type":"Polygon","coordinates":[[[-103.359136,25.561925],[-103.359001,25.561714],[-103.358912,25.561762],[-103.359047,25.561972],[-103.359136,25.561925]]]}},{"type":"Feature","properties":{},"geometry":{"type":"Polygon","coordinates":[[[-103.359226,25.561878],[-103.35909,25.561667],[-103.359001,25.561714],[-103.359136,25.561925],[-103.359226,25.561878]]]}},{"type":"Feature","properties":{},"geometry":{"type":"Polygon","coordinates":[[[-103.359418,25.561776],[-103.359283,25.561566],[-103.359193,25.561613],[-103.359329,25.561823],[-103.359418,25.561776]]]}},{"type":"Feature","properties":{},"geometry":{"type":"Polygon","coordinates":[[[-103.359507,25.561729],[-103.359372,25.561518],[-103.359283,25.561566],[-103.359418,25.561776],[-103.359507,25.561729]]]}},{"type":"Feature","properties":{},"geometry":{"type":"Polygon","coordinates":[[[-103.359596,25.561682],[-103.359461,25.561471],[-103.359372,25.561518],[-103.359507,25.561729],[-103.359596,25.561682]]]}},{"type":"Feature","properties":{},"geometry":{"type":"Polygon","coordinates":[[[-103.359685,25.561635],[-103.35955,25.561424],[-103.359461,25.561471],[-103.359596,25.561682],[-103.359685,25.561635]]]}},{"type":"Feature","properties":{},"geometry":{"type":"Polygon","coordinates":[[[-103.359775,25.561587],[-103.359639,25.561377],[-103.35955,25.561424],[-103.359685,25.561635],[-103.359775,25.561587]]]}},{"type":"Feature","properties":{},"geometry":{"type":"Polygon","coordinates":[[[-103.359864,25.56154],[-103.359728,25.56133],[-103.359639,25.561377],[-103.359775,25.561587],[-103.359864,25.56154]]]}},{"type":"Feature","properties":{},"geometry":{"type":"Polygon","coordinates":[[[-103.359953,25.561493],[-103.359818,25.561283],[-103.359728,25.56133],[-103.359864,25.56154],[-103.359953,25.561493]]]}},{"type":"Feature","properties":{},"geometry":{"type":"Polygon","coordinates":[[[-103.360042,25.561446],[-103.359907,25.561235],[-103.359818,25.561283],[-103.359953,25.561493],[-103.360042,25.561446]]]}},{"type":"Feature","properties":{},"geometry":{"type":"Polygon","coordinates":[[[-103.360131,25.561399],[-103.359996,25.561188],[-103.359907,25.561235],[-103.360042,25.561446],[-103.360131,25.561399]]]}},{"type":"Feature","properties":{},"geometry":{"type":"Polygon","coordinates":[[[-103.36022,25.561352],[-103.360085,25.561141],[-103.359996,25.561188],[-103.360131,25.561399],[-103.36022,25.561352]]]}},{"type":"Feature","properties":{},"geometry":{"type":"Polygon","coordinates":[[[-103.36031,25.561305],[-103.360174,25.561094],[-103.360085,25.561141],[-103.36022,25.561352],[-103.36031,25.561305]]]}},{"type":"Feature","properties":{},"geometry":{"type":"Polygon","coordinates":[[[-103.360399,25.561257],[-103.360263,25.561047],[-103.360174,25.561094],[-103.36031,25.561305],[-103.360399,25.561257]]]}},{"type":"Feature","properties":{},"geometry":{"type":"Polygon","coordinates":[[[-103.360488,25.56121],[-103.360352,25.561],[-103.360263,25.561047],[-103.360399,25.561257],[-103.360488,25.56121]]]}},{"type":"Feature","properties":{},"geometry":{"type":"Polygon","coordinates":[[[-103.360577,25.561163],[-103.360442,25.560952],[-103.360352,25.561],[-103.360488,25.56121],[-103.360577,25.561163]]]}},{"type":"Feature","properties":{},"geometry":{"type":"Polygon","coordinates":[[[-103.360666,25.561116],[-103.360531,25.560905],[-103.360442,25.560952],[-103.360577,25.561163],[-103.360666,25.561116]]]}},{"type":"Feature","properties":{},"geometry":{"type":"Polygon","coordinates":[[[-103.360755,25.561069],[-103.36062,25.560858],[-103.360531,25.560905],[-103.360666,25.561116],[-103.360755,25.561069]]]}},{"type":"Feature","properties":{},"geometry":{"type":"Polygon","coordinates":[[[-103.360948,25.560967],[-103.360812,25.560756],[-103.360723,25.560804],[-103.360858,25.561014],[-103.360948,25.560967]]]}},{"type":"Feature","properties":{},"geometry":{"type":"Polygon","coordinates":[[[-103.361037,25.56092],[-103.360901,25.560709],[-103.360812,25.560756],[-103.360948,25.560967],[-103.361037,25.56092]]]}},{"type":"Feature","properties":{},"geometry":{"type":"Polygon","coordinates":[[[-103.361126,25.560873],[-103.360991,25.560662],[-103.360901,25.560709],[-103.361037,25.56092],[-103.361126,25.560873]]]}},{"type":"Feature","properties":{},"geometry":{"type":"Polygon","coordinates":[[[-103.361215,25.560825],[-103.36108,25.560615],[-103.360991,25.560662],[-103.361126,25.560873],[-103.361215,25.560825]]]}},{"type":"Feature","properties":{},"geometry":{"type":"Polygon","coordinates":[[[-103.361304,25.560778],[-103.361169,25.560568],[-103.36108,25.560615],[-103.361215,25.560825],[-103.361304,25.560778]]]}},{"type":"Feature","properties":{},"geometry":{"type":"Polygon","coordinates":[[[-103.361393,25.560731],[-103.361258,25.560521],[-103.361169,25.560568],[-103.361304,25.560778],[-103.361393,25.560731]]]}},{"type":"Feature","properties":{},"geometry":{"type":"Polygon","coordinates":[[[-103.361483,25.560684],[-103.361347,25.560473],[-103.361258,25.560521],[-103.361393,25.560731],[-103.361483,25.560684]]]}},{"type":"Feature","properties":{},"geometry":{"type":"Polygon","coordinates":[[[-103.361572,25.560637],[-103.361436,25.560426],[-103.361347,25.560473],[-103.361483,25.560684],[-103.361572,25.560637]]]}},{"type":"Feature","properties":{},"geometry":{"type":"Polygon","coordinates":[[[-103.361661,25.56059],[-103.361526,25.560379],[-103.361436,25.560426],[-103.361572,25.560637],[-103.361661,25.56059]]]}},{"type":"Feature","properties":{},"geometry":{"type":"Polygon","coordinates":[[[-103.36175,25.560543],[-103.361615,25.560332],[-103.361526,25.560379],[-103.361661,25.56059],[-103.36175,25.560543]]]}},{"type":"Feature","properties":{},"geometry":{"type":"Polygon","coordinates":[[[-103.361839,25.560495],[-103.361704,25.560285],[-103.361615,25.560332],[-103.36175,25.560543],[-103.361839,25.560495]]]}},{"type":"Feature","properties":{},"geometry":{"type":"Polygon","coordinates":[[[-103.361928,25.560448],[-103.361793,25.560238],[-103.361704,25.560285],[-103.361839,25.560495],[-103.361928,25.560448]]]}},{"type":"Feature","properties":{},"geometry":{"type":"Polygon","coordinates":[[[-103.362017,25.560401],[-103.361882,25.56019],[-103.361793,25.560238],[-103.361928,25.560448],[-103.362017,25.560401]]]}},{"type":"Feature","properties":{},"geometry":{"type":"Polygon","coordinates":[[[-103.362107,25.560354],[-103.361971,25.560143],[-103.361882,25.56019],[-103.362017,25.560401],[-103.362107,25.560354]]]}},{"type":"Feature","properties":{},"geometry":{"type":"Polygon","coordinates":[[[-103.362196,25.560307],[-103.36206,25.560096],[-103.361971,25.560143],[-103.362107,25.560354],[-103.362196,25.560307]]]}},{"type":"Feature","properties":{},"geometry":{"type":"Polygon","coordinates":[[[-103.362285,25.56026],[-103.36215,25.560049],[-103.36206,25.560096],[-103.362196,25.560307],[-103.362285,25.56026]]]}},{"type":"Feature","properties":{},"geometry":{"type":"Polygon","coordinates":[[[-103.362477,25.560158],[-103.362342,25.559947],[-103.362253,25.559994],[-103.362388,25.560205],[-103.362477,25.560158]]]}},{"type":"Feature","properties":{},"geometry":{"type":"Polygon","coordinates":[[[-103.362566,25.560111],[-103.362431,25.5599],[-103.362342,25.559947],[-103.362477,25.560158],[-103.362566,25.560111]]]}},{"type":"Feature","properties":{},"geometry":{"type":"Polygon","coordinates":[[[-103.362656,25.560063],[-103.36252,25.559853],[-103.362431,25.5599],[-103.362566,25.560111],[-103.362656,25.560063]]]}},{"type":"Feature","properties":{},"geometry":{"type":"Polygon","coordinates":[[[-103.362745,25.560016],[-103.362609,25.559806],[-103.36252,25.559853],[-103.362656,25.560063],[-103.362745,25.560016]]]}},{"type":"Feature","properties":{},"geometry":{"type":"Polygon","coordinates":[[[-103.362834,25.559969],[-103.362699,25.559759],[-103.362609,25.559806],[-103.362745,25.560016],[-103.362834,25.559969]]]}},{"type":"Feature","properties":{},"geometry":{"type":"Polygon","coordinates":[[[-103.362923,25.559922],[-103.362788,25.559711],[-103.362699,25.559759],[-103.362834,25.559969],[-103.362923,25.559922]]]}},{"type":"Feature","properties":{},"geometry":{"type":"Polygon","coordinates":[[[-103.363012,25.559875],[-103.362877,25.559664],[-103.362788,25.559711],[-103.362923,25.559922],[-103.363012,25.559875]]]}},{"type":"Feature","properties":{},"geometry":{"type":"Polygon","coordinates":[[[-103.363101,25.559828],[-103.362966,25.559617],[-103.362877,25.559664],[-103.363012,25.559875],[-103.363101,25.559828]]]}},{"type":"Feature","properties":{},"geometry":{"type":"Polygon","coordinates":[[[-103.36319,25.559781],[-103.363055,25.55957],[-103.362966,25.559617],[-103.363101,25.559828],[-103.36319,25.559781]]]}},{"type":"Feature","properties":{},"geometry":{"type":"Polygon","coordinates":[[[-103.36328,25.559733],[-103.363144,25.559523],[-103.363055,25.55957],[-103.36319,25.559781],[-103.36328,25.559733]]]}},{"type":"Feature","properties":{},"geometry":{"type":"Polygon","coordinates":[[[-103.363369,25.559686],[-103.363233,25.559476],[-103.363144,25.559523],[-103.36328,25.559733],[-103.363369,25.559686]]]}},{"type":"Feature","properties":{},"geometry":{"type":"Polygon","coordinates":[[[-103.363458,25.559639],[-103.363323,25.559428],[-103.363233,25.559476],[-103.363369,25.559686],[-103.363458,25.559639]]]}},{"type":"Feature","properties":{},"geometry":{"type":"Polygon","coordinates":[[[-103.363547,25.559592],[-103.363412,25.559381],[-103.363323,25.559428],[-103.363458,25.559639],[-103.363547,25.559592]]]}},{"type":"Feature","properties":{},"geometry":{"type":"Polygon","coordinates":[[[-103.363636,25.559545],[-103.363501,25.559334],[-103.363412,25.559381],[-103.363547,25.559592],[-103.363636,25.559545]]]}},{"type":"Feature","properties":{},"geometry":{"type":"Polygon","coordinates":[[[-103.363725,25.559498],[-103.36359,25.559287],[-103.363501,25.559334],[-103.363636,25.559545],[-103.363725,25.559498]]]}},{"type":"Feature","properties":{},"geometry":{"type":"Polygon","coordinates":[[[-103.363815,25.55945],[-103.363679,25.55924],[-103.36359,25.559287],[-103.363725,25.559498],[-103.363815,25.55945]]]}},{"type":"Feature","properties":{},"geometry":{"type":"Polygon","coordinates":[[[-103.364007,25.559349],[-103.363872,25.559138],[-103.363782,25.559185],[-103.363918,25.559396],[-103.364007,25.559349]]]}},{"type":"Feature","properties":{},"geometry":{"type":"Polygon","coordinates":[[[-103.364096,25.559301],[-103.363961,25.559091],[-103.363872,25.559138],[-103.364007,25.559349],[-103.364096,25.559301]]]}},{"type":"Feature","properties":{},"geometry":{"type":"Polygon","coordinates":[[[-103.364185,25.559254],[-103.36405,25.559044],[-103.363961,25.559091],[-103.364096,25.559301],[-103.364185,25.559254]]]}},{"type":"Feature","properties":{},"geometry":{"type":"Polygon","coordinates":[[[-103.364274,25.559207],[-103.364139,25.558997],[-103.36405,25.559044],[-103.364185,25.559254],[-103.364274,25.559207]]]}},{"type":"Feature","properties":{},"geometry":{"type":"Polygon","coordinates":[[[-103.364363,25.55916],[-103.364228,25.558949],[-103.364139,25.558997],[-103.364274,25.559207],[-103.364363,25.55916]]]}},{"type":"Feature","properties":{},"geometry":{"type":"Polygon","coordinates":[[[-103.364453,25.559113],[-103.364317,25.558902],[-103.364228,25.558949],[-103.364363,25.55916],[-103.364453,25.559113]]]}},{"type":"Feature","properties":{},"geometry":{"type":"Polygon","coordinates":[[[-103.364542,25.559066],[-103.364406,25.558855],[-103.364317,25.558902],[-103.364453,25.559113],[-103.364542,25.559066]]]}},{"type":"Feature","properties":{},"geometry":{"type":"Polygon","coordinates":[[[-103.364631,25.559018],[-103.364496,25.558808],[-103.364406,25.558855],[-103.364542,25.559066],[-103.364631,25.559018]]]}},{"type":"Feature","properties":{},"geometry":{"type":"Polygon","coordinates":[[[-103.36472,25.558971],[-103.364585,25.558761],[-103.364496,25.558808],[-103.364631,25.559018],[-103.36472,25.558971]]]}},{"type":"Feature","properties":{},"geometry":{"type":"Polygon","coordinates":[[[-103.364809,25.558924],[-103.364674,25.558714],[-103.364585,25.558761],[-103.36472,25.558971],[-103.364809,25.558924]]]}},{"type":"Feature","properties":{},"geometry":{"type":"Polygon","coordinates":[[[-103.364898,25.558877],[-103.364763,25.558666],[-103.364674,25.558714],[-103.364809,25.558924],[-103.364898,25.558877]]]}},{"type":"Feature","properties":{},"geometry":{"type":"Polygon","coordinates":[[[-103.364988,25.55883],[-103.364852,25.558619],[-103.364763,25.558666],[-103.364898,25.558877],[-103.364988,25.55883]]]}},{"type":"Feature","properties":{},"geometry":{"type":"Polygon","coordinates":[[[-103.365077,25.558783],[-103.364941,25.558572],[-103.364852,25.558619],[-103.364988,25.55883],[-103.365077,25.558783]]]}},{"type":"Feature","properties":{},"geometry":{"type":"Polygon","coordinates":[[[-103.365166,25.558736],[-103.36503,25.558525],[-103.364941,25.558572],[-103.365077,25.558783],[-103.365166,25.558736]]]}},{"type":"Feature","properties":{},"geometry":{"type":"Polygon","coordinates":[[[-103.365255,25.558688],[-103.36512,25.558478],[-103.36503,25.558525],[-103.365166,25.558736],[-103.365255,25.558688]]]}},{"type":"Feature","properties":{},"geometry":{"type":"Polygon","coordinates":[[[-103.358049,25.562092],[-103.357914,25.561882],[-103.357825,25.561929],[-103.35796,25.56214],[-103.358049,25.562092]]]}},{"type":"Feature","properties":{},"geometry":{"type":"Polygon","coordinates":[[[-103.358139,25.562045],[-103.358003,25.561835],[-103.357914,25.561882],[-103.358049,25.562092],[-103.358139,25.562045]]]}},{"type":"Feature","properties":{},"geometry":{"type":"Polygon","coordinates":[[[-103.358228,25.561998],[-103.358092,25.561788],[-103.358003,25.561835],[-103.358139,25.562045],[-103.358228,25.561998]]]}},{"type":"Feature","properties":{},"geometry":{"type":"Polygon","coordinates":[[[-103.358317,25.561951],[-103.358182,25.56174],[-103.358092,25.561788],[-103.358228,25.561998],[-103.358317,25.561951]]]}},{"type":"Feature","properties":{},"geometry":{"type":"Polygon","coordinates":[[[-103.358406,25.561904],[-103.358271,25.561693],[-103.358182,25.56174],[-103.358317,25.561951],[-103.358406,25.561904]]]}},{"type":"Feature","properties":{},"geometry":{"type":"Polygon","coordinates":[[[-103.358495,25.561857],[-103.35836,25.561646],[-103.358271,25.561693],[-103.358406,25.561904],[-103.358495,25.561857]]]}},{"type":"Feature","properties":{},"geometry":{"type":"Polygon","coordinates":[[[-103.358584,25.56181],[-103.358449,25.561599],[-103.35836,25.561646],[-103.358495,25.561857],[-103.358584,25.56181]]]}},{"type":"Feature","properties":{},"geometry":{"type":"Polygon","coordinates":[[[-103.358674,25.561762],[-103.358538,25.561552],[-103.358449,25.561599],[-103.358584,25.56181],[-103.358674,25.561762]]]}},{"type":"Feature","properties":{},"geometry":{"type":"Polygon","coordinates":[[[-103.358763,25.561715],[-103.358627,25.561505],[-103.358538,25.561552],[-103.358674,25.561762],[-103.358763,25.561715]]]}},{"type":"Feature","properties":{},"geometry":{"type":"Polygon","coordinates":[[[-103.358852,25.561668],[-103.358716,25.561457],[-103.358627,25.561505],[-103.358763,25.561715],[-103.358852,25.561668]]]}},{"type":"Feature","properties":{},"geometry":{"type":"Polygon","coordinates":[[[-103.358941,25.561621],[-103.358806,25.56141],[-103.358716,25.561457],[-103.358852,25.561668],[-103.358941,25.561621]]]}},{"type":"Feature","properties":{},"geometry":{"type":"Polygon","coordinates":[[[-103.35903,25.561574],[-103.358895,25.561363],[-103.358806,25.56141],[-103.358941,25.561621],[-103.35903,25.561574]]]}},{"type":"Feature","properties":{},"geometry":{"type":"Polygon","coordinates":[[[-103.359222,25.561472],[-103.359087,25.561261],[-103.358998,25.561309],[-103.359133,25.561519],[-103.359222,25.561472]]]}},{"type":"Feature","properties":{},"geometry":{"type":"Polygon","coordinates":[[[-103.359312,25.561425],[-103.359176,25.561214],[-103.359087,25.561261],[-103.359222,25.561472],[-103.359312,25.561425]]]}},{"type":"Feature","properties":{},"geometry":{"type":"Polygon","coordinates":[[[-103.359401,25.561378],[-103.359265,25.561167],[-103.359176,25.561214],[-103.359312,25.561425],[-103.359401,25.561378]]]}},{"type":"Feature","properties":{},"geometry":{"type":"Polygon","coordinates":[[[-103.35949,25.561331],[-103.359355,25.56112],[-103.359265,25.561167],[-103.359401,25.561378],[-103.35949,25.561331]]]}},{"type":"Feature","properties":{},"geometry":{"type":"Polygon","coordinates":[[[-103.359579,25.561283],[-103.359444,25.561073],[-103.359355,25.56112],[-103.35949,25.561331],[-103.359579,25.561283]]]}},{"type":"Feature","properties":{},"geometry":{"type":"Polygon","coordinates":[[[-103.359668,25.561236],[-103.359533,25.561026],[-103.359444,25.561073],[-103.359579,25.561283],[-103.359668,25.561236]]]}},{"type":"Feature","properties":{},"geometry":{"type":"Polygon","coordinates":[[[-103.359757,25.561189],[-103.359622,25.560978],[-103.359533,25.561026],[-103.359668,25.561236],[-103.359757,25.561189]]]}},{"type":"Feature","properties":{},"geometry":{"type":"Polygon","coordinates":[[[-103.359847,25.561142],[-103.359711,25.560931],[-103.359622,25.560978],[-103.359757,25.561189],[-103.359847,25.561142]]]}},{"type":"Feature","properties":{},"geometry":{"type":"Polygon","coordinates":[[[-103.359936,25.561095],[-103.3598,25.560884],[-103.359711,25.560931],[-103.359847,25.561142],[-103.359936,25.561095]]]}},{"type":"Feature","properties":{},"geometry":{"type":"Polygon","coordinates":[[[-103.360025,25.561048],[-103.359889,25.560837],[-103.3598,25.560884],[-103.359936,25.561095],[-103.360025,25.561048]]]}},{"type":"Feature","properties":{},"geometry":{"type":"Polygon","coordinates":[[[-103.360114,25.561],[-103.359979,25.56079],[-103.359889,25.560837],[-103.360025,25.561048],[-103.360114,25.561]]]}},{"type":"Feature","properties":{},"geometry":{"type":"Polygon","coordinates":[[[-103.360203,25.560953],[-103.360068,25.560743],[-103.359979,25.56079],[-103.360114,25.561],[-103.360203,25.560953]]]}},{"type":"Feature","properties":{},"geometry":{"type":"Polygon","coordinates":[[[-103.360292,25.560906],[-103.360157,25.560696],[-103.360068,25.560743],[-103.360203,25.560953],[-103.360292,25.560906]]]}},{"type":"Feature","properties":{},"geometry":{"type":"Polygon","coordinates":[[[-103.360381,25.560859],[-103.360246,25.560648],[-103.360157,25.560696],[-103.360292,25.560906],[-103.360381,25.560859]]]}},{"type":"Feature","properties":{},"geometry":{"type":"Polygon","coordinates":[[[-103.360471,25.560812],[-103.360335,25.560601],[-103.360246,25.560648],[-103.360381,25.560859],[-103.360471,25.560812]]]}},{"type":"Feature","properties":{},"geometry":{"type":"Polygon","coordinates":[[[-103.36056,25.560765],[-103.360424,25.560554],[-103.360335,25.560601],[-103.360471,25.560812],[-103.36056,25.560765]]]}},{"type":"Feature","properties":{},"geometry":{"type":"Polygon","coordinates":[[[-103.360752,25.560663],[-103.360617,25.560452],[-103.360528,25.560499],[-103.360663,25.56071],[-103.360752,25.560663]]]}},{"type":"Feature","properties":{},"geometry":{"type":"Polygon","coordinates":[[[-103.360841,25.560616],[-103.360706,25.560405],[-103.360617,25.560452],[-103.360752,25.560663],[-103.360841,25.560616]]]}},{"type":"Feature","properties":{},"geometry":{"type":"Polygon","coordinates":[[[-103.36093,25.560569],[-103.360795,25.560358],[-103.360706,25.560405],[-103.360841,25.560616],[-103.36093,25.560569]]]}},{"type":"Feature","properties":{},"geometry":{"type":"Polygon","coordinates":[[[-103.36102,25.560521],[-103.360884,25.560311],[-103.360795,25.560358],[-103.36093,25.560569],[-103.36102,25.560521]]]}},{"type":"Feature","properties":{},"geometry":{"type":"Polygon","coordinates":[[[-103.361109,25.560474],[-103.360973,25.560264],[-103.360884,25.560311],[-103.36102,25.560521],[-103.361109,25.560474]]]}},{"type":"Feature","properties":{},"geometry":{"type":"Polygon","coordinates":[[[-103.361198,25.560427],[-103.361063,25.560216],[-103.360973,25.560264],[-103.361109,25.560474],[-103.361198,25.560427]]]}},{"type":"Feature","properties":{},"geometry":{"type":"Polygon","coordinates":[[[-103.361287,25.56038],[-103.361152,25.560169],[-103.361063,25.560216],[-103.361198,25.560427],[-103.361287,25.56038]]]}},{"type":"Feature","properties":{},"geometry":{"type":"Polygon","coordinates":[[[-103.361376,25.560333],[-103.361241,25.560122],[-103.361152,25.560169],[-103.361287,25.56038],[-103.361376,25.560333]]]}},{"type":"Feature","properties":{},"geometry":{"type":"Polygon","coordinates":[[[-103.361465,25.560286],[-103.36133,25.560075],[-103.361241,25.560122],[-103.361376,25.560333],[-103.361465,25.560286]]]}},{"type":"Feature","properties":{},"geometry":{"type":"Polygon","coordinates":[[[-103.361554,25.560238],[-103.361419,25.560028],[-103.36133,25.560075],[-103.361465,25.560286],[-103.361554,25.560238]]]}},{"type":"Feature","properties":{},"geometry":{"type":"Polygon","coordinates":[[[-103.361644,25.560191],[-103.361508,25.559981],[-103.361419,25.560028],[-103.361554,25.560238],[-103.361644,25.560191]]]}},{"type":"Feature","properties":{},"geometry":{"type":"Polygon","coordinates":[[[-103.361733,25.560144],[-103.361597,25.559934],[-103.361508,25.559981],[-103.361644,25.560191],[-103.361733,25.560144]]]}},{"type":"Feature","properties":{},"geometry":{"type":"Polygon","coordinates":[[[-103.361822,25.560097],[-103.361687,25.559886],[-103.361597,25.559934],[-103.361733,25.560144],[-103.361822,25.560097]]]}},{"type":"Feature","properties":{},"geometry":{"type":"Polygon","coordinates":[[[-103.361911,25.56005],[-103.361776,25.559839],[-103.361687,25.559886],[-103.361822,25.560097],[-103.361911,25.56005]]]}},{"type":"Feature","properties":{},"geometry":{"type":"Polygon","coordinates":[[[-103.362,25.560003],[-103.361865,25.559792],[-103.361776,25.559839],[-103.361911,25.56005],[-103.362,25.560003]]]}},{"type":"Feature","properties":{},"geometry":{"type":"Polygon","coordinates":[[[-103.362089,25.559955],[-103.361954,25.559745],[-103.361865,25.559792],[-103.362,25.560003],[-103.362089,25.559955]]]}},{"type":"Feature","properties":{},"geometry":{"type":"Polygon","coordinates":[[[-103.362282,25.559854],[-103.362146,25.559643],[-103.362057,25.55969],[-103.362193,25.559901],[-103.362282,25.559854]]]}},{"type":"Feature","properties":{},"geometry":{"type":"Polygon","coordinates":[[[-103.362371,25.559807],[-103.362236,25.559596],[-103.362146,25.559643],[-103.362282,25.559854],[-103.362371,25.559807]]]}},{"type":"Feature","properties":{},"geometry":{"type":"Polygon","coordinates":[[[-103.36246,25.559759],[-103.362325,25.559549],[-103.362236,25.559596],[-103.362371,25.559807],[-103.36246,25.559759]]]}},{"type":"Feature","properties":{},"geometry":{"type":"Polygon","coordinates":[[[-103.362549,25.559712],[-103.362414,25.559502],[-103.362325,25.559549],[-103.36246,25.559759],[-103.362549,25.559712]]]}},{"type":"Feature","properties":{},"geometry":{"type":"Polygon","coordinates":[[[-103.362638,25.559665],[-103.362503,25.559454],[-103.362414,25.559502],[-103.362549,25.559712],[-103.362638,25.559665]]]}},{"type":"Feature","properties":{},"geometry":{"type":"Polygon","coordinates":[[[-103.362728,25.559618],[-103.362592,25.559407],[-103.362503,25.559454],[-103.362638,25.559665],[-103.362728,25.559618]]]}},{"type":"Feature","properties":{},"geometry":{"type":"Polygon","coordinates":[[[-103.362817,25.559571],[-103.362681,25.55936],[-103.362592,25.559407],[-103.362728,25.559618],[-103.362817,25.559571]]]}},{"type":"Feature","properties":{},"geometry":{"type":"Polygon","coordinates":[[[-103.362906,25.559524],[-103.36277,25.559313],[-103.362681,25.55936],[-103.362817,25.559571],[-103.362906,25.559524]]]}},{"type":"Feature","properties":{},"geometry":{"type":"Polygon","coordinates":[[[-103.362995,25.559476],[-103.36286,25.559266],[-103.36277,25.559313],[-103.362906,25.559524],[-103.362995,25.559476]]]}},{"type":"Feature","properties":{},"geometry":{"type":"Polygon","coordinates":[[[-103.363084,25.559429],[-103.362949,25.559219],[-103.36286,25.559266],[-103.362995,25.559476],[-103.363084,25.559429]]]}},{"type":"Feature","properties":{},"geometry":{"type":"Polygon","coordinates":[[[-103.363173,25.559382],[-103.363038,25.559172],[-103.362949,25.559219],[-103.363084,25.559429],[-103.363173,25.559382]]]}},{"type":"Feature","properties":{},"geometry":{"type":"Polygon","coordinates":[[[-103.363262,25.559335],[-103.363127,25.559124],[-103.363038,25.559172],[-103.363173,25.559382],[-103.363262,25.559335]]]}},{"type":"Feature","properties":{},"geometry":{"type":"Polygon","coordinates":[[[-103.363352,25.559288],[-103.363216,25.559077],[-103.363127,25.559124],[-103.363262,25.559335],[-103.363352,25.559288]]]}},{"type":"Feature","properties":{},"geometry":{"type":"Polygon","coordinates":[[[-103.363441,25.559241],[-103.363305,25.55903],[-103.363216,25.559077],[-103.363352,25.559288],[-103.363441,25.559241]]]}},{"type":"Feature","properties":{},"geometry":{"type":"Polygon","coordinates":[[[-103.36353,25.559193],[-103.363395,25.558983],[-103.363305,25.55903],[-103.363441,25.559241],[-103.36353,25.559193]]]}},{"type":"Feature","properties":{},"geometry":{"type":"Polygon","coordinates":[[[-103.363619,25.559146],[-103.363484,25.558936],[-103.363395,25.558983],[-103.36353,25.559193],[-103.363619,25.559146]]]}},{"type":"Feature","properties":{},"geometry":{"type":"Polygon","coordinates":[[[-103.363811,25.559045],[-103.363676,25.558834],[-103.363587,25.558881],[-103.363722,25.559092],[-103.363811,25.559045]]]}},{"type":"Feature","properties":{},"geometry":{"type":"Polygon","coordinates":[[[-103.363901,25.558997],[-103.363765,25.558787],[-103.363676,25.558834],[-103.363811,25.559045],[-103.363901,25.558997]]]}},{"type":"Feature","properties":{},"geometry":{"type":"Polygon","coordinates":[[[-103.36399,25.55895],[-103.363854,25.55874],[-103.363765,25.558787],[-103.363901,25.558997],[-103.36399,25.55895]]]}},{"type":"Feature","properties":{},"geometry":{"type":"Polygon","coordinates":[[[-103.364079,25.558903],[-103.363943,25.558692],[-103.363854,25.55874],[-103.36399,25.55895],[-103.364079,25.558903]]]}},{"type":"Feature","properties":{},"geometry":{"type":"Polygon","coordinates":[[[-103.364168,25.558856],[-103.364033,25.558645],[-103.363943,25.558692],[-103.364079,25.558903],[-103.364168,25.558856]]]}},{"type":"Feature","properties":{},"geometry":{"type":"Polygon","coordinates":[[[-103.364257,25.558809],[-103.364122,25.558598],[-103.364033,25.558645],[-103.364168,25.558856],[-103.364257,25.558809]]]}},{"type":"Feature","properties":{},"geometry":{"type":"Polygon","coordinates":[[[-103.364346,25.558762],[-103.364211,25.558551],[-103.364122,25.558598],[-103.364257,25.558809],[-103.364346,25.558762]]]}},{"type":"Feature","properties":{},"geometry":{"type":"Polygon","coordinates":[[[-103.364435,25.558714],[-103.3643,25.558504],[-103.364211,25.558551],[-103.364346,25.558762],[-103.364435,25.558714]]]}},{"type":"Feature","properties":{},"geometry":{"type":"Polygon","coordinates":[[[-103.364525,25.558667],[-103.364389,25.558457],[-103.3643,25.558504],[-103.364435,25.558714],[-103.364525,25.558667]]]}},{"type":"Feature","properties":{},"geometry":{"type":"Polygon","coordinates":[[[-103.358007,25.564843],[-103.357871,25.564632],[-103.357782,25.564679],[-103.357917,25.56489],[-103.358007,25.564843]]]}},{"type":"Feature","properties":{},"geometry":{"type":"Polygon","coordinates":[[[-103.358096,25.564795],[-103.35796,25.564585],[-103.357871,25.564632],[-103.358007,25.564843],[-103.358096,25.564795]]]}},{"type":"Feature","properties":{},"geometry":{"type":"Polygon","coordinates":[[[-103.358185,25.564748],[-103.358049,25.564538],[-103.35796,25.564585],[-103.358096,25.564795],[-103.358185,25.564748]]]}},{"type":"Feature","properties":{},"geometry":{"type":"Polygon","coordinates":[[[-103.358274,25.564701],[-103.358139,25.564491],[-103.358049,25.564538],[-103.358185,25.564748],[-103.358274,25.564701]]]}},{"type":"Feature","properties":{},"geometry":{"type":"Polygon","coordinates":[[[-103.358363,25.564654],[-103.358228,25.564443],[-103.358139,25.564491],[-103.358274,25.564701],[-103.358363,25.564654]]]}},{"type":"Feature","properties":{},"geometry":{"type":"Polygon","coordinates":[[[-103.358452,25.564607],[-103.358317,25.564396],[-103.358228,25.564443],[-103.358363,25.564654],[-103.358452,25.564607]]]}},{"type":"Feature","properties":{},"geometry":{"type":"Polygon","coordinates":[[[-103.358541,25.56456],[-103.358406,25.564349],[-103.358317,25.564396],[-103.358452,25.564607],[-103.358541,25.56456]]]}},{"type":"Feature","properties":{},"geometry":{"type":"Polygon","coordinates":[[[-103.358631,25.564513],[-103.358495,25.564302],[-103.358406,25.564349],[-103.358541,25.56456],[-103.358631,25.564513]]]}},{"type":"Feature","properties":{},"geometry":{"type":"Polygon","coordinates":[[[-103.35872,25.564465],[-103.358584,25.564255],[-103.358495,25.564302],[-103.358631,25.564513],[-103.35872,25.564465]]]}},{"type":"Feature","properties":{},"geometry":{"type":"Polygon","coordinates":[[[-103.358809,25.564418],[-103.358674,25.564208],[-103.358584,25.564255],[-103.35872,25.564465],[-103.358809,25.564418]]]}},{"type":"Feature","properties":{},"geometry":{"type":"Polygon","coordinates":[[[-103.359001,25.564316],[-103.358866,25.564106],[-103.358777,25.564153],[-103.358912,25.564364],[-103.359001,25.564316]]]}},{"type":"Feature","properties":{},"geometry":{"type":"Polygon","coordinates":[[[-103.35909,25.564269],[-103.358955,25.564059],[-103.358866,25.564106],[-103.359001,25.564316],[-103.35909,25.564269]]]}},{"type":"Feature","properties":{},"geometry":{"type":"Polygon","coordinates":[[[-103.35918,25.564222],[-103.359044,25.564012],[-103.358955,25.564059],[-103.35909,25.564269],[-103.35918,25.564222]]]}},{"type":"Feature","properties":{},"geometry":{"type":"Polygon","coordinates":[[[-103.359269,25.564175],[-103.359133,25.563964],[-103.359044,25.564012],[-103.35918,25.564222],[-103.359269,25.564175]]]}},{"type":"Feature","properties":{},"geometry":{"type":"Polygon","coordinates":[[[-103.359358,25.564128],[-103.359223,25.563917],[-103.359133,25.563964],[-103.359269,25.564175],[-103.359358,25.564128]]]}},{"type":"Feature","properties":{},"geometry":{"type":"Polygon","coordinates":[[[-103.359447,25.564081],[-103.359312,25.56387],[-103.359223,25.563917],[-103.359358,25.564128],[-103.359447,25.564081]]]}},{"type":"Feature","properties":{},"geometry":{"type":"Polygon","coordinates":[[[-103.359536,25.564034],[-103.359401,25.563823],[-103.359312,25.56387],[-103.359447,25.564081],[-103.359536,25.564034]]]}},{"type":"Feature","properties":{},"geometry":{"type":"Polygon","coordinates":[[[-103.359625,25.563986],[-103.35949,25.563776],[-103.359401,25.563823],[-103.359536,25.564034],[-103.359625,25.563986]]]}},{"type":"Feature","properties":{},"geometry":{"type":"Polygon","coordinates":[[[-103.359715,25.563939],[-103.359579,25.563729],[-103.35949,25.563776],[-103.359625,25.563986],[-103.359715,25.563939]]]}},{"type":"Feature","properties":{},"geometry":{"type":"Polygon","coordinates":[[[-103.359804,25.563892],[-103.359668,25.563681],[-103.359579,25.563729],[-103.359715,25.563939],[-103.359804,25.563892]]]}},{"type":"Feature","properties":{},"geometry":{"type":"Polygon","coordinates":[[[-103.359893,25.563845],[-103.359758,25.563634],[-103.359668,25.563681],[-103.359804,25.563892],[-103.359893,25.563845]]]}},{"type":"Feature","properties":{},"geometry":{"type":"Polygon","coordinates":[[[-103.359982,25.563798],[-103.359847,25.563587],[-103.359758,25.563634],[-103.359893,25.563845],[-103.359982,25.563798]]]}},{"type":"Feature","properties":{},"geometry":{"type":"Polygon","coordinates":[[[-103.360977,25.563272],[-103.360841,25.563061],[-103.360752,25.563108],[-103.360888,25.563319],[-103.360977,25.563272]]]}},{"type":"Feature","properties":{},"geometry":{"type":"Polygon","coordinates":[[[-103.361066,25.563224],[-103.360931,25.563014],[-103.360841,25.563061],[-103.360977,25.563272],[-103.361066,25.563224]]]}},{"type":"Feature","properties":{},"geometry":{"type":"Polygon","coordinates":[[[-103.361155,25.563177],[-103.36102,25.562967],[-103.360931,25.563014],[-103.361066,25.563224],[-103.361155,25.563177]]]}},{"type":"Feature","properties":{},"geometry":{"type":"Polygon","coordinates":[[[-103.361244,25.56313],[-103.361109,25.562919],[-103.36102,25.562967],[-103.361155,25.563177],[-103.361244,25.56313]]]}},{"type":"Feature","properties":{},"geometry":{"type":"Polygon","coordinates":[[[-103.361333,25.563083],[-103.361198,25.562872],[-103.361109,25.562919],[-103.361244,25.56313],[-103.361333,25.563083]]]}},{"type":"Feature","properties":{},"geometry":{"type":"Polygon","coordinates":[[[-103.361423,25.563036],[-103.361287,25.562825],[-103.361198,25.562872],[-103.361333,25.563083],[-103.361423,25.563036]]]}},{"type":"Feature","properties":{},"geometry":{"type":"Polygon","coordinates":[[[-103.361512,25.562989],[-103.361376,25.562778],[-103.361287,25.562825],[-103.361423,25.563036],[-103.361512,25.562989]]]}},{"type":"Feature","properties":{},"geometry":{"type":"Polygon","coordinates":[[[-103.361601,25.562941],[-103.361466,25.562731],[-103.361376,25.562778],[-103.361512,25.562989],[-103.361601,25.562941]]]}},{"type":"Feature","properties":{},"geometry":{"type":"Polygon","coordinates":[[[-103.36169,25.562894],[-103.361555,25.562684],[-103.361466,25.562731],[-103.361601,25.562941],[-103.36169,25.562894]]]}},{"type":"Feature","properties":{},"geometry":{"type":"Polygon","coordinates":[[[-103.361779,25.562847],[-103.361644,25.562637],[-103.361555,25.562684],[-103.36169,25.562894],[-103.361779,25.562847]]]}},{"type":"Feature","properties":{},"geometry":{"type":"Polygon","coordinates":[[[-103.361868,25.5628],[-103.361733,25.562589],[-103.361644,25.562637],[-103.361779,25.562847],[-103.361868,25.5628]]]}},{"type":"Feature","properties":{},"geometry":{"type":"Polygon","coordinates":[[[-103.362061,25.562698],[-103.361925,25.562488],[-103.361836,25.562535],[-103.361972,25.562745],[-103.362061,25.562698]]]}},{"type":"Feature","properties":{},"geometry":{"type":"Polygon","coordinates":[[[-103.36215,25.562651],[-103.362014,25.56244],[-103.361925,25.562488],[-103.362061,25.562698],[-103.36215,25.562651]]]}},{"type":"Feature","properties":{},"geometry":{"type":"Polygon","coordinates":[[[-103.362239,25.562604],[-103.362104,25.562393],[-103.362014,25.56244],[-103.36215,25.562651],[-103.362239,25.562604]]]}},{"type":"Feature","properties":{},"geometry":{"type":"Polygon","coordinates":[[[-103.362328,25.562557],[-103.362193,25.562346],[-103.362104,25.562393],[-103.362239,25.562604],[-103.362328,25.562557]]]}},{"type":"Feature","properties":{},"geometry":{"type":"Polygon","coordinates":[[[-103.362417,25.56251],[-103.362282,25.562299],[-103.362193,25.562346],[-103.362328,25.562557],[-103.362417,25.56251]]]}},{"type":"Feature","properties":{},"geometry":{"type":"Polygon","coordinates":[[[-103.362506,25.562462],[-103.362371,25.562252],[-103.362282,25.562299],[-103.362417,25.56251],[-103.362506,25.562462]]]}},{"type":"Feature","properties":{},"geometry":{"type":"Polygon","coordinates":[[[-103.362596,25.562415],[-103.36246,25.562205],[-103.362371,25.562252],[-103.362506,25.562462],[-103.362596,25.562415]]]}},{"type":"Feature","properties":{},"geometry":{"type":"Polygon","coordinates":[[[-103.362685,25.562368],[-103.362549,25.562157],[-103.36246,25.562205],[-103.362596,25.562415],[-103.362685,25.562368]]]}},{"type":"Feature","properties":{},"geometry":{"type":"Polygon","coordinates":[[[-103.362774,25.562321],[-103.362639,25.56211],[-103.362549,25.562157],[-103.362685,25.562368],[-103.362774,25.562321]]]}},{"type":"Feature","properties":{},"geometry":{"type":"Polygon","coordinates":[[[-103.362863,25.562274],[-103.362728,25.562063],[-103.362639,25.56211],[-103.362774,25.562321],[-103.362863,25.562274]]]}},{"type":"Feature","properties":{},"geometry":{"type":"Polygon","coordinates":[[[-103.362952,25.562227],[-103.362817,25.562016],[-103.362728,25.562063],[-103.362863,25.562274],[-103.362952,25.562227]]]}},{"type":"Feature","properties":{},"geometry":{"type":"Polygon","coordinates":[[[-103.363041,25.562179],[-103.362906,25.561969],[-103.362817,25.562016],[-103.362952,25.562227],[-103.363041,25.562179]]]}},{"type":"Feature","properties":{},"geometry":{"type":"Polygon","coordinates":[[[-103.363131,25.562132],[-103.362995,25.561922],[-103.362906,25.561969],[-103.363041,25.562179],[-103.363131,25.562132]]]}},{"type":"Feature","properties":{},"geometry":{"type":"Polygon","coordinates":[[[-103.36322,25.562085],[-103.363084,25.561875],[-103.362995,25.561922],[-103.363131,25.562132],[-103.36322,25.562085]]]}},{"type":"Feature","properties":{},"geometry":{"type":"Polygon","coordinates":[[[-103.363309,25.562038],[-103.363173,25.561827],[-103.363084,25.561875],[-103.36322,25.562085],[-103.363309,25.562038]]]}},{"type":"Feature","properties":{},"geometry":{"type":"Polygon","coordinates":[[[-103.363398,25.561991],[-103.363263,25.56178],[-103.363173,25.561827],[-103.363309,25.562038],[-103.363398,25.561991]]]}},{"type":"Feature","properties":{},"geometry":{"type":"Polygon","coordinates":[[[-103.36359,25.561889],[-103.363455,25.561678],[-103.363366,25.561726],[-103.363501,25.561936],[-103.36359,25.561889]]]}},{"type":"Feature","properties":{},"geometry":{"type":"Polygon","coordinates":[[[-103.363679,25.561842],[-103.363544,25.561631],[-103.363455,25.561678],[-103.36359,25.561889],[-103.363679,25.561842]]]}},{"type":"Feature","properties":{},"geometry":{"type":"Polygon","coordinates":[[[-103.363769,25.561795],[-103.363633,25.561584],[-103.363544,25.561631],[-103.363679,25.561842],[-103.363769,25.561795]]]}},{"type":"Feature","properties":{},"geometry":{"type":"Polygon","coordinates":[[[-103.363858,25.561748],[-103.363722,25.561537],[-103.363633,25.561584],[-103.363769,25.561795],[-103.363858,25.561748]]]}},{"type":"Feature","properties":{},"geometry":{"type":"Polygon","coordinates":[[[-103.363947,25.5617],[-103.363812,25.56149],[-103.363722,25.561537],[-103.363858,25.561748],[-103.363947,25.5617]]]}},{"type":"Feature","properties":{},"geometry":{"type":"Polygon","coordinates":[[[-103.364036,25.561653],[-103.363901,25.561443],[-103.363812,25.56149],[-103.363947,25.5617],[-103.364036,25.561653]]]}},{"type":"Feature","properties":{},"geometry":{"type":"Polygon","coordinates":[[[-103.364125,25.561606],[-103.36399,25.561395],[-103.363901,25.561443],[-103.364036,25.561653],[-103.364125,25.561606]]]}},{"type":"Feature","properties":{},"geometry":{"type":"Polygon","coordinates":[[[-103.364214,25.561559],[-103.364079,25.561348],[-103.36399,25.561395],[-103.364125,25.561606],[-103.364214,25.561559]]]}},{"type":"Feature","properties":{},"geometry":{"type":"Polygon","coordinates":[[[-103.364304,25.561512],[-103.364168,25.561301],[-103.364079,25.561348],[-103.364214,25.561559],[-103.364304,25.561512]]]}},{"type":"Feature","properties":{},"geometry":{"type":"Polygon","coordinates":[[[-103.364393,25.561465],[-103.364257,25.561254],[-103.364168,25.561301],[-103.364304,25.561512],[-103.364393,25.561465]]]}},{"type":"Feature","properties":{},"geometry":{"type":"Polygon","coordinates":[[[-103.364482,25.561417],[-103.364346,25.561207],[-103.364257,25.561254],[-103.364393,25.561465],[-103.364482,25.561417]]]}},{"type":"Feature","properties":{},"geometry":{"type":"Polygon","coordinates":[[[-103.364571,25.56137],[-103.364436,25.56116],[-103.364346,25.561207],[-103.364482,25.561417],[-103.364571,25.56137]]]}},{"type":"Feature","properties":{},"geometry":{"type":"Polygon","coordinates":[[[-103.36466,25.561323],[-103.364525,25.561112],[-103.364436,25.56116],[-103.364571,25.56137],[-103.36466,25.561323]]]}},{"type":"Feature","properties":{},"geometry":{"type":"Polygon","coordinates":[[[-103.364749,25.561276],[-103.364614,25.561065],[-103.364525,25.561112],[-103.36466,25.561323],[-103.364749,25.561276]]]}},{"type":"Feature","properties":{},"geometry":{"type":"Polygon","coordinates":[[[-103.364838,25.561229],[-103.364703,25.561018],[-103.364614,25.561065],[-103.364749,25.561276],[-103.364838,25.561229]]]}},{"type":"Feature","properties":{},"geometry":{"type":"Polygon","coordinates":[[[-103.364928,25.561182],[-103.364792,25.560971],[-103.364703,25.561018],[-103.364838,25.561229],[-103.364928,25.561182]]]}},{"type":"Feature","properties":{},"geometry":{"type":"Polygon","coordinates":[[[-103.36512,25.56108],[-103.364985,25.560869],[-103.364895,25.560916],[-103.365031,25.561127],[-103.36512,25.56108]]]}},{"type":"Feature","properties":{},"geometry":{"type":"Polygon","coordinates":[[[-103.365209,25.561033],[-103.365074,25.560822],[-103.364985,25.560869],[-103.36512,25.56108],[-103.365209,25.561033]]]}},{"type":"Feature","properties":{},"geometry":{"type":"Polygon","coordinates":[[[-103.365298,25.560985],[-103.365163,25.560775],[-103.365074,25.560822],[-103.365209,25.561033],[-103.365298,25.560985]]]}},{"type":"Feature","properties":{},"geometry":{"type":"Polygon","coordinates":[[[-103.365387,25.560938],[-103.365252,25.560728],[-103.365163,25.560775],[-103.365298,25.560985],[-103.365387,25.560938]]]}},{"type":"Feature","properties":{},"geometry":{"type":"Polygon","coordinates":[[[-103.365477,25.560891],[-103.365341,25.560681],[-103.365252,25.560728],[-103.365387,25.560938],[-103.365477,25.560891]]]}},{"type":"Feature","properties":{},"geometry":{"type":"Polygon","coordinates":[[[-103.365566,25.560844],[-103.36543,25.560633],[-103.365341,25.560681],[-103.365477,25.560891],[-103.365566,25.560844]]]}},{"type":"Feature","properties":{},"geometry":{"type":"Polygon","coordinates":[[[-103.365655,25.560797],[-103.365519,25.560586],[-103.36543,25.560633],[-103.365566,25.560844],[-103.365655,25.560797]]]}},{"type":"Feature","properties":{},"geometry":{"type":"Polygon","coordinates":[[[-103.365744,25.56075],[-103.365609,25.560539],[-103.365519,25.560586],[-103.365655,25.560797],[-103.365744,25.56075]]]}},{"type":"Feature","properties":{},"geometry":{"type":"Polygon","coordinates":[[[-103.365833,25.560702],[-103.365698,25.560492],[-103.365609,25.560539],[-103.365744,25.56075],[-103.365833,25.560702]]]}},{"type":"Feature","properties":{},"geometry":{"type":"Polygon","coordinates":[[[-103.365922,25.560655],[-103.365787,25.560445],[-103.365698,25.560492],[-103.365833,25.560702],[-103.365922,25.560655]]]}},{"type":"Feature","properties":{},"geometry":{"type":"Polygon","coordinates":[[[-103.366011,25.560608],[-103.365876,25.560398],[-103.365787,25.560445],[-103.365922,25.560655],[-103.366011,25.560608]]]}},{"type":"Feature","properties":{},"geometry":{"type":"Polygon","coordinates":[[[-103.366101,25.560561],[-103.365965,25.56035],[-103.365876,25.560398],[-103.366011,25.560608],[-103.366101,25.560561]]]}},{"type":"Feature","properties":{},"geometry":{"type":"Polygon","coordinates":[[[-103.36619,25.560514],[-103.366054,25.560303],[-103.365965,25.56035],[-103.366101,25.560561],[-103.36619,25.560514]]]}},{"type":"Feature","properties":{},"geometry":{"type":"Polygon","coordinates":[[[-103.366279,25.560467],[-103.366144,25.560256],[-103.366054,25.560303],[-103.36619,25.560514],[-103.366279,25.560467]]]}},{"type":"Feature","properties":{},"geometry":{"type":"Polygon","coordinates":[[[-103.366368,25.56042],[-103.366233,25.560209],[-103.366144,25.560256],[-103.366279,25.560467],[-103.366368,25.56042]]]}},{"type":"Feature","properties":{},"geometry":{"type":"Polygon","coordinates":[[[-103.366457,25.560372],[-103.366322,25.560162],[-103.366233,25.560209],[-103.366368,25.56042],[-103.366457,25.560372]]]}},{"type":"Feature","properties":{},"geometry":{"type":"Polygon","coordinates":[[[-103.36665,25.560271],[-103.366514,25.56006],[-103.366425,25.560107],[-103.36656,25.560318],[-103.36665,25.560271]]]}},{"type":"Feature","properties":{},"geometry":{"type":"Polygon","coordinates":[[[-103.366739,25.560223],[-103.366603,25.560013],[-103.366514,25.56006],[-103.36665,25.560271],[-103.366739,25.560223]]]}},{"type":"Feature","properties":{},"geometry":{"type":"Polygon","coordinates":[[[-103.366828,25.560176],[-103.366692,25.559966],[-103.366603,25.560013],[-103.366739,25.560223],[-103.366828,25.560176]]]}},{"type":"Feature","properties":{},"geometry":{"type":"Polygon","coordinates":[[[-103.366917,25.560129],[-103.366782,25.559919],[-103.366692,25.559966],[-103.366828,25.560176],[-103.366917,25.560129]]]}},{"type":"Feature","properties":{},"geometry":{"type":"Polygon","coordinates":[[[-103.367006,25.560082],[-103.366871,25.559871],[-103.366782,25.559919],[-103.366917,25.560129],[-103.367006,25.560082]]]}},{"type":"Feature","properties":{},"geometry":{"type":"Polygon","coordinates":[[[-103.367095,25.560035],[-103.36696,25.559824],[-103.366871,25.559871],[-103.367006,25.560082],[-103.367095,25.560035]]]}},{"type":"Feature","properties":{},"geometry":{"type":"Polygon","coordinates":[[[-103.367184,25.559988],[-103.367049,25.559777],[-103.36696,25.559824],[-103.367095,25.560035],[-103.367184,25.559988]]]}},{"type":"Feature","properties":{},"geometry":{"type":"Polygon","coordinates":[[[-103.367274,25.55994],[-103.367138,25.55973],[-103.367049,25.559777],[-103.367184,25.559988],[-103.367274,25.55994]]]}},{"type":"Feature","properties":{},"geometry":{"type":"Polygon","coordinates":[[[-103.367363,25.559893],[-103.367227,25.559683],[-103.367138,25.55973],[-103.367274,25.55994],[-103.367363,25.559893]]]}},{"type":"Feature","properties":{},"geometry":{"type":"Polygon","coordinates":[[[-103.367452,25.559846],[-103.367317,25.559636],[-103.367227,25.559683],[-103.367363,25.559893],[-103.367452,25.559846]]]}},{"type":"Feature","properties":{},"geometry":{"type":"Polygon","coordinates":[[[-103.367541,25.559799],[-103.367406,25.559588],[-103.367317,25.559636],[-103.367452,25.559846],[-103.367541,25.559799]]]}},{"type":"Feature","properties":{},"geometry":{"type":"Polygon","coordinates":[[[-103.36763,25.559752],[-103.367495,25.559541],[-103.367406,25.559588],[-103.367541,25.559799],[-103.36763,25.559752]]]}},{"type":"Feature","properties":{},"geometry":{"type":"Polygon","coordinates":[[[-103.367719,25.559705],[-103.367584,25.559494],[-103.367495,25.559541],[-103.36763,25.559752],[-103.367719,25.559705]]]}},{"type":"Feature","properties":{},"geometry":{"type":"Polygon","coordinates":[[[-103.367809,25.559657],[-103.367673,25.559447],[-103.367584,25.559494],[-103.367719,25.559705],[-103.367809,25.559657]]]}},{"type":"Feature","properties":{},"geometry":{"type":"Polygon","coordinates":[[[-103.367898,25.55961],[-103.367762,25.5594],[-103.367673,25.559447],[-103.367809,25.559657],[-103.367898,25.55961]]]}},{"type":"Feature","properties":{},"geometry":{"type":"Polygon","coordinates":[[[-103.367987,25.559563],[-103.367851,25.559353],[-103.367762,25.5594],[-103.367898,25.55961],[-103.367987,25.559563]]]}},{"type":"Feature","properties":{},"geometry":{"type":"Polygon","coordinates":[[[-103.368179,25.559461],[-103.368044,25.559251],[-103.367955,25.559298],[-103.36809,25.559509],[-103.368179,25.559461]]]}},{"type":"Feature","properties":{},"geometry":{"type":"Polygon","coordinates":[[[-103.368268,25.559414],[-103.368133,25.559204],[-103.368044,25.559251],[-103.368179,25.559461],[-103.368268,25.559414]]]}},{"type":"Feature","properties":{},"geometry":{"type":"Polygon","coordinates":[[[-103.368357,25.559367],[-103.368222,25.559157],[-103.368133,25.559204],[-103.368268,25.559414],[-103.368357,25.559367]]]}},{"type":"Feature","properties":{},"geometry":{"type":"Polygon","coordinates":[[[-103.368447,25.55932],[-103.368311,25.559109],[-103.368222,25.559157],[-103.368357,25.559367],[-103.368447,25.55932]]]}},{"type":"Feature","properties":{},"geometry":{"type":"Polygon","coordinates":[[[-103.368536,25.559273],[-103.3684,25.559062],[-103.368311,25.559109],[-103.368447,25.55932],[-103.368536,25.559273]]]}},{"type":"Feature","properties":{},"geometry":{"type":"Polygon","coordinates":[[[-103.368625,25.559226],[-103.36849,25.559015],[-103.3684,25.559062],[-103.368536,25.559273],[-103.368625,25.559226]]]}},{"type":"Feature","properties":{},"geometry":{"type":"Polygon","coordinates":[[[-103.368714,25.559178],[-103.368579,25.558968],[-103.36849,25.559015],[-103.368625,25.559226],[-103.368714,25.559178]]]}},{"type":"Feature","properties":{},"geometry":{"type":"Polygon","coordinates":[[[-103.358053,25.5651],[-103.357917,25.56489],[-103.357828,25.564937],[-103.357964,25.565148],[-103.358053,25.5651]]]}},{"type":"Feature","properties":{},"geometry":{"type":"Polygon","coordinates":[[[-103.358142,25.565053],[-103.358007,25.564843],[-103.357917,25.56489],[-103.358053,25.5651],[-103.358142,25.565053]]]}},{"type":"Feature","properties":{},"geometry":{"type":"Polygon","coordinates":[[[-103.358231,25.565006],[-103.358096,25.564795],[-103.358007,25.564843],[-103.358142,25.565053],[-103.358231,25.565006]]]}},{"type":"Feature","properties":{},"geometry":{"type":"Polygon","coordinates":[[[-103.35832,25.564959],[-103.358185,25.564748],[-103.358096,25.564795],[-103.358231,25.565006],[-103.35832,25.564959]]]}},{"type":"Feature","properties":{},"geometry":{"type":"Polygon","coordinates":[[[-103.358409,25.564912],[-103.358274,25.564701],[-103.358185,25.564748],[-103.35832,25.564959],[-103.358409,25.564912]]]}},{"type":"Feature","properties":{},"geometry":{"type":"Polygon","coordinates":[[[-103.358499,25.564865],[-103.358363,25.564654],[-103.358274,25.564701],[-103.358409,25.564912],[-103.358499,25.564865]]]}},{"type":"Feature","properties":{},"geometry":{"type":"Polygon","coordinates":[[[-103.358588,25.564817],[-103.358452,25.564607],[-103.358363,25.564654],[-103.358499,25.564865],[-103.358588,25.564817]]]}},{"type":"Feature","properties":{},"geometry":{"type":"Polygon","coordinates":[[[-103.358677,25.56477],[-103.358541,25.56456],[-103.358452,25.564607],[-103.358588,25.564817],[-103.358677,25.56477]]]}},{"type":"Feature","properties":{},"geometry":{"type":"Polygon","coordinates":[[[-103.358766,25.564723],[-103.358631,25.564513],[-103.358541,25.56456],[-103.358677,25.56477],[-103.358766,25.564723]]]}},{"type":"Feature","properties":{},"geometry":{"type":"Polygon","coordinates":[[[-103.358855,25.564676],[-103.35872,25.564465],[-103.358631,25.564513],[-103.358766,25.564723],[-103.358855,25.564676]]]}},{"type":"Feature","properties":{},"geometry":{"type":"Polygon","coordinates":[[[-103.358944,25.564629],[-103.358809,25.564418],[-103.35872,25.564465],[-103.358855,25.564676],[-103.358944,25.564629]]]}},{"type":"Feature","properties":{},"geometry":{"type":"Polygon","coordinates":[[[-103.359137,25.564527],[-103.359001,25.564316],[-103.358912,25.564364],[-103.359048,25.564574],[-103.359137,25.564527]]]}},{"type":"Feature","properties":{},"geometry":{"type":"Polygon","coordinates":[[[-103.359226,25.56448],[-103.35909,25.564269],[-103.359001,25.564316],[-103.359137,25.564527],[-103.359226,25.56448]]]}},{"type":"Feature","properties":{},"geometry":{"type":"Polygon","coordinates":[[[-103.359315,25.564433],[-103.35918,25.564222],[-103.35909,25.564269],[-103.359226,25.56448],[-103.359315,25.564433]]]}},{"type":"Feature","properties":{},"geometry":{"type":"Polygon","coordinates":[[[-103.359404,25.564386],[-103.359269,25.564175],[-103.35918,25.564222],[-103.359315,25.564433],[-103.359404,25.564386]]]}},{"type":"Feature","properties":{},"geometry":{"type":"Polygon","coordinates":[[[-103.359493,25.564338],[-103.359358,25.564128],[-103.359269,25.564175],[-103.359404,25.564386],[-103.359493,25.564338]]]}},{"type":"Feature","properties":{},"geometry":{"type":"Polygon","coordinates":[[[-103.359582,25.564291],[-103.359447,25.564081],[-103.359358,25.564128],[-103.359493,25.564338],[-103.359582,25.564291]]]}},{"type":"Feature","properties":{},"geometry":{"type":"Polygon","coordinates":[[[-103.359672,25.564244],[-103.359536,25.564034],[-103.359447,25.564081],[-103.359582,25.564291],[-103.359672,25.564244]]]}},{"type":"Feature","properties":{},"geometry":{"type":"Polygon","coordinates":[[[-103.359761,25.564197],[-103.359625,25.563986],[-103.359536,25.564034],[-103.359672,25.564244],[-103.359761,25.564197]]]}},{"type":"Feature","properties":{},"geometry":{"type":"Polygon","coordinates":[[[-103.35985,25.56415],[-103.359715,25.563939],[-103.359625,25.563986],[-103.359761,25.564197],[-103.35985,25.56415]]]}},{"type":"Feature","properties":{},"geometry":{"type":"Polygon","coordinates":[[[-103.359939,25.564103],[-103.359804,25.563892],[-103.359715,25.563939],[-103.35985,25.56415],[-103.359939,25.564103]]]}},{"type":"Feature","properties":{},"geometry":{"type":"Polygon","coordinates":[[[-103.360028,25.564055],[-103.359893,25.563845],[-103.359804,25.563892],[-103.359939,25.564103],[-103.360028,25.564055]]]}},{"type":"Feature","properties":{},"geometry":{"type":"Polygon","coordinates":[[[-103.360117,25.564008],[-103.359982,25.563798],[-103.359893,25.563845],[-103.360028,25.564055],[-103.360117,25.564008]]]}},{"type":"Feature","properties":{},"geometry":{"type":"Polygon","coordinates":[[[-103.361112,25.563482],[-103.360977,25.563272],[-103.360888,25.563319],[-103.361023,25.563529],[-103.361112,25.563482]]]}},{"type":"Feature","properties":{},"geometry":{"type":"Polygon","coordinates":[[[-103.361201,25.563435],[-103.361066,25.563224],[-103.360977,25.563272],[-103.361112,25.563482],[-103.361201,25.563435]]]}},{"type":"Feature","properties":{},"geometry":{"type":"Polygon","coordinates":[[[-103.36129,25.563388],[-103.361155,25.563177],[-103.361066,25.563224],[-103.361201,25.563435],[-103.36129,25.563388]]]}},{"type":"Feature","properties":{},"geometry":{"type":"Polygon","coordinates":[[[-103.36138,25.563341],[-103.361244,25.56313],[-103.361155,25.563177],[-103.36129,25.563388],[-103.36138,25.563341]]]}},{"type":"Feature","properties":{},"geometry":{"type":"Polygon","coordinates":[[[-103.361469,25.563293],[-103.361333,25.563083],[-103.361244,25.56313],[-103.36138,25.563341],[-103.361469,25.563293]]]}},{"type":"Feature","properties":{},"geometry":{"type":"Polygon","coordinates":[[[-103.361558,25.563246],[-103.361423,25.563036],[-103.361333,25.563083],[-103.361469,25.563293],[-103.361558,25.563246]]]}},{"type":"Feature","properties":{},"geometry":{"type":"Polygon","coordinates":[[[-103.361647,25.563199],[-103.361512,25.562989],[-103.361423,25.563036],[-103.361558,25.563246],[-103.361647,25.563199]]]}},{"type":"Feature","properties":{},"geometry":{"type":"Polygon","coordinates":[[[-103.361736,25.563152],[-103.361601,25.562941],[-103.361512,25.562989],[-103.361647,25.563199],[-103.361736,25.563152]]]}},{"type":"Feature","properties":{},"geometry":{"type":"Polygon","coordinates":[[[-103.361825,25.563105],[-103.36169,25.562894],[-103.361601,25.562941],[-103.361736,25.563152],[-103.361825,25.563105]]]}},{"type":"Feature","properties":{},"geometry":{"type":"Polygon","coordinates":[[[-103.361915,25.563058],[-103.361779,25.562847],[-103.36169,25.562894],[-103.361825,25.563105],[-103.361915,25.563058]]]}},{"type":"Feature","properties":{},"geometry":{"type":"Polygon","coordinates":[[[-103.362004,25.56301],[-103.361868,25.5628],[-103.361779,25.562847],[-103.361915,25.563058],[-103.362004,25.56301]]]}},{"type":"Feature","properties":{},"geometry":{"type":"Polygon","coordinates":[[[-103.362196,25.562909],[-103.362061,25.562698],[-103.361972,25.562745],[-103.362107,25.562956],[-103.362196,25.562909]]]}},{"type":"Feature","properties":{},"geometry":{"type":"Polygon","coordinates":[[[-103.362285,25.562862],[-103.36215,25.562651],[-103.362061,25.562698],[-103.362196,25.562909],[-103.362285,25.562862]]]}},{"type":"Feature","properties":{},"geometry":{"type":"Polygon","coordinates":[[[-103.362374,25.562814],[-103.362239,25.562604],[-103.36215,25.562651],[-103.362285,25.562862],[-103.362374,25.562814]]]}},{"type":"Feature","properties":{},"geometry":{"type":"Polygon","coordinates":[[[-103.362464,25.562767],[-103.362328,25.562557],[-103.362239,25.562604],[-103.362374,25.562814],[-103.362464,25.562767]]]}},{"type":"Feature","properties":{},"geometry":{"type":"Polygon","coordinates":[[[-103.362553,25.56272],[-103.362417,25.56251],[-103.362328,25.562557],[-103.362464,25.562767],[-103.362553,25.56272]]]}},{"type":"Feature","properties":{},"geometry":{"type":"Polygon","coordinates":[[[-103.362642,25.562673],[-103.362506,25.562462],[-103.362417,25.56251],[-103.362553,25.56272],[-103.362642,25.562673]]]}},{"type":"Feature","properties":{},"geometry":{"type":"Polygon","coordinates":[[[-103.362731,25.562626],[-103.362596,25.562415],[-103.362506,25.562462],[-103.362642,25.562673],[-103.362731,25.562626]]]}},{"type":"Feature","properties":{},"geometry":{"type":"Polygon","coordinates":[[[-103.36282,25.562579],[-103.362685,25.562368],[-103.362596,25.562415],[-103.362731,25.562626],[-103.36282,25.562579]]]}},{"type":"Feature","properties":{},"geometry":{"type":"Polygon","coordinates":[[[-103.362909,25.562531],[-103.362774,25.562321],[-103.362685,25.562368],[-103.36282,25.562579],[-103.362909,25.562531]]]}},{"type":"Feature","properties":{},"geometry":{"type":"Polygon","coordinates":[[[-103.362998,25.562484],[-103.362863,25.562274],[-103.362774,25.562321],[-103.362909,25.562531],[-103.362998,25.562484]]]}},{"type":"Feature","properties":{},"geometry":{"type":"Polygon","coordinates":[[[-103.363088,25.562437],[-103.362952,25.562227],[-103.362863,25.562274],[-103.362998,25.562484],[-103.363088,25.562437]]]}},{"type":"Feature","properties":{},"geometry":{"type":"Polygon","coordinates":[[[-103.363177,25.56239],[-103.363041,25.562179],[-103.362952,25.562227],[-103.363088,25.562437],[-103.363177,25.56239]]]}},{"type":"Feature","properties":{},"geometry":{"type":"Polygon","coordinates":[[[-103.363266,25.562343],[-103.363131,25.562132],[-103.363041,25.562179],[-103.363177,25.56239],[-103.363266,25.562343]]]}},{"type":"Feature","properties":{},"geometry":{"type":"Polygon","coordinates":[[[-103.363355,25.562296],[-103.36322,25.562085],[-103.363131,25.562132],[-103.363266,25.562343],[-103.363355,25.562296]]]}},{"type":"Feature","properties":{},"geometry":{"type":"Polygon","coordinates":[[[-103.363444,25.562248],[-103.363309,25.562038],[-103.36322,25.562085],[-103.363355,25.562296],[-103.363444,25.562248]]]}},{"type":"Feature","properties":{},"geometry":{"type":"Polygon","coordinates":[[[-103.363533,25.562201],[-103.363398,25.561991],[-103.363309,25.562038],[-103.363444,25.562248],[-103.363533,25.562201]]]}},{"type":"Feature","properties":{},"geometry":{"type":"Polygon","coordinates":[[[-103.363726,25.5621],[-103.36359,25.561889],[-103.363501,25.561936],[-103.363637,25.562147],[-103.363726,25.5621]]]}},{"type":"Feature","properties":{},"geometry":{"type":"Polygon","coordinates":[[[-103.363815,25.562052],[-103.363679,25.561842],[-103.36359,25.561889],[-103.363726,25.5621],[-103.363815,25.562052]]]}},{"type":"Feature","properties":{},"geometry":{"type":"Polygon","coordinates":[[[-103.363904,25.562005],[-103.363769,25.561795],[-103.363679,25.561842],[-103.363815,25.562052],[-103.363904,25.562005]]]}},{"type":"Feature","properties":{},"geometry":{"type":"Polygon","coordinates":[[[-103.363993,25.561958],[-103.363858,25.561748],[-103.363769,25.561795],[-103.363904,25.562005],[-103.363993,25.561958]]]}},{"type":"Feature","properties":{},"geometry":{"type":"Polygon","coordinates":[[[-103.364082,25.561911],[-103.363947,25.5617],[-103.363858,25.561748],[-103.363993,25.561958],[-103.364082,25.561911]]]}},{"type":"Feature","properties":{},"geometry":{"type":"Polygon","coordinates":[[[-103.364171,25.561864],[-103.364036,25.561653],[-103.363947,25.5617],[-103.364082,25.561911],[-103.364171,25.561864]]]}},{"type":"Feature","properties":{},"geometry":{"type":"Polygon","coordinates":[[[-103.364261,25.561817],[-103.364125,25.561606],[-103.364036,25.561653],[-103.364171,25.561864],[-103.364261,25.561817]]]}},{"type":"Feature","properties":{},"geometry":{"type":"Polygon","coordinates":[[[-103.36435,25.561769],[-103.364214,25.561559],[-103.364125,25.561606],[-103.364261,25.561817],[-103.36435,25.561769]]]}},{"type":"Feature","properties":{},"geometry":{"type":"Polygon","coordinates":[[[-103.364439,25.561722],[-103.364304,25.561512],[-103.364214,25.561559],[-103.36435,25.561769],[-103.364439,25.561722]]]}},{"type":"Feature","properties":{},"geometry":{"type":"Polygon","coordinates":[[[-103.364528,25.561675],[-103.364393,25.561465],[-103.364304,25.561512],[-103.364439,25.561722],[-103.364528,25.561675]]]}},{"type":"Feature","properties":{},"geometry":{"type":"Polygon","coordinates":[[[-103.364617,25.561628],[-103.364482,25.561417],[-103.364393,25.561465],[-103.364528,25.561675],[-103.364617,25.561628]]]}},{"type":"Feature","properties":{},"geometry":{"type":"Polygon","coordinates":[[[-103.364706,25.561581],[-103.364571,25.56137],[-103.364482,25.561417],[-103.364617,25.561628],[-103.364706,25.561581]]]}},{"type":"Feature","properties":{},"geometry":{"type":"Polygon","coordinates":[[[-103.364796,25.561534],[-103.36466,25.561323],[-103.364571,25.56137],[-103.364706,25.561581],[-103.364796,25.561534]]]}},{"type":"Feature","properties":{},"geometry":{"type":"Polygon","coordinates":[[[-103.364885,25.561486],[-103.364749,25.561276],[-103.36466,25.561323],[-103.364796,25.561534],[-103.364885,25.561486]]]}},{"type":"Feature","properties":{},"geometry":{"type":"Polygon","coordinates":[[[-103.364974,25.561439],[-103.364838,25.561229],[-103.364749,25.561276],[-103.364885,25.561486],[-103.364974,25.561439]]]}},{"type":"Feature","properties":{},"geometry":{"type":"Polygon","coordinates":[[[-103.365063,25.561392],[-103.364928,25.561182],[-103.364838,25.561229],[-103.364974,25.561439],[-103.365063,25.561392]]]}},{"type":"Feature","properties":{},"geometry":{"type":"Polygon","coordinates":[[[-103.365255,25.56129],[-103.36512,25.56108],[-103.365031,25.561127],[-103.365166,25.561338],[-103.365255,25.56129]]]}},{"type":"Feature","properties":{},"geometry":{"type":"Polygon","coordinates":[[[-103.365344,25.561243],[-103.365209,25.561033],[-103.36512,25.56108],[-103.365255,25.56129],[-103.365344,25.561243]]]}},{"type":"Feature","properties":{},"geometry":{"type":"Polygon","coordinates":[[[-103.365434,25.561196],[-103.365298,25.560985],[-103.365209,25.561033],[-103.365344,25.561243],[-103.365434,25.561196]]]}},{"type":"Feature","properties":{},"geometry":{"type":"Polygon","coordinates":[[[-103.365523,25.561149],[-103.365387,25.560938],[-103.365298,25.560985],[-103.365434,25.561196],[-103.365523,25.561149]]]}},{"type":"Feature","properties":{},"geometry":{"type":"Polygon","coordinates":[[[-103.365612,25.561102],[-103.365477,25.560891],[-103.365387,25.560938],[-103.365523,25.561149],[-103.365612,25.561102]]]}},{"type":"Feature","properties":{},"geometry":{"type":"Polygon","coordinates":[[[-103.365701,25.561055],[-103.365566,25.560844],[-103.365477,25.560891],[-103.365612,25.561102],[-103.365701,25.561055]]]}},{"type":"Feature","properties":{},"geometry":{"type":"Polygon","coordinates":[[[-103.36579,25.561007],[-103.365655,25.560797],[-103.365566,25.560844],[-103.365701,25.561055],[-103.36579,25.561007]]]}},{"type":"Feature","properties":{},"geometry":{"type":"Polygon","coordinates":[[[-103.365879,25.56096],[-103.365744,25.56075],[-103.365655,25.560797],[-103.36579,25.561007],[-103.365879,25.56096]]]}},{"type":"Feature","properties":{},"geometry":{"type":"Polygon","coordinates":[[[-103.365969,25.560913],[-103.365833,25.560702],[-103.365744,25.56075],[-103.365879,25.56096],[-103.365969,25.560913]]]}},{"type":"Feature","properties":{},"geometry":{"type":"Polygon","coordinates":[[[-103.366058,25.560866],[-103.365922,25.560655],[-103.365833,25.560702],[-103.365969,25.560913],[-103.366058,25.560866]]]}},{"type":"Feature","properties":{},"geometry":{"type":"Polygon","coordinates":[[[-103.366147,25.560819],[-103.366011,25.560608],[-103.365922,25.560655],[-103.366058,25.560866],[-103.366147,25.560819]]]}},{"type":"Feature","properties":{},"geometry":{"type":"Polygon","coordinates":[[[-103.366236,25.560772],[-103.366101,25.560561],[-103.366011,25.560608],[-103.366147,25.560819],[-103.366236,25.560772]]]}},{"type":"Feature","properties":{},"geometry":{"type":"Polygon","coordinates":[[[-103.366325,25.560724],[-103.36619,25.560514],[-103.366101,25.560561],[-103.366236,25.560772],[-103.366325,25.560724]]]}},{"type":"Feature","properties":{},"geometry":{"type":"Polygon","coordinates":[[[-103.366414,25.560677],[-103.366279,25.560467],[-103.36619,25.560514],[-103.366325,25.560724],[-103.366414,25.560677]]]}},{"type":"Feature","properties":{},"geometry":{"type":"Polygon","coordinates":[[[-103.366503,25.56063],[-103.366368,25.56042],[-103.366279,25.560467],[-103.366414,25.560677],[-103.366503,25.56063]]]}},{"type":"Feature","properties":{},"geometry":{"type":"Polygon","coordinates":[[[-103.366593,25.560583],[-103.366457,25.560372],[-103.366368,25.56042],[-103.366503,25.56063],[-103.366593,25.560583]]]}},{"type":"Feature","properties":{},"geometry":{"type":"Polygon","coordinates":[[[-103.366785,25.560481],[-103.36665,25.560271],[-103.36656,25.560318],[-103.366696,25.560528],[-103.366785,25.560481]]]}},{"type":"Feature","properties":{},"geometry":{"type":"Polygon","coordinates":[[[-103.366874,25.560434],[-103.366739,25.560223],[-103.36665,25.560271],[-103.366785,25.560481],[-103.366874,25.560434]]]}},{"type":"Feature","properties":{},"geometry":{"type":"Polygon","coordinates":[[[-103.366963,25.560387],[-103.366828,25.560176],[-103.366739,25.560223],[-103.366874,25.560434],[-103.366963,25.560387]]]}},{"type":"Feature","properties":{},"geometry":{"type":"Polygon","coordinates":[[[-103.367052,25.56034],[-103.366917,25.560129],[-103.366828,25.560176],[-103.366963,25.560387],[-103.367052,25.56034]]]}},{"type":"Feature","properties":{},"geometry":{"type":"Polygon","coordinates":[[[-103.367142,25.560292],[-103.367006,25.560082],[-103.366917,25.560129],[-103.367052,25.56034],[-103.367142,25.560292]]]}},{"type":"Feature","properties":{},"geometry":{"type":"Polygon","coordinates":[[[-103.367231,25.560245],[-103.367095,25.560035],[-103.367006,25.560082],[-103.367142,25.560292],[-103.367231,25.560245]]]}},{"type":"Feature","properties":{},"geometry":{"type":"Polygon","coordinates":[[[-103.36732,25.560198],[-103.367184,25.559988],[-103.367095,25.560035],[-103.367231,25.560245],[-103.36732,25.560198]]]}},{"type":"Feature","properties":{},"geometry":{"type":"Polygon","coordinates":[[[-103.367409,25.560151],[-103.367274,25.55994],[-103.367184,25.559988],[-103.36732,25.560198],[-103.367409,25.560151]]]}},{"type":"Feature","properties":{},"geometry":{"type":"Polygon","coordinates":[[[-103.367498,25.560104],[-103.367363,25.559893],[-103.367274,25.55994],[-103.367409,25.560151],[-103.367498,25.560104]]]}},{"type":"Feature","properties":{},"geometry":{"type":"Polygon","coordinates":[[[-103.367587,25.560057],[-103.367452,25.559846],[-103.367363,25.559893],[-103.367498,25.560104],[-103.367587,25.560057]]]}},{"type":"Feature","properties":{},"geometry":{"type":"Polygon","coordinates":[[[-103.367676,25.560009],[-103.367541,25.559799],[-103.367452,25.559846],[-103.367587,25.560057],[-103.367676,25.560009]]]}},{"type":"Feature","properties":{},"geometry":{"type":"Polygon","coordinates":[[[-103.367766,25.559962],[-103.36763,25.559752],[-103.367541,25.559799],[-103.367676,25.560009],[-103.367766,25.559962]]]}},{"type":"Feature","properties":{},"geometry":{"type":"Polygon","coordinates":[[[-103.367855,25.559915],[-103.367719,25.559705],[-103.36763,25.559752],[-103.367766,25.559962],[-103.367855,25.559915]]]}},{"type":"Feature","properties":{},"geometry":{"type":"Polygon","coordinates":[[[-103.367944,25.559868],[-103.367809,25.559657],[-103.367719,25.559705],[-103.367855,25.559915],[-103.367944,25.559868]]]}},{"type":"Feature","properties":{},"geometry":{"type":"Polygon","coordinates":[[[-103.368033,25.559821],[-103.367898,25.55961],[-103.367809,25.559657],[-103.367944,25.559868],[-103.368033,25.559821]]]}},{"type":"Feature","properties":{},"geometry":{"type":"Polygon","coordinates":[[[-103.368122,25.559774],[-103.367987,25.559563],[-103.367898,25.55961],[-103.368033,25.559821],[-103.368122,25.559774]]]}},{"type":"Feature","properties":{},"geometry":{"type":"Polygon","coordinates":[[[-103.368315,25.559672],[-103.368179,25.559461],[-103.36809,25.559509],[-103.368225,25.559719],[-103.368315,25.559672]]]}},{"type":"Feature","properties":{},"geometry":{"type":"Polygon","coordinates":[[[-103.368404,25.559625],[-103.368268,25.559414],[-103.368179,25.559461],[-103.368315,25.559672],[-103.368404,25.559625]]]}},{"type":"Feature","properties":{},"geometry":{"type":"Polygon","coordinates":[[[-103.368493,25.559578],[-103.368357,25.559367],[-103.368268,25.559414],[-103.368404,25.559625],[-103.368493,25.559578]]]}},{"type":"Feature","properties":{},"geometry":{"type":"Polygon","coordinates":[[[-103.368582,25.55953],[-103.368447,25.55932],[-103.368357,25.559367],[-103.368493,25.559578],[-103.368582,25.55953]]]}},{"type":"Feature","properties":{},"geometry":{"type":"Polygon","coordinates":[[[-103.368671,25.559483],[-103.368536,25.559273],[-103.368447,25.55932],[-103.368582,25.55953],[-103.368671,25.559483]]]}},{"type":"Feature","properties":{},"geometry":{"type":"Polygon","coordinates":[[[-103.36876,25.559436],[-103.368625,25.559226],[-103.368536,25.559273],[-103.368671,25.559483],[-103.36876,25.559436]]]}},{"type":"Feature","properties":{},"geometry":{"type":"Polygon","coordinates":[[[-103.35807,25.565499],[-103.357935,25.565288],[-103.357845,25.565335],[-103.357981,25.565546],[-103.35807,25.565499]]]}},{"type":"Feature","properties":{},"geometry":{"type":"Polygon","coordinates":[[[-103.358159,25.565452],[-103.358024,25.565241],[-103.357935,25.565288],[-103.35807,25.565499],[-103.358159,25.565452]]]}},{"type":"Feature","properties":{},"geometry":{"type":"Polygon","coordinates":[[[-103.358248,25.565404],[-103.358113,25.565194],[-103.358024,25.565241],[-103.358159,25.565452],[-103.358248,25.565404]]]}},{"type":"Feature","properties":{},"geometry":{"type":"Polygon","coordinates":[[[-103.358337,25.565357],[-103.358202,25.565147],[-103.358113,25.565194],[-103.358248,25.565404],[-103.358337,25.565357]]]}},{"type":"Feature","properties":{},"geometry":{"type":"Polygon","coordinates":[[[-103.358427,25.56531],[-103.358291,25.5651],[-103.358202,25.565147],[-103.358337,25.565357],[-103.358427,25.56531]]]}},{"type":"Feature","properties":{},"geometry":{"type":"Polygon","coordinates":[[[-103.358516,25.565263],[-103.35838,25.565052],[-103.358291,25.5651],[-103.358427,25.56531],[-103.358516,25.565263]]]}},{"type":"Feature","properties":{},"geometry":{"type":"Polygon","coordinates":[[[-103.358605,25.565216],[-103.35847,25.565005],[-103.35838,25.565052],[-103.358516,25.565263],[-103.358605,25.565216]]]}},{"type":"Feature","properties":{},"geometry":{"type":"Polygon","coordinates":[[[-103.358694,25.565169],[-103.358559,25.564958],[-103.35847,25.565005],[-103.358605,25.565216],[-103.358694,25.565169]]]}},{"type":"Feature","properties":{},"geometry":{"type":"Polygon","coordinates":[[[-103.358783,25.565122],[-103.358648,25.564911],[-103.358559,25.564958],[-103.358694,25.565169],[-103.358783,25.565122]]]}},{"type":"Feature","properties":{},"geometry":{"type":"Polygon","coordinates":[[[-103.358872,25.565074],[-103.358737,25.564864],[-103.358648,25.564911],[-103.358783,25.565122],[-103.358872,25.565074]]]}},{"type":"Feature","properties":{},"geometry":{"type":"Polygon","coordinates":[[[-103.358962,25.565027],[-103.358826,25.564817],[-103.358737,25.564864],[-103.358872,25.565074],[-103.358962,25.565027]]]}},{"type":"Feature","properties":{},"geometry":{"type":"Polygon","coordinates":[[[-103.359051,25.56498],[-103.358915,25.564769],[-103.358826,25.564817],[-103.358962,25.565027],[-103.359051,25.56498]]]}},{"type":"Feature","properties":{},"geometry":{"type":"Polygon","coordinates":[[[-103.35914,25.564933],[-103.359004,25.564722],[-103.358915,25.564769],[-103.359051,25.56498],[-103.35914,25.564933]]]}},{"type":"Feature","properties":{},"geometry":{"type":"Polygon","coordinates":[[[-103.359332,25.564831],[-103.359197,25.564621],[-103.359108,25.564668],[-103.359243,25.564878],[-103.359332,25.564831]]]}},{"type":"Feature","properties":{},"geometry":{"type":"Polygon","coordinates":[[[-103.359421,25.564784],[-103.359286,25.564573],[-103.359197,25.564621],[-103.359332,25.564831],[-103.359421,25.564784]]]}},{"type":"Feature","properties":{},"geometry":{"type":"Polygon","coordinates":[[[-103.359511,25.564737],[-103.359375,25.564526],[-103.359286,25.564573],[-103.359421,25.564784],[-103.359511,25.564737]]]}},{"type":"Feature","properties":{},"geometry":{"type":"Polygon","coordinates":[[[-103.3596,25.56469],[-103.359464,25.564479],[-103.359375,25.564526],[-103.359511,25.564737],[-103.3596,25.56469]]]}},{"type":"Feature","properties":{},"geometry":{"type":"Polygon","coordinates":[[[-103.359689,25.564643],[-103.359553,25.564432],[-103.359464,25.564479],[-103.3596,25.56469],[-103.359689,25.564643]]]}},{"type":"Feature","properties":{},"geometry":{"type":"Polygon","coordinates":[[[-103.359778,25.564595],[-103.359643,25.564385],[-103.359553,25.564432],[-103.359689,25.564643],[-103.359778,25.564595]]]}},{"type":"Feature","properties":{},"geometry":{"type":"Polygon","coordinates":[[[-103.359867,25.564548],[-103.359732,25.564338],[-103.359643,25.564385],[-103.359778,25.564595],[-103.359867,25.564548]]]}},{"type":"Feature","properties":{},"geometry":{"type":"Polygon","coordinates":[[[-103.359956,25.564501],[-103.359821,25.56429],[-103.359732,25.564338],[-103.359867,25.564548],[-103.359956,25.564501]]]}},{"type":"Feature","properties":{},"geometry":{"type":"Polygon","coordinates":[[[-103.360045,25.564454],[-103.35991,25.564243],[-103.359821,25.56429],[-103.359956,25.564501],[-103.360045,25.564454]]]}},{"type":"Feature","properties":{},"geometry":{"type":"Polygon","coordinates":[[[-103.360135,25.564407],[-103.359999,25.564196],[-103.35991,25.564243],[-103.360045,25.564454],[-103.360135,25.564407]]]}},{"type":"Feature","properties":{},"geometry":{"type":"Polygon","coordinates":[[[-103.360224,25.56436],[-103.360088,25.564149],[-103.359999,25.564196],[-103.360135,25.564407],[-103.360224,25.56436]]]}},{"type":"Feature","properties":{},"geometry":{"type":"Polygon","coordinates":[[[-103.360313,25.564312],[-103.360178,25.564102],[-103.360088,25.564149],[-103.360224,25.56436],[-103.360313,25.564312]]]}},{"type":"Feature","properties":{},"geometry":{"type":"Polygon","coordinates":[[[-103.361308,25.563786],[-103.361172,25.563576],[-103.361083,25.563623],[-103.361219,25.563833],[-103.361308,25.563786]]]}},{"type":"Feature","properties":{},"geometry":{"type":"Polygon","coordinates":[[[-103.361397,25.563739],[-103.361261,25.563528],[-103.361172,25.563576],[-103.361308,25.563786],[-103.361397,25.563739]]]}},{"type":"Feature","properties":{},"geometry":{"type":"Polygon","coordinates":[[[-103.361486,25.563692],[-103.361351,25.563481],[-103.361261,25.563528],[-103.361397,25.563739],[-103.361486,25.563692]]]}},{"type":"Feature","properties":{},"geometry":{"type":"Polygon","coordinates":[[[-103.361575,25.563645],[-103.36144,25.563434],[-103.361351,25.563481],[-103.361486,25.563692],[-103.361575,25.563645]]]}},{"type":"Feature","properties":{},"geometry":{"type":"Polygon","coordinates":[[[-103.361664,25.563598],[-103.361529,25.563387],[-103.36144,25.563434],[-103.361575,25.563645],[-103.361664,25.563598]]]}},{"type":"Feature","properties":{},"geometry":{"type":"Polygon","coordinates":[[[-103.361753,25.56355],[-103.361618,25.56334],[-103.361529,25.563387],[-103.361664,25.563598],[-103.361753,25.56355]]]}},{"type":"Feature","properties":{},"geometry":{"type":"Polygon","coordinates":[[[-103.361843,25.563503],[-103.361707,25.563293],[-103.361618,25.56334],[-103.361753,25.56355],[-103.361843,25.563503]]]}},{"type":"Feature","properties":{},"geometry":{"type":"Polygon","coordinates":[[[-103.361932,25.563456],[-103.361796,25.563246],[-103.361707,25.563293],[-103.361843,25.563503],[-103.361932,25.563456]]]}},{"type":"Feature","properties":{},"geometry":{"type":"Polygon","coordinates":[[[-103.362021,25.563409],[-103.361886,25.563198],[-103.361796,25.563246],[-103.361932,25.563456],[-103.362021,25.563409]]]}},{"type":"Feature","properties":{},"geometry":{"type":"Polygon","coordinates":[[[-103.36211,25.563362],[-103.361975,25.563151],[-103.361886,25.563198],[-103.362021,25.563409],[-103.36211,25.563362]]]}},{"type":"Feature","properties":{},"geometry":{"type":"Polygon","coordinates":[[[-103.362199,25.563315],[-103.362064,25.563104],[-103.361975,25.563151],[-103.36211,25.563362],[-103.362199,25.563315]]]}},{"type":"Feature","properties":{},"geometry":{"type":"Polygon","coordinates":[[[-103.362392,25.563213],[-103.362256,25.563002],[-103.362167,25.563049],[-103.362302,25.56326],[-103.362392,25.563213]]]}},{"type":"Feature","properties":{},"geometry":{"type":"Polygon","coordinates":[[[-103.362481,25.563166],[-103.362345,25.562955],[-103.362256,25.563002],[-103.362392,25.563213],[-103.362481,25.563166]]]}},{"type":"Feature","properties":{},"geometry":{"type":"Polygon","coordinates":[[[-103.36257,25.563119],[-103.362435,25.562908],[-103.362345,25.562955],[-103.362481,25.563166],[-103.36257,25.563119]]]}},{"type":"Feature","properties":{},"geometry":{"type":"Polygon","coordinates":[[[-103.362659,25.563071],[-103.362524,25.562861],[-103.362435,25.562908],[-103.36257,25.563119],[-103.362659,25.563071]]]}},{"type":"Feature","properties":{},"geometry":{"type":"Polygon","coordinates":[[[-103.362748,25.563024],[-103.362613,25.562814],[-103.362524,25.562861],[-103.362659,25.563071],[-103.362748,25.563024]]]}},{"type":"Feature","properties":{},"geometry":{"type":"Polygon","coordinates":[[[-103.362837,25.562977],[-103.362702,25.562766],[-103.362613,25.562814],[-103.362748,25.563024],[-103.362837,25.562977]]]}},{"type":"Feature","properties":{},"geometry":{"type":"Polygon","coordinates":[[[-103.362927,25.56293],[-103.362791,25.562719],[-103.362702,25.562766],[-103.362837,25.562977],[-103.362927,25.56293]]]}},{"type":"Feature","properties":{},"geometry":{"type":"Polygon","coordinates":[[[-103.363016,25.562883],[-103.36288,25.562672],[-103.362791,25.562719],[-103.362927,25.56293],[-103.363016,25.562883]]]}},{"type":"Feature","properties":{},"geometry":{"type":"Polygon","coordinates":[[[-103.363105,25.562836],[-103.362969,25.562625],[-103.36288,25.562672],[-103.363016,25.562883],[-103.363105,25.562836]]]}},{"type":"Feature","properties":{},"geometry":{"type":"Polygon","coordinates":[[[-103.363194,25.562788],[-103.363059,25.562578],[-103.362969,25.562625],[-103.363105,25.562836],[-103.363194,25.562788]]]}},{"type":"Feature","properties":{},"geometry":{"type":"Polygon","coordinates":[[[-103.363283,25.562741],[-103.363148,25.562531],[-103.363059,25.562578],[-103.363194,25.562788],[-103.363283,25.562741]]]}},{"type":"Feature","properties":{},"geometry":{"type":"Polygon","coordinates":[[[-103.363372,25.562694],[-103.363237,25.562484],[-103.363148,25.562531],[-103.363283,25.562741],[-103.363372,25.562694]]]}},{"type":"Feature","properties":{},"geometry":{"type":"Polygon","coordinates":[[[-103.363461,25.562647],[-103.363326,25.562436],[-103.363237,25.562484],[-103.363372,25.562694],[-103.363461,25.562647]]]}},{"type":"Feature","properties":{},"geometry":{"type":"Polygon","coordinates":[[[-103.363551,25.5626],[-103.363415,25.562389],[-103.363326,25.562436],[-103.363461,25.562647],[-103.363551,25.5626]]]}},{"type":"Feature","properties":{},"geometry":{"type":"Polygon","coordinates":[[[-103.36364,25.562553],[-103.363504,25.562342],[-103.363415,25.562389],[-103.363551,25.5626],[-103.36364,25.562553]]]}},{"type":"Feature","properties":{},"geometry":{"type":"Polygon","coordinates":[[[-103.363729,25.562505],[-103.363594,25.562295],[-103.363504,25.562342],[-103.36364,25.562553],[-103.363729,25.562505]]]}},{"type":"Feature","properties":{},"geometry":{"type":"Polygon","coordinates":[[[-103.363921,25.562404],[-103.363786,25.562193],[-103.363697,25.56224],[-103.363832,25.562451],[-103.363921,25.562404]]]}},{"type":"Feature","properties":{},"geometry":{"type":"Polygon","coordinates":[[[-103.36401,25.562357],[-103.363875,25.562146],[-103.363786,25.562193],[-103.363921,25.562404],[-103.36401,25.562357]]]}},{"type":"Feature","properties":{},"geometry":{"type":"Polygon","coordinates":[[[-103.3641,25.562309],[-103.363964,25.562099],[-103.363875,25.562146],[-103.36401,25.562357],[-103.3641,25.562309]]]}},{"type":"Feature","properties":{},"geometry":{"type":"Polygon","coordinates":[[[-103.364189,25.562262],[-103.364053,25.562052],[-103.363964,25.562099],[-103.3641,25.562309],[-103.364189,25.562262]]]}},{"type":"Feature","properties":{},"geometry":{"type":"Polygon","coordinates":[[[-103.364278,25.562215],[-103.364142,25.562004],[-103.364053,25.562052],[-103.364189,25.562262],[-103.364278,25.562215]]]}},{"type":"Feature","properties":{},"geometry":{"type":"Polygon","coordinates":[[[-103.364367,25.562168],[-103.364232,25.561957],[-103.364142,25.562004],[-103.364278,25.562215],[-103.364367,25.562168]]]}},{"type":"Feature","properties":{},"geometry":{"type":"Polygon","coordinates":[[[-103.364456,25.562121],[-103.364321,25.56191],[-103.364232,25.561957],[-103.364367,25.562168],[-103.364456,25.562121]]]}},{"type":"Feature","properties":{},"geometry":{"type":"Polygon","coordinates":[[[-103.364545,25.562074],[-103.36441,25.561863],[-103.364321,25.56191],[-103.364456,25.562121],[-103.364545,25.562074]]]}},{"type":"Feature","properties":{},"geometry":{"type":"Polygon","coordinates":[[[-103.364634,25.562026],[-103.364499,25.561816],[-103.36441,25.561863],[-103.364545,25.562074],[-103.364634,25.562026]]]}},{"type":"Feature","properties":{},"geometry":{"type":"Polygon","coordinates":[[[-103.364724,25.561979],[-103.364588,25.561769],[-103.364499,25.561816],[-103.364634,25.562026],[-103.364724,25.561979]]]}},{"type":"Feature","properties":{},"geometry":{"type":"Polygon","coordinates":[[[-103.364813,25.561932],[-103.364677,25.561721],[-103.364588,25.561769],[-103.364724,25.561979],[-103.364813,25.561932]]]}},{"type":"Feature","properties":{},"geometry":{"type":"Polygon","coordinates":[[[-103.364902,25.561885],[-103.364767,25.561674],[-103.364677,25.561721],[-103.364813,25.561932],[-103.364902,25.561885]]]}},{"type":"Feature","properties":{},"geometry":{"type":"Polygon","coordinates":[[[-103.364991,25.561838],[-103.364856,25.561627],[-103.364767,25.561674],[-103.364902,25.561885],[-103.364991,25.561838]]]}},{"type":"Feature","properties":{},"geometry":{"type":"Polygon","coordinates":[[[-103.36508,25.561791],[-103.364945,25.56158],[-103.364856,25.561627],[-103.364991,25.561838],[-103.36508,25.561791]]]}},{"type":"Feature","properties":{},"geometry":{"type":"Polygon","coordinates":[[[-103.365169,25.561743],[-103.365034,25.561533],[-103.364945,25.56158],[-103.36508,25.561791],[-103.365169,25.561743]]]}},{"type":"Feature","properties":{},"geometry":{"type":"Polygon","coordinates":[[[-103.365259,25.561696],[-103.365123,25.561486],[-103.365034,25.561533],[-103.365169,25.561743],[-103.365259,25.561696]]]}},{"type":"Feature","properties":{},"geometry":{"type":"Polygon","coordinates":[[[-103.365451,25.561594],[-103.365315,25.561384],[-103.365226,25.561431],[-103.365362,25.561642],[-103.365451,25.561594]]]}},{"type":"Feature","properties":{},"geometry":{"type":"Polygon","coordinates":[[[-103.36554,25.561547],[-103.365405,25.561337],[-103.365315,25.561384],[-103.365451,25.561594],[-103.36554,25.561547]]]}},{"type":"Feature","properties":{},"geometry":{"type":"Polygon","coordinates":[[[-103.365629,25.5615],[-103.365494,25.56129],[-103.365405,25.561337],[-103.36554,25.561547],[-103.365629,25.5615]]]}},{"type":"Feature","properties":{},"geometry":{"type":"Polygon","coordinates":[[[-103.365718,25.561453],[-103.365583,25.561242],[-103.365494,25.56129],[-103.365629,25.5615],[-103.365718,25.561453]]]}},{"type":"Feature","properties":{},"geometry":{"type":"Polygon","coordinates":[[[-103.365807,25.561406],[-103.365672,25.561195],[-103.365583,25.561242],[-103.365718,25.561453],[-103.365807,25.561406]]]}},{"type":"Feature","properties":{},"geometry":{"type":"Polygon","coordinates":[[[-103.365897,25.561359],[-103.365761,25.561148],[-103.365672,25.561195],[-103.365807,25.561406],[-103.365897,25.561359]]]}},{"type":"Feature","properties":{},"geometry":{"type":"Polygon","coordinates":[[[-103.365986,25.561311],[-103.36585,25.561101],[-103.365761,25.561148],[-103.365897,25.561359],[-103.365986,25.561311]]]}},{"type":"Feature","properties":{},"geometry":{"type":"Polygon","coordinates":[[[-103.366075,25.561264],[-103.36594,25.561054],[-103.36585,25.561101],[-103.365986,25.561311],[-103.366075,25.561264]]]}},{"type":"Feature","properties":{},"geometry":{"type":"Polygon","coordinates":[[[-103.366164,25.561217],[-103.366029,25.561007],[-103.36594,25.561054],[-103.366075,25.561264],[-103.366164,25.561217]]]}},{"type":"Feature","properties":{},"geometry":{"type":"Polygon","coordinates":[[[-103.366253,25.56117],[-103.366118,25.560959],[-103.366029,25.561007],[-103.366164,25.561217],[-103.366253,25.56117]]]}},{"type":"Feature","properties":{},"geometry":{"type":"Polygon","coordinates":[[[-103.366342,25.561123],[-103.366207,25.560912],[-103.366118,25.560959],[-103.366253,25.56117],[-103.366342,25.561123]]]}},{"type":"Feature","properties":{},"geometry":{"type":"Polygon","coordinates":[[[-103.366432,25.561076],[-103.366296,25.560865],[-103.366207,25.560912],[-103.366342,25.561123],[-103.366432,25.561076]]]}},{"type":"Feature","properties":{},"geometry":{"type":"Polygon","coordinates":[[[-103.366521,25.561029],[-103.366385,25.560818],[-103.366296,25.560865],[-103.366432,25.561076],[-103.366521,25.561029]]]}},{"type":"Feature","properties":{},"geometry":{"type":"Polygon","coordinates":[[[-103.36661,25.560981],[-103.366474,25.560771],[-103.366385,25.560818],[-103.366521,25.561029],[-103.36661,25.560981]]]}},{"type":"Feature","properties":{},"geometry":{"type":"Polygon","coordinates":[[[-103.366699,25.560934],[-103.366564,25.560724],[-103.366474,25.560771],[-103.36661,25.560981],[-103.366699,25.560934]]]}},{"type":"Feature","properties":{},"geometry":{"type":"Polygon","coordinates":[[[-103.366788,25.560887],[-103.366653,25.560676],[-103.366564,25.560724],[-103.366699,25.560934],[-103.366788,25.560887]]]}},{"type":"Feature","properties":{},"geometry":{"type":"Polygon","coordinates":[[[-103.36698,25.560785],[-103.366845,25.560575],[-103.366756,25.560622],[-103.366891,25.560832],[-103.36698,25.560785]]]}},{"type":"Feature","properties":{},"geometry":{"type":"Polygon","coordinates":[[[-103.36707,25.560738],[-103.366934,25.560528],[-103.366845,25.560575],[-103.36698,25.560785],[-103.36707,25.560738]]]}},{"type":"Feature","properties":{},"geometry":{"type":"Polygon","coordinates":[[[-103.367159,25.560691],[-103.367023,25.56048],[-103.366934,25.560528],[-103.36707,25.560738],[-103.367159,25.560691]]]}},{"type":"Feature","properties":{},"geometry":{"type":"Polygon","coordinates":[[[-103.367248,25.560644],[-103.367113,25.560433],[-103.367023,25.56048],[-103.367159,25.560691],[-103.367248,25.560644]]]}},{"type":"Feature","properties":{},"geometry":{"type":"Polygon","coordinates":[[[-103.367337,25.560597],[-103.367202,25.560386],[-103.367113,25.560433],[-103.367248,25.560644],[-103.367337,25.560597]]]}},{"type":"Feature","properties":{},"geometry":{"type":"Polygon","coordinates":[[[-103.367426,25.560549],[-103.367291,25.560339],[-103.367202,25.560386],[-103.367337,25.560597],[-103.367426,25.560549]]]}},{"type":"Feature","properties":{},"geometry":{"type":"Polygon","coordinates":[[[-103.367515,25.560502],[-103.36738,25.560292],[-103.367291,25.560339],[-103.367426,25.560549],[-103.367515,25.560502]]]}},{"type":"Feature","properties":{},"geometry":{"type":"Polygon","coordinates":[[[-103.367605,25.560455],[-103.367469,25.560245],[-103.36738,25.560292],[-103.367515,25.560502],[-103.367605,25.560455]]]}},{"type":"Feature","properties":{},"geometry":{"type":"Polygon","coordinates":[[[-103.367694,25.560408],[-103.367558,25.560197],[-103.367469,25.560245],[-103.367605,25.560455],[-103.367694,25.560408]]]}},{"type":"Feature","properties":{},"geometry":{"type":"Polygon","coordinates":[[[-103.367783,25.560361],[-103.367647,25.56015],[-103.367558,25.560197],[-103.367694,25.560408],[-103.367783,25.560361]]]}},{"type":"Feature","properties":{},"geometry":{"type":"Polygon","coordinates":[[[-103.367872,25.560314],[-103.367737,25.560103],[-103.367647,25.56015],[-103.367783,25.560361],[-103.367872,25.560314]]]}},{"type":"Feature","properties":{},"geometry":{"type":"Polygon","coordinates":[[[-103.367961,25.560266],[-103.367826,25.560056],[-103.367737,25.560103],[-103.367872,25.560314],[-103.367961,25.560266]]]}},{"type":"Feature","properties":{},"geometry":{"type":"Polygon","coordinates":[[[-103.36805,25.560219],[-103.367915,25.560009],[-103.367826,25.560056],[-103.367961,25.560266],[-103.36805,25.560219]]]}},{"type":"Feature","properties":{},"geometry":{"type":"Polygon","coordinates":[[[-103.368139,25.560172],[-103.368004,25.559962],[-103.367915,25.560009],[-103.36805,25.560219],[-103.368139,25.560172]]]}},{"type":"Feature","properties":{},"geometry":{"type":"Polygon","coordinates":[[[-103.368229,25.560125],[-103.368093,25.559914],[-103.368004,25.559962],[-103.368139,25.560172],[-103.368229,25.560125]]]}},{"type":"Feature","properties":{},"geometry":{"type":"Polygon","coordinates":[[[-103.368318,25.560078],[-103.368182,25.559867],[-103.368093,25.559914],[-103.368229,25.560125],[-103.368318,25.560078]]]}},{"type":"Feature","properties":{},"geometry":{"type":"Polygon","coordinates":[[[-103.36851,25.559976],[-103.368375,25.559766],[-103.368286,25.559813],[-103.368421,25.560023],[-103.36851,25.559976]]]}},{"type":"Feature","properties":{},"geometry":{"type":"Polygon","coordinates":[[[-103.368599,25.559929],[-103.368464,25.559718],[-103.368375,25.559766],[-103.36851,25.559976],[-103.368599,25.559929]]]}},{"type":"Feature","properties":{},"geometry":{"type":"Polygon","coordinates":[[[-103.368688,25.559882],[-103.368553,25.559671],[-103.368464,25.559718],[-103.368599,25.559929],[-103.368688,25.559882]]]}},{"type":"Feature","properties":{},"geometry":{"type":"Polygon","coordinates":[[[-103.368778,25.559835],[-103.368642,25.559624],[-103.368553,25.559671],[-103.368688,25.559882],[-103.368778,25.559835]]]}},{"type":"Feature","properties":{},"geometry":{"type":"Polygon","coordinates":[[[-103.368867,25.559787],[-103.368731,25.559577],[-103.368642,25.559624],[-103.368778,25.559835],[-103.368867,25.559787]]]}},{"type":"Feature","properties":{},"geometry":{"type":"Polygon","coordinates":[[[-103.358116,25.565757],[-103.357981,25.565546],[-103.357892,25.565593],[-103.358027,25.565804],[-103.358116,25.565757]]]}},{"type":"Feature","properties":{},"geometry":{"type":"Polygon","coordinates":[[[-103.358205,25.565709],[-103.35807,25.565499],[-103.357981,25.565546],[-103.358116,25.565757],[-103.358205,25.565709]]]}},{"type":"Feature","properties":{},"geometry":{"type":"Polygon","coordinates":[[[-103.358294,25.565662],[-103.358159,25.565452],[-103.35807,25.565499],[-103.358205,25.565709],[-103.358294,25.565662]]]}},{"type":"Feature","properties":{},"geometry":{"type":"Polygon","coordinates":[[[-103.358384,25.565615],[-103.358248,25.565404],[-103.358159,25.565452],[-103.358294,25.565662],[-103.358384,25.565615]]]}},{"type":"Feature","properties":{},"geometry":{"type":"Polygon","coordinates":[[[-103.358473,25.565568],[-103.358337,25.565357],[-103.358248,25.565404],[-103.358384,25.565615],[-103.358473,25.565568]]]}},{"type":"Feature","properties":{},"geometry":{"type":"Polygon","coordinates":[[[-103.358562,25.565521],[-103.358427,25.56531],[-103.358337,25.565357],[-103.358473,25.565568],[-103.358562,25.565521]]]}},{"type":"Feature","properties":{},"geometry":{"type":"Polygon","coordinates":[[[-103.358651,25.565474],[-103.358516,25.565263],[-103.358427,25.56531],[-103.358562,25.565521],[-103.358651,25.565474]]]}},{"type":"Feature","properties":{},"geometry":{"type":"Polygon","coordinates":[[[-103.35874,25.565426],[-103.358605,25.565216],[-103.358516,25.565263],[-103.358651,25.565474],[-103.35874,25.565426]]]}},{"type":"Feature","properties":{},"geometry":{"type":"Polygon","coordinates":[[[-103.358829,25.565379],[-103.358694,25.565169],[-103.358605,25.565216],[-103.35874,25.565426],[-103.358829,25.565379]]]}},{"type":"Feature","properties":{},"geometry":{"type":"Polygon","coordinates":[[[-103.358919,25.565332],[-103.358783,25.565122],[-103.358694,25.565169],[-103.358829,25.565379],[-103.358919,25.565332]]]}},{"type":"Feature","properties":{},"geometry":{"type":"Polygon","coordinates":[[[-103.359008,25.565285],[-103.358872,25.565074],[-103.358783,25.565122],[-103.358919,25.565332],[-103.359008,25.565285]]]}},{"type":"Feature","properties":{},"geometry":{"type":"Polygon","coordinates":[[[-103.359097,25.565238],[-103.358962,25.565027],[-103.358872,25.565074],[-103.359008,25.565285],[-103.359097,25.565238]]]}},{"type":"Feature","properties":{},"geometry":{"type":"Polygon","coordinates":[[[-103.359186,25.565191],[-103.359051,25.56498],[-103.358962,25.565027],[-103.359097,25.565238],[-103.359186,25.565191]]]}},{"type":"Feature","properties":{},"geometry":{"type":"Polygon","coordinates":[[[-103.359275,25.565143],[-103.35914,25.564933],[-103.359051,25.56498],[-103.359186,25.565191],[-103.359275,25.565143]]]}},{"type":"Feature","properties":{},"geometry":{"type":"Polygon","coordinates":[[[-103.359468,25.565042],[-103.359332,25.564831],[-103.359243,25.564878],[-103.359378,25.565089],[-103.359468,25.565042]]]}},{"type":"Feature","properties":{},"geometry":{"type":"Polygon","coordinates":[[[-103.359557,25.564995],[-103.359421,25.564784],[-103.359332,25.564831],[-103.359468,25.565042],[-103.359557,25.564995]]]}},{"type":"Feature","properties":{},"geometry":{"type":"Polygon","coordinates":[[[-103.359646,25.564947],[-103.359511,25.564737],[-103.359421,25.564784],[-103.359557,25.564995],[-103.359646,25.564947]]]}},{"type":"Feature","properties":{},"geometry":{"type":"Polygon","coordinates":[[[-103.359735,25.5649],[-103.3596,25.56469],[-103.359511,25.564737],[-103.359646,25.564947],[-103.359735,25.5649]]]}},{"type":"Feature","properties":{},"geometry":{"type":"Polygon","coordinates":[[[-103.359824,25.564853],[-103.359689,25.564643],[-103.3596,25.56469],[-103.359735,25.5649],[-103.359824,25.564853]]]}},{"type":"Feature","properties":{},"geometry":{"type":"Polygon","coordinates":[[[-103.359913,25.564806],[-103.359778,25.564595],[-103.359689,25.564643],[-103.359824,25.564853],[-103.359913,25.564806]]]}},{"type":"Feature","properties":{},"geometry":{"type":"Polygon","coordinates":[[[-103.360003,25.564759],[-103.359867,25.564548],[-103.359778,25.564595],[-103.359913,25.564806],[-103.360003,25.564759]]]}},{"type":"Feature","properties":{},"geometry":{"type":"Polygon","coordinates":[[[-103.360092,25.564712],[-103.359956,25.564501],[-103.359867,25.564548],[-103.360003,25.564759],[-103.360092,25.564712]]]}},{"type":"Feature","properties":{},"geometry":{"type":"Polygon","coordinates":[[[-103.360181,25.564664],[-103.360045,25.564454],[-103.359956,25.564501],[-103.360092,25.564712],[-103.360181,25.564664]]]}},{"type":"Feature","properties":{},"geometry":{"type":"Polygon","coordinates":[[[-103.36027,25.564617],[-103.360135,25.564407],[-103.360045,25.564454],[-103.360181,25.564664],[-103.36027,25.564617]]]}},{"type":"Feature","properties":{},"geometry":{"type":"Polygon","coordinates":[[[-103.360359,25.56457],[-103.360224,25.56436],[-103.360135,25.564407],[-103.36027,25.564617],[-103.360359,25.56457]]]}},{"type":"Feature","properties":{},"geometry":{"type":"Polygon","coordinates":[[[-103.360448,25.564523],[-103.360313,25.564312],[-103.360224,25.56436],[-103.360359,25.56457],[-103.360448,25.564523]]]}},{"type":"Feature","properties":{},"geometry":{"type":"Polygon","coordinates":[[[-103.360537,25.564476],[-103.360402,25.564265],[-103.360313,25.564312],[-103.360448,25.564523],[-103.360537,25.564476]]]}},{"type":"Feature","properties":{},"geometry":{"type":"Polygon","coordinates":[[[-103.360627,25.564429],[-103.360491,25.564218],[-103.360402,25.564265],[-103.360537,25.564476],[-103.360627,25.564429]]]}},{"type":"Feature","properties":{},"geometry":{"type":"Polygon","coordinates":[[[-103.360716,25.564381],[-103.36058,25.564171],[-103.360491,25.564218],[-103.360627,25.564429],[-103.360716,25.564381]]]}},{"type":"Feature","properties":{},"geometry":{"type":"Polygon","coordinates":[[[-103.360805,25.564334],[-103.36067,25.564124],[-103.36058,25.564171],[-103.360716,25.564381],[-103.360805,25.564334]]]}},{"type":"Feature","properties":{},"geometry":{"type":"Polygon","coordinates":[[[-103.360997,25.564233],[-103.360862,25.564022],[-103.360773,25.564069],[-103.360908,25.56428],[-103.360997,25.564233]]]}},{"type":"Feature","properties":{},"geometry":{"type":"Polygon","coordinates":[[[-103.361086,25.564185],[-103.360951,25.563975],[-103.360862,25.564022],[-103.360997,25.564233],[-103.361086,25.564185]]]}},{"type":"Feature","properties":{},"geometry":{"type":"Polygon","coordinates":[[[-103.361176,25.564138],[-103.36104,25.563928],[-103.360951,25.563975],[-103.361086,25.564185],[-103.361176,25.564138]]]}},{"type":"Feature","properties":{},"geometry":{"type":"Polygon","coordinates":[[[-103.361265,25.564091],[-103.361129,25.563881],[-103.36104,25.563928],[-103.361176,25.564138],[-103.361265,25.564091]]]}},{"type":"Feature","properties":{},"geometry":{"type":"Polygon","coordinates":[[[-103.361354,25.564044],[-103.361219,25.563833],[-103.361129,25.563881],[-103.361265,25.564091],[-103.361354,25.564044]]]}},{"type":"Feature","properties":{},"geometry":{"type":"Polygon","coordinates":[[[-103.361443,25.563997],[-103.361308,25.563786],[-103.361219,25.563833],[-103.361354,25.564044],[-103.361443,25.563997]]]}},{"type":"Feature","properties":{},"geometry":{"type":"Polygon","coordinates":[[[-103.361532,25.56395],[-103.361397,25.563739],[-103.361308,25.563786],[-103.361443,25.563997],[-103.361532,25.56395]]]}},{"type":"Feature","properties":{},"geometry":{"type":"Polygon","coordinates":[[[-103.361621,25.563902],[-103.361486,25.563692],[-103.361397,25.563739],[-103.361532,25.56395],[-103.361621,25.563902]]]}},{"type":"Feature","properties":{},"geometry":{"type":"Polygon","coordinates":[[[-103.361711,25.563855],[-103.361575,25.563645],[-103.361486,25.563692],[-103.361621,25.563902],[-103.361711,25.563855]]]}},{"type":"Feature","properties":{},"geometry":{"type":"Polygon","coordinates":[[[-103.3618,25.563808],[-103.361664,25.563598],[-103.361575,25.563645],[-103.361711,25.563855],[-103.3618,25.563808]]]}},{"type":"Feature","properties":{},"geometry":{"type":"Polygon","coordinates":[[[-103.361889,25.563761],[-103.361753,25.56355],[-103.361664,25.563598],[-103.3618,25.563808],[-103.361889,25.563761]]]}},{"type":"Feature","properties":{},"geometry":{"type":"Polygon","coordinates":[[[-103.361978,25.563714],[-103.361843,25.563503],[-103.361753,25.56355],[-103.361889,25.563761],[-103.361978,25.563714]]]}},{"type":"Feature","properties":{},"geometry":{"type":"Polygon","coordinates":[[[-103.362067,25.563667],[-103.361932,25.563456],[-103.361843,25.563503],[-103.361978,25.563714],[-103.362067,25.563667]]]}},{"type":"Feature","properties":{},"geometry":{"type":"Polygon","coordinates":[[[-103.362156,25.563619],[-103.362021,25.563409],[-103.361932,25.563456],[-103.362067,25.563667],[-103.362156,25.563619]]]}},{"type":"Feature","properties":{},"geometry":{"type":"Polygon","coordinates":[[[-103.362245,25.563572],[-103.36211,25.563362],[-103.362021,25.563409],[-103.362156,25.563619],[-103.362245,25.563572]]]}},{"type":"Feature","properties":{},"geometry":{"type":"Polygon","coordinates":[[[-103.362335,25.563525],[-103.362199,25.563315],[-103.36211,25.563362],[-103.362245,25.563572],[-103.362335,25.563525]]]}},{"type":"Feature","properties":{},"geometry":{"type":"Polygon","coordinates":[[[-103.362527,25.563423],[-103.362392,25.563213],[-103.362302,25.56326],[-103.362438,25.563471],[-103.362527,25.563423]]]}},{"type":"Feature","properties":{},"geometry":{"type":"Polygon","coordinates":[[[-103.362616,25.563376],[-103.362481,25.563166],[-103.362392,25.563213],[-103.362527,25.563423],[-103.362616,25.563376]]]}},{"type":"Feature","properties":{},"geometry":{"type":"Polygon","coordinates":[[[-103.362705,25.563329],[-103.36257,25.563119],[-103.362481,25.563166],[-103.362616,25.563376],[-103.362705,25.563329]]]}},{"type":"Feature","properties":{},"geometry":{"type":"Polygon","coordinates":[[[-103.362794,25.563282],[-103.362659,25.563071],[-103.36257,25.563119],[-103.362705,25.563329],[-103.362794,25.563282]]]}},{"type":"Feature","properties":{},"geometry":{"type":"Polygon","coordinates":[[[-103.362884,25.563235],[-103.362748,25.563024],[-103.362659,25.563071],[-103.362794,25.563282],[-103.362884,25.563235]]]}},{"type":"Feature","properties":{},"geometry":{"type":"Polygon","coordinates":[[[-103.362973,25.563188],[-103.362837,25.562977],[-103.362748,25.563024],[-103.362884,25.563235],[-103.362973,25.563188]]]}},{"type":"Feature","properties":{},"geometry":{"type":"Polygon","coordinates":[[[-103.363062,25.56314],[-103.362927,25.56293],[-103.362837,25.562977],[-103.362973,25.563188],[-103.363062,25.56314]]]}},{"type":"Feature","properties":{},"geometry":{"type":"Polygon","coordinates":[[[-103.363151,25.563093],[-103.363016,25.562883],[-103.362927,25.56293],[-103.363062,25.56314],[-103.363151,25.563093]]]}},{"type":"Feature","properties":{},"geometry":{"type":"Polygon","coordinates":[[[-103.36324,25.563046],[-103.363105,25.562836],[-103.363016,25.562883],[-103.363151,25.563093],[-103.36324,25.563046]]]}},{"type":"Feature","properties":{},"geometry":{"type":"Polygon","coordinates":[[[-103.363329,25.562999],[-103.363194,25.562788],[-103.363105,25.562836],[-103.36324,25.563046],[-103.363329,25.562999]]]}},{"type":"Feature","properties":{},"geometry":{"type":"Polygon","coordinates":[[[-103.363419,25.562952],[-103.363283,25.562741],[-103.363194,25.562788],[-103.363329,25.562999],[-103.363419,25.562952]]]}},{"type":"Feature","properties":{},"geometry":{"type":"Polygon","coordinates":[[[-103.363508,25.562905],[-103.363372,25.562694],[-103.363283,25.562741],[-103.363419,25.562952],[-103.363508,25.562905]]]}},{"type":"Feature","properties":{},"geometry":{"type":"Polygon","coordinates":[[[-103.363597,25.562857],[-103.363461,25.562647],[-103.363372,25.562694],[-103.363508,25.562905],[-103.363597,25.562857]]]}},{"type":"Feature","properties":{},"geometry":{"type":"Polygon","coordinates":[[[-103.363686,25.56281],[-103.363551,25.5626],[-103.363461,25.562647],[-103.363597,25.562857],[-103.363686,25.56281]]]}},{"type":"Feature","properties":{},"geometry":{"type":"Polygon","coordinates":[[[-103.363775,25.562763],[-103.36364,25.562553],[-103.363551,25.5626],[-103.363686,25.56281],[-103.363775,25.562763]]]}},{"type":"Feature","properties":{},"geometry":{"type":"Polygon","coordinates":[[[-103.363864,25.562716],[-103.363729,25.562505],[-103.36364,25.562553],[-103.363775,25.562763],[-103.363864,25.562716]]]}},{"type":"Feature","properties":{},"geometry":{"type":"Polygon","coordinates":[[[-103.364057,25.562614],[-103.363921,25.562404],[-103.363832,25.562451],[-103.363967,25.562661],[-103.364057,25.562614]]]}},{"type":"Feature","properties":{},"geometry":{"type":"Polygon","coordinates":[[[-103.364146,25.562567],[-103.36401,25.562357],[-103.363921,25.562404],[-103.364057,25.562614],[-103.364146,25.562567]]]}},{"type":"Feature","properties":{},"geometry":{"type":"Polygon","coordinates":[[[-103.364235,25.56252],[-103.3641,25.562309],[-103.36401,25.562357],[-103.364146,25.562567],[-103.364235,25.56252]]]}},{"type":"Feature","properties":{},"geometry":{"type":"Polygon","coordinates":[[[-103.364324,25.562473],[-103.364189,25.562262],[-103.3641,25.562309],[-103.364235,25.56252],[-103.364324,25.562473]]]}},{"type":"Feature","properties":{},"geometry":{"type":"Polygon","coordinates":[[[-103.364413,25.562426],[-103.364278,25.562215],[-103.364189,25.562262],[-103.364324,25.562473],[-103.364413,25.562426]]]}},{"type":"Feature","properties":{},"geometry":{"type":"Polygon","coordinates":[[[-103.364502,25.562378],[-103.364367,25.562168],[-103.364278,25.562215],[-103.364413,25.562426],[-103.364502,25.562378]]]}},{"type":"Feature","properties":{},"geometry":{"type":"Polygon","coordinates":[[[-103.364592,25.562331],[-103.364456,25.562121],[-103.364367,25.562168],[-103.364502,25.562378],[-103.364592,25.562331]]]}},{"type":"Feature","properties":{},"geometry":{"type":"Polygon","coordinates":[[[-103.364681,25.562284],[-103.364545,25.562074],[-103.364456,25.562121],[-103.364592,25.562331],[-103.364681,25.562284]]]}},{"type":"Feature","properties":{},"geometry":{"type":"Polygon","coordinates":[[[-103.36477,25.562237],[-103.364634,25.562026],[-103.364545,25.562074],[-103.364681,25.562284],[-103.36477,25.562237]]]}},{"type":"Feature","properties":{},"geometry":{"type":"Polygon","coordinates":[[[-103.364859,25.56219],[-103.364724,25.561979],[-103.364634,25.562026],[-103.36477,25.562237],[-103.364859,25.56219]]]}},{"type":"Feature","properties":{},"geometry":{"type":"Polygon","coordinates":[[[-103.364948,25.562143],[-103.364813,25.561932],[-103.364724,25.561979],[-103.364859,25.56219],[-103.364948,25.562143]]]}},{"type":"Feature","properties":{},"geometry":{"type":"Polygon","coordinates":[[[-103.365037,25.562095],[-103.364902,25.561885],[-103.364813,25.561932],[-103.364948,25.562143],[-103.365037,25.562095]]]}},{"type":"Feature","properties":{},"geometry":{"type":"Polygon","coordinates":[[[-103.365126,25.562048],[-103.364991,25.561838],[-103.364902,25.561885],[-103.365037,25.562095],[-103.365126,25.562048]]]}},{"type":"Feature","properties":{},"geometry":{"type":"Polygon","coordinates":[[[-103.365216,25.562001],[-103.36508,25.561791],[-103.364991,25.561838],[-103.365126,25.562048],[-103.365216,25.562001]]]}},{"type":"Feature","properties":{},"geometry":{"type":"Polygon","coordinates":[[[-103.365305,25.561954],[-103.365169,25.561743],[-103.36508,25.561791],[-103.365216,25.562001],[-103.365305,25.561954]]]}},{"type":"Feature","properties":{},"geometry":{"type":"Polygon","coordinates":[[[-103.365394,25.561907],[-103.365259,25.561696],[-103.365169,25.561743],[-103.365305,25.561954],[-103.365394,25.561907]]]}},{"type":"Feature","properties":{},"geometry":{"type":"Polygon","coordinates":[[[-103.365586,25.561805],[-103.365451,25.561594],[-103.365362,25.561642],[-103.365497,25.561852],[-103.365586,25.561805]]]}},{"type":"Feature","properties":{},"geometry":{"type":"Polygon","coordinates":[[[-103.365675,25.561758],[-103.36554,25.561547],[-103.365451,25.561594],[-103.365586,25.561805],[-103.365675,25.561758]]]}},{"type":"Feature","properties":{},"geometry":{"type":"Polygon","coordinates":[[[-103.365765,25.561711],[-103.365629,25.5615],[-103.36554,25.561547],[-103.365675,25.561758],[-103.365765,25.561711]]]}},{"type":"Feature","properties":{},"geometry":{"type":"Polygon","coordinates":[[[-103.365854,25.561664],[-103.365718,25.561453],[-103.365629,25.5615],[-103.365765,25.561711],[-103.365854,25.561664]]]}},{"type":"Feature","properties":{},"geometry":{"type":"Polygon","coordinates":[[[-103.365943,25.561616],[-103.365807,25.561406],[-103.365718,25.561453],[-103.365854,25.561664],[-103.365943,25.561616]]]}},{"type":"Feature","properties":{},"geometry":{"type":"Polygon","coordinates":[[[-103.366032,25.561569],[-103.365897,25.561359],[-103.365807,25.561406],[-103.365943,25.561616],[-103.366032,25.561569]]]}},{"type":"Feature","properties":{},"geometry":{"type":"Polygon","coordinates":[[[-103.366121,25.561522],[-103.365986,25.561311],[-103.365897,25.561359],[-103.366032,25.561569],[-103.366121,25.561522]]]}},{"type":"Feature","properties":{},"geometry":{"type":"Polygon","coordinates":[[[-103.36621,25.561475],[-103.366075,25.561264],[-103.365986,25.561311],[-103.366121,25.561522],[-103.36621,25.561475]]]}},{"type":"Feature","properties":{},"geometry":{"type":"Polygon","coordinates":[[[-103.366299,25.561428],[-103.366164,25.561217],[-103.366075,25.561264],[-103.36621,25.561475],[-103.366299,25.561428]]]}},{"type":"Feature","properties":{},"geometry":{"type":"Polygon","coordinates":[[[-103.366389,25.561381],[-103.366253,25.56117],[-103.366164,25.561217],[-103.366299,25.561428],[-103.366389,25.561381]]]}},{"type":"Feature","properties":{},"geometry":{"type":"Polygon","coordinates":[[[-103.366478,25.561333],[-103.366342,25.561123],[-103.366253,25.56117],[-103.366389,25.561381],[-103.366478,25.561333]]]}},{"type":"Feature","properties":{},"geometry":{"type":"Polygon","coordinates":[[[-103.366567,25.561286],[-103.366432,25.561076],[-103.366342,25.561123],[-103.366478,25.561333],[-103.366567,25.561286]]]}},{"type":"Feature","properties":{},"geometry":{"type":"Polygon","coordinates":[[[-103.366656,25.561239],[-103.366521,25.561029],[-103.366432,25.561076],[-103.366567,25.561286],[-103.366656,25.561239]]]}},{"type":"Feature","properties":{},"geometry":{"type":"Polygon","coordinates":[[[-103.366745,25.561192],[-103.36661,25.560981],[-103.366521,25.561029],[-103.366656,25.561239],[-103.366745,25.561192]]]}},{"type":"Feature","properties":{},"geometry":{"type":"Polygon","coordinates":[[[-103.366834,25.561145],[-103.366699,25.560934],[-103.36661,25.560981],[-103.366745,25.561192],[-103.366834,25.561145]]]}},{"type":"Feature","properties":{},"geometry":{"type":"Polygon","coordinates":[[[-103.366924,25.561098],[-103.366788,25.560887],[-103.366699,25.560934],[-103.366834,25.561145],[-103.366924,25.561098]]]}},{"type":"Feature","properties":{},"geometry":{"type":"Polygon","coordinates":[[[-103.367116,25.560996],[-103.36698,25.560785],[-103.366891,25.560832],[-103.367027,25.561043],[-103.367116,25.560996]]]}},{"type":"Feature","properties":{},"geometry":{"type":"Polygon","coordinates":[[[-103.367205,25.560949],[-103.36707,25.560738],[-103.36698,25.560785],[-103.367116,25.560996],[-103.367205,25.560949]]]}},{"type":"Feature","properties":{},"geometry":{"type":"Polygon","coordinates":[[[-103.367294,25.560901],[-103.367159,25.560691],[-103.36707,25.560738],[-103.367205,25.560949],[-103.367294,25.560901]]]}},{"type":"Feature","properties":{},"geometry":{"type":"Polygon","coordinates":[[[-103.367383,25.560854],[-103.367248,25.560644],[-103.367159,25.560691],[-103.367294,25.560901],[-103.367383,25.560854]]]}},{"type":"Feature","properties":{},"geometry":{"type":"Polygon","coordinates":[[[-103.367472,25.560807],[-103.367337,25.560597],[-103.367248,25.560644],[-103.367383,25.560854],[-103.367472,25.560807]]]}},{"type":"Feature","properties":{},"geometry":{"type":"Polygon","coordinates":[[[-103.367562,25.56076],[-103.367426,25.560549],[-103.367337,25.560597],[-103.367472,25.560807],[-103.367562,25.56076]]]}},{"type":"Feature","properties":{},"geometry":{"type":"Polygon","coordinates":[[[-103.367651,25.560713],[-103.367515,25.560502],[-103.367426,25.560549],[-103.367562,25.56076],[-103.367651,25.560713]]]}},{"type":"Feature","properties":{},"geometry":{"type":"Polygon","coordinates":[[[-103.36774,25.560666],[-103.367605,25.560455],[-103.367515,25.560502],[-103.367651,25.560713],[-103.36774,25.560666]]]}},{"type":"Feature","properties":{},"geometry":{"type":"Polygon","coordinates":[[[-103.367829,25.560618],[-103.367694,25.560408],[-103.367605,25.560455],[-103.36774,25.560666],[-103.367829,25.560618]]]}},{"type":"Feature","properties":{},"geometry":{"type":"Polygon","coordinates":[[[-103.367918,25.560571],[-103.367783,25.560361],[-103.367694,25.560408],[-103.367829,25.560618],[-103.367918,25.560571]]]}},{"type":"Feature","properties":{},"geometry":{"type":"Polygon","coordinates":[[[-103.368007,25.560524],[-103.367872,25.560314],[-103.367783,25.560361],[-103.367918,25.560571],[-103.368007,25.560524]]]}},{"type":"Feature","properties":{},"geometry":{"type":"Polygon","coordinates":[[[-103.368097,25.560477],[-103.367961,25.560266],[-103.367872,25.560314],[-103.368007,25.560524],[-103.368097,25.560477]]]}},{"type":"Feature","properties":{},"geometry":{"type":"Polygon","coordinates":[[[-103.368186,25.56043],[-103.36805,25.560219],[-103.367961,25.560266],[-103.368097,25.560477],[-103.368186,25.56043]]]}},{"type":"Feature","properties":{},"geometry":{"type":"Polygon","coordinates":[[[-103.368275,25.560383],[-103.368139,25.560172],[-103.36805,25.560219],[-103.368186,25.56043],[-103.368275,25.560383]]]}},{"type":"Feature","properties":{},"geometry":{"type":"Polygon","coordinates":[[[-103.368364,25.560336],[-103.368229,25.560125],[-103.368139,25.560172],[-103.368275,25.560383],[-103.368364,25.560336]]]}},{"type":"Feature","properties":{},"geometry":{"type":"Polygon","coordinates":[[[-103.368453,25.560288],[-103.368318,25.560078],[-103.368229,25.560125],[-103.368364,25.560336],[-103.368453,25.560288]]]}},{"type":"Feature","properties":{},"geometry":{"type":"Polygon","coordinates":[[[-103.368645,25.560187],[-103.36851,25.559976],[-103.368421,25.560023],[-103.368556,25.560234],[-103.368645,25.560187]]]}},{"type":"Feature","properties":{},"geometry":{"type":"Polygon","coordinates":[[[-103.368735,25.560139],[-103.368599,25.559929],[-103.36851,25.559976],[-103.368645,25.560187],[-103.368735,25.560139]]]}},{"type":"Feature","properties":{},"geometry":{"type":"Polygon","coordinates":[[[-103.368824,25.560092],[-103.368688,25.559882],[-103.368599,25.559929],[-103.368735,25.560139],[-103.368824,25.560092]]]}},{"type":"Feature","properties":{},"geometry":{"type":"Polygon","coordinates":[[[-103.368913,25.560045],[-103.368778,25.559835],[-103.368688,25.559882],[-103.368824,25.560092],[-103.368913,25.560045]]]}},{"type":"Feature","properties":{},"geometry":{"type":"Polygon","coordinates":[[[-103.369002,25.559998],[-103.368867,25.559787],[-103.368778,25.559835],[-103.368913,25.560045],[-103.369002,25.559998]]]}},{"type":"Feature","properties":{},"geometry":{"type":"Polygon","coordinates":[[[-103.35849,25.565966],[-103.358355,25.565756],[-103.358265,25.565803],[-103.358401,25.566013],[-103.35849,25.565966]]]}},{"type":"Feature","properties":{},"geometry":{"type":"Polygon","coordinates":[[[-103.358579,25.565919],[-103.358444,25.565709],[-103.358355,25.565756],[-103.35849,25.565966],[-103.358579,25.565919]]]}},{"type":"Feature","properties":{},"geometry":{"type":"Polygon","coordinates":[[[-103.358668,25.565872],[-103.358533,25.565661],[-103.358444,25.565709],[-103.358579,25.565919],[-103.358668,25.565872]]]}},{"type":"Feature","properties":{},"geometry":{"type":"Polygon","coordinates":[[[-103.358757,25.565825],[-103.358622,25.565614],[-103.358533,25.565661],[-103.358668,25.565872],[-103.358757,25.565825]]]}},{"type":"Feature","properties":{},"geometry":{"type":"Polygon","coordinates":[[[-103.358847,25.565778],[-103.358711,25.565567],[-103.358622,25.565614],[-103.358757,25.565825],[-103.358847,25.565778]]]}},{"type":"Feature","properties":{},"geometry":{"type":"Polygon","coordinates":[[[-103.358936,25.565731],[-103.3588,25.56552],[-103.358711,25.565567],[-103.358847,25.565778],[-103.358936,25.565731]]]}},{"type":"Feature","properties":{},"geometry":{"type":"Polygon","coordinates":[[[-103.359025,25.565683],[-103.35889,25.565473],[-103.3588,25.56552],[-103.358936,25.565731],[-103.359025,25.565683]]]}},{"type":"Feature","properties":{},"geometry":{"type":"Polygon","coordinates":[[[-103.359114,25.565636],[-103.358979,25.565426],[-103.35889,25.565473],[-103.359025,25.565683],[-103.359114,25.565636]]]}},{"type":"Feature","properties":{},"geometry":{"type":"Polygon","coordinates":[[[-103.359203,25.565589],[-103.359068,25.565378],[-103.358979,25.565426],[-103.359114,25.565636],[-103.359203,25.565589]]]}},{"type":"Feature","properties":{},"geometry":{"type":"Polygon","coordinates":[[[-103.359292,25.565542],[-103.359157,25.565331],[-103.359068,25.565378],[-103.359203,25.565589],[-103.359292,25.565542]]]}},{"type":"Feature","properties":{},"geometry":{"type":"Polygon","coordinates":[[[-103.359382,25.565495],[-103.359246,25.565284],[-103.359157,25.565331],[-103.359292,25.565542],[-103.359382,25.565495]]]}},{"type":"Feature","properties":{},"geometry":{"type":"Polygon","coordinates":[[[-103.359471,25.565448],[-103.359335,25.565237],[-103.359246,25.565284],[-103.359382,25.565495],[-103.359471,25.565448]]]}},{"type":"Feature","properties":{},"geometry":{"type":"Polygon","coordinates":[[[-103.359663,25.565346],[-103.359528,25.565135],[-103.359439,25.565182],[-103.359574,25.565393],[-103.359663,25.565346]]]}},{"type":"Feature","properties":{},"geometry":{"type":"Polygon","coordinates":[[[-103.359752,25.565299],[-103.359617,25.565088],[-103.359528,25.565135],[-103.359663,25.565346],[-103.359752,25.565299]]]}},{"type":"Feature","properties":{},"geometry":{"type":"Polygon","coordinates":[[[-103.359841,25.565252],[-103.359706,25.565041],[-103.359617,25.565088],[-103.359752,25.565299],[-103.359841,25.565252]]]}},{"type":"Feature","properties":{},"geometry":{"type":"Polygon","coordinates":[[[-103.359931,25.565204],[-103.359795,25.564994],[-103.359706,25.565041],[-103.359841,25.565252],[-103.359931,25.565204]]]}},{"type":"Feature","properties":{},"geometry":{"type":"Polygon","coordinates":[[[-103.36002,25.565157],[-103.359884,25.564947],[-103.359795,25.564994],[-103.359931,25.565204],[-103.36002,25.565157]]]}},{"type":"Feature","properties":{},"geometry":{"type":"Polygon","coordinates":[[[-103.360109,25.56511],[-103.359974,25.564899],[-103.359884,25.564947],[-103.36002,25.565157],[-103.360109,25.56511]]]}},{"type":"Feature","properties":{},"geometry":{"type":"Polygon","coordinates":[[[-103.360198,25.565063],[-103.360063,25.564852],[-103.359974,25.564899],[-103.360109,25.56511],[-103.360198,25.565063]]]}},{"type":"Feature","properties":{},"geometry":{"type":"Polygon","coordinates":[[[-103.360287,25.565016],[-103.360152,25.564805],[-103.360063,25.564852],[-103.360198,25.565063],[-103.360287,25.565016]]]}},{"type":"Feature","properties":{},"geometry":{"type":"Polygon","coordinates":[[[-103.360376,25.564969],[-103.360241,25.564758],[-103.360152,25.564805],[-103.360287,25.565016],[-103.360376,25.564969]]]}},{"type":"Feature","properties":{},"geometry":{"type":"Polygon","coordinates":[[[-103.360466,25.564921],[-103.36033,25.564711],[-103.360241,25.564758],[-103.360376,25.564969],[-103.360466,25.564921]]]}},{"type":"Feature","properties":{},"geometry":{"type":"Polygon","coordinates":[[[-103.360555,25.564874],[-103.360419,25.564664],[-103.36033,25.564711],[-103.360466,25.564921],[-103.360555,25.564874]]]}},{"type":"Feature","properties":{},"geometry":{"type":"Polygon","coordinates":[[[-103.360644,25.564827],[-103.360508,25.564617],[-103.360419,25.564664],[-103.360555,25.564874],[-103.360644,25.564827]]]}},{"type":"Feature","properties":{},"geometry":{"type":"Polygon","coordinates":[[[-103.360733,25.56478],[-103.360598,25.564569],[-103.360508,25.564617],[-103.360644,25.564827],[-103.360733,25.56478]]]}},{"type":"Feature","properties":{},"geometry":{"type":"Polygon","coordinates":[[[-103.360822,25.564733],[-103.360687,25.564522],[-103.360598,25.564569],[-103.360733,25.56478],[-103.360822,25.564733]]]}},{"type":"Feature","properties":{},"geometry":{"type":"Polygon","coordinates":[[[-103.360911,25.564686],[-103.360776,25.564475],[-103.360687,25.564522],[-103.360822,25.564733],[-103.360911,25.564686]]]}},{"type":"Feature","properties":{},"geometry":{"type":"Polygon","coordinates":[[[-103.361,25.564638],[-103.360865,25.564428],[-103.360776,25.564475],[-103.360911,25.564686],[-103.361,25.564638]]]}},{"type":"Feature","properties":{},"geometry":{"type":"Polygon","coordinates":[[[-103.361193,25.564537],[-103.361057,25.564326],[-103.360968,25.564373],[-103.361104,25.564584],[-103.361193,25.564537]]]}},{"type":"Feature","properties":{},"geometry":{"type":"Polygon","coordinates":[[[-103.361282,25.56449],[-103.361147,25.564279],[-103.361057,25.564326],[-103.361193,25.564537],[-103.361282,25.56449]]]}},{"type":"Feature","properties":{},"geometry":{"type":"Polygon","coordinates":[[[-103.361371,25.564442],[-103.361236,25.564232],[-103.361147,25.564279],[-103.361282,25.56449],[-103.361371,25.564442]]]}},{"type":"Feature","properties":{},"geometry":{"type":"Polygon","coordinates":[[[-103.36146,25.564395],[-103.361325,25.564185],[-103.361236,25.564232],[-103.361371,25.564442],[-103.36146,25.564395]]]}},{"type":"Feature","properties":{},"geometry":{"type":"Polygon","coordinates":[[[-103.361549,25.564348],[-103.361414,25.564137],[-103.361325,25.564185],[-103.36146,25.564395],[-103.361549,25.564348]]]}},{"type":"Feature","properties":{},"geometry":{"type":"Polygon","coordinates":[[[-103.361639,25.564301],[-103.361503,25.56409],[-103.361414,25.564137],[-103.361549,25.564348],[-103.361639,25.564301]]]}},{"type":"Feature","properties":{},"geometry":{"type":"Polygon","coordinates":[[[-103.361728,25.564254],[-103.361592,25.564043],[-103.361503,25.56409],[-103.361639,25.564301],[-103.361728,25.564254]]]}},{"type":"Feature","properties":{},"geometry":{"type":"Polygon","coordinates":[[[-103.361817,25.564207],[-103.361682,25.563996],[-103.361592,25.564043],[-103.361728,25.564254],[-103.361817,25.564207]]]}},{"type":"Feature","properties":{},"geometry":{"type":"Polygon","coordinates":[[[-103.361906,25.564159],[-103.361771,25.563949],[-103.361682,25.563996],[-103.361817,25.564207],[-103.361906,25.564159]]]}},{"type":"Feature","properties":{},"geometry":{"type":"Polygon","coordinates":[[[-103.361995,25.564112],[-103.36186,25.563902],[-103.361771,25.563949],[-103.361906,25.564159],[-103.361995,25.564112]]]}},{"type":"Feature","properties":{},"geometry":{"type":"Polygon","coordinates":[[[-103.362084,25.564065],[-103.361949,25.563855],[-103.36186,25.563902],[-103.361995,25.564112],[-103.362084,25.564065]]]}},{"type":"Feature","properties":{},"geometry":{"type":"Polygon","coordinates":[[[-103.362174,25.564018],[-103.362038,25.563807],[-103.361949,25.563855],[-103.362084,25.564065],[-103.362174,25.564018]]]}},{"type":"Feature","properties":{},"geometry":{"type":"Polygon","coordinates":[[[-103.362263,25.563971],[-103.362127,25.56376],[-103.362038,25.563807],[-103.362174,25.564018],[-103.362263,25.563971]]]}},{"type":"Feature","properties":{},"geometry":{"type":"Polygon","coordinates":[[[-103.362352,25.563924],[-103.362216,25.563713],[-103.362127,25.56376],[-103.362263,25.563971],[-103.362352,25.563924]]]}},{"type":"Feature","properties":{},"geometry":{"type":"Polygon","coordinates":[[[-103.362441,25.563876],[-103.362306,25.563666],[-103.362216,25.563713],[-103.362352,25.563924],[-103.362441,25.563876]]]}},{"type":"Feature","properties":{},"geometry":{"type":"Polygon","coordinates":[[[-103.36253,25.563829],[-103.362395,25.563619],[-103.362306,25.563666],[-103.362441,25.563876],[-103.36253,25.563829]]]}},{"type":"Feature","properties":{},"geometry":{"type":"Polygon","coordinates":[[[-103.362722,25.563728],[-103.362587,25.563517],[-103.362498,25.563564],[-103.362633,25.563775],[-103.362722,25.563728]]]}},{"type":"Feature","properties":{},"geometry":{"type":"Polygon","coordinates":[[[-103.362812,25.56368],[-103.362676,25.56347],[-103.362587,25.563517],[-103.362722,25.563728],[-103.362812,25.56368]]]}},{"type":"Feature","properties":{},"geometry":{"type":"Polygon","coordinates":[[[-103.362901,25.563633],[-103.362765,25.563423],[-103.362676,25.56347],[-103.362812,25.56368],[-103.362901,25.563633]]]}},{"type":"Feature","properties":{},"geometry":{"type":"Polygon","coordinates":[[[-103.36299,25.563586],[-103.362855,25.563375],[-103.362765,25.563423],[-103.362901,25.563633],[-103.36299,25.563586]]]}},{"type":"Feature","properties":{},"geometry":{"type":"Polygon","coordinates":[[[-103.363079,25.563539],[-103.362944,25.563328],[-103.362855,25.563375],[-103.36299,25.563586],[-103.363079,25.563539]]]}},{"type":"Feature","properties":{},"geometry":{"type":"Polygon","coordinates":[[[-103.363168,25.563492],[-103.363033,25.563281],[-103.362944,25.563328],[-103.363079,25.563539],[-103.363168,25.563492]]]}},{"type":"Feature","properties":{},"geometry":{"type":"Polygon","coordinates":[[[-103.363257,25.563445],[-103.363122,25.563234],[-103.363033,25.563281],[-103.363168,25.563492],[-103.363257,25.563445]]]}},{"type":"Feature","properties":{},"geometry":{"type":"Polygon","coordinates":[[[-103.363347,25.563397],[-103.363211,25.563187],[-103.363122,25.563234],[-103.363257,25.563445],[-103.363347,25.563397]]]}},{"type":"Feature","properties":{},"geometry":{"type":"Polygon","coordinates":[[[-103.363436,25.56335],[-103.3633,25.56314],[-103.363211,25.563187],[-103.363347,25.563397],[-103.363436,25.56335]]]}},{"type":"Feature","properties":{},"geometry":{"type":"Polygon","coordinates":[[[-103.363525,25.563303],[-103.36339,25.563093],[-103.3633,25.56314],[-103.363436,25.56335],[-103.363525,25.563303]]]}},{"type":"Feature","properties":{},"geometry":{"type":"Polygon","coordinates":[[[-103.363614,25.563256],[-103.363479,25.563045],[-103.36339,25.563093],[-103.363525,25.563303],[-103.363614,25.563256]]]}},{"type":"Feature","properties":{},"geometry":{"type":"Polygon","coordinates":[[[-103.363703,25.563209],[-103.363568,25.562998],[-103.363479,25.563045],[-103.363614,25.563256],[-103.363703,25.563209]]]}},{"type":"Feature","properties":{},"geometry":{"type":"Polygon","coordinates":[[[-103.363792,25.563162],[-103.363657,25.562951],[-103.363568,25.562998],[-103.363703,25.563209],[-103.363792,25.563162]]]}},{"type":"Feature","properties":{},"geometry":{"type":"Polygon","coordinates":[[[-103.363882,25.563114],[-103.363746,25.562904],[-103.363657,25.562951],[-103.363792,25.563162],[-103.363882,25.563114]]]}},{"type":"Feature","properties":{},"geometry":{"type":"Polygon","coordinates":[[[-103.363971,25.563067],[-103.363835,25.562857],[-103.363746,25.562904],[-103.363882,25.563114],[-103.363971,25.563067]]]}},{"type":"Feature","properties":{},"geometry":{"type":"Polygon","coordinates":[[[-103.36406,25.56302],[-103.363924,25.56281],[-103.363835,25.562857],[-103.363971,25.563067],[-103.36406,25.56302]]]}},{"type":"Feature","properties":{},"geometry":{"type":"Polygon","coordinates":[[[-103.364252,25.562918],[-103.364117,25.562708],[-103.364028,25.562755],[-103.364163,25.562966],[-103.364252,25.562918]]]}},{"type":"Feature","properties":{},"geometry":{"type":"Polygon","coordinates":[[[-103.364341,25.562871],[-103.364206,25.562661],[-103.364117,25.562708],[-103.364252,25.562918],[-103.364341,25.562871]]]}},{"type":"Feature","properties":{},"geometry":{"type":"Polygon","coordinates":[[[-103.36443,25.562824],[-103.364295,25.562613],[-103.364206,25.562661],[-103.364341,25.562871],[-103.36443,25.562824]]]}},{"type":"Feature","properties":{},"geometry":{"type":"Polygon","coordinates":[[[-103.36452,25.562777],[-103.364384,25.562566],[-103.364295,25.562613],[-103.36443,25.562824],[-103.36452,25.562777]]]}},{"type":"Feature","properties":{},"geometry":{"type":"Polygon","coordinates":[[[-103.364609,25.56273],[-103.364473,25.562519],[-103.364384,25.562566],[-103.36452,25.562777],[-103.364609,25.56273]]]}},{"type":"Feature","properties":{},"geometry":{"type":"Polygon","coordinates":[[[-103.364698,25.562683],[-103.364563,25.562472],[-103.364473,25.562519],[-103.364609,25.56273],[-103.364698,25.562683]]]}},{"type":"Feature","properties":{},"geometry":{"type":"Polygon","coordinates":[[[-103.364787,25.562635],[-103.364652,25.562425],[-103.364563,25.562472],[-103.364698,25.562683],[-103.364787,25.562635]]]}},{"type":"Feature","properties":{},"geometry":{"type":"Polygon","coordinates":[[[-103.364876,25.562588],[-103.364741,25.562378],[-103.364652,25.562425],[-103.364787,25.562635],[-103.364876,25.562588]]]}},{"type":"Feature","properties":{},"geometry":{"type":"Polygon","coordinates":[[[-103.364965,25.562541],[-103.36483,25.56233],[-103.364741,25.562378],[-103.364876,25.562588],[-103.364965,25.562541]]]}},{"type":"Feature","properties":{},"geometry":{"type":"Polygon","coordinates":[[[-103.365055,25.562494],[-103.364919,25.562283],[-103.36483,25.56233],[-103.364965,25.562541],[-103.365055,25.562494]]]}},{"type":"Feature","properties":{},"geometry":{"type":"Polygon","coordinates":[[[-103.365144,25.562447],[-103.365008,25.562236],[-103.364919,25.562283],[-103.365055,25.562494],[-103.365144,25.562447]]]}},{"type":"Feature","properties":{},"geometry":{"type":"Polygon","coordinates":[[[-103.365233,25.5624],[-103.365097,25.562189],[-103.365008,25.562236],[-103.365144,25.562447],[-103.365233,25.5624]]]}},{"type":"Feature","properties":{},"geometry":{"type":"Polygon","coordinates":[[[-103.365322,25.562352],[-103.365187,25.562142],[-103.365097,25.562189],[-103.365233,25.5624],[-103.365322,25.562352]]]}},{"type":"Feature","properties":{},"geometry":{"type":"Polygon","coordinates":[[[-103.365411,25.562305],[-103.365276,25.562095],[-103.365187,25.562142],[-103.365322,25.562352],[-103.365411,25.562305]]]}},{"type":"Feature","properties":{},"geometry":{"type":"Polygon","coordinates":[[[-103.3655,25.562258],[-103.365365,25.562048],[-103.365276,25.562095],[-103.365411,25.562305],[-103.3655,25.562258]]]}},{"type":"Feature","properties":{},"geometry":{"type":"Polygon","coordinates":[[[-103.365589,25.562211],[-103.365454,25.562],[-103.365365,25.562048],[-103.3655,25.562258],[-103.365589,25.562211]]]}},{"type":"Feature","properties":{},"geometry":{"type":"Polygon","coordinates":[[[-103.365782,25.562109],[-103.365646,25.561899],[-103.365557,25.561946],[-103.365693,25.562156],[-103.365782,25.562109]]]}},{"type":"Feature","properties":{},"geometry":{"type":"Polygon","coordinates":[[[-103.365871,25.562062],[-103.365736,25.561851],[-103.365646,25.561899],[-103.365782,25.562109],[-103.365871,25.562062]]]}},{"type":"Feature","properties":{},"geometry":{"type":"Polygon","coordinates":[[[-103.36596,25.562015],[-103.365825,25.561804],[-103.365736,25.561851],[-103.365871,25.562062],[-103.36596,25.562015]]]}},{"type":"Feature","properties":{},"geometry":{"type":"Polygon","coordinates":[[[-103.366049,25.561968],[-103.365914,25.561757],[-103.365825,25.561804],[-103.36596,25.562015],[-103.366049,25.561968]]]}},{"type":"Feature","properties":{},"geometry":{"type":"Polygon","coordinates":[[[-103.366138,25.56192],[-103.366003,25.56171],[-103.365914,25.561757],[-103.366049,25.561968],[-103.366138,25.56192]]]}},{"type":"Feature","properties":{},"geometry":{"type":"Polygon","coordinates":[[[-103.366228,25.561873],[-103.366092,25.561663],[-103.366003,25.56171],[-103.366138,25.56192],[-103.366228,25.561873]]]}},{"type":"Feature","properties":{},"geometry":{"type":"Polygon","coordinates":[[[-103.366317,25.561826],[-103.366181,25.561616],[-103.366092,25.561663],[-103.366228,25.561873],[-103.366317,25.561826]]]}},{"type":"Feature","properties":{},"geometry":{"type":"Polygon","coordinates":[[[-103.366406,25.561779],[-103.36627,25.561568],[-103.366181,25.561616],[-103.366317,25.561826],[-103.366406,25.561779]]]}},{"type":"Feature","properties":{},"geometry":{"type":"Polygon","coordinates":[[[-103.366495,25.561732],[-103.36636,25.561521],[-103.36627,25.561568],[-103.366406,25.561779],[-103.366495,25.561732]]]}},{"type":"Feature","properties":{},"geometry":{"type":"Polygon","coordinates":[[[-103.366584,25.561685],[-103.366449,25.561474],[-103.36636,25.561521],[-103.366495,25.561732],[-103.366584,25.561685]]]}},{"type":"Feature","properties":{},"geometry":{"type":"Polygon","coordinates":[[[-103.366673,25.561638],[-103.366538,25.561427],[-103.366449,25.561474],[-103.366584,25.561685],[-103.366673,25.561638]]]}},{"type":"Feature","properties":{},"geometry":{"type":"Polygon","coordinates":[[[-103.366762,25.56159],[-103.366627,25.56138],[-103.366538,25.561427],[-103.366673,25.561638],[-103.366762,25.56159]]]}},{"type":"Feature","properties":{},"geometry":{"type":"Polygon","coordinates":[[[-103.366852,25.561543],[-103.366716,25.561333],[-103.366627,25.56138],[-103.366762,25.56159],[-103.366852,25.561543]]]}},{"type":"Feature","properties":{},"geometry":{"type":"Polygon","coordinates":[[[-103.366941,25.561496],[-103.366805,25.561285],[-103.366716,25.561333],[-103.366852,25.561543],[-103.366941,25.561496]]]}},{"type":"Feature","properties":{},"geometry":{"type":"Polygon","coordinates":[[[-103.36703,25.561449],[-103.366895,25.561238],[-103.366805,25.561285],[-103.366941,25.561496],[-103.36703,25.561449]]]}},{"type":"Feature","properties":{},"geometry":{"type":"Polygon","coordinates":[[[-103.367119,25.561402],[-103.366984,25.561191],[-103.366895,25.561238],[-103.36703,25.561449],[-103.367119,25.561402]]]}},{"type":"Feature","properties":{},"geometry":{"type":"Polygon","coordinates":[[[-103.367311,25.5613],[-103.367176,25.561089],[-103.367087,25.561137],[-103.367222,25.561347],[-103.367311,25.5613]]]}},{"type":"Feature","properties":{},"geometry":{"type":"Polygon","coordinates":[[[-103.367401,25.561253],[-103.367265,25.561042],[-103.367176,25.561089],[-103.367311,25.5613],[-103.367401,25.561253]]]}},{"type":"Feature","properties":{},"geometry":{"type":"Polygon","coordinates":[[[-103.36749,25.561206],[-103.367354,25.560995],[-103.367265,25.561042],[-103.367401,25.561253],[-103.36749,25.561206]]]}},{"type":"Feature","properties":{},"geometry":{"type":"Polygon","coordinates":[[[-103.367579,25.561158],[-103.367443,25.560948],[-103.367354,25.560995],[-103.36749,25.561206],[-103.367579,25.561158]]]}},{"type":"Feature","properties":{},"geometry":{"type":"Polygon","coordinates":[[[-103.367668,25.561111],[-103.367533,25.560901],[-103.367443,25.560948],[-103.367579,25.561158],[-103.367668,25.561111]]]}},{"type":"Feature","properties":{},"geometry":{"type":"Polygon","coordinates":[[[-103.367757,25.561064],[-103.367622,25.560854],[-103.367533,25.560901],[-103.367668,25.561111],[-103.367757,25.561064]]]}},{"type":"Feature","properties":{},"geometry":{"type":"Polygon","coordinates":[[[-103.367846,25.561017],[-103.367711,25.560806],[-103.367622,25.560854],[-103.367757,25.561064],[-103.367846,25.561017]]]}},{"type":"Feature","properties":{},"geometry":{"type":"Polygon","coordinates":[[[-103.367935,25.56097],[-103.3678,25.560759],[-103.367711,25.560806],[-103.367846,25.561017],[-103.367935,25.56097]]]}},{"type":"Feature","properties":{},"geometry":{"type":"Polygon","coordinates":[[[-103.368025,25.560923],[-103.367889,25.560712],[-103.3678,25.560759],[-103.367935,25.56097],[-103.368025,25.560923]]]}},{"type":"Feature","properties":{},"geometry":{"type":"Polygon","coordinates":[[[-103.368114,25.560875],[-103.367978,25.560665],[-103.367889,25.560712],[-103.368025,25.560923],[-103.368114,25.560875]]]}},{"type":"Feature","properties":{},"geometry":{"type":"Polygon","coordinates":[[[-103.368203,25.560828],[-103.368068,25.560618],[-103.367978,25.560665],[-103.368114,25.560875],[-103.368203,25.560828]]]}},{"type":"Feature","properties":{},"geometry":{"type":"Polygon","coordinates":[[[-103.368292,25.560781],[-103.368157,25.560571],[-103.368068,25.560618],[-103.368203,25.560828],[-103.368292,25.560781]]]}},{"type":"Feature","properties":{},"geometry":{"type":"Polygon","coordinates":[[[-103.368381,25.560734],[-103.368246,25.560523],[-103.368157,25.560571],[-103.368292,25.560781],[-103.368381,25.560734]]]}},{"type":"Feature","properties":{},"geometry":{"type":"Polygon","coordinates":[[[-103.36847,25.560687],[-103.368335,25.560476],[-103.368246,25.560523],[-103.368381,25.560734],[-103.36847,25.560687]]]}},{"type":"Feature","properties":{},"geometry":{"type":"Polygon","coordinates":[[[-103.36856,25.56064],[-103.368424,25.560429],[-103.368335,25.560476],[-103.36847,25.560687],[-103.36856,25.56064]]]}},{"type":"Feature","properties":{},"geometry":{"type":"Polygon","coordinates":[[[-103.368649,25.560592],[-103.368513,25.560382],[-103.368424,25.560429],[-103.36856,25.56064],[-103.368649,25.560592]]]}},{"type":"Feature","properties":{},"geometry":{"type":"Polygon","coordinates":[[[-103.368841,25.560491],[-103.368706,25.56028],[-103.368616,25.560327],[-103.368752,25.560538],[-103.368841,25.560491]]]}},{"type":"Feature","properties":{},"geometry":{"type":"Polygon","coordinates":[[[-103.36893,25.560444],[-103.368795,25.560233],[-103.368706,25.56028],[-103.368841,25.560491],[-103.36893,25.560444]]]}},{"type":"Feature","properties":{},"geometry":{"type":"Polygon","coordinates":[[[-103.369019,25.560396],[-103.368884,25.560186],[-103.368795,25.560233],[-103.36893,25.560444],[-103.369019,25.560396]]]}},{"type":"Feature","properties":{},"geometry":{"type":"Polygon","coordinates":[[[-103.369108,25.560349],[-103.368973,25.560139],[-103.368884,25.560186],[-103.369019,25.560396],[-103.369108,25.560349]]]}},{"type":"Feature","properties":{},"geometry":{"type":"Polygon","coordinates":[[[-103.359606,25.565658],[-103.359471,25.565448],[-103.359382,25.565495],[-103.359517,25.565705],[-103.359606,25.565658]]]}},{"type":"Feature","properties":{},"geometry":{"type":"Polygon","coordinates":[[[-103.359798,25.565556],[-103.359663,25.565346],[-103.359574,25.565393],[-103.359709,25.565604],[-103.359798,25.565556]]]}},{"type":"Feature","properties":{},"geometry":{"type":"Polygon","coordinates":[[[-103.359888,25.565509],[-103.359752,25.565299],[-103.359663,25.565346],[-103.359798,25.565556],[-103.359888,25.565509]]]}},{"type":"Feature","properties":{},"geometry":{"type":"Polygon","coordinates":[[[-103.359977,25.565462],[-103.359841,25.565252],[-103.359752,25.565299],[-103.359888,25.565509],[-103.359977,25.565462]]]}},{"type":"Feature","properties":{},"geometry":{"type":"Polygon","coordinates":[[[-103.360066,25.565415],[-103.359931,25.565204],[-103.359841,25.565252],[-103.359977,25.565462],[-103.360066,25.565415]]]}},{"type":"Feature","properties":{},"geometry":{"type":"Polygon","coordinates":[[[-103.360155,25.565368],[-103.36002,25.565157],[-103.359931,25.565204],[-103.360066,25.565415],[-103.360155,25.565368]]]}},{"type":"Feature","properties":{},"geometry":{"type":"Polygon","coordinates":[[[-103.360244,25.565321],[-103.360109,25.56511],[-103.36002,25.565157],[-103.360155,25.565368],[-103.360244,25.565321]]]}},{"type":"Feature","properties":{},"geometry":{"type":"Polygon","coordinates":[[[-103.360333,25.565273],[-103.360198,25.565063],[-103.360109,25.56511],[-103.360244,25.565321],[-103.360333,25.565273]]]}},{"type":"Feature","properties":{},"geometry":{"type":"Polygon","coordinates":[[[-103.360423,25.565226],[-103.360287,25.565016],[-103.360198,25.565063],[-103.360333,25.565273],[-103.360423,25.565226]]]}},{"type":"Feature","properties":{},"geometry":{"type":"Polygon","coordinates":[[[-103.360512,25.565179],[-103.360376,25.564969],[-103.360287,25.565016],[-103.360423,25.565226],[-103.360512,25.565179]]]}},{"type":"Feature","properties":{},"geometry":{"type":"Polygon","coordinates":[[[-103.360601,25.565132],[-103.360466,25.564921],[-103.360376,25.564969],[-103.360512,25.565179],[-103.360601,25.565132]]]}},{"type":"Feature","properties":{},"geometry":{"type":"Polygon","coordinates":[[[-103.36069,25.565085],[-103.360555,25.564874],[-103.360466,25.564921],[-103.360601,25.565132],[-103.36069,25.565085]]]}},{"type":"Feature","properties":{},"geometry":{"type":"Polygon","coordinates":[[[-103.360779,25.565038],[-103.360644,25.564827],[-103.360555,25.564874],[-103.36069,25.565085],[-103.360779,25.565038]]]}},{"type":"Feature","properties":{},"geometry":{"type":"Polygon","coordinates":[[[-103.360868,25.56499],[-103.360733,25.56478],[-103.360644,25.564827],[-103.360779,25.565038],[-103.360868,25.56499]]]}},{"type":"Feature","properties":{},"geometry":{"type":"Polygon","coordinates":[[[-103.360958,25.564943],[-103.360822,25.564733],[-103.360733,25.56478],[-103.360868,25.56499],[-103.360958,25.564943]]]}},{"type":"Feature","properties":{},"geometry":{"type":"Polygon","coordinates":[[[-103.361047,25.564896],[-103.360911,25.564686],[-103.360822,25.564733],[-103.360958,25.564943],[-103.361047,25.564896]]]}},{"type":"Feature","properties":{},"geometry":{"type":"Polygon","coordinates":[[[-103.361136,25.564849],[-103.361,25.564638],[-103.360911,25.564686],[-103.361047,25.564896],[-103.361136,25.564849]]]}},{"type":"Feature","properties":{},"geometry":{"type":"Polygon","coordinates":[[[-103.361328,25.564747],[-103.361193,25.564537],[-103.361104,25.564584],[-103.361239,25.564794],[-103.361328,25.564747]]]}},{"type":"Feature","properties":{},"geometry":{"type":"Polygon","coordinates":[[[-103.361417,25.5647],[-103.361282,25.56449],[-103.361193,25.564537],[-103.361328,25.564747],[-103.361417,25.5647]]]}},{"type":"Feature","properties":{},"geometry":{"type":"Polygon","coordinates":[[[-103.361506,25.564653],[-103.361371,25.564442],[-103.361282,25.56449],[-103.361417,25.5647],[-103.361506,25.564653]]]}},{"type":"Feature","properties":{},"geometry":{"type":"Polygon","coordinates":[[[-103.361596,25.564606],[-103.36146,25.564395],[-103.361371,25.564442],[-103.361506,25.564653],[-103.361596,25.564606]]]}},{"type":"Feature","properties":{},"geometry":{"type":"Polygon","coordinates":[[[-103.361685,25.564559],[-103.361549,25.564348],[-103.36146,25.564395],[-103.361596,25.564606],[-103.361685,25.564559]]]}},{"type":"Feature","properties":{},"geometry":{"type":"Polygon","coordinates":[[[-103.361774,25.564511],[-103.361639,25.564301],[-103.361549,25.564348],[-103.361685,25.564559],[-103.361774,25.564511]]]}},{"type":"Feature","properties":{},"geometry":{"type":"Polygon","coordinates":[[[-103.361863,25.564464],[-103.361728,25.564254],[-103.361639,25.564301],[-103.361774,25.564511],[-103.361863,25.564464]]]}},{"type":"Feature","properties":{},"geometry":{"type":"Polygon","coordinates":[[[-103.361952,25.564417],[-103.361817,25.564207],[-103.361728,25.564254],[-103.361863,25.564464],[-103.361952,25.564417]]]}},{"type":"Feature","properties":{},"geometry":{"type":"Polygon","coordinates":[[[-103.362041,25.56437],[-103.361906,25.564159],[-103.361817,25.564207],[-103.361952,25.564417],[-103.362041,25.56437]]]}},{"type":"Feature","properties":{},"geometry":{"type":"Polygon","coordinates":[[[-103.362131,25.564323],[-103.361995,25.564112],[-103.361906,25.564159],[-103.362041,25.56437],[-103.362131,25.564323]]]}},{"type":"Feature","properties":{},"geometry":{"type":"Polygon","coordinates":[[[-103.36222,25.564276],[-103.362084,25.564065],[-103.361995,25.564112],[-103.362131,25.564323],[-103.36222,25.564276]]]}},{"type":"Feature","properties":{},"geometry":{"type":"Polygon","coordinates":[[[-103.362309,25.564228],[-103.362174,25.564018],[-103.362084,25.564065],[-103.36222,25.564276],[-103.362309,25.564228]]]}},{"type":"Feature","properties":{},"geometry":{"type":"Polygon","coordinates":[[[-103.362398,25.564181],[-103.362263,25.563971],[-103.362174,25.564018],[-103.362309,25.564228],[-103.362398,25.564181]]]}},{"type":"Feature","properties":{},"geometry":{"type":"Polygon","coordinates":[[[-103.362487,25.564134],[-103.362352,25.563924],[-103.362263,25.563971],[-103.362398,25.564181],[-103.362487,25.564134]]]}},{"type":"Feature","properties":{},"geometry":{"type":"Polygon","coordinates":[[[-103.362576,25.564087],[-103.362441,25.563876],[-103.362352,25.563924],[-103.362487,25.564134],[-103.362576,25.564087]]]}},{"type":"Feature","properties":{},"geometry":{"type":"Polygon","coordinates":[[[-103.362666,25.56404],[-103.36253,25.563829],[-103.362441,25.563876],[-103.362576,25.564087],[-103.362666,25.56404]]]}},{"type":"Feature","properties":{},"geometry":{"type":"Polygon","coordinates":[[[-103.362858,25.563938],[-103.362722,25.563728],[-103.362633,25.563775],[-103.362769,25.563985],[-103.362858,25.563938]]]}},{"type":"Feature","properties":{},"geometry":{"type":"Polygon","coordinates":[[[-103.362947,25.563891],[-103.362812,25.56368],[-103.362722,25.563728],[-103.362858,25.563938],[-103.362947,25.563891]]]}},{"type":"Feature","properties":{},"geometry":{"type":"Polygon","coordinates":[[[-103.363036,25.563844],[-103.362901,25.563633],[-103.362812,25.56368],[-103.362947,25.563891],[-103.363036,25.563844]]]}},{"type":"Feature","properties":{},"geometry":{"type":"Polygon","coordinates":[[[-103.363125,25.563797],[-103.36299,25.563586],[-103.362901,25.563633],[-103.363036,25.563844],[-103.363125,25.563797]]]}},{"type":"Feature","properties":{},"geometry":{"type":"Polygon","coordinates":[[[-103.363214,25.563749],[-103.363079,25.563539],[-103.36299,25.563586],[-103.363125,25.563797],[-103.363214,25.563749]]]}},{"type":"Feature","properties":{},"geometry":{"type":"Polygon","coordinates":[[[-103.363304,25.563702],[-103.363168,25.563492],[-103.363079,25.563539],[-103.363214,25.563749],[-103.363304,25.563702]]]}},{"type":"Feature","properties":{},"geometry":{"type":"Polygon","coordinates":[[[-103.363393,25.563655],[-103.363257,25.563445],[-103.363168,25.563492],[-103.363304,25.563702],[-103.363393,25.563655]]]}},{"type":"Feature","properties":{},"geometry":{"type":"Polygon","coordinates":[[[-103.363482,25.563608],[-103.363347,25.563397],[-103.363257,25.563445],[-103.363393,25.563655],[-103.363482,25.563608]]]}},{"type":"Feature","properties":{},"geometry":{"type":"Polygon","coordinates":[[[-103.363571,25.563561],[-103.363436,25.56335],[-103.363347,25.563397],[-103.363482,25.563608],[-103.363571,25.563561]]]}},{"type":"Feature","properties":{},"geometry":{"type":"Polygon","coordinates":[[[-103.36366,25.563514],[-103.363525,25.563303],[-103.363436,25.56335],[-103.363571,25.563561],[-103.36366,25.563514]]]}},{"type":"Feature","properties":{},"geometry":{"type":"Polygon","coordinates":[[[-103.363749,25.563466],[-103.363614,25.563256],[-103.363525,25.563303],[-103.36366,25.563514],[-103.363749,25.563466]]]}},{"type":"Feature","properties":{},"geometry":{"type":"Polygon","coordinates":[[[-103.363839,25.563419],[-103.363703,25.563209],[-103.363614,25.563256],[-103.363749,25.563466],[-103.363839,25.563419]]]}},{"type":"Feature","properties":{},"geometry":{"type":"Polygon","coordinates":[[[-103.363928,25.563372],[-103.363792,25.563162],[-103.363703,25.563209],[-103.363839,25.563419],[-103.363928,25.563372]]]}},{"type":"Feature","properties":{},"geometry":{"type":"Polygon","coordinates":[[[-103.364017,25.563325],[-103.363882,25.563114],[-103.363792,25.563162],[-103.363928,25.563372],[-103.364017,25.563325]]]}},{"type":"Feature","properties":{},"geometry":{"type":"Polygon","coordinates":[[[-103.364106,25.563278],[-103.363971,25.563067],[-103.363882,25.563114],[-103.364017,25.563325],[-103.364106,25.563278]]]}},{"type":"Feature","properties":{},"geometry":{"type":"Polygon","coordinates":[[[-103.364195,25.563231],[-103.36406,25.56302],[-103.363971,25.563067],[-103.364106,25.563278],[-103.364195,25.563231]]]}},{"type":"Feature","properties":{},"geometry":{"type":"Polygon","coordinates":[[[-103.364388,25.563129],[-103.364252,25.562918],[-103.364163,25.562966],[-103.364298,25.563176],[-103.364388,25.563129]]]}},{"type":"Feature","properties":{},"geometry":{"type":"Polygon","coordinates":[[[-103.364477,25.563082],[-103.364341,25.562871],[-103.364252,25.562918],[-103.364388,25.563129],[-103.364477,25.563082]]]}},{"type":"Feature","properties":{},"geometry":{"type":"Polygon","coordinates":[[[-103.364566,25.563035],[-103.36443,25.562824],[-103.364341,25.562871],[-103.364477,25.563082],[-103.364566,25.563035]]]}},{"type":"Feature","properties":{},"geometry":{"type":"Polygon","coordinates":[[[-103.364655,25.562987],[-103.36452,25.562777],[-103.36443,25.562824],[-103.364566,25.563035],[-103.364655,25.562987]]]}},{"type":"Feature","properties":{},"geometry":{"type":"Polygon","coordinates":[[[-103.364744,25.56294],[-103.364609,25.56273],[-103.36452,25.562777],[-103.364655,25.562987],[-103.364744,25.56294]]]}},{"type":"Feature","properties":{},"geometry":{"type":"Polygon","coordinates":[[[-103.364833,25.562893],[-103.364698,25.562683],[-103.364609,25.56273],[-103.364744,25.56294],[-103.364833,25.562893]]]}},{"type":"Feature","properties":{},"geometry":{"type":"Polygon","coordinates":[[[-103.364922,25.562846],[-103.364787,25.562635],[-103.364698,25.562683],[-103.364833,25.562893],[-103.364922,25.562846]]]}},{"type":"Feature","properties":{},"geometry":{"type":"Polygon","coordinates":[[[-103.365012,25.562799],[-103.364876,25.562588],[-103.364787,25.562635],[-103.364922,25.562846],[-103.365012,25.562799]]]}},{"type":"Feature","properties":{},"geometry":{"type":"Polygon","coordinates":[[[-103.365101,25.562752],[-103.364965,25.562541],[-103.364876,25.562588],[-103.365012,25.562799],[-103.365101,25.562752]]]}},{"type":"Feature","properties":{},"geometry":{"type":"Polygon","coordinates":[[[-103.36519,25.562704],[-103.365055,25.562494],[-103.364965,25.562541],[-103.365101,25.562752],[-103.36519,25.562704]]]}},{"type":"Feature","properties":{},"geometry":{"type":"Polygon","coordinates":[[[-103.365279,25.562657],[-103.365144,25.562447],[-103.365055,25.562494],[-103.36519,25.562704],[-103.365279,25.562657]]]}},{"type":"Feature","properties":{},"geometry":{"type":"Polygon","coordinates":[[[-103.365368,25.56261],[-103.365233,25.5624],[-103.365144,25.562447],[-103.365279,25.562657],[-103.365368,25.56261]]]}},{"type":"Feature","properties":{},"geometry":{"type":"Polygon","coordinates":[[[-103.365457,25.562563],[-103.365322,25.562352],[-103.365233,25.5624],[-103.365368,25.56261],[-103.365457,25.562563]]]}},{"type":"Feature","properties":{},"geometry":{"type":"Polygon","coordinates":[[[-103.365547,25.562516],[-103.365411,25.562305],[-103.365322,25.562352],[-103.365457,25.562563],[-103.365547,25.562516]]]}},{"type":"Feature","properties":{},"geometry":{"type":"Polygon","coordinates":[[[-103.365636,25.562469],[-103.3655,25.562258],[-103.365411,25.562305],[-103.365547,25.562516],[-103.365636,25.562469]]]}},{"type":"Feature","properties":{},"geometry":{"type":"Polygon","coordinates":[[[-103.365725,25.562421],[-103.365589,25.562211],[-103.3655,25.562258],[-103.365636,25.562469],[-103.365725,25.562421]]]}},{"type":"Feature","properties":{},"geometry":{"type":"Polygon","coordinates":[[[-103.365917,25.56232],[-103.365782,25.562109],[-103.365693,25.562156],[-103.365828,25.562367],[-103.365917,25.56232]]]}},{"type":"Feature","properties":{},"geometry":{"type":"Polygon","coordinates":[[[-103.366006,25.562273],[-103.365871,25.562062],[-103.365782,25.562109],[-103.365917,25.56232],[-103.366006,25.562273]]]}},{"type":"Feature","properties":{},"geometry":{"type":"Polygon","coordinates":[[[-103.366095,25.562225],[-103.36596,25.562015],[-103.365871,25.562062],[-103.366006,25.562273],[-103.366095,25.562225]]]}},{"type":"Feature","properties":{},"geometry":{"type":"Polygon","coordinates":[[[-103.366185,25.562178],[-103.366049,25.561968],[-103.36596,25.562015],[-103.366095,25.562225],[-103.366185,25.562178]]]}},{"type":"Feature","properties":{},"geometry":{"type":"Polygon","coordinates":[[[-103.366274,25.562131],[-103.366138,25.56192],[-103.366049,25.561968],[-103.366185,25.562178],[-103.366274,25.562131]]]}},{"type":"Feature","properties":{},"geometry":{"type":"Polygon","coordinates":[[[-103.366363,25.562084],[-103.366228,25.561873],[-103.366138,25.56192],[-103.366274,25.562131],[-103.366363,25.562084]]]}},{"type":"Feature","properties":{},"geometry":{"type":"Polygon","coordinates":[[[-103.366452,25.562037],[-103.366317,25.561826],[-103.366228,25.561873],[-103.366363,25.562084],[-103.366452,25.562037]]]}},{"type":"Feature","properties":{},"geometry":{"type":"Polygon","coordinates":[[[-103.366541,25.56199],[-103.366406,25.561779],[-103.366317,25.561826],[-103.366452,25.562037],[-103.366541,25.56199]]]}},{"type":"Feature","properties":{},"geometry":{"type":"Polygon","coordinates":[[[-103.36663,25.561942],[-103.366495,25.561732],[-103.366406,25.561779],[-103.366541,25.56199],[-103.36663,25.561942]]]}},{"type":"Feature","properties":{},"geometry":{"type":"Polygon","coordinates":[[[-103.36672,25.561895],[-103.366584,25.561685],[-103.366495,25.561732],[-103.36663,25.561942],[-103.36672,25.561895]]]}},{"type":"Feature","properties":{},"geometry":{"type":"Polygon","coordinates":[[[-103.366809,25.561848],[-103.366673,25.561638],[-103.366584,25.561685],[-103.36672,25.561895],[-103.366809,25.561848]]]}},{"type":"Feature","properties":{},"geometry":{"type":"Polygon","coordinates":[[[-103.366898,25.561801],[-103.366762,25.56159],[-103.366673,25.561638],[-103.366809,25.561848],[-103.366898,25.561801]]]}},{"type":"Feature","properties":{},"geometry":{"type":"Polygon","coordinates":[[[-103.366987,25.561754],[-103.366852,25.561543],[-103.366762,25.56159],[-103.366898,25.561801],[-103.366987,25.561754]]]}},{"type":"Feature","properties":{},"geometry":{"type":"Polygon","coordinates":[[[-103.367076,25.561707],[-103.366941,25.561496],[-103.366852,25.561543],[-103.366987,25.561754],[-103.367076,25.561707]]]}},{"type":"Feature","properties":{},"geometry":{"type":"Polygon","coordinates":[[[-103.367165,25.561659],[-103.36703,25.561449],[-103.366941,25.561496],[-103.367076,25.561707],[-103.367165,25.561659]]]}},{"type":"Feature","properties":{},"geometry":{"type":"Polygon","coordinates":[[[-103.367254,25.561612],[-103.367119,25.561402],[-103.36703,25.561449],[-103.367165,25.561659],[-103.367254,25.561612]]]}},{"type":"Feature","properties":{},"geometry":{"type":"Polygon","coordinates":[[[-103.367447,25.56151],[-103.367311,25.5613],[-103.367222,25.561347],[-103.367358,25.561558],[-103.367447,25.56151]]]}},{"type":"Feature","properties":{},"geometry":{"type":"Polygon","coordinates":[[[-103.367536,25.561463],[-103.367401,25.561253],[-103.367311,25.5613],[-103.367447,25.56151],[-103.367536,25.561463]]]}},{"type":"Feature","properties":{},"geometry":{"type":"Polygon","coordinates":[[[-103.367625,25.561416],[-103.36749,25.561206],[-103.367401,25.561253],[-103.367536,25.561463],[-103.367625,25.561416]]]}},{"type":"Feature","properties":{},"geometry":{"type":"Polygon","coordinates":[[[-103.367714,25.561369],[-103.367579,25.561158],[-103.36749,25.561206],[-103.367625,25.561416],[-103.367714,25.561369]]]}},{"type":"Feature","properties":{},"geometry":{"type":"Polygon","coordinates":[[[-103.367803,25.561322],[-103.367668,25.561111],[-103.367579,25.561158],[-103.367714,25.561369],[-103.367803,25.561322]]]}},{"type":"Feature","properties":{},"geometry":{"type":"Polygon","coordinates":[[[-103.367893,25.561275],[-103.367757,25.561064],[-103.367668,25.561111],[-103.367803,25.561322],[-103.367893,25.561275]]]}},{"type":"Feature","properties":{},"geometry":{"type":"Polygon","coordinates":[[[-103.367982,25.561227],[-103.367846,25.561017],[-103.367757,25.561064],[-103.367893,25.561275],[-103.367982,25.561227]]]}},{"type":"Feature","properties":{},"geometry":{"type":"Polygon","coordinates":[[[-103.368071,25.56118],[-103.367935,25.56097],[-103.367846,25.561017],[-103.367982,25.561227],[-103.368071,25.56118]]]}},{"type":"Feature","properties":{},"geometry":{"type":"Polygon","coordinates":[[[-103.36816,25.561133],[-103.368025,25.560923],[-103.367935,25.56097],[-103.368071,25.56118],[-103.36816,25.561133]]]}},{"type":"Feature","properties":{},"geometry":{"type":"Polygon","coordinates":[[[-103.368249,25.561086],[-103.368114,25.560875],[-103.368025,25.560923],[-103.36816,25.561133],[-103.368249,25.561086]]]}},{"type":"Feature","properties":{},"geometry":{"type":"Polygon","coordinates":[[[-103.368338,25.561039],[-103.368203,25.560828],[-103.368114,25.560875],[-103.368249,25.561086],[-103.368338,25.561039]]]}},{"type":"Feature","properties":{},"geometry":{"type":"Polygon","coordinates":[[[-103.368427,25.560992],[-103.368292,25.560781],[-103.368203,25.560828],[-103.368338,25.561039],[-103.368427,25.560992]]]}},{"type":"Feature","properties":{},"geometry":{"type":"Polygon","coordinates":[[[-103.368517,25.560944],[-103.368381,25.560734],[-103.368292,25.560781],[-103.368427,25.560992],[-103.368517,25.560944]]]}},{"type":"Feature","properties":{},"geometry":{"type":"Polygon","coordinates":[[[-103.368606,25.560897],[-103.36847,25.560687],[-103.368381,25.560734],[-103.368517,25.560944],[-103.368606,25.560897]]]}},{"type":"Feature","properties":{},"geometry":{"type":"Polygon","coordinates":[[[-103.368695,25.56085],[-103.36856,25.56064],[-103.36847,25.560687],[-103.368606,25.560897],[-103.368695,25.56085]]]}},{"type":"Feature","properties":{},"geometry":{"type":"Polygon","coordinates":[[[-103.368784,25.560803],[-103.368649,25.560592],[-103.36856,25.56064],[-103.368695,25.56085],[-103.368784,25.560803]]]}},{"type":"Feature","properties":{},"geometry":{"type":"Polygon","coordinates":[[[-103.368976,25.560701],[-103.368841,25.560491],[-103.368752,25.560538],[-103.368887,25.560748],[-103.368976,25.560701]]]}},{"type":"Feature","properties":{},"geometry":{"type":"Polygon","coordinates":[[[-103.369066,25.560654],[-103.36893,25.560444],[-103.368841,25.560491],[-103.368976,25.560701],[-103.369066,25.560654]]]}},{"type":"Feature","properties":{},"geometry":{"type":"Polygon","coordinates":[[[-103.369155,25.560607],[-103.369019,25.560396],[-103.36893,25.560444],[-103.369066,25.560654],[-103.369155,25.560607]]]}},{"type":"Feature","properties":{},"geometry":{"type":"Polygon","coordinates":[[[-103.369244,25.56056],[-103.369108,25.560349],[-103.369019,25.560396],[-103.369155,25.560607],[-103.369244,25.56056]]]}},{"type":"Feature","properties":{},"geometry":{"type":"Polygon","coordinates":[[[-103.363588,25.563959],[-103.363453,25.563749],[-103.363364,25.563796],[-103.363499,25.564006],[-103.363588,25.563959]]]}},{"type":"Feature","properties":{},"geometry":{"type":"Polygon","coordinates":[[[-103.363677,25.563912],[-103.363542,25.563702],[-103.363453,25.563749],[-103.363588,25.563959],[-103.363677,25.563912]]]}}]}