{"type":"FeatureCollection","features":[{"type":"Feature","properties":{},"geometry":{"type":"Polygon","coordinates":[[[-103.35799,25.564193],[-103.357855,25.563982],[-103.357762,25.564031],[-103.357898,25.564242],[-103.35799,25.564193]]]}},{"type":"Feature","properties":{},"geometry":{"type":"Polygon","coordinates":[[[-103.358082,25.564144],[-103.357947,25.563934],[-103.357855,25.563982],[-103.35799,25.564193],[-103.358082,25.564144]]]}},{"type":"Feature","properties":{},"geometry":{"type":"Polygon","coordinates":[[[-103.358175,25.564095],[-103.358039,25.563885],[-103.357947,25.563934],[-103.358082,25.564144],[-103.358175,25.564095]]]}},{"type":"Feature","properties":{},"geometry":{"type":"Polygon","coordinates":[[[-103.358267,25.564046],[-103.358132,25.563836],[-103.358039,25.563885],[-103.358175,25.564095],[-103.358267,25.564046]]]}},{"type":"Feature","properties":{},"geometry":{"type":"Polygon","coordinates":[[[-103.358359,25.563998],[-103.358224,25.563787],[-103.358132,25.563836],[-103.358267,25.564046],[-103.358359,25.563998]]]}},{"type":"Feature","properties":{},"geometry":{"type":"Polygon","coordinates":[[[-103.358452,25.563949],[-103.358316,25.563738],[-103.358224,25.563787],[-103.358359,25.563998],[-103.358452,25.563949]]]}},{"type":"Feature","properties":{},"geometry":{"type":"Polygon","coordinates":[[[-103.358544,25.5639],[-103.358409,25.563689],[-103.358316,25.563738],[-103.358452,25.563949],[-103.358544,25.5639]]]}},{"type":"Feature","properties":{},"geometry":{"type":"Polygon","coordinates":[[[-103.35874,25.563797],[-103.358604,25.563586],[-103.358512,25.563635],[-103.358647,25.563845],[-103.35874,25.563797]]]}},{"type":"Feature","properties":{},"geometry":{"type":"Polygon","coordinates":[[[-103.358832,25.563748],[-103.358697,25.563537],[-103.358604,25.563586],[-103.35874,25.563797],[-103.358832,25.563748]]]}},{"type":"Feature","properties":{},"geometry":{"type":"Polygon","coordinates":[[[-103.358924,25.563699],[-103.358789,25.563488],[-103.358697,25.563537],[-103.358832,25.563748],[-103.358924,25.563699]]]}},{"type":"Feature","properties":{},"geometry":{"type":"Polygon","coordinates":[[[-103.359017,25.56365],[-103.358881,25.563439],[-103.358789,25.563488],[-103.358924,25.563699],[-103.359017,25.56365]]]}},{"type":"Feature","properties":{},"geometry":{"type":"Polygon","coordinates":[[[-103.359109,25.563601],[-103.358974,25.563391],[-103.358881,25.563439],[-103.359017,25.56365],[-103.359109,25.563601]]]}},{"type":"Feature","properties":{},"geometry":{"type":"Polygon","coordinates":[[[-103.359201,25.563552],[-103.359066,25.563342],[-103.358974,25.563391],[-103.359109,25.563601],[-103.359201,25.563552]]]}},{"type":"Feature","properties":{},"geometry":{"type":"Polygon","coordinates":[[[-103.359294,25.563503],[-103.359158,25.563293],[-103.359066,25.563342],[-103.359201,25.563552],[-103.359294,25.563503]]]}},{"type":"Feature","properties":{},"geometry":{"type":"Polygon","coordinates":[[[-103.359386,25.563455],[-103.359251,25.563244],[-103.359158,25.563293],[-103.359294,25.563503],[-103.359386,25.563455]]]}},{"type":"Feature","properties":{},"geometry":{"type":"Polygon","coordinates":[[[-103.359478,25.563406],[-103.359343,25.563195],[-103.359251,25.563244],[-103.359386,25.563455],[-103.359478,25.563406]]]}},{"type":"Feature","properties":{},"geometry":{"type":"Polygon","coordinates":[[[-103.359571,25.563357],[-103.359435,25.563146],[-103.359343,25.563195],[-103.359478,25.563406],[-103.359571,25.563357]]]}},{"type":"Feature","properties":{},"geometry":{"type":"Polygon","coordinates":[[[-103.359663,25.563308],[-103.359528,25.563098],[-103.359435,25.563146],[-103.359571,25.563357],[-103.359663,25.563308]]]}},{"type":"Feature","properties":{},"geometry":{"type":"Polygon","coordinates":[[[-103.359755,25.563259],[-103.35962,25.563049],[-103.359528,25.563098],[-103.359663,25.563308],[-103.359755,25.563259]]]}},{"type":"Feature","properties":{},"geometry":{"type":"Polygon","coordinates":[[[-103.359848,25.56321],[-103.359712,25.563],[-103.35962,25.563049],[-103.359755,25.563259],[-103.359848,25.56321]]]}},{"type":"Feature","properties":{},"geometry":{"type":"Polygon","coordinates":[[[-103.35994,25.563162],[-103.359805,25.562951],[-103.359712,25.563],[-103.359848,25.56321],[-103.35994,25.563162]]]}},{"type":"Feature","properties":{},"geometry":{"type":"Polygon","coordinates":[[[-103.360032,25.563113],[-103.359897,25.562902],[-103.359805,25.562951],[-103.35994,25.563162],[-103.360032,25.563113]]]}},{"type":"Feature","properties":{},"geometry":{"type":"Polygon","coordinates":[[[-103.360125,25.563064],[-103.359989,25.562853],[-103.359897,25.562902],[-103.360032,25.563113],[-103.360125,25.563064]]]}},{"type":"Feature","properties":{},"geometry":{"type":"Polygon","coordinates":[[[-103.36032,25.56296],[-103.360185,25.56275],[-103.360093,25.562799],[-103.360228,25.563009],[-103.36032,25.56296]]]}},{"type":"Feature","properties":{},"geometry":{"type":"Polygon","coordinates":[[[-103.360413,25.562912],[-103.360277,25.562701],[-103.360185,25.56275],[-103.36032,25.56296],[-103.360413,25.562912]]]}},{"type":"Feature","properties":{},"geometry":{"type":"Polygon","coordinates":[[[-103.360505,25.562863],[-103.36037,25.562652],[-103.360277,25.562701],[-103.360413,25.562912],[-103.360505,25.562863]]]}},{"type":"Feature","properties":{},"geometry":{"type":"Polygon","coordinates":[[[-103.360597,25.562814],[-103.360462,25.562603],[-103.36037,25.562652],[-103.360505,25.562863],[-103.360597,25.562814]]]}},{"type":"Feature","properties":{},"geometry":{"type":"Polygon","coordinates":[[[-103.36069,25.562765],[-103.360554,25.562555],[-103.360462,25.562603],[-103.360597,25.562814],[-103.36069,25.562765]]]}},{"type":"Feature","properties":{},"geometry":{"type":"Polygon","coordinates":[[[-103.360782,25.562716],[-103.360647,25.562506],[-103.360554,25.562555],[-103.36069,25.562765],[-103.360782,25.562716]]]}},{"type":"Feature","properties":{},"geometry":{"type":"Polygon","coordinates":[[[-103.360874,25.562667],[-103.360739,25.562457],[-103.360647,25.562506],[-103.360782,25.562716],[-103.360874,25.562667]]]}},{"type":"Feature","properties":{},"geometry":{"type":"Polygon","coordinates":[[[-103.360967,25.562619],[-103.360831,25.562408],[-103.360739,25.562457],[-103.360874,25.562667],[-103.360967,25.562619]]]}},{"type":"Feature","properties":{},"geometry":{"type":"Polygon","coordinates":[[[-103.361059,25.56257],[-103.360924,25.562359],[-103.360831,25.562408],[-103.360967,25.562619],[-103.361059,25.56257]]]}},{"type":"Feature","properties":{},"geometry":{"type":"Polygon","coordinates":[[[-103.361151,25.562521],[-103.361016,25.56231],[-103.360924,25.562359],[-103.361059,25.56257],[-103.361151,25.562521]]]}},{"type":"Feature","properties":{},"geometry":{"type":"Polygon","coordinates":[[[-103.361244,25.562472],[-103.361108,25.562261],[-103.361016,25.56231],[-103.361151,25.562521],[-103.361244,25.562472]]]}},{"type":"Feature","properties":{},"geometry":{"type":"Polygon","coordinates":[[[-103.361336,25.562423],[-103.361201,25.562213],[-103.361108,25.562261],[-103.361244,25.562472],[-103.361336,25.562423]]]}},{"type":"Feature","properties":{},"geometry":{"type":"Polygon","coordinates":[[[-103.361428,25.562374],[-103.361293,25.562164],[-103.361201,25.562213],[-103.361336,25.562423],[-103.361428,25.562374]]]}},{"type":"Feature","properties":{},"geometry":{"type":"Polygon","coordinates":[[[-103.361521,25.562325],[-103.361385,25.562115],[-103.361293,25.562164],[-103.361428,25.562374],[-103.361521,25.562325]]]}},{"type":"Feature","properties":{},"geometry":{"type":"Polygon","coordinates":[[[-103.361613,25.562277],[-103.361478,25.562066],[-103.361385,25.562115],[-103.361521,25.562325],[-103.361613,25.562277]]]}},{"type":"Feature","properties":{},"geometry":{"type":"Polygon","coordinates":[[[-103.361705,25.562228],[-103.36157,25.562017],[-103.361478,25.562066],[-103.361613,25.562277],[-103.361705,25.562228]]]}},{"type":"Feature","properties":{},"geometry":{"type":"Polygon","coordinates":[[[-103.361901,25.562124],[-103.361765,25.561914],[-103.361673,25.561963],[-103.361808,25.562173],[-103.361901,25.562124]]]}},{"type":"Feature","properties":{},"geometry":{"type":"Polygon","coordinates":[[[-103.361993,25.562076],[-103.361858,25.561865],[-103.361765,25.561914],[-103.361901,25.562124],[-103.361993,25.562076]]]}},{"type":"Feature","properties":{},"geometry":{"type":"Polygon","coordinates":[[[-103.362086,25.562027],[-103.36195,25.561816],[-103.361858,25.561865],[-103.361993,25.562076],[-103.362086,25.562027]]]}},{"type":"Feature","properties":{},"geometry":{"type":"Polygon","coordinates":[[[-103.362178,25.561978],[-103.362042,25.561767],[-103.36195,25.561816],[-103.362086,25.562027],[-103.362178,25.561978]]]}},{"type":"Feature","properties":{},"geometry":{"type":"Polygon","coordinates":[[[-103.36227,25.561929],[-103.362135,25.561718],[-103.362042,25.561767],[-103.362178,25.561978],[-103.36227,25.561929]]]}},{"type":"Feature","properties":{},"geometry":{"type":"Polygon","coordinates":[[[-103.362363,25.56188],[-103.362227,25.56167],[-103.362135,25.561718],[-103.36227,25.561929],[-103.362363,25.56188]]]}},{"type":"Feature","properties":{},"geometry":{"type":"Polygon","coordinates":[[[-103.363481,25.561288],[-103.363346,25.561078],[-103.363254,25.561127],[-103.363389,25.561337],[-103.363481,25.561288]]]}},{"type":"Feature","properties":{},"geometry":{"type":"Polygon","coordinates":[[[-103.363574,25.561239],[-103.363438,25.561029],[-103.363346,25.561078],[-103.363481,25.561288],[-103.363574,25.561239]]]}},{"type":"Feature","properties":{},"geometry":{"type":"Polygon","coordinates":[[[-103.363666,25.561191],[-103.363531,25.56098],[-103.363438,25.561029],[-103.363574,25.561239],[-103.363666,25.561191]]]}},{"type":"Feature","properties":{},"geometry":{"type":"Polygon","coordinates":[[[-103.363758,25.561142],[-103.363623,25.560931],[-103.363531,25.56098],[-103.363666,25.561191],[-103.363758,25.561142]]]}},{"type":"Feature","properties":{},"geometry":{"type":"Polygon","coordinates":[[[-103.363851,25.561093],[-103.363715,25.560882],[-103.363623,25.560931],[-103.363758,25.561142],[-103.363851,25.561093]]]}},{"type":"Feature","properties":{},"geometry":{"type":"Polygon","coordinates":[[[-103.363943,25.561044],[-103.363808,25.560833],[-103.363715,25.560882],[-103.363851,25.561093],[-103.363943,25.561044]]]}},{"type":"Feature","properties":{},"geometry":{"type":"Polygon","coordinates":[[[-103.364035,25.560995],[-103.3639,25.560785],[-103.363808,25.560833],[-103.363943,25.561044],[-103.364035,25.560995]]]}},{"type":"Feature","properties":{},"geometry":{"type":"Polygon","coordinates":[[[-103.364128,25.560946],[-103.363992,25.560736],[-103.3639,25.560785],[-103.364035,25.560995],[-103.364128,25.560946]]]}},{"type":"Feature","properties":{},"geometry":{"type":"Polygon","coordinates":[[[-103.36422,25.560897],[-103.364085,25.560687],[-103.363992,25.560736],[-103.364128,25.560946],[-103.36422,25.560897]]]}},{"type":"Feature","properties":{},"geometry":{"type":"Polygon","coordinates":[[[-103.364312,25.560849],[-103.364177,25.560638],[-103.364085,25.560687],[-103.36422,25.560897],[-103.364312,25.560849]]]}},{"type":"Feature","properties":{},"geometry":{"type":"Polygon","coordinates":[[[-103.364405,25.5608],[-103.364269,25.560589],[-103.364177,25.560638],[-103.364312,25.560849],[-103.364405,25.5608]]]}},{"type":"Feature","properties":{},"geometry":{"type":"Polygon","coordinates":[[[-103.364497,25.560751],[-103.364362,25.56054],[-103.364269,25.560589],[-103.364405,25.5608],[-103.364497,25.560751]]]}},{"type":"Feature","properties":{},"geometry":{"type":"Polygon","coordinates":[[[-103.364589,25.560702],[-103.364454,25.560492],[-103.364362,25.56054],[-103.364497,25.560751],[-103.364589,25.560702]]]}},{"type":"Feature","properties":{},"geometry":{"type":"Polygon","coordinates":[[[-103.364682,25.560653],[-103.364546,25.560443],[-103.364454,25.560492],[-103.364589,25.560702],[-103.364682,25.560653]]]}},{"type":"Feature","properties":{},"geometry":{"type":"Polygon","coordinates":[[[-103.364774,25.560604],[-103.364639,25.560394],[-103.364546,25.560443],[-103.364682,25.560653],[-103.364774,25.560604]]]}},{"type":"Feature","properties":{},"geometry":{"type":"Polygon","coordinates":[[[-103.364866,25.560556],[-103.364731,25.560345],[-103.364639,25.560394],[-103.364774,25.560604],[-103.364866,25.560556]]]}},{"type":"Feature","properties":{},"geometry":{"type":"Polygon","coordinates":[[[-103.365062,25.560452],[-103.364927,25.560242],[-103.364834,25.56029],[-103.36497,25.560501],[-103.365062,25.560452]]]}},{"type":"Feature","properties":{},"geometry":{"type":"Polygon","coordinates":[[[-103.366078,25.559915],[-103.365942,25.559704],[-103.36585,25.559753],[-103.365985,25.559964],[-103.366078,25.559915]]]}},{"type":"Feature","properties":{},"geometry":{"type":"Polygon","coordinates":[[[-103.36617,25.559866],[-103.366035,25.559655],[-103.365942,25.559704],[-103.366078,25.559915],[-103.36617,25.559866]]]}},{"type":"Feature","properties":{},"geometry":{"type":"Polygon","coordinates":[[[-103.366262,25.559817],[-103.366127,25.559607],[-103.366035,25.559655],[-103.36617,25.559866],[-103.366262,25.559817]]]}},{"type":"Feature","properties":{},"geometry":{"type":"Polygon","coordinates":[[[-103.366355,25.559768],[-103.366219,25.559558],[-103.366127,25.559607],[-103.366262,25.559817],[-103.366355,25.559768]]]}},{"type":"Feature","properties":{},"geometry":{"type":"Polygon","coordinates":[[[-103.366447,25.559719],[-103.366312,25.559509],[-103.366219,25.559558],[-103.366355,25.559768],[-103.366447,25.559719]]]}},{"type":"Feature","properties":{},"geometry":{"type":"Polygon","coordinates":[[[-103.366643,25.559616],[-103.366507,25.559405],[-103.366415,25.559454],[-103.36655,25.559665],[-103.366643,25.559616]]]}},{"type":"Feature","properties":{},"geometry":{"type":"Polygon","coordinates":[[[-103.366735,25.559567],[-103.366599,25.559357],[-103.366507,25.559405],[-103.366643,25.559616],[-103.366735,25.559567]]]}},{"type":"Feature","properties":{},"geometry":{"type":"Polygon","coordinates":[[[-103.366827,25.559518],[-103.366692,25.559308],[-103.366599,25.559357],[-103.366735,25.559567],[-103.366827,25.559518]]]}},{"type":"Feature","properties":{},"geometry":{"type":"Polygon","coordinates":[[[-103.36692,25.559469],[-103.366784,25.559259],[-103.366692,25.559308],[-103.366827,25.559518],[-103.36692,25.559469]]]}},{"type":"Feature","properties":{},"geometry":{"type":"Polygon","coordinates":[[[-103.367012,25.559421],[-103.366877,25.55921],[-103.366784,25.559259],[-103.36692,25.559469],[-103.367012,25.559421]]]}},{"type":"Feature","properties":{},"geometry":{"type":"Polygon","coordinates":[[[-103.367104,25.559372],[-103.366969,25.559161],[-103.366877,25.55921],[-103.367012,25.559421],[-103.367104,25.559372]]]}},{"type":"Feature","properties":{},"geometry":{"type":"Polygon","coordinates":[[[-103.367197,25.559323],[-103.367061,25.559112],[-103.366969,25.559161],[-103.367104,25.559372],[-103.367197,25.559323]]]}},{"type":"Feature","properties":{},"geometry":{"type":"Polygon","coordinates":[[[-103.367289,25.559274],[-103.367154,25.559063],[-103.367061,25.559112],[-103.367197,25.559323],[-103.367289,25.559274]]]}},{"type":"Feature","properties":{},"geometry":{"type":"Polygon","coordinates":[[[-103.367381,25.559225],[-103.367246,25.559015],[-103.367154,25.559063],[-103.367289,25.559274],[-103.367381,25.559225]]]}},{"type":"Feature","properties":{},"geometry":{"type":"Polygon","coordinates":[[[-103.367474,25.559176],[-103.367338,25.558966],[-103.367246,25.559015],[-103.367381,25.559225],[-103.367474,25.559176]]]}},{"type":"Feature","properties":{},"geometry":{"type":"Polygon","coordinates":[[[-103.367566,25.559127],[-103.367431,25.558917],[-103.367338,25.558966],[-103.367474,25.559176],[-103.367566,25.559127]]]}},{"type":"Feature","properties":{},"geometry":{"type":"Polygon","coordinates":[[[-103.367658,25.559079],[-103.367523,25.558868],[-103.367431,25.558917],[-103.367566,25.559127],[-103.367658,25.559079]]]}},{"type":"Feature","properties":{},"geometry":{"type":"Polygon","coordinates":[[[-103.367751,25.55903],[-103.367615,25.558819],[-103.367523,25.558868],[-103.367658,25.559079],[-103.367751,25.55903]]]}},{"type":"Feature","properties":{},"geometry":{"type":"Polygon","coordinates":[[[-103.367843,25.558981],[-103.367708,25.55877],[-103.367615,25.558819],[-103.367751,25.55903],[-103.367843,25.558981]]]}},{"type":"Feature","properties":{},"geometry":{"type":"Polygon","coordinates":[[[-103.367935,25.558932],[-103.3678,25.558721],[-103.367708,25.55877],[-103.367843,25.558981],[-103.367935,25.558932]]]}},{"type":"Feature","properties":{},"geometry":{"type":"Polygon","coordinates":[[[-103.368028,25.558883],[-103.367892,25.558673],[-103.3678,25.558721],[-103.367935,25.558932],[-103.368028,25.558883]]]}},{"type":"Feature","properties":{},"geometry":{"type":"Polygon","coordinates":[[[-103.368223,25.55878],[-103.368088,25.558569],[-103.367995,25.558618],[-103.368131,25.558829],[-103.368223,25.55878]]]}},{"type":"Feature","properties":{},"geometry":{"type":"Polygon","coordinates":[[[-103.368315,25.558731],[-103.36818,25.55852],[-103.368088,25.558569],[-103.368223,25.55878],[-103.368315,25.558731]]]}},{"type":"Feature","properties":{},"geometry":{"type":"Polygon","coordinates":[[[-103.358039,25.563885],[-103.357904,25.563674],[-103.357812,25.563723],[-103.357947,25.563934],[-103.358039,25.563885]]]}},{"type":"Feature","properties":{},"geometry":{"type":"Polygon","coordinates":[[[-103.358132,25.563836],[-103.357996,25.563625],[-103.357904,25.563674],[-103.358039,25.563885],[-103.358132,25.563836]]]}},{"type":"Feature","properties":{},"geometry":{"type":"Polygon","coordinates":[[[-103.358224,25.563787],[-103.358089,25.563577],[-103.357996,25.563625],[-103.358132,25.563836],[-103.358224,25.563787]]]}},{"type":"Feature","properties":{},"geometry":{"type":"Polygon","coordinates":[[[-103.358316,25.563738],[-103.358181,25.563528],[-103.358089,25.563577],[-103.358224,25.563787],[-103.358316,25.563738]]]}},{"type":"Feature","properties":{},"geometry":{"type":"Polygon","coordinates":[[[-103.358409,25.563689],[-103.358273,25.563479],[-103.358181,25.563528],[-103.358316,25.563738],[-103.358409,25.563689]]]}},{"type":"Feature","properties":{},"geometry":{"type":"Polygon","coordinates":[[[-103.358604,25.563586],[-103.358469,25.563375],[-103.358377,25.563424],[-103.358512,25.563635],[-103.358604,25.563586]]]}},{"type":"Feature","properties":{},"geometry":{"type":"Polygon","coordinates":[[[-103.358697,25.563537],[-103.358561,25.563327],[-103.358469,25.563375],[-103.358604,25.563586],[-103.358697,25.563537]]]}},{"type":"Feature","properties":{},"geometry":{"type":"Polygon","coordinates":[[[-103.358789,25.563488],[-103.358654,25.563278],[-103.358561,25.563327],[-103.358697,25.563537],[-103.358789,25.563488]]]}},{"type":"Feature","properties":{},"geometry":{"type":"Polygon","coordinates":[[[-103.358881,25.563439],[-103.358746,25.563229],[-103.358654,25.563278],[-103.358789,25.563488],[-103.358881,25.563439]]]}},{"type":"Feature","properties":{},"geometry":{"type":"Polygon","coordinates":[[[-103.358974,25.563391],[-103.358838,25.56318],[-103.358746,25.563229],[-103.358881,25.563439],[-103.358974,25.563391]]]}},{"type":"Feature","properties":{},"geometry":{"type":"Polygon","coordinates":[[[-103.359066,25.563342],[-103.358931,25.563131],[-103.358838,25.56318],[-103.358974,25.563391],[-103.359066,25.563342]]]}},{"type":"Feature","properties":{},"geometry":{"type":"Polygon","coordinates":[[[-103.359158,25.563293],[-103.359023,25.563082],[-103.358931,25.563131],[-103.359066,25.563342],[-103.359158,25.563293]]]}},{"type":"Feature","properties":{},"geometry":{"type":"Polygon","coordinates":[[[-103.359251,25.563244],[-103.359115,25.563034],[-103.359023,25.563082],[-103.359158,25.563293],[-103.359251,25.563244]]]}},{"type":"Feature","properties":{},"geometry":{"type":"Polygon","coordinates":[[[-103.359343,25.563195],[-103.359208,25.562985],[-103.359115,25.563034],[-103.359251,25.563244],[-103.359343,25.563195]]]}},{"type":"Feature","properties":{},"geometry":{"type":"Polygon","coordinates":[[[-103.359435,25.563146],[-103.3593,25.562936],[-103.359208,25.562985],[-103.359343,25.563195],[-103.359435,25.563146]]]}},{"type":"Feature","properties":{},"geometry":{"type":"Polygon","coordinates":[[[-103.359528,25.563098],[-103.359392,25.562887],[-103.3593,25.562936],[-103.359435,25.563146],[-103.359528,25.563098]]]}},{"type":"Feature","properties":{},"geometry":{"type":"Polygon","coordinates":[[[-103.35962,25.563049],[-103.359485,25.562838],[-103.359392,25.562887],[-103.359528,25.563098],[-103.35962,25.563049]]]}},{"type":"Feature","properties":{},"geometry":{"type":"Polygon","coordinates":[[[-103.359712,25.563],[-103.359577,25.562789],[-103.359485,25.562838],[-103.35962,25.563049],[-103.359712,25.563]]]}},{"type":"Feature","properties":{},"geometry":{"type":"Polygon","coordinates":[[[-103.359805,25.562951],[-103.359669,25.56274],[-103.359577,25.562789],[-103.359712,25.563],[-103.359805,25.562951]]]}},{"type":"Feature","properties":{},"geometry":{"type":"Polygon","coordinates":[[[-103.359897,25.562902],[-103.359762,25.562692],[-103.359669,25.56274],[-103.359805,25.562951],[-103.359897,25.562902]]]}},{"type":"Feature","properties":{},"geometry":{"type":"Polygon","coordinates":[[[-103.359989,25.562853],[-103.359854,25.562643],[-103.359762,25.562692],[-103.359897,25.562902],[-103.359989,25.562853]]]}},{"type":"Feature","properties":{},"geometry":{"type":"Polygon","coordinates":[[[-103.360185,25.56275],[-103.360049,25.562539],[-103.359957,25.562588],[-103.360093,25.562799],[-103.360185,25.56275]]]}},{"type":"Feature","properties":{},"geometry":{"type":"Polygon","coordinates":[[[-103.360277,25.562701],[-103.360142,25.562491],[-103.360049,25.562539],[-103.360185,25.56275],[-103.360277,25.562701]]]}},{"type":"Feature","properties":{},"geometry":{"type":"Polygon","coordinates":[[[-103.36037,25.562652],[-103.360234,25.562442],[-103.360142,25.562491],[-103.360277,25.562701],[-103.36037,25.562652]]]}},{"type":"Feature","properties":{},"geometry":{"type":"Polygon","coordinates":[[[-103.360462,25.562603],[-103.360326,25.562393],[-103.360234,25.562442],[-103.36037,25.562652],[-103.360462,25.562603]]]}},{"type":"Feature","properties":{},"geometry":{"type":"Polygon","coordinates":[[[-103.360554,25.562555],[-103.360419,25.562344],[-103.360326,25.562393],[-103.360462,25.562603],[-103.360554,25.562555]]]}},{"type":"Feature","properties":{},"geometry":{"type":"Polygon","coordinates":[[[-103.360647,25.562506],[-103.360511,25.562295],[-103.360419,25.562344],[-103.360554,25.562555],[-103.360647,25.562506]]]}},{"type":"Feature","properties":{},"geometry":{"type":"Polygon","coordinates":[[[-103.360739,25.562457],[-103.360604,25.562246],[-103.360511,25.562295],[-103.360647,25.562506],[-103.360739,25.562457]]]}},{"type":"Feature","properties":{},"geometry":{"type":"Polygon","coordinates":[[[-103.360831,25.562408],[-103.360696,25.562197],[-103.360604,25.562246],[-103.360739,25.562457],[-103.360831,25.562408]]]}},{"type":"Feature","properties":{},"geometry":{"type":"Polygon","coordinates":[[[-103.360924,25.562359],[-103.360788,25.562149],[-103.360696,25.562197],[-103.360831,25.562408],[-103.360924,25.562359]]]}},{"type":"Feature","properties":{},"geometry":{"type":"Polygon","coordinates":[[[-103.361016,25.56231],[-103.360881,25.5621],[-103.360788,25.562149],[-103.360924,25.562359],[-103.361016,25.56231]]]}},{"type":"Feature","properties":{},"geometry":{"type":"Polygon","coordinates":[[[-103.361108,25.562261],[-103.360973,25.562051],[-103.360881,25.5621],[-103.361016,25.56231],[-103.361108,25.562261]]]}},{"type":"Feature","properties":{},"geometry":{"type":"Polygon","coordinates":[[[-103.361201,25.562213],[-103.361065,25.562002],[-103.360973,25.562051],[-103.361108,25.562261],[-103.361201,25.562213]]]}},{"type":"Feature","properties":{},"geometry":{"type":"Polygon","coordinates":[[[-103.361293,25.562164],[-103.361158,25.561953],[-103.361065,25.562002],[-103.361201,25.562213],[-103.361293,25.562164]]]}},{"type":"Feature","properties":{},"geometry":{"type":"Polygon","coordinates":[[[-103.361385,25.562115],[-103.36125,25.561904],[-103.361158,25.561953],[-103.361293,25.562164],[-103.361385,25.562115]]]}},{"type":"Feature","properties":{},"geometry":{"type":"Polygon","coordinates":[[[-103.361478,25.562066],[-103.361342,25.561856],[-103.36125,25.561904],[-103.361385,25.562115],[-103.361478,25.562066]]]}},{"type":"Feature","properties":{},"geometry":{"type":"Polygon","coordinates":[[[-103.36157,25.562017],[-103.361435,25.561807],[-103.361342,25.561856],[-103.361478,25.562066],[-103.36157,25.562017]]]}},{"type":"Feature","properties":{},"geometry":{"type":"Polygon","coordinates":[[[-103.361765,25.561914],[-103.36163,25.561703],[-103.361538,25.561752],[-103.361673,25.561963],[-103.361765,25.561914]]]}},{"type":"Feature","properties":{},"geometry":{"type":"Polygon","coordinates":[[[-103.361858,25.561865],[-103.361722,25.561654],[-103.36163,25.561703],[-103.361765,25.561914],[-103.361858,25.561865]]]}},{"type":"Feature","properties":{},"geometry":{"type":"Polygon","coordinates":[[[-103.36195,25.561816],[-103.361815,25.561606],[-103.361722,25.561654],[-103.361858,25.561865],[-103.36195,25.561816]]]}},{"type":"Feature","properties":{},"geometry":{"type":"Polygon","coordinates":[[[-103.362042,25.561767],[-103.361907,25.561557],[-103.361815,25.561606],[-103.36195,25.561816],[-103.362042,25.561767]]]}},{"type":"Feature","properties":{},"geometry":{"type":"Polygon","coordinates":[[[-103.362135,25.561718],[-103.361999,25.561508],[-103.361907,25.561557],[-103.362042,25.561767],[-103.362135,25.561718]]]}},{"type":"Feature","properties":{},"geometry":{"type":"Polygon","coordinates":[[[-103.362227,25.56167],[-103.362092,25.561459],[-103.361999,25.561508],[-103.362135,25.561718],[-103.362227,25.56167]]]}},{"type":"Feature","properties":{},"geometry":{"type":"Polygon","coordinates":[[[-103.363346,25.561078],[-103.363211,25.560867],[-103.363118,25.560916],[-103.363254,25.561127],[-103.363346,25.561078]]]}},{"type":"Feature","properties":{},"geometry":{"type":"Polygon","coordinates":[[[-103.363438,25.561029],[-103.363303,25.560818],[-103.363211,25.560867],[-103.363346,25.561078],[-103.363438,25.561029]]]}},{"type":"Feature","properties":{},"geometry":{"type":"Polygon","coordinates":[[[-103.363531,25.56098],[-103.363395,25.560769],[-103.363303,25.560818],[-103.363438,25.561029],[-103.363531,25.56098]]]}},{"type":"Feature","properties":{},"geometry":{"type":"Polygon","coordinates":[[[-103.363623,25.560931],[-103.363488,25.560721],[-103.363395,25.560769],[-103.363531,25.56098],[-103.363623,25.560931]]]}},{"type":"Feature","properties":{},"geometry":{"type":"Polygon","coordinates":[[[-103.363715,25.560882],[-103.36358,25.560672],[-103.363488,25.560721],[-103.363623,25.560931],[-103.363715,25.560882]]]}},{"type":"Feature","properties":{},"geometry":{"type":"Polygon","coordinates":[[[-103.363808,25.560833],[-103.363672,25.560623],[-103.36358,25.560672],[-103.363715,25.560882],[-103.363808,25.560833]]]}},{"type":"Feature","properties":{},"geometry":{"type":"Polygon","coordinates":[[[-103.3639,25.560785],[-103.363765,25.560574],[-103.363672,25.560623],[-103.363808,25.560833],[-103.3639,25.560785]]]}},{"type":"Feature","properties":{},"geometry":{"type":"Polygon","coordinates":[[[-103.363992,25.560736],[-103.363857,25.560525],[-103.363765,25.560574],[-103.3639,25.560785],[-103.363992,25.560736]]]}},{"type":"Feature","properties":{},"geometry":{"type":"Polygon","coordinates":[[[-103.364085,25.560687],[-103.363949,25.560476],[-103.363857,25.560525],[-103.363992,25.560736],[-103.364085,25.560687]]]}},{"type":"Feature","properties":{},"geometry":{"type":"Polygon","coordinates":[[[-103.364177,25.560638],[-103.364042,25.560428],[-103.363949,25.560476],[-103.364085,25.560687],[-103.364177,25.560638]]]}},{"type":"Feature","properties":{},"geometry":{"type":"Polygon","coordinates":[[[-103.364269,25.560589],[-103.364134,25.560379],[-103.364042,25.560428],[-103.364177,25.560638],[-103.364269,25.560589]]]}},{"type":"Feature","properties":{},"geometry":{"type":"Polygon","coordinates":[[[-103.364362,25.56054],[-103.364226,25.56033],[-103.364134,25.560379],[-103.364269,25.560589],[-103.364362,25.56054]]]}},{"type":"Feature","properties":{},"geometry":{"type":"Polygon","coordinates":[[[-103.364454,25.560492],[-103.364319,25.560281],[-103.364226,25.56033],[-103.364362,25.56054],[-103.364454,25.560492]]]}},{"type":"Feature","properties":{},"geometry":{"type":"Polygon","coordinates":[[[-103.364546,25.560443],[-103.364411,25.560232],[-103.364319,25.560281],[-103.364454,25.560492],[-103.364546,25.560443]]]}},{"type":"Feature","properties":{},"geometry":{"type":"Polygon","coordinates":[[[-103.364639,25.560394],[-103.364503,25.560183],[-103.364411,25.560232],[-103.364546,25.560443],[-103.364639,25.560394]]]}},{"type":"Feature","properties":{},"geometry":{"type":"Polygon","coordinates":[[[-103.364731,25.560345],[-103.364596,25.560134],[-103.364503,25.560183],[-103.364639,25.560394],[-103.364731,25.560345]]]}},{"type":"Feature","properties":{},"geometry":{"type":"Polygon","coordinates":[[[-103.364927,25.560242],[-103.364791,25.560031],[-103.364699,25.56008],[-103.364834,25.56029],[-103.364927,25.560242]]]}},{"type":"Feature","properties":{},"geometry":{"type":"Polygon","coordinates":[[[-103.365942,25.559704],[-103.365807,25.559494],[-103.365715,25.559543],[-103.36585,25.559753],[-103.365942,25.559704]]]}},{"type":"Feature","properties":{},"geometry":{"type":"Polygon","coordinates":[[[-103.366035,25.559655],[-103.365899,25.559445],[-103.365807,25.559494],[-103.365942,25.559704],[-103.366035,25.559655]]]}},{"type":"Feature","properties":{},"geometry":{"type":"Polygon","coordinates":[[[-103.366127,25.559607],[-103.365992,25.559396],[-103.365899,25.559445],[-103.366035,25.559655],[-103.366127,25.559607]]]}},{"type":"Feature","properties":{},"geometry":{"type":"Polygon","coordinates":[[[-103.366219,25.559558],[-103.366084,25.559347],[-103.365992,25.559396],[-103.366127,25.559607],[-103.366219,25.559558]]]}},{"type":"Feature","properties":{},"geometry":{"type":"Polygon","coordinates":[[[-103.366312,25.559509],[-103.366176,25.559298],[-103.366084,25.559347],[-103.366219,25.559558],[-103.366312,25.559509]]]}},{"type":"Feature","properties":{},"geometry":{"type":"Polygon","coordinates":[[[-103.366507,25.559405],[-103.366372,25.559195],[-103.366279,25.559244],[-103.366415,25.559454],[-103.366507,25.559405]]]}},{"type":"Feature","properties":{},"geometry":{"type":"Polygon","coordinates":[[[-103.366599,25.559357],[-103.366464,25.559146],[-103.366372,25.559195],[-103.366507,25.559405],[-103.366599,25.559357]]]}},{"type":"Feature","properties":{},"geometry":{"type":"Polygon","coordinates":[[[-103.366692,25.559308],[-103.366556,25.559097],[-103.366464,25.559146],[-103.366599,25.559357],[-103.366692,25.559308]]]}},{"type":"Feature","properties":{},"geometry":{"type":"Polygon","coordinates":[[[-103.366784,25.559259],[-103.366649,25.559048],[-103.366556,25.559097],[-103.366692,25.559308],[-103.366784,25.559259]]]}},{"type":"Feature","properties":{},"geometry":{"type":"Polygon","coordinates":[[[-103.366877,25.55921],[-103.366741,25.558999],[-103.366649,25.559048],[-103.366784,25.559259],[-103.366877,25.55921]]]}},{"type":"Feature","properties":{},"geometry":{"type":"Polygon","coordinates":[[[-103.366969,25.559161],[-103.366833,25.558951],[-103.366741,25.558999],[-103.366877,25.55921],[-103.366969,25.559161]]]}},{"type":"Feature","properties":{},"geometry":{"type":"Polygon","coordinates":[[[-103.367061,25.559112],[-103.366926,25.558902],[-103.366833,25.558951],[-103.366969,25.559161],[-103.367061,25.559112]]]}},{"type":"Feature","properties":{},"geometry":{"type":"Polygon","coordinates":[[[-103.367154,25.559063],[-103.367018,25.558853],[-103.366926,25.558902],[-103.367061,25.559112],[-103.367154,25.559063]]]}},{"type":"Feature","properties":{},"geometry":{"type":"Polygon","coordinates":[[[-103.367246,25.559015],[-103.36711,25.558804],[-103.367018,25.558853],[-103.367154,25.559063],[-103.367246,25.559015]]]}},{"type":"Feature","properties":{},"geometry":{"type":"Polygon","coordinates":[[[-103.367338,25.558966],[-103.367203,25.558755],[-103.36711,25.558804],[-103.367246,25.559015],[-103.367338,25.558966]]]}},{"type":"Feature","properties":{},"geometry":{"type":"Polygon","coordinates":[[[-103.367431,25.558917],[-103.367295,25.558706],[-103.367203,25.558755],[-103.367338,25.558966],[-103.367431,25.558917]]]}},{"type":"Feature","properties":{},"geometry":{"type":"Polygon","coordinates":[[[-103.367523,25.558868],[-103.367387,25.558657],[-103.367295,25.558706],[-103.367431,25.558917],[-103.367523,25.558868]]]}},{"type":"Feature","properties":{},"geometry":{"type":"Polygon","coordinates":[[[-103.367615,25.558819],[-103.36748,25.558609],[-103.367387,25.558657],[-103.367523,25.558868],[-103.367615,25.558819]]]}},{"type":"Feature","properties":{},"geometry":{"type":"Polygon","coordinates":[[[-103.367708,25.55877],[-103.367572,25.55856],[-103.36748,25.558609],[-103.367615,25.558819],[-103.367708,25.55877]]]}},{"type":"Feature","properties":{},"geometry":{"type":"Polygon","coordinates":[[[-103.3678,25.558721],[-103.367664,25.558511],[-103.367572,25.55856],[-103.367708,25.55877],[-103.3678,25.558721]]]}},{"type":"Feature","properties":{},"geometry":{"type":"Polygon","coordinates":[[[-103.367892,25.558673],[-103.367757,25.558462],[-103.367664,25.558511],[-103.3678,25.558721],[-103.367892,25.558673]]]}},{"type":"Feature","properties":{},"geometry":{"type":"Polygon","coordinates":[[[-103.358028,25.563483],[-103.357893,25.563272],[-103.357801,25.563321],[-103.357936,25.563532],[-103.358028,25.563483]]]}},{"type":"Feature","properties":{},"geometry":{"type":"Polygon","coordinates":[[[-103.358121,25.563434],[-103.357985,25.563224],[-103.357893,25.563272],[-103.358028,25.563483],[-103.358121,25.563434]]]}},{"type":"Feature","properties":{},"geometry":{"type":"Polygon","coordinates":[[[-103.358213,25.563385],[-103.358078,25.563175],[-103.357985,25.563224],[-103.358121,25.563434],[-103.358213,25.563385]]]}},{"type":"Feature","properties":{},"geometry":{"type":"Polygon","coordinates":[[[-103.358409,25.563282],[-103.358273,25.563071],[-103.358181,25.56312],[-103.358316,25.563331],[-103.358409,25.563282]]]}},{"type":"Feature","properties":{},"geometry":{"type":"Polygon","coordinates":[[[-103.358501,25.563233],[-103.358366,25.563022],[-103.358273,25.563071],[-103.358409,25.563282],[-103.358501,25.563233]]]}},{"type":"Feature","properties":{},"geometry":{"type":"Polygon","coordinates":[[[-103.358593,25.563184],[-103.358458,25.562974],[-103.358366,25.563022],[-103.358501,25.563233],[-103.358593,25.563184]]]}},{"type":"Feature","properties":{},"geometry":{"type":"Polygon","coordinates":[[[-103.358686,25.563135],[-103.35855,25.562925],[-103.358458,25.562974],[-103.358593,25.563184],[-103.358686,25.563135]]]}},{"type":"Feature","properties":{},"geometry":{"type":"Polygon","coordinates":[[[-103.358778,25.563086],[-103.358643,25.562876],[-103.35855,25.562925],[-103.358686,25.563135],[-103.358778,25.563086]]]}},{"type":"Feature","properties":{},"geometry":{"type":"Polygon","coordinates":[[[-103.35887,25.563038],[-103.358735,25.562827],[-103.358643,25.562876],[-103.358778,25.563086],[-103.35887,25.563038]]]}},{"type":"Feature","properties":{},"geometry":{"type":"Polygon","coordinates":[[[-103.358963,25.562989],[-103.358827,25.562778],[-103.358735,25.562827],[-103.35887,25.563038],[-103.358963,25.562989]]]}},{"type":"Feature","properties":{},"geometry":{"type":"Polygon","coordinates":[[[-103.359055,25.56294],[-103.35892,25.562729],[-103.358827,25.562778],[-103.358963,25.562989],[-103.359055,25.56294]]]}},{"type":"Feature","properties":{},"geometry":{"type":"Polygon","coordinates":[[[-103.359147,25.562891],[-103.359012,25.562681],[-103.35892,25.562729],[-103.359055,25.56294],[-103.359147,25.562891]]]}},{"type":"Feature","properties":{},"geometry":{"type":"Polygon","coordinates":[[[-103.35924,25.562842],[-103.359104,25.562632],[-103.359012,25.562681],[-103.359147,25.562891],[-103.35924,25.562842]]]}},{"type":"Feature","properties":{},"geometry":{"type":"Polygon","coordinates":[[[-103.359332,25.562793],[-103.359197,25.562583],[-103.359104,25.562632],[-103.35924,25.562842],[-103.359332,25.562793]]]}},{"type":"Feature","properties":{},"geometry":{"type":"Polygon","coordinates":[[[-103.359424,25.562745],[-103.359289,25.562534],[-103.359197,25.562583],[-103.359332,25.562793],[-103.359424,25.562745]]]}},{"type":"Feature","properties":{},"geometry":{"type":"Polygon","coordinates":[[[-103.359517,25.562696],[-103.359381,25.562485],[-103.359289,25.562534],[-103.359424,25.562745],[-103.359517,25.562696]]]}},{"type":"Feature","properties":{},"geometry":{"type":"Polygon","coordinates":[[[-103.359609,25.562647],[-103.359474,25.562436],[-103.359381,25.562485],[-103.359517,25.562696],[-103.359609,25.562647]]]}},{"type":"Feature","properties":{},"geometry":{"type":"Polygon","coordinates":[[[-103.359701,25.562598],[-103.359566,25.562387],[-103.359474,25.562436],[-103.359609,25.562647],[-103.359701,25.562598]]]}},{"type":"Feature","properties":{},"geometry":{"type":"Polygon","coordinates":[[[-103.359794,25.562549],[-103.359658,25.562339],[-103.359566,25.562387],[-103.359701,25.562598],[-103.359794,25.562549]]]}},{"type":"Feature","properties":{},"geometry":{"type":"Polygon","coordinates":[[[-103.359989,25.562446],[-103.359854,25.562235],[-103.359762,25.562284],[-103.359897,25.562495],[-103.359989,25.562446]]]}},{"type":"Feature","properties":{},"geometry":{"type":"Polygon","coordinates":[[[-103.360082,25.562397],[-103.359946,25.562186],[-103.359854,25.562235],[-103.359989,25.562446],[-103.360082,25.562397]]]}},{"type":"Feature","properties":{},"geometry":{"type":"Polygon","coordinates":[[[-103.360174,25.562348],[-103.360039,25.562138],[-103.359946,25.562186],[-103.360082,25.562397],[-103.360174,25.562348]]]}},{"type":"Feature","properties":{},"geometry":{"type":"Polygon","coordinates":[[[-103.360266,25.562299],[-103.360131,25.562089],[-103.360039,25.562138],[-103.360174,25.562348],[-103.360266,25.562299]]]}},{"type":"Feature","properties":{},"geometry":{"type":"Polygon","coordinates":[[[-103.360359,25.56225],[-103.360223,25.56204],[-103.360131,25.562089],[-103.360266,25.562299],[-103.360359,25.56225]]]}},{"type":"Feature","properties":{},"geometry":{"type":"Polygon","coordinates":[[[-103.360451,25.562202],[-103.360316,25.561991],[-103.360223,25.56204],[-103.360359,25.56225],[-103.360451,25.562202]]]}},{"type":"Feature","properties":{},"geometry":{"type":"Polygon","coordinates":[[[-103.360543,25.562153],[-103.360408,25.561942],[-103.360316,25.561991],[-103.360451,25.562202],[-103.360543,25.562153]]]}},{"type":"Feature","properties":{},"geometry":{"type":"Polygon","coordinates":[[[-103.360636,25.562104],[-103.3605,25.561893],[-103.360408,25.561942],[-103.360543,25.562153],[-103.360636,25.562104]]]}},{"type":"Feature","properties":{},"geometry":{"type":"Polygon","coordinates":[[[-103.360728,25.562055],[-103.360593,25.561844],[-103.3605,25.561893],[-103.360636,25.562104],[-103.360728,25.562055]]]}},{"type":"Feature","properties":{},"geometry":{"type":"Polygon","coordinates":[[[-103.36082,25.562006],[-103.360685,25.561796],[-103.360593,25.561844],[-103.360728,25.562055],[-103.36082,25.562006]]]}},{"type":"Feature","properties":{},"geometry":{"type":"Polygon","coordinates":[[[-103.360913,25.561957],[-103.360777,25.561747],[-103.360685,25.561796],[-103.36082,25.562006],[-103.360913,25.561957]]]}},{"type":"Feature","properties":{},"geometry":{"type":"Polygon","coordinates":[[[-103.361005,25.561908],[-103.36087,25.561698],[-103.360777,25.561747],[-103.360913,25.561957],[-103.361005,25.561908]]]}},{"type":"Feature","properties":{},"geometry":{"type":"Polygon","coordinates":[[[-103.361097,25.56186],[-103.360962,25.561649],[-103.36087,25.561698],[-103.361005,25.561908],[-103.361097,25.56186]]]}},{"type":"Feature","properties":{},"geometry":{"type":"Polygon","coordinates":[[[-103.36119,25.561811],[-103.361054,25.5616],[-103.360962,25.561649],[-103.361097,25.56186],[-103.36119,25.561811]]]}},{"type":"Feature","properties":{},"geometry":{"type":"Polygon","coordinates":[[[-103.361282,25.561762],[-103.361147,25.561551],[-103.361054,25.5616],[-103.36119,25.561811],[-103.361282,25.561762]]]}},{"type":"Feature","properties":{},"geometry":{"type":"Polygon","coordinates":[[[-103.361374,25.561713],[-103.361239,25.561503],[-103.361147,25.561551],[-103.361282,25.561762],[-103.361374,25.561713]]]}},{"type":"Feature","properties":{},"geometry":{"type":"Polygon","coordinates":[[[-103.36157,25.56161],[-103.361435,25.561399],[-103.361342,25.561448],[-103.361478,25.561659],[-103.36157,25.56161]]]}},{"type":"Feature","properties":{},"geometry":{"type":"Polygon","coordinates":[[[-103.361662,25.561561],[-103.361527,25.56135],[-103.361435,25.561399],[-103.36157,25.56161],[-103.361662,25.561561]]]}},{"type":"Feature","properties":{},"geometry":{"type":"Polygon","coordinates":[[[-103.361755,25.561512],[-103.361619,25.561301],[-103.361527,25.56135],[-103.361662,25.561561],[-103.361755,25.561512]]]}},{"type":"Feature","properties":{},"geometry":{"type":"Polygon","coordinates":[[[-103.361847,25.561463],[-103.361712,25.561253],[-103.361619,25.561301],[-103.361755,25.561512],[-103.361847,25.561463]]]}},{"type":"Feature","properties":{},"geometry":{"type":"Polygon","coordinates":[[[-103.361939,25.561414],[-103.361804,25.561204],[-103.361712,25.561253],[-103.361847,25.561463],[-103.361939,25.561414]]]}},{"type":"Feature","properties":{},"geometry":{"type":"Polygon","coordinates":[[[-103.362032,25.561365],[-103.361896,25.561155],[-103.361804,25.561204],[-103.361939,25.561414],[-103.362032,25.561365]]]}},{"type":"Feature","properties":{},"geometry":{"type":"Polygon","coordinates":[[[-103.363151,25.560774],[-103.363015,25.560563],[-103.362923,25.560612],[-103.363058,25.560822],[-103.363151,25.560774]]]}},{"type":"Feature","properties":{},"geometry":{"type":"Polygon","coordinates":[[[-103.363243,25.560725],[-103.363107,25.560514],[-103.363015,25.560563],[-103.363151,25.560774],[-103.363243,25.560725]]]}},{"type":"Feature","properties":{},"geometry":{"type":"Polygon","coordinates":[[[-103.363335,25.560676],[-103.3632,25.560465],[-103.363107,25.560514],[-103.363243,25.560725],[-103.363335,25.560676]]]}},{"type":"Feature","properties":{},"geometry":{"type":"Polygon","coordinates":[[[-103.363428,25.560627],[-103.363292,25.560416],[-103.3632,25.560465],[-103.363335,25.560676],[-103.363428,25.560627]]]}},{"type":"Feature","properties":{},"geometry":{"type":"Polygon","coordinates":[[[-103.36352,25.560578],[-103.363384,25.560368],[-103.363292,25.560416],[-103.363428,25.560627],[-103.36352,25.560578]]]}},{"type":"Feature","properties":{},"geometry":{"type":"Polygon","coordinates":[[[-103.363612,25.560529],[-103.363477,25.560319],[-103.363384,25.560368],[-103.36352,25.560578],[-103.363612,25.560529]]]}},{"type":"Feature","properties":{},"geometry":{"type":"Polygon","coordinates":[[[-103.363705,25.56048],[-103.363569,25.56027],[-103.363477,25.560319],[-103.363612,25.560529],[-103.363705,25.56048]]]}},{"type":"Feature","properties":{},"geometry":{"type":"Polygon","coordinates":[[[-103.363797,25.560432],[-103.363662,25.560221],[-103.363569,25.56027],[-103.363705,25.56048],[-103.363797,25.560432]]]}},{"type":"Feature","properties":{},"geometry":{"type":"Polygon","coordinates":[[[-103.363889,25.560383],[-103.363754,25.560172],[-103.363662,25.560221],[-103.363797,25.560432],[-103.363889,25.560383]]]}},{"type":"Feature","properties":{},"geometry":{"type":"Polygon","coordinates":[[[-103.363982,25.560334],[-103.363846,25.560123],[-103.363754,25.560172],[-103.363889,25.560383],[-103.363982,25.560334]]]}},{"type":"Feature","properties":{},"geometry":{"type":"Polygon","coordinates":[[[-103.364074,25.560285],[-103.363939,25.560075],[-103.363846,25.560123],[-103.363982,25.560334],[-103.364074,25.560285]]]}},{"type":"Feature","properties":{},"geometry":{"type":"Polygon","coordinates":[[[-103.364166,25.560236],[-103.364031,25.560026],[-103.363939,25.560075],[-103.364074,25.560285],[-103.364166,25.560236]]]}},{"type":"Feature","properties":{},"geometry":{"type":"Polygon","coordinates":[[[-103.364259,25.560187],[-103.364123,25.559977],[-103.364031,25.560026],[-103.364166,25.560236],[-103.364259,25.560187]]]}},{"type":"Feature","properties":{},"geometry":{"type":"Polygon","coordinates":[[[-103.364351,25.560139],[-103.364216,25.559928],[-103.364123,25.559977],[-103.364259,25.560187],[-103.364351,25.560139]]]}},{"type":"Feature","properties":{},"geometry":{"type":"Polygon","coordinates":[[[-103.364443,25.56009],[-103.364308,25.559879],[-103.364216,25.559928],[-103.364351,25.560139],[-103.364443,25.56009]]]}},{"type":"Feature","properties":{},"geometry":{"type":"Polygon","coordinates":[[[-103.364536,25.560041],[-103.3644,25.55983],[-103.364308,25.559879],[-103.364443,25.56009],[-103.364536,25.560041]]]}},{"type":"Feature","properties":{},"geometry":{"type":"Polygon","coordinates":[[[-103.364731,25.559937],[-103.364596,25.559727],[-103.364503,25.559776],[-103.364639,25.559986],[-103.364731,25.559937]]]}},{"type":"Feature","properties":{},"geometry":{"type":"Polygon","coordinates":[[[-103.365747,25.5594],[-103.365611,25.55919],[-103.365519,25.559238],[-103.365654,25.559449],[-103.365747,25.5594]]]}},{"type":"Feature","properties":{},"geometry":{"type":"Polygon","coordinates":[[[-103.365839,25.559351],[-103.365704,25.559141],[-103.365611,25.55919],[-103.365747,25.5594],[-103.365839,25.559351]]]}},{"type":"Feature","properties":{},"geometry":{"type":"Polygon","coordinates":[[[-103.365931,25.559302],[-103.365796,25.559092],[-103.365704,25.559141],[-103.365839,25.559351],[-103.365931,25.559302]]]}},{"type":"Feature","properties":{},"geometry":{"type":"Polygon","coordinates":[[[-103.366024,25.559254],[-103.365888,25.559043],[-103.365796,25.559092],[-103.365931,25.559302],[-103.366024,25.559254]]]}},{"type":"Feature","properties":{},"geometry":{"type":"Polygon","coordinates":[[[-103.366116,25.559205],[-103.365981,25.558994],[-103.365888,25.559043],[-103.366024,25.559254],[-103.366116,25.559205]]]}},{"type":"Feature","properties":{},"geometry":{"type":"Polygon","coordinates":[[[-103.366312,25.559101],[-103.366176,25.558891],[-103.366084,25.55894],[-103.366219,25.55915],[-103.366312,25.559101]]]}},{"type":"Feature","properties":{},"geometry":{"type":"Polygon","coordinates":[[[-103.366404,25.559052],[-103.366269,25.558842],[-103.366176,25.558891],[-103.366312,25.559101],[-103.366404,25.559052]]]}},{"type":"Feature","properties":{},"geometry":{"type":"Polygon","coordinates":[[[-103.366496,25.559004],[-103.366361,25.558793],[-103.366269,25.558842],[-103.366404,25.559052],[-103.366496,25.559004]]]}},{"type":"Feature","properties":{},"geometry":{"type":"Polygon","coordinates":[[[-103.366589,25.558955],[-103.366453,25.558744],[-103.366361,25.558793],[-103.366496,25.559004],[-103.366589,25.558955]]]}},{"type":"Feature","properties":{},"geometry":{"type":"Polygon","coordinates":[[[-103.366681,25.558906],[-103.366546,25.558695],[-103.366453,25.558744],[-103.366589,25.558955],[-103.366681,25.558906]]]}},{"type":"Feature","properties":{},"geometry":{"type":"Polygon","coordinates":[[[-103.366773,25.558857],[-103.366638,25.558646],[-103.366546,25.558695],[-103.366681,25.558906],[-103.366773,25.558857]]]}},{"type":"Feature","properties":{},"geometry":{"type":"Polygon","coordinates":[[[-103.366866,25.558808],[-103.36673,25.558598],[-103.366638,25.558646],[-103.366773,25.558857],[-103.366866,25.558808]]]}},{"type":"Feature","properties":{},"geometry":{"type":"Polygon","coordinates":[[[-103.366958,25.558759],[-103.366823,25.558549],[-103.36673,25.558598],[-103.366866,25.558808],[-103.366958,25.558759]]]}},{"type":"Feature","properties":{},"geometry":{"type":"Polygon","coordinates":[[[-103.36705,25.55871],[-103.366915,25.5585],[-103.366823,25.558549],[-103.366958,25.558759],[-103.36705,25.55871]]]}},{"type":"Feature","properties":{},"geometry":{"type":"Polygon","coordinates":[[[-103.367143,25.558662],[-103.367007,25.558451],[-103.366915,25.5585],[-103.36705,25.55871],[-103.367143,25.558662]]]}},{"type":"Feature","properties":{},"geometry":{"type":"Polygon","coordinates":[[[-103.357985,25.563224],[-103.35785,25.563013],[-103.357758,25.563062],[-103.357893,25.563272],[-103.357985,25.563224]]]}},{"type":"Feature","properties":{},"geometry":{"type":"Polygon","coordinates":[[[-103.358078,25.563175],[-103.357942,25.562964],[-103.35785,25.563013],[-103.357985,25.563224],[-103.358078,25.563175]]]}},{"type":"Feature","properties":{},"geometry":{"type":"Polygon","coordinates":[[[-103.358273,25.563071],[-103.358138,25.562861],[-103.358046,25.56291],[-103.358181,25.56312],[-103.358273,25.563071]]]}},{"type":"Feature","properties":{},"geometry":{"type":"Polygon","coordinates":[[[-103.358366,25.563022],[-103.35823,25.562812],[-103.358138,25.562861],[-103.358273,25.563071],[-103.358366,25.563022]]]}},{"type":"Feature","properties":{},"geometry":{"type":"Polygon","coordinates":[[[-103.358458,25.562974],[-103.358323,25.562763],[-103.35823,25.562812],[-103.358366,25.563022],[-103.358458,25.562974]]]}},{"type":"Feature","properties":{},"geometry":{"type":"Polygon","coordinates":[[[-103.35855,25.562925],[-103.358415,25.562714],[-103.358323,25.562763],[-103.358458,25.562974],[-103.35855,25.562925]]]}},{"type":"Feature","properties":{},"geometry":{"type":"Polygon","coordinates":[[[-103.358643,25.562876],[-103.358507,25.562665],[-103.358415,25.562714],[-103.35855,25.562925],[-103.358643,25.562876]]]}},{"type":"Feature","properties":{},"geometry":{"type":"Polygon","coordinates":[[[-103.358735,25.562827],[-103.3586,25.562617],[-103.358507,25.562665],[-103.358643,25.562876],[-103.358735,25.562827]]]}},{"type":"Feature","properties":{},"geometry":{"type":"Polygon","coordinates":[[[-103.358827,25.562778],[-103.358692,25.562568],[-103.3586,25.562617],[-103.358735,25.562827],[-103.358827,25.562778]]]}},{"type":"Feature","properties":{},"geometry":{"type":"Polygon","coordinates":[[[-103.35892,25.562729],[-103.358784,25.562519],[-103.358692,25.562568],[-103.358827,25.562778],[-103.35892,25.562729]]]}},{"type":"Feature","properties":{},"geometry":{"type":"Polygon","coordinates":[[[-103.359012,25.562681],[-103.358877,25.56247],[-103.358784,25.562519],[-103.35892,25.562729],[-103.359012,25.562681]]]}},{"type":"Feature","properties":{},"geometry":{"type":"Polygon","coordinates":[[[-103.359104,25.562632],[-103.358969,25.562421],[-103.358877,25.56247],[-103.359012,25.562681],[-103.359104,25.562632]]]}},{"type":"Feature","properties":{},"geometry":{"type":"Polygon","coordinates":[[[-103.359197,25.562583],[-103.359061,25.562372],[-103.358969,25.562421],[-103.359104,25.562632],[-103.359197,25.562583]]]}},{"type":"Feature","properties":{},"geometry":{"type":"Polygon","coordinates":[[[-103.359289,25.562534],[-103.359154,25.562323],[-103.359061,25.562372],[-103.359197,25.562583],[-103.359289,25.562534]]]}},{"type":"Feature","properties":{},"geometry":{"type":"Polygon","coordinates":[[[-103.359381,25.562485],[-103.359246,25.562275],[-103.359154,25.562323],[-103.359289,25.562534],[-103.359381,25.562485]]]}},{"type":"Feature","properties":{},"geometry":{"type":"Polygon","coordinates":[[[-103.359474,25.562436],[-103.359338,25.562226],[-103.359246,25.562275],[-103.359381,25.562485],[-103.359474,25.562436]]]}},{"type":"Feature","properties":{},"geometry":{"type":"Polygon","coordinates":[[[-103.359566,25.562387],[-103.359431,25.562177],[-103.359338,25.562226],[-103.359474,25.562436],[-103.359566,25.562387]]]}},{"type":"Feature","properties":{},"geometry":{"type":"Polygon","coordinates":[[[-103.359658,25.562339],[-103.359523,25.562128],[-103.359431,25.562177],[-103.359566,25.562387],[-103.359658,25.562339]]]}},{"type":"Feature","properties":{},"geometry":{"type":"Polygon","coordinates":[[[-103.359854,25.562235],[-103.359719,25.562025],[-103.359626,25.562074],[-103.359762,25.562284],[-103.359854,25.562235]]]}},{"type":"Feature","properties":{},"geometry":{"type":"Polygon","coordinates":[[[-103.359946,25.562186],[-103.359811,25.561976],[-103.359719,25.562025],[-103.359854,25.562235],[-103.359946,25.562186]]]}},{"type":"Feature","properties":{},"geometry":{"type":"Polygon","coordinates":[[[-103.360039,25.562138],[-103.359903,25.561927],[-103.359811,25.561976],[-103.359946,25.562186],[-103.360039,25.562138]]]}},{"type":"Feature","properties":{},"geometry":{"type":"Polygon","coordinates":[[[-103.360131,25.562089],[-103.359996,25.561878],[-103.359903,25.561927],[-103.360039,25.562138],[-103.360131,25.562089]]]}},{"type":"Feature","properties":{},"geometry":{"type":"Polygon","coordinates":[[[-103.360223,25.56204],[-103.360088,25.561829],[-103.359996,25.561878],[-103.360131,25.562089],[-103.360223,25.56204]]]}},{"type":"Feature","properties":{},"geometry":{"type":"Polygon","coordinates":[[[-103.360316,25.561991],[-103.36018,25.56178],[-103.360088,25.561829],[-103.360223,25.56204],[-103.360316,25.561991]]]}},{"type":"Feature","properties":{},"geometry":{"type":"Polygon","coordinates":[[[-103.360408,25.561942],[-103.360273,25.561732],[-103.36018,25.56178],[-103.360316,25.561991],[-103.360408,25.561942]]]}},{"type":"Feature","properties":{},"geometry":{"type":"Polygon","coordinates":[[[-103.3605,25.561893],[-103.360365,25.561683],[-103.360273,25.561732],[-103.360408,25.561942],[-103.3605,25.561893]]]}},{"type":"Feature","properties":{},"geometry":{"type":"Polygon","coordinates":[[[-103.360593,25.561844],[-103.360457,25.561634],[-103.360365,25.561683],[-103.3605,25.561893],[-103.360593,25.561844]]]}},{"type":"Feature","properties":{},"geometry":{"type":"Polygon","coordinates":[[[-103.360685,25.561796],[-103.36055,25.561585],[-103.360457,25.561634],[-103.360593,25.561844],[-103.360685,25.561796]]]}},{"type":"Feature","properties":{},"geometry":{"type":"Polygon","coordinates":[[[-103.360777,25.561747],[-103.360642,25.561536],[-103.36055,25.561585],[-103.360685,25.561796],[-103.360777,25.561747]]]}},{"type":"Feature","properties":{},"geometry":{"type":"Polygon","coordinates":[[[-103.36087,25.561698],[-103.360734,25.561487],[-103.360642,25.561536],[-103.360777,25.561747],[-103.36087,25.561698]]]}},{"type":"Feature","properties":{},"geometry":{"type":"Polygon","coordinates":[[[-103.360962,25.561649],[-103.360827,25.561439],[-103.360734,25.561487],[-103.36087,25.561698],[-103.360962,25.561649]]]}},{"type":"Feature","properties":{},"geometry":{"type":"Polygon","coordinates":[[[-103.361054,25.5616],[-103.360919,25.56139],[-103.360827,25.561439],[-103.360962,25.561649],[-103.361054,25.5616]]]}},{"type":"Feature","properties":{},"geometry":{"type":"Polygon","coordinates":[[[-103.361147,25.561551],[-103.361011,25.561341],[-103.360919,25.56139],[-103.361054,25.5616],[-103.361147,25.561551]]]}},{"type":"Feature","properties":{},"geometry":{"type":"Polygon","coordinates":[[[-103.361239,25.561503],[-103.361104,25.561292],[-103.361011,25.561341],[-103.361147,25.561551],[-103.361239,25.561503]]]}},{"type":"Feature","properties":{},"geometry":{"type":"Polygon","coordinates":[[[-103.361435,25.561399],[-103.361299,25.561189],[-103.361207,25.561237],[-103.361342,25.561448],[-103.361435,25.561399]]]}},{"type":"Feature","properties":{},"geometry":{"type":"Polygon","coordinates":[[[-103.361527,25.56135],[-103.361392,25.56114],[-103.361299,25.561189],[-103.361435,25.561399],[-103.361527,25.56135]]]}},{"type":"Feature","properties":{},"geometry":{"type":"Polygon","coordinates":[[[-103.361619,25.561301],[-103.361484,25.561091],[-103.361392,25.56114],[-103.361527,25.56135],[-103.361619,25.561301]]]}},{"type":"Feature","properties":{},"geometry":{"type":"Polygon","coordinates":[[[-103.361712,25.561253],[-103.361576,25.561042],[-103.361484,25.561091],[-103.361619,25.561301],[-103.361712,25.561253]]]}},{"type":"Feature","properties":{},"geometry":{"type":"Polygon","coordinates":[[[-103.361804,25.561204],[-103.361669,25.560993],[-103.361576,25.561042],[-103.361712,25.561253],[-103.361804,25.561204]]]}},{"type":"Feature","properties":{},"geometry":{"type":"Polygon","coordinates":[[[-103.361896,25.561155],[-103.361761,25.560944],[-103.361669,25.560993],[-103.361804,25.561204],[-103.361896,25.561155]]]}},{"type":"Feature","properties":{},"geometry":{"type":"Polygon","coordinates":[[[-103.361989,25.561106],[-103.361853,25.560895],[-103.361761,25.560944],[-103.361896,25.561155],[-103.361989,25.561106]]]}},{"type":"Feature","properties":{},"geometry":{"type":"Polygon","coordinates":[[[-103.362081,25.561057],[-103.361946,25.560847],[-103.361853,25.560895],[-103.361989,25.561106],[-103.362081,25.561057]]]}},{"type":"Feature","properties":{},"geometry":{"type":"Polygon","coordinates":[[[-103.362173,25.561008],[-103.362038,25.560798],[-103.361946,25.560847],[-103.362081,25.561057],[-103.362173,25.561008]]]}},{"type":"Feature","properties":{},"geometry":{"type":"Polygon","coordinates":[[[-103.362266,25.56096],[-103.36213,25.560749],[-103.362038,25.560798],[-103.362173,25.561008],[-103.362266,25.56096]]]}},{"type":"Feature","properties":{},"geometry":{"type":"Polygon","coordinates":[[[-103.362358,25.560911],[-103.362223,25.5607],[-103.36213,25.560749],[-103.362266,25.56096],[-103.362358,25.560911]]]}},{"type":"Feature","properties":{},"geometry":{"type":"Polygon","coordinates":[[[-103.36245,25.560862],[-103.362315,25.560651],[-103.362223,25.5607],[-103.362358,25.560911],[-103.36245,25.560862]]]}},{"type":"Feature","properties":{},"geometry":{"type":"Polygon","coordinates":[[[-103.362543,25.560813],[-103.362407,25.560602],[-103.362315,25.560651],[-103.36245,25.560862],[-103.362543,25.560813]]]}},{"type":"Feature","properties":{},"geometry":{"type":"Polygon","coordinates":[[[-103.362635,25.560764],[-103.3625,25.560554],[-103.362407,25.560602],[-103.362543,25.560813],[-103.362635,25.560764]]]}},{"type":"Feature","properties":{},"geometry":{"type":"Polygon","coordinates":[[[-103.362727,25.560715],[-103.362592,25.560505],[-103.3625,25.560554],[-103.362635,25.560764],[-103.362727,25.560715]]]}},{"type":"Feature","properties":{},"geometry":{"type":"Polygon","coordinates":[[[-103.36282,25.560666],[-103.362684,25.560456],[-103.362592,25.560505],[-103.362727,25.560715],[-103.36282,25.560666]]]}},{"type":"Feature","properties":{},"geometry":{"type":"Polygon","coordinates":[[[-103.363015,25.560563],[-103.36288,25.560352],[-103.362787,25.560401],[-103.362923,25.560612],[-103.363015,25.560563]]]}},{"type":"Feature","properties":{},"geometry":{"type":"Polygon","coordinates":[[[-103.363107,25.560514],[-103.362972,25.560304],[-103.36288,25.560352],[-103.363015,25.560563],[-103.363107,25.560514]]]}},{"type":"Feature","properties":{},"geometry":{"type":"Polygon","coordinates":[[[-103.3632,25.560465],[-103.363064,25.560255],[-103.362972,25.560304],[-103.363107,25.560514],[-103.3632,25.560465]]]}},{"type":"Feature","properties":{},"geometry":{"type":"Polygon","coordinates":[[[-103.363292,25.560416],[-103.363157,25.560206],[-103.363064,25.560255],[-103.3632,25.560465],[-103.363292,25.560416]]]}},{"type":"Feature","properties":{},"geometry":{"type":"Polygon","coordinates":[[[-103.363384,25.560368],[-103.363249,25.560157],[-103.363157,25.560206],[-103.363292,25.560416],[-103.363384,25.560368]]]}},{"type":"Feature","properties":{},"geometry":{"type":"Polygon","coordinates":[[[-103.363477,25.560319],[-103.363341,25.560108],[-103.363249,25.560157],[-103.363384,25.560368],[-103.363477,25.560319]]]}},{"type":"Feature","properties":{},"geometry":{"type":"Polygon","coordinates":[[[-103.363569,25.56027],[-103.363434,25.560059],[-103.363341,25.560108],[-103.363477,25.560319],[-103.363569,25.56027]]]}},{"type":"Feature","properties":{},"geometry":{"type":"Polygon","coordinates":[[[-103.363662,25.560221],[-103.363526,25.560011],[-103.363434,25.560059],[-103.363569,25.56027],[-103.363662,25.560221]]]}},{"type":"Feature","properties":{},"geometry":{"type":"Polygon","coordinates":[[[-103.363754,25.560172],[-103.363618,25.559962],[-103.363526,25.560011],[-103.363662,25.560221],[-103.363754,25.560172]]]}},{"type":"Feature","properties":{},"geometry":{"type":"Polygon","coordinates":[[[-103.363846,25.560123],[-103.363711,25.559913],[-103.363618,25.559962],[-103.363754,25.560172],[-103.363846,25.560123]]]}},{"type":"Feature","properties":{},"geometry":{"type":"Polygon","coordinates":[[[-103.363939,25.560075],[-103.363803,25.559864],[-103.363711,25.559913],[-103.363846,25.560123],[-103.363939,25.560075]]]}},{"type":"Feature","properties":{},"geometry":{"type":"Polygon","coordinates":[[[-103.364031,25.560026],[-103.363895,25.559815],[-103.363803,25.559864],[-103.363939,25.560075],[-103.364031,25.560026]]]}},{"type":"Feature","properties":{},"geometry":{"type":"Polygon","coordinates":[[[-103.364123,25.559977],[-103.363988,25.559766],[-103.363895,25.559815],[-103.364031,25.560026],[-103.364123,25.559977]]]}},{"type":"Feature","properties":{},"geometry":{"type":"Polygon","coordinates":[[[-103.364216,25.559928],[-103.36408,25.559717],[-103.363988,25.559766],[-103.364123,25.559977],[-103.364216,25.559928]]]}},{"type":"Feature","properties":{},"geometry":{"type":"Polygon","coordinates":[[[-103.364308,25.559879],[-103.364172,25.559669],[-103.36408,25.559717],[-103.364216,25.559928],[-103.364308,25.559879]]]}},{"type":"Feature","properties":{},"geometry":{"type":"Polygon","coordinates":[[[-103.3644,25.55983],[-103.364265,25.55962],[-103.364172,25.559669],[-103.364308,25.559879],[-103.3644,25.55983]]]}},{"type":"Feature","properties":{},"geometry":{"type":"Polygon","coordinates":[[[-103.364596,25.559727],[-103.36446,25.559516],[-103.364368,25.559565],[-103.364503,25.559776],[-103.364596,25.559727]]]}},{"type":"Feature","properties":{},"geometry":{"type":"Polygon","coordinates":[[[-103.364688,25.559678],[-103.364553,25.559467],[-103.36446,25.559516],[-103.364596,25.559727],[-103.364688,25.559678]]]}},{"type":"Feature","properties":{},"geometry":{"type":"Polygon","coordinates":[[[-103.36478,25.559629],[-103.364645,25.559419],[-103.364553,25.559467],[-103.364688,25.559678],[-103.36478,25.559629]]]}},{"type":"Feature","properties":{},"geometry":{"type":"Polygon","coordinates":[[[-103.364873,25.55958],[-103.364737,25.55937],[-103.364645,25.559419],[-103.36478,25.559629],[-103.364873,25.55958]]]}},{"type":"Feature","properties":{},"geometry":{"type":"Polygon","coordinates":[[[-103.364965,25.559531],[-103.36483,25.559321],[-103.364737,25.55937],[-103.364873,25.55958],[-103.364965,25.559531]]]}},{"type":"Feature","properties":{},"geometry":{"type":"Polygon","coordinates":[[[-103.365057,25.559483],[-103.364922,25.559272],[-103.36483,25.559321],[-103.364965,25.559531],[-103.365057,25.559483]]]}},{"type":"Feature","properties":{},"geometry":{"type":"Polygon","coordinates":[[[-103.36515,25.559434],[-103.365014,25.559223],[-103.364922,25.559272],[-103.365057,25.559483],[-103.36515,25.559434]]]}},{"type":"Feature","properties":{},"geometry":{"type":"Polygon","coordinates":[[[-103.365242,25.559385],[-103.365107,25.559174],[-103.365014,25.559223],[-103.36515,25.559434],[-103.365242,25.559385]]]}},{"type":"Feature","properties":{},"geometry":{"type":"Polygon","coordinates":[[[-103.365334,25.559336],[-103.365199,25.559126],[-103.365107,25.559174],[-103.365242,25.559385],[-103.365334,25.559336]]]}},{"type":"Feature","properties":{},"geometry":{"type":"Polygon","coordinates":[[[-103.365427,25.559287],[-103.365291,25.559077],[-103.365199,25.559126],[-103.365334,25.559336],[-103.365427,25.559287]]]}},{"type":"Feature","properties":{},"geometry":{"type":"Polygon","coordinates":[[[-103.365519,25.559238],[-103.365384,25.559028],[-103.365291,25.559077],[-103.365427,25.559287],[-103.365519,25.559238]]]}},{"type":"Feature","properties":{},"geometry":{"type":"Polygon","coordinates":[[[-103.365611,25.55919],[-103.365476,25.558979],[-103.365384,25.559028],[-103.365519,25.559238],[-103.365611,25.55919]]]}},{"type":"Feature","properties":{},"geometry":{"type":"Polygon","coordinates":[[[-103.365704,25.559141],[-103.365568,25.55893],[-103.365476,25.558979],[-103.365611,25.55919],[-103.365704,25.559141]]]}},{"type":"Feature","properties":{},"geometry":{"type":"Polygon","coordinates":[[[-103.365796,25.559092],[-103.365661,25.558881],[-103.365568,25.55893],[-103.365704,25.559141],[-103.365796,25.559092]]]}},{"type":"Feature","properties":{},"geometry":{"type":"Polygon","coordinates":[[[-103.365888,25.559043],[-103.365753,25.558832],[-103.365661,25.558881],[-103.365796,25.559092],[-103.365888,25.559043]]]}},{"type":"Feature","properties":{},"geometry":{"type":"Polygon","coordinates":[[[-103.365981,25.558994],[-103.365845,25.558784],[-103.365753,25.558832],[-103.365888,25.559043],[-103.365981,25.558994]]]}},{"type":"Feature","properties":{},"geometry":{"type":"Polygon","coordinates":[[[-103.366176,25.558891],[-103.366041,25.55868],[-103.365949,25.558729],[-103.366084,25.55894],[-103.366176,25.558891]]]}},{"type":"Feature","properties":{},"geometry":{"type":"Polygon","coordinates":[[[-103.366269,25.558842],[-103.366133,25.558631],[-103.366041,25.55868],[-103.366176,25.558891],[-103.366269,25.558842]]]}},{"type":"Feature","properties":{},"geometry":{"type":"Polygon","coordinates":[[[-103.366361,25.558793],[-103.366226,25.558582],[-103.366133,25.558631],[-103.366269,25.558842],[-103.366361,25.558793]]]}},{"type":"Feature","properties":{},"geometry":{"type":"Polygon","coordinates":[[[-103.366453,25.558744],[-103.366318,25.558534],[-103.366226,25.558582],[-103.366361,25.558793],[-103.366453,25.558744]]]}},{"type":"Feature","properties":{},"geometry":{"type":"Polygon","coordinates":[[[-103.366546,25.558695],[-103.36641,25.558485],[-103.366318,25.558534],[-103.366453,25.558744],[-103.366546,25.558695]]]}},{"type":"Feature","properties":{},"geometry":{"type":"Polygon","coordinates":[[[-103.358078,25.562767],[-103.357942,25.562557],[-103.35785,25.562605],[-103.357985,25.562816],[-103.358078,25.562767]]]}},{"type":"Feature","properties":{},"geometry":{"type":"Polygon","coordinates":[[[-103.35817,25.562718],[-103.358035,25.562508],[-103.357942,25.562557],[-103.358078,25.562767],[-103.35817,25.562718]]]}},{"type":"Feature","properties":{},"geometry":{"type":"Polygon","coordinates":[[[-103.358262,25.562669],[-103.358127,25.562459],[-103.358035,25.562508],[-103.35817,25.562718],[-103.358262,25.562669]]]}},{"type":"Feature","properties":{},"geometry":{"type":"Polygon","coordinates":[[[-103.358355,25.562621],[-103.358219,25.56241],[-103.358127,25.562459],[-103.358262,25.562669],[-103.358355,25.562621]]]}},{"type":"Feature","properties":{},"geometry":{"type":"Polygon","coordinates":[[[-103.358447,25.562572],[-103.358312,25.562361],[-103.358219,25.56241],[-103.358355,25.562621],[-103.358447,25.562572]]]}},{"type":"Feature","properties":{},"geometry":{"type":"Polygon","coordinates":[[[-103.358539,25.562523],[-103.358404,25.562312],[-103.358312,25.562361],[-103.358447,25.562572],[-103.358539,25.562523]]]}},{"type":"Feature","properties":{},"geometry":{"type":"Polygon","coordinates":[[[-103.358632,25.562474],[-103.358496,25.562264],[-103.358404,25.562312],[-103.358539,25.562523],[-103.358632,25.562474]]]}},{"type":"Feature","properties":{},"geometry":{"type":"Polygon","coordinates":[[[-103.358724,25.562425],[-103.358589,25.562215],[-103.358496,25.562264],[-103.358632,25.562474],[-103.358724,25.562425]]]}},{"type":"Feature","properties":{},"geometry":{"type":"Polygon","coordinates":[[[-103.358817,25.562376],[-103.358681,25.562166],[-103.358589,25.562215],[-103.358724,25.562425],[-103.358817,25.562376]]]}},{"type":"Feature","properties":{},"geometry":{"type":"Polygon","coordinates":[[[-103.358909,25.562328],[-103.358774,25.562117],[-103.358681,25.562166],[-103.358817,25.562376],[-103.358909,25.562328]]]}},{"type":"Feature","properties":{},"geometry":{"type":"Polygon","coordinates":[[[-103.359001,25.562279],[-103.358866,25.562068],[-103.358774,25.562117],[-103.358909,25.562328],[-103.359001,25.562279]]]}},{"type":"Feature","properties":{},"geometry":{"type":"Polygon","coordinates":[[[-103.359094,25.56223],[-103.358958,25.562019],[-103.358866,25.562068],[-103.359001,25.562279],[-103.359094,25.56223]]]}},{"type":"Feature","properties":{},"geometry":{"type":"Polygon","coordinates":[[[-103.359186,25.562181],[-103.359051,25.56197],[-103.358958,25.562019],[-103.359094,25.56223],[-103.359186,25.562181]]]}},{"type":"Feature","properties":{},"geometry":{"type":"Polygon","coordinates":[[[-103.359278,25.562132],[-103.359143,25.561922],[-103.359051,25.56197],[-103.359186,25.562181],[-103.359278,25.562132]]]}},{"type":"Feature","properties":{},"geometry":{"type":"Polygon","coordinates":[[[-103.359371,25.562083],[-103.359235,25.561873],[-103.359143,25.561922],[-103.359278,25.562132],[-103.359371,25.562083]]]}},{"type":"Feature","properties":{},"geometry":{"type":"Polygon","coordinates":[[[-103.359463,25.562035],[-103.359328,25.561824],[-103.359235,25.561873],[-103.359371,25.562083],[-103.359463,25.562035]]]}},{"type":"Feature","properties":{},"geometry":{"type":"Polygon","coordinates":[[[-103.359658,25.561931],[-103.359523,25.561721],[-103.359431,25.561769],[-103.359566,25.56198],[-103.359658,25.561931]]]}},{"type":"Feature","properties":{},"geometry":{"type":"Polygon","coordinates":[[[-103.359751,25.561882],[-103.359615,25.561672],[-103.359523,25.561721],[-103.359658,25.561931],[-103.359751,25.561882]]]}},{"type":"Feature","properties":{},"geometry":{"type":"Polygon","coordinates":[[[-103.359843,25.561833],[-103.359708,25.561623],[-103.359615,25.561672],[-103.359751,25.561882],[-103.359843,25.561833]]]}},{"type":"Feature","properties":{},"geometry":{"type":"Polygon","coordinates":[[[-103.359935,25.561785],[-103.3598,25.561574],[-103.359708,25.561623],[-103.359843,25.561833],[-103.359935,25.561785]]]}},{"type":"Feature","properties":{},"geometry":{"type":"Polygon","coordinates":[[[-103.360028,25.561736],[-103.359892,25.561525],[-103.3598,25.561574],[-103.359935,25.561785],[-103.360028,25.561736]]]}},{"type":"Feature","properties":{},"geometry":{"type":"Polygon","coordinates":[[[-103.36012,25.561687],[-103.359985,25.561476],[-103.359892,25.561525],[-103.360028,25.561736],[-103.36012,25.561687]]]}},{"type":"Feature","properties":{},"geometry":{"type":"Polygon","coordinates":[[[-103.360212,25.561638],[-103.360077,25.561427],[-103.359985,25.561476],[-103.36012,25.561687],[-103.360212,25.561638]]]}},{"type":"Feature","properties":{},"geometry":{"type":"Polygon","coordinates":[[[-103.360305,25.561589],[-103.360169,25.561379],[-103.360077,25.561427],[-103.360212,25.561638],[-103.360305,25.561589]]]}},{"type":"Feature","properties":{},"geometry":{"type":"Polygon","coordinates":[[[-103.360397,25.56154],[-103.360262,25.56133],[-103.360169,25.561379],[-103.360305,25.561589],[-103.360397,25.56154]]]}},{"type":"Feature","properties":{},"geometry":{"type":"Polygon","coordinates":[[[-103.360489,25.561491],[-103.360354,25.561281],[-103.360262,25.56133],[-103.360397,25.56154],[-103.360489,25.561491]]]}},{"type":"Feature","properties":{},"geometry":{"type":"Polygon","coordinates":[[[-103.360582,25.561443],[-103.360446,25.561232],[-103.360354,25.561281],[-103.360489,25.561491],[-103.360582,25.561443]]]}},{"type":"Feature","properties":{},"geometry":{"type":"Polygon","coordinates":[[[-103.360674,25.561394],[-103.360539,25.561183],[-103.360446,25.561232],[-103.360582,25.561443],[-103.360674,25.561394]]]}},{"type":"Feature","properties":{},"geometry":{"type":"Polygon","coordinates":[[[-103.360766,25.561345],[-103.360631,25.561134],[-103.360539,25.561183],[-103.360674,25.561394],[-103.360766,25.561345]]]}},{"type":"Feature","properties":{},"geometry":{"type":"Polygon","coordinates":[[[-103.360859,25.561296],[-103.360723,25.561086],[-103.360631,25.561134],[-103.360766,25.561345],[-103.360859,25.561296]]]}},{"type":"Feature","properties":{},"geometry":{"type":"Polygon","coordinates":[[[-103.360951,25.561247],[-103.360816,25.561037],[-103.360723,25.561086],[-103.360859,25.561296],[-103.360951,25.561247]]]}},{"type":"Feature","properties":{},"geometry":{"type":"Polygon","coordinates":[[[-103.361044,25.561198],[-103.360908,25.560988],[-103.360816,25.561037],[-103.360951,25.561247],[-103.361044,25.561198]]]}},{"type":"Feature","properties":{},"geometry":{"type":"Polygon","coordinates":[[[-103.361239,25.561095],[-103.361104,25.560884],[-103.361011,25.560933],[-103.361147,25.561144],[-103.361239,25.561095]]]}},{"type":"Feature","properties":{},"geometry":{"type":"Polygon","coordinates":[[[-103.361331,25.561046],[-103.361196,25.560836],[-103.361104,25.560884],[-103.361239,25.561095],[-103.361331,25.561046]]]}},{"type":"Feature","properties":{},"geometry":{"type":"Polygon","coordinates":[[[-103.361424,25.560997],[-103.361288,25.560787],[-103.361196,25.560836],[-103.361331,25.561046],[-103.361424,25.560997]]]}},{"type":"Feature","properties":{},"geometry":{"type":"Polygon","coordinates":[[[-103.361516,25.560948],[-103.361381,25.560738],[-103.361288,25.560787],[-103.361424,25.560997],[-103.361516,25.560948]]]}},{"type":"Feature","properties":{},"geometry":{"type":"Polygon","coordinates":[[[-103.361608,25.5609],[-103.361473,25.560689],[-103.361381,25.560738],[-103.361516,25.560948],[-103.361608,25.5609]]]}},{"type":"Feature","properties":{},"geometry":{"type":"Polygon","coordinates":[[[-103.361701,25.560851],[-103.361565,25.56064],[-103.361473,25.560689],[-103.361608,25.5609],[-103.361701,25.560851]]]}},{"type":"Feature","properties":{},"geometry":{"type":"Polygon","coordinates":[[[-103.361793,25.560802],[-103.361658,25.560591],[-103.361565,25.56064],[-103.361701,25.560851],[-103.361793,25.560802]]]}},{"type":"Feature","properties":{},"geometry":{"type":"Polygon","coordinates":[[[-103.361885,25.560753],[-103.36175,25.560543],[-103.361658,25.560591],[-103.361793,25.560802],[-103.361885,25.560753]]]}},{"type":"Feature","properties":{},"geometry":{"type":"Polygon","coordinates":[[[-103.361978,25.560704],[-103.361842,25.560494],[-103.36175,25.560543],[-103.361885,25.560753],[-103.361978,25.560704]]]}},{"type":"Feature","properties":{},"geometry":{"type":"Polygon","coordinates":[[[-103.36207,25.560655],[-103.361935,25.560445],[-103.361842,25.560494],[-103.361978,25.560704],[-103.36207,25.560655]]]}},{"type":"Feature","properties":{},"geometry":{"type":"Polygon","coordinates":[[[-103.362162,25.560607],[-103.362027,25.560396],[-103.361935,25.560445],[-103.36207,25.560655],[-103.362162,25.560607]]]}},{"type":"Feature","properties":{},"geometry":{"type":"Polygon","coordinates":[[[-103.362255,25.560558],[-103.362119,25.560347],[-103.362027,25.560396],[-103.362162,25.560607],[-103.362255,25.560558]]]}},{"type":"Feature","properties":{},"geometry":{"type":"Polygon","coordinates":[[[-103.362347,25.560509],[-103.362212,25.560298],[-103.362119,25.560347],[-103.362255,25.560558],[-103.362347,25.560509]]]}},{"type":"Feature","properties":{},"geometry":{"type":"Polygon","coordinates":[[[-103.362439,25.56046],[-103.362304,25.560249],[-103.362212,25.560298],[-103.362347,25.560509],[-103.362439,25.56046]]]}},{"type":"Feature","properties":{},"geometry":{"type":"Polygon","coordinates":[[[-103.362532,25.560411],[-103.362396,25.560201],[-103.362304,25.560249],[-103.362439,25.56046],[-103.362532,25.560411]]]}},{"type":"Feature","properties":{},"geometry":{"type":"Polygon","coordinates":[[[-103.362624,25.560362],[-103.362489,25.560152],[-103.362396,25.560201],[-103.362532,25.560411],[-103.362624,25.560362]]]}},{"type":"Feature","properties":{},"geometry":{"type":"Polygon","coordinates":[[[-103.36282,25.560259],[-103.362684,25.560048],[-103.362592,25.560097],[-103.362727,25.560308],[-103.36282,25.560259]]]}},{"type":"Feature","properties":{},"geometry":{"type":"Polygon","coordinates":[[[-103.362912,25.56021],[-103.362777,25.559999],[-103.362684,25.560048],[-103.36282,25.560259],[-103.362912,25.56021]]]}},{"type":"Feature","properties":{},"geometry":{"type":"Polygon","coordinates":[[[-103.363004,25.560161],[-103.362869,25.559951],[-103.362777,25.559999],[-103.362912,25.56021],[-103.363004,25.560161]]]}},{"type":"Feature","properties":{},"geometry":{"type":"Polygon","coordinates":[[[-103.363097,25.560112],[-103.362961,25.559902],[-103.362869,25.559951],[-103.363004,25.560161],[-103.363097,25.560112]]]}},{"type":"Feature","properties":{},"geometry":{"type":"Polygon","coordinates":[[[-103.363189,25.560063],[-103.363054,25.559853],[-103.362961,25.559902],[-103.363097,25.560112],[-103.363189,25.560063]]]}},{"type":"Feature","properties":{},"geometry":{"type":"Polygon","coordinates":[[[-103.363281,25.560015],[-103.363146,25.559804],[-103.363054,25.559853],[-103.363189,25.560063],[-103.363281,25.560015]]]}},{"type":"Feature","properties":{},"geometry":{"type":"Polygon","coordinates":[[[-103.363374,25.559966],[-103.363238,25.559755],[-103.363146,25.559804],[-103.363281,25.560015],[-103.363374,25.559966]]]}},{"type":"Feature","properties":{},"geometry":{"type":"Polygon","coordinates":[[[-103.363466,25.559917],[-103.363331,25.559706],[-103.363238,25.559755],[-103.363374,25.559966],[-103.363466,25.559917]]]}},{"type":"Feature","properties":{},"geometry":{"type":"Polygon","coordinates":[[[-103.363558,25.559868],[-103.363423,25.559658],[-103.363331,25.559706],[-103.363466,25.559917],[-103.363558,25.559868]]]}},{"type":"Feature","properties":{},"geometry":{"type":"Polygon","coordinates":[[[-103.363651,25.559819],[-103.363515,25.559609],[-103.363423,25.559658],[-103.363558,25.559868],[-103.363651,25.559819]]]}},{"type":"Feature","properties":{},"geometry":{"type":"Polygon","coordinates":[[[-103.363743,25.55977],[-103.363608,25.55956],[-103.363515,25.559609],[-103.363651,25.559819],[-103.363743,25.55977]]]}},{"type":"Feature","properties":{},"geometry":{"type":"Polygon","coordinates":[[[-103.363835,25.559722],[-103.3637,25.559511],[-103.363608,25.55956],[-103.363743,25.55977],[-103.363835,25.559722]]]}},{"type":"Feature","properties":{},"geometry":{"type":"Polygon","coordinates":[[[-103.363928,25.559673],[-103.363792,25.559462],[-103.3637,25.559511],[-103.363835,25.559722],[-103.363928,25.559673]]]}},{"type":"Feature","properties":{},"geometry":{"type":"Polygon","coordinates":[[[-103.36402,25.559624],[-103.363885,25.559413],[-103.363792,25.559462],[-103.363928,25.559673],[-103.36402,25.559624]]]}},{"type":"Feature","properties":{},"geometry":{"type":"Polygon","coordinates":[[[-103.364112,25.559575],[-103.363977,25.559364],[-103.363885,25.559413],[-103.36402,25.559624],[-103.364112,25.559575]]]}},{"type":"Feature","properties":{},"geometry":{"type":"Polygon","coordinates":[[[-103.364205,25.559526],[-103.364069,25.559316],[-103.363977,25.559364],[-103.364112,25.559575],[-103.364205,25.559526]]]}},{"type":"Feature","properties":{},"geometry":{"type":"Polygon","coordinates":[[[-103.3644,25.559423],[-103.364265,25.559212],[-103.364172,25.559261],[-103.364308,25.559472],[-103.3644,25.559423]]]}},{"type":"Feature","properties":{},"geometry":{"type":"Polygon","coordinates":[[[-103.364493,25.559374],[-103.364357,25.559163],[-103.364265,25.559212],[-103.3644,25.559423],[-103.364493,25.559374]]]}},{"type":"Feature","properties":{},"geometry":{"type":"Polygon","coordinates":[[[-103.364585,25.559325],[-103.364449,25.559114],[-103.364357,25.559163],[-103.364493,25.559374],[-103.364585,25.559325]]]}},{"type":"Feature","properties":{},"geometry":{"type":"Polygon","coordinates":[[[-103.364677,25.559276],[-103.364542,25.559066],[-103.364449,25.559114],[-103.364585,25.559325],[-103.364677,25.559276]]]}},{"type":"Feature","properties":{},"geometry":{"type":"Polygon","coordinates":[[[-103.36477,25.559227],[-103.364634,25.559017],[-103.364542,25.559066],[-103.364677,25.559276],[-103.36477,25.559227]]]}},{"type":"Feature","properties":{},"geometry":{"type":"Polygon","coordinates":[[[-103.364862,25.559179],[-103.364726,25.558968],[-103.364634,25.559017],[-103.36477,25.559227],[-103.364862,25.559179]]]}},{"type":"Feature","properties":{},"geometry":{"type":"Polygon","coordinates":[[[-103.364954,25.55913],[-103.364819,25.558919],[-103.364726,25.558968],[-103.364862,25.559179],[-103.364954,25.55913]]]}},{"type":"Feature","properties":{},"geometry":{"type":"Polygon","coordinates":[[[-103.365047,25.559081],[-103.364911,25.55887],[-103.364819,25.558919],[-103.364954,25.55913],[-103.365047,25.559081]]]}},{"type":"Feature","properties":{},"geometry":{"type":"Polygon","coordinates":[[[-103.365139,25.559032],[-103.365003,25.558821],[-103.364911,25.55887],[-103.365047,25.559081],[-103.365139,25.559032]]]}},{"type":"Feature","properties":{},"geometry":{"type":"Polygon","coordinates":[[[-103.365231,25.558983],[-103.365096,25.558773],[-103.365003,25.558821],[-103.365139,25.559032],[-103.365231,25.558983]]]}},{"type":"Feature","properties":{},"geometry":{"type":"Polygon","coordinates":[[[-103.365324,25.558934],[-103.365188,25.558724],[-103.365096,25.558773],[-103.365231,25.558983],[-103.365324,25.558934]]]}},{"type":"Feature","properties":{},"geometry":{"type":"Polygon","coordinates":[[[-103.365416,25.558885],[-103.36528,25.558675],[-103.365188,25.558724],[-103.365324,25.558934],[-103.365416,25.558885]]]}},{"type":"Feature","properties":{},"geometry":{"type":"Polygon","coordinates":[[[-103.365508,25.558837],[-103.365373,25.558626],[-103.36528,25.558675],[-103.365416,25.558885],[-103.365508,25.558837]]]}},{"type":"Feature","properties":{},"geometry":{"type":"Polygon","coordinates":[[[-103.365601,25.558788],[-103.365465,25.558577],[-103.365373,25.558626],[-103.365508,25.558837],[-103.365601,25.558788]]]}},{"type":"Feature","properties":{},"geometry":{"type":"Polygon","coordinates":[[[-103.365693,25.558739],[-103.365557,25.558528],[-103.365465,25.558577],[-103.365601,25.558788],[-103.365693,25.558739]]]}},{"type":"Feature","properties":{},"geometry":{"type":"Polygon","coordinates":[[[-103.365785,25.55869],[-103.36565,25.558479],[-103.365557,25.558528],[-103.365693,25.558739],[-103.365785,25.55869]]]}},{"type":"Feature","properties":{},"geometry":{"type":"Polygon","coordinates":[[[-103.358035,25.562508],[-103.357899,25.562297],[-103.357807,25.562346],[-103.357942,25.562557],[-103.358035,25.562508]]]}},{"type":"Feature","properties":{},"geometry":{"type":"Polygon","coordinates":[[[-103.358127,25.562459],[-103.357992,25.562248],[-103.357899,25.562297],[-103.358035,25.562508],[-103.358127,25.562459]]]}},{"type":"Feature","properties":{},"geometry":{"type":"Polygon","coordinates":[[[-103.358219,25.56241],[-103.358084,25.5622],[-103.357992,25.562248],[-103.358127,25.562459],[-103.358219,25.56241]]]}},{"type":"Feature","properties":{},"geometry":{"type":"Polygon","coordinates":[[[-103.358312,25.562361],[-103.358176,25.562151],[-103.358084,25.5622],[-103.358219,25.56241],[-103.358312,25.562361]]]}},{"type":"Feature","properties":{},"geometry":{"type":"Polygon","coordinates":[[[-103.358404,25.562312],[-103.358269,25.562102],[-103.358176,25.562151],[-103.358312,25.562361],[-103.358404,25.562312]]]}},{"type":"Feature","properties":{},"geometry":{"type":"Polygon","coordinates":[[[-103.358496,25.562264],[-103.358361,25.562053],[-103.358269,25.562102],[-103.358404,25.562312],[-103.358496,25.562264]]]}},{"type":"Feature","properties":{},"geometry":{"type":"Polygon","coordinates":[[[-103.358589,25.562215],[-103.358453,25.562004],[-103.358361,25.562053],[-103.358496,25.562264],[-103.358589,25.562215]]]}},{"type":"Feature","properties":{},"geometry":{"type":"Polygon","coordinates":[[[-103.358681,25.562166],[-103.358546,25.561955],[-103.358453,25.562004],[-103.358589,25.562215],[-103.358681,25.562166]]]}},{"type":"Feature","properties":{},"geometry":{"type":"Polygon","coordinates":[[[-103.358774,25.562117],[-103.358638,25.561906],[-103.358546,25.561955],[-103.358681,25.562166],[-103.358774,25.562117]]]}},{"type":"Feature","properties":{},"geometry":{"type":"Polygon","coordinates":[[[-103.358866,25.562068],[-103.35873,25.561858],[-103.358638,25.561906],[-103.358774,25.562117],[-103.358866,25.562068]]]}},{"type":"Feature","properties":{},"geometry":{"type":"Polygon","coordinates":[[[-103.358958,25.562019],[-103.358823,25.561809],[-103.35873,25.561858],[-103.358866,25.562068],[-103.358958,25.562019]]]}},{"type":"Feature","properties":{},"geometry":{"type":"Polygon","coordinates":[[[-103.359051,25.56197],[-103.358915,25.56176],[-103.358823,25.561809],[-103.358958,25.562019],[-103.359051,25.56197]]]}},{"type":"Feature","properties":{},"geometry":{"type":"Polygon","coordinates":[[[-103.359143,25.561922],[-103.359007,25.561711],[-103.358915,25.56176],[-103.359051,25.56197],[-103.359143,25.561922]]]}},{"type":"Feature","properties":{},"geometry":{"type":"Polygon","coordinates":[[[-103.359235,25.561873],[-103.3591,25.561662],[-103.359007,25.561711],[-103.359143,25.561922],[-103.359235,25.561873]]]}},{"type":"Feature","properties":{},"geometry":{"type":"Polygon","coordinates":[[[-103.359328,25.561824],[-103.359192,25.561613],[-103.3591,25.561662],[-103.359235,25.561873],[-103.359328,25.561824]]]}},{"type":"Feature","properties":{},"geometry":{"type":"Polygon","coordinates":[[[-103.359523,25.561721],[-103.359388,25.56151],[-103.359295,25.561559],[-103.359431,25.561769],[-103.359523,25.561721]]]}},{"type":"Feature","properties":{},"geometry":{"type":"Polygon","coordinates":[[[-103.359615,25.561672],[-103.35948,25.561461],[-103.359388,25.56151],[-103.359523,25.561721],[-103.359615,25.561672]]]}},{"type":"Feature","properties":{},"geometry":{"type":"Polygon","coordinates":[[[-103.359708,25.561623],[-103.359572,25.561412],[-103.35948,25.561461],[-103.359615,25.561672],[-103.359708,25.561623]]]}},{"type":"Feature","properties":{},"geometry":{"type":"Polygon","coordinates":[[[-103.3598,25.561574],[-103.359665,25.561363],[-103.359572,25.561412],[-103.359708,25.561623],[-103.3598,25.561574]]]}},{"type":"Feature","properties":{},"geometry":{"type":"Polygon","coordinates":[[[-103.359892,25.561525],[-103.359757,25.561315],[-103.359665,25.561363],[-103.3598,25.561574],[-103.359892,25.561525]]]}},{"type":"Feature","properties":{},"geometry":{"type":"Polygon","coordinates":[[[-103.359985,25.561476],[-103.359849,25.561266],[-103.359757,25.561315],[-103.359892,25.561525],[-103.359985,25.561476]]]}},{"type":"Feature","properties":{},"geometry":{"type":"Polygon","coordinates":[[[-103.360077,25.561427],[-103.359942,25.561217],[-103.359849,25.561266],[-103.359985,25.561476],[-103.360077,25.561427]]]}},{"type":"Feature","properties":{},"geometry":{"type":"Polygon","coordinates":[[[-103.360169,25.561379],[-103.360034,25.561168],[-103.359942,25.561217],[-103.360077,25.561427],[-103.360169,25.561379]]]}},{"type":"Feature","properties":{},"geometry":{"type":"Polygon","coordinates":[[[-103.360262,25.56133],[-103.360126,25.561119],[-103.360034,25.561168],[-103.360169,25.561379],[-103.360262,25.56133]]]}},{"type":"Feature","properties":{},"geometry":{"type":"Polygon","coordinates":[[[-103.360354,25.561281],[-103.360219,25.56107],[-103.360126,25.561119],[-103.360262,25.56133],[-103.360354,25.561281]]]}},{"type":"Feature","properties":{},"geometry":{"type":"Polygon","coordinates":[[[-103.360446,25.561232],[-103.360311,25.561022],[-103.360219,25.56107],[-103.360354,25.561281],[-103.360446,25.561232]]]}},{"type":"Feature","properties":{},"geometry":{"type":"Polygon","coordinates":[[[-103.360539,25.561183],[-103.360403,25.560973],[-103.360311,25.561022],[-103.360446,25.561232],[-103.360539,25.561183]]]}},{"type":"Feature","properties":{},"geometry":{"type":"Polygon","coordinates":[[[-103.360631,25.561134],[-103.360496,25.560924],[-103.360403,25.560973],[-103.360539,25.561183],[-103.360631,25.561134]]]}},{"type":"Feature","properties":{},"geometry":{"type":"Polygon","coordinates":[[[-103.360723,25.561086],[-103.360588,25.560875],[-103.360496,25.560924],[-103.360631,25.561134],[-103.360723,25.561086]]]}},{"type":"Feature","properties":{},"geometry":{"type":"Polygon","coordinates":[[[-103.360816,25.561037],[-103.36068,25.560826],[-103.360588,25.560875],[-103.360723,25.561086],[-103.360816,25.561037]]]}},{"type":"Feature","properties":{},"geometry":{"type":"Polygon","coordinates":[[[-103.360908,25.560988],[-103.360773,25.560777],[-103.36068,25.560826],[-103.360816,25.561037],[-103.360908,25.560988]]]}},{"type":"Feature","properties":{},"geometry":{"type":"Polygon","coordinates":[[[-103.361104,25.560884],[-103.360968,25.560674],[-103.360876,25.560723],[-103.361011,25.560933],[-103.361104,25.560884]]]}},{"type":"Feature","properties":{},"geometry":{"type":"Polygon","coordinates":[[[-103.361196,25.560836],[-103.361061,25.560625],[-103.360968,25.560674],[-103.361104,25.560884],[-103.361196,25.560836]]]}},{"type":"Feature","properties":{},"geometry":{"type":"Polygon","coordinates":[[[-103.361288,25.560787],[-103.361153,25.560576],[-103.361061,25.560625],[-103.361196,25.560836],[-103.361288,25.560787]]]}},{"type":"Feature","properties":{},"geometry":{"type":"Polygon","coordinates":[[[-103.361381,25.560738],[-103.361245,25.560527],[-103.361153,25.560576],[-103.361288,25.560787],[-103.361381,25.560738]]]}},{"type":"Feature","properties":{},"geometry":{"type":"Polygon","coordinates":[[[-103.361473,25.560689],[-103.361338,25.560479],[-103.361245,25.560527],[-103.361381,25.560738],[-103.361473,25.560689]]]}},{"type":"Feature","properties":{},"geometry":{"type":"Polygon","coordinates":[[[-103.361565,25.56064],[-103.36143,25.56043],[-103.361338,25.560479],[-103.361473,25.560689],[-103.361565,25.56064]]]}},{"type":"Feature","properties":{},"geometry":{"type":"Polygon","coordinates":[[[-103.361658,25.560591],[-103.361522,25.560381],[-103.36143,25.56043],[-103.361565,25.56064],[-103.361658,25.560591]]]}},{"type":"Feature","properties":{},"geometry":{"type":"Polygon","coordinates":[[[-103.36175,25.560543],[-103.361615,25.560332],[-103.361522,25.560381],[-103.361658,25.560591],[-103.36175,25.560543]]]}},{"type":"Feature","properties":{},"geometry":{"type":"Polygon","coordinates":[[[-103.361842,25.560494],[-103.361707,25.560283],[-103.361615,25.560332],[-103.36175,25.560543],[-103.361842,25.560494]]]}},{"type":"Feature","properties":{},"geometry":{"type":"Polygon","coordinates":[[[-103.361935,25.560445],[-103.361799,25.560234],[-103.361707,25.560283],[-103.361842,25.560494],[-103.361935,25.560445]]]}},{"type":"Feature","properties":{},"geometry":{"type":"Polygon","coordinates":[[[-103.362027,25.560396],[-103.361892,25.560185],[-103.361799,25.560234],[-103.361935,25.560445],[-103.362027,25.560396]]]}},{"type":"Feature","properties":{},"geometry":{"type":"Polygon","coordinates":[[[-103.362119,25.560347],[-103.361984,25.560137],[-103.361892,25.560185],[-103.362027,25.560396],[-103.362119,25.560347]]]}},{"type":"Feature","properties":{},"geometry":{"type":"Polygon","coordinates":[[[-103.362212,25.560298],[-103.362076,25.560088],[-103.361984,25.560137],[-103.362119,25.560347],[-103.362212,25.560298]]]}},{"type":"Feature","properties":{},"geometry":{"type":"Polygon","coordinates":[[[-103.362304,25.560249],[-103.362169,25.560039],[-103.362076,25.560088],[-103.362212,25.560298],[-103.362304,25.560249]]]}},{"type":"Feature","properties":{},"geometry":{"type":"Polygon","coordinates":[[[-103.362396,25.560201],[-103.362261,25.55999],[-103.362169,25.560039],[-103.362304,25.560249],[-103.362396,25.560201]]]}},{"type":"Feature","properties":{},"geometry":{"type":"Polygon","coordinates":[[[-103.362489,25.560152],[-103.362353,25.559941],[-103.362261,25.55999],[-103.362396,25.560201],[-103.362489,25.560152]]]}},{"type":"Feature","properties":{},"geometry":{"type":"Polygon","coordinates":[[[-103.362684,25.560048],[-103.362549,25.559838],[-103.362457,25.559887],[-103.362592,25.560097],[-103.362684,25.560048]]]}},{"type":"Feature","properties":{},"geometry":{"type":"Polygon","coordinates":[[[-103.362777,25.559999],[-103.362641,25.559789],[-103.362549,25.559838],[-103.362684,25.560048],[-103.362777,25.559999]]]}},{"type":"Feature","properties":{},"geometry":{"type":"Polygon","coordinates":[[[-103.362869,25.559951],[-103.362734,25.55974],[-103.362641,25.559789],[-103.362777,25.559999],[-103.362869,25.559951]]]}},{"type":"Feature","properties":{},"geometry":{"type":"Polygon","coordinates":[[[-103.362961,25.559902],[-103.362826,25.559691],[-103.362734,25.55974],[-103.362869,25.559951],[-103.362961,25.559902]]]}},{"type":"Feature","properties":{},"geometry":{"type":"Polygon","coordinates":[[[-103.363054,25.559853],[-103.362918,25.559642],[-103.362826,25.559691],[-103.362961,25.559902],[-103.363054,25.559853]]]}},{"type":"Feature","properties":{},"geometry":{"type":"Polygon","coordinates":[[[-103.363146,25.559804],[-103.363011,25.559594],[-103.362918,25.559642],[-103.363054,25.559853],[-103.363146,25.559804]]]}},{"type":"Feature","properties":{},"geometry":{"type":"Polygon","coordinates":[[[-103.363238,25.559755],[-103.363103,25.559545],[-103.363011,25.559594],[-103.363146,25.559804],[-103.363238,25.559755]]]}},{"type":"Feature","properties":{},"geometry":{"type":"Polygon","coordinates":[[[-103.363331,25.559706],[-103.363195,25.559496],[-103.363103,25.559545],[-103.363238,25.559755],[-103.363331,25.559706]]]}},{"type":"Feature","properties":{},"geometry":{"type":"Polygon","coordinates":[[[-103.363423,25.559658],[-103.363288,25.559447],[-103.363195,25.559496],[-103.363331,25.559706],[-103.363423,25.559658]]]}},{"type":"Feature","properties":{},"geometry":{"type":"Polygon","coordinates":[[[-103.363515,25.559609],[-103.36338,25.559398],[-103.363288,25.559447],[-103.363423,25.559658],[-103.363515,25.559609]]]}},{"type":"Feature","properties":{},"geometry":{"type":"Polygon","coordinates":[[[-103.363608,25.55956],[-103.363472,25.559349],[-103.36338,25.559398],[-103.363515,25.559609],[-103.363608,25.55956]]]}},{"type":"Feature","properties":{},"geometry":{"type":"Polygon","coordinates":[[[-103.3637,25.559511],[-103.363565,25.5593],[-103.363472,25.559349],[-103.363608,25.55956],[-103.3637,25.559511]]]}},{"type":"Feature","properties":{},"geometry":{"type":"Polygon","coordinates":[[[-103.363792,25.559462],[-103.363657,25.559252],[-103.363565,25.5593],[-103.3637,25.559511],[-103.363792,25.559462]]]}},{"type":"Feature","properties":{},"geometry":{"type":"Polygon","coordinates":[[[-103.363885,25.559413],[-103.363749,25.559203],[-103.363657,25.559252],[-103.363792,25.559462],[-103.363885,25.559413]]]}},{"type":"Feature","properties":{},"geometry":{"type":"Polygon","coordinates":[[[-103.363977,25.559364],[-103.363842,25.559154],[-103.363749,25.559203],[-103.363885,25.559413],[-103.363977,25.559364]]]}},{"type":"Feature","properties":{},"geometry":{"type":"Polygon","coordinates":[[[-103.364069,25.559316],[-103.363934,25.559105],[-103.363842,25.559154],[-103.363977,25.559364],[-103.364069,25.559316]]]}},{"type":"Feature","properties":{},"geometry":{"type":"Polygon","coordinates":[[[-103.364265,25.559212],[-103.364129,25.559002],[-103.364037,25.55905],[-103.364172,25.559261],[-103.364265,25.559212]]]}},{"type":"Feature","properties":{},"geometry":{"type":"Polygon","coordinates":[[[-103.364357,25.559163],[-103.364222,25.558953],[-103.364129,25.559002],[-103.364265,25.559212],[-103.364357,25.559163]]]}},{"type":"Feature","properties":{},"geometry":{"type":"Polygon","coordinates":[[[-103.364449,25.559114],[-103.364314,25.558904],[-103.364222,25.558953],[-103.364357,25.559163],[-103.364449,25.559114]]]}},{"type":"Feature","properties":{},"geometry":{"type":"Polygon","coordinates":[[[-103.364542,25.559066],[-103.364406,25.558855],[-103.364314,25.558904],[-103.364449,25.559114],[-103.364542,25.559066]]]}},{"type":"Feature","properties":{},"geometry":{"type":"Polygon","coordinates":[[[-103.364634,25.559017],[-103.364499,25.558806],[-103.364406,25.558855],[-103.364542,25.559066],[-103.364634,25.559017]]]}},{"type":"Feature","properties":{},"geometry":{"type":"Polygon","coordinates":[[[-103.364726,25.558968],[-103.364591,25.558757],[-103.364499,25.558806],[-103.364634,25.559017],[-103.364726,25.558968]]]}},{"type":"Feature","properties":{},"geometry":{"type":"Polygon","coordinates":[[[-103.364819,25.558919],[-103.364683,25.558709],[-103.364591,25.558757],[-103.364726,25.558968],[-103.364819,25.558919]]]}},{"type":"Feature","properties":{},"geometry":{"type":"Polygon","coordinates":[[[-103.364911,25.55887],[-103.364776,25.55866],[-103.364683,25.558709],[-103.364819,25.558919],[-103.364911,25.55887]]]}},{"type":"Feature","properties":{},"geometry":{"type":"Polygon","coordinates":[[[-103.365003,25.558821],[-103.364868,25.558611],[-103.364776,25.55866],[-103.364911,25.55887],[-103.365003,25.558821]]]}},{"type":"Feature","properties":{},"geometry":{"type":"Polygon","coordinates":[[[-103.365096,25.558773],[-103.36496,25.558562],[-103.364868,25.558611],[-103.365003,25.558821],[-103.365096,25.558773]]]}},{"type":"Feature","properties":{},"geometry":{"type":"Polygon","coordinates":[[[-103.365188,25.558724],[-103.365053,25.558513],[-103.36496,25.558562],[-103.365096,25.558773],[-103.365188,25.558724]]]}},{"type":"Feature","properties":{},"geometry":{"type":"Polygon","coordinates":[[[-103.36528,25.558675],[-103.365145,25.558464],[-103.365053,25.558513],[-103.365188,25.558724],[-103.36528,25.558675]]]}},{"type":"Feature","properties":{},"geometry":{"type":"Polygon","coordinates":[[[-103.358024,25.562106],[-103.357889,25.561895],[-103.357796,25.561944],[-103.357932,25.562155],[-103.358024,25.562106]]]}},{"type":"Feature","properties":{},"geometry":{"type":"Polygon","coordinates":[[[-103.358116,25.562057],[-103.357981,25.561847],[-103.357889,25.561895],[-103.358024,25.562106],[-103.358116,25.562057]]]}},{"type":"Feature","properties":{},"geometry":{"type":"Polygon","coordinates":[[[-103.358209,25.562008],[-103.358073,25.561798],[-103.357981,25.561847],[-103.358116,25.562057],[-103.358209,25.562008]]]}},{"type":"Feature","properties":{},"geometry":{"type":"Polygon","coordinates":[[[-103.358301,25.561959],[-103.358166,25.561749],[-103.358073,25.561798],[-103.358209,25.562008],[-103.358301,25.561959]]]}},{"type":"Feature","properties":{},"geometry":{"type":"Polygon","coordinates":[[[-103.358393,25.561911],[-103.358258,25.5617],[-103.358166,25.561749],[-103.358301,25.561959],[-103.358393,25.561911]]]}},{"type":"Feature","properties":{},"geometry":{"type":"Polygon","coordinates":[[[-103.358486,25.561862],[-103.35835,25.561651],[-103.358258,25.5617],[-103.358393,25.561911],[-103.358486,25.561862]]]}},{"type":"Feature","properties":{},"geometry":{"type":"Polygon","coordinates":[[[-103.358578,25.561813],[-103.358443,25.561602],[-103.35835,25.561651],[-103.358486,25.561862],[-103.358578,25.561813]]]}},{"type":"Feature","properties":{},"geometry":{"type":"Polygon","coordinates":[[[-103.35867,25.561764],[-103.358535,25.561553],[-103.358443,25.561602],[-103.358578,25.561813],[-103.35867,25.561764]]]}},{"type":"Feature","properties":{},"geometry":{"type":"Polygon","coordinates":[[[-103.358763,25.561715],[-103.358627,25.561505],[-103.358535,25.561553],[-103.35867,25.561764],[-103.358763,25.561715]]]}},{"type":"Feature","properties":{},"geometry":{"type":"Polygon","coordinates":[[[-103.358855,25.561666],[-103.35872,25.561456],[-103.358627,25.561505],[-103.358763,25.561715],[-103.358855,25.561666]]]}},{"type":"Feature","properties":{},"geometry":{"type":"Polygon","coordinates":[[[-103.358947,25.561618],[-103.358812,25.561407],[-103.35872,25.561456],[-103.358855,25.561666],[-103.358947,25.561618]]]}},{"type":"Feature","properties":{},"geometry":{"type":"Polygon","coordinates":[[[-103.35904,25.561569],[-103.358904,25.561358],[-103.358812,25.561407],[-103.358947,25.561618],[-103.35904,25.561569]]]}},{"type":"Feature","properties":{},"geometry":{"type":"Polygon","coordinates":[[[-103.359132,25.56152],[-103.358997,25.561309],[-103.358904,25.561358],[-103.35904,25.561569],[-103.359132,25.56152]]]}},{"type":"Feature","properties":{},"geometry":{"type":"Polygon","coordinates":[[[-103.359328,25.561416],[-103.359192,25.561206],[-103.3591,25.561255],[-103.359235,25.561465],[-103.359328,25.561416]]]}},{"type":"Feature","properties":{},"geometry":{"type":"Polygon","coordinates":[[[-103.35942,25.561368],[-103.359285,25.561157],[-103.359192,25.561206],[-103.359328,25.561416],[-103.35942,25.561368]]]}},{"type":"Feature","properties":{},"geometry":{"type":"Polygon","coordinates":[[[-103.359512,25.561319],[-103.359377,25.561108],[-103.359285,25.561157],[-103.35942,25.561368],[-103.359512,25.561319]]]}},{"type":"Feature","properties":{},"geometry":{"type":"Polygon","coordinates":[[[-103.359605,25.56127],[-103.359469,25.561059],[-103.359377,25.561108],[-103.359512,25.561319],[-103.359605,25.56127]]]}},{"type":"Feature","properties":{},"geometry":{"type":"Polygon","coordinates":[[[-103.359697,25.561221],[-103.359562,25.56101],[-103.359469,25.561059],[-103.359605,25.56127],[-103.359697,25.561221]]]}},{"type":"Feature","properties":{},"geometry":{"type":"Polygon","coordinates":[[[-103.359789,25.561172],[-103.359654,25.560962],[-103.359562,25.56101],[-103.359697,25.561221],[-103.359789,25.561172]]]}},{"type":"Feature","properties":{},"geometry":{"type":"Polygon","coordinates":[[[-103.359882,25.561123],[-103.359746,25.560913],[-103.359654,25.560962],[-103.359789,25.561172],[-103.359882,25.561123]]]}},{"type":"Feature","properties":{},"geometry":{"type":"Polygon","coordinates":[[[-103.359974,25.561074],[-103.359839,25.560864],[-103.359746,25.560913],[-103.359882,25.561123],[-103.359974,25.561074]]]}},{"type":"Feature","properties":{},"geometry":{"type":"Polygon","coordinates":[[[-103.360066,25.561026],[-103.359931,25.560815],[-103.359839,25.560864],[-103.359974,25.561074],[-103.360066,25.561026]]]}},{"type":"Feature","properties":{},"geometry":{"type":"Polygon","coordinates":[[[-103.360159,25.560977],[-103.360023,25.560766],[-103.359931,25.560815],[-103.360066,25.561026],[-103.360159,25.560977]]]}},{"type":"Feature","properties":{},"geometry":{"type":"Polygon","coordinates":[[[-103.360251,25.560928],[-103.360116,25.560717],[-103.360023,25.560766],[-103.360159,25.560977],[-103.360251,25.560928]]]}},{"type":"Feature","properties":{},"geometry":{"type":"Polygon","coordinates":[[[-103.360343,25.560879],[-103.360208,25.560669],[-103.360116,25.560717],[-103.360251,25.560928],[-103.360343,25.560879]]]}},{"type":"Feature","properties":{},"geometry":{"type":"Polygon","coordinates":[[[-103.360436,25.56083],[-103.3603,25.56062],[-103.360208,25.560669],[-103.360343,25.560879],[-103.360436,25.56083]]]}},{"type":"Feature","properties":{},"geometry":{"type":"Polygon","coordinates":[[[-103.360528,25.560781],[-103.360393,25.560571],[-103.3603,25.56062],[-103.360436,25.56083],[-103.360528,25.560781]]]}},{"type":"Feature","properties":{},"geometry":{"type":"Polygon","coordinates":[[[-103.36062,25.560733],[-103.360485,25.560522],[-103.360393,25.560571],[-103.360528,25.560781],[-103.36062,25.560733]]]}},{"type":"Feature","properties":{},"geometry":{"type":"Polygon","coordinates":[[[-103.360713,25.560684],[-103.360577,25.560473],[-103.360485,25.560522],[-103.36062,25.560733],[-103.360713,25.560684]]]}},{"type":"Feature","properties":{},"geometry":{"type":"Polygon","coordinates":[[[-103.360908,25.56058],[-103.360773,25.56037],[-103.36068,25.560419],[-103.360816,25.560629],[-103.360908,25.56058]]]}},{"type":"Feature","properties":{},"geometry":{"type":"Polygon","coordinates":[[[-103.361,25.560531],[-103.360865,25.560321],[-103.360773,25.56037],[-103.360908,25.56058],[-103.361,25.560531]]]}},{"type":"Feature","properties":{},"geometry":{"type":"Polygon","coordinates":[[[-103.361093,25.560483],[-103.360957,25.560272],[-103.360865,25.560321],[-103.361,25.560531],[-103.361093,25.560483]]]}},{"type":"Feature","properties":{},"geometry":{"type":"Polygon","coordinates":[[[-103.361185,25.560434],[-103.36105,25.560223],[-103.360957,25.560272],[-103.361093,25.560483],[-103.361185,25.560434]]]}},{"type":"Feature","properties":{},"geometry":{"type":"Polygon","coordinates":[[[-103.361277,25.560385],[-103.361142,25.560174],[-103.36105,25.560223],[-103.361185,25.560434],[-103.361277,25.560385]]]}},{"type":"Feature","properties":{},"geometry":{"type":"Polygon","coordinates":[[[-103.36137,25.560336],[-103.361234,25.560126],[-103.361142,25.560174],[-103.361277,25.560385],[-103.36137,25.560336]]]}},{"type":"Feature","properties":{},"geometry":{"type":"Polygon","coordinates":[[[-103.361462,25.560287],[-103.361327,25.560077],[-103.361234,25.560126],[-103.36137,25.560336],[-103.361462,25.560287]]]}},{"type":"Feature","properties":{},"geometry":{"type":"Polygon","coordinates":[[[-103.361554,25.560238],[-103.361419,25.560028],[-103.361327,25.560077],[-103.361462,25.560287],[-103.361554,25.560238]]]}},{"type":"Feature","properties":{},"geometry":{"type":"Polygon","coordinates":[[[-103.361647,25.56019],[-103.361511,25.559979],[-103.361419,25.560028],[-103.361554,25.560238],[-103.361647,25.56019]]]}},{"type":"Feature","properties":{},"geometry":{"type":"Polygon","coordinates":[[[-103.361739,25.560141],[-103.361604,25.55993],[-103.361511,25.559979],[-103.361647,25.56019],[-103.361739,25.560141]]]}},{"type":"Feature","properties":{},"geometry":{"type":"Polygon","coordinates":[[[-103.361832,25.560092],[-103.361696,25.559881],[-103.361604,25.55993],[-103.361739,25.560141],[-103.361832,25.560092]]]}},{"type":"Feature","properties":{},"geometry":{"type":"Polygon","coordinates":[[[-103.361924,25.560043],[-103.361788,25.559832],[-103.361696,25.559881],[-103.361832,25.560092],[-103.361924,25.560043]]]}},{"type":"Feature","properties":{},"geometry":{"type":"Polygon","coordinates":[[[-103.362016,25.559994],[-103.361881,25.559784],[-103.361788,25.559832],[-103.361924,25.560043],[-103.362016,25.559994]]]}},{"type":"Feature","properties":{},"geometry":{"type":"Polygon","coordinates":[[[-103.362109,25.559945],[-103.361973,25.559735],[-103.361881,25.559784],[-103.362016,25.559994],[-103.362109,25.559945]]]}},{"type":"Feature","properties":{},"geometry":{"type":"Polygon","coordinates":[[[-103.362201,25.559896],[-103.362065,25.559686],[-103.361973,25.559735],[-103.362109,25.559945],[-103.362201,25.559896]]]}},{"type":"Feature","properties":{},"geometry":{"type":"Polygon","coordinates":[[[-103.362293,25.559848],[-103.362158,25.559637],[-103.362065,25.559686],[-103.362201,25.559896],[-103.362293,25.559848]]]}},{"type":"Feature","properties":{},"geometry":{"type":"Polygon","coordinates":[[[-103.362489,25.559744],[-103.362353,25.559534],[-103.362261,25.559582],[-103.362396,25.559793],[-103.362489,25.559744]]]}},{"type":"Feature","properties":{},"geometry":{"type":"Polygon","coordinates":[[[-103.362581,25.559695],[-103.362446,25.559485],[-103.362353,25.559534],[-103.362489,25.559744],[-103.362581,25.559695]]]}},{"type":"Feature","properties":{},"geometry":{"type":"Polygon","coordinates":[[[-103.362673,25.559647],[-103.362538,25.559436],[-103.362446,25.559485],[-103.362581,25.559695],[-103.362673,25.559647]]]}},{"type":"Feature","properties":{},"geometry":{"type":"Polygon","coordinates":[[[-103.362766,25.559598],[-103.36263,25.559387],[-103.362538,25.559436],[-103.362673,25.559647],[-103.362766,25.559598]]]}},{"type":"Feature","properties":{},"geometry":{"type":"Polygon","coordinates":[[[-103.362858,25.559549],[-103.362723,25.559338],[-103.36263,25.559387],[-103.362766,25.559598],[-103.362858,25.559549]]]}},{"type":"Feature","properties":{},"geometry":{"type":"Polygon","coordinates":[[[-103.36295,25.5595],[-103.362815,25.559289],[-103.362723,25.559338],[-103.362858,25.559549],[-103.36295,25.5595]]]}},{"type":"Feature","properties":{},"geometry":{"type":"Polygon","coordinates":[[[-103.363043,25.559451],[-103.362907,25.559241],[-103.362815,25.559289],[-103.36295,25.5595],[-103.363043,25.559451]]]}},{"type":"Feature","properties":{},"geometry":{"type":"Polygon","coordinates":[[[-103.363135,25.559402],[-103.363,25.559192],[-103.362907,25.559241],[-103.363043,25.559451],[-103.363135,25.559402]]]}},{"type":"Feature","properties":{},"geometry":{"type":"Polygon","coordinates":[[[-103.363227,25.559353],[-103.363092,25.559143],[-103.363,25.559192],[-103.363135,25.559402],[-103.363227,25.559353]]]}},{"type":"Feature","properties":{},"geometry":{"type":"Polygon","coordinates":[[[-103.36332,25.559305],[-103.363184,25.559094],[-103.363092,25.559143],[-103.363227,25.559353],[-103.36332,25.559305]]]}},{"type":"Feature","properties":{},"geometry":{"type":"Polygon","coordinates":[[[-103.363412,25.559256],[-103.363277,25.559045],[-103.363184,25.559094],[-103.36332,25.559305],[-103.363412,25.559256]]]}},{"type":"Feature","properties":{},"geometry":{"type":"Polygon","coordinates":[[[-103.363504,25.559207],[-103.363369,25.558996],[-103.363277,25.559045],[-103.363412,25.559256],[-103.363504,25.559207]]]}},{"type":"Feature","properties":{},"geometry":{"type":"Polygon","coordinates":[[[-103.363597,25.559158],[-103.363461,25.558947],[-103.363369,25.558996],[-103.363504,25.559207],[-103.363597,25.559158]]]}},{"type":"Feature","properties":{},"geometry":{"type":"Polygon","coordinates":[[[-103.363689,25.559109],[-103.363554,25.558899],[-103.363461,25.558947],[-103.363597,25.559158],[-103.363689,25.559109]]]}},{"type":"Feature","properties":{},"geometry":{"type":"Polygon","coordinates":[[[-103.363781,25.55906],[-103.363646,25.55885],[-103.363554,25.558899],[-103.363689,25.559109],[-103.363781,25.55906]]]}},{"type":"Feature","properties":{},"geometry":{"type":"Polygon","coordinates":[[[-103.363874,25.559011],[-103.363738,25.558801],[-103.363646,25.55885],[-103.363781,25.55906],[-103.363874,25.559011]]]}},{"type":"Feature","properties":{},"geometry":{"type":"Polygon","coordinates":[[[-103.364069,25.558908],[-103.363934,25.558698],[-103.363842,25.558746],[-103.363977,25.558957],[-103.364069,25.558908]]]}},{"type":"Feature","properties":{},"geometry":{"type":"Polygon","coordinates":[[[-103.364162,25.558859],[-103.364026,25.558649],[-103.363934,25.558698],[-103.364069,25.558908],[-103.364162,25.558859]]]}},{"type":"Feature","properties":{},"geometry":{"type":"Polygon","coordinates":[[[-103.364254,25.55881],[-103.364119,25.5586],[-103.364026,25.558649],[-103.364162,25.558859],[-103.364254,25.55881]]]}},{"type":"Feature","properties":{},"geometry":{"type":"Polygon","coordinates":[[[-103.364346,25.558762],[-103.364211,25.558551],[-103.364119,25.5586],[-103.364254,25.55881],[-103.364346,25.558762]]]}},{"type":"Feature","properties":{},"geometry":{"type":"Polygon","coordinates":[[[-103.364439,25.558713],[-103.364303,25.558502],[-103.364211,25.558551],[-103.364346,25.558762],[-103.364439,25.558713]]]}},{"type":"Feature","properties":{},"geometry":{"type":"Polygon","coordinates":[[[-103.364531,25.558664],[-103.364396,25.558453],[-103.364303,25.558502],[-103.364439,25.558713],[-103.364531,25.558664]]]}},{"type":"Feature","properties":{},"geometry":{"type":"Polygon","coordinates":[[[-103.358029,25.564831],[-103.357893,25.56462],[-103.357801,25.564669],[-103.357936,25.56488],[-103.358029,25.564831]]]}},{"type":"Feature","properties":{},"geometry":{"type":"Polygon","coordinates":[[[-103.358121,25.564782],[-103.357986,25.564571],[-103.357893,25.56462],[-103.358029,25.564831],[-103.358121,25.564782]]]}},{"type":"Feature","properties":{},"geometry":{"type":"Polygon","coordinates":[[[-103.358214,25.564733],[-103.358078,25.564523],[-103.357986,25.564571],[-103.358121,25.564782],[-103.358214,25.564733]]]}},{"type":"Feature","properties":{},"geometry":{"type":"Polygon","coordinates":[[[-103.358306,25.564684],[-103.35817,25.564474],[-103.358078,25.564523],[-103.358214,25.564733],[-103.358306,25.564684]]]}},{"type":"Feature","properties":{},"geometry":{"type":"Polygon","coordinates":[[[-103.358398,25.564635],[-103.358263,25.564425],[-103.35817,25.564474],[-103.358306,25.564684],[-103.358398,25.564635]]]}},{"type":"Feature","properties":{},"geometry":{"type":"Polygon","coordinates":[[[-103.358491,25.564587],[-103.358355,25.564376],[-103.358263,25.564425],[-103.358398,25.564635],[-103.358491,25.564587]]]}},{"type":"Feature","properties":{},"geometry":{"type":"Polygon","coordinates":[[[-103.358583,25.564538],[-103.358448,25.564327],[-103.358355,25.564376],[-103.358491,25.564587],[-103.358583,25.564538]]]}},{"type":"Feature","properties":{},"geometry":{"type":"Polygon","coordinates":[[[-103.358675,25.564489],[-103.35854,25.564278],[-103.358448,25.564327],[-103.358583,25.564538],[-103.358675,25.564489]]]}},{"type":"Feature","properties":{},"geometry":{"type":"Polygon","coordinates":[[[-103.358768,25.56444],[-103.358632,25.56423],[-103.35854,25.564278],[-103.358675,25.564489],[-103.358768,25.56444]]]}},{"type":"Feature","properties":{},"geometry":{"type":"Polygon","coordinates":[[[-103.35886,25.564391],[-103.358725,25.564181],[-103.358632,25.56423],[-103.358768,25.56444],[-103.35886,25.564391]]]}},{"type":"Feature","properties":{},"geometry":{"type":"Polygon","coordinates":[[[-103.359055,25.564288],[-103.35892,25.564077],[-103.358828,25.564126],[-103.358963,25.564337],[-103.359055,25.564288]]]}},{"type":"Feature","properties":{},"geometry":{"type":"Polygon","coordinates":[[[-103.359148,25.564239],[-103.359012,25.564028],[-103.35892,25.564077],[-103.359055,25.564288],[-103.359148,25.564239]]]}},{"type":"Feature","properties":{},"geometry":{"type":"Polygon","coordinates":[[[-103.35924,25.56419],[-103.359105,25.56398],[-103.359012,25.564028],[-103.359148,25.564239],[-103.35924,25.56419]]]}},{"type":"Feature","properties":{},"geometry":{"type":"Polygon","coordinates":[[[-103.359332,25.564141],[-103.359197,25.563931],[-103.359105,25.56398],[-103.35924,25.56419],[-103.359332,25.564141]]]}},{"type":"Feature","properties":{},"geometry":{"type":"Polygon","coordinates":[[[-103.359425,25.564092],[-103.359289,25.563882],[-103.359197,25.563931],[-103.359332,25.564141],[-103.359425,25.564092]]]}},{"type":"Feature","properties":{},"geometry":{"type":"Polygon","coordinates":[[[-103.359517,25.564044],[-103.359382,25.563833],[-103.359289,25.563882],[-103.359425,25.564092],[-103.359517,25.564044]]]}},{"type":"Feature","properties":{},"geometry":{"type":"Polygon","coordinates":[[[-103.359609,25.563995],[-103.359474,25.563784],[-103.359382,25.563833],[-103.359517,25.564044],[-103.359609,25.563995]]]}},{"type":"Feature","properties":{},"geometry":{"type":"Polygon","coordinates":[[[-103.359702,25.563946],[-103.359566,25.563735],[-103.359474,25.563784],[-103.359609,25.563995],[-103.359702,25.563946]]]}},{"type":"Feature","properties":{},"geometry":{"type":"Polygon","coordinates":[[[-103.359794,25.563897],[-103.359659,25.563687],[-103.359566,25.563735],[-103.359702,25.563946],[-103.359794,25.563897]]]}},{"type":"Feature","properties":{},"geometry":{"type":"Polygon","coordinates":[[[-103.359887,25.563848],[-103.359751,25.563638],[-103.359659,25.563687],[-103.359794,25.563897],[-103.359887,25.563848]]]}},{"type":"Feature","properties":{},"geometry":{"type":"Polygon","coordinates":[[[-103.359979,25.563799],[-103.359843,25.563589],[-103.359751,25.563638],[-103.359887,25.563848],[-103.359979,25.563799]]]}},{"type":"Feature","properties":{},"geometry":{"type":"Polygon","coordinates":[[[-103.361005,25.563256],[-103.36087,25.563046],[-103.360778,25.563095],[-103.360913,25.563305],[-103.361005,25.563256]]]}},{"type":"Feature","properties":{},"geometry":{"type":"Polygon","coordinates":[[[-103.361098,25.563208],[-103.360962,25.562997],[-103.36087,25.563046],[-103.361005,25.563256],[-103.361098,25.563208]]]}},{"type":"Feature","properties":{},"geometry":{"type":"Polygon","coordinates":[[[-103.36119,25.563159],[-103.361055,25.562948],[-103.360962,25.562997],[-103.361098,25.563208],[-103.36119,25.563159]]]}},{"type":"Feature","properties":{},"geometry":{"type":"Polygon","coordinates":[[[-103.361282,25.56311],[-103.361147,25.562899],[-103.361055,25.562948],[-103.36119,25.563159],[-103.361282,25.56311]]]}},{"type":"Feature","properties":{},"geometry":{"type":"Polygon","coordinates":[[[-103.361375,25.563061],[-103.361239,25.56285],[-103.361147,25.562899],[-103.361282,25.56311],[-103.361375,25.563061]]]}},{"type":"Feature","properties":{},"geometry":{"type":"Polygon","coordinates":[[[-103.361467,25.563012],[-103.361332,25.562802],[-103.361239,25.56285],[-103.361375,25.563061],[-103.361467,25.563012]]]}},{"type":"Feature","properties":{},"geometry":{"type":"Polygon","coordinates":[[[-103.361559,25.562963],[-103.361424,25.562753],[-103.361332,25.562802],[-103.361467,25.563012],[-103.361559,25.562963]]]}},{"type":"Feature","properties":{},"geometry":{"type":"Polygon","coordinates":[[[-103.361652,25.562914],[-103.361516,25.562704],[-103.361424,25.562753],[-103.361559,25.562963],[-103.361652,25.562914]]]}},{"type":"Feature","properties":{},"geometry":{"type":"Polygon","coordinates":[[[-103.361744,25.562866],[-103.361609,25.562655],[-103.361516,25.562704],[-103.361652,25.562914],[-103.361744,25.562866]]]}},{"type":"Feature","properties":{},"geometry":{"type":"Polygon","coordinates":[[[-103.361836,25.562817],[-103.361701,25.562606],[-103.361609,25.562655],[-103.361744,25.562866],[-103.361836,25.562817]]]}},{"type":"Feature","properties":{},"geometry":{"type":"Polygon","coordinates":[[[-103.361929,25.562768],[-103.361793,25.562557],[-103.361701,25.562606],[-103.361836,25.562817],[-103.361929,25.562768]]]}},{"type":"Feature","properties":{},"geometry":{"type":"Polygon","coordinates":[[[-103.362021,25.562719],[-103.361886,25.562509],[-103.361793,25.562557],[-103.361929,25.562768],[-103.362021,25.562719]]]}},{"type":"Feature","properties":{},"geometry":{"type":"Polygon","coordinates":[[[-103.362217,25.562616],[-103.362081,25.562405],[-103.361989,25.562454],[-103.362124,25.562664],[-103.362217,25.562616]]]}},{"type":"Feature","properties":{},"geometry":{"type":"Polygon","coordinates":[[[-103.362309,25.562567],[-103.362174,25.562356],[-103.362081,25.562405],[-103.362217,25.562616],[-103.362309,25.562567]]]}},{"type":"Feature","properties":{},"geometry":{"type":"Polygon","coordinates":[[[-103.362401,25.562518],[-103.362266,25.562307],[-103.362174,25.562356],[-103.362309,25.562567],[-103.362401,25.562518]]]}},{"type":"Feature","properties":{},"geometry":{"type":"Polygon","coordinates":[[[-103.362494,25.562469],[-103.362358,25.562259],[-103.362266,25.562307],[-103.362401,25.562518],[-103.362494,25.562469]]]}},{"type":"Feature","properties":{},"geometry":{"type":"Polygon","coordinates":[[[-103.362586,25.56242],[-103.362451,25.56221],[-103.362358,25.562259],[-103.362494,25.562469],[-103.362586,25.56242]]]}},{"type":"Feature","properties":{},"geometry":{"type":"Polygon","coordinates":[[[-103.362678,25.562371],[-103.362543,25.562161],[-103.362451,25.56221],[-103.362586,25.56242],[-103.362678,25.562371]]]}},{"type":"Feature","properties":{},"geometry":{"type":"Polygon","coordinates":[[[-103.362771,25.562323],[-103.362635,25.562112],[-103.362543,25.562161],[-103.362678,25.562371],[-103.362771,25.562323]]]}},{"type":"Feature","properties":{},"geometry":{"type":"Polygon","coordinates":[[[-103.362863,25.562274],[-103.362728,25.562063],[-103.362635,25.562112],[-103.362771,25.562323],[-103.362863,25.562274]]]}},{"type":"Feature","properties":{},"geometry":{"type":"Polygon","coordinates":[[[-103.362955,25.562225],[-103.36282,25.562014],[-103.362728,25.562063],[-103.362863,25.562274],[-103.362955,25.562225]]]}},{"type":"Feature","properties":{},"geometry":{"type":"Polygon","coordinates":[[[-103.363048,25.562176],[-103.362912,25.561965],[-103.36282,25.562014],[-103.362955,25.562225],[-103.363048,25.562176]]]}},{"type":"Feature","properties":{},"geometry":{"type":"Polygon","coordinates":[[[-103.36314,25.562127],[-103.363005,25.561917],[-103.362912,25.561965],[-103.363048,25.562176],[-103.36314,25.562127]]]}},{"type":"Feature","properties":{},"geometry":{"type":"Polygon","coordinates":[[[-103.363232,25.562078],[-103.363097,25.561868],[-103.363005,25.561917],[-103.36314,25.562127],[-103.363232,25.562078]]]}},{"type":"Feature","properties":{},"geometry":{"type":"Polygon","coordinates":[[[-103.363325,25.562029],[-103.363189,25.561819],[-103.363097,25.561868],[-103.363232,25.562078],[-103.363325,25.562029]]]}},{"type":"Feature","properties":{},"geometry":{"type":"Polygon","coordinates":[[[-103.363417,25.561981],[-103.363282,25.56177],[-103.363189,25.561819],[-103.363325,25.562029],[-103.363417,25.561981]]]}},{"type":"Feature","properties":{},"geometry":{"type":"Polygon","coordinates":[[[-103.363509,25.561932],[-103.363374,25.561721],[-103.363282,25.56177],[-103.363417,25.561981],[-103.363509,25.561932]]]}},{"type":"Feature","properties":{},"geometry":{"type":"Polygon","coordinates":[[[-103.363602,25.561883],[-103.363466,25.561672],[-103.363374,25.561721],[-103.363509,25.561932],[-103.363602,25.561883]]]}},{"type":"Feature","properties":{},"geometry":{"type":"Polygon","coordinates":[[[-103.363797,25.56178],[-103.363662,25.561569],[-103.36357,25.561618],[-103.363705,25.561828],[-103.363797,25.56178]]]}},{"type":"Feature","properties":{},"geometry":{"type":"Polygon","coordinates":[[[-103.36389,25.561731],[-103.363754,25.56152],[-103.363662,25.561569],[-103.363797,25.56178],[-103.36389,25.561731]]]}},{"type":"Feature","properties":{},"geometry":{"type":"Polygon","coordinates":[[[-103.363982,25.561682],[-103.363847,25.561471],[-103.363754,25.56152],[-103.36389,25.561731],[-103.363982,25.561682]]]}},{"type":"Feature","properties":{},"geometry":{"type":"Polygon","coordinates":[[[-103.364074,25.561633],[-103.363939,25.561422],[-103.363847,25.561471],[-103.363982,25.561682],[-103.364074,25.561633]]]}},{"type":"Feature","properties":{},"geometry":{"type":"Polygon","coordinates":[[[-103.364167,25.561584],[-103.364031,25.561374],[-103.363939,25.561422],[-103.364074,25.561633],[-103.364167,25.561584]]]}},{"type":"Feature","properties":{},"geometry":{"type":"Polygon","coordinates":[[[-103.364259,25.561535],[-103.364124,25.561325],[-103.364031,25.561374],[-103.364167,25.561584],[-103.364259,25.561535]]]}},{"type":"Feature","properties":{},"geometry":{"type":"Polygon","coordinates":[[[-103.364351,25.561486],[-103.364216,25.561276],[-103.364124,25.561325],[-103.364259,25.561535],[-103.364351,25.561486]]]}},{"type":"Feature","properties":{},"geometry":{"type":"Polygon","coordinates":[[[-103.364444,25.561438],[-103.364308,25.561227],[-103.364216,25.561276],[-103.364351,25.561486],[-103.364444,25.561438]]]}},{"type":"Feature","properties":{},"geometry":{"type":"Polygon","coordinates":[[[-103.364536,25.561389],[-103.364401,25.561178],[-103.364308,25.561227],[-103.364444,25.561438],[-103.364536,25.561389]]]}},{"type":"Feature","properties":{},"geometry":{"type":"Polygon","coordinates":[[[-103.364628,25.56134],[-103.364493,25.561129],[-103.364401,25.561178],[-103.364536,25.561389],[-103.364628,25.56134]]]}},{"type":"Feature","properties":{},"geometry":{"type":"Polygon","coordinates":[[[-103.364721,25.561291],[-103.364585,25.56108],[-103.364493,25.561129],[-103.364628,25.56134],[-103.364721,25.561291]]]}},{"type":"Feature","properties":{},"geometry":{"type":"Polygon","coordinates":[[[-103.364813,25.561242],[-103.364678,25.561032],[-103.364585,25.56108],[-103.364721,25.561291],[-103.364813,25.561242]]]}},{"type":"Feature","properties":{},"geometry":{"type":"Polygon","coordinates":[[[-103.364905,25.561193],[-103.36477,25.560983],[-103.364678,25.561032],[-103.364813,25.561242],[-103.364905,25.561193]]]}},{"type":"Feature","properties":{},"geometry":{"type":"Polygon","coordinates":[[[-103.364998,25.561144],[-103.364862,25.560934],[-103.36477,25.560983],[-103.364905,25.561193],[-103.364998,25.561144]]]}},{"type":"Feature","properties":{},"geometry":{"type":"Polygon","coordinates":[[[-103.36509,25.561096],[-103.364955,25.560885],[-103.364862,25.560934],[-103.364998,25.561144],[-103.36509,25.561096]]]}},{"type":"Feature","properties":{},"geometry":{"type":"Polygon","coordinates":[[[-103.365182,25.561047],[-103.365047,25.560836],[-103.364955,25.560885],[-103.36509,25.561096],[-103.365182,25.561047]]]}},{"type":"Feature","properties":{},"geometry":{"type":"Polygon","coordinates":[[[-103.365378,25.560943],[-103.365242,25.560733],[-103.36515,25.560782],[-103.365286,25.560992],[-103.365378,25.560943]]]}},{"type":"Feature","properties":{},"geometry":{"type":"Polygon","coordinates":[[[-103.36547,25.560895],[-103.365335,25.560684],[-103.365242,25.560733],[-103.365378,25.560943],[-103.36547,25.560895]]]}},{"type":"Feature","properties":{},"geometry":{"type":"Polygon","coordinates":[[[-103.365563,25.560846],[-103.365427,25.560635],[-103.365335,25.560684],[-103.36547,25.560895],[-103.365563,25.560846]]]}},{"type":"Feature","properties":{},"geometry":{"type":"Polygon","coordinates":[[[-103.365655,25.560797],[-103.365519,25.560586],[-103.365427,25.560635],[-103.365563,25.560846],[-103.365655,25.560797]]]}},{"type":"Feature","properties":{},"geometry":{"type":"Polygon","coordinates":[[[-103.365747,25.560748],[-103.365612,25.560537],[-103.365519,25.560586],[-103.365655,25.560797],[-103.365747,25.560748]]]}},{"type":"Feature","properties":{},"geometry":{"type":"Polygon","coordinates":[[[-103.36584,25.560699],[-103.365704,25.560489],[-103.365612,25.560537],[-103.365747,25.560748],[-103.36584,25.560699]]]}},{"type":"Feature","properties":{},"geometry":{"type":"Polygon","coordinates":[[[-103.365932,25.56065],[-103.365797,25.56044],[-103.365704,25.560489],[-103.36584,25.560699],[-103.365932,25.56065]]]}},{"type":"Feature","properties":{},"geometry":{"type":"Polygon","coordinates":[[[-103.366024,25.560601],[-103.365889,25.560391],[-103.365797,25.56044],[-103.365932,25.56065],[-103.366024,25.560601]]]}},{"type":"Feature","properties":{},"geometry":{"type":"Polygon","coordinates":[[[-103.366117,25.560553],[-103.365981,25.560342],[-103.365889,25.560391],[-103.366024,25.560601],[-103.366117,25.560553]]]}},{"type":"Feature","properties":{},"geometry":{"type":"Polygon","coordinates":[[[-103.366209,25.560504],[-103.366074,25.560293],[-103.365981,25.560342],[-103.366117,25.560553],[-103.366209,25.560504]]]}},{"type":"Feature","properties":{},"geometry":{"type":"Polygon","coordinates":[[[-103.366301,25.560455],[-103.366166,25.560244],[-103.366074,25.560293],[-103.366209,25.560504],[-103.366301,25.560455]]]}},{"type":"Feature","properties":{},"geometry":{"type":"Polygon","coordinates":[[[-103.366394,25.560406],[-103.366258,25.560195],[-103.366166,25.560244],[-103.366301,25.560455],[-103.366394,25.560406]]]}},{"type":"Feature","properties":{},"geometry":{"type":"Polygon","coordinates":[[[-103.366486,25.560357],[-103.366351,25.560147],[-103.366258,25.560195],[-103.366394,25.560406],[-103.366486,25.560357]]]}},{"type":"Feature","properties":{},"geometry":{"type":"Polygon","coordinates":[[[-103.366578,25.560308],[-103.366443,25.560098],[-103.366351,25.560147],[-103.366486,25.560357],[-103.366578,25.560308]]]}},{"type":"Feature","properties":{},"geometry":{"type":"Polygon","coordinates":[[[-103.366671,25.560259],[-103.366535,25.560049],[-103.366443,25.560098],[-103.366578,25.560308],[-103.366671,25.560259]]]}},{"type":"Feature","properties":{},"geometry":{"type":"Polygon","coordinates":[[[-103.366763,25.560211],[-103.366628,25.56],[-103.366535,25.560049],[-103.366671,25.560259],[-103.366763,25.560211]]]}},{"type":"Feature","properties":{},"geometry":{"type":"Polygon","coordinates":[[[-103.366958,25.560107],[-103.366823,25.559897],[-103.366731,25.559946],[-103.366866,25.560156],[-103.366958,25.560107]]]}},{"type":"Feature","properties":{},"geometry":{"type":"Polygon","coordinates":[[[-103.367051,25.560058],[-103.366915,25.559848],[-103.366823,25.559897],[-103.366958,25.560107],[-103.367051,25.560058]]]}},{"type":"Feature","properties":{},"geometry":{"type":"Polygon","coordinates":[[[-103.367143,25.56001],[-103.367008,25.559799],[-103.366915,25.559848],[-103.367051,25.560058],[-103.367143,25.56001]]]}},{"type":"Feature","properties":{},"geometry":{"type":"Polygon","coordinates":[[[-103.367235,25.559961],[-103.3671,25.55975],[-103.367008,25.559799],[-103.367143,25.56001],[-103.367235,25.559961]]]}},{"type":"Feature","properties":{},"geometry":{"type":"Polygon","coordinates":[[[-103.367328,25.559912],[-103.367192,25.559701],[-103.3671,25.55975],[-103.367235,25.559961],[-103.367328,25.559912]]]}},{"type":"Feature","properties":{},"geometry":{"type":"Polygon","coordinates":[[[-103.36742,25.559863],[-103.367285,25.559652],[-103.367192,25.559701],[-103.367328,25.559912],[-103.36742,25.559863]]]}},{"type":"Feature","properties":{},"geometry":{"type":"Polygon","coordinates":[[[-103.367512,25.559814],[-103.367377,25.559604],[-103.367285,25.559652],[-103.36742,25.559863],[-103.367512,25.559814]]]}},{"type":"Feature","properties":{},"geometry":{"type":"Polygon","coordinates":[[[-103.367605,25.559765],[-103.367469,25.559555],[-103.367377,25.559604],[-103.367512,25.559814],[-103.367605,25.559765]]]}},{"type":"Feature","properties":{},"geometry":{"type":"Polygon","coordinates":[[[-103.367697,25.559716],[-103.367562,25.559506],[-103.367469,25.559555],[-103.367605,25.559765],[-103.367697,25.559716]]]}},{"type":"Feature","properties":{},"geometry":{"type":"Polygon","coordinates":[[[-103.367789,25.559668],[-103.367654,25.559457],[-103.367562,25.559506],[-103.367697,25.559716],[-103.367789,25.559668]]]}},{"type":"Feature","properties":{},"geometry":{"type":"Polygon","coordinates":[[[-103.367882,25.559619],[-103.367746,25.559408],[-103.367654,25.559457],[-103.367789,25.559668],[-103.367882,25.559619]]]}},{"type":"Feature","properties":{},"geometry":{"type":"Polygon","coordinates":[[[-103.367974,25.55957],[-103.367839,25.559359],[-103.367746,25.559408],[-103.367882,25.559619],[-103.367974,25.55957]]]}},{"type":"Feature","properties":{},"geometry":{"type":"Polygon","coordinates":[[[-103.368066,25.559521],[-103.367931,25.55931],[-103.367839,25.559359],[-103.367974,25.55957],[-103.368066,25.559521]]]}},{"type":"Feature","properties":{},"geometry":{"type":"Polygon","coordinates":[[[-103.368159,25.559472],[-103.368023,25.559262],[-103.367931,25.55931],[-103.368066,25.559521],[-103.368159,25.559472]]]}},{"type":"Feature","properties":{},"geometry":{"type":"Polygon","coordinates":[[[-103.368251,25.559423],[-103.368116,25.559213],[-103.368023,25.559262],[-103.368159,25.559472],[-103.368251,25.559423]]]}},{"type":"Feature","properties":{},"geometry":{"type":"Polygon","coordinates":[[[-103.368343,25.559374],[-103.368208,25.559164],[-103.368116,25.559213],[-103.368251,25.559423],[-103.368343,25.559374]]]}},{"type":"Feature","properties":{},"geometry":{"type":"Polygon","coordinates":[[[-103.368539,25.559271],[-103.368404,25.55906],[-103.368311,25.559109],[-103.368447,25.55932],[-103.368539,25.559271]]]}},{"type":"Feature","properties":{},"geometry":{"type":"Polygon","coordinates":[[[-103.368631,25.559222],[-103.368496,25.559012],[-103.368404,25.55906],[-103.368539,25.559271],[-103.368631,25.559222]]]}},{"type":"Feature","properties":{},"geometry":{"type":"Polygon","coordinates":[[[-103.368724,25.559173],[-103.368588,25.558963],[-103.368496,25.559012],[-103.368631,25.559222],[-103.368724,25.559173]]]}},{"type":"Feature","properties":{},"geometry":{"type":"Polygon","coordinates":[[[-103.358072,25.56509],[-103.357936,25.56488],[-103.357844,25.564929],[-103.35798,25.565139],[-103.358072,25.56509]]]}},{"type":"Feature","properties":{},"geometry":{"type":"Polygon","coordinates":[[[-103.358164,25.565041],[-103.358029,25.564831],[-103.357936,25.56488],[-103.358072,25.56509],[-103.358164,25.565041]]]}},{"type":"Feature","properties":{},"geometry":{"type":"Polygon","coordinates":[[[-103.358257,25.564993],[-103.358121,25.564782],[-103.358029,25.564831],[-103.358164,25.565041],[-103.358257,25.564993]]]}},{"type":"Feature","properties":{},"geometry":{"type":"Polygon","coordinates":[[[-103.358349,25.564944],[-103.358214,25.564733],[-103.358121,25.564782],[-103.358257,25.564993],[-103.358349,25.564944]]]}},{"type":"Feature","properties":{},"geometry":{"type":"Polygon","coordinates":[[[-103.358441,25.564895],[-103.358306,25.564684],[-103.358214,25.564733],[-103.358349,25.564944],[-103.358441,25.564895]]]}},{"type":"Feature","properties":{},"geometry":{"type":"Polygon","coordinates":[[[-103.358534,25.564846],[-103.358398,25.564635],[-103.358306,25.564684],[-103.358441,25.564895],[-103.358534,25.564846]]]}},{"type":"Feature","properties":{},"geometry":{"type":"Polygon","coordinates":[[[-103.358626,25.564797],[-103.358491,25.564587],[-103.358398,25.564635],[-103.358534,25.564846],[-103.358626,25.564797]]]}},{"type":"Feature","properties":{},"geometry":{"type":"Polygon","coordinates":[[[-103.358718,25.564748],[-103.358583,25.564538],[-103.358491,25.564587],[-103.358626,25.564797],[-103.358718,25.564748]]]}},{"type":"Feature","properties":{},"geometry":{"type":"Polygon","coordinates":[[[-103.358811,25.564699],[-103.358675,25.564489],[-103.358583,25.564538],[-103.358718,25.564748],[-103.358811,25.564699]]]}},{"type":"Feature","properties":{},"geometry":{"type":"Polygon","coordinates":[[[-103.358903,25.564651],[-103.358768,25.56444],[-103.358675,25.564489],[-103.358811,25.564699],[-103.358903,25.564651]]]}},{"type":"Feature","properties":{},"geometry":{"type":"Polygon","coordinates":[[[-103.358995,25.564602],[-103.35886,25.564391],[-103.358768,25.56444],[-103.358903,25.564651],[-103.358995,25.564602]]]}},{"type":"Feature","properties":{},"geometry":{"type":"Polygon","coordinates":[[[-103.359191,25.564498],[-103.359055,25.564288],[-103.358963,25.564337],[-103.359098,25.564547],[-103.359191,25.564498]]]}},{"type":"Feature","properties":{},"geometry":{"type":"Polygon","coordinates":[[[-103.359283,25.56445],[-103.359148,25.564239],[-103.359055,25.564288],[-103.359191,25.564498],[-103.359283,25.56445]]]}},{"type":"Feature","properties":{},"geometry":{"type":"Polygon","coordinates":[[[-103.359375,25.564401],[-103.35924,25.56419],[-103.359148,25.564239],[-103.359283,25.56445],[-103.359375,25.564401]]]}},{"type":"Feature","properties":{},"geometry":{"type":"Polygon","coordinates":[[[-103.359468,25.564352],[-103.359332,25.564141],[-103.35924,25.56419],[-103.359375,25.564401],[-103.359468,25.564352]]]}},{"type":"Feature","properties":{},"geometry":{"type":"Polygon","coordinates":[[[-103.35956,25.564303],[-103.359425,25.564092],[-103.359332,25.564141],[-103.359468,25.564352],[-103.35956,25.564303]]]}},{"type":"Feature","properties":{},"geometry":{"type":"Polygon","coordinates":[[[-103.359653,25.564254],[-103.359517,25.564044],[-103.359425,25.564092],[-103.35956,25.564303],[-103.359653,25.564254]]]}},{"type":"Feature","properties":{},"geometry":{"type":"Polygon","coordinates":[[[-103.359745,25.564205],[-103.359609,25.563995],[-103.359517,25.564044],[-103.359653,25.564254],[-103.359745,25.564205]]]}},{"type":"Feature","properties":{},"geometry":{"type":"Polygon","coordinates":[[[-103.359837,25.564156],[-103.359702,25.563946],[-103.359609,25.563995],[-103.359745,25.564205],[-103.359837,25.564156]]]}},{"type":"Feature","properties":{},"geometry":{"type":"Polygon","coordinates":[[[-103.35993,25.564108],[-103.359794,25.563897],[-103.359702,25.563946],[-103.359837,25.564156],[-103.35993,25.564108]]]}},{"type":"Feature","properties":{},"geometry":{"type":"Polygon","coordinates":[[[-103.360022,25.564059],[-103.359887,25.563848],[-103.359794,25.563897],[-103.35993,25.564108],[-103.360022,25.564059]]]}},{"type":"Feature","properties":{},"geometry":{"type":"Polygon","coordinates":[[[-103.360114,25.56401],[-103.359979,25.563799],[-103.359887,25.563848],[-103.360022,25.564059],[-103.360114,25.56401]]]}},{"type":"Feature","properties":{},"geometry":{"type":"Polygon","coordinates":[[[-103.361141,25.563467],[-103.361005,25.563256],[-103.360913,25.563305],[-103.361048,25.563516],[-103.361141,25.563467]]]}},{"type":"Feature","properties":{},"geometry":{"type":"Polygon","coordinates":[[[-103.361233,25.563418],[-103.361098,25.563208],[-103.361005,25.563256],[-103.361141,25.563467],[-103.361233,25.563418]]]}},{"type":"Feature","properties":{},"geometry":{"type":"Polygon","coordinates":[[[-103.361325,25.563369],[-103.36119,25.563159],[-103.361098,25.563208],[-103.361233,25.563418],[-103.361325,25.563369]]]}},{"type":"Feature","properties":{},"geometry":{"type":"Polygon","coordinates":[[[-103.361418,25.56332],[-103.361282,25.56311],[-103.36119,25.563159],[-103.361325,25.563369],[-103.361418,25.56332]]]}},{"type":"Feature","properties":{},"geometry":{"type":"Polygon","coordinates":[[[-103.36151,25.563272],[-103.361375,25.563061],[-103.361282,25.56311],[-103.361418,25.56332],[-103.36151,25.563272]]]}},{"type":"Feature","properties":{},"geometry":{"type":"Polygon","coordinates":[[[-103.361603,25.563223],[-103.361467,25.563012],[-103.361375,25.563061],[-103.36151,25.563272],[-103.361603,25.563223]]]}},{"type":"Feature","properties":{},"geometry":{"type":"Polygon","coordinates":[[[-103.361695,25.563174],[-103.361559,25.562963],[-103.361467,25.563012],[-103.361603,25.563223],[-103.361695,25.563174]]]}},{"type":"Feature","properties":{},"geometry":{"type":"Polygon","coordinates":[[[-103.361787,25.563125],[-103.361652,25.562914],[-103.361559,25.562963],[-103.361695,25.563174],[-103.361787,25.563125]]]}},{"type":"Feature","properties":{},"geometry":{"type":"Polygon","coordinates":[[[-103.36188,25.563076],[-103.361744,25.562866],[-103.361652,25.562914],[-103.361787,25.563125],[-103.36188,25.563076]]]}},{"type":"Feature","properties":{},"geometry":{"type":"Polygon","coordinates":[[[-103.361972,25.563027],[-103.361836,25.562817],[-103.361744,25.562866],[-103.36188,25.563076],[-103.361972,25.563027]]]}},{"type":"Feature","properties":{},"geometry":{"type":"Polygon","coordinates":[[[-103.362064,25.562978],[-103.361929,25.562768],[-103.361836,25.562817],[-103.361972,25.563027],[-103.362064,25.562978]]]}},{"type":"Feature","properties":{},"geometry":{"type":"Polygon","coordinates":[[[-103.362157,25.56293],[-103.362021,25.562719],[-103.361929,25.562768],[-103.362064,25.562978],[-103.362157,25.56293]]]}},{"type":"Feature","properties":{},"geometry":{"type":"Polygon","coordinates":[[[-103.362352,25.562826],[-103.362217,25.562616],[-103.362124,25.562664],[-103.36226,25.562875],[-103.362352,25.562826]]]}},{"type":"Feature","properties":{},"geometry":{"type":"Polygon","coordinates":[[[-103.362444,25.562777],[-103.362309,25.562567],[-103.362217,25.562616],[-103.362352,25.562826],[-103.362444,25.562777]]]}},{"type":"Feature","properties":{},"geometry":{"type":"Polygon","coordinates":[[[-103.362537,25.562728],[-103.362401,25.562518],[-103.362309,25.562567],[-103.362444,25.562777],[-103.362537,25.562728]]]}},{"type":"Feature","properties":{},"geometry":{"type":"Polygon","coordinates":[[[-103.362629,25.56268],[-103.362494,25.562469],[-103.362401,25.562518],[-103.362537,25.562728],[-103.362629,25.56268]]]}},{"type":"Feature","properties":{},"geometry":{"type":"Polygon","coordinates":[[[-103.362721,25.562631],[-103.362586,25.56242],[-103.362494,25.562469],[-103.362629,25.56268],[-103.362721,25.562631]]]}},{"type":"Feature","properties":{},"geometry":{"type":"Polygon","coordinates":[[[-103.362814,25.562582],[-103.362678,25.562371],[-103.362586,25.56242],[-103.362721,25.562631],[-103.362814,25.562582]]]}},{"type":"Feature","properties":{},"geometry":{"type":"Polygon","coordinates":[[[-103.362906,25.562533],[-103.362771,25.562323],[-103.362678,25.562371],[-103.362814,25.562582],[-103.362906,25.562533]]]}},{"type":"Feature","properties":{},"geometry":{"type":"Polygon","coordinates":[[[-103.362998,25.562484],[-103.362863,25.562274],[-103.362771,25.562323],[-103.362906,25.562533],[-103.362998,25.562484]]]}},{"type":"Feature","properties":{},"geometry":{"type":"Polygon","coordinates":[[[-103.363091,25.562435],[-103.362955,25.562225],[-103.362863,25.562274],[-103.362998,25.562484],[-103.363091,25.562435]]]}},{"type":"Feature","properties":{},"geometry":{"type":"Polygon","coordinates":[[[-103.363183,25.562387],[-103.363048,25.562176],[-103.362955,25.562225],[-103.363091,25.562435],[-103.363183,25.562387]]]}},{"type":"Feature","properties":{},"geometry":{"type":"Polygon","coordinates":[[[-103.363275,25.562338],[-103.36314,25.562127],[-103.363048,25.562176],[-103.363183,25.562387],[-103.363275,25.562338]]]}},{"type":"Feature","properties":{},"geometry":{"type":"Polygon","coordinates":[[[-103.363368,25.562289],[-103.363232,25.562078],[-103.36314,25.562127],[-103.363275,25.562338],[-103.363368,25.562289]]]}},{"type":"Feature","properties":{},"geometry":{"type":"Polygon","coordinates":[[[-103.36346,25.56224],[-103.363325,25.562029],[-103.363232,25.562078],[-103.363368,25.562289],[-103.36346,25.56224]]]}},{"type":"Feature","properties":{},"geometry":{"type":"Polygon","coordinates":[[[-103.363552,25.562191],[-103.363417,25.561981],[-103.363325,25.562029],[-103.36346,25.56224],[-103.363552,25.562191]]]}},{"type":"Feature","properties":{},"geometry":{"type":"Polygon","coordinates":[[[-103.363645,25.562142],[-103.363509,25.561932],[-103.363417,25.561981],[-103.363552,25.562191],[-103.363645,25.562142]]]}},{"type":"Feature","properties":{},"geometry":{"type":"Polygon","coordinates":[[[-103.363737,25.562093],[-103.363602,25.561883],[-103.363509,25.561932],[-103.363645,25.562142],[-103.363737,25.562093]]]}},{"type":"Feature","properties":{},"geometry":{"type":"Polygon","coordinates":[[[-103.363933,25.56199],[-103.363797,25.56178],[-103.363705,25.561828],[-103.36384,25.562039],[-103.363933,25.56199]]]}},{"type":"Feature","properties":{},"geometry":{"type":"Polygon","coordinates":[[[-103.364025,25.561941],[-103.36389,25.561731],[-103.363797,25.56178],[-103.363933,25.56199],[-103.364025,25.561941]]]}},{"type":"Feature","properties":{},"geometry":{"type":"Polygon","coordinates":[[[-103.364117,25.561892],[-103.363982,25.561682],[-103.36389,25.561731],[-103.364025,25.561941],[-103.364117,25.561892]]]}},{"type":"Feature","properties":{},"geometry":{"type":"Polygon","coordinates":[[[-103.36421,25.561844],[-103.364074,25.561633],[-103.363982,25.561682],[-103.364117,25.561892],[-103.36421,25.561844]]]}},{"type":"Feature","properties":{},"geometry":{"type":"Polygon","coordinates":[[[-103.364302,25.561795],[-103.364167,25.561584],[-103.364074,25.561633],[-103.36421,25.561844],[-103.364302,25.561795]]]}},{"type":"Feature","properties":{},"geometry":{"type":"Polygon","coordinates":[[[-103.364394,25.561746],[-103.364259,25.561535],[-103.364167,25.561584],[-103.364302,25.561795],[-103.364394,25.561746]]]}},{"type":"Feature","properties":{},"geometry":{"type":"Polygon","coordinates":[[[-103.364487,25.561697],[-103.364351,25.561486],[-103.364259,25.561535],[-103.364394,25.561746],[-103.364487,25.561697]]]}},{"type":"Feature","properties":{},"geometry":{"type":"Polygon","coordinates":[[[-103.364579,25.561648],[-103.364444,25.561438],[-103.364351,25.561486],[-103.364487,25.561697],[-103.364579,25.561648]]]}},{"type":"Feature","properties":{},"geometry":{"type":"Polygon","coordinates":[[[-103.364671,25.561599],[-103.364536,25.561389],[-103.364444,25.561438],[-103.364579,25.561648],[-103.364671,25.561599]]]}},{"type":"Feature","properties":{},"geometry":{"type":"Polygon","coordinates":[[[-103.364764,25.56155],[-103.364628,25.56134],[-103.364536,25.561389],[-103.364671,25.561599],[-103.364764,25.56155]]]}},{"type":"Feature","properties":{},"geometry":{"type":"Polygon","coordinates":[[[-103.364856,25.561502],[-103.364721,25.561291],[-103.364628,25.56134],[-103.364764,25.56155],[-103.364856,25.561502]]]}},{"type":"Feature","properties":{},"geometry":{"type":"Polygon","coordinates":[[[-103.364948,25.561453],[-103.364813,25.561242],[-103.364721,25.561291],[-103.364856,25.561502],[-103.364948,25.561453]]]}},{"type":"Feature","properties":{},"geometry":{"type":"Polygon","coordinates":[[[-103.365041,25.561404],[-103.364905,25.561193],[-103.364813,25.561242],[-103.364948,25.561453],[-103.365041,25.561404]]]}},{"type":"Feature","properties":{},"geometry":{"type":"Polygon","coordinates":[[[-103.365133,25.561355],[-103.364998,25.561144],[-103.364905,25.561193],[-103.365041,25.561404],[-103.365133,25.561355]]]}},{"type":"Feature","properties":{},"geometry":{"type":"Polygon","coordinates":[[[-103.365225,25.561306],[-103.36509,25.561096],[-103.364998,25.561144],[-103.365133,25.561355],[-103.365225,25.561306]]]}},{"type":"Feature","properties":{},"geometry":{"type":"Polygon","coordinates":[[[-103.365318,25.561257],[-103.365182,25.561047],[-103.36509,25.561096],[-103.365225,25.561306],[-103.365318,25.561257]]]}},{"type":"Feature","properties":{},"geometry":{"type":"Polygon","coordinates":[[[-103.365513,25.561154],[-103.365378,25.560943],[-103.365286,25.560992],[-103.365421,25.561203],[-103.365513,25.561154]]]}},{"type":"Feature","properties":{},"geometry":{"type":"Polygon","coordinates":[[[-103.365606,25.561105],[-103.36547,25.560895],[-103.365378,25.560943],[-103.365513,25.561154],[-103.365606,25.561105]]]}},{"type":"Feature","properties":{},"geometry":{"type":"Polygon","coordinates":[[[-103.365698,25.561056],[-103.365563,25.560846],[-103.36547,25.560895],[-103.365606,25.561105],[-103.365698,25.561056]]]}},{"type":"Feature","properties":{},"geometry":{"type":"Polygon","coordinates":[[[-103.36579,25.561007],[-103.365655,25.560797],[-103.365563,25.560846],[-103.365698,25.561056],[-103.36579,25.561007]]]}},{"type":"Feature","properties":{},"geometry":{"type":"Polygon","coordinates":[[[-103.365883,25.560959],[-103.365747,25.560748],[-103.365655,25.560797],[-103.36579,25.561007],[-103.365883,25.560959]]]}},{"type":"Feature","properties":{},"geometry":{"type":"Polygon","coordinates":[[[-103.365975,25.56091],[-103.36584,25.560699],[-103.365747,25.560748],[-103.365883,25.560959],[-103.365975,25.56091]]]}},{"type":"Feature","properties":{},"geometry":{"type":"Polygon","coordinates":[[[-103.366067,25.560861],[-103.365932,25.56065],[-103.36584,25.560699],[-103.365975,25.56091],[-103.366067,25.560861]]]}},{"type":"Feature","properties":{},"geometry":{"type":"Polygon","coordinates":[[[-103.36616,25.560812],[-103.366024,25.560601],[-103.365932,25.56065],[-103.366067,25.560861],[-103.36616,25.560812]]]}},{"type":"Feature","properties":{},"geometry":{"type":"Polygon","coordinates":[[[-103.366252,25.560763],[-103.366117,25.560553],[-103.366024,25.560601],[-103.36616,25.560812],[-103.366252,25.560763]]]}},{"type":"Feature","properties":{},"geometry":{"type":"Polygon","coordinates":[[[-103.366344,25.560714],[-103.366209,25.560504],[-103.366117,25.560553],[-103.366252,25.560763],[-103.366344,25.560714]]]}},{"type":"Feature","properties":{},"geometry":{"type":"Polygon","coordinates":[[[-103.366437,25.560665],[-103.366301,25.560455],[-103.366209,25.560504],[-103.366344,25.560714],[-103.366437,25.560665]]]}},{"type":"Feature","properties":{},"geometry":{"type":"Polygon","coordinates":[[[-103.366529,25.560617],[-103.366394,25.560406],[-103.366301,25.560455],[-103.366437,25.560665],[-103.366529,25.560617]]]}},{"type":"Feature","properties":{},"geometry":{"type":"Polygon","coordinates":[[[-103.366621,25.560568],[-103.366486,25.560357],[-103.366394,25.560406],[-103.366529,25.560617],[-103.366621,25.560568]]]}},{"type":"Feature","properties":{},"geometry":{"type":"Polygon","coordinates":[[[-103.366714,25.560519],[-103.366578,25.560308],[-103.366486,25.560357],[-103.366621,25.560568],[-103.366714,25.560519]]]}},{"type":"Feature","properties":{},"geometry":{"type":"Polygon","coordinates":[[[-103.366806,25.56047],[-103.366671,25.560259],[-103.366578,25.560308],[-103.366714,25.560519],[-103.366806,25.56047]]]}},{"type":"Feature","properties":{},"geometry":{"type":"Polygon","coordinates":[[[-103.366898,25.560421],[-103.366763,25.560211],[-103.366671,25.560259],[-103.366806,25.56047],[-103.366898,25.560421]]]}},{"type":"Feature","properties":{},"geometry":{"type":"Polygon","coordinates":[[[-103.367094,25.560318],[-103.366958,25.560107],[-103.366866,25.560156],[-103.367001,25.560367],[-103.367094,25.560318]]]}},{"type":"Feature","properties":{},"geometry":{"type":"Polygon","coordinates":[[[-103.367186,25.560269],[-103.367051,25.560058],[-103.366958,25.560107],[-103.367094,25.560318],[-103.367186,25.560269]]]}},{"type":"Feature","properties":{},"geometry":{"type":"Polygon","coordinates":[[[-103.367278,25.56022],[-103.367143,25.56001],[-103.367051,25.560058],[-103.367186,25.560269],[-103.367278,25.56022]]]}},{"type":"Feature","properties":{},"geometry":{"type":"Polygon","coordinates":[[[-103.367371,25.560171],[-103.367235,25.559961],[-103.367143,25.56001],[-103.367278,25.56022],[-103.367371,25.560171]]]}},{"type":"Feature","properties":{},"geometry":{"type":"Polygon","coordinates":[[[-103.367463,25.560122],[-103.367328,25.559912],[-103.367235,25.559961],[-103.367371,25.560171],[-103.367463,25.560122]]]}},{"type":"Feature","properties":{},"geometry":{"type":"Polygon","coordinates":[[[-103.367555,25.560074],[-103.36742,25.559863],[-103.367328,25.559912],[-103.367463,25.560122],[-103.367555,25.560074]]]}},{"type":"Feature","properties":{},"geometry":{"type":"Polygon","coordinates":[[[-103.367648,25.560025],[-103.367512,25.559814],[-103.36742,25.559863],[-103.367555,25.560074],[-103.367648,25.560025]]]}},{"type":"Feature","properties":{},"geometry":{"type":"Polygon","coordinates":[[[-103.36774,25.559976],[-103.367605,25.559765],[-103.367512,25.559814],[-103.367648,25.560025],[-103.36774,25.559976]]]}},{"type":"Feature","properties":{},"geometry":{"type":"Polygon","coordinates":[[[-103.367832,25.559927],[-103.367697,25.559716],[-103.367605,25.559765],[-103.36774,25.559976],[-103.367832,25.559927]]]}},{"type":"Feature","properties":{},"geometry":{"type":"Polygon","coordinates":[[[-103.367925,25.559878],[-103.367789,25.559668],[-103.367697,25.559716],[-103.367832,25.559927],[-103.367925,25.559878]]]}},{"type":"Feature","properties":{},"geometry":{"type":"Polygon","coordinates":[[[-103.368017,25.559829],[-103.367882,25.559619],[-103.367789,25.559668],[-103.367925,25.559878],[-103.368017,25.559829]]]}},{"type":"Feature","properties":{},"geometry":{"type":"Polygon","coordinates":[[[-103.368109,25.55978],[-103.367974,25.55957],[-103.367882,25.559619],[-103.368017,25.559829],[-103.368109,25.55978]]]}},{"type":"Feature","properties":{},"geometry":{"type":"Polygon","coordinates":[[[-103.368202,25.559732],[-103.368066,25.559521],[-103.367974,25.55957],[-103.368109,25.55978],[-103.368202,25.559732]]]}},{"type":"Feature","properties":{},"geometry":{"type":"Polygon","coordinates":[[[-103.368294,25.559683],[-103.368159,25.559472],[-103.368066,25.559521],[-103.368202,25.559732],[-103.368294,25.559683]]]}},{"type":"Feature","properties":{},"geometry":{"type":"Polygon","coordinates":[[[-103.368386,25.559634],[-103.368251,25.559423],[-103.368159,25.559472],[-103.368294,25.559683],[-103.368386,25.559634]]]}},{"type":"Feature","properties":{},"geometry":{"type":"Polygon","coordinates":[[[-103.368479,25.559585],[-103.368343,25.559374],[-103.368251,25.559423],[-103.368386,25.559634],[-103.368479,25.559585]]]}},{"type":"Feature","properties":{},"geometry":{"type":"Polygon","coordinates":[[[-103.368674,25.559482],[-103.368539,25.559271],[-103.368447,25.55932],[-103.368582,25.55953],[-103.368674,25.559482]]]}},{"type":"Feature","properties":{},"geometry":{"type":"Polygon","coordinates":[[[-103.368767,25.559433],[-103.368631,25.559222],[-103.368539,25.559271],[-103.368674,25.559482],[-103.368767,25.559433]]]}},{"type":"Feature","properties":{},"geometry":{"type":"Polygon","coordinates":[[[-103.358083,25.565492],[-103.357947,25.565282],[-103.357855,25.56533],[-103.35799,25.565541],[-103.358083,25.565492]]]}},{"type":"Feature","properties":{},"geometry":{"type":"Polygon","coordinates":[[[-103.358175,25.565443],[-103.35804,25.565233],[-103.357947,25.565282],[-103.358083,25.565492],[-103.358175,25.565443]]]}},{"type":"Feature","properties":{},"geometry":{"type":"Polygon","coordinates":[[[-103.358267,25.565394],[-103.358132,25.565184],[-103.35804,25.565233],[-103.358175,25.565443],[-103.358267,25.565394]]]}},{"type":"Feature","properties":{},"geometry":{"type":"Polygon","coordinates":[[[-103.35836,25.565346],[-103.358224,25.565135],[-103.358132,25.565184],[-103.358267,25.565394],[-103.35836,25.565346]]]}},{"type":"Feature","properties":{},"geometry":{"type":"Polygon","coordinates":[[[-103.358452,25.565297],[-103.358317,25.565086],[-103.358224,25.565135],[-103.35836,25.565346],[-103.358452,25.565297]]]}},{"type":"Feature","properties":{},"geometry":{"type":"Polygon","coordinates":[[[-103.358544,25.565248],[-103.358409,25.565037],[-103.358317,25.565086],[-103.358452,25.565297],[-103.358544,25.565248]]]}},{"type":"Feature","properties":{},"geometry":{"type":"Polygon","coordinates":[[[-103.358637,25.565199],[-103.358501,25.564988],[-103.358409,25.565037],[-103.358544,25.565248],[-103.358637,25.565199]]]}},{"type":"Feature","properties":{},"geometry":{"type":"Polygon","coordinates":[[[-103.358729,25.56515],[-103.358594,25.56494],[-103.358501,25.564988],[-103.358637,25.565199],[-103.358729,25.56515]]]}},{"type":"Feature","properties":{},"geometry":{"type":"Polygon","coordinates":[[[-103.358821,25.565101],[-103.358686,25.564891],[-103.358594,25.56494],[-103.358729,25.56515],[-103.358821,25.565101]]]}},{"type":"Feature","properties":{},"geometry":{"type":"Polygon","coordinates":[[[-103.358914,25.565052],[-103.358778,25.564842],[-103.358686,25.564891],[-103.358821,25.565101],[-103.358914,25.565052]]]}},{"type":"Feature","properties":{},"geometry":{"type":"Polygon","coordinates":[[[-103.359006,25.565004],[-103.358871,25.564793],[-103.358778,25.564842],[-103.358914,25.565052],[-103.359006,25.565004]]]}},{"type":"Feature","properties":{},"geometry":{"type":"Polygon","coordinates":[[[-103.359098,25.564955],[-103.358963,25.564744],[-103.358871,25.564793],[-103.359006,25.565004],[-103.359098,25.564955]]]}},{"type":"Feature","properties":{},"geometry":{"type":"Polygon","coordinates":[[[-103.359191,25.564906],[-103.359055,25.564695],[-103.358963,25.564744],[-103.359098,25.564955],[-103.359191,25.564906]]]}},{"type":"Feature","properties":{},"geometry":{"type":"Polygon","coordinates":[[[-103.359386,25.564803],[-103.359251,25.564592],[-103.359159,25.564641],[-103.359294,25.564851],[-103.359386,25.564803]]]}},{"type":"Feature","properties":{},"geometry":{"type":"Polygon","coordinates":[[[-103.359479,25.564754],[-103.359343,25.564543],[-103.359251,25.564592],[-103.359386,25.564803],[-103.359479,25.564754]]]}},{"type":"Feature","properties":{},"geometry":{"type":"Polygon","coordinates":[[[-103.359571,25.564705],[-103.359436,25.564494],[-103.359343,25.564543],[-103.359479,25.564754],[-103.359571,25.564705]]]}},{"type":"Feature","properties":{},"geometry":{"type":"Polygon","coordinates":[[[-103.359663,25.564656],[-103.359528,25.564445],[-103.359436,25.564494],[-103.359571,25.564705],[-103.359663,25.564656]]]}},{"type":"Feature","properties":{},"geometry":{"type":"Polygon","coordinates":[[[-103.359756,25.564607],[-103.35962,25.564397],[-103.359528,25.564445],[-103.359663,25.564656],[-103.359756,25.564607]]]}},{"type":"Feature","properties":{},"geometry":{"type":"Polygon","coordinates":[[[-103.359848,25.564558],[-103.359713,25.564348],[-103.35962,25.564397],[-103.359756,25.564607],[-103.359848,25.564558]]]}},{"type":"Feature","properties":{},"geometry":{"type":"Polygon","coordinates":[[[-103.35994,25.564509],[-103.359805,25.564299],[-103.359713,25.564348],[-103.359848,25.564558],[-103.35994,25.564509]]]}},{"type":"Feature","properties":{},"geometry":{"type":"Polygon","coordinates":[[[-103.360033,25.564461],[-103.359897,25.56425],[-103.359805,25.564299],[-103.35994,25.564509],[-103.360033,25.564461]]]}},{"type":"Feature","properties":{},"geometry":{"type":"Polygon","coordinates":[[[-103.360125,25.564412],[-103.35999,25.564201],[-103.359897,25.56425],[-103.360033,25.564461],[-103.360125,25.564412]]]}},{"type":"Feature","properties":{},"geometry":{"type":"Polygon","coordinates":[[[-103.360217,25.564363],[-103.360082,25.564152],[-103.35999,25.564201],[-103.360125,25.564412],[-103.360217,25.564363]]]}},{"type":"Feature","properties":{},"geometry":{"type":"Polygon","coordinates":[[[-103.36031,25.564314],[-103.360174,25.564104],[-103.360082,25.564152],[-103.360217,25.564363],[-103.36031,25.564314]]]}},{"type":"Feature","properties":{},"geometry":{"type":"Polygon","coordinates":[[[-103.361336,25.563771],[-103.361201,25.56356],[-103.361109,25.563609],[-103.361244,25.56382],[-103.361336,25.563771]]]}},{"type":"Feature","properties":{},"geometry":{"type":"Polygon","coordinates":[[[-103.361429,25.563722],[-103.361293,25.563512],[-103.361201,25.56356],[-103.361336,25.563771],[-103.361429,25.563722]]]}},{"type":"Feature","properties":{},"geometry":{"type":"Polygon","coordinates":[[[-103.361521,25.563673],[-103.361386,25.563463],[-103.361293,25.563512],[-103.361429,25.563722],[-103.361521,25.563673]]]}},{"type":"Feature","properties":{},"geometry":{"type":"Polygon","coordinates":[[[-103.361613,25.563625],[-103.361478,25.563414],[-103.361386,25.563463],[-103.361521,25.563673],[-103.361613,25.563625]]]}},{"type":"Feature","properties":{},"geometry":{"type":"Polygon","coordinates":[[[-103.361706,25.563576],[-103.36157,25.563365],[-103.361478,25.563414],[-103.361613,25.563625],[-103.361706,25.563576]]]}},{"type":"Feature","properties":{},"geometry":{"type":"Polygon","coordinates":[[[-103.361798,25.563527],[-103.361663,25.563316],[-103.36157,25.563365],[-103.361706,25.563576],[-103.361798,25.563527]]]}},{"type":"Feature","properties":{},"geometry":{"type":"Polygon","coordinates":[[[-103.36189,25.563478],[-103.361755,25.563267],[-103.361663,25.563316],[-103.361798,25.563527],[-103.36189,25.563478]]]}},{"type":"Feature","properties":{},"geometry":{"type":"Polygon","coordinates":[[[-103.361983,25.563429],[-103.361847,25.563219],[-103.361755,25.563267],[-103.36189,25.563478],[-103.361983,25.563429]]]}},{"type":"Feature","properties":{},"geometry":{"type":"Polygon","coordinates":[[[-103.362075,25.56338],[-103.36194,25.56317],[-103.361847,25.563219],[-103.361983,25.563429],[-103.362075,25.56338]]]}},{"type":"Feature","properties":{},"geometry":{"type":"Polygon","coordinates":[[[-103.362167,25.563331],[-103.362032,25.563121],[-103.36194,25.56317],[-103.362075,25.56338],[-103.362167,25.563331]]]}},{"type":"Feature","properties":{},"geometry":{"type":"Polygon","coordinates":[[[-103.36226,25.563283],[-103.362124,25.563072],[-103.362032,25.563121],[-103.362167,25.563331],[-103.36226,25.563283]]]}},{"type":"Feature","properties":{},"geometry":{"type":"Polygon","coordinates":[[[-103.362352,25.563234],[-103.362217,25.563023],[-103.362124,25.563072],[-103.36226,25.563283],[-103.362352,25.563234]]]}},{"type":"Feature","properties":{},"geometry":{"type":"Polygon","coordinates":[[[-103.362548,25.56313],[-103.362412,25.56292],[-103.36232,25.562969],[-103.362455,25.563179],[-103.362548,25.56313]]]}},{"type":"Feature","properties":{},"geometry":{"type":"Polygon","coordinates":[[[-103.36264,25.563081],[-103.362505,25.562871],[-103.362412,25.56292],[-103.362548,25.56313],[-103.36264,25.563081]]]}},{"type":"Feature","properties":{},"geometry":{"type":"Polygon","coordinates":[[[-103.362732,25.563033],[-103.362597,25.562822],[-103.362505,25.562871],[-103.36264,25.563081],[-103.362732,25.563033]]]}},{"type":"Feature","properties":{},"geometry":{"type":"Polygon","coordinates":[[[-103.362825,25.562984],[-103.362689,25.562773],[-103.362597,25.562822],[-103.362732,25.563033],[-103.362825,25.562984]]]}},{"type":"Feature","properties":{},"geometry":{"type":"Polygon","coordinates":[[[-103.362917,25.562935],[-103.362782,25.562724],[-103.362689,25.562773],[-103.362825,25.562984],[-103.362917,25.562935]]]}},{"type":"Feature","properties":{},"geometry":{"type":"Polygon","coordinates":[[[-103.363009,25.562886],[-103.362874,25.562676],[-103.362782,25.562724],[-103.362917,25.562935],[-103.363009,25.562886]]]}},{"type":"Feature","properties":{},"geometry":{"type":"Polygon","coordinates":[[[-103.363102,25.562837],[-103.362966,25.562627],[-103.362874,25.562676],[-103.363009,25.562886],[-103.363102,25.562837]]]}},{"type":"Feature","properties":{},"geometry":{"type":"Polygon","coordinates":[[[-103.363194,25.562788],[-103.363059,25.562578],[-103.362966,25.562627],[-103.363102,25.562837],[-103.363194,25.562788]]]}},{"type":"Feature","properties":{},"geometry":{"type":"Polygon","coordinates":[[[-103.363286,25.56274],[-103.363151,25.562529],[-103.363059,25.562578],[-103.363194,25.562788],[-103.363286,25.56274]]]}},{"type":"Feature","properties":{},"geometry":{"type":"Polygon","coordinates":[[[-103.363379,25.562691],[-103.363243,25.56248],[-103.363151,25.562529],[-103.363286,25.56274],[-103.363379,25.562691]]]}},{"type":"Feature","properties":{},"geometry":{"type":"Polygon","coordinates":[[[-103.363471,25.562642],[-103.363336,25.562431],[-103.363243,25.56248],[-103.363379,25.562691],[-103.363471,25.562642]]]}},{"type":"Feature","properties":{},"geometry":{"type":"Polygon","coordinates":[[[-103.363563,25.562593],[-103.363428,25.562382],[-103.363336,25.562431],[-103.363471,25.562642],[-103.363563,25.562593]]]}},{"type":"Feature","properties":{},"geometry":{"type":"Polygon","coordinates":[[[-103.363656,25.562544],[-103.36352,25.562334],[-103.363428,25.562382],[-103.363563,25.562593],[-103.363656,25.562544]]]}},{"type":"Feature","properties":{},"geometry":{"type":"Polygon","coordinates":[[[-103.363748,25.562495],[-103.363613,25.562285],[-103.36352,25.562334],[-103.363656,25.562544],[-103.363748,25.562495]]]}},{"type":"Feature","properties":{},"geometry":{"type":"Polygon","coordinates":[[[-103.36384,25.562446],[-103.363705,25.562236],[-103.363613,25.562285],[-103.363748,25.562495],[-103.36384,25.562446]]]}},{"type":"Feature","properties":{},"geometry":{"type":"Polygon","coordinates":[[[-103.363933,25.562398],[-103.363797,25.562187],[-103.363705,25.562236],[-103.36384,25.562446],[-103.363933,25.562398]]]}},{"type":"Feature","properties":{},"geometry":{"type":"Polygon","coordinates":[[[-103.364128,25.562294],[-103.363993,25.562084],[-103.3639,25.562132],[-103.364036,25.562343],[-103.364128,25.562294]]]}},{"type":"Feature","properties":{},"geometry":{"type":"Polygon","coordinates":[[[-103.364221,25.562245],[-103.364085,25.562035],[-103.363993,25.562084],[-103.364128,25.562294],[-103.364221,25.562245]]]}},{"type":"Feature","properties":{},"geometry":{"type":"Polygon","coordinates":[[[-103.364313,25.562196],[-103.364177,25.561986],[-103.364085,25.562035],[-103.364221,25.562245],[-103.364313,25.562196]]]}},{"type":"Feature","properties":{},"geometry":{"type":"Polygon","coordinates":[[[-103.364405,25.562148],[-103.36427,25.561937],[-103.364177,25.561986],[-103.364313,25.562196],[-103.364405,25.562148]]]}},{"type":"Feature","properties":{},"geometry":{"type":"Polygon","coordinates":[[[-103.364498,25.562099],[-103.364362,25.561888],[-103.36427,25.561937],[-103.364405,25.562148],[-103.364498,25.562099]]]}},{"type":"Feature","properties":{},"geometry":{"type":"Polygon","coordinates":[[[-103.36459,25.56205],[-103.364455,25.561839],[-103.364362,25.561888],[-103.364498,25.562099],[-103.36459,25.56205]]]}},{"type":"Feature","properties":{},"geometry":{"type":"Polygon","coordinates":[[[-103.364682,25.562001],[-103.364547,25.561791],[-103.364455,25.561839],[-103.36459,25.56205],[-103.364682,25.562001]]]}},{"type":"Feature","properties":{},"geometry":{"type":"Polygon","coordinates":[[[-103.364775,25.561952],[-103.364639,25.561742],[-103.364547,25.561791],[-103.364682,25.562001],[-103.364775,25.561952]]]}},{"type":"Feature","properties":{},"geometry":{"type":"Polygon","coordinates":[[[-103.364867,25.561903],[-103.364732,25.561693],[-103.364639,25.561742],[-103.364775,25.561952],[-103.364867,25.561903]]]}},{"type":"Feature","properties":{},"geometry":{"type":"Polygon","coordinates":[[[-103.364959,25.561855],[-103.364824,25.561644],[-103.364732,25.561693],[-103.364867,25.561903],[-103.364959,25.561855]]]}},{"type":"Feature","properties":{},"geometry":{"type":"Polygon","coordinates":[[[-103.365052,25.561806],[-103.364916,25.561595],[-103.364824,25.561644],[-103.364959,25.561855],[-103.365052,25.561806]]]}},{"type":"Feature","properties":{},"geometry":{"type":"Polygon","coordinates":[[[-103.365144,25.561757],[-103.365009,25.561546],[-103.364916,25.561595],[-103.365052,25.561806],[-103.365144,25.561757]]]}},{"type":"Feature","properties":{},"geometry":{"type":"Polygon","coordinates":[[[-103.365236,25.561708],[-103.365101,25.561497],[-103.365009,25.561546],[-103.365144,25.561757],[-103.365236,25.561708]]]}},{"type":"Feature","properties":{},"geometry":{"type":"Polygon","coordinates":[[[-103.365329,25.561659],[-103.365193,25.561449],[-103.365101,25.561497],[-103.365236,25.561708],[-103.365329,25.561659]]]}},{"type":"Feature","properties":{},"geometry":{"type":"Polygon","coordinates":[[[-103.365421,25.56161],[-103.365286,25.5614],[-103.365193,25.561449],[-103.365329,25.561659],[-103.365421,25.56161]]]}},{"type":"Feature","properties":{},"geometry":{"type":"Polygon","coordinates":[[[-103.365513,25.561561],[-103.365378,25.561351],[-103.365286,25.5614],[-103.365421,25.56161],[-103.365513,25.561561]]]}},{"type":"Feature","properties":{},"geometry":{"type":"Polygon","coordinates":[[[-103.365709,25.561458],[-103.365573,25.561247],[-103.365481,25.561296],[-103.365616,25.561507],[-103.365709,25.561458]]]}},{"type":"Feature","properties":{},"geometry":{"type":"Polygon","coordinates":[[[-103.365801,25.561409],[-103.365666,25.561199],[-103.365573,25.561247],[-103.365709,25.561458],[-103.365801,25.561409]]]}},{"type":"Feature","properties":{},"geometry":{"type":"Polygon","coordinates":[[[-103.365893,25.56136],[-103.365758,25.56115],[-103.365666,25.561199],[-103.365801,25.561409],[-103.365893,25.56136]]]}},{"type":"Feature","properties":{},"geometry":{"type":"Polygon","coordinates":[[[-103.365986,25.561311],[-103.36585,25.561101],[-103.365758,25.56115],[-103.365893,25.56136],[-103.365986,25.561311]]]}},{"type":"Feature","properties":{},"geometry":{"type":"Polygon","coordinates":[[[-103.366078,25.561263],[-103.365943,25.561052],[-103.36585,25.561101],[-103.365986,25.561311],[-103.366078,25.561263]]]}},{"type":"Feature","properties":{},"geometry":{"type":"Polygon","coordinates":[[[-103.36617,25.561214],[-103.366035,25.561003],[-103.365943,25.561052],[-103.366078,25.561263],[-103.36617,25.561214]]]}},{"type":"Feature","properties":{},"geometry":{"type":"Polygon","coordinates":[[[-103.366263,25.561165],[-103.366127,25.560954],[-103.366035,25.561003],[-103.36617,25.561214],[-103.366263,25.561165]]]}},{"type":"Feature","properties":{},"geometry":{"type":"Polygon","coordinates":[[[-103.366355,25.561116],[-103.36622,25.560906],[-103.366127,25.560954],[-103.366263,25.561165],[-103.366355,25.561116]]]}},{"type":"Feature","properties":{},"geometry":{"type":"Polygon","coordinates":[[[-103.366447,25.561067],[-103.366312,25.560857],[-103.36622,25.560906],[-103.366355,25.561116],[-103.366447,25.561067]]]}},{"type":"Feature","properties":{},"geometry":{"type":"Polygon","coordinates":[[[-103.36654,25.561018],[-103.366404,25.560808],[-103.366312,25.560857],[-103.366447,25.561067],[-103.36654,25.561018]]]}},{"type":"Feature","properties":{},"geometry":{"type":"Polygon","coordinates":[[[-103.366632,25.56097],[-103.366497,25.560759],[-103.366404,25.560808],[-103.36654,25.561018],[-103.366632,25.56097]]]}},{"type":"Feature","properties":{},"geometry":{"type":"Polygon","coordinates":[[[-103.366724,25.560921],[-103.366589,25.56071],[-103.366497,25.560759],[-103.366632,25.56097],[-103.366724,25.560921]]]}},{"type":"Feature","properties":{},"geometry":{"type":"Polygon","coordinates":[[[-103.366817,25.560872],[-103.366681,25.560661],[-103.366589,25.56071],[-103.366724,25.560921],[-103.366817,25.560872]]]}},{"type":"Feature","properties":{},"geometry":{"type":"Polygon","coordinates":[[[-103.366909,25.560823],[-103.366774,25.560612],[-103.366681,25.560661],[-103.366817,25.560872],[-103.366909,25.560823]]]}},{"type":"Feature","properties":{},"geometry":{"type":"Polygon","coordinates":[[[-103.367001,25.560774],[-103.366866,25.560564],[-103.366774,25.560612],[-103.366909,25.560823],[-103.367001,25.560774]]]}},{"type":"Feature","properties":{},"geometry":{"type":"Polygon","coordinates":[[[-103.367094,25.560725],[-103.366958,25.560515],[-103.366866,25.560564],[-103.367001,25.560774],[-103.367094,25.560725]]]}},{"type":"Feature","properties":{},"geometry":{"type":"Polygon","coordinates":[[[-103.367289,25.560622],[-103.367154,25.560411],[-103.367062,25.56046],[-103.367197,25.560671],[-103.367289,25.560622]]]}},{"type":"Feature","properties":{},"geometry":{"type":"Polygon","coordinates":[[[-103.367382,25.560573],[-103.367246,25.560362],[-103.367154,25.560411],[-103.367289,25.560622],[-103.367382,25.560573]]]}},{"type":"Feature","properties":{},"geometry":{"type":"Polygon","coordinates":[[[-103.367474,25.560524],[-103.367339,25.560314],[-103.367246,25.560362],[-103.367382,25.560573],[-103.367474,25.560524]]]}},{"type":"Feature","properties":{},"geometry":{"type":"Polygon","coordinates":[[[-103.367566,25.560475],[-103.367431,25.560265],[-103.367339,25.560314],[-103.367474,25.560524],[-103.367566,25.560475]]]}},{"type":"Feature","properties":{},"geometry":{"type":"Polygon","coordinates":[[[-103.367659,25.560426],[-103.367523,25.560216],[-103.367431,25.560265],[-103.367566,25.560475],[-103.367659,25.560426]]]}},{"type":"Feature","properties":{},"geometry":{"type":"Polygon","coordinates":[[[-103.367751,25.560378],[-103.367616,25.560167],[-103.367523,25.560216],[-103.367659,25.560426],[-103.367751,25.560378]]]}},{"type":"Feature","properties":{},"geometry":{"type":"Polygon","coordinates":[[[-103.367843,25.560329],[-103.367708,25.560118],[-103.367616,25.560167],[-103.367751,25.560378],[-103.367843,25.560329]]]}},{"type":"Feature","properties":{},"geometry":{"type":"Polygon","coordinates":[[[-103.367936,25.56028],[-103.3678,25.560069],[-103.367708,25.560118],[-103.367843,25.560329],[-103.367936,25.56028]]]}},{"type":"Feature","properties":{},"geometry":{"type":"Polygon","coordinates":[[[-103.368028,25.560231],[-103.367893,25.560021],[-103.3678,25.560069],[-103.367936,25.56028],[-103.368028,25.560231]]]}},{"type":"Feature","properties":{},"geometry":{"type":"Polygon","coordinates":[[[-103.36812,25.560182],[-103.367985,25.559972],[-103.367893,25.560021],[-103.368028,25.560231],[-103.36812,25.560182]]]}},{"type":"Feature","properties":{},"geometry":{"type":"Polygon","coordinates":[[[-103.368213,25.560133],[-103.368077,25.559923],[-103.367985,25.559972],[-103.36812,25.560182],[-103.368213,25.560133]]]}},{"type":"Feature","properties":{},"geometry":{"type":"Polygon","coordinates":[[[-103.368305,25.560085],[-103.36817,25.559874],[-103.368077,25.559923],[-103.368213,25.560133],[-103.368305,25.560085]]]}},{"type":"Feature","properties":{},"geometry":{"type":"Polygon","coordinates":[[[-103.368397,25.560036],[-103.368262,25.559825],[-103.36817,25.559874],[-103.368305,25.560085],[-103.368397,25.560036]]]}},{"type":"Feature","properties":{},"geometry":{"type":"Polygon","coordinates":[[[-103.36849,25.559987],[-103.368354,25.559776],[-103.368262,25.559825],[-103.368397,25.560036],[-103.36849,25.559987]]]}},{"type":"Feature","properties":{},"geometry":{"type":"Polygon","coordinates":[[[-103.368582,25.559938],[-103.368447,25.559727],[-103.368354,25.559776],[-103.36849,25.559987],[-103.368582,25.559938]]]}},{"type":"Feature","properties":{},"geometry":{"type":"Polygon","coordinates":[[[-103.368674,25.559889],[-103.368539,25.559679],[-103.368447,25.559727],[-103.368582,25.559938],[-103.368674,25.559889]]]}},{"type":"Feature","properties":{},"geometry":{"type":"Polygon","coordinates":[[[-103.36887,25.559786],[-103.368734,25.559575],[-103.368642,25.559624],[-103.368778,25.559835],[-103.36887,25.559786]]]}},{"type":"Feature","properties":{},"geometry":{"type":"Polygon","coordinates":[[[-103.358126,25.565751],[-103.35799,25.565541],[-103.357898,25.56559],[-103.358033,25.5658],[-103.358126,25.565751]]]}},{"type":"Feature","properties":{},"geometry":{"type":"Polygon","coordinates":[[[-103.358218,25.565703],[-103.358083,25.565492],[-103.35799,25.565541],[-103.358126,25.565751],[-103.358218,25.565703]]]}},{"type":"Feature","properties":{},"geometry":{"type":"Polygon","coordinates":[[[-103.35831,25.565654],[-103.358175,25.565443],[-103.358083,25.565492],[-103.358218,25.565703],[-103.35831,25.565654]]]}},{"type":"Feature","properties":{},"geometry":{"type":"Polygon","coordinates":[[[-103.358403,25.565605],[-103.358267,25.565394],[-103.358175,25.565443],[-103.35831,25.565654],[-103.358403,25.565605]]]}},{"type":"Feature","properties":{},"geometry":{"type":"Polygon","coordinates":[[[-103.358495,25.565556],[-103.35836,25.565346],[-103.358267,25.565394],[-103.358403,25.565605],[-103.358495,25.565556]]]}},{"type":"Feature","properties":{},"geometry":{"type":"Polygon","coordinates":[[[-103.358587,25.565507],[-103.358452,25.565297],[-103.35836,25.565346],[-103.358495,25.565556],[-103.358587,25.565507]]]}},{"type":"Feature","properties":{},"geometry":{"type":"Polygon","coordinates":[[[-103.35868,25.565458],[-103.358544,25.565248],[-103.358452,25.565297],[-103.358587,25.565507],[-103.35868,25.565458]]]}},{"type":"Feature","properties":{},"geometry":{"type":"Polygon","coordinates":[[[-103.358772,25.56541],[-103.358637,25.565199],[-103.358544,25.565248],[-103.35868,25.565458],[-103.358772,25.56541]]]}},{"type":"Feature","properties":{},"geometry":{"type":"Polygon","coordinates":[[[-103.358864,25.565361],[-103.358729,25.56515],[-103.358637,25.565199],[-103.358772,25.56541],[-103.358864,25.565361]]]}},{"type":"Feature","properties":{},"geometry":{"type":"Polygon","coordinates":[[[-103.358957,25.565312],[-103.358821,25.565101],[-103.358729,25.56515],[-103.358864,25.565361],[-103.358957,25.565312]]]}},{"type":"Feature","properties":{},"geometry":{"type":"Polygon","coordinates":[[[-103.359049,25.565263],[-103.358914,25.565052],[-103.358821,25.565101],[-103.358957,25.565312],[-103.359049,25.565263]]]}},{"type":"Feature","properties":{},"geometry":{"type":"Polygon","coordinates":[[[-103.359141,25.565214],[-103.359006,25.565004],[-103.358914,25.565052],[-103.359049,25.565263],[-103.359141,25.565214]]]}},{"type":"Feature","properties":{},"geometry":{"type":"Polygon","coordinates":[[[-103.359234,25.565165],[-103.359098,25.564955],[-103.359006,25.565004],[-103.359141,25.565214],[-103.359234,25.565165]]]}},{"type":"Feature","properties":{},"geometry":{"type":"Polygon","coordinates":[[[-103.359326,25.565116],[-103.359191,25.564906],[-103.359098,25.564955],[-103.359234,25.565165],[-103.359326,25.565116]]]}},{"type":"Feature","properties":{},"geometry":{"type":"Polygon","coordinates":[[[-103.359522,25.565013],[-103.359386,25.564803],[-103.359294,25.564851],[-103.359429,25.565062],[-103.359522,25.565013]]]}},{"type":"Feature","properties":{},"geometry":{"type":"Polygon","coordinates":[[[-103.359614,25.564964],[-103.359479,25.564754],[-103.359386,25.564803],[-103.359522,25.565013],[-103.359614,25.564964]]]}},{"type":"Feature","properties":{},"geometry":{"type":"Polygon","coordinates":[[[-103.359706,25.564915],[-103.359571,25.564705],[-103.359479,25.564754],[-103.359614,25.564964],[-103.359706,25.564915]]]}},{"type":"Feature","properties":{},"geometry":{"type":"Polygon","coordinates":[[[-103.359799,25.564867],[-103.359663,25.564656],[-103.359571,25.564705],[-103.359706,25.564915],[-103.359799,25.564867]]]}},{"type":"Feature","properties":{},"geometry":{"type":"Polygon","coordinates":[[[-103.359891,25.564818],[-103.359756,25.564607],[-103.359663,25.564656],[-103.359799,25.564867],[-103.359891,25.564818]]]}},{"type":"Feature","properties":{},"geometry":{"type":"Polygon","coordinates":[[[-103.359983,25.564769],[-103.359848,25.564558],[-103.359756,25.564607],[-103.359891,25.564818],[-103.359983,25.564769]]]}},{"type":"Feature","properties":{},"geometry":{"type":"Polygon","coordinates":[[[-103.360076,25.56472],[-103.35994,25.564509],[-103.359848,25.564558],[-103.359983,25.564769],[-103.360076,25.56472]]]}},{"type":"Feature","properties":{},"geometry":{"type":"Polygon","coordinates":[[[-103.360168,25.564671],[-103.360033,25.564461],[-103.35994,25.564509],[-103.360076,25.56472],[-103.360168,25.564671]]]}},{"type":"Feature","properties":{},"geometry":{"type":"Polygon","coordinates":[[[-103.36026,25.564622],[-103.360125,25.564412],[-103.360033,25.564461],[-103.360168,25.564671],[-103.36026,25.564622]]]}},{"type":"Feature","properties":{},"geometry":{"type":"Polygon","coordinates":[[[-103.360353,25.564573],[-103.360217,25.564363],[-103.360125,25.564412],[-103.36026,25.564622],[-103.360353,25.564573]]]}},{"type":"Feature","properties":{},"geometry":{"type":"Polygon","coordinates":[[[-103.360445,25.564525],[-103.36031,25.564314],[-103.360217,25.564363],[-103.360353,25.564573],[-103.360445,25.564525]]]}},{"type":"Feature","properties":{},"geometry":{"type":"Polygon","coordinates":[[[-103.360537,25.564476],[-103.360402,25.564265],[-103.36031,25.564314],[-103.360445,25.564525],[-103.360537,25.564476]]]}},{"type":"Feature","properties":{},"geometry":{"type":"Polygon","coordinates":[[[-103.36063,25.564427],[-103.360494,25.564216],[-103.360402,25.564265],[-103.360537,25.564476],[-103.36063,25.564427]]]}},{"type":"Feature","properties":{},"geometry":{"type":"Polygon","coordinates":[[[-103.360722,25.564378],[-103.360587,25.564168],[-103.360494,25.564216],[-103.36063,25.564427],[-103.360722,25.564378]]]}},{"type":"Feature","properties":{},"geometry":{"type":"Polygon","coordinates":[[[-103.360814,25.564329],[-103.360679,25.564119],[-103.360587,25.564168],[-103.360722,25.564378],[-103.360814,25.564329]]]}},{"type":"Feature","properties":{},"geometry":{"type":"Polygon","coordinates":[[[-103.360907,25.56428],[-103.360771,25.56407],[-103.360679,25.564119],[-103.360814,25.564329],[-103.360907,25.56428]]]}},{"type":"Feature","properties":{},"geometry":{"type":"Polygon","coordinates":[[[-103.361102,25.564177],[-103.360967,25.563966],[-103.360875,25.564015],[-103.36101,25.564226],[-103.361102,25.564177]]]}},{"type":"Feature","properties":{},"geometry":{"type":"Polygon","coordinates":[[[-103.361195,25.564128],[-103.361059,25.563918],[-103.360967,25.563966],[-103.361102,25.564177],[-103.361195,25.564128]]]}},{"type":"Feature","properties":{},"geometry":{"type":"Polygon","coordinates":[[[-103.361287,25.564079],[-103.361152,25.563869],[-103.361059,25.563918],[-103.361195,25.564128],[-103.361287,25.564079]]]}},{"type":"Feature","properties":{},"geometry":{"type":"Polygon","coordinates":[[[-103.361379,25.56403],[-103.361244,25.56382],[-103.361152,25.563869],[-103.361287,25.564079],[-103.361379,25.56403]]]}},{"type":"Feature","properties":{},"geometry":{"type":"Polygon","coordinates":[[[-103.361472,25.563982],[-103.361336,25.563771],[-103.361244,25.56382],[-103.361379,25.56403],[-103.361472,25.563982]]]}},{"type":"Feature","properties":{},"geometry":{"type":"Polygon","coordinates":[[[-103.361564,25.563933],[-103.361429,25.563722],[-103.361336,25.563771],[-103.361472,25.563982],[-103.361564,25.563933]]]}},{"type":"Feature","properties":{},"geometry":{"type":"Polygon","coordinates":[[[-103.361656,25.563884],[-103.361521,25.563673],[-103.361429,25.563722],[-103.361564,25.563933],[-103.361656,25.563884]]]}},{"type":"Feature","properties":{},"geometry":{"type":"Polygon","coordinates":[[[-103.361749,25.563835],[-103.361613,25.563625],[-103.361521,25.563673],[-103.361656,25.563884],[-103.361749,25.563835]]]}},{"type":"Feature","properties":{},"geometry":{"type":"Polygon","coordinates":[[[-103.361841,25.563786],[-103.361706,25.563576],[-103.361613,25.563625],[-103.361749,25.563835],[-103.361841,25.563786]]]}},{"type":"Feature","properties":{},"geometry":{"type":"Polygon","coordinates":[[[-103.361933,25.563737],[-103.361798,25.563527],[-103.361706,25.563576],[-103.361841,25.563786],[-103.361933,25.563737]]]}},{"type":"Feature","properties":{},"geometry":{"type":"Polygon","coordinates":[[[-103.362026,25.563689],[-103.36189,25.563478],[-103.361798,25.563527],[-103.361933,25.563737],[-103.362026,25.563689]]]}},{"type":"Feature","properties":{},"geometry":{"type":"Polygon","coordinates":[[[-103.362118,25.56364],[-103.361983,25.563429],[-103.36189,25.563478],[-103.362026,25.563689],[-103.362118,25.56364]]]}},{"type":"Feature","properties":{},"geometry":{"type":"Polygon","coordinates":[[[-103.36221,25.563591],[-103.362075,25.56338],[-103.361983,25.563429],[-103.362118,25.56364],[-103.36221,25.563591]]]}},{"type":"Feature","properties":{},"geometry":{"type":"Polygon","coordinates":[[[-103.362303,25.563542],[-103.362167,25.563331],[-103.362075,25.56338],[-103.36221,25.563591],[-103.362303,25.563542]]]}},{"type":"Feature","properties":{},"geometry":{"type":"Polygon","coordinates":[[[-103.362395,25.563493],[-103.36226,25.563283],[-103.362167,25.563331],[-103.362303,25.563542],[-103.362395,25.563493]]]}},{"type":"Feature","properties":{},"geometry":{"type":"Polygon","coordinates":[[[-103.362487,25.563444],[-103.362352,25.563234],[-103.36226,25.563283],[-103.362395,25.563493],[-103.362487,25.563444]]]}},{"type":"Feature","properties":{},"geometry":{"type":"Polygon","coordinates":[[[-103.362683,25.563341],[-103.362548,25.56313],[-103.362455,25.563179],[-103.362591,25.56339],[-103.362683,25.563341]]]}},{"type":"Feature","properties":{},"geometry":{"type":"Polygon","coordinates":[[[-103.362775,25.563292],[-103.36264,25.563081],[-103.362548,25.56313],[-103.362683,25.563341],[-103.362775,25.563292]]]}},{"type":"Feature","properties":{},"geometry":{"type":"Polygon","coordinates":[[[-103.362868,25.563243],[-103.362732,25.563033],[-103.36264,25.563081],[-103.362775,25.563292],[-103.362868,25.563243]]]}},{"type":"Feature","properties":{},"geometry":{"type":"Polygon","coordinates":[[[-103.36296,25.563194],[-103.362825,25.562984],[-103.362732,25.563033],[-103.362868,25.563243],[-103.36296,25.563194]]]}},{"type":"Feature","properties":{},"geometry":{"type":"Polygon","coordinates":[[[-103.363052,25.563145],[-103.362917,25.562935],[-103.362825,25.562984],[-103.36296,25.563194],[-103.363052,25.563145]]]}},{"type":"Feature","properties":{},"geometry":{"type":"Polygon","coordinates":[[[-103.363145,25.563097],[-103.363009,25.562886],[-103.362917,25.562935],[-103.363052,25.563145],[-103.363145,25.563097]]]}},{"type":"Feature","properties":{},"geometry":{"type":"Polygon","coordinates":[[[-103.363237,25.563048],[-103.363102,25.562837],[-103.363009,25.562886],[-103.363145,25.563097],[-103.363237,25.563048]]]}},{"type":"Feature","properties":{},"geometry":{"type":"Polygon","coordinates":[[[-103.363329,25.562999],[-103.363194,25.562788],[-103.363102,25.562837],[-103.363237,25.563048],[-103.363329,25.562999]]]}},{"type":"Feature","properties":{},"geometry":{"type":"Polygon","coordinates":[[[-103.363422,25.56295],[-103.363286,25.56274],[-103.363194,25.562788],[-103.363329,25.562999],[-103.363422,25.56295]]]}},{"type":"Feature","properties":{},"geometry":{"type":"Polygon","coordinates":[[[-103.363514,25.562901],[-103.363379,25.562691],[-103.363286,25.56274],[-103.363422,25.56295],[-103.363514,25.562901]]]}},{"type":"Feature","properties":{},"geometry":{"type":"Polygon","coordinates":[[[-103.363606,25.562852],[-103.363471,25.562642],[-103.363379,25.562691],[-103.363514,25.562901],[-103.363606,25.562852]]]}},{"type":"Feature","properties":{},"geometry":{"type":"Polygon","coordinates":[[[-103.363699,25.562804],[-103.363563,25.562593],[-103.363471,25.562642],[-103.363606,25.562852],[-103.363699,25.562804]]]}},{"type":"Feature","properties":{},"geometry":{"type":"Polygon","coordinates":[[[-103.363791,25.562755],[-103.363656,25.562544],[-103.363563,25.562593],[-103.363699,25.562804],[-103.363791,25.562755]]]}},{"type":"Feature","properties":{},"geometry":{"type":"Polygon","coordinates":[[[-103.363883,25.562706],[-103.363748,25.562495],[-103.363656,25.562544],[-103.363791,25.562755],[-103.363883,25.562706]]]}},{"type":"Feature","properties":{},"geometry":{"type":"Polygon","coordinates":[[[-103.363976,25.562657],[-103.36384,25.562446],[-103.363748,25.562495],[-103.363883,25.562706],[-103.363976,25.562657]]]}},{"type":"Feature","properties":{},"geometry":{"type":"Polygon","coordinates":[[[-103.364068,25.562608],[-103.363933,25.562398],[-103.36384,25.562446],[-103.363976,25.562657],[-103.364068,25.562608]]]}},{"type":"Feature","properties":{},"geometry":{"type":"Polygon","coordinates":[[[-103.364264,25.562505],[-103.364128,25.562294],[-103.364036,25.562343],[-103.364171,25.562554],[-103.364264,25.562505]]]}},{"type":"Feature","properties":{},"geometry":{"type":"Polygon","coordinates":[[[-103.364356,25.562456],[-103.364221,25.562245],[-103.364128,25.562294],[-103.364264,25.562505],[-103.364356,25.562456]]]}},{"type":"Feature","properties":{},"geometry":{"type":"Polygon","coordinates":[[[-103.364448,25.562407],[-103.364313,25.562196],[-103.364221,25.562245],[-103.364356,25.562456],[-103.364448,25.562407]]]}},{"type":"Feature","properties":{},"geometry":{"type":"Polygon","coordinates":[[[-103.364541,25.562358],[-103.364405,25.562148],[-103.364313,25.562196],[-103.364448,25.562407],[-103.364541,25.562358]]]}},{"type":"Feature","properties":{},"geometry":{"type":"Polygon","coordinates":[[[-103.364633,25.562309],[-103.364498,25.562099],[-103.364405,25.562148],[-103.364541,25.562358],[-103.364633,25.562309]]]}},{"type":"Feature","properties":{},"geometry":{"type":"Polygon","coordinates":[[[-103.364725,25.56226],[-103.36459,25.56205],[-103.364498,25.562099],[-103.364633,25.562309],[-103.364725,25.56226]]]}},{"type":"Feature","properties":{},"geometry":{"type":"Polygon","coordinates":[[[-103.364818,25.562212],[-103.364682,25.562001],[-103.36459,25.56205],[-103.364725,25.56226],[-103.364818,25.562212]]]}},{"type":"Feature","properties":{},"geometry":{"type":"Polygon","coordinates":[[[-103.36491,25.562163],[-103.364775,25.561952],[-103.364682,25.562001],[-103.364818,25.562212],[-103.36491,25.562163]]]}},{"type":"Feature","properties":{},"geometry":{"type":"Polygon","coordinates":[[[-103.365002,25.562114],[-103.364867,25.561903],[-103.364775,25.561952],[-103.36491,25.562163],[-103.365002,25.562114]]]}},{"type":"Feature","properties":{},"geometry":{"type":"Polygon","coordinates":[[[-103.365095,25.562065],[-103.364959,25.561855],[-103.364867,25.561903],[-103.365002,25.562114],[-103.365095,25.562065]]]}},{"type":"Feature","properties":{},"geometry":{"type":"Polygon","coordinates":[[[-103.365187,25.562016],[-103.365052,25.561806],[-103.364959,25.561855],[-103.365095,25.562065],[-103.365187,25.562016]]]}},{"type":"Feature","properties":{},"geometry":{"type":"Polygon","coordinates":[[[-103.365279,25.561967],[-103.365144,25.561757],[-103.365052,25.561806],[-103.365187,25.562016],[-103.365279,25.561967]]]}},{"type":"Feature","properties":{},"geometry":{"type":"Polygon","coordinates":[[[-103.365372,25.561919],[-103.365236,25.561708],[-103.365144,25.561757],[-103.365279,25.561967],[-103.365372,25.561919]]]}},{"type":"Feature","properties":{},"geometry":{"type":"Polygon","coordinates":[[[-103.365464,25.56187],[-103.365329,25.561659],[-103.365236,25.561708],[-103.365372,25.561919],[-103.365464,25.56187]]]}},{"type":"Feature","properties":{},"geometry":{"type":"Polygon","coordinates":[[[-103.365556,25.561821],[-103.365421,25.56161],[-103.365329,25.561659],[-103.365464,25.56187],[-103.365556,25.561821]]]}},{"type":"Feature","properties":{},"geometry":{"type":"Polygon","coordinates":[[[-103.365649,25.561772],[-103.365513,25.561561],[-103.365421,25.56161],[-103.365556,25.561821],[-103.365649,25.561772]]]}},{"type":"Feature","properties":{},"geometry":{"type":"Polygon","coordinates":[[[-103.365844,25.561669],[-103.365709,25.561458],[-103.365616,25.561507],[-103.365752,25.561717],[-103.365844,25.561669]]]}},{"type":"Feature","properties":{},"geometry":{"type":"Polygon","coordinates":[[[-103.365936,25.56162],[-103.365801,25.561409],[-103.365709,25.561458],[-103.365844,25.561669],[-103.365936,25.56162]]]}},{"type":"Feature","properties":{},"geometry":{"type":"Polygon","coordinates":[[[-103.366029,25.561571],[-103.365893,25.56136],[-103.365801,25.561409],[-103.365936,25.56162],[-103.366029,25.561571]]]}},{"type":"Feature","properties":{},"geometry":{"type":"Polygon","coordinates":[[[-103.366121,25.561522],[-103.365986,25.561311],[-103.365893,25.56136],[-103.366029,25.561571],[-103.366121,25.561522]]]}},{"type":"Feature","properties":{},"geometry":{"type":"Polygon","coordinates":[[[-103.366214,25.561473],[-103.366078,25.561263],[-103.365986,25.561311],[-103.366121,25.561522],[-103.366214,25.561473]]]}},{"type":"Feature","properties":{},"geometry":{"type":"Polygon","coordinates":[[[-103.366306,25.561424],[-103.36617,25.561214],[-103.366078,25.561263],[-103.366214,25.561473],[-103.366306,25.561424]]]}},{"type":"Feature","properties":{},"geometry":{"type":"Polygon","coordinates":[[[-103.366398,25.561375],[-103.366263,25.561165],[-103.36617,25.561214],[-103.366306,25.561424],[-103.366398,25.561375]]]}},{"type":"Feature","properties":{},"geometry":{"type":"Polygon","coordinates":[[[-103.366491,25.561327],[-103.366355,25.561116],[-103.366263,25.561165],[-103.366398,25.561375],[-103.366491,25.561327]]]}},{"type":"Feature","properties":{},"geometry":{"type":"Polygon","coordinates":[[[-103.366583,25.561278],[-103.366447,25.561067],[-103.366355,25.561116],[-103.366491,25.561327],[-103.366583,25.561278]]]}},{"type":"Feature","properties":{},"geometry":{"type":"Polygon","coordinates":[[[-103.366675,25.561229],[-103.36654,25.561018],[-103.366447,25.561067],[-103.366583,25.561278],[-103.366675,25.561229]]]}},{"type":"Feature","properties":{},"geometry":{"type":"Polygon","coordinates":[[[-103.366768,25.56118],[-103.366632,25.56097],[-103.36654,25.561018],[-103.366675,25.561229],[-103.366768,25.56118]]]}},{"type":"Feature","properties":{},"geometry":{"type":"Polygon","coordinates":[[[-103.36686,25.561131],[-103.366724,25.560921],[-103.366632,25.56097],[-103.366768,25.56118],[-103.36686,25.561131]]]}},{"type":"Feature","properties":{},"geometry":{"type":"Polygon","coordinates":[[[-103.366952,25.561082],[-103.366817,25.560872],[-103.366724,25.560921],[-103.36686,25.561131],[-103.366952,25.561082]]]}},{"type":"Feature","properties":{},"geometry":{"type":"Polygon","coordinates":[[[-103.367045,25.561034],[-103.366909,25.560823],[-103.366817,25.560872],[-103.366952,25.561082],[-103.367045,25.561034]]]}},{"type":"Feature","properties":{},"geometry":{"type":"Polygon","coordinates":[[[-103.367137,25.560985],[-103.367001,25.560774],[-103.366909,25.560823],[-103.367045,25.561034],[-103.367137,25.560985]]]}},{"type":"Feature","properties":{},"geometry":{"type":"Polygon","coordinates":[[[-103.367229,25.560936],[-103.367094,25.560725],[-103.367001,25.560774],[-103.367137,25.560985],[-103.367229,25.560936]]]}},{"type":"Feature","properties":{},"geometry":{"type":"Polygon","coordinates":[[[-103.367425,25.560832],[-103.367289,25.560622],[-103.367197,25.560671],[-103.367332,25.560881],[-103.367425,25.560832]]]}},{"type":"Feature","properties":{},"geometry":{"type":"Polygon","coordinates":[[[-103.367517,25.560784],[-103.367382,25.560573],[-103.367289,25.560622],[-103.367425,25.560832],[-103.367517,25.560784]]]}},{"type":"Feature","properties":{},"geometry":{"type":"Polygon","coordinates":[[[-103.367609,25.560735],[-103.367474,25.560524],[-103.367382,25.560573],[-103.367517,25.560784],[-103.367609,25.560735]]]}},{"type":"Feature","properties":{},"geometry":{"type":"Polygon","coordinates":[[[-103.367702,25.560686],[-103.367566,25.560475],[-103.367474,25.560524],[-103.367609,25.560735],[-103.367702,25.560686]]]}},{"type":"Feature","properties":{},"geometry":{"type":"Polygon","coordinates":[[[-103.367794,25.560637],[-103.367659,25.560426],[-103.367566,25.560475],[-103.367702,25.560686],[-103.367794,25.560637]]]}},{"type":"Feature","properties":{},"geometry":{"type":"Polygon","coordinates":[[[-103.367886,25.560588],[-103.367751,25.560378],[-103.367659,25.560426],[-103.367794,25.560637],[-103.367886,25.560588]]]}},{"type":"Feature","properties":{},"geometry":{"type":"Polygon","coordinates":[[[-103.367979,25.560539],[-103.367843,25.560329],[-103.367751,25.560378],[-103.367886,25.560588],[-103.367979,25.560539]]]}},{"type":"Feature","properties":{},"geometry":{"type":"Polygon","coordinates":[[[-103.368071,25.56049],[-103.367936,25.56028],[-103.367843,25.560329],[-103.367979,25.560539],[-103.368071,25.56049]]]}},{"type":"Feature","properties":{},"geometry":{"type":"Polygon","coordinates":[[[-103.368163,25.560442],[-103.368028,25.560231],[-103.367936,25.56028],[-103.368071,25.56049],[-103.368163,25.560442]]]}},{"type":"Feature","properties":{},"geometry":{"type":"Polygon","coordinates":[[[-103.368256,25.560393],[-103.36812,25.560182],[-103.368028,25.560231],[-103.368163,25.560442],[-103.368256,25.560393]]]}},{"type":"Feature","properties":{},"geometry":{"type":"Polygon","coordinates":[[[-103.368348,25.560344],[-103.368213,25.560133],[-103.36812,25.560182],[-103.368256,25.560393],[-103.368348,25.560344]]]}},{"type":"Feature","properties":{},"geometry":{"type":"Polygon","coordinates":[[[-103.36844,25.560295],[-103.368305,25.560085],[-103.368213,25.560133],[-103.368348,25.560344],[-103.36844,25.560295]]]}},{"type":"Feature","properties":{},"geometry":{"type":"Polygon","coordinates":[[[-103.368533,25.560246],[-103.368397,25.560036],[-103.368305,25.560085],[-103.36844,25.560295],[-103.368533,25.560246]]]}},{"type":"Feature","properties":{},"geometry":{"type":"Polygon","coordinates":[[[-103.368625,25.560197],[-103.36849,25.559987],[-103.368397,25.560036],[-103.368533,25.560246],[-103.368625,25.560197]]]}},{"type":"Feature","properties":{},"geometry":{"type":"Polygon","coordinates":[[[-103.368717,25.560149],[-103.368582,25.559938],[-103.36849,25.559987],[-103.368625,25.560197],[-103.368717,25.560149]]]}},{"type":"Feature","properties":{},"geometry":{"type":"Polygon","coordinates":[[[-103.36881,25.5601],[-103.368674,25.559889],[-103.368582,25.559938],[-103.368717,25.560149],[-103.36881,25.5601]]]}},{"type":"Feature","properties":{},"geometry":{"type":"Polygon","coordinates":[[[-103.369005,25.559996],[-103.36887,25.559786],[-103.368778,25.559835],[-103.368913,25.560045],[-103.369005,25.559996]]]}},{"type":"Feature","properties":{},"geometry":{"type":"Polygon","coordinates":[[[-103.358506,25.565958],[-103.358371,25.565747],[-103.358278,25.565796],[-103.358414,25.566007],[-103.358506,25.565958]]]}},{"type":"Feature","properties":{},"geometry":{"type":"Polygon","coordinates":[[[-103.358598,25.565909],[-103.358463,25.565699],[-103.358371,25.565747],[-103.358506,25.565958],[-103.358598,25.565909]]]}},{"type":"Feature","properties":{},"geometry":{"type":"Polygon","coordinates":[[[-103.358691,25.56586],[-103.358555,25.56565],[-103.358463,25.565699],[-103.358598,25.565909],[-103.358691,25.56586]]]}},{"type":"Feature","properties":{},"geometry":{"type":"Polygon","coordinates":[[[-103.358783,25.565811],[-103.358648,25.565601],[-103.358555,25.56565],[-103.358691,25.56586],[-103.358783,25.565811]]]}},{"type":"Feature","properties":{},"geometry":{"type":"Polygon","coordinates":[[[-103.358875,25.565763],[-103.35874,25.565552],[-103.358648,25.565601],[-103.358783,25.565811],[-103.358875,25.565763]]]}},{"type":"Feature","properties":{},"geometry":{"type":"Polygon","coordinates":[[[-103.358968,25.565714],[-103.358832,25.565503],[-103.35874,25.565552],[-103.358875,25.565763],[-103.358968,25.565714]]]}},{"type":"Feature","properties":{},"geometry":{"type":"Polygon","coordinates":[[[-103.35906,25.565665],[-103.358925,25.565454],[-103.358832,25.565503],[-103.358968,25.565714],[-103.35906,25.565665]]]}},{"type":"Feature","properties":{},"geometry":{"type":"Polygon","coordinates":[[[-103.359152,25.565616],[-103.359017,25.565405],[-103.358925,25.565454],[-103.35906,25.565665],[-103.359152,25.565616]]]}},{"type":"Feature","properties":{},"geometry":{"type":"Polygon","coordinates":[[[-103.359245,25.565567],[-103.359109,25.565357],[-103.359017,25.565405],[-103.359152,25.565616],[-103.359245,25.565567]]]}},{"type":"Feature","properties":{},"geometry":{"type":"Polygon","coordinates":[[[-103.359337,25.565518],[-103.359202,25.565308],[-103.359109,25.565357],[-103.359245,25.565567],[-103.359337,25.565518]]]}},{"type":"Feature","properties":{},"geometry":{"type":"Polygon","coordinates":[[[-103.359429,25.565469],[-103.359294,25.565259],[-103.359202,25.565308],[-103.359337,25.565518],[-103.359429,25.565469]]]}},{"type":"Feature","properties":{},"geometry":{"type":"Polygon","coordinates":[[[-103.359522,25.565421],[-103.359386,25.56521],[-103.359294,25.565259],[-103.359429,25.565469],[-103.359522,25.565421]]]}},{"type":"Feature","properties":{},"geometry":{"type":"Polygon","coordinates":[[[-103.359717,25.565317],[-103.359582,25.565107],[-103.35949,25.565155],[-103.359625,25.565366],[-103.359717,25.565317]]]}},{"type":"Feature","properties":{},"geometry":{"type":"Polygon","coordinates":[[[-103.35981,25.565268],[-103.359674,25.565058],[-103.359582,25.565107],[-103.359717,25.565317],[-103.35981,25.565268]]]}},{"type":"Feature","properties":{},"geometry":{"type":"Polygon","coordinates":[[[-103.359902,25.56522],[-103.359767,25.565009],[-103.359674,25.565058],[-103.35981,25.565268],[-103.359902,25.56522]]]}},{"type":"Feature","properties":{},"geometry":{"type":"Polygon","coordinates":[[[-103.359994,25.565171],[-103.359859,25.56496],[-103.359767,25.565009],[-103.359902,25.56522],[-103.359994,25.565171]]]}},{"type":"Feature","properties":{},"geometry":{"type":"Polygon","coordinates":[[[-103.360087,25.565122],[-103.359951,25.564911],[-103.359859,25.56496],[-103.359994,25.565171],[-103.360087,25.565122]]]}},{"type":"Feature","properties":{},"geometry":{"type":"Polygon","coordinates":[[[-103.360179,25.565073],[-103.360044,25.564862],[-103.359951,25.564911],[-103.360087,25.565122],[-103.360179,25.565073]]]}},{"type":"Feature","properties":{},"geometry":{"type":"Polygon","coordinates":[[[-103.360271,25.565024],[-103.360136,25.564814],[-103.360044,25.564862],[-103.360179,25.565073],[-103.360271,25.565024]]]}},{"type":"Feature","properties":{},"geometry":{"type":"Polygon","coordinates":[[[-103.360364,25.564975],[-103.360228,25.564765],[-103.360136,25.564814],[-103.360271,25.565024],[-103.360364,25.564975]]]}},{"type":"Feature","properties":{},"geometry":{"type":"Polygon","coordinates":[[[-103.360456,25.564926],[-103.360321,25.564716],[-103.360228,25.564765],[-103.360364,25.564975],[-103.360456,25.564926]]]}},{"type":"Feature","properties":{},"geometry":{"type":"Polygon","coordinates":[[[-103.360548,25.564878],[-103.360413,25.564667],[-103.360321,25.564716],[-103.360456,25.564926],[-103.360548,25.564878]]]}},{"type":"Feature","properties":{},"geometry":{"type":"Polygon","coordinates":[[[-103.360641,25.564829],[-103.360505,25.564618],[-103.360413,25.564667],[-103.360548,25.564878],[-103.360641,25.564829]]]}},{"type":"Feature","properties":{},"geometry":{"type":"Polygon","coordinates":[[[-103.360733,25.56478],[-103.360598,25.564569],[-103.360505,25.564618],[-103.360641,25.564829],[-103.360733,25.56478]]]}},{"type":"Feature","properties":{},"geometry":{"type":"Polygon","coordinates":[[[-103.360825,25.564731],[-103.36069,25.564521],[-103.360598,25.564569],[-103.360733,25.56478],[-103.360825,25.564731]]]}},{"type":"Feature","properties":{},"geometry":{"type":"Polygon","coordinates":[[[-103.360918,25.564682],[-103.360782,25.564472],[-103.36069,25.564521],[-103.360825,25.564731],[-103.360918,25.564682]]]}},{"type":"Feature","properties":{},"geometry":{"type":"Polygon","coordinates":[[[-103.36101,25.564633],[-103.360875,25.564423],[-103.360782,25.564472],[-103.360918,25.564682],[-103.36101,25.564633]]]}},{"type":"Feature","properties":{},"geometry":{"type":"Polygon","coordinates":[[[-103.361102,25.564585],[-103.360967,25.564374],[-103.360875,25.564423],[-103.36101,25.564633],[-103.361102,25.564585]]]}},{"type":"Feature","properties":{},"geometry":{"type":"Polygon","coordinates":[[[-103.361298,25.564481],[-103.361163,25.564271],[-103.36107,25.564319],[-103.361206,25.56453],[-103.361298,25.564481]]]}},{"type":"Feature","properties":{},"geometry":{"type":"Polygon","coordinates":[[[-103.36139,25.564432],[-103.361255,25.564222],[-103.361163,25.564271],[-103.361298,25.564481],[-103.36139,25.564432]]]}},{"type":"Feature","properties":{},"geometry":{"type":"Polygon","coordinates":[[[-103.361483,25.564383],[-103.361347,25.564173],[-103.361255,25.564222],[-103.36139,25.564432],[-103.361483,25.564383]]]}},{"type":"Feature","properties":{},"geometry":{"type":"Polygon","coordinates":[[[-103.361575,25.564335],[-103.36144,25.564124],[-103.361347,25.564173],[-103.361483,25.564383],[-103.361575,25.564335]]]}},{"type":"Feature","properties":{},"geometry":{"type":"Polygon","coordinates":[[[-103.361667,25.564286],[-103.361532,25.564075],[-103.36144,25.564124],[-103.361575,25.564335],[-103.361667,25.564286]]]}},{"type":"Feature","properties":{},"geometry":{"type":"Polygon","coordinates":[[[-103.36176,25.564237],[-103.361624,25.564026],[-103.361532,25.564075],[-103.361667,25.564286],[-103.36176,25.564237]]]}},{"type":"Feature","properties":{},"geometry":{"type":"Polygon","coordinates":[[[-103.361852,25.564188],[-103.361717,25.563977],[-103.361624,25.564026],[-103.36176,25.564237],[-103.361852,25.564188]]]}},{"type":"Feature","properties":{},"geometry":{"type":"Polygon","coordinates":[[[-103.361944,25.564139],[-103.361809,25.563929],[-103.361717,25.563977],[-103.361852,25.564188],[-103.361944,25.564139]]]}},{"type":"Feature","properties":{},"geometry":{"type":"Polygon","coordinates":[[[-103.362037,25.56409],[-103.361901,25.56388],[-103.361809,25.563929],[-103.361944,25.564139],[-103.362037,25.56409]]]}},{"type":"Feature","properties":{},"geometry":{"type":"Polygon","coordinates":[[[-103.362129,25.564041],[-103.361994,25.563831],[-103.361901,25.56388],[-103.362037,25.56409],[-103.362129,25.564041]]]}},{"type":"Feature","properties":{},"geometry":{"type":"Polygon","coordinates":[[[-103.362221,25.563993],[-103.362086,25.563782],[-103.361994,25.563831],[-103.362129,25.564041],[-103.362221,25.563993]]]}},{"type":"Feature","properties":{},"geometry":{"type":"Polygon","coordinates":[[[-103.362314,25.563944],[-103.362178,25.563733],[-103.362086,25.563782],[-103.362221,25.563993],[-103.362314,25.563944]]]}},{"type":"Feature","properties":{},"geometry":{"type":"Polygon","coordinates":[[[-103.362406,25.563895],[-103.362271,25.563684],[-103.362178,25.563733],[-103.362314,25.563944],[-103.362406,25.563895]]]}},{"type":"Feature","properties":{},"geometry":{"type":"Polygon","coordinates":[[[-103.362498,25.563846],[-103.362363,25.563636],[-103.362271,25.563684],[-103.362406,25.563895],[-103.362498,25.563846]]]}},{"type":"Feature","properties":{},"geometry":{"type":"Polygon","coordinates":[[[-103.362591,25.563797],[-103.362455,25.563587],[-103.362363,25.563636],[-103.362498,25.563846],[-103.362591,25.563797]]]}},{"type":"Feature","properties":{},"geometry":{"type":"Polygon","coordinates":[[[-103.362683,25.563748],[-103.362548,25.563538],[-103.362455,25.563587],[-103.362591,25.563797],[-103.362683,25.563748]]]}},{"type":"Feature","properties":{},"geometry":{"type":"Polygon","coordinates":[[[-103.362879,25.563645],[-103.362743,25.563434],[-103.362651,25.563483],[-103.362786,25.563694],[-103.362879,25.563645]]]}},{"type":"Feature","properties":{},"geometry":{"type":"Polygon","coordinates":[[[-103.362971,25.563596],[-103.362835,25.563386],[-103.362743,25.563434],[-103.362879,25.563645],[-103.362971,25.563596]]]}},{"type":"Feature","properties":{},"geometry":{"type":"Polygon","coordinates":[[[-103.363063,25.563547],[-103.362928,25.563337],[-103.362835,25.563386],[-103.362971,25.563596],[-103.363063,25.563547]]]}},{"type":"Feature","properties":{},"geometry":{"type":"Polygon","coordinates":[[[-103.363156,25.563498],[-103.36302,25.563288],[-103.362928,25.563337],[-103.363063,25.563547],[-103.363156,25.563498]]]}},{"type":"Feature","properties":{},"geometry":{"type":"Polygon","coordinates":[[[-103.363248,25.56345],[-103.363112,25.563239],[-103.36302,25.563288],[-103.363156,25.563498],[-103.363248,25.56345]]]}},{"type":"Feature","properties":{},"geometry":{"type":"Polygon","coordinates":[[[-103.36334,25.563401],[-103.363205,25.56319],[-103.363112,25.563239],[-103.363248,25.56345],[-103.36334,25.563401]]]}},{"type":"Feature","properties":{},"geometry":{"type":"Polygon","coordinates":[[[-103.363433,25.563352],[-103.363297,25.563141],[-103.363205,25.56319],[-103.36334,25.563401],[-103.363433,25.563352]]]}},{"type":"Feature","properties":{},"geometry":{"type":"Polygon","coordinates":[[[-103.363525,25.563303],[-103.36339,25.563093],[-103.363297,25.563141],[-103.363433,25.563352],[-103.363525,25.563303]]]}},{"type":"Feature","properties":{},"geometry":{"type":"Polygon","coordinates":[[[-103.363617,25.563254],[-103.363482,25.563044],[-103.36339,25.563093],[-103.363525,25.563303],[-103.363617,25.563254]]]}},{"type":"Feature","properties":{},"geometry":{"type":"Polygon","coordinates":[[[-103.36371,25.563205],[-103.363574,25.562995],[-103.363482,25.563044],[-103.363617,25.563254],[-103.36371,25.563205]]]}},{"type":"Feature","properties":{},"geometry":{"type":"Polygon","coordinates":[[[-103.363802,25.563157],[-103.363667,25.562946],[-103.363574,25.562995],[-103.36371,25.563205],[-103.363802,25.563157]]]}},{"type":"Feature","properties":{},"geometry":{"type":"Polygon","coordinates":[[[-103.363894,25.563108],[-103.363759,25.562897],[-103.363667,25.562946],[-103.363802,25.563157],[-103.363894,25.563108]]]}},{"type":"Feature","properties":{},"geometry":{"type":"Polygon","coordinates":[[[-103.363987,25.563059],[-103.363851,25.562848],[-103.363759,25.562897],[-103.363894,25.563108],[-103.363987,25.563059]]]}},{"type":"Feature","properties":{},"geometry":{"type":"Polygon","coordinates":[[[-103.364079,25.56301],[-103.363944,25.562799],[-103.363851,25.562848],[-103.363987,25.563059],[-103.364079,25.56301]]]}},{"type":"Feature","properties":{},"geometry":{"type":"Polygon","coordinates":[[[-103.364171,25.562961],[-103.364036,25.562751],[-103.363944,25.562799],[-103.364079,25.56301],[-103.364171,25.562961]]]}},{"type":"Feature","properties":{},"geometry":{"type":"Polygon","coordinates":[[[-103.364264,25.562912],[-103.364128,25.562702],[-103.364036,25.562751],[-103.364171,25.562961],[-103.364264,25.562912]]]}},{"type":"Feature","properties":{},"geometry":{"type":"Polygon","coordinates":[[[-103.364459,25.562809],[-103.364324,25.562598],[-103.364231,25.562647],[-103.364367,25.562858],[-103.364459,25.562809]]]}},{"type":"Feature","properties":{},"geometry":{"type":"Polygon","coordinates":[[[-103.364551,25.56276],[-103.364416,25.562549],[-103.364324,25.562598],[-103.364459,25.562809],[-103.364551,25.56276]]]}},{"type":"Feature","properties":{},"geometry":{"type":"Polygon","coordinates":[[[-103.364644,25.562711],[-103.364508,25.562501],[-103.364416,25.562549],[-103.364551,25.56276],[-103.364644,25.562711]]]}},{"type":"Feature","properties":{},"geometry":{"type":"Polygon","coordinates":[[[-103.364736,25.562662],[-103.364601,25.562452],[-103.364508,25.562501],[-103.364644,25.562711],[-103.364736,25.562662]]]}},{"type":"Feature","properties":{},"geometry":{"type":"Polygon","coordinates":[[[-103.364828,25.562613],[-103.364693,25.562403],[-103.364601,25.562452],[-103.364736,25.562662],[-103.364828,25.562613]]]}},{"type":"Feature","properties":{},"geometry":{"type":"Polygon","coordinates":[[[-103.364921,25.562565],[-103.364785,25.562354],[-103.364693,25.562403],[-103.364828,25.562613],[-103.364921,25.562565]]]}},{"type":"Feature","properties":{},"geometry":{"type":"Polygon","coordinates":[[[-103.365013,25.562516],[-103.364878,25.562305],[-103.364785,25.562354],[-103.364921,25.562565],[-103.365013,25.562516]]]}},{"type":"Feature","properties":{},"geometry":{"type":"Polygon","coordinates":[[[-103.365105,25.562467],[-103.36497,25.562256],[-103.364878,25.562305],[-103.365013,25.562516],[-103.365105,25.562467]]]}},{"type":"Feature","properties":{},"geometry":{"type":"Polygon","coordinates":[[[-103.365198,25.562418],[-103.365062,25.562208],[-103.36497,25.562256],[-103.365105,25.562467],[-103.365198,25.562418]]]}},{"type":"Feature","properties":{},"geometry":{"type":"Polygon","coordinates":[[[-103.36529,25.562369],[-103.365155,25.562159],[-103.365062,25.562208],[-103.365198,25.562418],[-103.36529,25.562369]]]}},{"type":"Feature","properties":{},"geometry":{"type":"Polygon","coordinates":[[[-103.365383,25.56232],[-103.365247,25.56211],[-103.365155,25.562159],[-103.36529,25.562369],[-103.365383,25.56232]]]}},{"type":"Feature","properties":{},"geometry":{"type":"Polygon","coordinates":[[[-103.365475,25.562272],[-103.365339,25.562061],[-103.365247,25.56211],[-103.365383,25.56232],[-103.365475,25.562272]]]}},{"type":"Feature","properties":{},"geometry":{"type":"Polygon","coordinates":[[[-103.365567,25.562223],[-103.365432,25.562012],[-103.365339,25.562061],[-103.365475,25.562272],[-103.365567,25.562223]]]}},{"type":"Feature","properties":{},"geometry":{"type":"Polygon","coordinates":[[[-103.36566,25.562174],[-103.365524,25.561963],[-103.365432,25.562012],[-103.365567,25.562223],[-103.36566,25.562174]]]}},{"type":"Feature","properties":{},"geometry":{"type":"Polygon","coordinates":[[[-103.365752,25.562125],[-103.365616,25.561914],[-103.365524,25.561963],[-103.36566,25.562174],[-103.365752,25.562125]]]}},{"type":"Feature","properties":{},"geometry":{"type":"Polygon","coordinates":[[[-103.365844,25.562076],[-103.365709,25.561866],[-103.365616,25.561914],[-103.365752,25.562125],[-103.365844,25.562076]]]}},{"type":"Feature","properties":{},"geometry":{"type":"Polygon","coordinates":[[[-103.36604,25.561973],[-103.365904,25.561762],[-103.365812,25.561811],[-103.365947,25.562022],[-103.36604,25.561973]]]}},{"type":"Feature","properties":{},"geometry":{"type":"Polygon","coordinates":[[[-103.366132,25.561924],[-103.365997,25.561713],[-103.365904,25.561762],[-103.36604,25.561973],[-103.366132,25.561924]]]}},{"type":"Feature","properties":{},"geometry":{"type":"Polygon","coordinates":[[[-103.366224,25.561875],[-103.366089,25.561664],[-103.365997,25.561713],[-103.366132,25.561924],[-103.366224,25.561875]]]}},{"type":"Feature","properties":{},"geometry":{"type":"Polygon","coordinates":[[[-103.366317,25.561826],[-103.366181,25.561616],[-103.366089,25.561664],[-103.366224,25.561875],[-103.366317,25.561826]]]}},{"type":"Feature","properties":{},"geometry":{"type":"Polygon","coordinates":[[[-103.366409,25.561777],[-103.366274,25.561567],[-103.366181,25.561616],[-103.366317,25.561826],[-103.366409,25.561777]]]}},{"type":"Feature","properties":{},"geometry":{"type":"Polygon","coordinates":[[[-103.366501,25.561728],[-103.366366,25.561518],[-103.366274,25.561567],[-103.366409,25.561777],[-103.366501,25.561728]]]}},{"type":"Feature","properties":{},"geometry":{"type":"Polygon","coordinates":[[[-103.366594,25.56168],[-103.366458,25.561469],[-103.366366,25.561518],[-103.366501,25.561728],[-103.366594,25.56168]]]}},{"type":"Feature","properties":{},"geometry":{"type":"Polygon","coordinates":[[[-103.366686,25.561631],[-103.366551,25.56142],[-103.366458,25.561469],[-103.366594,25.56168],[-103.366686,25.561631]]]}},{"type":"Feature","properties":{},"geometry":{"type":"Polygon","coordinates":[[[-103.366778,25.561582],[-103.366643,25.561371],[-103.366551,25.56142],[-103.366686,25.561631],[-103.366778,25.561582]]]}},{"type":"Feature","properties":{},"geometry":{"type":"Polygon","coordinates":[[[-103.366871,25.561533],[-103.366735,25.561323],[-103.366643,25.561371],[-103.366778,25.561582],[-103.366871,25.561533]]]}},{"type":"Feature","properties":{},"geometry":{"type":"Polygon","coordinates":[[[-103.366963,25.561484],[-103.366828,25.561274],[-103.366735,25.561323],[-103.366871,25.561533],[-103.366963,25.561484]]]}},{"type":"Feature","properties":{},"geometry":{"type":"Polygon","coordinates":[[[-103.367055,25.561435],[-103.36692,25.561225],[-103.366828,25.561274],[-103.366963,25.561484],[-103.367055,25.561435]]]}},{"type":"Feature","properties":{},"geometry":{"type":"Polygon","coordinates":[[[-103.367148,25.561387],[-103.367012,25.561176],[-103.36692,25.561225],[-103.367055,25.561435],[-103.367148,25.561387]]]}},{"type":"Feature","properties":{},"geometry":{"type":"Polygon","coordinates":[[[-103.36724,25.561338],[-103.367105,25.561127],[-103.367012,25.561176],[-103.367148,25.561387],[-103.36724,25.561338]]]}},{"type":"Feature","properties":{},"geometry":{"type":"Polygon","coordinates":[[[-103.367332,25.561289],[-103.367197,25.561078],[-103.367105,25.561127],[-103.36724,25.561338],[-103.367332,25.561289]]]}},{"type":"Feature","properties":{},"geometry":{"type":"Polygon","coordinates":[[[-103.367425,25.56124],[-103.367289,25.561029],[-103.367197,25.561078],[-103.367332,25.561289],[-103.367425,25.56124]]]}},{"type":"Feature","properties":{},"geometry":{"type":"Polygon","coordinates":[[[-103.36762,25.561137],[-103.367485,25.560926],[-103.367393,25.560975],[-103.367528,25.561185],[-103.36762,25.561137]]]}},{"type":"Feature","properties":{},"geometry":{"type":"Polygon","coordinates":[[[-103.367713,25.561088],[-103.367577,25.560877],[-103.367485,25.560926],[-103.36762,25.561137],[-103.367713,25.561088]]]}},{"type":"Feature","properties":{},"geometry":{"type":"Polygon","coordinates":[[[-103.367805,25.561039],[-103.36767,25.560828],[-103.367577,25.560877],[-103.367713,25.561088],[-103.367805,25.561039]]]}},{"type":"Feature","properties":{},"geometry":{"type":"Polygon","coordinates":[[[-103.367897,25.56099],[-103.367762,25.560779],[-103.36767,25.560828],[-103.367805,25.561039],[-103.367897,25.56099]]]}},{"type":"Feature","properties":{},"geometry":{"type":"Polygon","coordinates":[[[-103.36799,25.560941],[-103.367854,25.560731],[-103.367762,25.560779],[-103.367897,25.56099],[-103.36799,25.560941]]]}},{"type":"Feature","properties":{},"geometry":{"type":"Polygon","coordinates":[[[-103.368082,25.560892],[-103.367947,25.560682],[-103.367854,25.560731],[-103.36799,25.560941],[-103.368082,25.560892]]]}},{"type":"Feature","properties":{},"geometry":{"type":"Polygon","coordinates":[[[-103.368174,25.560843],[-103.368039,25.560633],[-103.367947,25.560682],[-103.368082,25.560892],[-103.368174,25.560843]]]}},{"type":"Feature","properties":{},"geometry":{"type":"Polygon","coordinates":[[[-103.368267,25.560795],[-103.368131,25.560584],[-103.368039,25.560633],[-103.368174,25.560843],[-103.368267,25.560795]]]}},{"type":"Feature","properties":{},"geometry":{"type":"Polygon","coordinates":[[[-103.368359,25.560746],[-103.368224,25.560535],[-103.368131,25.560584],[-103.368267,25.560795],[-103.368359,25.560746]]]}},{"type":"Feature","properties":{},"geometry":{"type":"Polygon","coordinates":[[[-103.368451,25.560697],[-103.368316,25.560486],[-103.368224,25.560535],[-103.368359,25.560746],[-103.368451,25.560697]]]}},{"type":"Feature","properties":{},"geometry":{"type":"Polygon","coordinates":[[[-103.368544,25.560648],[-103.368408,25.560437],[-103.368316,25.560486],[-103.368451,25.560697],[-103.368544,25.560648]]]}},{"type":"Feature","properties":{},"geometry":{"type":"Polygon","coordinates":[[[-103.368636,25.560599],[-103.368501,25.560389],[-103.368408,25.560437],[-103.368544,25.560648],[-103.368636,25.560599]]]}},{"type":"Feature","properties":{},"geometry":{"type":"Polygon","coordinates":[[[-103.368728,25.56055],[-103.368593,25.56034],[-103.368501,25.560389],[-103.368636,25.560599],[-103.368728,25.56055]]]}},{"type":"Feature","properties":{},"geometry":{"type":"Polygon","coordinates":[[[-103.368821,25.560501],[-103.368685,25.560291],[-103.368593,25.56034],[-103.368728,25.56055],[-103.368821,25.560501]]]}},{"type":"Feature","properties":{},"geometry":{"type":"Polygon","coordinates":[[[-103.368913,25.560453],[-103.368778,25.560242],[-103.368685,25.560291],[-103.368821,25.560501],[-103.368913,25.560453]]]}},{"type":"Feature","properties":{},"geometry":{"type":"Polygon","coordinates":[[[-103.369005,25.560404],[-103.36887,25.560193],[-103.368778,25.560242],[-103.368913,25.560453],[-103.369005,25.560404]]]}},{"type":"Feature","properties":{},"geometry":{"type":"Polygon","coordinates":[[[-103.359565,25.56568],[-103.359429,25.565469],[-103.359337,25.565518],[-103.359472,25.565729],[-103.359565,25.56568]]]}},{"type":"Feature","properties":{},"geometry":{"type":"Polygon","coordinates":[[[-103.359657,25.565631],[-103.359522,25.565421],[-103.359429,25.565469],[-103.359565,25.56568],[-103.359657,25.565631]]]}},{"type":"Feature","properties":{},"geometry":{"type":"Polygon","coordinates":[[[-103.359853,25.565528],[-103.359717,25.565317],[-103.359625,25.565366],[-103.35976,25.565577],[-103.359853,25.565528]]]}},{"type":"Feature","properties":{},"geometry":{"type":"Polygon","coordinates":[[[-103.359945,25.565479],[-103.35981,25.565268],[-103.359717,25.565317],[-103.359853,25.565528],[-103.359945,25.565479]]]}},{"type":"Feature","properties":{},"geometry":{"type":"Polygon","coordinates":[[[-103.360037,25.56543],[-103.359902,25.56522],[-103.35981,25.565268],[-103.359945,25.565479],[-103.360037,25.56543]]]}},{"type":"Feature","properties":{},"geometry":{"type":"Polygon","coordinates":[[[-103.36013,25.565381],[-103.359994,25.565171],[-103.359902,25.56522],[-103.360037,25.56543],[-103.36013,25.565381]]]}},{"type":"Feature","properties":{},"geometry":{"type":"Polygon","coordinates":[[[-103.360222,25.565332],[-103.360087,25.565122],[-103.359994,25.565171],[-103.36013,25.565381],[-103.360222,25.565332]]]}},{"type":"Feature","properties":{},"geometry":{"type":"Polygon","coordinates":[[[-103.360314,25.565284],[-103.360179,25.565073],[-103.360087,25.565122],[-103.360222,25.565332],[-103.360314,25.565284]]]}},{"type":"Feature","properties":{},"geometry":{"type":"Polygon","coordinates":[[[-103.360407,25.565235],[-103.360271,25.565024],[-103.360179,25.565073],[-103.360314,25.565284],[-103.360407,25.565235]]]}},{"type":"Feature","properties":{},"geometry":{"type":"Polygon","coordinates":[[[-103.360499,25.565186],[-103.360364,25.564975],[-103.360271,25.565024],[-103.360407,25.565235],[-103.360499,25.565186]]]}},{"type":"Feature","properties":{},"geometry":{"type":"Polygon","coordinates":[[[-103.360591,25.565137],[-103.360456,25.564926],[-103.360364,25.564975],[-103.360499,25.565186],[-103.360591,25.565137]]]}},{"type":"Feature","properties":{},"geometry":{"type":"Polygon","coordinates":[[[-103.360684,25.565088],[-103.360548,25.564878],[-103.360456,25.564926],[-103.360591,25.565137],[-103.360684,25.565088]]]}},{"type":"Feature","properties":{},"geometry":{"type":"Polygon","coordinates":[[[-103.360776,25.565039],[-103.360641,25.564829],[-103.360548,25.564878],[-103.360684,25.565088],[-103.360776,25.565039]]]}},{"type":"Feature","properties":{},"geometry":{"type":"Polygon","coordinates":[[[-103.360868,25.56499],[-103.360733,25.56478],[-103.360641,25.564829],[-103.360776,25.565039],[-103.360868,25.56499]]]}},{"type":"Feature","properties":{},"geometry":{"type":"Polygon","coordinates":[[[-103.360961,25.564942],[-103.360825,25.564731],[-103.360733,25.56478],[-103.360868,25.56499],[-103.360961,25.564942]]]}},{"type":"Feature","properties":{},"geometry":{"type":"Polygon","coordinates":[[[-103.361053,25.564893],[-103.360918,25.564682],[-103.360825,25.564731],[-103.360961,25.564942],[-103.361053,25.564893]]]}},{"type":"Feature","properties":{},"geometry":{"type":"Polygon","coordinates":[[[-103.361145,25.564844],[-103.36101,25.564633],[-103.360918,25.564682],[-103.361053,25.564893],[-103.361145,25.564844]]]}},{"type":"Feature","properties":{},"geometry":{"type":"Polygon","coordinates":[[[-103.361238,25.564795],[-103.361102,25.564585],[-103.36101,25.564633],[-103.361145,25.564844],[-103.361238,25.564795]]]}},{"type":"Feature","properties":{},"geometry":{"type":"Polygon","coordinates":[[[-103.361433,25.564692],[-103.361298,25.564481],[-103.361206,25.56453],[-103.361341,25.564741],[-103.361433,25.564692]]]}},{"type":"Feature","properties":{},"geometry":{"type":"Polygon","coordinates":[[[-103.361526,25.564643],[-103.36139,25.564432],[-103.361298,25.564481],[-103.361433,25.564692],[-103.361526,25.564643]]]}},{"type":"Feature","properties":{},"geometry":{"type":"Polygon","coordinates":[[[-103.361618,25.564594],[-103.361483,25.564383],[-103.36139,25.564432],[-103.361526,25.564643],[-103.361618,25.564594]]]}},{"type":"Feature","properties":{},"geometry":{"type":"Polygon","coordinates":[[[-103.36171,25.564545],[-103.361575,25.564335],[-103.361483,25.564383],[-103.361618,25.564594],[-103.36171,25.564545]]]}},{"type":"Feature","properties":{},"geometry":{"type":"Polygon","coordinates":[[[-103.361803,25.564496],[-103.361667,25.564286],[-103.361575,25.564335],[-103.36171,25.564545],[-103.361803,25.564496]]]}},{"type":"Feature","properties":{},"geometry":{"type":"Polygon","coordinates":[[[-103.361895,25.564447],[-103.36176,25.564237],[-103.361667,25.564286],[-103.361803,25.564496],[-103.361895,25.564447]]]}},{"type":"Feature","properties":{},"geometry":{"type":"Polygon","coordinates":[[[-103.361987,25.564399],[-103.361852,25.564188],[-103.36176,25.564237],[-103.361895,25.564447],[-103.361987,25.564399]]]}},{"type":"Feature","properties":{},"geometry":{"type":"Polygon","coordinates":[[[-103.36208,25.56435],[-103.361944,25.564139],[-103.361852,25.564188],[-103.361987,25.564399],[-103.36208,25.56435]]]}},{"type":"Feature","properties":{},"geometry":{"type":"Polygon","coordinates":[[[-103.362172,25.564301],[-103.362037,25.56409],[-103.361944,25.564139],[-103.36208,25.56435],[-103.362172,25.564301]]]}},{"type":"Feature","properties":{},"geometry":{"type":"Polygon","coordinates":[[[-103.362264,25.564252],[-103.362129,25.564041],[-103.362037,25.56409],[-103.362172,25.564301],[-103.362264,25.564252]]]}},{"type":"Feature","properties":{},"geometry":{"type":"Polygon","coordinates":[[[-103.362357,25.564203],[-103.362221,25.563993],[-103.362129,25.564041],[-103.362264,25.564252],[-103.362357,25.564203]]]}},{"type":"Feature","properties":{},"geometry":{"type":"Polygon","coordinates":[[[-103.362449,25.564154],[-103.362314,25.563944],[-103.362221,25.563993],[-103.362357,25.564203],[-103.362449,25.564154]]]}},{"type":"Feature","properties":{},"geometry":{"type":"Polygon","coordinates":[[[-103.362541,25.564106],[-103.362406,25.563895],[-103.362314,25.563944],[-103.362449,25.564154],[-103.362541,25.564106]]]}},{"type":"Feature","properties":{},"geometry":{"type":"Polygon","coordinates":[[[-103.362634,25.564057],[-103.362498,25.563846],[-103.362406,25.563895],[-103.362541,25.564106],[-103.362634,25.564057]]]}},{"type":"Feature","properties":{},"geometry":{"type":"Polygon","coordinates":[[[-103.362726,25.564008],[-103.362591,25.563797],[-103.362498,25.563846],[-103.362634,25.564057],[-103.362726,25.564008]]]}},{"type":"Feature","properties":{},"geometry":{"type":"Polygon","coordinates":[[[-103.362818,25.563959],[-103.362683,25.563748],[-103.362591,25.563797],[-103.362726,25.564008],[-103.362818,25.563959]]]}},{"type":"Feature","properties":{},"geometry":{"type":"Polygon","coordinates":[[[-103.363014,25.563856],[-103.362879,25.563645],[-103.362786,25.563694],[-103.362922,25.563904],[-103.363014,25.563856]]]}},{"type":"Feature","properties":{},"geometry":{"type":"Polygon","coordinates":[[[-103.363106,25.563807],[-103.362971,25.563596],[-103.362879,25.563645],[-103.363014,25.563856],[-103.363106,25.563807]]]}},{"type":"Feature","properties":{},"geometry":{"type":"Polygon","coordinates":[[[-103.363199,25.563758],[-103.363063,25.563547],[-103.362971,25.563596],[-103.363106,25.563807],[-103.363199,25.563758]]]}},{"type":"Feature","properties":{},"geometry":{"type":"Polygon","coordinates":[[[-103.363291,25.563709],[-103.363156,25.563498],[-103.363063,25.563547],[-103.363199,25.563758],[-103.363291,25.563709]]]}},{"type":"Feature","properties":{},"geometry":{"type":"Polygon","coordinates":[[[-103.363383,25.56366],[-103.363248,25.56345],[-103.363156,25.563498],[-103.363291,25.563709],[-103.363383,25.56366]]]}},{"type":"Feature","properties":{},"geometry":{"type":"Polygon","coordinates":[[[-103.363476,25.563611],[-103.36334,25.563401],[-103.363248,25.56345],[-103.363383,25.56366],[-103.363476,25.563611]]]}},{"type":"Feature","properties":{},"geometry":{"type":"Polygon","coordinates":[[[-103.363568,25.563562],[-103.363433,25.563352],[-103.36334,25.563401],[-103.363476,25.563611],[-103.363568,25.563562]]]}},{"type":"Feature","properties":{},"geometry":{"type":"Polygon","coordinates":[[[-103.36366,25.563514],[-103.363525,25.563303],[-103.363433,25.563352],[-103.363568,25.563562],[-103.36366,25.563514]]]}},{"type":"Feature","properties":{},"geometry":{"type":"Polygon","coordinates":[[[-103.363753,25.563465],[-103.363617,25.563254],[-103.363525,25.563303],[-103.36366,25.563514],[-103.363753,25.563465]]]}},{"type":"Feature","properties":{},"geometry":{"type":"Polygon","coordinates":[[[-103.363845,25.563416],[-103.36371,25.563205],[-103.363617,25.563254],[-103.363753,25.563465],[-103.363845,25.563416]]]}},{"type":"Feature","properties":{},"geometry":{"type":"Polygon","coordinates":[[[-103.363937,25.563367],[-103.363802,25.563157],[-103.36371,25.563205],[-103.363845,25.563416],[-103.363937,25.563367]]]}},{"type":"Feature","properties":{},"geometry":{"type":"Polygon","coordinates":[[[-103.36403,25.563318],[-103.363894,25.563108],[-103.363802,25.563157],[-103.363937,25.563367],[-103.36403,25.563318]]]}},{"type":"Feature","properties":{},"geometry":{"type":"Polygon","coordinates":[[[-103.364122,25.563269],[-103.363987,25.563059],[-103.363894,25.563108],[-103.36403,25.563318],[-103.364122,25.563269]]]}},{"type":"Feature","properties":{},"geometry":{"type":"Polygon","coordinates":[[[-103.364214,25.563221],[-103.364079,25.56301],[-103.363987,25.563059],[-103.364122,25.563269],[-103.364214,25.563221]]]}},{"type":"Feature","properties":{},"geometry":{"type":"Polygon","coordinates":[[[-103.364307,25.563172],[-103.364171,25.562961],[-103.364079,25.56301],[-103.364214,25.563221],[-103.364307,25.563172]]]}},{"type":"Feature","properties":{},"geometry":{"type":"Polygon","coordinates":[[[-103.364399,25.563123],[-103.364264,25.562912],[-103.364171,25.562961],[-103.364307,25.563172],[-103.364399,25.563123]]]}},{"type":"Feature","properties":{},"geometry":{"type":"Polygon","coordinates":[[[-103.364594,25.563019],[-103.364459,25.562809],[-103.364367,25.562858],[-103.364502,25.563068],[-103.364594,25.563019]]]}},{"type":"Feature","properties":{},"geometry":{"type":"Polygon","coordinates":[[[-103.364687,25.562971],[-103.364551,25.56276],[-103.364459,25.562809],[-103.364594,25.563019],[-103.364687,25.562971]]]}},{"type":"Feature","properties":{},"geometry":{"type":"Polygon","coordinates":[[[-103.364779,25.562922],[-103.364644,25.562711],[-103.364551,25.56276],[-103.364687,25.562971],[-103.364779,25.562922]]]}},{"type":"Feature","properties":{},"geometry":{"type":"Polygon","coordinates":[[[-103.364872,25.562873],[-103.364736,25.562662],[-103.364644,25.562711],[-103.364779,25.562922],[-103.364872,25.562873]]]}},{"type":"Feature","properties":{},"geometry":{"type":"Polygon","coordinates":[[[-103.364964,25.562824],[-103.364828,25.562613],[-103.364736,25.562662],[-103.364872,25.562873],[-103.364964,25.562824]]]}},{"type":"Feature","properties":{},"geometry":{"type":"Polygon","coordinates":[[[-103.365056,25.562775],[-103.364921,25.562565],[-103.364828,25.562613],[-103.364964,25.562824],[-103.365056,25.562775]]]}},{"type":"Feature","properties":{},"geometry":{"type":"Polygon","coordinates":[[[-103.365149,25.562726],[-103.365013,25.562516],[-103.364921,25.562565],[-103.365056,25.562775],[-103.365149,25.562726]]]}},{"type":"Feature","properties":{},"geometry":{"type":"Polygon","coordinates":[[[-103.365241,25.562677],[-103.365105,25.562467],[-103.365013,25.562516],[-103.365149,25.562726],[-103.365241,25.562677]]]}},{"type":"Feature","properties":{},"geometry":{"type":"Polygon","coordinates":[[[-103.365333,25.562629],[-103.365198,25.562418],[-103.365105,25.562467],[-103.365241,25.562677],[-103.365333,25.562629]]]}},{"type":"Feature","properties":{},"geometry":{"type":"Polygon","coordinates":[[[-103.365426,25.56258],[-103.36529,25.562369],[-103.365198,25.562418],[-103.365333,25.562629],[-103.365426,25.56258]]]}},{"type":"Feature","properties":{},"geometry":{"type":"Polygon","coordinates":[[[-103.365518,25.562531],[-103.365383,25.56232],[-103.36529,25.562369],[-103.365426,25.56258],[-103.365518,25.562531]]]}},{"type":"Feature","properties":{},"geometry":{"type":"Polygon","coordinates":[[[-103.36561,25.562482],[-103.365475,25.562272],[-103.365383,25.56232],[-103.365518,25.562531],[-103.36561,25.562482]]]}},{"type":"Feature","properties":{},"geometry":{"type":"Polygon","coordinates":[[[-103.365703,25.562433],[-103.365567,25.562223],[-103.365475,25.562272],[-103.36561,25.562482],[-103.365703,25.562433]]]}},{"type":"Feature","properties":{},"geometry":{"type":"Polygon","coordinates":[[[-103.365795,25.562384],[-103.36566,25.562174],[-103.365567,25.562223],[-103.365703,25.562433],[-103.365795,25.562384]]]}},{"type":"Feature","properties":{},"geometry":{"type":"Polygon","coordinates":[[[-103.365887,25.562336],[-103.365752,25.562125],[-103.36566,25.562174],[-103.365795,25.562384],[-103.365887,25.562336]]]}},{"type":"Feature","properties":{},"geometry":{"type":"Polygon","coordinates":[[[-103.36598,25.562287],[-103.365844,25.562076],[-103.365752,25.562125],[-103.365887,25.562336],[-103.36598,25.562287]]]}},{"type":"Feature","properties":{},"geometry":{"type":"Polygon","coordinates":[[[-103.366175,25.562183],[-103.36604,25.561973],[-103.365947,25.562022],[-103.366083,25.562232],[-103.366175,25.562183]]]}},{"type":"Feature","properties":{},"geometry":{"type":"Polygon","coordinates":[[[-103.366267,25.562134],[-103.366132,25.561924],[-103.36604,25.561973],[-103.366175,25.562183],[-103.366267,25.562134]]]}},{"type":"Feature","properties":{},"geometry":{"type":"Polygon","coordinates":[[[-103.36636,25.562086],[-103.366224,25.561875],[-103.366132,25.561924],[-103.366267,25.562134],[-103.36636,25.562086]]]}},{"type":"Feature","properties":{},"geometry":{"type":"Polygon","coordinates":[[[-103.366452,25.562037],[-103.366317,25.561826],[-103.366224,25.561875],[-103.36636,25.562086],[-103.366452,25.562037]]]}},{"type":"Feature","properties":{},"geometry":{"type":"Polygon","coordinates":[[[-103.366544,25.561988],[-103.366409,25.561777],[-103.366317,25.561826],[-103.366452,25.562037],[-103.366544,25.561988]]]}},{"type":"Feature","properties":{},"geometry":{"type":"Polygon","coordinates":[[[-103.366637,25.561939],[-103.366501,25.561728],[-103.366409,25.561777],[-103.366544,25.561988],[-103.366637,25.561939]]]}},{"type":"Feature","properties":{},"geometry":{"type":"Polygon","coordinates":[[[-103.366729,25.56189],[-103.366594,25.56168],[-103.366501,25.561728],[-103.366637,25.561939],[-103.366729,25.56189]]]}},{"type":"Feature","properties":{},"geometry":{"type":"Polygon","coordinates":[[[-103.366821,25.561841],[-103.366686,25.561631],[-103.366594,25.56168],[-103.366729,25.56189],[-103.366821,25.561841]]]}},{"type":"Feature","properties":{},"geometry":{"type":"Polygon","coordinates":[[[-103.366914,25.561792],[-103.366778,25.561582],[-103.366686,25.561631],[-103.366821,25.561841],[-103.366914,25.561792]]]}},{"type":"Feature","properties":{},"geometry":{"type":"Polygon","coordinates":[[[-103.367006,25.561744],[-103.366871,25.561533],[-103.366778,25.561582],[-103.366914,25.561792],[-103.367006,25.561744]]]}},{"type":"Feature","properties":{},"geometry":{"type":"Polygon","coordinates":[[[-103.367098,25.561695],[-103.366963,25.561484],[-103.366871,25.561533],[-103.367006,25.561744],[-103.367098,25.561695]]]}},{"type":"Feature","properties":{},"geometry":{"type":"Polygon","coordinates":[[[-103.367191,25.561646],[-103.367055,25.561435],[-103.366963,25.561484],[-103.367098,25.561695],[-103.367191,25.561646]]]}},{"type":"Feature","properties":{},"geometry":{"type":"Polygon","coordinates":[[[-103.367283,25.561597],[-103.367148,25.561387],[-103.367055,25.561435],[-103.367191,25.561646],[-103.367283,25.561597]]]}},{"type":"Feature","properties":{},"geometry":{"type":"Polygon","coordinates":[[[-103.367375,25.561548],[-103.36724,25.561338],[-103.367148,25.561387],[-103.367283,25.561597],[-103.367375,25.561548]]]}},{"type":"Feature","properties":{},"geometry":{"type":"Polygon","coordinates":[[[-103.367468,25.561499],[-103.367332,25.561289],[-103.36724,25.561338],[-103.367375,25.561548],[-103.367468,25.561499]]]}},{"type":"Feature","properties":{},"geometry":{"type":"Polygon","coordinates":[[[-103.36756,25.561451],[-103.367425,25.56124],[-103.367332,25.561289],[-103.367468,25.561499],[-103.36756,25.561451]]]}},{"type":"Feature","properties":{},"geometry":{"type":"Polygon","coordinates":[[[-103.367756,25.561347],[-103.36762,25.561137],[-103.367528,25.561185],[-103.367663,25.561396],[-103.367756,25.561347]]]}},{"type":"Feature","properties":{},"geometry":{"type":"Polygon","coordinates":[[[-103.367848,25.561298],[-103.367713,25.561088],[-103.36762,25.561137],[-103.367756,25.561347],[-103.367848,25.561298]]]}},{"type":"Feature","properties":{},"geometry":{"type":"Polygon","coordinates":[[[-103.36794,25.561249],[-103.367805,25.561039],[-103.367713,25.561088],[-103.367848,25.561298],[-103.36794,25.561249]]]}},{"type":"Feature","properties":{},"geometry":{"type":"Polygon","coordinates":[[[-103.368033,25.561201],[-103.367897,25.56099],[-103.367805,25.561039],[-103.36794,25.561249],[-103.368033,25.561201]]]}},{"type":"Feature","properties":{},"geometry":{"type":"Polygon","coordinates":[[[-103.368125,25.561152],[-103.36799,25.560941],[-103.367897,25.56099],[-103.368033,25.561201],[-103.368125,25.561152]]]}},{"type":"Feature","properties":{},"geometry":{"type":"Polygon","coordinates":[[[-103.368217,25.561103],[-103.368082,25.560892],[-103.36799,25.560941],[-103.368125,25.561152],[-103.368217,25.561103]]]}},{"type":"Feature","properties":{},"geometry":{"type":"Polygon","coordinates":[[[-103.36831,25.561054],[-103.368174,25.560843],[-103.368082,25.560892],[-103.368217,25.561103],[-103.36831,25.561054]]]}},{"type":"Feature","properties":{},"geometry":{"type":"Polygon","coordinates":[[[-103.368402,25.561005],[-103.368267,25.560795],[-103.368174,25.560843],[-103.36831,25.561054],[-103.368402,25.561005]]]}},{"type":"Feature","properties":{},"geometry":{"type":"Polygon","coordinates":[[[-103.368494,25.560956],[-103.368359,25.560746],[-103.368267,25.560795],[-103.368402,25.561005],[-103.368494,25.560956]]]}},{"type":"Feature","properties":{},"geometry":{"type":"Polygon","coordinates":[[[-103.368587,25.560907],[-103.368451,25.560697],[-103.368359,25.560746],[-103.368494,25.560956],[-103.368587,25.560907]]]}},{"type":"Feature","properties":{},"geometry":{"type":"Polygon","coordinates":[[[-103.368679,25.560859],[-103.368544,25.560648],[-103.368451,25.560697],[-103.368587,25.560907],[-103.368679,25.560859]]]}},{"type":"Feature","properties":{},"geometry":{"type":"Polygon","coordinates":[[[-103.368771,25.56081],[-103.368636,25.560599],[-103.368544,25.560648],[-103.368679,25.560859],[-103.368771,25.56081]]]}},{"type":"Feature","properties":{},"geometry":{"type":"Polygon","coordinates":[[[-103.368864,25.560761],[-103.368728,25.56055],[-103.368636,25.560599],[-103.368771,25.56081],[-103.368864,25.560761]]]}},{"type":"Feature","properties":{},"geometry":{"type":"Polygon","coordinates":[[[-103.368956,25.560712],[-103.368821,25.560501],[-103.368728,25.56055],[-103.368864,25.560761],[-103.368956,25.560712]]]}},{"type":"Feature","properties":{},"geometry":{"type":"Polygon","coordinates":[[[-103.369048,25.560663],[-103.368913,25.560453],[-103.368821,25.560501],[-103.368956,25.560712],[-103.369048,25.560663]]]}},{"type":"Feature","properties":{},"geometry":{"type":"Polygon","coordinates":[[[-103.369141,25.560614],[-103.369005,25.560404],[-103.368913,25.560453],[-103.369048,25.560663],[-103.369141,25.560614]]]}},{"type":"Feature","properties":{},"geometry":{"type":"Polygon","coordinates":[[[-103.363579,25.563964],[-103.363443,25.563754],[-103.363351,25.563803],[-103.363486,25.564013],[-103.363579,25.563964]]]}},{"type":"Feature","properties":{},"geometry":{"type":"Polygon","coordinates":[[[-103.363671,25.563915],[-103.363536,25.563705],[-103.363443,25.563754],[-103.363579,25.563964],[-103.363671,25.563915]]]}}]}