{"type":"FeatureCollection","features":[{"type":"Feature","properties":{},"geometry":{"type":"Polygon","coordinates":[[[-103.357998,25.564189],[-103.357863,25.563978],[-103.357759,25.564033],[-103.357894,25.564244],[-103.357998,25.564189]]]}},{"type":"Feature","properties":{},"geometry":{"type":"Polygon","coordinates":[[[-103.358101,25.564134],[-103.357966,25.563924],[-103.357863,25.563978],[-103.357998,25.564189],[-103.358101,25.564134]]]}},{"type":"Feature","properties":{},"geometry":{"type":"Polygon","coordinates":[[[-103.358205,25.564079],[-103.35807,25.563869],[-103.357966,25.563924],[-103.358101,25.564134],[-103.358205,25.564079]]]}},{"type":"Feature","properties":{},"geometry":{"type":"Polygon","coordinates":[[[-103.358308,25.564025],[-103.358173,25.563814],[-103.35807,25.563869],[-103.358205,25.564079],[-103.358308,25.564025]]]}},{"type":"Feature","properties":{},"geometry":{"type":"Polygon","coordinates":[[[-103.358412,25.56397],[-103.358277,25.563759],[-103.358173,25.563814],[-103.358308,25.564025],[-103.358412,25.56397]]]}},{"type":"Feature","properties":{},"geometry":{"type":"Polygon","coordinates":[[[-103.358515,25.563915],[-103.35838,25.563705],[-103.358277,25.563759],[-103.358412,25.56397],[-103.358515,25.563915]]]}},{"type":"Feature","properties":{},"geometry":{"type":"Polygon","coordinates":[[[-103.358722,25.563806],[-103.358587,25.563595],[-103.358483,25.56365],[-103.358619,25.563861],[-103.358722,25.563806]]]}},{"type":"Feature","properties":{},"geometry":{"type":"Polygon","coordinates":[[[-103.358826,25.563751],[-103.35869,25.563541],[-103.358587,25.563595],[-103.358722,25.563806],[-103.358826,25.563751]]]}},{"type":"Feature","properties":{},"geometry":{"type":"Polygon","coordinates":[[[-103.358929,25.563696],[-103.358794,25.563486],[-103.35869,25.563541],[-103.358826,25.563751],[-103.358929,25.563696]]]}},{"type":"Feature","properties":{},"geometry":{"type":"Polygon","coordinates":[[[-103.359033,25.563642],[-103.358897,25.563431],[-103.358794,25.563486],[-103.358929,25.563696],[-103.359033,25.563642]]]}},{"type":"Feature","properties":{},"geometry":{"type":"Polygon","coordinates":[[[-103.359136,25.563587],[-103.359001,25.563376],[-103.358897,25.563431],[-103.359033,25.563642],[-103.359136,25.563587]]]}},{"type":"Feature","properties":{},"geometry":{"type":"Polygon","coordinates":[[[-103.359239,25.563532],[-103.359104,25.563322],[-103.359001,25.563376],[-103.359136,25.563587],[-103.359239,25.563532]]]}},{"type":"Feature","properties":{},"geometry":{"type":"Polygon","coordinates":[[[-103.359343,25.563477],[-103.359208,25.563267],[-103.359104,25.563322],[-103.359239,25.563532],[-103.359343,25.563477]]]}},{"type":"Feature","properties":{},"geometry":{"type":"Polygon","coordinates":[[[-103.359446,25.563423],[-103.359311,25.563212],[-103.359208,25.563267],[-103.359343,25.563477],[-103.359446,25.563423]]]}},{"type":"Feature","properties":{},"geometry":{"type":"Polygon","coordinates":[[[-103.35955,25.563368],[-103.359415,25.563157],[-103.359311,25.563212],[-103.359446,25.563423],[-103.35955,25.563368]]]}},{"type":"Feature","properties":{},"geometry":{"type":"Polygon","coordinates":[[[-103.359653,25.563313],[-103.359518,25.563103],[-103.359415,25.563157],[-103.35955,25.563368],[-103.359653,25.563313]]]}},{"type":"Feature","properties":{},"geometry":{"type":"Polygon","coordinates":[[[-103.359757,25.563258],[-103.359622,25.563048],[-103.359518,25.563103],[-103.359653,25.563313],[-103.359757,25.563258]]]}},{"type":"Feature","properties":{},"geometry":{"type":"Polygon","coordinates":[[[-103.35986,25.563204],[-103.359725,25.562993],[-103.359622,25.563048],[-103.359757,25.563258],[-103.35986,25.563204]]]}},{"type":"Feature","properties":{},"geometry":{"type":"Polygon","coordinates":[[[-103.359964,25.563149],[-103.359829,25.562938],[-103.359725,25.562993],[-103.35986,25.563204],[-103.359964,25.563149]]]}},{"type":"Feature","properties":{},"geometry":{"type":"Polygon","coordinates":[[[-103.360067,25.563094],[-103.359932,25.562884],[-103.359829,25.562938],[-103.359964,25.563149],[-103.360067,25.563094]]]}},{"type":"Feature","properties":{},"geometry":{"type":"Polygon","coordinates":[[[-103.360274,25.562985],[-103.360139,25.562774],[-103.360035,25.562829],[-103.360171,25.56304],[-103.360274,25.562985]]]}},{"type":"Feature","properties":{},"geometry":{"type":"Polygon","coordinates":[[[-103.360378,25.56293],[-103.360242,25.56272],[-103.360139,25.562774],[-103.360274,25.562985],[-103.360378,25.56293]]]}},{"type":"Feature","properties":{},"geometry":{"type":"Polygon","coordinates":[[[-103.360481,25.562875],[-103.360346,25.562665],[-103.360242,25.56272],[-103.360378,25.56293],[-103.360481,25.562875]]]}},{"type":"Feature","properties":{},"geometry":{"type":"Polygon","coordinates":[[[-103.360584,25.562821],[-103.360449,25.56261],[-103.360346,25.562665],[-103.360481,25.562875],[-103.360584,25.562821]]]}},{"type":"Feature","properties":{},"geometry":{"type":"Polygon","coordinates":[[[-103.360688,25.562766],[-103.360553,25.562555],[-103.360449,25.56261],[-103.360584,25.562821],[-103.360688,25.562766]]]}},{"type":"Feature","properties":{},"geometry":{"type":"Polygon","coordinates":[[[-103.360791,25.562711],[-103.360656,25.562501],[-103.360553,25.562555],[-103.360688,25.562766],[-103.360791,25.562711]]]}},{"type":"Feature","properties":{},"geometry":{"type":"Polygon","coordinates":[[[-103.360895,25.562656],[-103.36076,25.562446],[-103.360656,25.562501],[-103.360791,25.562711],[-103.360895,25.562656]]]}},{"type":"Feature","properties":{},"geometry":{"type":"Polygon","coordinates":[[[-103.360998,25.562602],[-103.360863,25.562391],[-103.36076,25.562446],[-103.360895,25.562656],[-103.360998,25.562602]]]}},{"type":"Feature","properties":{},"geometry":{"type":"Polygon","coordinates":[[[-103.361102,25.562547],[-103.360967,25.562336],[-103.360863,25.562391],[-103.360998,25.562602],[-103.361102,25.562547]]]}},{"type":"Feature","properties":{},"geometry":{"type":"Polygon","coordinates":[[[-103.361205,25.562492],[-103.36107,25.562282],[-103.360967,25.562336],[-103.361102,25.562547],[-103.361205,25.562492]]]}},{"type":"Feature","properties":{},"geometry":{"type":"Polygon","coordinates":[[[-103.361309,25.562437],[-103.361174,25.562227],[-103.36107,25.562282],[-103.361205,25.562492],[-103.361309,25.562437]]]}},{"type":"Feature","properties":{},"geometry":{"type":"Polygon","coordinates":[[[-103.361412,25.562383],[-103.361277,25.562172],[-103.361174,25.562227],[-103.361309,25.562437],[-103.361412,25.562383]]]}},{"type":"Feature","properties":{},"geometry":{"type":"Polygon","coordinates":[[[-103.361516,25.562328],[-103.36138,25.562117],[-103.361277,25.562172],[-103.361412,25.562383],[-103.361516,25.562328]]]}},{"type":"Feature","properties":{},"geometry":{"type":"Polygon","coordinates":[[[-103.361619,25.562273],[-103.361484,25.562063],[-103.36138,25.562117],[-103.361516,25.562328],[-103.361619,25.562273]]]}},{"type":"Feature","properties":{},"geometry":{"type":"Polygon","coordinates":[[[-103.361826,25.562164],[-103.361691,25.561953],[-103.361587,25.562008],[-103.361723,25.562219],[-103.361826,25.562164]]]}},{"type":"Feature","properties":{},"geometry":{"type":"Polygon","coordinates":[[[-103.361929,25.562109],[-103.361794,25.561899],[-103.361691,25.561953],[-103.361826,25.562164],[-103.361929,25.562109]]]}},{"type":"Feature","properties":{},"geometry":{"type":"Polygon","coordinates":[[[-103.362033,25.562054],[-103.361898,25.561844],[-103.361794,25.561899],[-103.361929,25.562109],[-103.362033,25.562054]]]}},{"type":"Feature","properties":{},"geometry":{"type":"Polygon","coordinates":[[[-103.362136,25.562],[-103.362001,25.561789],[-103.361898,25.561844],[-103.362033,25.562054],[-103.362136,25.562]]]}},{"type":"Feature","properties":{},"geometry":{"type":"Polygon","coordinates":[[[-103.36224,25.561945],[-103.362105,25.561734],[-103.362001,25.561789],[-103.362136,25.562],[-103.36224,25.561945]]]}},{"type":"Feature","properties":{},"geometry":{"type":"Polygon","coordinates":[[[-103.362343,25.56189],[-103.362208,25.56168],[-103.362105,25.561734],[-103.36224,25.561945],[-103.362343,25.56189]]]}},{"type":"Feature","properties":{},"geometry":{"type":"Polygon","coordinates":[[[-103.363378,25.561343],[-103.363243,25.561132],[-103.363139,25.561187],[-103.363274,25.561398],[-103.363378,25.561343]]]}},{"type":"Feature","properties":{},"geometry":{"type":"Polygon","coordinates":[[[-103.363481,25.561288],[-103.363346,25.561078],[-103.363243,25.561132],[-103.363378,25.561343],[-103.363481,25.561288]]]}},{"type":"Feature","properties":{},"geometry":{"type":"Polygon","coordinates":[[[-103.363585,25.561233],[-103.36345,25.561023],[-103.363346,25.561078],[-103.363481,25.561288],[-103.363585,25.561233]]]}},{"type":"Feature","properties":{},"geometry":{"type":"Polygon","coordinates":[[[-103.363688,25.561179],[-103.363553,25.560968],[-103.36345,25.561023],[-103.363585,25.561233],[-103.363688,25.561179]]]}},{"type":"Feature","properties":{},"geometry":{"type":"Polygon","coordinates":[[[-103.363792,25.561124],[-103.363656,25.560913],[-103.363553,25.560968],[-103.363688,25.561179],[-103.363792,25.561124]]]}},{"type":"Feature","properties":{},"geometry":{"type":"Polygon","coordinates":[[[-103.363895,25.561069],[-103.36376,25.560859],[-103.363656,25.560913],[-103.363792,25.561124],[-103.363895,25.561069]]]}},{"type":"Feature","properties":{},"geometry":{"type":"Polygon","coordinates":[[[-103.363999,25.561015],[-103.363863,25.560804],[-103.36376,25.560859],[-103.363895,25.561069],[-103.363999,25.561015]]]}},{"type":"Feature","properties":{},"geometry":{"type":"Polygon","coordinates":[[[-103.364102,25.56096],[-103.363967,25.560749],[-103.363863,25.560804],[-103.363999,25.561015],[-103.364102,25.56096]]]}},{"type":"Feature","properties":{},"geometry":{"type":"Polygon","coordinates":[[[-103.364206,25.560905],[-103.36407,25.560694],[-103.363967,25.560749],[-103.364102,25.56096],[-103.364206,25.560905]]]}},{"type":"Feature","properties":{},"geometry":{"type":"Polygon","coordinates":[[[-103.364309,25.56085],[-103.364174,25.56064],[-103.36407,25.560694],[-103.364206,25.560905],[-103.364309,25.56085]]]}},{"type":"Feature","properties":{},"geometry":{"type":"Polygon","coordinates":[[[-103.364413,25.560796],[-103.364277,25.560585],[-103.364174,25.56064],[-103.364309,25.56085],[-103.364413,25.560796]]]}},{"type":"Feature","properties":{},"geometry":{"type":"Polygon","coordinates":[[[-103.364516,25.560741],[-103.364381,25.56053],[-103.364277,25.560585],[-103.364413,25.560796],[-103.364516,25.560741]]]}},{"type":"Feature","properties":{},"geometry":{"type":"Polygon","coordinates":[[[-103.36462,25.560686],[-103.364484,25.560476],[-103.364381,25.56053],[-103.364516,25.560741],[-103.36462,25.560686]]]}},{"type":"Feature","properties":{},"geometry":{"type":"Polygon","coordinates":[[[-103.364723,25.560631],[-103.364588,25.560421],[-103.364484,25.560476],[-103.36462,25.560686],[-103.364723,25.560631]]]}},{"type":"Feature","properties":{},"geometry":{"type":"Polygon","coordinates":[[[-103.36493,25.560522],[-103.364794,25.560311],[-103.364691,25.560366],[-103.364826,25.560577],[-103.36493,25.560522]]]}},{"type":"Feature","properties":{},"geometry":{"type":"Polygon","coordinates":[[[-103.365033,25.560467],[-103.364898,25.560257],[-103.364794,25.560311],[-103.36493,25.560522],[-103.365033,25.560467]]]}},{"type":"Feature","properties":{},"geometry":{"type":"Polygon","coordinates":[[[-103.366068,25.55992],[-103.365933,25.559709],[-103.365829,25.559764],[-103.365965,25.559975],[-103.366068,25.55992]]]}},{"type":"Feature","properties":{},"geometry":{"type":"Polygon","coordinates":[[[-103.366172,25.559865],[-103.366036,25.559655],[-103.365933,25.559709],[-103.366068,25.55992],[-103.366172,25.559865]]]}},{"type":"Feature","properties":{},"geometry":{"type":"Polygon","coordinates":[[[-103.366275,25.55981],[-103.36614,25.5596],[-103.366036,25.559655],[-103.366172,25.559865],[-103.366275,25.55981]]]}},{"type":"Feature","properties":{},"geometry":{"type":"Polygon","coordinates":[[[-103.366482,25.559701],[-103.366346,25.55949],[-103.366243,25.559545],[-103.366378,25.559756],[-103.366482,25.559701]]]}},{"type":"Feature","properties":{},"geometry":{"type":"Polygon","coordinates":[[[-103.366585,25.559646],[-103.36645,25.559436],[-103.366346,25.55949],[-103.366482,25.559701],[-103.366585,25.559646]]]}},{"type":"Feature","properties":{},"geometry":{"type":"Polygon","coordinates":[[[-103.366689,25.559592],[-103.366553,25.559381],[-103.36645,25.559436],[-103.366585,25.559646],[-103.366689,25.559592]]]}},{"type":"Feature","properties":{},"geometry":{"type":"Polygon","coordinates":[[[-103.366792,25.559537],[-103.366657,25.559326],[-103.366553,25.559381],[-103.366689,25.559592],[-103.366792,25.559537]]]}},{"type":"Feature","properties":{},"geometry":{"type":"Polygon","coordinates":[[[-103.366896,25.559482],[-103.36676,25.559271],[-103.366657,25.559326],[-103.366792,25.559537],[-103.366896,25.559482]]]}},{"type":"Feature","properties":{},"geometry":{"type":"Polygon","coordinates":[[[-103.366999,25.559427],[-103.366864,25.559217],[-103.36676,25.559271],[-103.366896,25.559482],[-103.366999,25.559427]]]}},{"type":"Feature","properties":{},"geometry":{"type":"Polygon","coordinates":[[[-103.367103,25.559373],[-103.366967,25.559162],[-103.366864,25.559217],[-103.366999,25.559427],[-103.367103,25.559373]]]}},{"type":"Feature","properties":{},"geometry":{"type":"Polygon","coordinates":[[[-103.367206,25.559318],[-103.367071,25.559107],[-103.366967,25.559162],[-103.367103,25.559373],[-103.367206,25.559318]]]}},{"type":"Feature","properties":{},"geometry":{"type":"Polygon","coordinates":[[[-103.36731,25.559263],[-103.367174,25.559052],[-103.367071,25.559107],[-103.367206,25.559318],[-103.36731,25.559263]]]}},{"type":"Feature","properties":{},"geometry":{"type":"Polygon","coordinates":[[[-103.367413,25.559208],[-103.367278,25.558998],[-103.367174,25.559052],[-103.36731,25.559263],[-103.367413,25.559208]]]}},{"type":"Feature","properties":{},"geometry":{"type":"Polygon","coordinates":[[[-103.367517,25.559154],[-103.367381,25.558943],[-103.367278,25.558998],[-103.367413,25.559208],[-103.367517,25.559154]]]}},{"type":"Feature","properties":{},"geometry":{"type":"Polygon","coordinates":[[[-103.36762,25.559099],[-103.367485,25.558888],[-103.367381,25.558943],[-103.367517,25.559154],[-103.36762,25.559099]]]}},{"type":"Feature","properties":{},"geometry":{"type":"Polygon","coordinates":[[[-103.367723,25.559044],[-103.367588,25.558834],[-103.367485,25.558888],[-103.36762,25.559099],[-103.367723,25.559044]]]}},{"type":"Feature","properties":{},"geometry":{"type":"Polygon","coordinates":[[[-103.367827,25.558989],[-103.367692,25.558779],[-103.367588,25.558834],[-103.367723,25.559044],[-103.367827,25.558989]]]}},{"type":"Feature","properties":{},"geometry":{"type":"Polygon","coordinates":[[[-103.368034,25.55888],[-103.367898,25.558669],[-103.367795,25.558724],[-103.36793,25.558935],[-103.368034,25.55888]]]}},{"type":"Feature","properties":{},"geometry":{"type":"Polygon","coordinates":[[[-103.368137,25.558825],[-103.368002,25.558615],[-103.367898,25.558669],[-103.368034,25.55888],[-103.368137,25.558825]]]}},{"type":"Feature","properties":{},"geometry":{"type":"Polygon","coordinates":[[[-103.368241,25.55877],[-103.368105,25.55856],[-103.368002,25.558615],[-103.368137,25.558825],[-103.368241,25.55877]]]}},{"type":"Feature","properties":{},"geometry":{"type":"Polygon","coordinates":[[[-103.368344,25.558716],[-103.368209,25.558505],[-103.368105,25.55856],[-103.368241,25.55877],[-103.368344,25.558716]]]}},{"type":"Feature","properties":{},"geometry":{"type":"Polygon","coordinates":[[[-103.357966,25.563924],[-103.357831,25.563713],[-103.357727,25.563768],[-103.357863,25.563978],[-103.357966,25.563924]]]}},{"type":"Feature","properties":{},"geometry":{"type":"Polygon","coordinates":[[[-103.35807,25.563869],[-103.357934,25.563658],[-103.357831,25.563713],[-103.357966,25.563924],[-103.35807,25.563869]]]}},{"type":"Feature","properties":{},"geometry":{"type":"Polygon","coordinates":[[[-103.358173,25.563814],[-103.358038,25.563603],[-103.357934,25.563658],[-103.35807,25.563869],[-103.358173,25.563814]]]}},{"type":"Feature","properties":{},"geometry":{"type":"Polygon","coordinates":[[[-103.358277,25.563759],[-103.358141,25.563549],[-103.358038,25.563603],[-103.358173,25.563814],[-103.358277,25.563759]]]}},{"type":"Feature","properties":{},"geometry":{"type":"Polygon","coordinates":[[[-103.35838,25.563705],[-103.358245,25.563494],[-103.358141,25.563549],[-103.358277,25.563759],[-103.35838,25.563705]]]}},{"type":"Feature","properties":{},"geometry":{"type":"Polygon","coordinates":[[[-103.358587,25.563595],[-103.358451,25.563385],[-103.358348,25.563439],[-103.358483,25.56365],[-103.358587,25.563595]]]}},{"type":"Feature","properties":{},"geometry":{"type":"Polygon","coordinates":[[[-103.35869,25.563541],[-103.358555,25.56333],[-103.358451,25.563385],[-103.358587,25.563595],[-103.35869,25.563541]]]}},{"type":"Feature","properties":{},"geometry":{"type":"Polygon","coordinates":[[[-103.358794,25.563486],[-103.358658,25.563275],[-103.358555,25.56333],[-103.35869,25.563541],[-103.358794,25.563486]]]}},{"type":"Feature","properties":{},"geometry":{"type":"Polygon","coordinates":[[[-103.358897,25.563431],[-103.358762,25.56322],[-103.358658,25.563275],[-103.358794,25.563486],[-103.358897,25.563431]]]}},{"type":"Feature","properties":{},"geometry":{"type":"Polygon","coordinates":[[[-103.359001,25.563376],[-103.358865,25.563166],[-103.358762,25.56322],[-103.358897,25.563431],[-103.359001,25.563376]]]}},{"type":"Feature","properties":{},"geometry":{"type":"Polygon","coordinates":[[[-103.359104,25.563322],[-103.358969,25.563111],[-103.358865,25.563166],[-103.359001,25.563376],[-103.359104,25.563322]]]}},{"type":"Feature","properties":{},"geometry":{"type":"Polygon","coordinates":[[[-103.359208,25.563267],[-103.359072,25.563056],[-103.358969,25.563111],[-103.359104,25.563322],[-103.359208,25.563267]]]}},{"type":"Feature","properties":{},"geometry":{"type":"Polygon","coordinates":[[[-103.359311,25.563212],[-103.359176,25.563002],[-103.359072,25.563056],[-103.359208,25.563267],[-103.359311,25.563212]]]}},{"type":"Feature","properties":{},"geometry":{"type":"Polygon","coordinates":[[[-103.359415,25.563157],[-103.359279,25.562947],[-103.359176,25.563002],[-103.359311,25.563212],[-103.359415,25.563157]]]}},{"type":"Feature","properties":{},"geometry":{"type":"Polygon","coordinates":[[[-103.359518,25.563103],[-103.359383,25.562892],[-103.359279,25.562947],[-103.359415,25.563157],[-103.359518,25.563103]]]}},{"type":"Feature","properties":{},"geometry":{"type":"Polygon","coordinates":[[[-103.359622,25.563048],[-103.359486,25.562837],[-103.359383,25.562892],[-103.359518,25.563103],[-103.359622,25.563048]]]}},{"type":"Feature","properties":{},"geometry":{"type":"Polygon","coordinates":[[[-103.359725,25.562993],[-103.35959,25.562783],[-103.359486,25.562837],[-103.359622,25.563048],[-103.359725,25.562993]]]}},{"type":"Feature","properties":{},"geometry":{"type":"Polygon","coordinates":[[[-103.359829,25.562938],[-103.359693,25.562728],[-103.35959,25.562783],[-103.359725,25.562993],[-103.359829,25.562938]]]}},{"type":"Feature","properties":{},"geometry":{"type":"Polygon","coordinates":[[[-103.359932,25.562884],[-103.359797,25.562673],[-103.359693,25.562728],[-103.359829,25.562938],[-103.359932,25.562884]]]}},{"type":"Feature","properties":{},"geometry":{"type":"Polygon","coordinates":[[[-103.360139,25.562774],[-103.360003,25.562564],[-103.3599,25.562619],[-103.360035,25.562829],[-103.360139,25.562774]]]}},{"type":"Feature","properties":{},"geometry":{"type":"Polygon","coordinates":[[[-103.360242,25.56272],[-103.360107,25.562509],[-103.360003,25.562564],[-103.360139,25.562774],[-103.360242,25.56272]]]}},{"type":"Feature","properties":{},"geometry":{"type":"Polygon","coordinates":[[[-103.360346,25.562665],[-103.36021,25.562454],[-103.360107,25.562509],[-103.360242,25.56272],[-103.360346,25.562665]]]}},{"type":"Feature","properties":{},"geometry":{"type":"Polygon","coordinates":[[[-103.360449,25.56261],[-103.360314,25.5624],[-103.36021,25.562454],[-103.360346,25.562665],[-103.360449,25.56261]]]}},{"type":"Feature","properties":{},"geometry":{"type":"Polygon","coordinates":[[[-103.360553,25.562555],[-103.360417,25.562345],[-103.360314,25.5624],[-103.360449,25.56261],[-103.360553,25.562555]]]}},{"type":"Feature","properties":{},"geometry":{"type":"Polygon","coordinates":[[[-103.360656,25.562501],[-103.360521,25.56229],[-103.360417,25.562345],[-103.360553,25.562555],[-103.360656,25.562501]]]}},{"type":"Feature","properties":{},"geometry":{"type":"Polygon","coordinates":[[[-103.36076,25.562446],[-103.360624,25.562235],[-103.360521,25.56229],[-103.360656,25.562501],[-103.36076,25.562446]]]}},{"type":"Feature","properties":{},"geometry":{"type":"Polygon","coordinates":[[[-103.360863,25.562391],[-103.360728,25.562181],[-103.360624,25.562235],[-103.36076,25.562446],[-103.360863,25.562391]]]}},{"type":"Feature","properties":{},"geometry":{"type":"Polygon","coordinates":[[[-103.360967,25.562336],[-103.360831,25.562126],[-103.360728,25.562181],[-103.360863,25.562391],[-103.360967,25.562336]]]}},{"type":"Feature","properties":{},"geometry":{"type":"Polygon","coordinates":[[[-103.36107,25.562282],[-103.360935,25.562071],[-103.360831,25.562126],[-103.360967,25.562336],[-103.36107,25.562282]]]}},{"type":"Feature","properties":{},"geometry":{"type":"Polygon","coordinates":[[[-103.361174,25.562227],[-103.361038,25.562016],[-103.360935,25.562071],[-103.36107,25.562282],[-103.361174,25.562227]]]}},{"type":"Feature","properties":{},"geometry":{"type":"Polygon","coordinates":[[[-103.361277,25.562172],[-103.361142,25.561962],[-103.361038,25.562016],[-103.361174,25.562227],[-103.361277,25.562172]]]}},{"type":"Feature","properties":{},"geometry":{"type":"Polygon","coordinates":[[[-103.36138,25.562117],[-103.361245,25.561907],[-103.361142,25.561962],[-103.361277,25.562172],[-103.36138,25.562117]]]}},{"type":"Feature","properties":{},"geometry":{"type":"Polygon","coordinates":[[[-103.361484,25.562063],[-103.361349,25.561852],[-103.361245,25.561907],[-103.36138,25.562117],[-103.361484,25.562063]]]}},{"type":"Feature","properties":{},"geometry":{"type":"Polygon","coordinates":[[[-103.361691,25.561953],[-103.361555,25.561743],[-103.361452,25.561798],[-103.361587,25.562008],[-103.361691,25.561953]]]}},{"type":"Feature","properties":{},"geometry":{"type":"Polygon","coordinates":[[[-103.361794,25.561899],[-103.361659,25.561688],[-103.361555,25.561743],[-103.361691,25.561953],[-103.361794,25.561899]]]}},{"type":"Feature","properties":{},"geometry":{"type":"Polygon","coordinates":[[[-103.361898,25.561844],[-103.361762,25.561633],[-103.361659,25.561688],[-103.361794,25.561899],[-103.361898,25.561844]]]}},{"type":"Feature","properties":{},"geometry":{"type":"Polygon","coordinates":[[[-103.362001,25.561789],[-103.361866,25.561579],[-103.361762,25.561633],[-103.361898,25.561844],[-103.362001,25.561789]]]}},{"type":"Feature","properties":{},"geometry":{"type":"Polygon","coordinates":[[[-103.362105,25.561734],[-103.361969,25.561524],[-103.361866,25.561579],[-103.362001,25.561789],[-103.362105,25.561734]]]}},{"type":"Feature","properties":{},"geometry":{"type":"Polygon","coordinates":[[[-103.362208,25.56168],[-103.362073,25.561469],[-103.361969,25.561524],[-103.362105,25.561734],[-103.362208,25.56168]]]}},{"type":"Feature","properties":{},"geometry":{"type":"Polygon","coordinates":[[[-103.363243,25.561132],[-103.363107,25.560922],[-103.363004,25.560977],[-103.363139,25.561187],[-103.363243,25.561132]]]}},{"type":"Feature","properties":{},"geometry":{"type":"Polygon","coordinates":[[[-103.363346,25.561078],[-103.363211,25.560867],[-103.363107,25.560922],[-103.363243,25.561132],[-103.363346,25.561078]]]}},{"type":"Feature","properties":{},"geometry":{"type":"Polygon","coordinates":[[[-103.36345,25.561023],[-103.363314,25.560812],[-103.363211,25.560867],[-103.363346,25.561078],[-103.36345,25.561023]]]}},{"type":"Feature","properties":{},"geometry":{"type":"Polygon","coordinates":[[[-103.363553,25.560968],[-103.363418,25.560758],[-103.363314,25.560812],[-103.36345,25.561023],[-103.363553,25.560968]]]}},{"type":"Feature","properties":{},"geometry":{"type":"Polygon","coordinates":[[[-103.363656,25.560913],[-103.363521,25.560703],[-103.363418,25.560758],[-103.363553,25.560968],[-103.363656,25.560913]]]}},{"type":"Feature","properties":{},"geometry":{"type":"Polygon","coordinates":[[[-103.36376,25.560859],[-103.363625,25.560648],[-103.363521,25.560703],[-103.363656,25.560913],[-103.36376,25.560859]]]}},{"type":"Feature","properties":{},"geometry":{"type":"Polygon","coordinates":[[[-103.363863,25.560804],[-103.363728,25.560593],[-103.363625,25.560648],[-103.36376,25.560859],[-103.363863,25.560804]]]}},{"type":"Feature","properties":{},"geometry":{"type":"Polygon","coordinates":[[[-103.363967,25.560749],[-103.363832,25.560539],[-103.363728,25.560593],[-103.363863,25.560804],[-103.363967,25.560749]]]}},{"type":"Feature","properties":{},"geometry":{"type":"Polygon","coordinates":[[[-103.36407,25.560694],[-103.363935,25.560484],[-103.363832,25.560539],[-103.363967,25.560749],[-103.36407,25.560694]]]}},{"type":"Feature","properties":{},"geometry":{"type":"Polygon","coordinates":[[[-103.364174,25.56064],[-103.364039,25.560429],[-103.363935,25.560484],[-103.36407,25.560694],[-103.364174,25.56064]]]}},{"type":"Feature","properties":{},"geometry":{"type":"Polygon","coordinates":[[[-103.364277,25.560585],[-103.364142,25.560374],[-103.364039,25.560429],[-103.364174,25.56064],[-103.364277,25.560585]]]}},{"type":"Feature","properties":{},"geometry":{"type":"Polygon","coordinates":[[[-103.364381,25.56053],[-103.364245,25.56032],[-103.364142,25.560374],[-103.364277,25.560585],[-103.364381,25.56053]]]}},{"type":"Feature","properties":{},"geometry":{"type":"Polygon","coordinates":[[[-103.364484,25.560476],[-103.364349,25.560265],[-103.364245,25.56032],[-103.364381,25.56053],[-103.364484,25.560476]]]}},{"type":"Feature","properties":{},"geometry":{"type":"Polygon","coordinates":[[[-103.364588,25.560421],[-103.364452,25.56021],[-103.364349,25.560265],[-103.364484,25.560476],[-103.364588,25.560421]]]}},{"type":"Feature","properties":{},"geometry":{"type":"Polygon","coordinates":[[[-103.364794,25.560311],[-103.364659,25.560101],[-103.364556,25.560156],[-103.364691,25.560366],[-103.364794,25.560311]]]}},{"type":"Feature","properties":{},"geometry":{"type":"Polygon","coordinates":[[[-103.364898,25.560257],[-103.364763,25.560046],[-103.364659,25.560101],[-103.364794,25.560311],[-103.364898,25.560257]]]}},{"type":"Feature","properties":{},"geometry":{"type":"Polygon","coordinates":[[[-103.365933,25.559709],[-103.365797,25.559499],[-103.365694,25.559553],[-103.365829,25.559764],[-103.365933,25.559709]]]}},{"type":"Feature","properties":{},"geometry":{"type":"Polygon","coordinates":[[[-103.366036,25.559655],[-103.365901,25.559444],[-103.365797,25.559499],[-103.365933,25.559709],[-103.366036,25.559655]]]}},{"type":"Feature","properties":{},"geometry":{"type":"Polygon","coordinates":[[[-103.36614,25.5596],[-103.366004,25.559389],[-103.365901,25.559444],[-103.366036,25.559655],[-103.36614,25.5596]]]}},{"type":"Feature","properties":{},"geometry":{"type":"Polygon","coordinates":[[[-103.366346,25.55949],[-103.366211,25.55928],[-103.366108,25.559335],[-103.366243,25.559545],[-103.366346,25.55949]]]}},{"type":"Feature","properties":{},"geometry":{"type":"Polygon","coordinates":[[[-103.36645,25.559436],[-103.366314,25.559225],[-103.366211,25.55928],[-103.366346,25.55949],[-103.36645,25.559436]]]}},{"type":"Feature","properties":{},"geometry":{"type":"Polygon","coordinates":[[[-103.366553,25.559381],[-103.366418,25.55917],[-103.366314,25.559225],[-103.36645,25.559436],[-103.366553,25.559381]]]}},{"type":"Feature","properties":{},"geometry":{"type":"Polygon","coordinates":[[[-103.366657,25.559326],[-103.366521,25.559116],[-103.366418,25.55917],[-103.366553,25.559381],[-103.366657,25.559326]]]}},{"type":"Feature","properties":{},"geometry":{"type":"Polygon","coordinates":[[[-103.36676,25.559271],[-103.366625,25.559061],[-103.366521,25.559116],[-103.366657,25.559326],[-103.36676,25.559271]]]}},{"type":"Feature","properties":{},"geometry":{"type":"Polygon","coordinates":[[[-103.366864,25.559217],[-103.366728,25.559006],[-103.366625,25.559061],[-103.36676,25.559271],[-103.366864,25.559217]]]}},{"type":"Feature","properties":{},"geometry":{"type":"Polygon","coordinates":[[[-103.366967,25.559162],[-103.366832,25.558951],[-103.366728,25.559006],[-103.366864,25.559217],[-103.366967,25.559162]]]}},{"type":"Feature","properties":{},"geometry":{"type":"Polygon","coordinates":[[[-103.367071,25.559107],[-103.366935,25.558897],[-103.366832,25.558951],[-103.366967,25.559162],[-103.367071,25.559107]]]}},{"type":"Feature","properties":{},"geometry":{"type":"Polygon","coordinates":[[[-103.367174,25.559052],[-103.367039,25.558842],[-103.366935,25.558897],[-103.367071,25.559107],[-103.367174,25.559052]]]}},{"type":"Feature","properties":{},"geometry":{"type":"Polygon","coordinates":[[[-103.367278,25.558998],[-103.367142,25.558787],[-103.367039,25.558842],[-103.367174,25.559052],[-103.367278,25.558998]]]}},{"type":"Feature","properties":{},"geometry":{"type":"Polygon","coordinates":[[[-103.367381,25.558943],[-103.367246,25.558732],[-103.367142,25.558787],[-103.367278,25.558998],[-103.367381,25.558943]]]}},{"type":"Feature","properties":{},"geometry":{"type":"Polygon","coordinates":[[[-103.367485,25.558888],[-103.367349,25.558678],[-103.367246,25.558732],[-103.367381,25.558943],[-103.367485,25.558888]]]}},{"type":"Feature","properties":{},"geometry":{"type":"Polygon","coordinates":[[[-103.367588,25.558834],[-103.367453,25.558623],[-103.367349,25.558678],[-103.367485,25.558888],[-103.367588,25.558834]]]}},{"type":"Feature","properties":{},"geometry":{"type":"Polygon","coordinates":[[[-103.367692,25.558779],[-103.367556,25.558568],[-103.367453,25.558623],[-103.367588,25.558834],[-103.367692,25.558779]]]}},{"type":"Feature","properties":{},"geometry":{"type":"Polygon","coordinates":[[[-103.367898,25.558669],[-103.367763,25.558459],[-103.367659,25.558514],[-103.367795,25.558724],[-103.367898,25.558669]]]}},{"type":"Feature","properties":{},"geometry":{"type":"Polygon","coordinates":[[[-103.357978,25.56351],[-103.357842,25.563299],[-103.357739,25.563354],[-103.357874,25.563565],[-103.357978,25.56351]]]}},{"type":"Feature","properties":{},"geometry":{"type":"Polygon","coordinates":[[[-103.358081,25.563455],[-103.357946,25.563245],[-103.357842,25.563299],[-103.357978,25.56351],[-103.358081,25.563455]]]}},{"type":"Feature","properties":{},"geometry":{"type":"Polygon","coordinates":[[[-103.358185,25.5634],[-103.358049,25.56319],[-103.357946,25.563245],[-103.358081,25.563455],[-103.358185,25.5634]]]}},{"type":"Feature","properties":{},"geometry":{"type":"Polygon","coordinates":[[[-103.358391,25.563291],[-103.358256,25.563081],[-103.358152,25.563135],[-103.358288,25.563346],[-103.358391,25.563291]]]}},{"type":"Feature","properties":{},"geometry":{"type":"Polygon","coordinates":[[[-103.358495,25.563236],[-103.358359,25.563026],[-103.358256,25.563081],[-103.358391,25.563291],[-103.358495,25.563236]]]}},{"type":"Feature","properties":{},"geometry":{"type":"Polygon","coordinates":[[[-103.358598,25.563182],[-103.358463,25.562971],[-103.358359,25.563026],[-103.358495,25.563236],[-103.358598,25.563182]]]}},{"type":"Feature","properties":{},"geometry":{"type":"Polygon","coordinates":[[[-103.358702,25.563127],[-103.358566,25.562916],[-103.358463,25.562971],[-103.358598,25.563182],[-103.358702,25.563127]]]}},{"type":"Feature","properties":{},"geometry":{"type":"Polygon","coordinates":[[[-103.358805,25.563072],[-103.35867,25.562862],[-103.358566,25.562916],[-103.358702,25.563127],[-103.358805,25.563072]]]}},{"type":"Feature","properties":{},"geometry":{"type":"Polygon","coordinates":[[[-103.358909,25.563017],[-103.358773,25.562807],[-103.35867,25.562862],[-103.358805,25.563072],[-103.358909,25.563017]]]}},{"type":"Feature","properties":{},"geometry":{"type":"Polygon","coordinates":[[[-103.359012,25.562963],[-103.358877,25.562752],[-103.358773,25.562807],[-103.358909,25.563017],[-103.359012,25.562963]]]}},{"type":"Feature","properties":{},"geometry":{"type":"Polygon","coordinates":[[[-103.359116,25.562908],[-103.35898,25.562697],[-103.358877,25.562752],[-103.359012,25.562963],[-103.359116,25.562908]]]}},{"type":"Feature","properties":{},"geometry":{"type":"Polygon","coordinates":[[[-103.359219,25.562853],[-103.359084,25.562643],[-103.35898,25.562697],[-103.359116,25.562908],[-103.359219,25.562853]]]}},{"type":"Feature","properties":{},"geometry":{"type":"Polygon","coordinates":[[[-103.359323,25.562798],[-103.359187,25.562588],[-103.359084,25.562643],[-103.359219,25.562853],[-103.359323,25.562798]]]}},{"type":"Feature","properties":{},"geometry":{"type":"Polygon","coordinates":[[[-103.359426,25.562744],[-103.359291,25.562533],[-103.359187,25.562588],[-103.359323,25.562798],[-103.359426,25.562744]]]}},{"type":"Feature","properties":{},"geometry":{"type":"Polygon","coordinates":[[[-103.35953,25.562689],[-103.359394,25.562478],[-103.359291,25.562533],[-103.359426,25.562744],[-103.35953,25.562689]]]}},{"type":"Feature","properties":{},"geometry":{"type":"Polygon","coordinates":[[[-103.359633,25.562634],[-103.359498,25.562424],[-103.359394,25.562478],[-103.35953,25.562689],[-103.359633,25.562634]]]}},{"type":"Feature","properties":{},"geometry":{"type":"Polygon","coordinates":[[[-103.359736,25.56258],[-103.359601,25.562369],[-103.359498,25.562424],[-103.359633,25.562634],[-103.359736,25.56258]]]}},{"type":"Feature","properties":{},"geometry":{"type":"Polygon","coordinates":[[[-103.359943,25.56247],[-103.359808,25.56226],[-103.359704,25.562314],[-103.35984,25.562525],[-103.359943,25.56247]]]}},{"type":"Feature","properties":{},"geometry":{"type":"Polygon","coordinates":[[[-103.360047,25.562415],[-103.359911,25.562205],[-103.359808,25.56226],[-103.359943,25.56247],[-103.360047,25.562415]]]}},{"type":"Feature","properties":{},"geometry":{"type":"Polygon","coordinates":[[[-103.36015,25.562361],[-103.360015,25.56215],[-103.359911,25.562205],[-103.360047,25.562415],[-103.36015,25.562361]]]}},{"type":"Feature","properties":{},"geometry":{"type":"Polygon","coordinates":[[[-103.360254,25.562306],[-103.360118,25.562095],[-103.360015,25.56215],[-103.36015,25.562361],[-103.360254,25.562306]]]}},{"type":"Feature","properties":{},"geometry":{"type":"Polygon","coordinates":[[[-103.360357,25.562251],[-103.360222,25.562041],[-103.360118,25.562095],[-103.360254,25.562306],[-103.360357,25.562251]]]}},{"type":"Feature","properties":{},"geometry":{"type":"Polygon","coordinates":[[[-103.360461,25.562196],[-103.360325,25.561986],[-103.360222,25.562041],[-103.360357,25.562251],[-103.360461,25.562196]]]}},{"type":"Feature","properties":{},"geometry":{"type":"Polygon","coordinates":[[[-103.360564,25.562142],[-103.360429,25.561931],[-103.360325,25.561986],[-103.360461,25.562196],[-103.360564,25.562142]]]}},{"type":"Feature","properties":{},"geometry":{"type":"Polygon","coordinates":[[[-103.360668,25.562087],[-103.360532,25.561876],[-103.360429,25.561931],[-103.360564,25.562142],[-103.360668,25.562087]]]}},{"type":"Feature","properties":{},"geometry":{"type":"Polygon","coordinates":[[[-103.360771,25.562032],[-103.360636,25.561822],[-103.360532,25.561876],[-103.360668,25.562087],[-103.360771,25.562032]]]}},{"type":"Feature","properties":{},"geometry":{"type":"Polygon","coordinates":[[[-103.360875,25.561978],[-103.360739,25.561767],[-103.360636,25.561822],[-103.360771,25.562032],[-103.360875,25.561978]]]}},{"type":"Feature","properties":{},"geometry":{"type":"Polygon","coordinates":[[[-103.360978,25.561923],[-103.360843,25.561712],[-103.360739,25.561767],[-103.360875,25.561978],[-103.360978,25.561923]]]}},{"type":"Feature","properties":{},"geometry":{"type":"Polygon","coordinates":[[[-103.361081,25.561868],[-103.360946,25.561657],[-103.360843,25.561712],[-103.360978,25.561923],[-103.361081,25.561868]]]}},{"type":"Feature","properties":{},"geometry":{"type":"Polygon","coordinates":[[[-103.361185,25.561813],[-103.36105,25.561603],[-103.360946,25.561657],[-103.361081,25.561868],[-103.361185,25.561813]]]}},{"type":"Feature","properties":{},"geometry":{"type":"Polygon","coordinates":[[[-103.361288,25.561759],[-103.361153,25.561548],[-103.36105,25.561603],[-103.361185,25.561813],[-103.361288,25.561759]]]}},{"type":"Feature","properties":{},"geometry":{"type":"Polygon","coordinates":[[[-103.361495,25.561649],[-103.36136,25.561439],[-103.361256,25.561493],[-103.361392,25.561704],[-103.361495,25.561649]]]}},{"type":"Feature","properties":{},"geometry":{"type":"Polygon","coordinates":[[[-103.361599,25.561595],[-103.361463,25.561384],[-103.36136,25.561439],[-103.361495,25.561649],[-103.361599,25.561595]]]}},{"type":"Feature","properties":{},"geometry":{"type":"Polygon","coordinates":[[[-103.361702,25.56154],[-103.361567,25.561329],[-103.361463,25.561384],[-103.361599,25.561595],[-103.361702,25.56154]]]}},{"type":"Feature","properties":{},"geometry":{"type":"Polygon","coordinates":[[[-103.361806,25.561485],[-103.36167,25.561274],[-103.361567,25.561329],[-103.361702,25.56154],[-103.361806,25.561485]]]}},{"type":"Feature","properties":{},"geometry":{"type":"Polygon","coordinates":[[[-103.361909,25.56143],[-103.361774,25.56122],[-103.36167,25.561274],[-103.361806,25.561485],[-103.361909,25.56143]]]}},{"type":"Feature","properties":{},"geometry":{"type":"Polygon","coordinates":[[[-103.362013,25.561376],[-103.361877,25.561165],[-103.361774,25.56122],[-103.361909,25.56143],[-103.362013,25.561376]]]}},{"type":"Feature","properties":{},"geometry":{"type":"Polygon","coordinates":[[[-103.363047,25.560828],[-103.362912,25.560618],[-103.362808,25.560672],[-103.362944,25.560883],[-103.363047,25.560828]]]}},{"type":"Feature","properties":{},"geometry":{"type":"Polygon","coordinates":[[[-103.363151,25.560774],[-103.363015,25.560563],[-103.362912,25.560618],[-103.363047,25.560828],[-103.363151,25.560774]]]}},{"type":"Feature","properties":{},"geometry":{"type":"Polygon","coordinates":[[[-103.363254,25.560719],[-103.363119,25.560508],[-103.363015,25.560563],[-103.363151,25.560774],[-103.363254,25.560719]]]}},{"type":"Feature","properties":{},"geometry":{"type":"Polygon","coordinates":[[[-103.363357,25.560664],[-103.363222,25.560454],[-103.363119,25.560508],[-103.363254,25.560719],[-103.363357,25.560664]]]}},{"type":"Feature","properties":{},"geometry":{"type":"Polygon","coordinates":[[[-103.363461,25.560609],[-103.363326,25.560399],[-103.363222,25.560454],[-103.363357,25.560664],[-103.363461,25.560609]]]}},{"type":"Feature","properties":{},"geometry":{"type":"Polygon","coordinates":[[[-103.363564,25.560555],[-103.363429,25.560344],[-103.363326,25.560399],[-103.363461,25.560609],[-103.363564,25.560555]]]}},{"type":"Feature","properties":{},"geometry":{"type":"Polygon","coordinates":[[[-103.363668,25.5605],[-103.363533,25.560289],[-103.363429,25.560344],[-103.363564,25.560555],[-103.363668,25.5605]]]}},{"type":"Feature","properties":{},"geometry":{"type":"Polygon","coordinates":[[[-103.363771,25.560445],[-103.363636,25.560235],[-103.363533,25.560289],[-103.363668,25.5605],[-103.363771,25.560445]]]}},{"type":"Feature","properties":{},"geometry":{"type":"Polygon","coordinates":[[[-103.363875,25.56039],[-103.36374,25.56018],[-103.363636,25.560235],[-103.363771,25.560445],[-103.363875,25.56039]]]}},{"type":"Feature","properties":{},"geometry":{"type":"Polygon","coordinates":[[[-103.363978,25.560336],[-103.363843,25.560125],[-103.36374,25.56018],[-103.363875,25.56039],[-103.363978,25.560336]]]}},{"type":"Feature","properties":{},"geometry":{"type":"Polygon","coordinates":[[[-103.364082,25.560281],[-103.363946,25.56007],[-103.363843,25.560125],[-103.363978,25.560336],[-103.364082,25.560281]]]}},{"type":"Feature","properties":{},"geometry":{"type":"Polygon","coordinates":[[[-103.364185,25.560226],[-103.36405,25.560016],[-103.363946,25.56007],[-103.364082,25.560281],[-103.364185,25.560226]]]}},{"type":"Feature","properties":{},"geometry":{"type":"Polygon","coordinates":[[[-103.364289,25.560171],[-103.364153,25.559961],[-103.36405,25.560016],[-103.364185,25.560226],[-103.364289,25.560171]]]}},{"type":"Feature","properties":{},"geometry":{"type":"Polygon","coordinates":[[[-103.364392,25.560117],[-103.364257,25.559906],[-103.364153,25.559961],[-103.364289,25.560171],[-103.364392,25.560117]]]}},{"type":"Feature","properties":{},"geometry":{"type":"Polygon","coordinates":[[[-103.364599,25.560007],[-103.364464,25.559797],[-103.36436,25.559852],[-103.364495,25.560062],[-103.364599,25.560007]]]}},{"type":"Feature","properties":{},"geometry":{"type":"Polygon","coordinates":[[[-103.364702,25.559953],[-103.364567,25.559742],[-103.364464,25.559797],[-103.364599,25.560007],[-103.364702,25.559953]]]}},{"type":"Feature","properties":{},"geometry":{"type":"Polygon","coordinates":[[[-103.365737,25.559405],[-103.365602,25.559195],[-103.365498,25.559249],[-103.365634,25.55946],[-103.365737,25.559405]]]}},{"type":"Feature","properties":{},"geometry":{"type":"Polygon","coordinates":[[[-103.365841,25.55935],[-103.365705,25.55914],[-103.365602,25.559195],[-103.365737,25.559405],[-103.365841,25.55935]]]}},{"type":"Feature","properties":{},"geometry":{"type":"Polygon","coordinates":[[[-103.365944,25.559296],[-103.365809,25.559085],[-103.365705,25.55914],[-103.365841,25.55935],[-103.365944,25.559296]]]}},{"type":"Feature","properties":{},"geometry":{"type":"Polygon","coordinates":[[[-103.366151,25.559186],[-103.366015,25.558976],[-103.365912,25.559031],[-103.366047,25.559241],[-103.366151,25.559186]]]}},{"type":"Feature","properties":{},"geometry":{"type":"Polygon","coordinates":[[[-103.366254,25.559132],[-103.366119,25.558921],[-103.366015,25.558976],[-103.366151,25.559186],[-103.366254,25.559132]]]}},{"type":"Feature","properties":{},"geometry":{"type":"Polygon","coordinates":[[[-103.366358,25.559077],[-103.366222,25.558866],[-103.366119,25.558921],[-103.366254,25.559132],[-103.366358,25.559077]]]}},{"type":"Feature","properties":{},"geometry":{"type":"Polygon","coordinates":[[[-103.366461,25.559022],[-103.366326,25.558812],[-103.366222,25.558866],[-103.366358,25.559077],[-103.366461,25.559022]]]}},{"type":"Feature","properties":{},"geometry":{"type":"Polygon","coordinates":[[[-103.366565,25.558967],[-103.366429,25.558757],[-103.366326,25.558812],[-103.366461,25.559022],[-103.366565,25.558967]]]}},{"type":"Feature","properties":{},"geometry":{"type":"Polygon","coordinates":[[[-103.366668,25.558913],[-103.366533,25.558702],[-103.366429,25.558757],[-103.366565,25.558967],[-103.366668,25.558913]]]}},{"type":"Feature","properties":{},"geometry":{"type":"Polygon","coordinates":[[[-103.366772,25.558858],[-103.366636,25.558647],[-103.366533,25.558702],[-103.366668,25.558913],[-103.366772,25.558858]]]}},{"type":"Feature","properties":{},"geometry":{"type":"Polygon","coordinates":[[[-103.366875,25.558803],[-103.36674,25.558593],[-103.366636,25.558647],[-103.366772,25.558858],[-103.366875,25.558803]]]}},{"type":"Feature","properties":{},"geometry":{"type":"Polygon","coordinates":[[[-103.366979,25.558748],[-103.366843,25.558538],[-103.36674,25.558593],[-103.366875,25.558803],[-103.366979,25.558748]]]}},{"type":"Feature","properties":{},"geometry":{"type":"Polygon","coordinates":[[[-103.367082,25.558694],[-103.366947,25.558483],[-103.366843,25.558538],[-103.366979,25.558748],[-103.367082,25.558694]]]}},{"type":"Feature","properties":{},"geometry":{"type":"Polygon","coordinates":[[[-103.358049,25.56319],[-103.357914,25.562979],[-103.35781,25.563034],[-103.357946,25.563245],[-103.358049,25.56319]]]}},{"type":"Feature","properties":{},"geometry":{"type":"Polygon","coordinates":[[[-103.358256,25.563081],[-103.35812,25.56287],[-103.358017,25.562925],[-103.358152,25.563135],[-103.358256,25.563081]]]}},{"type":"Feature","properties":{},"geometry":{"type":"Polygon","coordinates":[[[-103.358359,25.563026],[-103.358224,25.562815],[-103.35812,25.56287],[-103.358256,25.563081],[-103.358359,25.563026]]]}},{"type":"Feature","properties":{},"geometry":{"type":"Polygon","coordinates":[[[-103.358463,25.562971],[-103.358327,25.562761],[-103.358224,25.562815],[-103.358359,25.563026],[-103.358463,25.562971]]]}},{"type":"Feature","properties":{},"geometry":{"type":"Polygon","coordinates":[[[-103.358566,25.562916],[-103.358431,25.562706],[-103.358327,25.562761],[-103.358463,25.562971],[-103.358566,25.562916]]]}},{"type":"Feature","properties":{},"geometry":{"type":"Polygon","coordinates":[[[-103.35867,25.562862],[-103.358534,25.562651],[-103.358431,25.562706],[-103.358566,25.562916],[-103.35867,25.562862]]]}},{"type":"Feature","properties":{},"geometry":{"type":"Polygon","coordinates":[[[-103.358773,25.562807],[-103.358638,25.562596],[-103.358534,25.562651],[-103.35867,25.562862],[-103.358773,25.562807]]]}},{"type":"Feature","properties":{},"geometry":{"type":"Polygon","coordinates":[[[-103.358877,25.562752],[-103.358741,25.562542],[-103.358638,25.562596],[-103.358773,25.562807],[-103.358877,25.562752]]]}},{"type":"Feature","properties":{},"geometry":{"type":"Polygon","coordinates":[[[-103.35898,25.562697],[-103.358845,25.562487],[-103.358741,25.562542],[-103.358877,25.562752],[-103.35898,25.562697]]]}},{"type":"Feature","properties":{},"geometry":{"type":"Polygon","coordinates":[[[-103.359084,25.562643],[-103.358948,25.562432],[-103.358845,25.562487],[-103.35898,25.562697],[-103.359084,25.562643]]]}},{"type":"Feature","properties":{},"geometry":{"type":"Polygon","coordinates":[[[-103.359187,25.562588],[-103.359052,25.562377],[-103.358948,25.562432],[-103.359084,25.562643],[-103.359187,25.562588]]]}},{"type":"Feature","properties":{},"geometry":{"type":"Polygon","coordinates":[[[-103.359291,25.562533],[-103.359155,25.562323],[-103.359052,25.562377],[-103.359187,25.562588],[-103.359291,25.562533]]]}},{"type":"Feature","properties":{},"geometry":{"type":"Polygon","coordinates":[[[-103.359394,25.562478],[-103.359259,25.562268],[-103.359155,25.562323],[-103.359291,25.562533],[-103.359394,25.562478]]]}},{"type":"Feature","properties":{},"geometry":{"type":"Polygon","coordinates":[[[-103.359498,25.562424],[-103.359362,25.562213],[-103.359259,25.562268],[-103.359394,25.562478],[-103.359498,25.562424]]]}},{"type":"Feature","properties":{},"geometry":{"type":"Polygon","coordinates":[[[-103.359601,25.562369],[-103.359466,25.562158],[-103.359362,25.562213],[-103.359498,25.562424],[-103.359601,25.562369]]]}},{"type":"Feature","properties":{},"geometry":{"type":"Polygon","coordinates":[[[-103.359808,25.56226],[-103.359672,25.562049],[-103.359569,25.562104],[-103.359704,25.562314],[-103.359808,25.56226]]]}},{"type":"Feature","properties":{},"geometry":{"type":"Polygon","coordinates":[[[-103.359911,25.562205],[-103.359776,25.561994],[-103.359672,25.562049],[-103.359808,25.56226],[-103.359911,25.562205]]]}},{"type":"Feature","properties":{},"geometry":{"type":"Polygon","coordinates":[[[-103.360015,25.56215],[-103.359879,25.56194],[-103.359776,25.561994],[-103.359911,25.562205],[-103.360015,25.56215]]]}},{"type":"Feature","properties":{},"geometry":{"type":"Polygon","coordinates":[[[-103.360118,25.562095],[-103.359983,25.561885],[-103.359879,25.56194],[-103.360015,25.56215],[-103.360118,25.562095]]]}},{"type":"Feature","properties":{},"geometry":{"type":"Polygon","coordinates":[[[-103.360222,25.562041],[-103.360086,25.56183],[-103.359983,25.561885],[-103.360118,25.562095],[-103.360222,25.562041]]]}},{"type":"Feature","properties":{},"geometry":{"type":"Polygon","coordinates":[[[-103.360325,25.561986],[-103.36019,25.561775],[-103.360086,25.56183],[-103.360222,25.562041],[-103.360325,25.561986]]]}},{"type":"Feature","properties":{},"geometry":{"type":"Polygon","coordinates":[[[-103.360429,25.561931],[-103.360293,25.561721],[-103.36019,25.561775],[-103.360325,25.561986],[-103.360429,25.561931]]]}},{"type":"Feature","properties":{},"geometry":{"type":"Polygon","coordinates":[[[-103.360532,25.561876],[-103.360397,25.561666],[-103.360293,25.561721],[-103.360429,25.561931],[-103.360532,25.561876]]]}},{"type":"Feature","properties":{},"geometry":{"type":"Polygon","coordinates":[[[-103.360636,25.561822],[-103.3605,25.561611],[-103.360397,25.561666],[-103.360532,25.561876],[-103.360636,25.561822]]]}},{"type":"Feature","properties":{},"geometry":{"type":"Polygon","coordinates":[[[-103.360739,25.561767],[-103.360604,25.561556],[-103.3605,25.561611],[-103.360636,25.561822],[-103.360739,25.561767]]]}},{"type":"Feature","properties":{},"geometry":{"type":"Polygon","coordinates":[[[-103.360843,25.561712],[-103.360707,25.561502],[-103.360604,25.561556],[-103.360739,25.561767],[-103.360843,25.561712]]]}},{"type":"Feature","properties":{},"geometry":{"type":"Polygon","coordinates":[[[-103.360946,25.561657],[-103.360811,25.561447],[-103.360707,25.561502],[-103.360843,25.561712],[-103.360946,25.561657]]]}},{"type":"Feature","properties":{},"geometry":{"type":"Polygon","coordinates":[[[-103.36105,25.561603],[-103.360914,25.561392],[-103.360811,25.561447],[-103.360946,25.561657],[-103.36105,25.561603]]]}},{"type":"Feature","properties":{},"geometry":{"type":"Polygon","coordinates":[[[-103.361153,25.561548],[-103.361018,25.561337],[-103.360914,25.561392],[-103.36105,25.561603],[-103.361153,25.561548]]]}},{"type":"Feature","properties":{},"geometry":{"type":"Polygon","coordinates":[[[-103.36136,25.561439],[-103.361224,25.561228],[-103.361121,25.561283],[-103.361256,25.561493],[-103.36136,25.561439]]]}},{"type":"Feature","properties":{},"geometry":{"type":"Polygon","coordinates":[[[-103.361463,25.561384],[-103.361328,25.561173],[-103.361224,25.561228],[-103.36136,25.561439],[-103.361463,25.561384]]]}},{"type":"Feature","properties":{},"geometry":{"type":"Polygon","coordinates":[[[-103.361567,25.561329],[-103.361431,25.561119],[-103.361328,25.561173],[-103.361463,25.561384],[-103.361567,25.561329]]]}},{"type":"Feature","properties":{},"geometry":{"type":"Polygon","coordinates":[[[-103.36167,25.561274],[-103.361535,25.561064],[-103.361431,25.561119],[-103.361567,25.561329],[-103.36167,25.561274]]]}},{"type":"Feature","properties":{},"geometry":{"type":"Polygon","coordinates":[[[-103.361774,25.56122],[-103.361638,25.561009],[-103.361535,25.561064],[-103.36167,25.561274],[-103.361774,25.56122]]]}},{"type":"Feature","properties":{},"geometry":{"type":"Polygon","coordinates":[[[-103.361877,25.561165],[-103.361742,25.560954],[-103.361638,25.561009],[-103.361774,25.56122],[-103.361877,25.561165]]]}},{"type":"Feature","properties":{},"geometry":{"type":"Polygon","coordinates":[[[-103.361981,25.56111],[-103.361845,25.5609],[-103.361742,25.560954],[-103.361877,25.561165],[-103.361981,25.56111]]]}},{"type":"Feature","properties":{},"geometry":{"type":"Polygon","coordinates":[[[-103.362084,25.561056],[-103.361949,25.560845],[-103.361845,25.5609],[-103.361981,25.56111],[-103.362084,25.561056]]]}},{"type":"Feature","properties":{},"geometry":{"type":"Polygon","coordinates":[[[-103.362188,25.561001],[-103.362052,25.56079],[-103.361949,25.560845],[-103.362084,25.561056],[-103.362188,25.561001]]]}},{"type":"Feature","properties":{},"geometry":{"type":"Polygon","coordinates":[[[-103.362291,25.560946],[-103.362156,25.560735],[-103.362052,25.56079],[-103.362188,25.561001],[-103.362291,25.560946]]]}},{"type":"Feature","properties":{},"geometry":{"type":"Polygon","coordinates":[[[-103.362395,25.560891],[-103.362259,25.560681],[-103.362156,25.560735],[-103.362291,25.560946],[-103.362395,25.560891]]]}},{"type":"Feature","properties":{},"geometry":{"type":"Polygon","coordinates":[[[-103.362498,25.560837],[-103.362363,25.560626],[-103.362259,25.560681],[-103.362395,25.560891],[-103.362498,25.560837]]]}},{"type":"Feature","properties":{},"geometry":{"type":"Polygon","coordinates":[[[-103.362602,25.560782],[-103.362466,25.560571],[-103.362363,25.560626],[-103.362498,25.560837],[-103.362602,25.560782]]]}},{"type":"Feature","properties":{},"geometry":{"type":"Polygon","coordinates":[[[-103.362705,25.560727],[-103.36257,25.560517],[-103.362466,25.560571],[-103.362602,25.560782],[-103.362705,25.560727]]]}},{"type":"Feature","properties":{},"geometry":{"type":"Polygon","coordinates":[[[-103.362912,25.560618],[-103.362776,25.560407],[-103.362673,25.560462],[-103.362808,25.560672],[-103.362912,25.560618]]]}},{"type":"Feature","properties":{},"geometry":{"type":"Polygon","coordinates":[[[-103.363015,25.560563],[-103.36288,25.560352],[-103.362776,25.560407],[-103.362912,25.560618],[-103.363015,25.560563]]]}},{"type":"Feature","properties":{},"geometry":{"type":"Polygon","coordinates":[[[-103.363119,25.560508],[-103.362983,25.560298],[-103.36288,25.560352],[-103.363015,25.560563],[-103.363119,25.560508]]]}},{"type":"Feature","properties":{},"geometry":{"type":"Polygon","coordinates":[[[-103.363222,25.560454],[-103.363087,25.560243],[-103.362983,25.560298],[-103.363119,25.560508],[-103.363222,25.560454]]]}},{"type":"Feature","properties":{},"geometry":{"type":"Polygon","coordinates":[[[-103.363326,25.560399],[-103.36319,25.560188],[-103.363087,25.560243],[-103.363222,25.560454],[-103.363326,25.560399]]]}},{"type":"Feature","properties":{},"geometry":{"type":"Polygon","coordinates":[[[-103.363429,25.560344],[-103.363294,25.560133],[-103.36319,25.560188],[-103.363326,25.560399],[-103.363429,25.560344]]]}},{"type":"Feature","properties":{},"geometry":{"type":"Polygon","coordinates":[[[-103.363533,25.560289],[-103.363397,25.560079],[-103.363294,25.560133],[-103.363429,25.560344],[-103.363533,25.560289]]]}},{"type":"Feature","properties":{},"geometry":{"type":"Polygon","coordinates":[[[-103.363636,25.560235],[-103.363501,25.560024],[-103.363397,25.560079],[-103.363533,25.560289],[-103.363636,25.560235]]]}},{"type":"Feature","properties":{},"geometry":{"type":"Polygon","coordinates":[[[-103.36374,25.56018],[-103.363604,25.559969],[-103.363501,25.560024],[-103.363636,25.560235],[-103.36374,25.56018]]]}},{"type":"Feature","properties":{},"geometry":{"type":"Polygon","coordinates":[[[-103.363843,25.560125],[-103.363708,25.559915],[-103.363604,25.559969],[-103.36374,25.56018],[-103.363843,25.560125]]]}},{"type":"Feature","properties":{},"geometry":{"type":"Polygon","coordinates":[[[-103.363946,25.56007],[-103.363811,25.55986],[-103.363708,25.559915],[-103.363843,25.560125],[-103.363946,25.56007]]]}},{"type":"Feature","properties":{},"geometry":{"type":"Polygon","coordinates":[[[-103.36405,25.560016],[-103.363915,25.559805],[-103.363811,25.55986],[-103.363946,25.56007],[-103.36405,25.560016]]]}},{"type":"Feature","properties":{},"geometry":{"type":"Polygon","coordinates":[[[-103.364153,25.559961],[-103.364018,25.55975],[-103.363915,25.559805],[-103.36405,25.560016],[-103.364153,25.559961]]]}},{"type":"Feature","properties":{},"geometry":{"type":"Polygon","coordinates":[[[-103.364257,25.559906],[-103.364122,25.559696],[-103.364018,25.55975],[-103.364153,25.559961],[-103.364257,25.559906]]]}},{"type":"Feature","properties":{},"geometry":{"type":"Polygon","coordinates":[[[-103.364464,25.559797],[-103.364328,25.559586],[-103.364225,25.559641],[-103.36436,25.559852],[-103.364464,25.559797]]]}},{"type":"Feature","properties":{},"geometry":{"type":"Polygon","coordinates":[[[-103.364567,25.559742],[-103.364432,25.559531],[-103.364328,25.559586],[-103.364464,25.559797],[-103.364567,25.559742]]]}},{"type":"Feature","properties":{},"geometry":{"type":"Polygon","coordinates":[[[-103.364671,25.559687],[-103.364535,25.559477],[-103.364432,25.559531],[-103.364567,25.559742],[-103.364671,25.559687]]]}},{"type":"Feature","properties":{},"geometry":{"type":"Polygon","coordinates":[[[-103.364774,25.559633],[-103.364639,25.559422],[-103.364535,25.559477],[-103.364671,25.559687],[-103.364774,25.559633]]]}},{"type":"Feature","properties":{},"geometry":{"type":"Polygon","coordinates":[[[-103.364877,25.559578],[-103.364742,25.559367],[-103.364639,25.559422],[-103.364774,25.559633],[-103.364877,25.559578]]]}},{"type":"Feature","properties":{},"geometry":{"type":"Polygon","coordinates":[[[-103.364981,25.559523],[-103.364846,25.559313],[-103.364742,25.559367],[-103.364877,25.559578],[-103.364981,25.559523]]]}},{"type":"Feature","properties":{},"geometry":{"type":"Polygon","coordinates":[[[-103.365084,25.559468],[-103.364949,25.559258],[-103.364846,25.559313],[-103.364981,25.559523],[-103.365084,25.559468]]]}},{"type":"Feature","properties":{},"geometry":{"type":"Polygon","coordinates":[[[-103.365188,25.559414],[-103.365053,25.559203],[-103.364949,25.559258],[-103.365084,25.559468],[-103.365188,25.559414]]]}},{"type":"Feature","properties":{},"geometry":{"type":"Polygon","coordinates":[[[-103.365291,25.559359],[-103.365156,25.559148],[-103.365053,25.559203],[-103.365188,25.559414],[-103.365291,25.559359]]]}},{"type":"Feature","properties":{},"geometry":{"type":"Polygon","coordinates":[[[-103.365395,25.559304],[-103.36526,25.559094],[-103.365156,25.559148],[-103.365291,25.559359],[-103.365395,25.559304]]]}},{"type":"Feature","properties":{},"geometry":{"type":"Polygon","coordinates":[[[-103.365498,25.559249],[-103.365363,25.559039],[-103.36526,25.559094],[-103.365395,25.559304],[-103.365498,25.559249]]]}},{"type":"Feature","properties":{},"geometry":{"type":"Polygon","coordinates":[[[-103.365602,25.559195],[-103.365466,25.558984],[-103.365363,25.559039],[-103.365498,25.559249],[-103.365602,25.559195]]]}},{"type":"Feature","properties":{},"geometry":{"type":"Polygon","coordinates":[[[-103.365705,25.55914],[-103.36557,25.558929],[-103.365466,25.558984],[-103.365602,25.559195],[-103.365705,25.55914]]]}},{"type":"Feature","properties":{},"geometry":{"type":"Polygon","coordinates":[[[-103.365809,25.559085],[-103.365673,25.558875],[-103.36557,25.558929],[-103.365705,25.55914],[-103.365809,25.559085]]]}},{"type":"Feature","properties":{},"geometry":{"type":"Polygon","coordinates":[[[-103.366015,25.558976],[-103.36588,25.558765],[-103.365777,25.55882],[-103.365912,25.559031],[-103.366015,25.558976]]]}},{"type":"Feature","properties":{},"geometry":{"type":"Polygon","coordinates":[[[-103.366119,25.558921],[-103.365984,25.55871],[-103.36588,25.558765],[-103.366015,25.558976],[-103.366119,25.558921]]]}},{"type":"Feature","properties":{},"geometry":{"type":"Polygon","coordinates":[[[-103.366222,25.558866],[-103.366087,25.558656],[-103.365984,25.55871],[-103.366119,25.558921],[-103.366222,25.558866]]]}},{"type":"Feature","properties":{},"geometry":{"type":"Polygon","coordinates":[[[-103.366326,25.558812],[-103.366191,25.558601],[-103.366087,25.558656],[-103.366222,25.558866],[-103.366326,25.558812]]]}},{"type":"Feature","properties":{},"geometry":{"type":"Polygon","coordinates":[[[-103.366429,25.558757],[-103.366294,25.558546],[-103.366191,25.558601],[-103.366326,25.558812],[-103.366429,25.558757]]]}},{"type":"Feature","properties":{},"geometry":{"type":"Polygon","coordinates":[[[-103.366533,25.558702],[-103.366397,25.558492],[-103.366294,25.558546],[-103.366429,25.558757],[-103.366533,25.558702]]]}},{"type":"Feature","properties":{},"geometry":{"type":"Polygon","coordinates":[[[-103.35806,25.562776],[-103.357925,25.562566],[-103.357821,25.562621],[-103.357957,25.562831],[-103.35806,25.562776]]]}},{"type":"Feature","properties":{},"geometry":{"type":"Polygon","coordinates":[[[-103.358164,25.562722],[-103.358028,25.562511],[-103.357925,25.562566],[-103.35806,25.562776],[-103.358164,25.562722]]]}},{"type":"Feature","properties":{},"geometry":{"type":"Polygon","coordinates":[[[-103.358267,25.562667],[-103.358132,25.562456],[-103.358028,25.562511],[-103.358164,25.562722],[-103.358267,25.562667]]]}},{"type":"Feature","properties":{},"geometry":{"type":"Polygon","coordinates":[[[-103.358371,25.562612],[-103.358235,25.562402],[-103.358132,25.562456],[-103.358267,25.562667],[-103.358371,25.562612]]]}},{"type":"Feature","properties":{},"geometry":{"type":"Polygon","coordinates":[[[-103.358474,25.562557],[-103.358339,25.562347],[-103.358235,25.562402],[-103.358371,25.562612],[-103.358474,25.562557]]]}},{"type":"Feature","properties":{},"geometry":{"type":"Polygon","coordinates":[[[-103.358578,25.562503],[-103.358442,25.562292],[-103.358339,25.562347],[-103.358474,25.562557],[-103.358578,25.562503]]]}},{"type":"Feature","properties":{},"geometry":{"type":"Polygon","coordinates":[[[-103.358681,25.562448],[-103.358546,25.562237],[-103.358442,25.562292],[-103.358578,25.562503],[-103.358681,25.562448]]]}},{"type":"Feature","properties":{},"geometry":{"type":"Polygon","coordinates":[[[-103.358785,25.562393],[-103.358649,25.562183],[-103.358546,25.562237],[-103.358681,25.562448],[-103.358785,25.562393]]]}},{"type":"Feature","properties":{},"geometry":{"type":"Polygon","coordinates":[[[-103.358888,25.562339],[-103.358753,25.562128],[-103.358649,25.562183],[-103.358785,25.562393],[-103.358888,25.562339]]]}},{"type":"Feature","properties":{},"geometry":{"type":"Polygon","coordinates":[[[-103.358992,25.562284],[-103.358856,25.562073],[-103.358753,25.562128],[-103.358888,25.562339],[-103.358992,25.562284]]]}},{"type":"Feature","properties":{},"geometry":{"type":"Polygon","coordinates":[[[-103.359095,25.562229],[-103.35896,25.562018],[-103.358856,25.562073],[-103.358992,25.562284],[-103.359095,25.562229]]]}},{"type":"Feature","properties":{},"geometry":{"type":"Polygon","coordinates":[[[-103.359199,25.562174],[-103.359063,25.561964],[-103.35896,25.562018],[-103.359095,25.562229],[-103.359199,25.562174]]]}},{"type":"Feature","properties":{},"geometry":{"type":"Polygon","coordinates":[[[-103.359302,25.56212],[-103.359167,25.561909],[-103.359063,25.561964],[-103.359199,25.562174],[-103.359302,25.56212]]]}},{"type":"Feature","properties":{},"geometry":{"type":"Polygon","coordinates":[[[-103.359406,25.562065],[-103.35927,25.561854],[-103.359167,25.561909],[-103.359302,25.56212],[-103.359406,25.562065]]]}},{"type":"Feature","properties":{},"geometry":{"type":"Polygon","coordinates":[[[-103.359612,25.561956],[-103.359477,25.561745],[-103.359373,25.5618],[-103.359509,25.56201],[-103.359612,25.561956]]]}},{"type":"Feature","properties":{},"geometry":{"type":"Polygon","coordinates":[[[-103.359716,25.561901],[-103.35958,25.56169],[-103.359477,25.561745],[-103.359612,25.561956],[-103.359716,25.561901]]]}},{"type":"Feature","properties":{},"geometry":{"type":"Polygon","coordinates":[[[-103.359819,25.561846],[-103.359684,25.561635],[-103.35958,25.56169],[-103.359716,25.561901],[-103.359819,25.561846]]]}},{"type":"Feature","properties":{},"geometry":{"type":"Polygon","coordinates":[[[-103.359923,25.561791],[-103.359787,25.561581],[-103.359684,25.561635],[-103.359819,25.561846],[-103.359923,25.561791]]]}},{"type":"Feature","properties":{},"geometry":{"type":"Polygon","coordinates":[[[-103.360026,25.561737],[-103.359891,25.561526],[-103.359787,25.561581],[-103.359923,25.561791],[-103.360026,25.561737]]]}},{"type":"Feature","properties":{},"geometry":{"type":"Polygon","coordinates":[[[-103.36013,25.561682],[-103.359994,25.561471],[-103.359891,25.561526],[-103.360026,25.561737],[-103.36013,25.561682]]]}},{"type":"Feature","properties":{},"geometry":{"type":"Polygon","coordinates":[[[-103.360233,25.561627],[-103.360098,25.561417],[-103.359994,25.561471],[-103.36013,25.561682],[-103.360233,25.561627]]]}},{"type":"Feature","properties":{},"geometry":{"type":"Polygon","coordinates":[[[-103.360337,25.561572],[-103.360201,25.561362],[-103.360098,25.561417],[-103.360233,25.561627],[-103.360337,25.561572]]]}},{"type":"Feature","properties":{},"geometry":{"type":"Polygon","coordinates":[[[-103.36044,25.561518],[-103.360305,25.561307],[-103.360201,25.561362],[-103.360337,25.561572],[-103.36044,25.561518]]]}},{"type":"Feature","properties":{},"geometry":{"type":"Polygon","coordinates":[[[-103.360544,25.561463],[-103.360408,25.561252],[-103.360305,25.561307],[-103.36044,25.561518],[-103.360544,25.561463]]]}},{"type":"Feature","properties":{},"geometry":{"type":"Polygon","coordinates":[[[-103.360647,25.561408],[-103.360512,25.561198],[-103.360408,25.561252],[-103.360544,25.561463],[-103.360647,25.561408]]]}},{"type":"Feature","properties":{},"geometry":{"type":"Polygon","coordinates":[[[-103.360751,25.561353],[-103.360615,25.561143],[-103.360512,25.561198],[-103.360647,25.561408],[-103.360751,25.561353]]]}},{"type":"Feature","properties":{},"geometry":{"type":"Polygon","coordinates":[[[-103.360854,25.561299],[-103.360719,25.561088],[-103.360615,25.561143],[-103.360751,25.561353],[-103.360854,25.561299]]]}},{"type":"Feature","properties":{},"geometry":{"type":"Polygon","coordinates":[[[-103.360958,25.561244],[-103.360822,25.561033],[-103.360719,25.561088],[-103.360854,25.561299],[-103.360958,25.561244]]]}},{"type":"Feature","properties":{},"geometry":{"type":"Polygon","coordinates":[[[-103.361164,25.561135],[-103.361029,25.560924],[-103.360925,25.560979],[-103.361061,25.561189],[-103.361164,25.561135]]]}},{"type":"Feature","properties":{},"geometry":{"type":"Polygon","coordinates":[[[-103.361268,25.56108],[-103.361132,25.560869],[-103.361029,25.560924],[-103.361164,25.561135],[-103.361268,25.56108]]]}},{"type":"Feature","properties":{},"geometry":{"type":"Polygon","coordinates":[[[-103.361371,25.561025],[-103.361236,25.560815],[-103.361132,25.560869],[-103.361268,25.56108],[-103.361371,25.561025]]]}},{"type":"Feature","properties":{},"geometry":{"type":"Polygon","coordinates":[[[-103.361475,25.56097],[-103.361339,25.56076],[-103.361236,25.560815],[-103.361371,25.561025],[-103.361475,25.56097]]]}},{"type":"Feature","properties":{},"geometry":{"type":"Polygon","coordinates":[[[-103.361578,25.560916],[-103.361443,25.560705],[-103.361339,25.56076],[-103.361475,25.56097],[-103.361578,25.560916]]]}},{"type":"Feature","properties":{},"geometry":{"type":"Polygon","coordinates":[[[-103.361682,25.560861],[-103.361546,25.56065],[-103.361443,25.560705],[-103.361578,25.560916],[-103.361682,25.560861]]]}},{"type":"Feature","properties":{},"geometry":{"type":"Polygon","coordinates":[[[-103.361785,25.560806],[-103.36165,25.560596],[-103.361546,25.56065],[-103.361682,25.560861],[-103.361785,25.560806]]]}},{"type":"Feature","properties":{},"geometry":{"type":"Polygon","coordinates":[[[-103.361889,25.560751],[-103.361753,25.560541],[-103.36165,25.560596],[-103.361785,25.560806],[-103.361889,25.560751]]]}},{"type":"Feature","properties":{},"geometry":{"type":"Polygon","coordinates":[[[-103.361992,25.560697],[-103.361857,25.560486],[-103.361753,25.560541],[-103.361889,25.560751],[-103.361992,25.560697]]]}},{"type":"Feature","properties":{},"geometry":{"type":"Polygon","coordinates":[[[-103.362096,25.560642],[-103.36196,25.560431],[-103.361857,25.560486],[-103.361992,25.560697],[-103.362096,25.560642]]]}},{"type":"Feature","properties":{},"geometry":{"type":"Polygon","coordinates":[[[-103.362199,25.560587],[-103.362064,25.560377],[-103.36196,25.560431],[-103.362096,25.560642],[-103.362199,25.560587]]]}},{"type":"Feature","properties":{},"geometry":{"type":"Polygon","coordinates":[[[-103.362303,25.560532],[-103.362167,25.560322],[-103.362064,25.560377],[-103.362199,25.560587],[-103.362303,25.560532]]]}},{"type":"Feature","properties":{},"geometry":{"type":"Polygon","coordinates":[[[-103.362406,25.560478],[-103.362271,25.560267],[-103.362167,25.560322],[-103.362303,25.560532],[-103.362406,25.560478]]]}},{"type":"Feature","properties":{},"geometry":{"type":"Polygon","coordinates":[[[-103.362509,25.560423],[-103.362374,25.560212],[-103.362271,25.560267],[-103.362406,25.560478],[-103.362509,25.560423]]]}},{"type":"Feature","properties":{},"geometry":{"type":"Polygon","coordinates":[[[-103.362716,25.560314],[-103.362581,25.560103],[-103.362477,25.560158],[-103.362613,25.560368],[-103.362716,25.560314]]]}},{"type":"Feature","properties":{},"geometry":{"type":"Polygon","coordinates":[[[-103.36282,25.560259],[-103.362684,25.560048],[-103.362581,25.560103],[-103.362716,25.560314],[-103.36282,25.560259]]]}},{"type":"Feature","properties":{},"geometry":{"type":"Polygon","coordinates":[[[-103.362923,25.560204],[-103.362788,25.559994],[-103.362684,25.560048],[-103.36282,25.560259],[-103.362923,25.560204]]]}},{"type":"Feature","properties":{},"geometry":{"type":"Polygon","coordinates":[[[-103.363027,25.560149],[-103.362891,25.559939],[-103.362788,25.559994],[-103.362923,25.560204],[-103.363027,25.560149]]]}},{"type":"Feature","properties":{},"geometry":{"type":"Polygon","coordinates":[[[-103.36313,25.560095],[-103.362995,25.559884],[-103.362891,25.559939],[-103.363027,25.560149],[-103.36313,25.560095]]]}},{"type":"Feature","properties":{},"geometry":{"type":"Polygon","coordinates":[[[-103.363234,25.56004],[-103.363098,25.559829],[-103.362995,25.559884],[-103.36313,25.560095],[-103.363234,25.56004]]]}},{"type":"Feature","properties":{},"geometry":{"type":"Polygon","coordinates":[[[-103.363337,25.559985],[-103.363202,25.559775],[-103.363098,25.559829],[-103.363234,25.56004],[-103.363337,25.559985]]]}},{"type":"Feature","properties":{},"geometry":{"type":"Polygon","coordinates":[[[-103.36344,25.55993],[-103.363305,25.55972],[-103.363202,25.559775],[-103.363337,25.559985],[-103.36344,25.55993]]]}},{"type":"Feature","properties":{},"geometry":{"type":"Polygon","coordinates":[[[-103.363544,25.559876],[-103.363409,25.559665],[-103.363305,25.55972],[-103.36344,25.55993],[-103.363544,25.559876]]]}},{"type":"Feature","properties":{},"geometry":{"type":"Polygon","coordinates":[[[-103.363647,25.559821],[-103.363512,25.55961],[-103.363409,25.559665],[-103.363544,25.559876],[-103.363647,25.559821]]]}},{"type":"Feature","properties":{},"geometry":{"type":"Polygon","coordinates":[[[-103.363751,25.559766],[-103.363616,25.559556],[-103.363512,25.55961],[-103.363647,25.559821],[-103.363751,25.559766]]]}},{"type":"Feature","properties":{},"geometry":{"type":"Polygon","coordinates":[[[-103.363854,25.559711],[-103.363719,25.559501],[-103.363616,25.559556],[-103.363751,25.559766],[-103.363854,25.559711]]]}},{"type":"Feature","properties":{},"geometry":{"type":"Polygon","coordinates":[[[-103.363958,25.559657],[-103.363823,25.559446],[-103.363719,25.559501],[-103.363854,25.559711],[-103.363958,25.559657]]]}},{"type":"Feature","properties":{},"geometry":{"type":"Polygon","coordinates":[[[-103.364061,25.559602],[-103.363926,25.559391],[-103.363823,25.559446],[-103.363958,25.559657],[-103.364061,25.559602]]]}},{"type":"Feature","properties":{},"geometry":{"type":"Polygon","coordinates":[[[-103.364268,25.559493],[-103.364133,25.559282],[-103.364029,25.559337],[-103.364165,25.559547],[-103.364268,25.559493]]]}},{"type":"Feature","properties":{},"geometry":{"type":"Polygon","coordinates":[[[-103.364372,25.559438],[-103.364236,25.559227],[-103.364133,25.559282],[-103.364268,25.559493],[-103.364372,25.559438]]]}},{"type":"Feature","properties":{},"geometry":{"type":"Polygon","coordinates":[[[-103.364475,25.559383],[-103.36434,25.559173],[-103.364236,25.559227],[-103.364372,25.559438],[-103.364475,25.559383]]]}},{"type":"Feature","properties":{},"geometry":{"type":"Polygon","coordinates":[[[-103.364578,25.559328],[-103.364443,25.559118],[-103.36434,25.559173],[-103.364475,25.559383],[-103.364578,25.559328]]]}},{"type":"Feature","properties":{},"geometry":{"type":"Polygon","coordinates":[[[-103.364682,25.559274],[-103.364547,25.559063],[-103.364443,25.559118],[-103.364578,25.559328],[-103.364682,25.559274]]]}},{"type":"Feature","properties":{},"geometry":{"type":"Polygon","coordinates":[[[-103.364785,25.559219],[-103.36465,25.559008],[-103.364547,25.559063],[-103.364682,25.559274],[-103.364785,25.559219]]]}},{"type":"Feature","properties":{},"geometry":{"type":"Polygon","coordinates":[[[-103.364889,25.559164],[-103.364754,25.558954],[-103.36465,25.559008],[-103.364785,25.559219],[-103.364889,25.559164]]]}},{"type":"Feature","properties":{},"geometry":{"type":"Polygon","coordinates":[[[-103.364992,25.559109],[-103.364857,25.558899],[-103.364754,25.558954],[-103.364889,25.559164],[-103.364992,25.559109]]]}},{"type":"Feature","properties":{},"geometry":{"type":"Polygon","coordinates":[[[-103.365096,25.559055],[-103.36496,25.558844],[-103.364857,25.558899],[-103.364992,25.559109],[-103.365096,25.559055]]]}},{"type":"Feature","properties":{},"geometry":{"type":"Polygon","coordinates":[[[-103.365199,25.559],[-103.365064,25.558789],[-103.36496,25.558844],[-103.365096,25.559055],[-103.365199,25.559]]]}},{"type":"Feature","properties":{},"geometry":{"type":"Polygon","coordinates":[[[-103.365303,25.558945],[-103.365167,25.558735],[-103.365064,25.558789],[-103.365199,25.559],[-103.365303,25.558945]]]}},{"type":"Feature","properties":{},"geometry":{"type":"Polygon","coordinates":[[[-103.365406,25.55889],[-103.365271,25.55868],[-103.365167,25.558735],[-103.365303,25.558945],[-103.365406,25.55889]]]}},{"type":"Feature","properties":{},"geometry":{"type":"Polygon","coordinates":[[[-103.36551,25.558836],[-103.365374,25.558625],[-103.365271,25.55868],[-103.365406,25.55889],[-103.36551,25.558836]]]}},{"type":"Feature","properties":{},"geometry":{"type":"Polygon","coordinates":[[[-103.365613,25.558781],[-103.365478,25.55857],[-103.365374,25.558625],[-103.36551,25.558836],[-103.365613,25.558781]]]}},{"type":"Feature","properties":{},"geometry":{"type":"Polygon","coordinates":[[[-103.36582,25.558672],[-103.365685,25.558461],[-103.365581,25.558516],[-103.365716,25.558726],[-103.36582,25.558672]]]}},{"type":"Feature","properties":{},"geometry":{"type":"Polygon","coordinates":[[[-103.358028,25.562511],[-103.357893,25.562301],[-103.35779,25.562355],[-103.357925,25.562566],[-103.358028,25.562511]]]}},{"type":"Feature","properties":{},"geometry":{"type":"Polygon","coordinates":[[[-103.358132,25.562456],[-103.357997,25.562246],[-103.357893,25.562301],[-103.358028,25.562511],[-103.358132,25.562456]]]}},{"type":"Feature","properties":{},"geometry":{"type":"Polygon","coordinates":[[[-103.358235,25.562402],[-103.3581,25.562191],[-103.357997,25.562246],[-103.358132,25.562456],[-103.358235,25.562402]]]}},{"type":"Feature","properties":{},"geometry":{"type":"Polygon","coordinates":[[[-103.358339,25.562347],[-103.358203,25.562136],[-103.3581,25.562191],[-103.358235,25.562402],[-103.358339,25.562347]]]}},{"type":"Feature","properties":{},"geometry":{"type":"Polygon","coordinates":[[[-103.358442,25.562292],[-103.358307,25.562082],[-103.358203,25.562136],[-103.358339,25.562347],[-103.358442,25.562292]]]}},{"type":"Feature","properties":{},"geometry":{"type":"Polygon","coordinates":[[[-103.358546,25.562237],[-103.35841,25.562027],[-103.358307,25.562082],[-103.358442,25.562292],[-103.358546,25.562237]]]}},{"type":"Feature","properties":{},"geometry":{"type":"Polygon","coordinates":[[[-103.358649,25.562183],[-103.358514,25.561972],[-103.35841,25.562027],[-103.358546,25.562237],[-103.358649,25.562183]]]}},{"type":"Feature","properties":{},"geometry":{"type":"Polygon","coordinates":[[[-103.358753,25.562128],[-103.358617,25.561917],[-103.358514,25.561972],[-103.358649,25.562183],[-103.358753,25.562128]]]}},{"type":"Feature","properties":{},"geometry":{"type":"Polygon","coordinates":[[[-103.358856,25.562073],[-103.358721,25.561863],[-103.358617,25.561917],[-103.358753,25.562128],[-103.358856,25.562073]]]}},{"type":"Feature","properties":{},"geometry":{"type":"Polygon","coordinates":[[[-103.35896,25.562018],[-103.358824,25.561808],[-103.358721,25.561863],[-103.358856,25.562073],[-103.35896,25.562018]]]}},{"type":"Feature","properties":{},"geometry":{"type":"Polygon","coordinates":[[[-103.359063,25.561964],[-103.358928,25.561753],[-103.358824,25.561808],[-103.35896,25.562018],[-103.359063,25.561964]]]}},{"type":"Feature","properties":{},"geometry":{"type":"Polygon","coordinates":[[[-103.359167,25.561909],[-103.359031,25.561698],[-103.358928,25.561753],[-103.359063,25.561964],[-103.359167,25.561909]]]}},{"type":"Feature","properties":{},"geometry":{"type":"Polygon","coordinates":[[[-103.35927,25.561854],[-103.359135,25.561644],[-103.359031,25.561698],[-103.359167,25.561909],[-103.35927,25.561854]]]}},{"type":"Feature","properties":{},"geometry":{"type":"Polygon","coordinates":[[[-103.359477,25.561745],[-103.359342,25.561534],[-103.359238,25.561589],[-103.359373,25.5618],[-103.359477,25.561745]]]}},{"type":"Feature","properties":{},"geometry":{"type":"Polygon","coordinates":[[[-103.35958,25.56169],[-103.359445,25.56148],[-103.359342,25.561534],[-103.359477,25.561745],[-103.35958,25.56169]]]}},{"type":"Feature","properties":{},"geometry":{"type":"Polygon","coordinates":[[[-103.359684,25.561635],[-103.359548,25.561425],[-103.359445,25.56148],[-103.35958,25.56169],[-103.359684,25.561635]]]}},{"type":"Feature","properties":{},"geometry":{"type":"Polygon","coordinates":[[[-103.359787,25.561581],[-103.359652,25.56137],[-103.359548,25.561425],[-103.359684,25.561635],[-103.359787,25.561581]]]}},{"type":"Feature","properties":{},"geometry":{"type":"Polygon","coordinates":[[[-103.359891,25.561526],[-103.359755,25.561315],[-103.359652,25.56137],[-103.359787,25.561581],[-103.359891,25.561526]]]}},{"type":"Feature","properties":{},"geometry":{"type":"Polygon","coordinates":[[[-103.359994,25.561471],[-103.359859,25.561261],[-103.359755,25.561315],[-103.359891,25.561526],[-103.359994,25.561471]]]}},{"type":"Feature","properties":{},"geometry":{"type":"Polygon","coordinates":[[[-103.360098,25.561417],[-103.359962,25.561206],[-103.359859,25.561261],[-103.359994,25.561471],[-103.360098,25.561417]]]}},{"type":"Feature","properties":{},"geometry":{"type":"Polygon","coordinates":[[[-103.360201,25.561362],[-103.360066,25.561151],[-103.359962,25.561206],[-103.360098,25.561417],[-103.360201,25.561362]]]}},{"type":"Feature","properties":{},"geometry":{"type":"Polygon","coordinates":[[[-103.360305,25.561307],[-103.360169,25.561096],[-103.360066,25.561151],[-103.360201,25.561362],[-103.360305,25.561307]]]}},{"type":"Feature","properties":{},"geometry":{"type":"Polygon","coordinates":[[[-103.360408,25.561252],[-103.360273,25.561042],[-103.360169,25.561096],[-103.360305,25.561307],[-103.360408,25.561252]]]}},{"type":"Feature","properties":{},"geometry":{"type":"Polygon","coordinates":[[[-103.360512,25.561198],[-103.360376,25.560987],[-103.360273,25.561042],[-103.360408,25.561252],[-103.360512,25.561198]]]}},{"type":"Feature","properties":{},"geometry":{"type":"Polygon","coordinates":[[[-103.360615,25.561143],[-103.36048,25.560932],[-103.360376,25.560987],[-103.360512,25.561198],[-103.360615,25.561143]]]}},{"type":"Feature","properties":{},"geometry":{"type":"Polygon","coordinates":[[[-103.360719,25.561088],[-103.360583,25.560878],[-103.36048,25.560932],[-103.360615,25.561143],[-103.360719,25.561088]]]}},{"type":"Feature","properties":{},"geometry":{"type":"Polygon","coordinates":[[[-103.360822,25.561033],[-103.360687,25.560823],[-103.360583,25.560878],[-103.360719,25.561088],[-103.360822,25.561033]]]}},{"type":"Feature","properties":{},"geometry":{"type":"Polygon","coordinates":[[[-103.361029,25.560924],[-103.360893,25.560713],[-103.36079,25.560768],[-103.360925,25.560979],[-103.361029,25.560924]]]}},{"type":"Feature","properties":{},"geometry":{"type":"Polygon","coordinates":[[[-103.361132,25.560869],[-103.360997,25.560659],[-103.360893,25.560713],[-103.361029,25.560924],[-103.361132,25.560869]]]}},{"type":"Feature","properties":{},"geometry":{"type":"Polygon","coordinates":[[[-103.361236,25.560815],[-103.3611,25.560604],[-103.360997,25.560659],[-103.361132,25.560869],[-103.361236,25.560815]]]}},{"type":"Feature","properties":{},"geometry":{"type":"Polygon","coordinates":[[[-103.361339,25.56076],[-103.361204,25.560549],[-103.3611,25.560604],[-103.361236,25.560815],[-103.361339,25.56076]]]}},{"type":"Feature","properties":{},"geometry":{"type":"Polygon","coordinates":[[[-103.361443,25.560705],[-103.361307,25.560495],[-103.361204,25.560549],[-103.361339,25.56076],[-103.361443,25.560705]]]}},{"type":"Feature","properties":{},"geometry":{"type":"Polygon","coordinates":[[[-103.361546,25.56065],[-103.361411,25.56044],[-103.361307,25.560495],[-103.361443,25.560705],[-103.361546,25.56065]]]}},{"type":"Feature","properties":{},"geometry":{"type":"Polygon","coordinates":[[[-103.36165,25.560596],[-103.361514,25.560385],[-103.361411,25.56044],[-103.361546,25.56065],[-103.36165,25.560596]]]}},{"type":"Feature","properties":{},"geometry":{"type":"Polygon","coordinates":[[[-103.361753,25.560541],[-103.361618,25.56033],[-103.361514,25.560385],[-103.36165,25.560596],[-103.361753,25.560541]]]}},{"type":"Feature","properties":{},"geometry":{"type":"Polygon","coordinates":[[[-103.361857,25.560486],[-103.361721,25.560276],[-103.361618,25.56033],[-103.361753,25.560541],[-103.361857,25.560486]]]}},{"type":"Feature","properties":{},"geometry":{"type":"Polygon","coordinates":[[[-103.36196,25.560431],[-103.361825,25.560221],[-103.361721,25.560276],[-103.361857,25.560486],[-103.36196,25.560431]]]}},{"type":"Feature","properties":{},"geometry":{"type":"Polygon","coordinates":[[[-103.362064,25.560377],[-103.361928,25.560166],[-103.361825,25.560221],[-103.36196,25.560431],[-103.362064,25.560377]]]}},{"type":"Feature","properties":{},"geometry":{"type":"Polygon","coordinates":[[[-103.362167,25.560322],[-103.362032,25.560111],[-103.361928,25.560166],[-103.362064,25.560377],[-103.362167,25.560322]]]}},{"type":"Feature","properties":{},"geometry":{"type":"Polygon","coordinates":[[[-103.362271,25.560267],[-103.362135,25.560057],[-103.362032,25.560111],[-103.362167,25.560322],[-103.362271,25.560267]]]}},{"type":"Feature","properties":{},"geometry":{"type":"Polygon","coordinates":[[[-103.362374,25.560212],[-103.362239,25.560002],[-103.362135,25.560057],[-103.362271,25.560267],[-103.362374,25.560212]]]}},{"type":"Feature","properties":{},"geometry":{"type":"Polygon","coordinates":[[[-103.362581,25.560103],[-103.362445,25.559893],[-103.362342,25.559947],[-103.362477,25.560158],[-103.362581,25.560103]]]}},{"type":"Feature","properties":{},"geometry":{"type":"Polygon","coordinates":[[[-103.362684,25.560048],[-103.362549,25.559838],[-103.362445,25.559893],[-103.362581,25.560103],[-103.362684,25.560048]]]}},{"type":"Feature","properties":{},"geometry":{"type":"Polygon","coordinates":[[[-103.362788,25.559994],[-103.362652,25.559783],[-103.362549,25.559838],[-103.362684,25.560048],[-103.362788,25.559994]]]}},{"type":"Feature","properties":{},"geometry":{"type":"Polygon","coordinates":[[[-103.362891,25.559939],[-103.362756,25.559728],[-103.362652,25.559783],[-103.362788,25.559994],[-103.362891,25.559939]]]}},{"type":"Feature","properties":{},"geometry":{"type":"Polygon","coordinates":[[[-103.362995,25.559884],[-103.362859,25.559674],[-103.362756,25.559728],[-103.362891,25.559939],[-103.362995,25.559884]]]}},{"type":"Feature","properties":{},"geometry":{"type":"Polygon","coordinates":[[[-103.363098,25.559829],[-103.362963,25.559619],[-103.362859,25.559674],[-103.362995,25.559884],[-103.363098,25.559829]]]}},{"type":"Feature","properties":{},"geometry":{"type":"Polygon","coordinates":[[[-103.363202,25.559775],[-103.363066,25.559564],[-103.362963,25.559619],[-103.363098,25.559829],[-103.363202,25.559775]]]}},{"type":"Feature","properties":{},"geometry":{"type":"Polygon","coordinates":[[[-103.363305,25.55972],[-103.36317,25.559509],[-103.363066,25.559564],[-103.363202,25.559775],[-103.363305,25.55972]]]}},{"type":"Feature","properties":{},"geometry":{"type":"Polygon","coordinates":[[[-103.363409,25.559665],[-103.363273,25.559455],[-103.36317,25.559509],[-103.363305,25.55972],[-103.363409,25.559665]]]}},{"type":"Feature","properties":{},"geometry":{"type":"Polygon","coordinates":[[[-103.363512,25.55961],[-103.363377,25.5594],[-103.363273,25.559455],[-103.363409,25.559665],[-103.363512,25.55961]]]}},{"type":"Feature","properties":{},"geometry":{"type":"Polygon","coordinates":[[[-103.363616,25.559556],[-103.36348,25.559345],[-103.363377,25.5594],[-103.363512,25.55961],[-103.363616,25.559556]]]}},{"type":"Feature","properties":{},"geometry":{"type":"Polygon","coordinates":[[[-103.363719,25.559501],[-103.363584,25.55929],[-103.36348,25.559345],[-103.363616,25.559556],[-103.363719,25.559501]]]}},{"type":"Feature","properties":{},"geometry":{"type":"Polygon","coordinates":[[[-103.363823,25.559446],[-103.363687,25.559236],[-103.363584,25.55929],[-103.363719,25.559501],[-103.363823,25.559446]]]}},{"type":"Feature","properties":{},"geometry":{"type":"Polygon","coordinates":[[[-103.363926,25.559391],[-103.363791,25.559181],[-103.363687,25.559236],[-103.363823,25.559446],[-103.363926,25.559391]]]}},{"type":"Feature","properties":{},"geometry":{"type":"Polygon","coordinates":[[[-103.364133,25.559282],[-103.363997,25.559072],[-103.363894,25.559126],[-103.364029,25.559337],[-103.364133,25.559282]]]}},{"type":"Feature","properties":{},"geometry":{"type":"Polygon","coordinates":[[[-103.364236,25.559227],[-103.364101,25.559017],[-103.363997,25.559072],[-103.364133,25.559282],[-103.364236,25.559227]]]}},{"type":"Feature","properties":{},"geometry":{"type":"Polygon","coordinates":[[[-103.36434,25.559173],[-103.364204,25.558962],[-103.364101,25.559017],[-103.364236,25.559227],[-103.36434,25.559173]]]}},{"type":"Feature","properties":{},"geometry":{"type":"Polygon","coordinates":[[[-103.364443,25.559118],[-103.364308,25.558907],[-103.364204,25.558962],[-103.36434,25.559173],[-103.364443,25.559118]]]}},{"type":"Feature","properties":{},"geometry":{"type":"Polygon","coordinates":[[[-103.364547,25.559063],[-103.364411,25.558853],[-103.364308,25.558907],[-103.364443,25.559118],[-103.364547,25.559063]]]}},{"type":"Feature","properties":{},"geometry":{"type":"Polygon","coordinates":[[[-103.36465,25.559008],[-103.364515,25.558798],[-103.364411,25.558853],[-103.364547,25.559063],[-103.36465,25.559008]]]}},{"type":"Feature","properties":{},"geometry":{"type":"Polygon","coordinates":[[[-103.364754,25.558954],[-103.364618,25.558743],[-103.364515,25.558798],[-103.36465,25.559008],[-103.364754,25.558954]]]}},{"type":"Feature","properties":{},"geometry":{"type":"Polygon","coordinates":[[[-103.364857,25.558899],[-103.364722,25.558688],[-103.364618,25.558743],[-103.364754,25.558954],[-103.364857,25.558899]]]}},{"type":"Feature","properties":{},"geometry":{"type":"Polygon","coordinates":[[[-103.36496,25.558844],[-103.364825,25.558634],[-103.364722,25.558688],[-103.364857,25.558899],[-103.36496,25.558844]]]}},{"type":"Feature","properties":{},"geometry":{"type":"Polygon","coordinates":[[[-103.365064,25.558789],[-103.364929,25.558579],[-103.364825,25.558634],[-103.36496,25.558844],[-103.365064,25.558789]]]}},{"type":"Feature","properties":{},"geometry":{"type":"Polygon","coordinates":[[[-103.365167,25.558735],[-103.365032,25.558524],[-103.364929,25.558579],[-103.365064,25.558789],[-103.365167,25.558735]]]}},{"type":"Feature","properties":{},"geometry":{"type":"Polygon","coordinates":[[[-103.365271,25.55868],[-103.365136,25.558469],[-103.365032,25.558524],[-103.365167,25.558735],[-103.365271,25.55868]]]}},{"type":"Feature","properties":{},"geometry":{"type":"Polygon","coordinates":[[[-103.35804,25.562098],[-103.357904,25.561887],[-103.357801,25.561942],[-103.357936,25.562152],[-103.35804,25.562098]]]}},{"type":"Feature","properties":{},"geometry":{"type":"Polygon","coordinates":[[[-103.358143,25.562043],[-103.358008,25.561832],[-103.357904,25.561887],[-103.35804,25.562098],[-103.358143,25.562043]]]}},{"type":"Feature","properties":{},"geometry":{"type":"Polygon","coordinates":[[[-103.358247,25.561988],[-103.358111,25.561777],[-103.358008,25.561832],[-103.358143,25.562043],[-103.358247,25.561988]]]}},{"type":"Feature","properties":{},"geometry":{"type":"Polygon","coordinates":[[[-103.35835,25.561933],[-103.358215,25.561723],[-103.358111,25.561777],[-103.358247,25.561988],[-103.35835,25.561933]]]}},{"type":"Feature","properties":{},"geometry":{"type":"Polygon","coordinates":[[[-103.358454,25.561879],[-103.358318,25.561668],[-103.358215,25.561723],[-103.35835,25.561933],[-103.358454,25.561879]]]}},{"type":"Feature","properties":{},"geometry":{"type":"Polygon","coordinates":[[[-103.358557,25.561824],[-103.358422,25.561613],[-103.358318,25.561668],[-103.358454,25.561879],[-103.358557,25.561824]]]}},{"type":"Feature","properties":{},"geometry":{"type":"Polygon","coordinates":[[[-103.358661,25.561769],[-103.358525,25.561559],[-103.358422,25.561613],[-103.358557,25.561824],[-103.358661,25.561769]]]}},{"type":"Feature","properties":{},"geometry":{"type":"Polygon","coordinates":[[[-103.358764,25.561714],[-103.358629,25.561504],[-103.358525,25.561559],[-103.358661,25.561769],[-103.358764,25.561714]]]}},{"type":"Feature","properties":{},"geometry":{"type":"Polygon","coordinates":[[[-103.358868,25.56166],[-103.358732,25.561449],[-103.358629,25.561504],[-103.358764,25.561714],[-103.358868,25.56166]]]}},{"type":"Feature","properties":{},"geometry":{"type":"Polygon","coordinates":[[[-103.358971,25.561605],[-103.358836,25.561394],[-103.358732,25.561449],[-103.358868,25.56166],[-103.358971,25.561605]]]}},{"type":"Feature","properties":{},"geometry":{"type":"Polygon","coordinates":[[[-103.359075,25.56155],[-103.358939,25.56134],[-103.358836,25.561394],[-103.358971,25.561605],[-103.359075,25.56155]]]}},{"type":"Feature","properties":{},"geometry":{"type":"Polygon","coordinates":[[[-103.359281,25.561441],[-103.359146,25.56123],[-103.359043,25.561285],[-103.359178,25.561496],[-103.359281,25.561441]]]}},{"type":"Feature","properties":{},"geometry":{"type":"Polygon","coordinates":[[[-103.359385,25.561386],[-103.359249,25.561176],[-103.359146,25.56123],[-103.359281,25.561441],[-103.359385,25.561386]]]}},{"type":"Feature","properties":{},"geometry":{"type":"Polygon","coordinates":[[[-103.359488,25.561331],[-103.359353,25.561121],[-103.359249,25.561176],[-103.359385,25.561386],[-103.359488,25.561331]]]}},{"type":"Feature","properties":{},"geometry":{"type":"Polygon","coordinates":[[[-103.359592,25.561277],[-103.359456,25.561066],[-103.359353,25.561121],[-103.359488,25.561331],[-103.359592,25.561277]]]}},{"type":"Feature","properties":{},"geometry":{"type":"Polygon","coordinates":[[[-103.359695,25.561222],[-103.35956,25.561011],[-103.359456,25.561066],[-103.359592,25.561277],[-103.359695,25.561222]]]}},{"type":"Feature","properties":{},"geometry":{"type":"Polygon","coordinates":[[[-103.359799,25.561167],[-103.359663,25.560957],[-103.35956,25.561011],[-103.359695,25.561222],[-103.359799,25.561167]]]}},{"type":"Feature","properties":{},"geometry":{"type":"Polygon","coordinates":[[[-103.359902,25.561112],[-103.359767,25.560902],[-103.359663,25.560957],[-103.359799,25.561167],[-103.359902,25.561112]]]}},{"type":"Feature","properties":{},"geometry":{"type":"Polygon","coordinates":[[[-103.360006,25.561058],[-103.35987,25.560847],[-103.359767,25.560902],[-103.359902,25.561112],[-103.360006,25.561058]]]}},{"type":"Feature","properties":{},"geometry":{"type":"Polygon","coordinates":[[[-103.360109,25.561003],[-103.359974,25.560792],[-103.35987,25.560847],[-103.360006,25.561058],[-103.360109,25.561003]]]}},{"type":"Feature","properties":{},"geometry":{"type":"Polygon","coordinates":[[[-103.360213,25.560948],[-103.360077,25.560738],[-103.359974,25.560792],[-103.360109,25.561003],[-103.360213,25.560948]]]}},{"type":"Feature","properties":{},"geometry":{"type":"Polygon","coordinates":[[[-103.360316,25.560893],[-103.360181,25.560683],[-103.360077,25.560738],[-103.360213,25.560948],[-103.360316,25.560893]]]}},{"type":"Feature","properties":{},"geometry":{"type":"Polygon","coordinates":[[[-103.36042,25.560839],[-103.360284,25.560628],[-103.360181,25.560683],[-103.360316,25.560893],[-103.36042,25.560839]]]}},{"type":"Feature","properties":{},"geometry":{"type":"Polygon","coordinates":[[[-103.360523,25.560784],[-103.360388,25.560573],[-103.360284,25.560628],[-103.36042,25.560839],[-103.360523,25.560784]]]}},{"type":"Feature","properties":{},"geometry":{"type":"Polygon","coordinates":[[[-103.360627,25.560729],[-103.360491,25.560519],[-103.360388,25.560573],[-103.360523,25.560784],[-103.360627,25.560729]]]}},{"type":"Feature","properties":{},"geometry":{"type":"Polygon","coordinates":[[[-103.360833,25.56062],[-103.360698,25.560409],[-103.360594,25.560464],[-103.36073,25.560675],[-103.360833,25.56062]]]}},{"type":"Feature","properties":{},"geometry":{"type":"Polygon","coordinates":[[[-103.360937,25.560565],[-103.360801,25.560355],[-103.360698,25.560409],[-103.360833,25.56062],[-103.360937,25.560565]]]}},{"type":"Feature","properties":{},"geometry":{"type":"Polygon","coordinates":[[[-103.36104,25.56051],[-103.360905,25.5603],[-103.360801,25.560355],[-103.360937,25.560565],[-103.36104,25.56051]]]}},{"type":"Feature","properties":{},"geometry":{"type":"Polygon","coordinates":[[[-103.361144,25.560456],[-103.361008,25.560245],[-103.360905,25.5603],[-103.36104,25.56051],[-103.361144,25.560456]]]}},{"type":"Feature","properties":{},"geometry":{"type":"Polygon","coordinates":[[[-103.361247,25.560401],[-103.361112,25.56019],[-103.361008,25.560245],[-103.361144,25.560456],[-103.361247,25.560401]]]}},{"type":"Feature","properties":{},"geometry":{"type":"Polygon","coordinates":[[[-103.361351,25.560346],[-103.361215,25.560136],[-103.361112,25.56019],[-103.361247,25.560401],[-103.361351,25.560346]]]}},{"type":"Feature","properties":{},"geometry":{"type":"Polygon","coordinates":[[[-103.361454,25.560291],[-103.361319,25.560081],[-103.361215,25.560136],[-103.361351,25.560346],[-103.361454,25.560291]]]}},{"type":"Feature","properties":{},"geometry":{"type":"Polygon","coordinates":[[[-103.361558,25.560237],[-103.361422,25.560026],[-103.361319,25.560081],[-103.361454,25.560291],[-103.361558,25.560237]]]}},{"type":"Feature","properties":{},"geometry":{"type":"Polygon","coordinates":[[[-103.361661,25.560182],[-103.361526,25.559971],[-103.361422,25.560026],[-103.361558,25.560237],[-103.361661,25.560182]]]}},{"type":"Feature","properties":{},"geometry":{"type":"Polygon","coordinates":[[[-103.361765,25.560127],[-103.361629,25.559917],[-103.361526,25.559971],[-103.361661,25.560182],[-103.361765,25.560127]]]}},{"type":"Feature","properties":{},"geometry":{"type":"Polygon","coordinates":[[[-103.361868,25.560072],[-103.361733,25.559862],[-103.361629,25.559917],[-103.361765,25.560127],[-103.361868,25.560072]]]}},{"type":"Feature","properties":{},"geometry":{"type":"Polygon","coordinates":[[[-103.361972,25.560018],[-103.361836,25.559807],[-103.361733,25.559862],[-103.361868,25.560072],[-103.361972,25.560018]]]}},{"type":"Feature","properties":{},"geometry":{"type":"Polygon","coordinates":[[[-103.362075,25.559963],[-103.36194,25.559752],[-103.361836,25.559807],[-103.361972,25.560018],[-103.362075,25.559963]]]}},{"type":"Feature","properties":{},"geometry":{"type":"Polygon","coordinates":[[[-103.362179,25.559908],[-103.362043,25.559698],[-103.36194,25.559752],[-103.362075,25.559963],[-103.362179,25.559908]]]}},{"type":"Feature","properties":{},"geometry":{"type":"Polygon","coordinates":[[[-103.362385,25.559799],[-103.36225,25.559588],[-103.362146,25.559643],[-103.362282,25.559854],[-103.362385,25.559799]]]}},{"type":"Feature","properties":{},"geometry":{"type":"Polygon","coordinates":[[[-103.362489,25.559744],[-103.362353,25.559534],[-103.36225,25.559588],[-103.362385,25.559799],[-103.362489,25.559744]]]}},{"type":"Feature","properties":{},"geometry":{"type":"Polygon","coordinates":[[[-103.362592,25.559689],[-103.362457,25.559479],[-103.362353,25.559534],[-103.362489,25.559744],[-103.362592,25.559689]]]}},{"type":"Feature","properties":{},"geometry":{"type":"Polygon","coordinates":[[[-103.362696,25.559635],[-103.36256,25.559424],[-103.362457,25.559479],[-103.362592,25.559689],[-103.362696,25.559635]]]}},{"type":"Feature","properties":{},"geometry":{"type":"Polygon","coordinates":[[[-103.362799,25.55958],[-103.362664,25.559369],[-103.36256,25.559424],[-103.362696,25.559635],[-103.362799,25.55958]]]}},{"type":"Feature","properties":{},"geometry":{"type":"Polygon","coordinates":[[[-103.362903,25.559525],[-103.362767,25.559315],[-103.362664,25.559369],[-103.362799,25.55958],[-103.362903,25.559525]]]}},{"type":"Feature","properties":{},"geometry":{"type":"Polygon","coordinates":[[[-103.363006,25.55947],[-103.362871,25.55926],[-103.362767,25.559315],[-103.362903,25.559525],[-103.363006,25.55947]]]}},{"type":"Feature","properties":{},"geometry":{"type":"Polygon","coordinates":[[[-103.36311,25.559416],[-103.362974,25.559205],[-103.362871,25.55926],[-103.363006,25.55947],[-103.36311,25.559416]]]}},{"type":"Feature","properties":{},"geometry":{"type":"Polygon","coordinates":[[[-103.363213,25.559361],[-103.363078,25.55915],[-103.362974,25.559205],[-103.36311,25.559416],[-103.363213,25.559361]]]}},{"type":"Feature","properties":{},"geometry":{"type":"Polygon","coordinates":[[[-103.363317,25.559306],[-103.363181,25.559096],[-103.363078,25.55915],[-103.363213,25.559361],[-103.363317,25.559306]]]}},{"type":"Feature","properties":{},"geometry":{"type":"Polygon","coordinates":[[[-103.36342,25.559252],[-103.363285,25.559041],[-103.363181,25.559096],[-103.363317,25.559306],[-103.36342,25.559252]]]}},{"type":"Feature","properties":{},"geometry":{"type":"Polygon","coordinates":[[[-103.363524,25.559197],[-103.363388,25.558986],[-103.363285,25.559041],[-103.36342,25.559252],[-103.363524,25.559197]]]}},{"type":"Feature","properties":{},"geometry":{"type":"Polygon","coordinates":[[[-103.363627,25.559142],[-103.363492,25.558931],[-103.363388,25.558986],[-103.363524,25.559197],[-103.363627,25.559142]]]}},{"type":"Feature","properties":{},"geometry":{"type":"Polygon","coordinates":[[[-103.36373,25.559087],[-103.363595,25.558877],[-103.363492,25.558931],[-103.363627,25.559142],[-103.36373,25.559087]]]}},{"type":"Feature","properties":{},"geometry":{"type":"Polygon","coordinates":[[[-103.363937,25.558978],[-103.363802,25.558767],[-103.363698,25.558822],[-103.363834,25.559033],[-103.363937,25.558978]]]}},{"type":"Feature","properties":{},"geometry":{"type":"Polygon","coordinates":[[[-103.364041,25.558923],[-103.363905,25.558713],[-103.363802,25.558767],[-103.363937,25.558978],[-103.364041,25.558923]]]}},{"type":"Feature","properties":{},"geometry":{"type":"Polygon","coordinates":[[[-103.364144,25.558868],[-103.364009,25.558658],[-103.363905,25.558713],[-103.364041,25.558923],[-103.364144,25.558868]]]}},{"type":"Feature","properties":{},"geometry":{"type":"Polygon","coordinates":[[[-103.364248,25.558814],[-103.364112,25.558603],[-103.364009,25.558658],[-103.364144,25.558868],[-103.364248,25.558814]]]}},{"type":"Feature","properties":{},"geometry":{"type":"Polygon","coordinates":[[[-103.364351,25.558759],[-103.364216,25.558548],[-103.364112,25.558603],[-103.364248,25.558814],[-103.364351,25.558759]]]}},{"type":"Feature","properties":{},"geometry":{"type":"Polygon","coordinates":[[[-103.364455,25.558704],[-103.364319,25.558494],[-103.364216,25.558548],[-103.364351,25.558759],[-103.364455,25.558704]]]}},{"type":"Feature","properties":{},"geometry":{"type":"Polygon","coordinates":[[[-103.364558,25.55865],[-103.364423,25.558439],[-103.364319,25.558494],[-103.364455,25.558704],[-103.364558,25.55865]]]}},{"type":"Feature","properties":{},"geometry":{"type":"Polygon","coordinates":[[[-103.358003,25.564844],[-103.357868,25.564634],[-103.357765,25.564688],[-103.3579,25.564899],[-103.358003,25.564844]]]}},{"type":"Feature","properties":{},"geometry":{"type":"Polygon","coordinates":[[[-103.358107,25.56479],[-103.357971,25.564579],[-103.357868,25.564634],[-103.358003,25.564844],[-103.358107,25.56479]]]}},{"type":"Feature","properties":{},"geometry":{"type":"Polygon","coordinates":[[[-103.35821,25.564735],[-103.358075,25.564524],[-103.357971,25.564579],[-103.358107,25.56479],[-103.35821,25.564735]]]}},{"type":"Feature","properties":{},"geometry":{"type":"Polygon","coordinates":[[[-103.358314,25.56468],[-103.358178,25.56447],[-103.358075,25.564524],[-103.35821,25.564735],[-103.358314,25.56468]]]}},{"type":"Feature","properties":{},"geometry":{"type":"Polygon","coordinates":[[[-103.358417,25.564625],[-103.358282,25.564415],[-103.358178,25.56447],[-103.358314,25.56468],[-103.358417,25.564625]]]}},{"type":"Feature","properties":{},"geometry":{"type":"Polygon","coordinates":[[[-103.358521,25.564571],[-103.358385,25.56436],[-103.358282,25.564415],[-103.358417,25.564625],[-103.358521,25.564571]]]}},{"type":"Feature","properties":{},"geometry":{"type":"Polygon","coordinates":[[[-103.358624,25.564516],[-103.358489,25.564305],[-103.358385,25.56436],[-103.358521,25.564571],[-103.358624,25.564516]]]}},{"type":"Feature","properties":{},"geometry":{"type":"Polygon","coordinates":[[[-103.358728,25.564461],[-103.358592,25.564251],[-103.358489,25.564305],[-103.358624,25.564516],[-103.358728,25.564461]]]}},{"type":"Feature","properties":{},"geometry":{"type":"Polygon","coordinates":[[[-103.358831,25.564406],[-103.358696,25.564196],[-103.358592,25.564251],[-103.358728,25.564461],[-103.358831,25.564406]]]}},{"type":"Feature","properties":{},"geometry":{"type":"Polygon","coordinates":[[[-103.359038,25.564297],[-103.358903,25.564087],[-103.358799,25.564141],[-103.358934,25.564352],[-103.359038,25.564297]]]}},{"type":"Feature","properties":{},"geometry":{"type":"Polygon","coordinates":[[[-103.359141,25.564242],[-103.359006,25.564032],[-103.358903,25.564087],[-103.359038,25.564297],[-103.359141,25.564242]]]}},{"type":"Feature","properties":{},"geometry":{"type":"Polygon","coordinates":[[[-103.359245,25.564188],[-103.35911,25.563977],[-103.359006,25.564032],[-103.359141,25.564242],[-103.359245,25.564188]]]}},{"type":"Feature","properties":{},"geometry":{"type":"Polygon","coordinates":[[[-103.359348,25.564133],[-103.359213,25.563922],[-103.35911,25.563977],[-103.359245,25.564188],[-103.359348,25.564133]]]}},{"type":"Feature","properties":{},"geometry":{"type":"Polygon","coordinates":[[[-103.359452,25.564078],[-103.359316,25.563868],[-103.359213,25.563922],[-103.359348,25.564133],[-103.359452,25.564078]]]}},{"type":"Feature","properties":{},"geometry":{"type":"Polygon","coordinates":[[[-103.359555,25.564023],[-103.35942,25.563813],[-103.359316,25.563868],[-103.359452,25.564078],[-103.359555,25.564023]]]}},{"type":"Feature","properties":{},"geometry":{"type":"Polygon","coordinates":[[[-103.359659,25.563969],[-103.359523,25.563758],[-103.35942,25.563813],[-103.359555,25.564023],[-103.359659,25.563969]]]}},{"type":"Feature","properties":{},"geometry":{"type":"Polygon","coordinates":[[[-103.359762,25.563914],[-103.359627,25.563703],[-103.359523,25.563758],[-103.359659,25.563969],[-103.359762,25.563914]]]}},{"type":"Feature","properties":{},"geometry":{"type":"Polygon","coordinates":[[[-103.359866,25.563859],[-103.35973,25.563649],[-103.359627,25.563703],[-103.359762,25.563914],[-103.359866,25.563859]]]}},{"type":"Feature","properties":{},"geometry":{"type":"Polygon","coordinates":[[[-103.359969,25.563804],[-103.359834,25.563594],[-103.35973,25.563649],[-103.359866,25.563859],[-103.359969,25.563804]]]}},{"type":"Feature","properties":{},"geometry":{"type":"Polygon","coordinates":[[[-103.361004,25.563257],[-103.360868,25.563047],[-103.360765,25.563101],[-103.3609,25.563312],[-103.361004,25.563257]]]}},{"type":"Feature","properties":{},"geometry":{"type":"Polygon","coordinates":[[[-103.361107,25.563202],[-103.360972,25.562992],[-103.360868,25.563047],[-103.361004,25.563257],[-103.361107,25.563202]]]}},{"type":"Feature","properties":{},"geometry":{"type":"Polygon","coordinates":[[[-103.361211,25.563148],[-103.361075,25.562937],[-103.360972,25.562992],[-103.361107,25.563202],[-103.361211,25.563148]]]}},{"type":"Feature","properties":{},"geometry":{"type":"Polygon","coordinates":[[[-103.361314,25.563093],[-103.361179,25.562882],[-103.361075,25.562937],[-103.361211,25.563148],[-103.361314,25.563093]]]}},{"type":"Feature","properties":{},"geometry":{"type":"Polygon","coordinates":[[[-103.361418,25.563038],[-103.361282,25.562828],[-103.361179,25.562882],[-103.361314,25.563093],[-103.361418,25.563038]]]}},{"type":"Feature","properties":{},"geometry":{"type":"Polygon","coordinates":[[[-103.361521,25.562983],[-103.361386,25.562773],[-103.361282,25.562828],[-103.361418,25.563038],[-103.361521,25.562983]]]}},{"type":"Feature","properties":{},"geometry":{"type":"Polygon","coordinates":[[[-103.361625,25.562929],[-103.361489,25.562718],[-103.361386,25.562773],[-103.361521,25.562983],[-103.361625,25.562929]]]}},{"type":"Feature","properties":{},"geometry":{"type":"Polygon","coordinates":[[[-103.361728,25.562874],[-103.361593,25.562663],[-103.361489,25.562718],[-103.361625,25.562929],[-103.361728,25.562874]]]}},{"type":"Feature","properties":{},"geometry":{"type":"Polygon","coordinates":[[[-103.361832,25.562819],[-103.361696,25.562609],[-103.361593,25.562663],[-103.361728,25.562874],[-103.361832,25.562819]]]}},{"type":"Feature","properties":{},"geometry":{"type":"Polygon","coordinates":[[[-103.361935,25.562765],[-103.3618,25.562554],[-103.361696,25.562609],[-103.361832,25.562819],[-103.361935,25.562765]]]}},{"type":"Feature","properties":{},"geometry":{"type":"Polygon","coordinates":[[[-103.362142,25.562655],[-103.362006,25.562445],[-103.361903,25.562499],[-103.362038,25.56271],[-103.362142,25.562655]]]}},{"type":"Feature","properties":{},"geometry":{"type":"Polygon","coordinates":[[[-103.362245,25.5626],[-103.36211,25.56239],[-103.362006,25.562445],[-103.362142,25.562655],[-103.362245,25.5626]]]}},{"type":"Feature","properties":{},"geometry":{"type":"Polygon","coordinates":[[[-103.362349,25.562546],[-103.362213,25.562335],[-103.36211,25.56239],[-103.362245,25.5626],[-103.362349,25.562546]]]}},{"type":"Feature","properties":{},"geometry":{"type":"Polygon","coordinates":[[[-103.362452,25.562491],[-103.362317,25.56228],[-103.362213,25.562335],[-103.362349,25.562546],[-103.362452,25.562491]]]}},{"type":"Feature","properties":{},"geometry":{"type":"Polygon","coordinates":[[[-103.362556,25.562436],[-103.36242,25.562226],[-103.362317,25.56228],[-103.362452,25.562491],[-103.362556,25.562436]]]}},{"type":"Feature","properties":{},"geometry":{"type":"Polygon","coordinates":[[[-103.362659,25.562382],[-103.362524,25.562171],[-103.36242,25.562226],[-103.362556,25.562436],[-103.362659,25.562382]]]}},{"type":"Feature","properties":{},"geometry":{"type":"Polygon","coordinates":[[[-103.362763,25.562327],[-103.362627,25.562116],[-103.362524,25.562171],[-103.362659,25.562382],[-103.362763,25.562327]]]}},{"type":"Feature","properties":{},"geometry":{"type":"Polygon","coordinates":[[[-103.362866,25.562272],[-103.362731,25.562061],[-103.362627,25.562116],[-103.362763,25.562327],[-103.362866,25.562272]]]}},{"type":"Feature","properties":{},"geometry":{"type":"Polygon","coordinates":[[[-103.36297,25.562217],[-103.362834,25.562007],[-103.362731,25.562061],[-103.362866,25.562272],[-103.36297,25.562217]]]}},{"type":"Feature","properties":{},"geometry":{"type":"Polygon","coordinates":[[[-103.363073,25.562163],[-103.362938,25.561952],[-103.362834,25.562007],[-103.36297,25.562217],[-103.363073,25.562163]]]}},{"type":"Feature","properties":{},"geometry":{"type":"Polygon","coordinates":[[[-103.363177,25.562108],[-103.363041,25.561897],[-103.362938,25.561952],[-103.363073,25.562163],[-103.363177,25.562108]]]}},{"type":"Feature","properties":{},"geometry":{"type":"Polygon","coordinates":[[[-103.36328,25.562053],[-103.363145,25.561843],[-103.363041,25.561897],[-103.363177,25.562108],[-103.36328,25.562053]]]}},{"type":"Feature","properties":{},"geometry":{"type":"Polygon","coordinates":[[[-103.363384,25.561998],[-103.363248,25.561788],[-103.363145,25.561843],[-103.36328,25.562053],[-103.363384,25.561998]]]}},{"type":"Feature","properties":{},"geometry":{"type":"Polygon","coordinates":[[[-103.363487,25.561944],[-103.363352,25.561733],[-103.363248,25.561788],[-103.363384,25.561998],[-103.363487,25.561944]]]}},{"type":"Feature","properties":{},"geometry":{"type":"Polygon","coordinates":[[[-103.363694,25.561834],[-103.363558,25.561624],[-103.363455,25.561678],[-103.36359,25.561889],[-103.363694,25.561834]]]}},{"type":"Feature","properties":{},"geometry":{"type":"Polygon","coordinates":[[[-103.363797,25.56178],[-103.363662,25.561569],[-103.363558,25.561624],[-103.363694,25.561834],[-103.363797,25.56178]]]}},{"type":"Feature","properties":{},"geometry":{"type":"Polygon","coordinates":[[[-103.363901,25.561725],[-103.363765,25.561514],[-103.363662,25.561569],[-103.363797,25.56178],[-103.363901,25.561725]]]}},{"type":"Feature","properties":{},"geometry":{"type":"Polygon","coordinates":[[[-103.364004,25.56167],[-103.363869,25.561459],[-103.363765,25.561514],[-103.363901,25.561725],[-103.364004,25.56167]]]}},{"type":"Feature","properties":{},"geometry":{"type":"Polygon","coordinates":[[[-103.364108,25.561615],[-103.363972,25.561405],[-103.363869,25.561459],[-103.364004,25.56167],[-103.364108,25.561615]]]}},{"type":"Feature","properties":{},"geometry":{"type":"Polygon","coordinates":[[[-103.364211,25.561561],[-103.364076,25.56135],[-103.363972,25.561405],[-103.364108,25.561615],[-103.364211,25.561561]]]}},{"type":"Feature","properties":{},"geometry":{"type":"Polygon","coordinates":[[[-103.364315,25.561506],[-103.364179,25.561295],[-103.364076,25.56135],[-103.364211,25.561561],[-103.364315,25.561506]]]}},{"type":"Feature","properties":{},"geometry":{"type":"Polygon","coordinates":[[[-103.364418,25.561451],[-103.364283,25.561241],[-103.364179,25.561295],[-103.364315,25.561506],[-103.364418,25.561451]]]}},{"type":"Feature","properties":{},"geometry":{"type":"Polygon","coordinates":[[[-103.364522,25.561396],[-103.364386,25.561186],[-103.364283,25.561241],[-103.364418,25.561451],[-103.364522,25.561396]]]}},{"type":"Feature","properties":{},"geometry":{"type":"Polygon","coordinates":[[[-103.364625,25.561342],[-103.36449,25.561131],[-103.364386,25.561186],[-103.364522,25.561396],[-103.364625,25.561342]]]}},{"type":"Feature","properties":{},"geometry":{"type":"Polygon","coordinates":[[[-103.364729,25.561287],[-103.364593,25.561076],[-103.36449,25.561131],[-103.364625,25.561342],[-103.364729,25.561287]]]}},{"type":"Feature","properties":{},"geometry":{"type":"Polygon","coordinates":[[[-103.364832,25.561232],[-103.364697,25.561022],[-103.364593,25.561076],[-103.364729,25.561287],[-103.364832,25.561232]]]}},{"type":"Feature","properties":{},"geometry":{"type":"Polygon","coordinates":[[[-103.364936,25.561177],[-103.3648,25.560967],[-103.364697,25.561022],[-103.364832,25.561232],[-103.364936,25.561177]]]}},{"type":"Feature","properties":{},"geometry":{"type":"Polygon","coordinates":[[[-103.365039,25.561123],[-103.364904,25.560912],[-103.3648,25.560967],[-103.364936,25.561177],[-103.365039,25.561123]]]}},{"type":"Feature","properties":{},"geometry":{"type":"Polygon","coordinates":[[[-103.365246,25.561013],[-103.36511,25.560803],[-103.365007,25.560857],[-103.365142,25.561068],[-103.365246,25.561013]]]}},{"type":"Feature","properties":{},"geometry":{"type":"Polygon","coordinates":[[[-103.365349,25.560959],[-103.365214,25.560748],[-103.36511,25.560803],[-103.365246,25.561013],[-103.365349,25.560959]]]}},{"type":"Feature","properties":{},"geometry":{"type":"Polygon","coordinates":[[[-103.365453,25.560904],[-103.365317,25.560693],[-103.365214,25.560748],[-103.365349,25.560959],[-103.365453,25.560904]]]}},{"type":"Feature","properties":{},"geometry":{"type":"Polygon","coordinates":[[[-103.365556,25.560849],[-103.365421,25.560638],[-103.365317,25.560693],[-103.365453,25.560904],[-103.365556,25.560849]]]}},{"type":"Feature","properties":{},"geometry":{"type":"Polygon","coordinates":[[[-103.36566,25.560794],[-103.365524,25.560584],[-103.365421,25.560638],[-103.365556,25.560849],[-103.36566,25.560794]]]}},{"type":"Feature","properties":{},"geometry":{"type":"Polygon","coordinates":[[[-103.365763,25.56074],[-103.365628,25.560529],[-103.365524,25.560584],[-103.36566,25.560794],[-103.365763,25.56074]]]}},{"type":"Feature","properties":{},"geometry":{"type":"Polygon","coordinates":[[[-103.365867,25.560685],[-103.365731,25.560474],[-103.365628,25.560529],[-103.365763,25.56074],[-103.365867,25.560685]]]}},{"type":"Feature","properties":{},"geometry":{"type":"Polygon","coordinates":[[[-103.36597,25.56063],[-103.365835,25.56042],[-103.365731,25.560474],[-103.365867,25.560685],[-103.36597,25.56063]]]}},{"type":"Feature","properties":{},"geometry":{"type":"Polygon","coordinates":[[[-103.366074,25.560575],[-103.365938,25.560365],[-103.365835,25.56042],[-103.36597,25.56063],[-103.366074,25.560575]]]}},{"type":"Feature","properties":{},"geometry":{"type":"Polygon","coordinates":[[[-103.366177,25.560521],[-103.366042,25.56031],[-103.365938,25.560365],[-103.366074,25.560575],[-103.366177,25.560521]]]}},{"type":"Feature","properties":{},"geometry":{"type":"Polygon","coordinates":[[[-103.366281,25.560466],[-103.366145,25.560255],[-103.366042,25.56031],[-103.366177,25.560521],[-103.366281,25.560466]]]}},{"type":"Feature","properties":{},"geometry":{"type":"Polygon","coordinates":[[[-103.366384,25.560411],[-103.366249,25.560201],[-103.366145,25.560255],[-103.366281,25.560466],[-103.366384,25.560411]]]}},{"type":"Feature","properties":{},"geometry":{"type":"Polygon","coordinates":[[[-103.366487,25.560356],[-103.366352,25.560146],[-103.366249,25.560201],[-103.366384,25.560411],[-103.366487,25.560356]]]}},{"type":"Feature","properties":{},"geometry":{"type":"Polygon","coordinates":[[[-103.366591,25.560302],[-103.366456,25.560091],[-103.366352,25.560146],[-103.366487,25.560356],[-103.366591,25.560302]]]}},{"type":"Feature","properties":{},"geometry":{"type":"Polygon","coordinates":[[[-103.366798,25.560192],[-103.366662,25.559982],[-103.366559,25.560036],[-103.366694,25.560247],[-103.366798,25.560192]]]}},{"type":"Feature","properties":{},"geometry":{"type":"Polygon","coordinates":[[[-103.366901,25.560138],[-103.366766,25.559927],[-103.366662,25.559982],[-103.366798,25.560192],[-103.366901,25.560138]]]}},{"type":"Feature","properties":{},"geometry":{"type":"Polygon","coordinates":[[[-103.367005,25.560083],[-103.366869,25.559872],[-103.366766,25.559927],[-103.366901,25.560138],[-103.367005,25.560083]]]}},{"type":"Feature","properties":{},"geometry":{"type":"Polygon","coordinates":[[[-103.367108,25.560028],[-103.366973,25.559817],[-103.366869,25.559872],[-103.367005,25.560083],[-103.367108,25.560028]]]}},{"type":"Feature","properties":{},"geometry":{"type":"Polygon","coordinates":[[[-103.367212,25.559973],[-103.367076,25.559763],[-103.366973,25.559817],[-103.367108,25.560028],[-103.367212,25.559973]]]}},{"type":"Feature","properties":{},"geometry":{"type":"Polygon","coordinates":[[[-103.367315,25.559919],[-103.36718,25.559708],[-103.367076,25.559763],[-103.367212,25.559973],[-103.367315,25.559919]]]}},{"type":"Feature","properties":{},"geometry":{"type":"Polygon","coordinates":[[[-103.367419,25.559864],[-103.367283,25.559653],[-103.36718,25.559708],[-103.367315,25.559919],[-103.367419,25.559864]]]}},{"type":"Feature","properties":{},"geometry":{"type":"Polygon","coordinates":[[[-103.367522,25.559809],[-103.367387,25.559599],[-103.367283,25.559653],[-103.367419,25.559864],[-103.367522,25.559809]]]}},{"type":"Feature","properties":{},"geometry":{"type":"Polygon","coordinates":[[[-103.367625,25.559754],[-103.36749,25.559544],[-103.367387,25.559599],[-103.367522,25.559809],[-103.367625,25.559754]]]}},{"type":"Feature","properties":{},"geometry":{"type":"Polygon","coordinates":[[[-103.367729,25.5597],[-103.367594,25.559489],[-103.36749,25.559544],[-103.367625,25.559754],[-103.367729,25.5597]]]}},{"type":"Feature","properties":{},"geometry":{"type":"Polygon","coordinates":[[[-103.367832,25.559645],[-103.367697,25.559434],[-103.367594,25.559489],[-103.367729,25.5597],[-103.367832,25.559645]]]}},{"type":"Feature","properties":{},"geometry":{"type":"Polygon","coordinates":[[[-103.367936,25.55959],[-103.367801,25.55938],[-103.367697,25.559434],[-103.367832,25.559645],[-103.367936,25.55959]]]}},{"type":"Feature","properties":{},"geometry":{"type":"Polygon","coordinates":[[[-103.368039,25.559535],[-103.367904,25.559325],[-103.367801,25.55938],[-103.367936,25.55959],[-103.368039,25.559535]]]}},{"type":"Feature","properties":{},"geometry":{"type":"Polygon","coordinates":[[[-103.368143,25.559481],[-103.368007,25.55927],[-103.367904,25.559325],[-103.368039,25.559535],[-103.368143,25.559481]]]}},{"type":"Feature","properties":{},"geometry":{"type":"Polygon","coordinates":[[[-103.368349,25.559371],[-103.368214,25.559161],[-103.368111,25.559215],[-103.368246,25.559426],[-103.368349,25.559371]]]}},{"type":"Feature","properties":{},"geometry":{"type":"Polygon","coordinates":[[[-103.368453,25.559317],[-103.368318,25.559106],[-103.368214,25.559161],[-103.368349,25.559371],[-103.368453,25.559317]]]}},{"type":"Feature","properties":{},"geometry":{"type":"Polygon","coordinates":[[[-103.368556,25.559262],[-103.368421,25.559051],[-103.368318,25.559106],[-103.368453,25.559317],[-103.368556,25.559262]]]}},{"type":"Feature","properties":{},"geometry":{"type":"Polygon","coordinates":[[[-103.36866,25.559207],[-103.368525,25.558996],[-103.368421,25.559051],[-103.368556,25.559262],[-103.36866,25.559207]]]}},{"type":"Feature","properties":{},"geometry":{"type":"Polygon","coordinates":[[[-103.358035,25.56511],[-103.3579,25.564899],[-103.357796,25.564954],[-103.357932,25.565164],[-103.358035,25.56511]]]}},{"type":"Feature","properties":{},"geometry":{"type":"Polygon","coordinates":[[[-103.358139,25.565055],[-103.358003,25.564844],[-103.3579,25.564899],[-103.358035,25.56511],[-103.358139,25.565055]]]}},{"type":"Feature","properties":{},"geometry":{"type":"Polygon","coordinates":[[[-103.358242,25.565],[-103.358107,25.56479],[-103.358003,25.564844],[-103.358139,25.565055],[-103.358242,25.565]]]}},{"type":"Feature","properties":{},"geometry":{"type":"Polygon","coordinates":[[[-103.358346,25.564945],[-103.35821,25.564735],[-103.358107,25.56479],[-103.358242,25.565],[-103.358346,25.564945]]]}},{"type":"Feature","properties":{},"geometry":{"type":"Polygon","coordinates":[[[-103.358449,25.564891],[-103.358314,25.56468],[-103.35821,25.564735],[-103.358346,25.564945],[-103.358449,25.564891]]]}},{"type":"Feature","properties":{},"geometry":{"type":"Polygon","coordinates":[[[-103.358553,25.564836],[-103.358417,25.564625],[-103.358314,25.56468],[-103.358449,25.564891],[-103.358553,25.564836]]]}},{"type":"Feature","properties":{},"geometry":{"type":"Polygon","coordinates":[[[-103.358656,25.564781],[-103.358521,25.564571],[-103.358417,25.564625],[-103.358553,25.564836],[-103.358656,25.564781]]]}},{"type":"Feature","properties":{},"geometry":{"type":"Polygon","coordinates":[[[-103.35876,25.564726],[-103.358624,25.564516],[-103.358521,25.564571],[-103.358656,25.564781],[-103.35876,25.564726]]]}},{"type":"Feature","properties":{},"geometry":{"type":"Polygon","coordinates":[[[-103.358863,25.564672],[-103.358728,25.564461],[-103.358624,25.564516],[-103.35876,25.564726],[-103.358863,25.564672]]]}},{"type":"Feature","properties":{},"geometry":{"type":"Polygon","coordinates":[[[-103.358967,25.564617],[-103.358831,25.564406],[-103.358728,25.564461],[-103.358863,25.564672],[-103.358967,25.564617]]]}},{"type":"Feature","properties":{},"geometry":{"type":"Polygon","coordinates":[[[-103.359173,25.564508],[-103.359038,25.564297],[-103.358934,25.564352],[-103.35907,25.564562],[-103.359173,25.564508]]]}},{"type":"Feature","properties":{},"geometry":{"type":"Polygon","coordinates":[[[-103.359277,25.564453],[-103.359141,25.564242],[-103.359038,25.564297],[-103.359173,25.564508],[-103.359277,25.564453]]]}},{"type":"Feature","properties":{},"geometry":{"type":"Polygon","coordinates":[[[-103.35938,25.564398],[-103.359245,25.564188],[-103.359141,25.564242],[-103.359277,25.564453],[-103.35938,25.564398]]]}},{"type":"Feature","properties":{},"geometry":{"type":"Polygon","coordinates":[[[-103.359484,25.564343],[-103.359348,25.564133],[-103.359245,25.564188],[-103.35938,25.564398],[-103.359484,25.564343]]]}},{"type":"Feature","properties":{},"geometry":{"type":"Polygon","coordinates":[[[-103.359587,25.564289],[-103.359452,25.564078],[-103.359348,25.564133],[-103.359484,25.564343],[-103.359587,25.564289]]]}},{"type":"Feature","properties":{},"geometry":{"type":"Polygon","coordinates":[[[-103.359691,25.564234],[-103.359555,25.564023],[-103.359452,25.564078],[-103.359587,25.564289],[-103.359691,25.564234]]]}},{"type":"Feature","properties":{},"geometry":{"type":"Polygon","coordinates":[[[-103.359794,25.564179],[-103.359659,25.563969],[-103.359555,25.564023],[-103.359691,25.564234],[-103.359794,25.564179]]]}},{"type":"Feature","properties":{},"geometry":{"type":"Polygon","coordinates":[[[-103.359898,25.564124],[-103.359762,25.563914],[-103.359659,25.563969],[-103.359794,25.564179],[-103.359898,25.564124]]]}},{"type":"Feature","properties":{},"geometry":{"type":"Polygon","coordinates":[[[-103.360001,25.56407],[-103.359866,25.563859],[-103.359762,25.563914],[-103.359898,25.564124],[-103.360001,25.56407]]]}},{"type":"Feature","properties":{},"geometry":{"type":"Polygon","coordinates":[[[-103.360105,25.564015],[-103.359969,25.563804],[-103.359866,25.563859],[-103.360001,25.56407],[-103.360105,25.564015]]]}},{"type":"Feature","properties":{},"geometry":{"type":"Polygon","coordinates":[[[-103.361139,25.563468],[-103.361004,25.563257],[-103.3609,25.563312],[-103.361036,25.563522],[-103.361139,25.563468]]]}},{"type":"Feature","properties":{},"geometry":{"type":"Polygon","coordinates":[[[-103.361243,25.563413],[-103.361107,25.563202],[-103.361004,25.563257],[-103.361139,25.563468],[-103.361243,25.563413]]]}},{"type":"Feature","properties":{},"geometry":{"type":"Polygon","coordinates":[[[-103.361346,25.563358],[-103.361211,25.563148],[-103.361107,25.563202],[-103.361243,25.563413],[-103.361346,25.563358]]]}},{"type":"Feature","properties":{},"geometry":{"type":"Polygon","coordinates":[[[-103.36145,25.563304],[-103.361314,25.563093],[-103.361211,25.563148],[-103.361346,25.563358],[-103.36145,25.563304]]]}},{"type":"Feature","properties":{},"geometry":{"type":"Polygon","coordinates":[[[-103.361553,25.563249],[-103.361418,25.563038],[-103.361314,25.563093],[-103.36145,25.563304],[-103.361553,25.563249]]]}},{"type":"Feature","properties":{},"geometry":{"type":"Polygon","coordinates":[[[-103.361657,25.563194],[-103.361521,25.562983],[-103.361418,25.563038],[-103.361553,25.563249],[-103.361657,25.563194]]]}},{"type":"Feature","properties":{},"geometry":{"type":"Polygon","coordinates":[[[-103.36176,25.563139],[-103.361625,25.562929],[-103.361521,25.562983],[-103.361657,25.563194],[-103.36176,25.563139]]]}},{"type":"Feature","properties":{},"geometry":{"type":"Polygon","coordinates":[[[-103.361864,25.563085],[-103.361728,25.562874],[-103.361625,25.562929],[-103.36176,25.563139],[-103.361864,25.563085]]]}},{"type":"Feature","properties":{},"geometry":{"type":"Polygon","coordinates":[[[-103.361967,25.56303],[-103.361832,25.562819],[-103.361728,25.562874],[-103.361864,25.563085],[-103.361967,25.56303]]]}},{"type":"Feature","properties":{},"geometry":{"type":"Polygon","coordinates":[[[-103.362071,25.562975],[-103.361935,25.562765],[-103.361832,25.562819],[-103.361967,25.56303],[-103.362071,25.562975]]]}},{"type":"Feature","properties":{},"geometry":{"type":"Polygon","coordinates":[[[-103.362277,25.562866],[-103.362142,25.562655],[-103.362038,25.56271],[-103.362174,25.562921],[-103.362277,25.562866]]]}},{"type":"Feature","properties":{},"geometry":{"type":"Polygon","coordinates":[[[-103.362381,25.562811],[-103.362245,25.5626],[-103.362142,25.562655],[-103.362277,25.562866],[-103.362381,25.562811]]]}},{"type":"Feature","properties":{},"geometry":{"type":"Polygon","coordinates":[[[-103.362484,25.562756],[-103.362349,25.562546],[-103.362245,25.5626],[-103.362381,25.562811],[-103.362484,25.562756]]]}},{"type":"Feature","properties":{},"geometry":{"type":"Polygon","coordinates":[[[-103.362588,25.562702],[-103.362452,25.562491],[-103.362349,25.562546],[-103.362484,25.562756],[-103.362588,25.562702]]]}},{"type":"Feature","properties":{},"geometry":{"type":"Polygon","coordinates":[[[-103.362691,25.562647],[-103.362556,25.562436],[-103.362452,25.562491],[-103.362588,25.562702],[-103.362691,25.562647]]]}},{"type":"Feature","properties":{},"geometry":{"type":"Polygon","coordinates":[[[-103.362795,25.562592],[-103.362659,25.562382],[-103.362556,25.562436],[-103.362691,25.562647],[-103.362795,25.562592]]]}},{"type":"Feature","properties":{},"geometry":{"type":"Polygon","coordinates":[[[-103.362898,25.562537],[-103.362763,25.562327],[-103.362659,25.562382],[-103.362795,25.562592],[-103.362898,25.562537]]]}},{"type":"Feature","properties":{},"geometry":{"type":"Polygon","coordinates":[[[-103.363002,25.562483],[-103.362866,25.562272],[-103.362763,25.562327],[-103.362898,25.562537],[-103.363002,25.562483]]]}},{"type":"Feature","properties":{},"geometry":{"type":"Polygon","coordinates":[[[-103.363105,25.562428],[-103.36297,25.562217],[-103.362866,25.562272],[-103.363002,25.562483],[-103.363105,25.562428]]]}},{"type":"Feature","properties":{},"geometry":{"type":"Polygon","coordinates":[[[-103.363209,25.562373],[-103.363073,25.562163],[-103.36297,25.562217],[-103.363105,25.562428],[-103.363209,25.562373]]]}},{"type":"Feature","properties":{},"geometry":{"type":"Polygon","coordinates":[[[-103.363312,25.562318],[-103.363177,25.562108],[-103.363073,25.562163],[-103.363209,25.562373],[-103.363312,25.562318]]]}},{"type":"Feature","properties":{},"geometry":{"type":"Polygon","coordinates":[[[-103.363416,25.562264],[-103.36328,25.562053],[-103.363177,25.562108],[-103.363312,25.562318],[-103.363416,25.562264]]]}},{"type":"Feature","properties":{},"geometry":{"type":"Polygon","coordinates":[[[-103.363519,25.562209],[-103.363384,25.561998],[-103.36328,25.562053],[-103.363416,25.562264],[-103.363519,25.562209]]]}},{"type":"Feature","properties":{},"geometry":{"type":"Polygon","coordinates":[[[-103.363623,25.562154],[-103.363487,25.561944],[-103.363384,25.561998],[-103.363519,25.562209],[-103.363623,25.562154]]]}},{"type":"Feature","properties":{},"geometry":{"type":"Polygon","coordinates":[[[-103.363829,25.562045],[-103.363694,25.561834],[-103.36359,25.561889],[-103.363726,25.5621],[-103.363829,25.562045]]]}},{"type":"Feature","properties":{},"geometry":{"type":"Polygon","coordinates":[[[-103.363933,25.56199],[-103.363797,25.56178],[-103.363694,25.561834],[-103.363829,25.562045],[-103.363933,25.56199]]]}},{"type":"Feature","properties":{},"geometry":{"type":"Polygon","coordinates":[[[-103.364036,25.561935],[-103.363901,25.561725],[-103.363797,25.56178],[-103.363933,25.56199],[-103.364036,25.561935]]]}},{"type":"Feature","properties":{},"geometry":{"type":"Polygon","coordinates":[[[-103.36414,25.561881],[-103.364004,25.56167],[-103.363901,25.561725],[-103.364036,25.561935],[-103.36414,25.561881]]]}},{"type":"Feature","properties":{},"geometry":{"type":"Polygon","coordinates":[[[-103.364243,25.561826],[-103.364108,25.561615],[-103.364004,25.56167],[-103.36414,25.561881],[-103.364243,25.561826]]]}},{"type":"Feature","properties":{},"geometry":{"type":"Polygon","coordinates":[[[-103.364347,25.561771],[-103.364211,25.561561],[-103.364108,25.561615],[-103.364243,25.561826],[-103.364347,25.561771]]]}},{"type":"Feature","properties":{},"geometry":{"type":"Polygon","coordinates":[[[-103.36445,25.561716],[-103.364315,25.561506],[-103.364211,25.561561],[-103.364347,25.561771],[-103.36445,25.561716]]]}},{"type":"Feature","properties":{},"geometry":{"type":"Polygon","coordinates":[[[-103.364554,25.561662],[-103.364418,25.561451],[-103.364315,25.561506],[-103.36445,25.561716],[-103.364554,25.561662]]]}},{"type":"Feature","properties":{},"geometry":{"type":"Polygon","coordinates":[[[-103.364657,25.561607],[-103.364522,25.561396],[-103.364418,25.561451],[-103.364554,25.561662],[-103.364657,25.561607]]]}},{"type":"Feature","properties":{},"geometry":{"type":"Polygon","coordinates":[[[-103.364761,25.561552],[-103.364625,25.561342],[-103.364522,25.561396],[-103.364657,25.561607],[-103.364761,25.561552]]]}},{"type":"Feature","properties":{},"geometry":{"type":"Polygon","coordinates":[[[-103.364864,25.561497],[-103.364729,25.561287],[-103.364625,25.561342],[-103.364761,25.561552],[-103.364864,25.561497]]]}},{"type":"Feature","properties":{},"geometry":{"type":"Polygon","coordinates":[[[-103.364967,25.561443],[-103.364832,25.561232],[-103.364729,25.561287],[-103.364864,25.561497],[-103.364967,25.561443]]]}},{"type":"Feature","properties":{},"geometry":{"type":"Polygon","coordinates":[[[-103.365071,25.561388],[-103.364936,25.561177],[-103.364832,25.561232],[-103.364967,25.561443],[-103.365071,25.561388]]]}},{"type":"Feature","properties":{},"geometry":{"type":"Polygon","coordinates":[[[-103.365174,25.561333],[-103.365039,25.561123],[-103.364936,25.561177],[-103.365071,25.561388],[-103.365174,25.561333]]]}},{"type":"Feature","properties":{},"geometry":{"type":"Polygon","coordinates":[[[-103.365381,25.561224],[-103.365246,25.561013],[-103.365142,25.561068],[-103.365278,25.561279],[-103.365381,25.561224]]]}},{"type":"Feature","properties":{},"geometry":{"type":"Polygon","coordinates":[[[-103.365485,25.561169],[-103.365349,25.560959],[-103.365246,25.561013],[-103.365381,25.561224],[-103.365485,25.561169]]]}},{"type":"Feature","properties":{},"geometry":{"type":"Polygon","coordinates":[[[-103.365588,25.561114],[-103.365453,25.560904],[-103.365349,25.560959],[-103.365485,25.561169],[-103.365588,25.561114]]]}},{"type":"Feature","properties":{},"geometry":{"type":"Polygon","coordinates":[[[-103.365692,25.56106],[-103.365556,25.560849],[-103.365453,25.560904],[-103.365588,25.561114],[-103.365692,25.56106]]]}},{"type":"Feature","properties":{},"geometry":{"type":"Polygon","coordinates":[[[-103.365795,25.561005],[-103.36566,25.560794],[-103.365556,25.560849],[-103.365692,25.56106],[-103.365795,25.561005]]]}},{"type":"Feature","properties":{},"geometry":{"type":"Polygon","coordinates":[[[-103.365899,25.56095],[-103.365763,25.56074],[-103.36566,25.560794],[-103.365795,25.561005],[-103.365899,25.56095]]]}},{"type":"Feature","properties":{},"geometry":{"type":"Polygon","coordinates":[[[-103.366002,25.560895],[-103.365867,25.560685],[-103.365763,25.56074],[-103.365899,25.56095],[-103.366002,25.560895]]]}},{"type":"Feature","properties":{},"geometry":{"type":"Polygon","coordinates":[[[-103.366105,25.560841],[-103.36597,25.56063],[-103.365867,25.560685],[-103.366002,25.560895],[-103.366105,25.560841]]]}},{"type":"Feature","properties":{},"geometry":{"type":"Polygon","coordinates":[[[-103.366209,25.560786],[-103.366074,25.560575],[-103.36597,25.56063],[-103.366105,25.560841],[-103.366209,25.560786]]]}},{"type":"Feature","properties":{},"geometry":{"type":"Polygon","coordinates":[[[-103.366312,25.560731],[-103.366177,25.560521],[-103.366074,25.560575],[-103.366209,25.560786],[-103.366312,25.560731]]]}},{"type":"Feature","properties":{},"geometry":{"type":"Polygon","coordinates":[[[-103.366416,25.560676],[-103.366281,25.560466],[-103.366177,25.560521],[-103.366312,25.560731],[-103.366416,25.560676]]]}},{"type":"Feature","properties":{},"geometry":{"type":"Polygon","coordinates":[[[-103.366519,25.560622],[-103.366384,25.560411],[-103.366281,25.560466],[-103.366416,25.560676],[-103.366519,25.560622]]]}},{"type":"Feature","properties":{},"geometry":{"type":"Polygon","coordinates":[[[-103.366623,25.560567],[-103.366487,25.560356],[-103.366384,25.560411],[-103.366519,25.560622],[-103.366623,25.560567]]]}},{"type":"Feature","properties":{},"geometry":{"type":"Polygon","coordinates":[[[-103.366726,25.560512],[-103.366591,25.560302],[-103.366487,25.560356],[-103.366623,25.560567],[-103.366726,25.560512]]]}},{"type":"Feature","properties":{},"geometry":{"type":"Polygon","coordinates":[[[-103.366933,25.560403],[-103.366798,25.560192],[-103.366694,25.560247],[-103.36683,25.560458],[-103.366933,25.560403]]]}},{"type":"Feature","properties":{},"geometry":{"type":"Polygon","coordinates":[[[-103.367036,25.560348],[-103.366901,25.560138],[-103.366798,25.560192],[-103.366933,25.560403],[-103.367036,25.560348]]]}},{"type":"Feature","properties":{},"geometry":{"type":"Polygon","coordinates":[[[-103.36714,25.560293],[-103.367005,25.560083],[-103.366901,25.560138],[-103.367036,25.560348],[-103.36714,25.560293]]]}},{"type":"Feature","properties":{},"geometry":{"type":"Polygon","coordinates":[[[-103.367243,25.560239],[-103.367108,25.560028],[-103.367005,25.560083],[-103.36714,25.560293],[-103.367243,25.560239]]]}},{"type":"Feature","properties":{},"geometry":{"type":"Polygon","coordinates":[[[-103.367347,25.560184],[-103.367212,25.559973],[-103.367108,25.560028],[-103.367243,25.560239],[-103.367347,25.560184]]]}},{"type":"Feature","properties":{},"geometry":{"type":"Polygon","coordinates":[[[-103.36745,25.560129],[-103.367315,25.559919],[-103.367212,25.559973],[-103.367347,25.560184],[-103.36745,25.560129]]]}},{"type":"Feature","properties":{},"geometry":{"type":"Polygon","coordinates":[[[-103.367554,25.560074],[-103.367419,25.559864],[-103.367315,25.559919],[-103.36745,25.560129],[-103.367554,25.560074]]]}},{"type":"Feature","properties":{},"geometry":{"type":"Polygon","coordinates":[[[-103.367657,25.56002],[-103.367522,25.559809],[-103.367419,25.559864],[-103.367554,25.560074],[-103.367657,25.56002]]]}},{"type":"Feature","properties":{},"geometry":{"type":"Polygon","coordinates":[[[-103.367761,25.559965],[-103.367625,25.559754],[-103.367522,25.559809],[-103.367657,25.56002],[-103.367761,25.559965]]]}},{"type":"Feature","properties":{},"geometry":{"type":"Polygon","coordinates":[[[-103.367864,25.55991],[-103.367729,25.5597],[-103.367625,25.559754],[-103.367761,25.559965],[-103.367864,25.55991]]]}},{"type":"Feature","properties":{},"geometry":{"type":"Polygon","coordinates":[[[-103.367968,25.559855],[-103.367832,25.559645],[-103.367729,25.5597],[-103.367864,25.55991],[-103.367968,25.559855]]]}},{"type":"Feature","properties":{},"geometry":{"type":"Polygon","coordinates":[[[-103.368071,25.559801],[-103.367936,25.55959],[-103.367832,25.559645],[-103.367968,25.559855],[-103.368071,25.559801]]]}},{"type":"Feature","properties":{},"geometry":{"type":"Polygon","coordinates":[[[-103.368175,25.559746],[-103.368039,25.559535],[-103.367936,25.55959],[-103.368071,25.559801],[-103.368175,25.559746]]]}},{"type":"Feature","properties":{},"geometry":{"type":"Polygon","coordinates":[[[-103.368278,25.559691],[-103.368143,25.559481],[-103.368039,25.559535],[-103.368175,25.559746],[-103.368278,25.559691]]]}},{"type":"Feature","properties":{},"geometry":{"type":"Polygon","coordinates":[[[-103.368485,25.559582],[-103.368349,25.559371],[-103.368246,25.559426],[-103.368381,25.559637],[-103.368485,25.559582]]]}},{"type":"Feature","properties":{},"geometry":{"type":"Polygon","coordinates":[[[-103.368588,25.559527],[-103.368453,25.559317],[-103.368349,25.559371],[-103.368485,25.559582],[-103.368588,25.559527]]]}},{"type":"Feature","properties":{},"geometry":{"type":"Polygon","coordinates":[[[-103.368692,25.559472],[-103.368556,25.559262],[-103.368453,25.559317],[-103.368588,25.559527],[-103.368692,25.559472]]]}},{"type":"Feature","properties":{},"geometry":{"type":"Polygon","coordinates":[[[-103.368795,25.559418],[-103.36866,25.559207],[-103.368556,25.559262],[-103.368692,25.559472],[-103.368795,25.559418]]]}},{"type":"Feature","properties":{},"geometry":{"type":"Polygon","coordinates":[[[-103.358127,25.565468],[-103.357992,25.565258],[-103.357888,25.565313],[-103.358024,25.565523],[-103.358127,25.565468]]]}},{"type":"Feature","properties":{},"geometry":{"type":"Polygon","coordinates":[[[-103.358231,25.565414],[-103.358095,25.565203],[-103.357992,25.565258],[-103.358127,25.565468],[-103.358231,25.565414]]]}},{"type":"Feature","properties":{},"geometry":{"type":"Polygon","coordinates":[[[-103.358334,25.565359],[-103.358199,25.565148],[-103.358095,25.565203],[-103.358231,25.565414],[-103.358334,25.565359]]]}},{"type":"Feature","properties":{},"geometry":{"type":"Polygon","coordinates":[[[-103.358438,25.565304],[-103.358302,25.565094],[-103.358199,25.565148],[-103.358334,25.565359],[-103.358438,25.565304]]]}},{"type":"Feature","properties":{},"geometry":{"type":"Polygon","coordinates":[[[-103.358541,25.56525],[-103.358406,25.565039],[-103.358302,25.565094],[-103.358438,25.565304],[-103.358541,25.56525]]]}},{"type":"Feature","properties":{},"geometry":{"type":"Polygon","coordinates":[[[-103.358645,25.565195],[-103.358509,25.564984],[-103.358406,25.565039],[-103.358541,25.56525],[-103.358645,25.565195]]]}},{"type":"Feature","properties":{},"geometry":{"type":"Polygon","coordinates":[[[-103.358748,25.56514],[-103.358613,25.564929],[-103.358509,25.564984],[-103.358645,25.565195],[-103.358748,25.56514]]]}},{"type":"Feature","properties":{},"geometry":{"type":"Polygon","coordinates":[[[-103.358852,25.565085],[-103.358716,25.564875],[-103.358613,25.564929],[-103.358748,25.56514],[-103.358852,25.565085]]]}},{"type":"Feature","properties":{},"geometry":{"type":"Polygon","coordinates":[[[-103.358955,25.565031],[-103.35882,25.56482],[-103.358716,25.564875],[-103.358852,25.565085],[-103.358955,25.565031]]]}},{"type":"Feature","properties":{},"geometry":{"type":"Polygon","coordinates":[[[-103.359059,25.564976],[-103.358923,25.564765],[-103.35882,25.56482],[-103.358955,25.565031],[-103.359059,25.564976]]]}},{"type":"Feature","properties":{},"geometry":{"type":"Polygon","coordinates":[[[-103.359162,25.564921],[-103.359027,25.564711],[-103.358923,25.564765],[-103.359059,25.564976],[-103.359162,25.564921]]]}},{"type":"Feature","properties":{},"geometry":{"type":"Polygon","coordinates":[[[-103.359369,25.564812],[-103.359233,25.564601],[-103.35913,25.564656],[-103.359265,25.564867],[-103.359369,25.564812]]]}},{"type":"Feature","properties":{},"geometry":{"type":"Polygon","coordinates":[[[-103.359472,25.564757],[-103.359337,25.564546],[-103.359233,25.564601],[-103.359369,25.564812],[-103.359472,25.564757]]]}},{"type":"Feature","properties":{},"geometry":{"type":"Polygon","coordinates":[[[-103.359576,25.564702],[-103.35944,25.564492],[-103.359337,25.564546],[-103.359472,25.564757],[-103.359576,25.564702]]]}},{"type":"Feature","properties":{},"geometry":{"type":"Polygon","coordinates":[[[-103.359679,25.564648],[-103.359544,25.564437],[-103.35944,25.564492],[-103.359576,25.564702],[-103.359679,25.564648]]]}},{"type":"Feature","properties":{},"geometry":{"type":"Polygon","coordinates":[[[-103.359783,25.564593],[-103.359647,25.564382],[-103.359544,25.564437],[-103.359679,25.564648],[-103.359783,25.564593]]]}},{"type":"Feature","properties":{},"geometry":{"type":"Polygon","coordinates":[[[-103.359886,25.564538],[-103.359751,25.564328],[-103.359647,25.564382],[-103.359783,25.564593],[-103.359886,25.564538]]]}},{"type":"Feature","properties":{},"geometry":{"type":"Polygon","coordinates":[[[-103.35999,25.564483],[-103.359854,25.564273],[-103.359751,25.564328],[-103.359886,25.564538],[-103.35999,25.564483]]]}},{"type":"Feature","properties":{},"geometry":{"type":"Polygon","coordinates":[[[-103.360093,25.564429],[-103.359958,25.564218],[-103.359854,25.564273],[-103.35999,25.564483],[-103.360093,25.564429]]]}},{"type":"Feature","properties":{},"geometry":{"type":"Polygon","coordinates":[[[-103.360197,25.564374],[-103.360061,25.564163],[-103.359958,25.564218],[-103.360093,25.564429],[-103.360197,25.564374]]]}},{"type":"Feature","properties":{},"geometry":{"type":"Polygon","coordinates":[[[-103.3603,25.564319],[-103.360165,25.564109],[-103.360061,25.564163],[-103.360197,25.564374],[-103.3603,25.564319]]]}},{"type":"Feature","properties":{},"geometry":{"type":"Polygon","coordinates":[[[-103.361335,25.563772],[-103.361199,25.563561],[-103.361096,25.563616],[-103.361231,25.563827],[-103.361335,25.563772]]]}},{"type":"Feature","properties":{},"geometry":{"type":"Polygon","coordinates":[[[-103.361438,25.563717],[-103.361303,25.563507],[-103.361199,25.563561],[-103.361335,25.563772],[-103.361438,25.563717]]]}},{"type":"Feature","properties":{},"geometry":{"type":"Polygon","coordinates":[[[-103.361542,25.563662],[-103.361406,25.563452],[-103.361303,25.563507],[-103.361438,25.563717],[-103.361542,25.563662]]]}},{"type":"Feature","properties":{},"geometry":{"type":"Polygon","coordinates":[[[-103.361645,25.563608],[-103.36151,25.563397],[-103.361406,25.563452],[-103.361542,25.563662],[-103.361645,25.563608]]]}},{"type":"Feature","properties":{},"geometry":{"type":"Polygon","coordinates":[[[-103.361749,25.563553],[-103.361613,25.563342],[-103.36151,25.563397],[-103.361645,25.563608],[-103.361749,25.563553]]]}},{"type":"Feature","properties":{},"geometry":{"type":"Polygon","coordinates":[[[-103.361852,25.563498],[-103.361717,25.563288],[-103.361613,25.563342],[-103.361749,25.563553],[-103.361852,25.563498]]]}},{"type":"Feature","properties":{},"geometry":{"type":"Polygon","coordinates":[[[-103.361956,25.563443],[-103.36182,25.563233],[-103.361717,25.563288],[-103.361852,25.563498],[-103.361956,25.563443]]]}},{"type":"Feature","properties":{},"geometry":{"type":"Polygon","coordinates":[[[-103.362059,25.563389],[-103.361924,25.563178],[-103.36182,25.563233],[-103.361956,25.563443],[-103.362059,25.563389]]]}},{"type":"Feature","properties":{},"geometry":{"type":"Polygon","coordinates":[[[-103.362163,25.563334],[-103.362027,25.563123],[-103.361924,25.563178],[-103.362059,25.563389],[-103.362163,25.563334]]]}},{"type":"Feature","properties":{},"geometry":{"type":"Polygon","coordinates":[[[-103.362266,25.563279],[-103.362131,25.563069],[-103.362027,25.563123],[-103.362163,25.563334],[-103.362266,25.563279]]]}},{"type":"Feature","properties":{},"geometry":{"type":"Polygon","coordinates":[[[-103.362473,25.56317],[-103.362337,25.562959],[-103.362234,25.563014],[-103.362369,25.563225],[-103.362473,25.56317]]]}},{"type":"Feature","properties":{},"geometry":{"type":"Polygon","coordinates":[[[-103.362576,25.563115],[-103.362441,25.562905],[-103.362337,25.562959],[-103.362473,25.56317],[-103.362576,25.563115]]]}},{"type":"Feature","properties":{},"geometry":{"type":"Polygon","coordinates":[[[-103.36268,25.56306],[-103.362544,25.56285],[-103.362441,25.562905],[-103.362576,25.563115],[-103.36268,25.56306]]]}},{"type":"Feature","properties":{},"geometry":{"type":"Polygon","coordinates":[[[-103.362783,25.563006],[-103.362648,25.562795],[-103.362544,25.56285],[-103.36268,25.56306],[-103.362783,25.563006]]]}},{"type":"Feature","properties":{},"geometry":{"type":"Polygon","coordinates":[[[-103.362887,25.562951],[-103.362751,25.56274],[-103.362648,25.562795],[-103.362783,25.563006],[-103.362887,25.562951]]]}},{"type":"Feature","properties":{},"geometry":{"type":"Polygon","coordinates":[[[-103.36299,25.562896],[-103.362855,25.562686],[-103.362751,25.56274],[-103.362887,25.562951],[-103.36299,25.562896]]]}},{"type":"Feature","properties":{},"geometry":{"type":"Polygon","coordinates":[[[-103.363094,25.562841],[-103.362958,25.562631],[-103.362855,25.562686],[-103.36299,25.562896],[-103.363094,25.562841]]]}},{"type":"Feature","properties":{},"geometry":{"type":"Polygon","coordinates":[[[-103.363197,25.562787],[-103.363062,25.562576],[-103.362958,25.562631],[-103.363094,25.562841],[-103.363197,25.562787]]]}},{"type":"Feature","properties":{},"geometry":{"type":"Polygon","coordinates":[[[-103.363301,25.562732],[-103.363165,25.562521],[-103.363062,25.562576],[-103.363197,25.562787],[-103.363301,25.562732]]]}},{"type":"Feature","properties":{},"geometry":{"type":"Polygon","coordinates":[[[-103.363404,25.562677],[-103.363269,25.562467],[-103.363165,25.562521],[-103.363301,25.562732],[-103.363404,25.562677]]]}},{"type":"Feature","properties":{},"geometry":{"type":"Polygon","coordinates":[[[-103.363508,25.562622],[-103.363372,25.562412],[-103.363269,25.562467],[-103.363404,25.562677],[-103.363508,25.562622]]]}},{"type":"Feature","properties":{},"geometry":{"type":"Polygon","coordinates":[[[-103.363611,25.562568],[-103.363476,25.562357],[-103.363372,25.562412],[-103.363508,25.562622],[-103.363611,25.562568]]]}},{"type":"Feature","properties":{},"geometry":{"type":"Polygon","coordinates":[[[-103.363715,25.562513],[-103.363579,25.562302],[-103.363476,25.562357],[-103.363611,25.562568],[-103.363715,25.562513]]]}},{"type":"Feature","properties":{},"geometry":{"type":"Polygon","coordinates":[[[-103.363818,25.562458],[-103.363683,25.562248],[-103.363579,25.562302],[-103.363715,25.562513],[-103.363818,25.562458]]]}},{"type":"Feature","properties":{},"geometry":{"type":"Polygon","coordinates":[[[-103.364025,25.562349],[-103.363889,25.562138],[-103.363786,25.562193],[-103.363921,25.562404],[-103.364025,25.562349]]]}},{"type":"Feature","properties":{},"geometry":{"type":"Polygon","coordinates":[[[-103.364128,25.562294],[-103.363993,25.562084],[-103.363889,25.562138],[-103.364025,25.562349],[-103.364128,25.562294]]]}},{"type":"Feature","properties":{},"geometry":{"type":"Polygon","coordinates":[[[-103.364232,25.562239],[-103.364096,25.562029],[-103.363993,25.562084],[-103.364128,25.562294],[-103.364232,25.562239]]]}},{"type":"Feature","properties":{},"geometry":{"type":"Polygon","coordinates":[[[-103.364335,25.562185],[-103.3642,25.561974],[-103.364096,25.562029],[-103.364232,25.562239],[-103.364335,25.562185]]]}},{"type":"Feature","properties":{},"geometry":{"type":"Polygon","coordinates":[[[-103.364439,25.56213],[-103.364303,25.561919],[-103.3642,25.561974],[-103.364335,25.562185],[-103.364439,25.56213]]]}},{"type":"Feature","properties":{},"geometry":{"type":"Polygon","coordinates":[[[-103.364542,25.562075],[-103.364407,25.561865],[-103.364303,25.561919],[-103.364439,25.56213],[-103.364542,25.562075]]]}},{"type":"Feature","properties":{},"geometry":{"type":"Polygon","coordinates":[[[-103.364646,25.56202],[-103.36451,25.56181],[-103.364407,25.561865],[-103.364542,25.562075],[-103.364646,25.56202]]]}},{"type":"Feature","properties":{},"geometry":{"type":"Polygon","coordinates":[[[-103.364749,25.561966],[-103.364614,25.561755],[-103.36451,25.56181],[-103.364646,25.56202],[-103.364749,25.561966]]]}},{"type":"Feature","properties":{},"geometry":{"type":"Polygon","coordinates":[[[-103.364853,25.561911],[-103.364717,25.5617],[-103.364614,25.561755],[-103.364749,25.561966],[-103.364853,25.561911]]]}},{"type":"Feature","properties":{},"geometry":{"type":"Polygon","coordinates":[[[-103.364956,25.561856],[-103.364821,25.561646],[-103.364717,25.5617],[-103.364853,25.561911],[-103.364956,25.561856]]]}},{"type":"Feature","properties":{},"geometry":{"type":"Polygon","coordinates":[[[-103.36506,25.561801],[-103.364924,25.561591],[-103.364821,25.561646],[-103.364956,25.561856],[-103.36506,25.561801]]]}},{"type":"Feature","properties":{},"geometry":{"type":"Polygon","coordinates":[[[-103.365163,25.561747],[-103.365028,25.561536],[-103.364924,25.561591],[-103.36506,25.561801],[-103.365163,25.561747]]]}},{"type":"Feature","properties":{},"geometry":{"type":"Polygon","coordinates":[[[-103.365267,25.561692],[-103.365131,25.561481],[-103.365028,25.561536],[-103.365163,25.561747],[-103.365267,25.561692]]]}},{"type":"Feature","properties":{},"geometry":{"type":"Polygon","coordinates":[[[-103.36537,25.561637],[-103.365235,25.561427],[-103.365131,25.561481],[-103.365267,25.561692],[-103.36537,25.561637]]]}},{"type":"Feature","properties":{},"geometry":{"type":"Polygon","coordinates":[[[-103.365577,25.561528],[-103.365441,25.561317],[-103.365338,25.561372],[-103.365473,25.561583],[-103.365577,25.561528]]]}},{"type":"Feature","properties":{},"geometry":{"type":"Polygon","coordinates":[[[-103.36568,25.561473],[-103.365545,25.561263],[-103.365441,25.561317],[-103.365577,25.561528],[-103.36568,25.561473]]]}},{"type":"Feature","properties":{},"geometry":{"type":"Polygon","coordinates":[[[-103.365784,25.561418],[-103.365648,25.561208],[-103.365545,25.561263],[-103.36568,25.561473],[-103.365784,25.561418]]]}},{"type":"Feature","properties":{},"geometry":{"type":"Polygon","coordinates":[[[-103.365887,25.561364],[-103.365752,25.561153],[-103.365648,25.561208],[-103.365784,25.561418],[-103.365887,25.561364]]]}},{"type":"Feature","properties":{},"geometry":{"type":"Polygon","coordinates":[[[-103.365991,25.561309],[-103.365855,25.561098],[-103.365752,25.561153],[-103.365887,25.561364],[-103.365991,25.561309]]]}},{"type":"Feature","properties":{},"geometry":{"type":"Polygon","coordinates":[[[-103.366094,25.561254],[-103.365959,25.561044],[-103.365855,25.561098],[-103.365991,25.561309],[-103.366094,25.561254]]]}},{"type":"Feature","properties":{},"geometry":{"type":"Polygon","coordinates":[[[-103.366198,25.561199],[-103.366062,25.560989],[-103.365959,25.561044],[-103.366094,25.561254],[-103.366198,25.561199]]]}},{"type":"Feature","properties":{},"geometry":{"type":"Polygon","coordinates":[[[-103.366301,25.561145],[-103.366166,25.560934],[-103.366062,25.560989],[-103.366198,25.561199],[-103.366301,25.561145]]]}},{"type":"Feature","properties":{},"geometry":{"type":"Polygon","coordinates":[[[-103.366404,25.56109],[-103.366269,25.560879],[-103.366166,25.560934],[-103.366301,25.561145],[-103.366404,25.56109]]]}},{"type":"Feature","properties":{},"geometry":{"type":"Polygon","coordinates":[[[-103.366508,25.561035],[-103.366373,25.560825],[-103.366269,25.560879],[-103.366404,25.56109],[-103.366508,25.561035]]]}},{"type":"Feature","properties":{},"geometry":{"type":"Polygon","coordinates":[[[-103.366611,25.560981],[-103.366476,25.56077],[-103.366373,25.560825],[-103.366508,25.561035],[-103.366611,25.560981]]]}},{"type":"Feature","properties":{},"geometry":{"type":"Polygon","coordinates":[[[-103.366715,25.560926],[-103.36658,25.560715],[-103.366476,25.56077],[-103.366611,25.560981],[-103.366715,25.560926]]]}},{"type":"Feature","properties":{},"geometry":{"type":"Polygon","coordinates":[[[-103.366818,25.560871],[-103.366683,25.56066],[-103.36658,25.560715],[-103.366715,25.560926],[-103.366818,25.560871]]]}},{"type":"Feature","properties":{},"geometry":{"type":"Polygon","coordinates":[[[-103.366922,25.560816],[-103.366787,25.560606],[-103.366683,25.56066],[-103.366818,25.560871],[-103.366922,25.560816]]]}},{"type":"Feature","properties":{},"geometry":{"type":"Polygon","coordinates":[[[-103.367129,25.560707],[-103.366993,25.560496],[-103.36689,25.560551],[-103.367025,25.560762],[-103.367129,25.560707]]]}},{"type":"Feature","properties":{},"geometry":{"type":"Polygon","coordinates":[[[-103.367232,25.560652],[-103.367097,25.560442],[-103.366993,25.560496],[-103.367129,25.560707],[-103.367232,25.560652]]]}},{"type":"Feature","properties":{},"geometry":{"type":"Polygon","coordinates":[[[-103.367336,25.560597],[-103.3672,25.560387],[-103.367097,25.560442],[-103.367232,25.560652],[-103.367336,25.560597]]]}},{"type":"Feature","properties":{},"geometry":{"type":"Polygon","coordinates":[[[-103.367439,25.560543],[-103.367304,25.560332],[-103.3672,25.560387],[-103.367336,25.560597],[-103.367439,25.560543]]]}},{"type":"Feature","properties":{},"geometry":{"type":"Polygon","coordinates":[[[-103.367542,25.560488],[-103.367407,25.560277],[-103.367304,25.560332],[-103.367439,25.560543],[-103.367542,25.560488]]]}},{"type":"Feature","properties":{},"geometry":{"type":"Polygon","coordinates":[[[-103.367646,25.560433],[-103.367511,25.560223],[-103.367407,25.560277],[-103.367542,25.560488],[-103.367646,25.560433]]]}},{"type":"Feature","properties":{},"geometry":{"type":"Polygon","coordinates":[[[-103.367749,25.560378],[-103.367614,25.560168],[-103.367511,25.560223],[-103.367646,25.560433],[-103.367749,25.560378]]]}},{"type":"Feature","properties":{},"geometry":{"type":"Polygon","coordinates":[[[-103.367853,25.560324],[-103.367718,25.560113],[-103.367614,25.560168],[-103.367749,25.560378],[-103.367853,25.560324]]]}},{"type":"Feature","properties":{},"geometry":{"type":"Polygon","coordinates":[[[-103.367956,25.560269],[-103.367821,25.560058],[-103.367718,25.560113],[-103.367853,25.560324],[-103.367956,25.560269]]]}},{"type":"Feature","properties":{},"geometry":{"type":"Polygon","coordinates":[[[-103.36806,25.560214],[-103.367924,25.560004],[-103.367821,25.560058],[-103.367956,25.560269],[-103.36806,25.560214]]]}},{"type":"Feature","properties":{},"geometry":{"type":"Polygon","coordinates":[[[-103.368163,25.560159],[-103.368028,25.559949],[-103.367924,25.560004],[-103.36806,25.560214],[-103.368163,25.560159]]]}},{"type":"Feature","properties":{},"geometry":{"type":"Polygon","coordinates":[[[-103.368267,25.560105],[-103.368131,25.559894],[-103.368028,25.559949],[-103.368163,25.560159],[-103.368267,25.560105]]]}},{"type":"Feature","properties":{},"geometry":{"type":"Polygon","coordinates":[[[-103.36837,25.56005],[-103.368235,25.559839],[-103.368131,25.559894],[-103.368267,25.560105],[-103.36837,25.56005]]]}},{"type":"Feature","properties":{},"geometry":{"type":"Polygon","coordinates":[[[-103.368474,25.559995],[-103.368338,25.559785],[-103.368235,25.559839],[-103.36837,25.56005],[-103.368474,25.559995]]]}},{"type":"Feature","properties":{},"geometry":{"type":"Polygon","coordinates":[[[-103.36868,25.559886],[-103.368545,25.559675],[-103.368442,25.55973],[-103.368577,25.559941],[-103.36868,25.559886]]]}},{"type":"Feature","properties":{},"geometry":{"type":"Polygon","coordinates":[[[-103.368784,25.559831],[-103.368649,25.559621],[-103.368545,25.559675],[-103.36868,25.559886],[-103.368784,25.559831]]]}},{"type":"Feature","properties":{},"geometry":{"type":"Polygon","coordinates":[[[-103.368887,25.559776],[-103.368752,25.559566],[-103.368649,25.559621],[-103.368784,25.559831],[-103.368887,25.559776]]]}},{"type":"Feature","properties":{},"geometry":{"type":"Polygon","coordinates":[[[-103.358159,25.565734],[-103.358024,25.565523],[-103.35792,25.565578],[-103.358056,25.565789],[-103.358159,25.565734]]]}},{"type":"Feature","properties":{},"geometry":{"type":"Polygon","coordinates":[[[-103.358263,25.565679],[-103.358127,25.565468],[-103.358024,25.565523],[-103.358159,25.565734],[-103.358263,25.565679]]]}},{"type":"Feature","properties":{},"geometry":{"type":"Polygon","coordinates":[[[-103.358366,25.565624],[-103.358231,25.565414],[-103.358127,25.565468],[-103.358263,25.565679],[-103.358366,25.565624]]]}},{"type":"Feature","properties":{},"geometry":{"type":"Polygon","coordinates":[[[-103.35847,25.56557],[-103.358334,25.565359],[-103.358231,25.565414],[-103.358366,25.565624],[-103.35847,25.56557]]]}},{"type":"Feature","properties":{},"geometry":{"type":"Polygon","coordinates":[[[-103.358573,25.565515],[-103.358438,25.565304],[-103.358334,25.565359],[-103.35847,25.56557],[-103.358573,25.565515]]]}},{"type":"Feature","properties":{},"geometry":{"type":"Polygon","coordinates":[[[-103.358677,25.56546],[-103.358541,25.56525],[-103.358438,25.565304],[-103.358573,25.565515],[-103.358677,25.56546]]]}},{"type":"Feature","properties":{},"geometry":{"type":"Polygon","coordinates":[[[-103.35878,25.565405],[-103.358645,25.565195],[-103.358541,25.56525],[-103.358677,25.56546],[-103.35878,25.565405]]]}},{"type":"Feature","properties":{},"geometry":{"type":"Polygon","coordinates":[[[-103.358884,25.565351],[-103.358748,25.56514],[-103.358645,25.565195],[-103.35878,25.565405],[-103.358884,25.565351]]]}},{"type":"Feature","properties":{},"geometry":{"type":"Polygon","coordinates":[[[-103.358987,25.565296],[-103.358852,25.565085],[-103.358748,25.56514],[-103.358884,25.565351],[-103.358987,25.565296]]]}},{"type":"Feature","properties":{},"geometry":{"type":"Polygon","coordinates":[[[-103.359091,25.565241],[-103.358955,25.565031],[-103.358852,25.565085],[-103.358987,25.565296],[-103.359091,25.565241]]]}},{"type":"Feature","properties":{},"geometry":{"type":"Polygon","coordinates":[[[-103.359194,25.565186],[-103.359059,25.564976],[-103.358955,25.565031],[-103.359091,25.565241],[-103.359194,25.565186]]]}},{"type":"Feature","properties":{},"geometry":{"type":"Polygon","coordinates":[[[-103.359298,25.565132],[-103.359162,25.564921],[-103.359059,25.564976],[-103.359194,25.565186],[-103.359298,25.565132]]]}},{"type":"Feature","properties":{},"geometry":{"type":"Polygon","coordinates":[[[-103.359504,25.565022],[-103.359369,25.564812],[-103.359265,25.564867],[-103.359401,25.565077],[-103.359504,25.565022]]]}},{"type":"Feature","properties":{},"geometry":{"type":"Polygon","coordinates":[[[-103.359608,25.564968],[-103.359472,25.564757],[-103.359369,25.564812],[-103.359504,25.565022],[-103.359608,25.564968]]]}},{"type":"Feature","properties":{},"geometry":{"type":"Polygon","coordinates":[[[-103.359711,25.564913],[-103.359576,25.564702],[-103.359472,25.564757],[-103.359608,25.564968],[-103.359711,25.564913]]]}},{"type":"Feature","properties":{},"geometry":{"type":"Polygon","coordinates":[[[-103.359815,25.564858],[-103.359679,25.564648],[-103.359576,25.564702],[-103.359711,25.564913],[-103.359815,25.564858]]]}},{"type":"Feature","properties":{},"geometry":{"type":"Polygon","coordinates":[[[-103.359918,25.564803],[-103.359783,25.564593],[-103.359679,25.564648],[-103.359815,25.564858],[-103.359918,25.564803]]]}},{"type":"Feature","properties":{},"geometry":{"type":"Polygon","coordinates":[[[-103.360022,25.564749],[-103.359886,25.564538],[-103.359783,25.564593],[-103.359918,25.564803],[-103.360022,25.564749]]]}},{"type":"Feature","properties":{},"geometry":{"type":"Polygon","coordinates":[[[-103.360125,25.564694],[-103.35999,25.564483],[-103.359886,25.564538],[-103.360022,25.564749],[-103.360125,25.564694]]]}},{"type":"Feature","properties":{},"geometry":{"type":"Polygon","coordinates":[[[-103.360229,25.564639],[-103.360093,25.564429],[-103.35999,25.564483],[-103.360125,25.564694],[-103.360229,25.564639]]]}},{"type":"Feature","properties":{},"geometry":{"type":"Polygon","coordinates":[[[-103.360332,25.564584],[-103.360197,25.564374],[-103.360093,25.564429],[-103.360229,25.564639],[-103.360332,25.564584]]]}},{"type":"Feature","properties":{},"geometry":{"type":"Polygon","coordinates":[[[-103.360436,25.56453],[-103.3603,25.564319],[-103.360197,25.564374],[-103.360332,25.564584],[-103.360436,25.56453]]]}},{"type":"Feature","properties":{},"geometry":{"type":"Polygon","coordinates":[[[-103.360539,25.564475],[-103.360404,25.564264],[-103.3603,25.564319],[-103.360436,25.56453],[-103.360539,25.564475]]]}},{"type":"Feature","properties":{},"geometry":{"type":"Polygon","coordinates":[[[-103.360643,25.56442],[-103.360507,25.56421],[-103.360404,25.564264],[-103.360539,25.564475],[-103.360643,25.56442]]]}},{"type":"Feature","properties":{},"geometry":{"type":"Polygon","coordinates":[[[-103.360746,25.564365],[-103.360611,25.564155],[-103.360507,25.56421],[-103.360643,25.56442],[-103.360746,25.564365]]]}},{"type":"Feature","properties":{},"geometry":{"type":"Polygon","coordinates":[[[-103.36085,25.564311],[-103.360714,25.5641],[-103.360611,25.564155],[-103.360746,25.564365],[-103.36085,25.564311]]]}},{"type":"Feature","properties":{},"geometry":{"type":"Polygon","coordinates":[[[-103.361056,25.564201],[-103.360921,25.563991],[-103.360817,25.564046],[-103.360953,25.564256],[-103.361056,25.564201]]]}},{"type":"Feature","properties":{},"geometry":{"type":"Polygon","coordinates":[[[-103.36116,25.564147],[-103.361024,25.563936],[-103.360921,25.563991],[-103.361056,25.564201],[-103.36116,25.564147]]]}},{"type":"Feature","properties":{},"geometry":{"type":"Polygon","coordinates":[[[-103.361263,25.564092],[-103.361128,25.563881],[-103.361024,25.563936],[-103.36116,25.564147],[-103.361263,25.564092]]]}},{"type":"Feature","properties":{},"geometry":{"type":"Polygon","coordinates":[[[-103.361367,25.564037],[-103.361231,25.563827],[-103.361128,25.563881],[-103.361263,25.564092],[-103.361367,25.564037]]]}},{"type":"Feature","properties":{},"geometry":{"type":"Polygon","coordinates":[[[-103.36147,25.563982],[-103.361335,25.563772],[-103.361231,25.563827],[-103.361367,25.564037],[-103.36147,25.563982]]]}},{"type":"Feature","properties":{},"geometry":{"type":"Polygon","coordinates":[[[-103.361574,25.563928],[-103.361438,25.563717],[-103.361335,25.563772],[-103.36147,25.563982],[-103.361574,25.563928]]]}},{"type":"Feature","properties":{},"geometry":{"type":"Polygon","coordinates":[[[-103.361677,25.563873],[-103.361542,25.563662],[-103.361438,25.563717],[-103.361574,25.563928],[-103.361677,25.563873]]]}},{"type":"Feature","properties":{},"geometry":{"type":"Polygon","coordinates":[[[-103.361781,25.563818],[-103.361645,25.563608],[-103.361542,25.563662],[-103.361677,25.563873],[-103.361781,25.563818]]]}},{"type":"Feature","properties":{},"geometry":{"type":"Polygon","coordinates":[[[-103.361884,25.563763],[-103.361749,25.563553],[-103.361645,25.563608],[-103.361781,25.563818],[-103.361884,25.563763]]]}},{"type":"Feature","properties":{},"geometry":{"type":"Polygon","coordinates":[[[-103.361988,25.563709],[-103.361852,25.563498],[-103.361749,25.563553],[-103.361884,25.563763],[-103.361988,25.563709]]]}},{"type":"Feature","properties":{},"geometry":{"type":"Polygon","coordinates":[[[-103.362091,25.563654],[-103.361956,25.563443],[-103.361852,25.563498],[-103.361988,25.563709],[-103.362091,25.563654]]]}},{"type":"Feature","properties":{},"geometry":{"type":"Polygon","coordinates":[[[-103.362195,25.563599],[-103.362059,25.563389],[-103.361956,25.563443],[-103.362091,25.563654],[-103.362195,25.563599]]]}},{"type":"Feature","properties":{},"geometry":{"type":"Polygon","coordinates":[[[-103.362298,25.563545],[-103.362163,25.563334],[-103.362059,25.563389],[-103.362195,25.563599],[-103.362298,25.563545]]]}},{"type":"Feature","properties":{},"geometry":{"type":"Polygon","coordinates":[[[-103.362401,25.56349],[-103.362266,25.563279],[-103.362163,25.563334],[-103.362298,25.563545],[-103.362401,25.56349]]]}},{"type":"Feature","properties":{},"geometry":{"type":"Polygon","coordinates":[[[-103.362608,25.56338],[-103.362473,25.56317],[-103.362369,25.563225],[-103.362505,25.563435],[-103.362608,25.56338]]]}},{"type":"Feature","properties":{},"geometry":{"type":"Polygon","coordinates":[[[-103.362712,25.563326],[-103.362576,25.563115],[-103.362473,25.56317],[-103.362608,25.56338],[-103.362712,25.563326]]]}},{"type":"Feature","properties":{},"geometry":{"type":"Polygon","coordinates":[[[-103.362815,25.563271],[-103.36268,25.56306],[-103.362576,25.563115],[-103.362712,25.563326],[-103.362815,25.563271]]]}},{"type":"Feature","properties":{},"geometry":{"type":"Polygon","coordinates":[[[-103.362919,25.563216],[-103.362783,25.563006],[-103.36268,25.56306],[-103.362815,25.563271],[-103.362919,25.563216]]]}},{"type":"Feature","properties":{},"geometry":{"type":"Polygon","coordinates":[[[-103.363022,25.563161],[-103.362887,25.562951],[-103.362783,25.563006],[-103.362919,25.563216],[-103.363022,25.563161]]]}},{"type":"Feature","properties":{},"geometry":{"type":"Polygon","coordinates":[[[-103.363126,25.563107],[-103.36299,25.562896],[-103.362887,25.562951],[-103.363022,25.563161],[-103.363126,25.563107]]]}},{"type":"Feature","properties":{},"geometry":{"type":"Polygon","coordinates":[[[-103.363229,25.563052],[-103.363094,25.562841],[-103.36299,25.562896],[-103.363126,25.563107],[-103.363229,25.563052]]]}},{"type":"Feature","properties":{},"geometry":{"type":"Polygon","coordinates":[[[-103.363333,25.562997],[-103.363197,25.562787],[-103.363094,25.562841],[-103.363229,25.563052],[-103.363333,25.562997]]]}},{"type":"Feature","properties":{},"geometry":{"type":"Polygon","coordinates":[[[-103.363436,25.562943],[-103.363301,25.562732],[-103.363197,25.562787],[-103.363333,25.562997],[-103.363436,25.562943]]]}},{"type":"Feature","properties":{},"geometry":{"type":"Polygon","coordinates":[[[-103.363539,25.562888],[-103.363404,25.562677],[-103.363301,25.562732],[-103.363436,25.562943],[-103.363539,25.562888]]]}},{"type":"Feature","properties":{},"geometry":{"type":"Polygon","coordinates":[[[-103.363643,25.562833],[-103.363508,25.562622],[-103.363404,25.562677],[-103.363539,25.562888],[-103.363643,25.562833]]]}},{"type":"Feature","properties":{},"geometry":{"type":"Polygon","coordinates":[[[-103.363746,25.562778],[-103.363611,25.562568],[-103.363508,25.562622],[-103.363643,25.562833],[-103.363746,25.562778]]]}},{"type":"Feature","properties":{},"geometry":{"type":"Polygon","coordinates":[[[-103.36385,25.562724],[-103.363715,25.562513],[-103.363611,25.562568],[-103.363746,25.562778],[-103.36385,25.562724]]]}},{"type":"Feature","properties":{},"geometry":{"type":"Polygon","coordinates":[[[-103.363953,25.562669],[-103.363818,25.562458],[-103.363715,25.562513],[-103.36385,25.562724],[-103.363953,25.562669]]]}},{"type":"Feature","properties":{},"geometry":{"type":"Polygon","coordinates":[[[-103.36416,25.562559],[-103.364025,25.562349],[-103.363921,25.562404],[-103.364057,25.562614],[-103.36416,25.562559]]]}},{"type":"Feature","properties":{},"geometry":{"type":"Polygon","coordinates":[[[-103.364264,25.562505],[-103.364128,25.562294],[-103.364025,25.562349],[-103.36416,25.562559],[-103.364264,25.562505]]]}},{"type":"Feature","properties":{},"geometry":{"type":"Polygon","coordinates":[[[-103.364367,25.56245],[-103.364232,25.562239],[-103.364128,25.562294],[-103.364264,25.562505],[-103.364367,25.56245]]]}},{"type":"Feature","properties":{},"geometry":{"type":"Polygon","coordinates":[[[-103.364471,25.562395],[-103.364335,25.562185],[-103.364232,25.562239],[-103.364367,25.56245],[-103.364471,25.562395]]]}},{"type":"Feature","properties":{},"geometry":{"type":"Polygon","coordinates":[[[-103.364574,25.562341],[-103.364439,25.56213],[-103.364335,25.562185],[-103.364471,25.562395],[-103.364574,25.562341]]]}},{"type":"Feature","properties":{},"geometry":{"type":"Polygon","coordinates":[[[-103.364678,25.562286],[-103.364542,25.562075],[-103.364439,25.56213],[-103.364574,25.562341],[-103.364678,25.562286]]]}},{"type":"Feature","properties":{},"geometry":{"type":"Polygon","coordinates":[[[-103.364781,25.562231],[-103.364646,25.56202],[-103.364542,25.562075],[-103.364678,25.562286],[-103.364781,25.562231]]]}},{"type":"Feature","properties":{},"geometry":{"type":"Polygon","coordinates":[[[-103.364884,25.562176],[-103.364749,25.561966],[-103.364646,25.56202],[-103.364781,25.562231],[-103.364884,25.562176]]]}},{"type":"Feature","properties":{},"geometry":{"type":"Polygon","coordinates":[[[-103.364988,25.562122],[-103.364853,25.561911],[-103.364749,25.561966],[-103.364884,25.562176],[-103.364988,25.562122]]]}},{"type":"Feature","properties":{},"geometry":{"type":"Polygon","coordinates":[[[-103.365091,25.562067],[-103.364956,25.561856],[-103.364853,25.561911],[-103.364988,25.562122],[-103.365091,25.562067]]]}},{"type":"Feature","properties":{},"geometry":{"type":"Polygon","coordinates":[[[-103.365195,25.562012],[-103.36506,25.561801],[-103.364956,25.561856],[-103.365091,25.562067],[-103.365195,25.562012]]]}},{"type":"Feature","properties":{},"geometry":{"type":"Polygon","coordinates":[[[-103.365298,25.561957],[-103.365163,25.561747],[-103.36506,25.561801],[-103.365195,25.562012],[-103.365298,25.561957]]]}},{"type":"Feature","properties":{},"geometry":{"type":"Polygon","coordinates":[[[-103.365402,25.561903],[-103.365267,25.561692],[-103.365163,25.561747],[-103.365298,25.561957],[-103.365402,25.561903]]]}},{"type":"Feature","properties":{},"geometry":{"type":"Polygon","coordinates":[[[-103.365505,25.561848],[-103.36537,25.561637],[-103.365267,25.561692],[-103.365402,25.561903],[-103.365505,25.561848]]]}},{"type":"Feature","properties":{},"geometry":{"type":"Polygon","coordinates":[[[-103.365712,25.561738],[-103.365577,25.561528],[-103.365473,25.561583],[-103.365609,25.561793],[-103.365712,25.561738]]]}},{"type":"Feature","properties":{},"geometry":{"type":"Polygon","coordinates":[[[-103.365815,25.561684],[-103.36568,25.561473],[-103.365577,25.561528],[-103.365712,25.561738],[-103.365815,25.561684]]]}},{"type":"Feature","properties":{},"geometry":{"type":"Polygon","coordinates":[[[-103.365919,25.561629],[-103.365784,25.561418],[-103.36568,25.561473],[-103.365815,25.561684],[-103.365919,25.561629]]]}},{"type":"Feature","properties":{},"geometry":{"type":"Polygon","coordinates":[[[-103.366022,25.561574],[-103.365887,25.561364],[-103.365784,25.561418],[-103.365919,25.561629],[-103.366022,25.561574]]]}},{"type":"Feature","properties":{},"geometry":{"type":"Polygon","coordinates":[[[-103.366126,25.56152],[-103.365991,25.561309],[-103.365887,25.561364],[-103.366022,25.561574],[-103.366126,25.56152]]]}},{"type":"Feature","properties":{},"geometry":{"type":"Polygon","coordinates":[[[-103.366229,25.561465],[-103.366094,25.561254],[-103.365991,25.561309],[-103.366126,25.56152],[-103.366229,25.561465]]]}},{"type":"Feature","properties":{},"geometry":{"type":"Polygon","coordinates":[[[-103.366333,25.56141],[-103.366198,25.561199],[-103.366094,25.561254],[-103.366229,25.561465],[-103.366333,25.56141]]]}},{"type":"Feature","properties":{},"geometry":{"type":"Polygon","coordinates":[[[-103.366436,25.561355],[-103.366301,25.561145],[-103.366198,25.561199],[-103.366333,25.56141],[-103.366436,25.561355]]]}},{"type":"Feature","properties":{},"geometry":{"type":"Polygon","coordinates":[[[-103.36654,25.561301],[-103.366404,25.56109],[-103.366301,25.561145],[-103.366436,25.561355],[-103.36654,25.561301]]]}},{"type":"Feature","properties":{},"geometry":{"type":"Polygon","coordinates":[[[-103.366643,25.561246],[-103.366508,25.561035],[-103.366404,25.56109],[-103.36654,25.561301],[-103.366643,25.561246]]]}},{"type":"Feature","properties":{},"geometry":{"type":"Polygon","coordinates":[[[-103.366747,25.561191],[-103.366611,25.560981],[-103.366508,25.561035],[-103.366643,25.561246],[-103.366747,25.561191]]]}},{"type":"Feature","properties":{},"geometry":{"type":"Polygon","coordinates":[[[-103.36685,25.561136],[-103.366715,25.560926],[-103.366611,25.560981],[-103.366747,25.561191],[-103.36685,25.561136]]]}},{"type":"Feature","properties":{},"geometry":{"type":"Polygon","coordinates":[[[-103.366954,25.561082],[-103.366818,25.560871],[-103.366715,25.560926],[-103.36685,25.561136],[-103.366954,25.561082]]]}},{"type":"Feature","properties":{},"geometry":{"type":"Polygon","coordinates":[[[-103.367057,25.561027],[-103.366922,25.560816],[-103.366818,25.560871],[-103.366954,25.561082],[-103.367057,25.561027]]]}},{"type":"Feature","properties":{},"geometry":{"type":"Polygon","coordinates":[[[-103.367264,25.560917],[-103.367129,25.560707],[-103.367025,25.560762],[-103.36716,25.560972],[-103.367264,25.560917]]]}},{"type":"Feature","properties":{},"geometry":{"type":"Polygon","coordinates":[[[-103.367367,25.560863],[-103.367232,25.560652],[-103.367129,25.560707],[-103.367264,25.560917],[-103.367367,25.560863]]]}},{"type":"Feature","properties":{},"geometry":{"type":"Polygon","coordinates":[[[-103.367471,25.560808],[-103.367336,25.560597],[-103.367232,25.560652],[-103.367367,25.560863],[-103.367471,25.560808]]]}},{"type":"Feature","properties":{},"geometry":{"type":"Polygon","coordinates":[[[-103.367574,25.560753],[-103.367439,25.560543],[-103.367336,25.560597],[-103.367471,25.560808],[-103.367574,25.560753]]]}},{"type":"Feature","properties":{},"geometry":{"type":"Polygon","coordinates":[[[-103.367678,25.560699],[-103.367542,25.560488],[-103.367439,25.560543],[-103.367574,25.560753],[-103.367678,25.560699]]]}},{"type":"Feature","properties":{},"geometry":{"type":"Polygon","coordinates":[[[-103.367781,25.560644],[-103.367646,25.560433],[-103.367542,25.560488],[-103.367678,25.560699],[-103.367781,25.560644]]]}},{"type":"Feature","properties":{},"geometry":{"type":"Polygon","coordinates":[[[-103.367885,25.560589],[-103.367749,25.560378],[-103.367646,25.560433],[-103.367781,25.560644],[-103.367885,25.560589]]]}},{"type":"Feature","properties":{},"geometry":{"type":"Polygon","coordinates":[[[-103.367988,25.560534],[-103.367853,25.560324],[-103.367749,25.560378],[-103.367885,25.560589],[-103.367988,25.560534]]]}},{"type":"Feature","properties":{},"geometry":{"type":"Polygon","coordinates":[[[-103.368092,25.56048],[-103.367956,25.560269],[-103.367853,25.560324],[-103.367988,25.560534],[-103.368092,25.56048]]]}},{"type":"Feature","properties":{},"geometry":{"type":"Polygon","coordinates":[[[-103.368195,25.560425],[-103.36806,25.560214],[-103.367956,25.560269],[-103.368092,25.56048],[-103.368195,25.560425]]]}},{"type":"Feature","properties":{},"geometry":{"type":"Polygon","coordinates":[[[-103.368299,25.56037],[-103.368163,25.560159],[-103.36806,25.560214],[-103.368195,25.560425],[-103.368299,25.56037]]]}},{"type":"Feature","properties":{},"geometry":{"type":"Polygon","coordinates":[[[-103.368402,25.560315],[-103.368267,25.560105],[-103.368163,25.560159],[-103.368299,25.56037],[-103.368402,25.560315]]]}},{"type":"Feature","properties":{},"geometry":{"type":"Polygon","coordinates":[[[-103.368506,25.560261],[-103.36837,25.56005],[-103.368267,25.560105],[-103.368402,25.560315],[-103.368506,25.560261]]]}},{"type":"Feature","properties":{},"geometry":{"type":"Polygon","coordinates":[[[-103.368609,25.560206],[-103.368474,25.559995],[-103.36837,25.56005],[-103.368506,25.560261],[-103.368609,25.560206]]]}},{"type":"Feature","properties":{},"geometry":{"type":"Polygon","coordinates":[[[-103.368816,25.560096],[-103.36868,25.559886],[-103.368577,25.559941],[-103.368712,25.560151],[-103.368816,25.560096]]]}},{"type":"Feature","properties":{},"geometry":{"type":"Polygon","coordinates":[[[-103.368919,25.560042],[-103.368784,25.559831],[-103.36868,25.559886],[-103.368816,25.560096],[-103.368919,25.560042]]]}},{"type":"Feature","properties":{},"geometry":{"type":"Polygon","coordinates":[[[-103.369023,25.559987],[-103.368887,25.559776],[-103.368784,25.559831],[-103.368919,25.560042],[-103.369023,25.559987]]]}},{"type":"Feature","properties":{},"geometry":{"type":"Polygon","coordinates":[[[-103.358562,25.565928],[-103.358426,25.565718],[-103.358323,25.565773],[-103.358458,25.565983],[-103.358562,25.565928]]]}},{"type":"Feature","properties":{},"geometry":{"type":"Polygon","coordinates":[[[-103.358665,25.565874],[-103.35853,25.565663],[-103.358426,25.565718],[-103.358562,25.565928],[-103.358665,25.565874]]]}},{"type":"Feature","properties":{},"geometry":{"type":"Polygon","coordinates":[[[-103.358769,25.565819],[-103.358633,25.565608],[-103.35853,25.565663],[-103.358665,25.565874],[-103.358769,25.565819]]]}},{"type":"Feature","properties":{},"geometry":{"type":"Polygon","coordinates":[[[-103.358872,25.565764],[-103.358737,25.565554],[-103.358633,25.565608],[-103.358769,25.565819],[-103.358872,25.565764]]]}},{"type":"Feature","properties":{},"geometry":{"type":"Polygon","coordinates":[[[-103.358976,25.565709],[-103.35884,25.565499],[-103.358737,25.565554],[-103.358872,25.565764],[-103.358976,25.565709]]]}},{"type":"Feature","properties":{},"geometry":{"type":"Polygon","coordinates":[[[-103.359079,25.565655],[-103.358944,25.565444],[-103.35884,25.565499],[-103.358976,25.565709],[-103.359079,25.565655]]]}},{"type":"Feature","properties":{},"geometry":{"type":"Polygon","coordinates":[[[-103.359183,25.5656],[-103.359047,25.565389],[-103.358944,25.565444],[-103.359079,25.565655],[-103.359183,25.5656]]]}},{"type":"Feature","properties":{},"geometry":{"type":"Polygon","coordinates":[[[-103.359286,25.565545],[-103.359151,25.565335],[-103.359047,25.565389],[-103.359183,25.5656],[-103.359286,25.565545]]]}},{"type":"Feature","properties":{},"geometry":{"type":"Polygon","coordinates":[[[-103.35939,25.565491],[-103.359254,25.56528],[-103.359151,25.565335],[-103.359286,25.565545],[-103.35939,25.565491]]]}},{"type":"Feature","properties":{},"geometry":{"type":"Polygon","coordinates":[[[-103.359493,25.565436],[-103.359358,25.565225],[-103.359254,25.56528],[-103.35939,25.565491],[-103.359493,25.565436]]]}},{"type":"Feature","properties":{},"geometry":{"type":"Polygon","coordinates":[[[-103.3597,25.565326],[-103.359564,25.565116],[-103.359461,25.565171],[-103.359596,25.565381],[-103.3597,25.565326]]]}},{"type":"Feature","properties":{},"geometry":{"type":"Polygon","coordinates":[[[-103.359803,25.565272],[-103.359668,25.565061],[-103.359564,25.565116],[-103.3597,25.565326],[-103.359803,25.565272]]]}},{"type":"Feature","properties":{},"geometry":{"type":"Polygon","coordinates":[[[-103.359907,25.565217],[-103.359771,25.565006],[-103.359668,25.565061],[-103.359803,25.565272],[-103.359907,25.565217]]]}},{"type":"Feature","properties":{},"geometry":{"type":"Polygon","coordinates":[[[-103.36001,25.565162],[-103.359875,25.564952],[-103.359771,25.565006],[-103.359907,25.565217],[-103.36001,25.565162]]]}},{"type":"Feature","properties":{},"geometry":{"type":"Polygon","coordinates":[[[-103.360114,25.565108],[-103.359978,25.564897],[-103.359875,25.564952],[-103.36001,25.565162],[-103.360114,25.565108]]]}},{"type":"Feature","properties":{},"geometry":{"type":"Polygon","coordinates":[[[-103.360217,25.565053],[-103.360082,25.564842],[-103.359978,25.564897],[-103.360114,25.565108],[-103.360217,25.565053]]]}},{"type":"Feature","properties":{},"geometry":{"type":"Polygon","coordinates":[[[-103.360321,25.564998],[-103.360185,25.564787],[-103.360082,25.564842],[-103.360217,25.565053],[-103.360321,25.564998]]]}},{"type":"Feature","properties":{},"geometry":{"type":"Polygon","coordinates":[[[-103.360424,25.564943],[-103.360289,25.564733],[-103.360185,25.564787],[-103.360321,25.564998],[-103.360424,25.564943]]]}},{"type":"Feature","properties":{},"geometry":{"type":"Polygon","coordinates":[[[-103.360528,25.564889],[-103.360392,25.564678],[-103.360289,25.564733],[-103.360424,25.564943],[-103.360528,25.564889]]]}},{"type":"Feature","properties":{},"geometry":{"type":"Polygon","coordinates":[[[-103.360631,25.564834],[-103.360496,25.564623],[-103.360392,25.564678],[-103.360528,25.564889],[-103.360631,25.564834]]]}},{"type":"Feature","properties":{},"geometry":{"type":"Polygon","coordinates":[[[-103.360735,25.564779],[-103.360599,25.564569],[-103.360496,25.564623],[-103.360631,25.564834],[-103.360735,25.564779]]]}},{"type":"Feature","properties":{},"geometry":{"type":"Polygon","coordinates":[[[-103.360838,25.564724],[-103.360703,25.564514],[-103.360599,25.564569],[-103.360735,25.564779],[-103.360838,25.564724]]]}},{"type":"Feature","properties":{},"geometry":{"type":"Polygon","coordinates":[[[-103.360942,25.56467],[-103.360806,25.564459],[-103.360703,25.564514],[-103.360838,25.564724],[-103.360942,25.56467]]]}},{"type":"Feature","properties":{},"geometry":{"type":"Polygon","coordinates":[[[-103.361045,25.564615],[-103.36091,25.564404],[-103.360806,25.564459],[-103.360942,25.56467],[-103.361045,25.564615]]]}},{"type":"Feature","properties":{},"geometry":{"type":"Polygon","coordinates":[[[-103.361252,25.564506],[-103.361116,25.564295],[-103.361013,25.56435],[-103.361148,25.56456],[-103.361252,25.564506]]]}},{"type":"Feature","properties":{},"geometry":{"type":"Polygon","coordinates":[[[-103.361355,25.564451],[-103.36122,25.56424],[-103.361116,25.564295],[-103.361252,25.564506],[-103.361355,25.564451]]]}},{"type":"Feature","properties":{},"geometry":{"type":"Polygon","coordinates":[[[-103.361459,25.564396],[-103.361323,25.564185],[-103.36122,25.56424],[-103.361355,25.564451],[-103.361459,25.564396]]]}},{"type":"Feature","properties":{},"geometry":{"type":"Polygon","coordinates":[[[-103.361562,25.564341],[-103.361427,25.564131],[-103.361323,25.564185],[-103.361459,25.564396],[-103.361562,25.564341]]]}},{"type":"Feature","properties":{},"geometry":{"type":"Polygon","coordinates":[[[-103.361666,25.564287],[-103.36153,25.564076],[-103.361427,25.564131],[-103.361562,25.564341],[-103.361666,25.564287]]]}},{"type":"Feature","properties":{},"geometry":{"type":"Polygon","coordinates":[[[-103.361769,25.564232],[-103.361634,25.564021],[-103.36153,25.564076],[-103.361666,25.564287],[-103.361769,25.564232]]]}},{"type":"Feature","properties":{},"geometry":{"type":"Polygon","coordinates":[[[-103.361873,25.564177],[-103.361737,25.563967],[-103.361634,25.564021],[-103.361769,25.564232],[-103.361873,25.564177]]]}},{"type":"Feature","properties":{},"geometry":{"type":"Polygon","coordinates":[[[-103.361976,25.564122],[-103.361841,25.563912],[-103.361737,25.563967],[-103.361873,25.564177],[-103.361976,25.564122]]]}},{"type":"Feature","properties":{},"geometry":{"type":"Polygon","coordinates":[[[-103.36208,25.564068],[-103.361944,25.563857],[-103.361841,25.563912],[-103.361976,25.564122],[-103.36208,25.564068]]]}},{"type":"Feature","properties":{},"geometry":{"type":"Polygon","coordinates":[[[-103.362183,25.564013],[-103.362048,25.563802],[-103.361944,25.563857],[-103.36208,25.564068],[-103.362183,25.564013]]]}},{"type":"Feature","properties":{},"geometry":{"type":"Polygon","coordinates":[[[-103.362287,25.563958],[-103.362151,25.563748],[-103.362048,25.563802],[-103.362183,25.564013],[-103.362287,25.563958]]]}},{"type":"Feature","properties":{},"geometry":{"type":"Polygon","coordinates":[[[-103.36239,25.563903],[-103.362255,25.563693],[-103.362151,25.563748],[-103.362287,25.563958],[-103.36239,25.563903]]]}},{"type":"Feature","properties":{},"geometry":{"type":"Polygon","coordinates":[[[-103.362494,25.563849],[-103.362358,25.563638],[-103.362255,25.563693],[-103.36239,25.563903],[-103.362494,25.563849]]]}},{"type":"Feature","properties":{},"geometry":{"type":"Polygon","coordinates":[[[-103.362597,25.563794],[-103.362462,25.563583],[-103.362358,25.563638],[-103.362494,25.563849],[-103.362597,25.563794]]]}},{"type":"Feature","properties":{},"geometry":{"type":"Polygon","coordinates":[[[-103.362804,25.563685],[-103.362668,25.563474],[-103.362565,25.563529],[-103.3627,25.563739],[-103.362804,25.563685]]]}},{"type":"Feature","properties":{},"geometry":{"type":"Polygon","coordinates":[[[-103.362907,25.56363],[-103.362772,25.563419],[-103.362668,25.563474],[-103.362804,25.563685],[-103.362907,25.56363]]]}},{"type":"Feature","properties":{},"geometry":{"type":"Polygon","coordinates":[[[-103.363011,25.563575],[-103.362875,25.563365],[-103.362772,25.563419],[-103.362907,25.56363],[-103.363011,25.563575]]]}},{"type":"Feature","properties":{},"geometry":{"type":"Polygon","coordinates":[[[-103.363114,25.56352],[-103.362979,25.56331],[-103.362875,25.563365],[-103.363011,25.563575],[-103.363114,25.56352]]]}},{"type":"Feature","properties":{},"geometry":{"type":"Polygon","coordinates":[[[-103.363218,25.563466],[-103.363082,25.563255],[-103.362979,25.56331],[-103.363114,25.56352],[-103.363218,25.563466]]]}},{"type":"Feature","properties":{},"geometry":{"type":"Polygon","coordinates":[[[-103.363321,25.563411],[-103.363186,25.5632],[-103.363082,25.563255],[-103.363218,25.563466],[-103.363321,25.563411]]]}},{"type":"Feature","properties":{},"geometry":{"type":"Polygon","coordinates":[[[-103.363425,25.563356],[-103.363289,25.563146],[-103.363186,25.5632],[-103.363321,25.563411],[-103.363425,25.563356]]]}},{"type":"Feature","properties":{},"geometry":{"type":"Polygon","coordinates":[[[-103.363528,25.563301],[-103.363393,25.563091],[-103.363289,25.563146],[-103.363425,25.563356],[-103.363528,25.563301]]]}},{"type":"Feature","properties":{},"geometry":{"type":"Polygon","coordinates":[[[-103.363632,25.563247],[-103.363496,25.563036],[-103.363393,25.563091],[-103.363528,25.563301],[-103.363632,25.563247]]]}},{"type":"Feature","properties":{},"geometry":{"type":"Polygon","coordinates":[[[-103.363735,25.563192],[-103.3636,25.562981],[-103.363496,25.563036],[-103.363632,25.563247],[-103.363735,25.563192]]]}},{"type":"Feature","properties":{},"geometry":{"type":"Polygon","coordinates":[[[-103.363839,25.563137],[-103.363703,25.562927],[-103.3636,25.562981],[-103.363735,25.563192],[-103.363839,25.563137]]]}},{"type":"Feature","properties":{},"geometry":{"type":"Polygon","coordinates":[[[-103.363942,25.563082],[-103.363807,25.562872],[-103.363703,25.562927],[-103.363839,25.563137],[-103.363942,25.563082]]]}},{"type":"Feature","properties":{},"geometry":{"type":"Polygon","coordinates":[[[-103.364045,25.563028],[-103.36391,25.562817],[-103.363807,25.562872],[-103.363942,25.563082],[-103.364045,25.563028]]]}},{"type":"Feature","properties":{},"geometry":{"type":"Polygon","coordinates":[[[-103.364149,25.562973],[-103.364014,25.562762],[-103.36391,25.562817],[-103.364045,25.563028],[-103.364149,25.562973]]]}},{"type":"Feature","properties":{},"geometry":{"type":"Polygon","coordinates":[[[-103.364356,25.562864],[-103.36422,25.562653],[-103.364117,25.562708],[-103.364252,25.562918],[-103.364356,25.562864]]]}},{"type":"Feature","properties":{},"geometry":{"type":"Polygon","coordinates":[[[-103.364459,25.562809],[-103.364324,25.562598],[-103.36422,25.562653],[-103.364356,25.562864],[-103.364459,25.562809]]]}},{"type":"Feature","properties":{},"geometry":{"type":"Polygon","coordinates":[[[-103.364563,25.562754],[-103.364427,25.562544],[-103.364324,25.562598],[-103.364459,25.562809],[-103.364563,25.562754]]]}},{"type":"Feature","properties":{},"geometry":{"type":"Polygon","coordinates":[[[-103.364666,25.562699],[-103.364531,25.562489],[-103.364427,25.562544],[-103.364563,25.562754],[-103.364666,25.562699]]]}},{"type":"Feature","properties":{},"geometry":{"type":"Polygon","coordinates":[[[-103.36477,25.562645],[-103.364634,25.562434],[-103.364531,25.562489],[-103.364666,25.562699],[-103.36477,25.562645]]]}},{"type":"Feature","properties":{},"geometry":{"type":"Polygon","coordinates":[[[-103.364873,25.56259],[-103.364738,25.562379],[-103.364634,25.562434],[-103.36477,25.562645],[-103.364873,25.56259]]]}},{"type":"Feature","properties":{},"geometry":{"type":"Polygon","coordinates":[[[-103.364977,25.562535],[-103.364841,25.562325],[-103.364738,25.562379],[-103.364873,25.56259],[-103.364977,25.562535]]]}},{"type":"Feature","properties":{},"geometry":{"type":"Polygon","coordinates":[[[-103.36508,25.56248],[-103.364945,25.56227],[-103.364841,25.562325],[-103.364977,25.562535],[-103.36508,25.56248]]]}},{"type":"Feature","properties":{},"geometry":{"type":"Polygon","coordinates":[[[-103.365183,25.562426],[-103.365048,25.562215],[-103.364945,25.56227],[-103.36508,25.56248],[-103.365183,25.562426]]]}},{"type":"Feature","properties":{},"geometry":{"type":"Polygon","coordinates":[[[-103.365287,25.562371],[-103.365152,25.56216],[-103.365048,25.562215],[-103.365183,25.562426],[-103.365287,25.562371]]]}},{"type":"Feature","properties":{},"geometry":{"type":"Polygon","coordinates":[[[-103.36539,25.562316],[-103.365255,25.562106],[-103.365152,25.56216],[-103.365287,25.562371],[-103.36539,25.562316]]]}},{"type":"Feature","properties":{},"geometry":{"type":"Polygon","coordinates":[[[-103.365494,25.562261],[-103.365359,25.562051],[-103.365255,25.562106],[-103.36539,25.562316],[-103.365494,25.562261]]]}},{"type":"Feature","properties":{},"geometry":{"type":"Polygon","coordinates":[[[-103.365597,25.562207],[-103.365462,25.561996],[-103.365359,25.562051],[-103.365494,25.562261],[-103.365597,25.562207]]]}},{"type":"Feature","properties":{},"geometry":{"type":"Polygon","coordinates":[[[-103.365701,25.562152],[-103.365566,25.561941],[-103.365462,25.561996],[-103.365597,25.562207],[-103.365701,25.562152]]]}},{"type":"Feature","properties":{},"geometry":{"type":"Polygon","coordinates":[[[-103.365908,25.562043],[-103.365772,25.561832],[-103.365669,25.561887],[-103.365804,25.562097],[-103.365908,25.562043]]]}},{"type":"Feature","properties":{},"geometry":{"type":"Polygon","coordinates":[[[-103.366011,25.561988],[-103.365876,25.561777],[-103.365772,25.561832],[-103.365908,25.562043],[-103.366011,25.561988]]]}},{"type":"Feature","properties":{},"geometry":{"type":"Polygon","coordinates":[[[-103.366115,25.561933],[-103.365979,25.561723],[-103.365876,25.561777],[-103.366011,25.561988],[-103.366115,25.561933]]]}},{"type":"Feature","properties":{},"geometry":{"type":"Polygon","coordinates":[[[-103.366218,25.561878],[-103.366083,25.561668],[-103.365979,25.561723],[-103.366115,25.561933],[-103.366218,25.561878]]]}},{"type":"Feature","properties":{},"geometry":{"type":"Polygon","coordinates":[[[-103.366321,25.561824],[-103.366186,25.561613],[-103.366083,25.561668],[-103.366218,25.561878],[-103.366321,25.561824]]]}},{"type":"Feature","properties":{},"geometry":{"type":"Polygon","coordinates":[[[-103.366425,25.561769],[-103.36629,25.561558],[-103.366186,25.561613],[-103.366321,25.561824],[-103.366425,25.561769]]]}},{"type":"Feature","properties":{},"geometry":{"type":"Polygon","coordinates":[[[-103.366528,25.561714],[-103.366393,25.561504],[-103.36629,25.561558],[-103.366425,25.561769],[-103.366528,25.561714]]]}},{"type":"Feature","properties":{},"geometry":{"type":"Polygon","coordinates":[[[-103.366632,25.561659],[-103.366497,25.561449],[-103.366393,25.561504],[-103.366528,25.561714],[-103.366632,25.561659]]]}},{"type":"Feature","properties":{},"geometry":{"type":"Polygon","coordinates":[[[-103.366735,25.561605],[-103.3666,25.561394],[-103.366497,25.561449],[-103.366632,25.561659],[-103.366735,25.561605]]]}},{"type":"Feature","properties":{},"geometry":{"type":"Polygon","coordinates":[[[-103.366839,25.56155],[-103.366704,25.561339],[-103.3666,25.561394],[-103.366735,25.561605],[-103.366839,25.56155]]]}},{"type":"Feature","properties":{},"geometry":{"type":"Polygon","coordinates":[[[-103.366942,25.561495],[-103.366807,25.561285],[-103.366704,25.561339],[-103.366839,25.56155],[-103.366942,25.561495]]]}},{"type":"Feature","properties":{},"geometry":{"type":"Polygon","coordinates":[[[-103.367046,25.56144],[-103.36691,25.56123],[-103.366807,25.561285],[-103.366942,25.561495],[-103.367046,25.56144]]]}},{"type":"Feature","properties":{},"geometry":{"type":"Polygon","coordinates":[[[-103.367149,25.561386],[-103.367014,25.561175],[-103.36691,25.56123],[-103.367046,25.56144],[-103.367149,25.561386]]]}},{"type":"Feature","properties":{},"geometry":{"type":"Polygon","coordinates":[[[-103.367253,25.561331],[-103.367117,25.56112],[-103.367014,25.561175],[-103.367149,25.561386],[-103.367253,25.561331]]]}},{"type":"Feature","properties":{},"geometry":{"type":"Polygon","coordinates":[[[-103.367459,25.561222],[-103.367324,25.561011],[-103.367221,25.561066],[-103.367356,25.561276],[-103.367459,25.561222]]]}},{"type":"Feature","properties":{},"geometry":{"type":"Polygon","coordinates":[[[-103.367563,25.561167],[-103.367428,25.560956],[-103.367324,25.561011],[-103.367459,25.561222],[-103.367563,25.561167]]]}},{"type":"Feature","properties":{},"geometry":{"type":"Polygon","coordinates":[[[-103.367666,25.561112],[-103.367531,25.560902],[-103.367428,25.560956],[-103.367563,25.561167],[-103.367666,25.561112]]]}},{"type":"Feature","properties":{},"geometry":{"type":"Polygon","coordinates":[[[-103.36777,25.561057],[-103.367635,25.560847],[-103.367531,25.560902],[-103.367666,25.561112],[-103.36777,25.561057]]]}},{"type":"Feature","properties":{},"geometry":{"type":"Polygon","coordinates":[[[-103.367873,25.561003],[-103.367738,25.560792],[-103.367635,25.560847],[-103.36777,25.561057],[-103.367873,25.561003]]]}},{"type":"Feature","properties":{},"geometry":{"type":"Polygon","coordinates":[[[-103.367977,25.560948],[-103.367841,25.560737],[-103.367738,25.560792],[-103.367873,25.561003],[-103.367977,25.560948]]]}},{"type":"Feature","properties":{},"geometry":{"type":"Polygon","coordinates":[[[-103.36808,25.560893],[-103.367945,25.560683],[-103.367841,25.560737],[-103.367977,25.560948],[-103.36808,25.560893]]]}},{"type":"Feature","properties":{},"geometry":{"type":"Polygon","coordinates":[[[-103.368184,25.560838],[-103.368048,25.560628],[-103.367945,25.560683],[-103.36808,25.560893],[-103.368184,25.560838]]]}},{"type":"Feature","properties":{},"geometry":{"type":"Polygon","coordinates":[[[-103.368287,25.560784],[-103.368152,25.560573],[-103.368048,25.560628],[-103.368184,25.560838],[-103.368287,25.560784]]]}},{"type":"Feature","properties":{},"geometry":{"type":"Polygon","coordinates":[[[-103.368391,25.560729],[-103.368255,25.560518],[-103.368152,25.560573],[-103.368287,25.560784],[-103.368391,25.560729]]]}},{"type":"Feature","properties":{},"geometry":{"type":"Polygon","coordinates":[[[-103.368494,25.560674],[-103.368359,25.560464],[-103.368255,25.560518],[-103.368391,25.560729],[-103.368494,25.560674]]]}},{"type":"Feature","properties":{},"geometry":{"type":"Polygon","coordinates":[[[-103.368598,25.560619],[-103.368462,25.560409],[-103.368359,25.560464],[-103.368494,25.560674],[-103.368598,25.560619]]]}},{"type":"Feature","properties":{},"geometry":{"type":"Polygon","coordinates":[[[-103.368701,25.560565],[-103.368566,25.560354],[-103.368462,25.560409],[-103.368598,25.560619],[-103.368701,25.560565]]]}},{"type":"Feature","properties":{},"geometry":{"type":"Polygon","coordinates":[[[-103.368805,25.56051],[-103.368669,25.560299],[-103.368566,25.560354],[-103.368701,25.560565],[-103.368805,25.56051]]]}},{"type":"Feature","properties":{},"geometry":{"type":"Polygon","coordinates":[[[-103.369011,25.560401],[-103.368876,25.56019],[-103.368772,25.560245],[-103.368908,25.560455],[-103.369011,25.560401]]]}},{"type":"Feature","properties":{},"geometry":{"type":"Polygon","coordinates":[[[-103.369115,25.560346],[-103.368979,25.560135],[-103.368876,25.56019],[-103.369011,25.560401],[-103.369115,25.560346]]]}},{"type":"Feature","properties":{},"geometry":{"type":"Polygon","coordinates":[[[-103.359628,25.565646],[-103.359493,25.565436],[-103.35939,25.565491],[-103.359525,25.565701],[-103.359628,25.565646]]]}},{"type":"Feature","properties":{},"geometry":{"type":"Polygon","coordinates":[[[-103.359835,25.565537],[-103.3597,25.565326],[-103.359596,25.565381],[-103.359732,25.565592],[-103.359835,25.565537]]]}},{"type":"Feature","properties":{},"geometry":{"type":"Polygon","coordinates":[[[-103.359939,25.565482],[-103.359803,25.565272],[-103.3597,25.565326],[-103.359835,25.565537],[-103.359939,25.565482]]]}},{"type":"Feature","properties":{},"geometry":{"type":"Polygon","coordinates":[[[-103.360042,25.565428],[-103.359907,25.565217],[-103.359803,25.565272],[-103.359939,25.565482],[-103.360042,25.565428]]]}},{"type":"Feature","properties":{},"geometry":{"type":"Polygon","coordinates":[[[-103.360146,25.565373],[-103.36001,25.565162],[-103.359907,25.565217],[-103.360042,25.565428],[-103.360146,25.565373]]]}},{"type":"Feature","properties":{},"geometry":{"type":"Polygon","coordinates":[[[-103.360249,25.565318],[-103.360114,25.565108],[-103.36001,25.565162],[-103.360146,25.565373],[-103.360249,25.565318]]]}},{"type":"Feature","properties":{},"geometry":{"type":"Polygon","coordinates":[[[-103.360353,25.565263],[-103.360217,25.565053],[-103.360114,25.565108],[-103.360249,25.565318],[-103.360353,25.565263]]]}},{"type":"Feature","properties":{},"geometry":{"type":"Polygon","coordinates":[[[-103.360456,25.565209],[-103.360321,25.564998],[-103.360217,25.565053],[-103.360353,25.565263],[-103.360456,25.565209]]]}},{"type":"Feature","properties":{},"geometry":{"type":"Polygon","coordinates":[[[-103.360559,25.565154],[-103.360424,25.564943],[-103.360321,25.564998],[-103.360456,25.565209],[-103.360559,25.565154]]]}},{"type":"Feature","properties":{},"geometry":{"type":"Polygon","coordinates":[[[-103.360663,25.565099],[-103.360528,25.564889],[-103.360424,25.564943],[-103.360559,25.565154],[-103.360663,25.565099]]]}},{"type":"Feature","properties":{},"geometry":{"type":"Polygon","coordinates":[[[-103.360766,25.565044],[-103.360631,25.564834],[-103.360528,25.564889],[-103.360663,25.565099],[-103.360766,25.565044]]]}},{"type":"Feature","properties":{},"geometry":{"type":"Polygon","coordinates":[[[-103.36087,25.56499],[-103.360735,25.564779],[-103.360631,25.564834],[-103.360766,25.565044],[-103.36087,25.56499]]]}},{"type":"Feature","properties":{},"geometry":{"type":"Polygon","coordinates":[[[-103.360973,25.564935],[-103.360838,25.564724],[-103.360735,25.564779],[-103.36087,25.56499],[-103.360973,25.564935]]]}},{"type":"Feature","properties":{},"geometry":{"type":"Polygon","coordinates":[[[-103.361077,25.56488],[-103.360942,25.56467],[-103.360838,25.564724],[-103.360973,25.564935],[-103.361077,25.56488]]]}},{"type":"Feature","properties":{},"geometry":{"type":"Polygon","coordinates":[[[-103.36118,25.564825],[-103.361045,25.564615],[-103.360942,25.56467],[-103.361077,25.56488],[-103.36118,25.564825]]]}},{"type":"Feature","properties":{},"geometry":{"type":"Polygon","coordinates":[[[-103.361387,25.564716],[-103.361252,25.564506],[-103.361148,25.56456],[-103.361284,25.564771],[-103.361387,25.564716]]]}},{"type":"Feature","properties":{},"geometry":{"type":"Polygon","coordinates":[[[-103.361491,25.564661],[-103.361355,25.564451],[-103.361252,25.564506],[-103.361387,25.564716],[-103.361491,25.564661]]]}},{"type":"Feature","properties":{},"geometry":{"type":"Polygon","coordinates":[[[-103.361594,25.564607],[-103.361459,25.564396],[-103.361355,25.564451],[-103.361491,25.564661],[-103.361594,25.564607]]]}},{"type":"Feature","properties":{},"geometry":{"type":"Polygon","coordinates":[[[-103.361698,25.564552],[-103.361562,25.564341],[-103.361459,25.564396],[-103.361594,25.564607],[-103.361698,25.564552]]]}},{"type":"Feature","properties":{},"geometry":{"type":"Polygon","coordinates":[[[-103.361801,25.564497],[-103.361666,25.564287],[-103.361562,25.564341],[-103.361698,25.564552],[-103.361801,25.564497]]]}},{"type":"Feature","properties":{},"geometry":{"type":"Polygon","coordinates":[[[-103.361905,25.564442],[-103.361769,25.564232],[-103.361666,25.564287],[-103.361801,25.564497],[-103.361905,25.564442]]]}},{"type":"Feature","properties":{},"geometry":{"type":"Polygon","coordinates":[[[-103.362008,25.564388],[-103.361873,25.564177],[-103.361769,25.564232],[-103.361905,25.564442],[-103.362008,25.564388]]]}},{"type":"Feature","properties":{},"geometry":{"type":"Polygon","coordinates":[[[-103.362111,25.564333],[-103.361976,25.564122],[-103.361873,25.564177],[-103.362008,25.564388],[-103.362111,25.564333]]]}},{"type":"Feature","properties":{},"geometry":{"type":"Polygon","coordinates":[[[-103.362215,25.564278],[-103.36208,25.564068],[-103.361976,25.564122],[-103.362111,25.564333],[-103.362215,25.564278]]]}},{"type":"Feature","properties":{},"geometry":{"type":"Polygon","coordinates":[[[-103.362318,25.564223],[-103.362183,25.564013],[-103.36208,25.564068],[-103.362215,25.564278],[-103.362318,25.564223]]]}},{"type":"Feature","properties":{},"geometry":{"type":"Polygon","coordinates":[[[-103.362422,25.564169],[-103.362287,25.563958],[-103.362183,25.564013],[-103.362318,25.564223],[-103.362422,25.564169]]]}},{"type":"Feature","properties":{},"geometry":{"type":"Polygon","coordinates":[[[-103.362525,25.564114],[-103.36239,25.563903],[-103.362287,25.563958],[-103.362422,25.564169],[-103.362525,25.564114]]]}},{"type":"Feature","properties":{},"geometry":{"type":"Polygon","coordinates":[[[-103.362629,25.564059],[-103.362494,25.563849],[-103.36239,25.563903],[-103.362525,25.564114],[-103.362629,25.564059]]]}},{"type":"Feature","properties":{},"geometry":{"type":"Polygon","coordinates":[[[-103.362732,25.564004],[-103.362597,25.563794],[-103.362494,25.563849],[-103.362629,25.564059],[-103.362732,25.564004]]]}},{"type":"Feature","properties":{},"geometry":{"type":"Polygon","coordinates":[[[-103.362939,25.563895],[-103.362804,25.563685],[-103.3627,25.563739],[-103.362836,25.56395],[-103.362939,25.563895]]]}},{"type":"Feature","properties":{},"geometry":{"type":"Polygon","coordinates":[[[-103.363043,25.56384],[-103.362907,25.56363],[-103.362804,25.563685],[-103.362939,25.563895],[-103.363043,25.56384]]]}},{"type":"Feature","properties":{},"geometry":{"type":"Polygon","coordinates":[[[-103.363146,25.563786],[-103.363011,25.563575],[-103.362907,25.56363],[-103.363043,25.56384],[-103.363146,25.563786]]]}},{"type":"Feature","properties":{},"geometry":{"type":"Polygon","coordinates":[[[-103.36325,25.563731],[-103.363114,25.56352],[-103.363011,25.563575],[-103.363146,25.563786],[-103.36325,25.563731]]]}},{"type":"Feature","properties":{},"geometry":{"type":"Polygon","coordinates":[[[-103.363353,25.563676],[-103.363218,25.563466],[-103.363114,25.56352],[-103.36325,25.563731],[-103.363353,25.563676]]]}},{"type":"Feature","properties":{},"geometry":{"type":"Polygon","coordinates":[[[-103.363456,25.563621],[-103.363321,25.563411],[-103.363218,25.563466],[-103.363353,25.563676],[-103.363456,25.563621]]]}},{"type":"Feature","properties":{},"geometry":{"type":"Polygon","coordinates":[[[-103.36356,25.563567],[-103.363425,25.563356],[-103.363321,25.563411],[-103.363456,25.563621],[-103.36356,25.563567]]]}},{"type":"Feature","properties":{},"geometry":{"type":"Polygon","coordinates":[[[-103.363663,25.563512],[-103.363528,25.563301],[-103.363425,25.563356],[-103.36356,25.563567],[-103.363663,25.563512]]]}},{"type":"Feature","properties":{},"geometry":{"type":"Polygon","coordinates":[[[-103.363767,25.563457],[-103.363632,25.563247],[-103.363528,25.563301],[-103.363663,25.563512],[-103.363767,25.563457]]]}},{"type":"Feature","properties":{},"geometry":{"type":"Polygon","coordinates":[[[-103.36387,25.563402],[-103.363735,25.563192],[-103.363632,25.563247],[-103.363767,25.563457],[-103.36387,25.563402]]]}},{"type":"Feature","properties":{},"geometry":{"type":"Polygon","coordinates":[[[-103.363974,25.563348],[-103.363839,25.563137],[-103.363735,25.563192],[-103.36387,25.563402],[-103.363974,25.563348]]]}},{"type":"Feature","properties":{},"geometry":{"type":"Polygon","coordinates":[[[-103.364077,25.563293],[-103.363942,25.563082],[-103.363839,25.563137],[-103.363974,25.563348],[-103.364077,25.563293]]]}},{"type":"Feature","properties":{},"geometry":{"type":"Polygon","coordinates":[[[-103.364181,25.563238],[-103.364045,25.563028],[-103.363942,25.563082],[-103.364077,25.563293],[-103.364181,25.563238]]]}},{"type":"Feature","properties":{},"geometry":{"type":"Polygon","coordinates":[[[-103.364284,25.563183],[-103.364149,25.562973],[-103.364045,25.563028],[-103.364181,25.563238],[-103.364284,25.563183]]]}},{"type":"Feature","properties":{},"geometry":{"type":"Polygon","coordinates":[[[-103.364491,25.563074],[-103.364356,25.562864],[-103.364252,25.562918],[-103.364388,25.563129],[-103.364491,25.563074]]]}},{"type":"Feature","properties":{},"geometry":{"type":"Polygon","coordinates":[[[-103.364594,25.563019],[-103.364459,25.562809],[-103.364356,25.562864],[-103.364491,25.563074],[-103.364594,25.563019]]]}},{"type":"Feature","properties":{},"geometry":{"type":"Polygon","coordinates":[[[-103.364698,25.562965],[-103.364563,25.562754],[-103.364459,25.562809],[-103.364594,25.563019],[-103.364698,25.562965]]]}},{"type":"Feature","properties":{},"geometry":{"type":"Polygon","coordinates":[[[-103.364801,25.56291],[-103.364666,25.562699],[-103.364563,25.562754],[-103.364698,25.562965],[-103.364801,25.56291]]]}},{"type":"Feature","properties":{},"geometry":{"type":"Polygon","coordinates":[[[-103.364905,25.562855],[-103.36477,25.562645],[-103.364666,25.562699],[-103.364801,25.56291],[-103.364905,25.562855]]]}},{"type":"Feature","properties":{},"geometry":{"type":"Polygon","coordinates":[[[-103.365008,25.5628],[-103.364873,25.56259],[-103.36477,25.562645],[-103.364905,25.562855],[-103.365008,25.5628]]]}},{"type":"Feature","properties":{},"geometry":{"type":"Polygon","coordinates":[[[-103.365112,25.562746],[-103.364977,25.562535],[-103.364873,25.56259],[-103.365008,25.5628],[-103.365112,25.562746]]]}},{"type":"Feature","properties":{},"geometry":{"type":"Polygon","coordinates":[[[-103.365215,25.562691],[-103.36508,25.56248],[-103.364977,25.562535],[-103.365112,25.562746],[-103.365215,25.562691]]]}},{"type":"Feature","properties":{},"geometry":{"type":"Polygon","coordinates":[[[-103.365319,25.562636],[-103.365183,25.562426],[-103.36508,25.56248],[-103.365215,25.562691],[-103.365319,25.562636]]]}},{"type":"Feature","properties":{},"geometry":{"type":"Polygon","coordinates":[[[-103.365422,25.562581],[-103.365287,25.562371],[-103.365183,25.562426],[-103.365319,25.562636],[-103.365422,25.562581]]]}},{"type":"Feature","properties":{},"geometry":{"type":"Polygon","coordinates":[[[-103.365526,25.562527],[-103.36539,25.562316],[-103.365287,25.562371],[-103.365422,25.562581],[-103.365526,25.562527]]]}},{"type":"Feature","properties":{},"geometry":{"type":"Polygon","coordinates":[[[-103.365629,25.562472],[-103.365494,25.562261],[-103.36539,25.562316],[-103.365526,25.562527],[-103.365629,25.562472]]]}},{"type":"Feature","properties":{},"geometry":{"type":"Polygon","coordinates":[[[-103.365733,25.562417],[-103.365597,25.562207],[-103.365494,25.562261],[-103.365629,25.562472],[-103.365733,25.562417]]]}},{"type":"Feature","properties":{},"geometry":{"type":"Polygon","coordinates":[[[-103.365836,25.562362],[-103.365701,25.562152],[-103.365597,25.562207],[-103.365733,25.562417],[-103.365836,25.562362]]]}},{"type":"Feature","properties":{},"geometry":{"type":"Polygon","coordinates":[[[-103.366043,25.562253],[-103.365908,25.562043],[-103.365804,25.562097],[-103.365939,25.562308],[-103.366043,25.562253]]]}},{"type":"Feature","properties":{},"geometry":{"type":"Polygon","coordinates":[[[-103.366146,25.562198],[-103.366011,25.561988],[-103.365908,25.562043],[-103.366043,25.562253],[-103.366146,25.562198]]]}},{"type":"Feature","properties":{},"geometry":{"type":"Polygon","coordinates":[[[-103.36625,25.562144],[-103.366115,25.561933],[-103.366011,25.561988],[-103.366146,25.562198],[-103.36625,25.562144]]]}},{"type":"Feature","properties":{},"geometry":{"type":"Polygon","coordinates":[[[-103.366353,25.562089],[-103.366218,25.561878],[-103.366115,25.561933],[-103.36625,25.562144],[-103.366353,25.562089]]]}},{"type":"Feature","properties":{},"geometry":{"type":"Polygon","coordinates":[[[-103.366457,25.562034],[-103.366321,25.561824],[-103.366218,25.561878],[-103.366353,25.562089],[-103.366457,25.562034]]]}},{"type":"Feature","properties":{},"geometry":{"type":"Polygon","coordinates":[[[-103.36656,25.561979],[-103.366425,25.561769],[-103.366321,25.561824],[-103.366457,25.562034],[-103.36656,25.561979]]]}},{"type":"Feature","properties":{},"geometry":{"type":"Polygon","coordinates":[[[-103.366664,25.561925],[-103.366528,25.561714],[-103.366425,25.561769],[-103.36656,25.561979],[-103.366664,25.561925]]]}},{"type":"Feature","properties":{},"geometry":{"type":"Polygon","coordinates":[[[-103.366767,25.56187],[-103.366632,25.561659],[-103.366528,25.561714],[-103.366664,25.561925],[-103.366767,25.56187]]]}},{"type":"Feature","properties":{},"geometry":{"type":"Polygon","coordinates":[[[-103.366871,25.561815],[-103.366735,25.561605],[-103.366632,25.561659],[-103.366767,25.56187],[-103.366871,25.561815]]]}},{"type":"Feature","properties":{},"geometry":{"type":"Polygon","coordinates":[[[-103.366974,25.56176],[-103.366839,25.56155],[-103.366735,25.561605],[-103.366871,25.561815],[-103.366974,25.56176]]]}},{"type":"Feature","properties":{},"geometry":{"type":"Polygon","coordinates":[[[-103.367078,25.561706],[-103.366942,25.561495],[-103.366839,25.56155],[-103.366974,25.56176],[-103.367078,25.561706]]]}},{"type":"Feature","properties":{},"geometry":{"type":"Polygon","coordinates":[[[-103.367181,25.561651],[-103.367046,25.56144],[-103.366942,25.561495],[-103.367078,25.561706],[-103.367181,25.561651]]]}},{"type":"Feature","properties":{},"geometry":{"type":"Polygon","coordinates":[[[-103.367285,25.561596],[-103.367149,25.561386],[-103.367046,25.56144],[-103.367181,25.561651],[-103.367285,25.561596]]]}},{"type":"Feature","properties":{},"geometry":{"type":"Polygon","coordinates":[[[-103.367388,25.561541],[-103.367253,25.561331],[-103.367149,25.561386],[-103.367285,25.561596],[-103.367388,25.561541]]]}},{"type":"Feature","properties":{},"geometry":{"type":"Polygon","coordinates":[[[-103.367595,25.561432],[-103.367459,25.561222],[-103.367356,25.561276],[-103.367491,25.561487],[-103.367595,25.561432]]]}},{"type":"Feature","properties":{},"geometry":{"type":"Polygon","coordinates":[[[-103.367698,25.561377],[-103.367563,25.561167],[-103.367459,25.561222],[-103.367595,25.561432],[-103.367698,25.561377]]]}},{"type":"Feature","properties":{},"geometry":{"type":"Polygon","coordinates":[[[-103.367802,25.561323],[-103.367666,25.561112],[-103.367563,25.561167],[-103.367698,25.561377],[-103.367802,25.561323]]]}},{"type":"Feature","properties":{},"geometry":{"type":"Polygon","coordinates":[[[-103.367905,25.561268],[-103.36777,25.561057],[-103.367666,25.561112],[-103.367802,25.561323],[-103.367905,25.561268]]]}},{"type":"Feature","properties":{},"geometry":{"type":"Polygon","coordinates":[[[-103.368009,25.561213],[-103.367873,25.561003],[-103.36777,25.561057],[-103.367905,25.561268],[-103.368009,25.561213]]]}},{"type":"Feature","properties":{},"geometry":{"type":"Polygon","coordinates":[[[-103.368112,25.561158],[-103.367977,25.560948],[-103.367873,25.561003],[-103.368009,25.561213],[-103.368112,25.561158]]]}},{"type":"Feature","properties":{},"geometry":{"type":"Polygon","coordinates":[[[-103.368216,25.561104],[-103.36808,25.560893],[-103.367977,25.560948],[-103.368112,25.561158],[-103.368216,25.561104]]]}},{"type":"Feature","properties":{},"geometry":{"type":"Polygon","coordinates":[[[-103.368319,25.561049],[-103.368184,25.560838],[-103.36808,25.560893],[-103.368216,25.561104],[-103.368319,25.561049]]]}},{"type":"Feature","properties":{},"geometry":{"type":"Polygon","coordinates":[[[-103.368423,25.560994],[-103.368287,25.560784],[-103.368184,25.560838],[-103.368319,25.561049],[-103.368423,25.560994]]]}},{"type":"Feature","properties":{},"geometry":{"type":"Polygon","coordinates":[[[-103.368526,25.560939],[-103.368391,25.560729],[-103.368287,25.560784],[-103.368423,25.560994],[-103.368526,25.560939]]]}},{"type":"Feature","properties":{},"geometry":{"type":"Polygon","coordinates":[[[-103.36863,25.560885],[-103.368494,25.560674],[-103.368391,25.560729],[-103.368526,25.560939],[-103.36863,25.560885]]]}},{"type":"Feature","properties":{},"geometry":{"type":"Polygon","coordinates":[[[-103.368733,25.56083],[-103.368598,25.560619],[-103.368494,25.560674],[-103.36863,25.560885],[-103.368733,25.56083]]]}},{"type":"Feature","properties":{},"geometry":{"type":"Polygon","coordinates":[[[-103.368837,25.560775],[-103.368701,25.560565],[-103.368598,25.560619],[-103.368733,25.56083],[-103.368837,25.560775]]]}},{"type":"Feature","properties":{},"geometry":{"type":"Polygon","coordinates":[[[-103.36894,25.56072],[-103.368805,25.56051],[-103.368701,25.560565],[-103.368837,25.560775],[-103.36894,25.56072]]]}},{"type":"Feature","properties":{},"geometry":{"type":"Polygon","coordinates":[[[-103.369147,25.560611],[-103.369011,25.560401],[-103.368908,25.560455],[-103.369043,25.560666],[-103.369147,25.560611]]]}},{"type":"Feature","properties":{},"geometry":{"type":"Polygon","coordinates":[[[-103.363652,25.563926],[-103.363517,25.563715],[-103.363413,25.56377],[-103.363549,25.56398],[-103.363652,25.563926]]]}}]}