{"type":"FeatureCollection","features":[{"type":"Feature","properties":{},"geometry":{"type":"Polygon","coordinates":[[[-103.358012,25.564181],[-103.357862,25.563947],[-103.357767,25.563997],[-103.357918,25.564231],[-103.358012,25.564181]]]}},{"type":"Feature","properties":{},"geometry":{"type":"Polygon","coordinates":[[[-103.358107,25.564131],[-103.357956,25.563897],[-103.357862,25.563947],[-103.358012,25.564181],[-103.358107,25.564131]]]}},{"type":"Feature","properties":{},"geometry":{"type":"Polygon","coordinates":[[[-103.358201,25.564081],[-103.358051,25.563847],[-103.357956,25.563897],[-103.358107,25.564131],[-103.358201,25.564081]]]}},{"type":"Feature","properties":{},"geometry":{"type":"Polygon","coordinates":[[[-103.358296,25.564031],[-103.358146,25.563797],[-103.358051,25.563847],[-103.358201,25.564081],[-103.358296,25.564031]]]}},{"type":"Feature","properties":{},"geometry":{"type":"Polygon","coordinates":[[[-103.358391,25.563981],[-103.35824,25.563747],[-103.358146,25.563797],[-103.358296,25.564031],[-103.358391,25.563981]]]}},{"type":"Feature","properties":{},"geometry":{"type":"Polygon","coordinates":[[[-103.358485,25.563931],[-103.358335,25.563697],[-103.35824,25.563747],[-103.358391,25.563981],[-103.358485,25.563931]]]}},{"type":"Feature","properties":{},"geometry":{"type":"Polygon","coordinates":[[[-103.358683,25.563827],[-103.358532,25.563593],[-103.358438,25.563643],[-103.358588,25.563877],[-103.358683,25.563827]]]}},{"type":"Feature","properties":{},"geometry":{"type":"Polygon","coordinates":[[[-103.358777,25.563776],[-103.358627,25.563543],[-103.358532,25.563593],[-103.358683,25.563827],[-103.358777,25.563776]]]}},{"type":"Feature","properties":{},"geometry":{"type":"Polygon","coordinates":[[[-103.358872,25.563726],[-103.358722,25.563493],[-103.358627,25.563543],[-103.358777,25.563776],[-103.358872,25.563726]]]}},{"type":"Feature","properties":{},"geometry":{"type":"Polygon","coordinates":[[[-103.358967,25.563676],[-103.358816,25.563442],[-103.358722,25.563493],[-103.358872,25.563726],[-103.358967,25.563676]]]}},{"type":"Feature","properties":{},"geometry":{"type":"Polygon","coordinates":[[[-103.359061,25.563626],[-103.358911,25.563392],[-103.358816,25.563442],[-103.358967,25.563676],[-103.359061,25.563626]]]}},{"type":"Feature","properties":{},"geometry":{"type":"Polygon","coordinates":[[[-103.359156,25.563576],[-103.359005,25.563342],[-103.358911,25.563392],[-103.359061,25.563626],[-103.359156,25.563576]]]}},{"type":"Feature","properties":{},"geometry":{"type":"Polygon","coordinates":[[[-103.35925,25.563526],[-103.3591,25.563292],[-103.359005,25.563342],[-103.359156,25.563576],[-103.35925,25.563526]]]}},{"type":"Feature","properties":{},"geometry":{"type":"Polygon","coordinates":[[[-103.359345,25.563476],[-103.359194,25.563242],[-103.3591,25.563292],[-103.35925,25.563526],[-103.359345,25.563476]]]}},{"type":"Feature","properties":{},"geometry":{"type":"Polygon","coordinates":[[[-103.359439,25.563426],[-103.359289,25.563192],[-103.359194,25.563242],[-103.359345,25.563476],[-103.359439,25.563426]]]}},{"type":"Feature","properties":{},"geometry":{"type":"Polygon","coordinates":[[[-103.359534,25.563376],[-103.359384,25.563142],[-103.359289,25.563192],[-103.359439,25.563426],[-103.359534,25.563376]]]}},{"type":"Feature","properties":{},"geometry":{"type":"Polygon","coordinates":[[[-103.359629,25.563326],[-103.359478,25.563092],[-103.359384,25.563142],[-103.359534,25.563376],[-103.359629,25.563326]]]}},{"type":"Feature","properties":{},"geometry":{"type":"Polygon","coordinates":[[[-103.359723,25.563276],[-103.359573,25.563042],[-103.359478,25.563092],[-103.359629,25.563326],[-103.359723,25.563276]]]}},{"type":"Feature","properties":{},"geometry":{"type":"Polygon","coordinates":[[[-103.359818,25.563226],[-103.359667,25.562992],[-103.359573,25.563042],[-103.359723,25.563276],[-103.359818,25.563226]]]}},{"type":"Feature","properties":{},"geometry":{"type":"Polygon","coordinates":[[[-103.359912,25.563176],[-103.359762,25.562942],[-103.359667,25.562992],[-103.359818,25.563226],[-103.359912,25.563176]]]}},{"type":"Feature","properties":{},"geometry":{"type":"Polygon","coordinates":[[[-103.360007,25.563126],[-103.359856,25.562892],[-103.359762,25.562942],[-103.359912,25.563176],[-103.360007,25.563126]]]}},{"type":"Feature","properties":{},"geometry":{"type":"Polygon","coordinates":[[[-103.360205,25.563022],[-103.360054,25.562788],[-103.35996,25.562838],[-103.36011,25.563072],[-103.360205,25.563022]]]}},{"type":"Feature","properties":{},"geometry":{"type":"Polygon","coordinates":[[[-103.360299,25.562972],[-103.360149,25.562738],[-103.360054,25.562788],[-103.360205,25.563022],[-103.360299,25.562972]]]}},{"type":"Feature","properties":{},"geometry":{"type":"Polygon","coordinates":[[[-103.360394,25.562922],[-103.360243,25.562688],[-103.360149,25.562738],[-103.360299,25.562972],[-103.360394,25.562922]]]}},{"type":"Feature","properties":{},"geometry":{"type":"Polygon","coordinates":[[[-103.360488,25.562872],[-103.360338,25.562638],[-103.360243,25.562688],[-103.360394,25.562922],[-103.360488,25.562872]]]}},{"type":"Feature","properties":{},"geometry":{"type":"Polygon","coordinates":[[[-103.360583,25.562821],[-103.360432,25.562588],[-103.360338,25.562638],[-103.360488,25.562872],[-103.360583,25.562821]]]}},{"type":"Feature","properties":{},"geometry":{"type":"Polygon","coordinates":[[[-103.360677,25.562771],[-103.360527,25.562538],[-103.360432,25.562588],[-103.360583,25.562821],[-103.360677,25.562771]]]}},{"type":"Feature","properties":{},"geometry":{"type":"Polygon","coordinates":[[[-103.360772,25.562721],[-103.360622,25.562488],[-103.360527,25.562538],[-103.360677,25.562771],[-103.360772,25.562721]]]}},{"type":"Feature","properties":{},"geometry":{"type":"Polygon","coordinates":[[[-103.360867,25.562671],[-103.360716,25.562437],[-103.360622,25.562488],[-103.360772,25.562721],[-103.360867,25.562671]]]}},{"type":"Feature","properties":{},"geometry":{"type":"Polygon","coordinates":[[[-103.360961,25.562621],[-103.360811,25.562387],[-103.360716,25.562437],[-103.360867,25.562671],[-103.360961,25.562621]]]}},{"type":"Feature","properties":{},"geometry":{"type":"Polygon","coordinates":[[[-103.361056,25.562571],[-103.360905,25.562337],[-103.360811,25.562387],[-103.360961,25.562621],[-103.361056,25.562571]]]}},{"type":"Feature","properties":{},"geometry":{"type":"Polygon","coordinates":[[[-103.36115,25.562521],[-103.361,25.562287],[-103.360905,25.562337],[-103.361056,25.562571],[-103.36115,25.562521]]]}},{"type":"Feature","properties":{},"geometry":{"type":"Polygon","coordinates":[[[-103.361245,25.562471],[-103.361094,25.562237],[-103.361,25.562287],[-103.36115,25.562521],[-103.361245,25.562471]]]}},{"type":"Feature","properties":{},"geometry":{"type":"Polygon","coordinates":[[[-103.361339,25.562421],[-103.361189,25.562187],[-103.361094,25.562237],[-103.361245,25.562471],[-103.361339,25.562421]]]}},{"type":"Feature","properties":{},"geometry":{"type":"Polygon","coordinates":[[[-103.361434,25.562371],[-103.361284,25.562137],[-103.361189,25.562187],[-103.361339,25.562421],[-103.361434,25.562371]]]}},{"type":"Feature","properties":{},"geometry":{"type":"Polygon","coordinates":[[[-103.361529,25.562321],[-103.361378,25.562087],[-103.361284,25.562137],[-103.361434,25.562371],[-103.361529,25.562321]]]}},{"type":"Feature","properties":{},"geometry":{"type":"Polygon","coordinates":[[[-103.361726,25.562217],[-103.361576,25.561983],[-103.361481,25.562033],[-103.361632,25.562267],[-103.361726,25.562217]]]}},{"type":"Feature","properties":{},"geometry":{"type":"Polygon","coordinates":[[[-103.361821,25.562167],[-103.36167,25.561933],[-103.361576,25.561983],[-103.361726,25.562217],[-103.361821,25.562167]]]}},{"type":"Feature","properties":{},"geometry":{"type":"Polygon","coordinates":[[[-103.361915,25.562117],[-103.361765,25.561883],[-103.36167,25.561933],[-103.361821,25.562167],[-103.361915,25.562117]]]}},{"type":"Feature","properties":{},"geometry":{"type":"Polygon","coordinates":[[[-103.36201,25.562067],[-103.36186,25.561833],[-103.361765,25.561883],[-103.361915,25.562117],[-103.36201,25.562067]]]}},{"type":"Feature","properties":{},"geometry":{"type":"Polygon","coordinates":[[[-103.362105,25.562017],[-103.361954,25.561783],[-103.36186,25.561833],[-103.36201,25.562067],[-103.362105,25.562017]]]}},{"type":"Feature","properties":{},"geometry":{"type":"Polygon","coordinates":[[[-103.362199,25.561967],[-103.362049,25.561733],[-103.361954,25.561783],[-103.362105,25.562017],[-103.362199,25.561967]]]}},{"type":"Feature","properties":{},"geometry":{"type":"Polygon","coordinates":[[[-103.362294,25.561917],[-103.362143,25.561683],[-103.362049,25.561733],[-103.362199,25.561967],[-103.362294,25.561917]]]}},{"type":"Feature","properties":{},"geometry":{"type":"Polygon","coordinates":[[[-103.363343,25.561362],[-103.363192,25.561128],[-103.363098,25.561178],[-103.363248,25.561412],[-103.363343,25.561362]]]}},{"type":"Feature","properties":{},"geometry":{"type":"Polygon","coordinates":[[[-103.363437,25.561312],[-103.363287,25.561078],[-103.363192,25.561128],[-103.363343,25.561362],[-103.363437,25.561312]]]}},{"type":"Feature","properties":{},"geometry":{"type":"Polygon","coordinates":[[[-103.363532,25.561262],[-103.363381,25.561028],[-103.363287,25.561078],[-103.363437,25.561312],[-103.363532,25.561262]]]}},{"type":"Feature","properties":{},"geometry":{"type":"Polygon","coordinates":[[[-103.363626,25.561212],[-103.363476,25.560978],[-103.363381,25.561028],[-103.363532,25.561262],[-103.363626,25.561212]]]}},{"type":"Feature","properties":{},"geometry":{"type":"Polygon","coordinates":[[[-103.363721,25.561162],[-103.36357,25.560928],[-103.363476,25.560978],[-103.363626,25.561212],[-103.363721,25.561162]]]}},{"type":"Feature","properties":{},"geometry":{"type":"Polygon","coordinates":[[[-103.363815,25.561112],[-103.363665,25.560878],[-103.36357,25.560928],[-103.363721,25.561162],[-103.363815,25.561112]]]}},{"type":"Feature","properties":{},"geometry":{"type":"Polygon","coordinates":[[[-103.36391,25.561062],[-103.36376,25.560828],[-103.363665,25.560878],[-103.363815,25.561112],[-103.36391,25.561062]]]}},{"type":"Feature","properties":{},"geometry":{"type":"Polygon","coordinates":[[[-103.364005,25.561011],[-103.363854,25.560778],[-103.36376,25.560828],[-103.36391,25.561062],[-103.364005,25.561011]]]}},{"type":"Feature","properties":{},"geometry":{"type":"Polygon","coordinates":[[[-103.364099,25.560961],[-103.363949,25.560728],[-103.363854,25.560778],[-103.364005,25.561011],[-103.364099,25.560961]]]}},{"type":"Feature","properties":{},"geometry":{"type":"Polygon","coordinates":[[[-103.364194,25.560911],[-103.364043,25.560677],[-103.363949,25.560728],[-103.364099,25.560961],[-103.364194,25.560911]]]}},{"type":"Feature","properties":{},"geometry":{"type":"Polygon","coordinates":[[[-103.364288,25.560861],[-103.364138,25.560627],[-103.364043,25.560677],[-103.364194,25.560911],[-103.364288,25.560861]]]}},{"type":"Feature","properties":{},"geometry":{"type":"Polygon","coordinates":[[[-103.364383,25.560811],[-103.364232,25.560577],[-103.364138,25.560627],[-103.364288,25.560861],[-103.364383,25.560811]]]}},{"type":"Feature","properties":{},"geometry":{"type":"Polygon","coordinates":[[[-103.364477,25.560761],[-103.364327,25.560527],[-103.364232,25.560577],[-103.364383,25.560811],[-103.364477,25.560761]]]}},{"type":"Feature","properties":{},"geometry":{"type":"Polygon","coordinates":[[[-103.364572,25.560711],[-103.364422,25.560477],[-103.364327,25.560527],[-103.364477,25.560761],[-103.364572,25.560711]]]}},{"type":"Feature","properties":{},"geometry":{"type":"Polygon","coordinates":[[[-103.36477,25.560607],[-103.364619,25.560373],[-103.364525,25.560423],[-103.364675,25.560657],[-103.36477,25.560607]]]}},{"type":"Feature","properties":{},"geometry":{"type":"Polygon","coordinates":[[[-103.364864,25.560557],[-103.364714,25.560323],[-103.364619,25.560373],[-103.36477,25.560607],[-103.364864,25.560557]]]}},{"type":"Feature","properties":{},"geometry":{"type":"Polygon","coordinates":[[[-103.364959,25.560507],[-103.364808,25.560273],[-103.364714,25.560323],[-103.364864,25.560557],[-103.364959,25.560507]]]}},{"type":"Feature","properties":{},"geometry":{"type":"Polygon","coordinates":[[[-103.365053,25.560457],[-103.364903,25.560223],[-103.364808,25.560273],[-103.364959,25.560507],[-103.365053,25.560457]]]}},{"type":"Feature","properties":{},"geometry":{"type":"Polygon","coordinates":[[[-103.366094,25.559906],[-103.365943,25.559672],[-103.365849,25.559722],[-103.365999,25.559956],[-103.366094,25.559906]]]}},{"type":"Feature","properties":{},"geometry":{"type":"Polygon","coordinates":[[[-103.366291,25.559802],[-103.366141,25.559568],[-103.366046,25.559618],[-103.366197,25.559852],[-103.366291,25.559802]]]}},{"type":"Feature","properties":{},"geometry":{"type":"Polygon","coordinates":[[[-103.366386,25.559752],[-103.366235,25.559518],[-103.366141,25.559568],[-103.366291,25.559802],[-103.366386,25.559752]]]}},{"type":"Feature","properties":{},"geometry":{"type":"Polygon","coordinates":[[[-103.36648,25.559702],[-103.36633,25.559468],[-103.366235,25.559518],[-103.366386,25.559752],[-103.36648,25.559702]]]}},{"type":"Feature","properties":{},"geometry":{"type":"Polygon","coordinates":[[[-103.366575,25.559652],[-103.366425,25.559418],[-103.36633,25.559468],[-103.36648,25.559702],[-103.366575,25.559652]]]}},{"type":"Feature","properties":{},"geometry":{"type":"Polygon","coordinates":[[[-103.36667,25.559602],[-103.366519,25.559368],[-103.366425,25.559418],[-103.366575,25.559652],[-103.36667,25.559602]]]}},{"type":"Feature","properties":{},"geometry":{"type":"Polygon","coordinates":[[[-103.366764,25.559552],[-103.366614,25.559318],[-103.366519,25.559368],[-103.36667,25.559602],[-103.366764,25.559552]]]}},{"type":"Feature","properties":{},"geometry":{"type":"Polygon","coordinates":[[[-103.366859,25.559502],[-103.366708,25.559268],[-103.366614,25.559318],[-103.366764,25.559552],[-103.366859,25.559502]]]}},{"type":"Feature","properties":{},"geometry":{"type":"Polygon","coordinates":[[[-103.366953,25.559452],[-103.366803,25.559218],[-103.366708,25.559268],[-103.366859,25.559502],[-103.366953,25.559452]]]}},{"type":"Feature","properties":{},"geometry":{"type":"Polygon","coordinates":[[[-103.367048,25.559402],[-103.366897,25.559168],[-103.366803,25.559218],[-103.366953,25.559452],[-103.367048,25.559402]]]}},{"type":"Feature","properties":{},"geometry":{"type":"Polygon","coordinates":[[[-103.367142,25.559351],[-103.366992,25.559118],[-103.366897,25.559168],[-103.367048,25.559402],[-103.367142,25.559351]]]}},{"type":"Feature","properties":{},"geometry":{"type":"Polygon","coordinates":[[[-103.367237,25.559301],[-103.367087,25.559068],[-103.366992,25.559118],[-103.367142,25.559351],[-103.367237,25.559301]]]}},{"type":"Feature","properties":{},"geometry":{"type":"Polygon","coordinates":[[[-103.367332,25.559251],[-103.367181,25.559017],[-103.367087,25.559068],[-103.367237,25.559301],[-103.367332,25.559251]]]}},{"type":"Feature","properties":{},"geometry":{"type":"Polygon","coordinates":[[[-103.367426,25.559201],[-103.367276,25.558967],[-103.367181,25.559017],[-103.367332,25.559251],[-103.367426,25.559201]]]}},{"type":"Feature","properties":{},"geometry":{"type":"Polygon","coordinates":[[[-103.367521,25.559151],[-103.36737,25.558917],[-103.367276,25.558967],[-103.367426,25.559201],[-103.367521,25.559151]]]}},{"type":"Feature","properties":{},"geometry":{"type":"Polygon","coordinates":[[[-103.367615,25.559101],[-103.367465,25.558867],[-103.36737,25.558917],[-103.367521,25.559151],[-103.367615,25.559101]]]}},{"type":"Feature","properties":{},"geometry":{"type":"Polygon","coordinates":[[[-103.367813,25.558997],[-103.367663,25.558763],[-103.367568,25.558813],[-103.367718,25.559047],[-103.367813,25.558997]]]}},{"type":"Feature","properties":{},"geometry":{"type":"Polygon","coordinates":[[[-103.367908,25.558947],[-103.367757,25.558713],[-103.367663,25.558763],[-103.367813,25.558997],[-103.367908,25.558947]]]}},{"type":"Feature","properties":{},"geometry":{"type":"Polygon","coordinates":[[[-103.368002,25.558897],[-103.367852,25.558663],[-103.367757,25.558713],[-103.367908,25.558947],[-103.368002,25.558897]]]}},{"type":"Feature","properties":{},"geometry":{"type":"Polygon","coordinates":[[[-103.368097,25.558847],[-103.367946,25.558613],[-103.367852,25.558663],[-103.368002,25.558897],[-103.368097,25.558847]]]}},{"type":"Feature","properties":{},"geometry":{"type":"Polygon","coordinates":[[[-103.368191,25.558797],[-103.368041,25.558563],[-103.367946,25.558613],[-103.368097,25.558847],[-103.368191,25.558797]]]}},{"type":"Feature","properties":{},"geometry":{"type":"Polygon","coordinates":[[[-103.368286,25.558747],[-103.368135,25.558513],[-103.368041,25.558563],[-103.368191,25.558797],[-103.368286,25.558747]]]}},{"type":"Feature","properties":{},"geometry":{"type":"Polygon","coordinates":[[[-103.358051,25.563847],[-103.357901,25.563613],[-103.357806,25.563663],[-103.357956,25.563897],[-103.358051,25.563847]]]}},{"type":"Feature","properties":{},"geometry":{"type":"Polygon","coordinates":[[[-103.358146,25.563797],[-103.357995,25.563563],[-103.357901,25.563613],[-103.358051,25.563847],[-103.358146,25.563797]]]}},{"type":"Feature","properties":{},"geometry":{"type":"Polygon","coordinates":[[[-103.35824,25.563747],[-103.35809,25.563513],[-103.357995,25.563563],[-103.358146,25.563797],[-103.35824,25.563747]]]}},{"type":"Feature","properties":{},"geometry":{"type":"Polygon","coordinates":[[[-103.358335,25.563697],[-103.358184,25.563463],[-103.35809,25.563513],[-103.35824,25.563747],[-103.358335,25.563697]]]}},{"type":"Feature","properties":{},"geometry":{"type":"Polygon","coordinates":[[[-103.358532,25.563593],[-103.358382,25.563359],[-103.358288,25.563409],[-103.358438,25.563643],[-103.358532,25.563593]]]}},{"type":"Feature","properties":{},"geometry":{"type":"Polygon","coordinates":[[[-103.358627,25.563543],[-103.358477,25.563309],[-103.358382,25.563359],[-103.358532,25.563593],[-103.358627,25.563543]]]}},{"type":"Feature","properties":{},"geometry":{"type":"Polygon","coordinates":[[[-103.358722,25.563493],[-103.358571,25.563259],[-103.358477,25.563309],[-103.358627,25.563543],[-103.358722,25.563493]]]}},{"type":"Feature","properties":{},"geometry":{"type":"Polygon","coordinates":[[[-103.358816,25.563442],[-103.358666,25.563209],[-103.358571,25.563259],[-103.358722,25.563493],[-103.358816,25.563442]]]}},{"type":"Feature","properties":{},"geometry":{"type":"Polygon","coordinates":[[[-103.358911,25.563392],[-103.35876,25.563159],[-103.358666,25.563209],[-103.358816,25.563442],[-103.358911,25.563392]]]}},{"type":"Feature","properties":{},"geometry":{"type":"Polygon","coordinates":[[[-103.359005,25.563342],[-103.358855,25.563109],[-103.35876,25.563159],[-103.358911,25.563392],[-103.359005,25.563342]]]}},{"type":"Feature","properties":{},"geometry":{"type":"Polygon","coordinates":[[[-103.3591,25.563292],[-103.35895,25.563058],[-103.358855,25.563109],[-103.359005,25.563342],[-103.3591,25.563292]]]}},{"type":"Feature","properties":{},"geometry":{"type":"Polygon","coordinates":[[[-103.359194,25.563242],[-103.359044,25.563008],[-103.35895,25.563058],[-103.3591,25.563292],[-103.359194,25.563242]]]}},{"type":"Feature","properties":{},"geometry":{"type":"Polygon","coordinates":[[[-103.359289,25.563192],[-103.359139,25.562958],[-103.359044,25.563008],[-103.359194,25.563242],[-103.359289,25.563192]]]}},{"type":"Feature","properties":{},"geometry":{"type":"Polygon","coordinates":[[[-103.359384,25.563142],[-103.359233,25.562908],[-103.359139,25.562958],[-103.359289,25.563192],[-103.359384,25.563142]]]}},{"type":"Feature","properties":{},"geometry":{"type":"Polygon","coordinates":[[[-103.359478,25.563092],[-103.359328,25.562858],[-103.359233,25.562908],[-103.359384,25.563142],[-103.359478,25.563092]]]}},{"type":"Feature","properties":{},"geometry":{"type":"Polygon","coordinates":[[[-103.359573,25.563042],[-103.359422,25.562808],[-103.359328,25.562858],[-103.359478,25.563092],[-103.359573,25.563042]]]}},{"type":"Feature","properties":{},"geometry":{"type":"Polygon","coordinates":[[[-103.359667,25.562992],[-103.359517,25.562758],[-103.359422,25.562808],[-103.359573,25.563042],[-103.359667,25.562992]]]}},{"type":"Feature","properties":{},"geometry":{"type":"Polygon","coordinates":[[[-103.359762,25.562942],[-103.359612,25.562708],[-103.359517,25.562758],[-103.359667,25.562992],[-103.359762,25.562942]]]}},{"type":"Feature","properties":{},"geometry":{"type":"Polygon","coordinates":[[[-103.359856,25.562892],[-103.359706,25.562658],[-103.359612,25.562708],[-103.359762,25.562942],[-103.359856,25.562892]]]}},{"type":"Feature","properties":{},"geometry":{"type":"Polygon","coordinates":[[[-103.360054,25.562788],[-103.359904,25.562554],[-103.359809,25.562604],[-103.35996,25.562838],[-103.360054,25.562788]]]}},{"type":"Feature","properties":{},"geometry":{"type":"Polygon","coordinates":[[[-103.360149,25.562738],[-103.359998,25.562504],[-103.359904,25.562554],[-103.360054,25.562788],[-103.360149,25.562738]]]}},{"type":"Feature","properties":{},"geometry":{"type":"Polygon","coordinates":[[[-103.360243,25.562688],[-103.360093,25.562454],[-103.359998,25.562504],[-103.360149,25.562738],[-103.360243,25.562688]]]}},{"type":"Feature","properties":{},"geometry":{"type":"Polygon","coordinates":[[[-103.360338,25.562638],[-103.360188,25.562404],[-103.360093,25.562454],[-103.360243,25.562688],[-103.360338,25.562638]]]}},{"type":"Feature","properties":{},"geometry":{"type":"Polygon","coordinates":[[[-103.360432,25.562588],[-103.360282,25.562354],[-103.360188,25.562404],[-103.360338,25.562638],[-103.360432,25.562588]]]}},{"type":"Feature","properties":{},"geometry":{"type":"Polygon","coordinates":[[[-103.360527,25.562538],[-103.360377,25.562304],[-103.360282,25.562354],[-103.360432,25.562588],[-103.360527,25.562538]]]}},{"type":"Feature","properties":{},"geometry":{"type":"Polygon","coordinates":[[[-103.360622,25.562488],[-103.360471,25.562254],[-103.360377,25.562304],[-103.360527,25.562538],[-103.360622,25.562488]]]}},{"type":"Feature","properties":{},"geometry":{"type":"Polygon","coordinates":[[[-103.360716,25.562437],[-103.360566,25.562204],[-103.360471,25.562254],[-103.360622,25.562488],[-103.360716,25.562437]]]}},{"type":"Feature","properties":{},"geometry":{"type":"Polygon","coordinates":[[[-103.360811,25.562387],[-103.36066,25.562154],[-103.360566,25.562204],[-103.360716,25.562437],[-103.360811,25.562387]]]}},{"type":"Feature","properties":{},"geometry":{"type":"Polygon","coordinates":[[[-103.360905,25.562337],[-103.360755,25.562103],[-103.36066,25.562154],[-103.360811,25.562387],[-103.360905,25.562337]]]}},{"type":"Feature","properties":{},"geometry":{"type":"Polygon","coordinates":[[[-103.361,25.562287],[-103.36085,25.562053],[-103.360755,25.562103],[-103.360905,25.562337],[-103.361,25.562287]]]}},{"type":"Feature","properties":{},"geometry":{"type":"Polygon","coordinates":[[[-103.361094,25.562237],[-103.360944,25.562003],[-103.36085,25.562053],[-103.361,25.562287],[-103.361094,25.562237]]]}},{"type":"Feature","properties":{},"geometry":{"type":"Polygon","coordinates":[[[-103.361189,25.562187],[-103.361039,25.561953],[-103.360944,25.562003],[-103.361094,25.562237],[-103.361189,25.562187]]]}},{"type":"Feature","properties":{},"geometry":{"type":"Polygon","coordinates":[[[-103.361284,25.562137],[-103.361133,25.561903],[-103.361039,25.561953],[-103.361189,25.562187],[-103.361284,25.562137]]]}},{"type":"Feature","properties":{},"geometry":{"type":"Polygon","coordinates":[[[-103.361378,25.562087],[-103.361228,25.561853],[-103.361133,25.561903],[-103.361284,25.562137],[-103.361378,25.562087]]]}},{"type":"Feature","properties":{},"geometry":{"type":"Polygon","coordinates":[[[-103.361576,25.561983],[-103.361426,25.561749],[-103.361331,25.561799],[-103.361481,25.562033],[-103.361576,25.561983]]]}},{"type":"Feature","properties":{},"geometry":{"type":"Polygon","coordinates":[[[-103.36167,25.561933],[-103.36152,25.561699],[-103.361426,25.561749],[-103.361576,25.561983],[-103.36167,25.561933]]]}},{"type":"Feature","properties":{},"geometry":{"type":"Polygon","coordinates":[[[-103.361765,25.561883],[-103.361615,25.561649],[-103.36152,25.561699],[-103.36167,25.561933],[-103.361765,25.561883]]]}},{"type":"Feature","properties":{},"geometry":{"type":"Polygon","coordinates":[[[-103.36186,25.561833],[-103.361709,25.561599],[-103.361615,25.561649],[-103.361765,25.561883],[-103.36186,25.561833]]]}},{"type":"Feature","properties":{},"geometry":{"type":"Polygon","coordinates":[[[-103.361954,25.561783],[-103.361804,25.561549],[-103.361709,25.561599],[-103.36186,25.561833],[-103.361954,25.561783]]]}},{"type":"Feature","properties":{},"geometry":{"type":"Polygon","coordinates":[[[-103.362049,25.561733],[-103.361898,25.561499],[-103.361804,25.561549],[-103.361954,25.561783],[-103.362049,25.561733]]]}},{"type":"Feature","properties":{},"geometry":{"type":"Polygon","coordinates":[[[-103.362143,25.561683],[-103.361993,25.561449],[-103.361898,25.561499],[-103.362049,25.561733],[-103.362143,25.561683]]]}},{"type":"Feature","properties":{},"geometry":{"type":"Polygon","coordinates":[[[-103.363192,25.561128],[-103.363042,25.560894],[-103.362947,25.560944],[-103.363098,25.561178],[-103.363192,25.561128]]]}},{"type":"Feature","properties":{},"geometry":{"type":"Polygon","coordinates":[[[-103.363287,25.561078],[-103.363136,25.560844],[-103.363042,25.560894],[-103.363192,25.561128],[-103.363287,25.561078]]]}},{"type":"Feature","properties":{},"geometry":{"type":"Polygon","coordinates":[[[-103.363381,25.561028],[-103.363231,25.560794],[-103.363136,25.560844],[-103.363287,25.561078],[-103.363381,25.561028]]]}},{"type":"Feature","properties":{},"geometry":{"type":"Polygon","coordinates":[[[-103.363476,25.560978],[-103.363325,25.560744],[-103.363231,25.560794],[-103.363381,25.561028],[-103.363476,25.560978]]]}},{"type":"Feature","properties":{},"geometry":{"type":"Polygon","coordinates":[[[-103.36357,25.560928],[-103.36342,25.560694],[-103.363325,25.560744],[-103.363476,25.560978],[-103.36357,25.560928]]]}},{"type":"Feature","properties":{},"geometry":{"type":"Polygon","coordinates":[[[-103.363665,25.560878],[-103.363515,25.560644],[-103.36342,25.560694],[-103.36357,25.560928],[-103.363665,25.560878]]]}},{"type":"Feature","properties":{},"geometry":{"type":"Polygon","coordinates":[[[-103.36376,25.560828],[-103.363609,25.560594],[-103.363515,25.560644],[-103.363665,25.560878],[-103.36376,25.560828]]]}},{"type":"Feature","properties":{},"geometry":{"type":"Polygon","coordinates":[[[-103.363854,25.560778],[-103.363704,25.560544],[-103.363609,25.560594],[-103.36376,25.560828],[-103.363854,25.560778]]]}},{"type":"Feature","properties":{},"geometry":{"type":"Polygon","coordinates":[[[-103.363949,25.560728],[-103.363798,25.560494],[-103.363704,25.560544],[-103.363854,25.560778],[-103.363949,25.560728]]]}},{"type":"Feature","properties":{},"geometry":{"type":"Polygon","coordinates":[[[-103.364043,25.560677],[-103.363893,25.560444],[-103.363798,25.560494],[-103.363949,25.560728],[-103.364043,25.560677]]]}},{"type":"Feature","properties":{},"geometry":{"type":"Polygon","coordinates":[[[-103.364138,25.560627],[-103.363987,25.560394],[-103.363893,25.560444],[-103.364043,25.560677],[-103.364138,25.560627]]]}},{"type":"Feature","properties":{},"geometry":{"type":"Polygon","coordinates":[[[-103.364232,25.560577],[-103.364082,25.560343],[-103.363987,25.560394],[-103.364138,25.560627],[-103.364232,25.560577]]]}},{"type":"Feature","properties":{},"geometry":{"type":"Polygon","coordinates":[[[-103.364327,25.560527],[-103.364177,25.560293],[-103.364082,25.560343],[-103.364232,25.560577],[-103.364327,25.560527]]]}},{"type":"Feature","properties":{},"geometry":{"type":"Polygon","coordinates":[[[-103.364422,25.560477],[-103.364271,25.560243],[-103.364177,25.560293],[-103.364327,25.560527],[-103.364422,25.560477]]]}},{"type":"Feature","properties":{},"geometry":{"type":"Polygon","coordinates":[[[-103.364619,25.560373],[-103.364469,25.560139],[-103.364374,25.560189],[-103.364525,25.560423],[-103.364619,25.560373]]]}},{"type":"Feature","properties":{},"geometry":{"type":"Polygon","coordinates":[[[-103.364714,25.560323],[-103.364563,25.560089],[-103.364469,25.560139],[-103.364619,25.560373],[-103.364714,25.560323]]]}},{"type":"Feature","properties":{},"geometry":{"type":"Polygon","coordinates":[[[-103.364808,25.560273],[-103.364658,25.560039],[-103.364563,25.560089],[-103.364714,25.560323],[-103.364808,25.560273]]]}},{"type":"Feature","properties":{},"geometry":{"type":"Polygon","coordinates":[[[-103.364903,25.560223],[-103.364753,25.559989],[-103.364658,25.560039],[-103.364808,25.560273],[-103.364903,25.560223]]]}},{"type":"Feature","properties":{},"geometry":{"type":"Polygon","coordinates":[[[-103.365943,25.559672],[-103.365793,25.559438],[-103.365698,25.559488],[-103.365849,25.559722],[-103.365943,25.559672]]]}},{"type":"Feature","properties":{},"geometry":{"type":"Polygon","coordinates":[[[-103.366141,25.559568],[-103.365991,25.559334],[-103.365896,25.559384],[-103.366046,25.559618],[-103.366141,25.559568]]]}},{"type":"Feature","properties":{},"geometry":{"type":"Polygon","coordinates":[[[-103.366235,25.559518],[-103.366085,25.559284],[-103.365991,25.559334],[-103.366141,25.559568],[-103.366235,25.559518]]]}},{"type":"Feature","properties":{},"geometry":{"type":"Polygon","coordinates":[[[-103.36633,25.559468],[-103.36618,25.559234],[-103.366085,25.559284],[-103.366235,25.559518],[-103.36633,25.559468]]]}},{"type":"Feature","properties":{},"geometry":{"type":"Polygon","coordinates":[[[-103.366425,25.559418],[-103.366274,25.559184],[-103.36618,25.559234],[-103.36633,25.559468],[-103.366425,25.559418]]]}},{"type":"Feature","properties":{},"geometry":{"type":"Polygon","coordinates":[[[-103.366519,25.559368],[-103.366369,25.559134],[-103.366274,25.559184],[-103.366425,25.559418],[-103.366519,25.559368]]]}},{"type":"Feature","properties":{},"geometry":{"type":"Polygon","coordinates":[[[-103.366614,25.559318],[-103.366463,25.559084],[-103.366369,25.559134],[-103.366519,25.559368],[-103.366614,25.559318]]]}},{"type":"Feature","properties":{},"geometry":{"type":"Polygon","coordinates":[[[-103.366708,25.559268],[-103.366558,25.559034],[-103.366463,25.559084],[-103.366614,25.559318],[-103.366708,25.559268]]]}},{"type":"Feature","properties":{},"geometry":{"type":"Polygon","coordinates":[[[-103.366803,25.559218],[-103.366652,25.558984],[-103.366558,25.559034],[-103.366708,25.559268],[-103.366803,25.559218]]]}},{"type":"Feature","properties":{},"geometry":{"type":"Polygon","coordinates":[[[-103.366897,25.559168],[-103.366747,25.558934],[-103.366652,25.558984],[-103.366803,25.559218],[-103.366897,25.559168]]]}},{"type":"Feature","properties":{},"geometry":{"type":"Polygon","coordinates":[[[-103.366992,25.559118],[-103.366842,25.558884],[-103.366747,25.558934],[-103.366897,25.559168],[-103.366992,25.559118]]]}},{"type":"Feature","properties":{},"geometry":{"type":"Polygon","coordinates":[[[-103.367087,25.559068],[-103.366936,25.558834],[-103.366842,25.558884],[-103.366992,25.559118],[-103.367087,25.559068]]]}},{"type":"Feature","properties":{},"geometry":{"type":"Polygon","coordinates":[[[-103.367181,25.559017],[-103.367031,25.558784],[-103.366936,25.558834],[-103.367087,25.559068],[-103.367181,25.559017]]]}},{"type":"Feature","properties":{},"geometry":{"type":"Polygon","coordinates":[[[-103.367276,25.558967],[-103.367125,25.558734],[-103.367031,25.558784],[-103.367181,25.559017],[-103.367276,25.558967]]]}},{"type":"Feature","properties":{},"geometry":{"type":"Polygon","coordinates":[[[-103.36737,25.558917],[-103.36722,25.558683],[-103.367125,25.558734],[-103.367276,25.558967],[-103.36737,25.558917]]]}},{"type":"Feature","properties":{},"geometry":{"type":"Polygon","coordinates":[[[-103.367465,25.558867],[-103.367314,25.558633],[-103.36722,25.558683],[-103.36737,25.558917],[-103.367465,25.558867]]]}},{"type":"Feature","properties":{},"geometry":{"type":"Polygon","coordinates":[[[-103.367663,25.558763],[-103.367512,25.558529],[-103.367418,25.558579],[-103.367568,25.558813],[-103.367663,25.558763]]]}},{"type":"Feature","properties":{},"geometry":{"type":"Polygon","coordinates":[[[-103.367757,25.558713],[-103.367607,25.558479],[-103.367512,25.558529],[-103.367663,25.558763],[-103.367757,25.558713]]]}},{"type":"Feature","properties":{},"geometry":{"type":"Polygon","coordinates":[[[-103.35803,25.56342],[-103.357879,25.563186],[-103.357785,25.563236],[-103.357935,25.56347],[-103.35803,25.56342]]]}},{"type":"Feature","properties":{},"geometry":{"type":"Polygon","coordinates":[[[-103.358124,25.56337],[-103.357974,25.563136],[-103.357879,25.563186],[-103.35803,25.56342],[-103.358124,25.56337]]]}},{"type":"Feature","properties":{},"geometry":{"type":"Polygon","coordinates":[[[-103.358322,25.563265],[-103.358172,25.563031],[-103.358077,25.563081],[-103.358227,25.563315],[-103.358322,25.563265]]]}},{"type":"Feature","properties":{},"geometry":{"type":"Polygon","coordinates":[[[-103.358416,25.563215],[-103.358266,25.562981],[-103.358172,25.563031],[-103.358322,25.563265],[-103.358416,25.563215]]]}},{"type":"Feature","properties":{},"geometry":{"type":"Polygon","coordinates":[[[-103.358511,25.563165],[-103.358361,25.562931],[-103.358266,25.562981],[-103.358416,25.563215],[-103.358511,25.563165]]]}},{"type":"Feature","properties":{},"geometry":{"type":"Polygon","coordinates":[[[-103.358606,25.563115],[-103.358455,25.562881],[-103.358361,25.562931],[-103.358511,25.563165],[-103.358606,25.563115]]]}},{"type":"Feature","properties":{},"geometry":{"type":"Polygon","coordinates":[[[-103.3587,25.563065],[-103.35855,25.562831],[-103.358455,25.562881],[-103.358606,25.563115],[-103.3587,25.563065]]]}},{"type":"Feature","properties":{},"geometry":{"type":"Polygon","coordinates":[[[-103.358795,25.563015],[-103.358644,25.562781],[-103.35855,25.562831],[-103.3587,25.563065],[-103.358795,25.563015]]]}},{"type":"Feature","properties":{},"geometry":{"type":"Polygon","coordinates":[[[-103.358889,25.562965],[-103.358739,25.562731],[-103.358644,25.562781],[-103.358795,25.563015],[-103.358889,25.562965]]]}},{"type":"Feature","properties":{},"geometry":{"type":"Polygon","coordinates":[[[-103.358984,25.562915],[-103.358834,25.562681],[-103.358739,25.562731],[-103.358889,25.562965],[-103.358984,25.562915]]]}},{"type":"Feature","properties":{},"geometry":{"type":"Polygon","coordinates":[[[-103.359078,25.562865],[-103.358928,25.562631],[-103.358834,25.562681],[-103.358984,25.562915],[-103.359078,25.562865]]]}},{"type":"Feature","properties":{},"geometry":{"type":"Polygon","coordinates":[[[-103.359173,25.562815],[-103.359023,25.562581],[-103.358928,25.562631],[-103.359078,25.562865],[-103.359173,25.562815]]]}},{"type":"Feature","properties":{},"geometry":{"type":"Polygon","coordinates":[[[-103.359268,25.562765],[-103.359117,25.562531],[-103.359023,25.562581],[-103.359173,25.562815],[-103.359268,25.562765]]]}},{"type":"Feature","properties":{},"geometry":{"type":"Polygon","coordinates":[[[-103.359362,25.562715],[-103.359212,25.562481],[-103.359117,25.562531],[-103.359268,25.562765],[-103.359362,25.562715]]]}},{"type":"Feature","properties":{},"geometry":{"type":"Polygon","coordinates":[[[-103.359457,25.562665],[-103.359306,25.562431],[-103.359212,25.562481],[-103.359362,25.562715],[-103.359457,25.562665]]]}},{"type":"Feature","properties":{},"geometry":{"type":"Polygon","coordinates":[[[-103.359551,25.562615],[-103.359401,25.562381],[-103.359306,25.562431],[-103.359457,25.562665],[-103.359551,25.562615]]]}},{"type":"Feature","properties":{},"geometry":{"type":"Polygon","coordinates":[[[-103.359646,25.562565],[-103.359496,25.562331],[-103.359401,25.562381],[-103.359551,25.562615],[-103.359646,25.562565]]]}},{"type":"Feature","properties":{},"geometry":{"type":"Polygon","coordinates":[[[-103.359844,25.56246],[-103.359693,25.562226],[-103.359599,25.562276],[-103.359749,25.56251],[-103.359844,25.56246]]]}},{"type":"Feature","properties":{},"geometry":{"type":"Polygon","coordinates":[[[-103.359938,25.56241],[-103.359788,25.562176],[-103.359693,25.562226],[-103.359844,25.56246],[-103.359938,25.56241]]]}},{"type":"Feature","properties":{},"geometry":{"type":"Polygon","coordinates":[[[-103.360033,25.56236],[-103.359882,25.562126],[-103.359788,25.562176],[-103.359938,25.56241],[-103.360033,25.56236]]]}},{"type":"Feature","properties":{},"geometry":{"type":"Polygon","coordinates":[[[-103.360127,25.56231],[-103.359977,25.562076],[-103.359882,25.562126],[-103.360033,25.56236],[-103.360127,25.56231]]]}},{"type":"Feature","properties":{},"geometry":{"type":"Polygon","coordinates":[[[-103.360222,25.56226],[-103.360072,25.562026],[-103.359977,25.562076],[-103.360127,25.56231],[-103.360222,25.56226]]]}},{"type":"Feature","properties":{},"geometry":{"type":"Polygon","coordinates":[[[-103.360316,25.56221],[-103.360166,25.561976],[-103.360072,25.562026],[-103.360222,25.56226],[-103.360316,25.56221]]]}},{"type":"Feature","properties":{},"geometry":{"type":"Polygon","coordinates":[[[-103.360411,25.56216],[-103.360261,25.561926],[-103.360166,25.561976],[-103.360316,25.56221],[-103.360411,25.56216]]]}},{"type":"Feature","properties":{},"geometry":{"type":"Polygon","coordinates":[[[-103.360506,25.56211],[-103.360355,25.561876],[-103.360261,25.561926],[-103.360411,25.56216],[-103.360506,25.56211]]]}},{"type":"Feature","properties":{},"geometry":{"type":"Polygon","coordinates":[[[-103.3606,25.56206],[-103.36045,25.561826],[-103.360355,25.561876],[-103.360506,25.56211],[-103.3606,25.56206]]]}},{"type":"Feature","properties":{},"geometry":{"type":"Polygon","coordinates":[[[-103.360695,25.56201],[-103.360544,25.561776],[-103.36045,25.561826],[-103.3606,25.56206],[-103.360695,25.56201]]]}},{"type":"Feature","properties":{},"geometry":{"type":"Polygon","coordinates":[[[-103.360789,25.56196],[-103.360639,25.561726],[-103.360544,25.561776],[-103.360695,25.56201],[-103.360789,25.56196]]]}},{"type":"Feature","properties":{},"geometry":{"type":"Polygon","coordinates":[[[-103.360884,25.56191],[-103.360733,25.561676],[-103.360639,25.561726],[-103.360789,25.56196],[-103.360884,25.56191]]]}},{"type":"Feature","properties":{},"geometry":{"type":"Polygon","coordinates":[[[-103.360978,25.56186],[-103.360828,25.561626],[-103.360733,25.561676],[-103.360884,25.56191],[-103.360978,25.56186]]]}},{"type":"Feature","properties":{},"geometry":{"type":"Polygon","coordinates":[[[-103.361073,25.56181],[-103.360923,25.561576],[-103.360828,25.561626],[-103.360978,25.56186],[-103.361073,25.56181]]]}},{"type":"Feature","properties":{},"geometry":{"type":"Polygon","coordinates":[[[-103.361168,25.56176],[-103.361017,25.561526],[-103.360923,25.561576],[-103.361073,25.56181],[-103.361168,25.56176]]]}},{"type":"Feature","properties":{},"geometry":{"type":"Polygon","coordinates":[[[-103.361365,25.561655],[-103.361215,25.561421],[-103.36112,25.561471],[-103.361271,25.561705],[-103.361365,25.561655]]]}},{"type":"Feature","properties":{},"geometry":{"type":"Polygon","coordinates":[[[-103.36146,25.561605],[-103.36131,25.561371],[-103.361215,25.561421],[-103.361365,25.561655],[-103.36146,25.561605]]]}},{"type":"Feature","properties":{},"geometry":{"type":"Polygon","coordinates":[[[-103.361554,25.561555],[-103.361404,25.561321],[-103.36131,25.561371],[-103.36146,25.561605],[-103.361554,25.561555]]]}},{"type":"Feature","properties":{},"geometry":{"type":"Polygon","coordinates":[[[-103.361649,25.561505],[-103.361499,25.561271],[-103.361404,25.561321],[-103.361554,25.561555],[-103.361649,25.561505]]]}},{"type":"Feature","properties":{},"geometry":{"type":"Polygon","coordinates":[[[-103.361744,25.561455],[-103.361593,25.561221],[-103.361499,25.561271],[-103.361649,25.561505],[-103.361744,25.561455]]]}},{"type":"Feature","properties":{},"geometry":{"type":"Polygon","coordinates":[[[-103.361838,25.561405],[-103.361688,25.561171],[-103.361593,25.561221],[-103.361744,25.561455],[-103.361838,25.561405]]]}},{"type":"Feature","properties":{},"geometry":{"type":"Polygon","coordinates":[[[-103.361933,25.561355],[-103.361782,25.561121],[-103.361688,25.561171],[-103.361838,25.561405],[-103.361933,25.561355]]]}},{"type":"Feature","properties":{},"geometry":{"type":"Polygon","coordinates":[[[-103.362982,25.5608],[-103.362831,25.560566],[-103.362737,25.560616],[-103.362887,25.56085],[-103.362982,25.5608]]]}},{"type":"Feature","properties":{},"geometry":{"type":"Polygon","coordinates":[[[-103.363076,25.56075],[-103.362926,25.560516],[-103.362831,25.560566],[-103.362982,25.5608],[-103.363076,25.56075]]]}},{"type":"Feature","properties":{},"geometry":{"type":"Polygon","coordinates":[[[-103.363171,25.5607],[-103.36302,25.560466],[-103.362926,25.560516],[-103.363076,25.56075],[-103.363171,25.5607]]]}},{"type":"Feature","properties":{},"geometry":{"type":"Polygon","coordinates":[[[-103.363265,25.56065],[-103.363115,25.560416],[-103.36302,25.560466],[-103.363171,25.5607],[-103.363265,25.56065]]]}},{"type":"Feature","properties":{},"geometry":{"type":"Polygon","coordinates":[[[-103.36336,25.5606],[-103.363209,25.560366],[-103.363115,25.560416],[-103.363265,25.56065],[-103.36336,25.5606]]]}},{"type":"Feature","properties":{},"geometry":{"type":"Polygon","coordinates":[[[-103.363454,25.56055],[-103.363304,25.560316],[-103.363209,25.560366],[-103.36336,25.5606],[-103.363454,25.56055]]]}},{"type":"Feature","properties":{},"geometry":{"type":"Polygon","coordinates":[[[-103.363549,25.5605],[-103.363399,25.560266],[-103.363304,25.560316],[-103.363454,25.56055],[-103.363549,25.5605]]]}},{"type":"Feature","properties":{},"geometry":{"type":"Polygon","coordinates":[[[-103.363644,25.56045],[-103.363493,25.560216],[-103.363399,25.560266],[-103.363549,25.5605],[-103.363644,25.56045]]]}},{"type":"Feature","properties":{},"geometry":{"type":"Polygon","coordinates":[[[-103.363738,25.5604],[-103.363588,25.560166],[-103.363493,25.560216],[-103.363644,25.56045],[-103.363738,25.5604]]]}},{"type":"Feature","properties":{},"geometry":{"type":"Polygon","coordinates":[[[-103.363833,25.56035],[-103.363682,25.560116],[-103.363588,25.560166],[-103.363738,25.5604],[-103.363833,25.56035]]]}},{"type":"Feature","properties":{},"geometry":{"type":"Polygon","coordinates":[[[-103.363927,25.5603],[-103.363777,25.560066],[-103.363682,25.560116],[-103.363833,25.56035],[-103.363927,25.5603]]]}},{"type":"Feature","properties":{},"geometry":{"type":"Polygon","coordinates":[[[-103.364022,25.56025],[-103.363871,25.560016],[-103.363777,25.560066],[-103.363927,25.5603],[-103.364022,25.56025]]]}},{"type":"Feature","properties":{},"geometry":{"type":"Polygon","coordinates":[[[-103.364116,25.5602],[-103.363966,25.559966],[-103.363871,25.560016],[-103.364022,25.56025],[-103.364116,25.5602]]]}},{"type":"Feature","properties":{},"geometry":{"type":"Polygon","coordinates":[[[-103.364211,25.56015],[-103.364061,25.559916],[-103.363966,25.559966],[-103.364116,25.5602],[-103.364211,25.56015]]]}},{"type":"Feature","properties":{},"geometry":{"type":"Polygon","coordinates":[[[-103.364409,25.560045],[-103.364258,25.559811],[-103.364164,25.559861],[-103.364314,25.560095],[-103.364409,25.560045]]]}},{"type":"Feature","properties":{},"geometry":{"type":"Polygon","coordinates":[[[-103.364503,25.559995],[-103.364353,25.559761],[-103.364258,25.559811],[-103.364409,25.560045],[-103.364503,25.559995]]]}},{"type":"Feature","properties":{},"geometry":{"type":"Polygon","coordinates":[[[-103.364598,25.559945],[-103.364447,25.559711],[-103.364353,25.559761],[-103.364503,25.559995],[-103.364598,25.559945]]]}},{"type":"Feature","properties":{},"geometry":{"type":"Polygon","coordinates":[[[-103.364692,25.559895],[-103.364542,25.559661],[-103.364447,25.559711],[-103.364598,25.559945],[-103.364692,25.559895]]]}},{"type":"Feature","properties":{},"geometry":{"type":"Polygon","coordinates":[[[-103.365733,25.559345],[-103.365582,25.559111],[-103.365488,25.559161],[-103.365638,25.559395],[-103.365733,25.559345]]]}},{"type":"Feature","properties":{},"geometry":{"type":"Polygon","coordinates":[[[-103.36593,25.55924],[-103.36578,25.559006],[-103.365685,25.559056],[-103.365836,25.55929],[-103.36593,25.55924]]]}},{"type":"Feature","properties":{},"geometry":{"type":"Polygon","coordinates":[[[-103.366025,25.55919],[-103.365874,25.558956],[-103.36578,25.559006],[-103.36593,25.55924],[-103.366025,25.55919]]]}},{"type":"Feature","properties":{},"geometry":{"type":"Polygon","coordinates":[[[-103.366119,25.55914],[-103.365969,25.558906],[-103.365874,25.558956],[-103.366025,25.55919],[-103.366119,25.55914]]]}},{"type":"Feature","properties":{},"geometry":{"type":"Polygon","coordinates":[[[-103.366214,25.55909],[-103.366064,25.558856],[-103.365969,25.558906],[-103.366119,25.55914],[-103.366214,25.55909]]]}},{"type":"Feature","properties":{},"geometry":{"type":"Polygon","coordinates":[[[-103.366309,25.55904],[-103.366158,25.558806],[-103.366064,25.558856],[-103.366214,25.55909],[-103.366309,25.55904]]]}},{"type":"Feature","properties":{},"geometry":{"type":"Polygon","coordinates":[[[-103.366403,25.55899],[-103.366253,25.558756],[-103.366158,25.558806],[-103.366309,25.55904],[-103.366403,25.55899]]]}},{"type":"Feature","properties":{},"geometry":{"type":"Polygon","coordinates":[[[-103.366498,25.55894],[-103.366347,25.558706],[-103.366253,25.558756],[-103.366403,25.55899],[-103.366498,25.55894]]]}},{"type":"Feature","properties":{},"geometry":{"type":"Polygon","coordinates":[[[-103.366592,25.55889],[-103.366442,25.558656],[-103.366347,25.558706],[-103.366498,25.55894],[-103.366592,25.55889]]]}},{"type":"Feature","properties":{},"geometry":{"type":"Polygon","coordinates":[[[-103.366687,25.55884],[-103.366536,25.558606],[-103.366442,25.558656],[-103.366592,25.55889],[-103.366687,25.55884]]]}},{"type":"Feature","properties":{},"geometry":{"type":"Polygon","coordinates":[[[-103.366781,25.55879],[-103.366631,25.558556],[-103.366536,25.558606],[-103.366687,25.55884],[-103.366781,25.55879]]]}},{"type":"Feature","properties":{},"geometry":{"type":"Polygon","coordinates":[[[-103.366876,25.55874],[-103.366726,25.558506],[-103.366631,25.558556],[-103.366781,25.55879],[-103.366876,25.55874]]]}},{"type":"Feature","properties":{},"geometry":{"type":"Polygon","coordinates":[[[-103.366971,25.55869],[-103.36682,25.558456],[-103.366726,25.558506],[-103.366876,25.55874],[-103.366971,25.55869]]]}},{"type":"Feature","properties":{},"geometry":{"type":"Polygon","coordinates":[[[-103.358172,25.563031],[-103.358021,25.562797],[-103.357927,25.562847],[-103.358077,25.563081],[-103.358172,25.563031]]]}},{"type":"Feature","properties":{},"geometry":{"type":"Polygon","coordinates":[[[-103.358266,25.562981],[-103.358116,25.562747],[-103.358021,25.562797],[-103.358172,25.563031],[-103.358266,25.562981]]]}},{"type":"Feature","properties":{},"geometry":{"type":"Polygon","coordinates":[[[-103.358361,25.562931],[-103.35821,25.562697],[-103.358116,25.562747],[-103.358266,25.562981],[-103.358361,25.562931]]]}},{"type":"Feature","properties":{},"geometry":{"type":"Polygon","coordinates":[[[-103.358455,25.562881],[-103.358305,25.562647],[-103.35821,25.562697],[-103.358361,25.562931],[-103.358455,25.562881]]]}},{"type":"Feature","properties":{},"geometry":{"type":"Polygon","coordinates":[[[-103.35855,25.562831],[-103.358399,25.562597],[-103.358305,25.562647],[-103.358455,25.562881],[-103.35855,25.562831]]]}},{"type":"Feature","properties":{},"geometry":{"type":"Polygon","coordinates":[[[-103.358644,25.562781],[-103.358494,25.562547],[-103.358399,25.562597],[-103.35855,25.562831],[-103.358644,25.562781]]]}},{"type":"Feature","properties":{},"geometry":{"type":"Polygon","coordinates":[[[-103.358739,25.562731],[-103.358589,25.562497],[-103.358494,25.562547],[-103.358644,25.562781],[-103.358739,25.562731]]]}},{"type":"Feature","properties":{},"geometry":{"type":"Polygon","coordinates":[[[-103.358834,25.562681],[-103.358683,25.562447],[-103.358589,25.562497],[-103.358739,25.562731],[-103.358834,25.562681]]]}},{"type":"Feature","properties":{},"geometry":{"type":"Polygon","coordinates":[[[-103.358928,25.562631],[-103.358778,25.562397],[-103.358683,25.562447],[-103.358834,25.562681],[-103.358928,25.562631]]]}},{"type":"Feature","properties":{},"geometry":{"type":"Polygon","coordinates":[[[-103.359023,25.562581],[-103.358872,25.562347],[-103.358778,25.562397],[-103.358928,25.562631],[-103.359023,25.562581]]]}},{"type":"Feature","properties":{},"geometry":{"type":"Polygon","coordinates":[[[-103.359117,25.562531],[-103.358967,25.562297],[-103.358872,25.562347],[-103.359023,25.562581],[-103.359117,25.562531]]]}},{"type":"Feature","properties":{},"geometry":{"type":"Polygon","coordinates":[[[-103.359212,25.562481],[-103.359061,25.562247],[-103.358967,25.562297],[-103.359117,25.562531],[-103.359212,25.562481]]]}},{"type":"Feature","properties":{},"geometry":{"type":"Polygon","coordinates":[[[-103.359306,25.562431],[-103.359156,25.562197],[-103.359061,25.562247],[-103.359212,25.562481],[-103.359306,25.562431]]]}},{"type":"Feature","properties":{},"geometry":{"type":"Polygon","coordinates":[[[-103.359401,25.562381],[-103.359251,25.562147],[-103.359156,25.562197],[-103.359306,25.562431],[-103.359401,25.562381]]]}},{"type":"Feature","properties":{},"geometry":{"type":"Polygon","coordinates":[[[-103.359496,25.562331],[-103.359345,25.562097],[-103.359251,25.562147],[-103.359401,25.562381],[-103.359496,25.562331]]]}},{"type":"Feature","properties":{},"geometry":{"type":"Polygon","coordinates":[[[-103.359693,25.562226],[-103.359543,25.561992],[-103.359448,25.562042],[-103.359599,25.562276],[-103.359693,25.562226]]]}},{"type":"Feature","properties":{},"geometry":{"type":"Polygon","coordinates":[[[-103.359788,25.562176],[-103.359637,25.561942],[-103.359543,25.561992],[-103.359693,25.562226],[-103.359788,25.562176]]]}},{"type":"Feature","properties":{},"geometry":{"type":"Polygon","coordinates":[[[-103.359882,25.562126],[-103.359732,25.561892],[-103.359637,25.561942],[-103.359788,25.562176],[-103.359882,25.562126]]]}},{"type":"Feature","properties":{},"geometry":{"type":"Polygon","coordinates":[[[-103.359977,25.562076],[-103.359827,25.561842],[-103.359732,25.561892],[-103.359882,25.562126],[-103.359977,25.562076]]]}},{"type":"Feature","properties":{},"geometry":{"type":"Polygon","coordinates":[[[-103.360072,25.562026],[-103.359921,25.561792],[-103.359827,25.561842],[-103.359977,25.562076],[-103.360072,25.562026]]]}},{"type":"Feature","properties":{},"geometry":{"type":"Polygon","coordinates":[[[-103.360166,25.561976],[-103.360016,25.561742],[-103.359921,25.561792],[-103.360072,25.562026],[-103.360166,25.561976]]]}},{"type":"Feature","properties":{},"geometry":{"type":"Polygon","coordinates":[[[-103.360261,25.561926],[-103.36011,25.561692],[-103.360016,25.561742],[-103.360166,25.561976],[-103.360261,25.561926]]]}},{"type":"Feature","properties":{},"geometry":{"type":"Polygon","coordinates":[[[-103.360355,25.561876],[-103.360205,25.561642],[-103.36011,25.561692],[-103.360261,25.561926],[-103.360355,25.561876]]]}},{"type":"Feature","properties":{},"geometry":{"type":"Polygon","coordinates":[[[-103.36045,25.561826],[-103.360299,25.561592],[-103.360205,25.561642],[-103.360355,25.561876],[-103.36045,25.561826]]]}},{"type":"Feature","properties":{},"geometry":{"type":"Polygon","coordinates":[[[-103.360544,25.561776],[-103.360394,25.561542],[-103.360299,25.561592],[-103.36045,25.561826],[-103.360544,25.561776]]]}},{"type":"Feature","properties":{},"geometry":{"type":"Polygon","coordinates":[[[-103.360639,25.561726],[-103.360489,25.561492],[-103.360394,25.561542],[-103.360544,25.561776],[-103.360639,25.561726]]]}},{"type":"Feature","properties":{},"geometry":{"type":"Polygon","coordinates":[[[-103.360733,25.561676],[-103.360583,25.561442],[-103.360489,25.561492],[-103.360639,25.561726],[-103.360733,25.561676]]]}},{"type":"Feature","properties":{},"geometry":{"type":"Polygon","coordinates":[[[-103.360828,25.561626],[-103.360678,25.561392],[-103.360583,25.561442],[-103.360733,25.561676],[-103.360828,25.561626]]]}},{"type":"Feature","properties":{},"geometry":{"type":"Polygon","coordinates":[[[-103.360923,25.561576],[-103.360772,25.561342],[-103.360678,25.561392],[-103.360828,25.561626],[-103.360923,25.561576]]]}},{"type":"Feature","properties":{},"geometry":{"type":"Polygon","coordinates":[[[-103.361017,25.561526],[-103.360867,25.561292],[-103.360772,25.561342],[-103.360923,25.561576],[-103.361017,25.561526]]]}},{"type":"Feature","properties":{},"geometry":{"type":"Polygon","coordinates":[[[-103.361215,25.561421],[-103.361065,25.561187],[-103.36097,25.561237],[-103.36112,25.561471],[-103.361215,25.561421]]]}},{"type":"Feature","properties":{},"geometry":{"type":"Polygon","coordinates":[[[-103.36131,25.561371],[-103.361159,25.561137],[-103.361065,25.561187],[-103.361215,25.561421],[-103.36131,25.561371]]]}},{"type":"Feature","properties":{},"geometry":{"type":"Polygon","coordinates":[[[-103.361404,25.561321],[-103.361254,25.561087],[-103.361159,25.561137],[-103.36131,25.561371],[-103.361404,25.561321]]]}},{"type":"Feature","properties":{},"geometry":{"type":"Polygon","coordinates":[[[-103.361499,25.561271],[-103.361348,25.561037],[-103.361254,25.561087],[-103.361404,25.561321],[-103.361499,25.561271]]]}},{"type":"Feature","properties":{},"geometry":{"type":"Polygon","coordinates":[[[-103.361593,25.561221],[-103.361443,25.560987],[-103.361348,25.561037],[-103.361499,25.561271],[-103.361593,25.561221]]]}},{"type":"Feature","properties":{},"geometry":{"type":"Polygon","coordinates":[[[-103.361688,25.561171],[-103.361537,25.560937],[-103.361443,25.560987],[-103.361593,25.561221],[-103.361688,25.561171]]]}},{"type":"Feature","properties":{},"geometry":{"type":"Polygon","coordinates":[[[-103.361782,25.561121],[-103.361632,25.560887],[-103.361537,25.560937],[-103.361688,25.561171],[-103.361782,25.561121]]]}},{"type":"Feature","properties":{},"geometry":{"type":"Polygon","coordinates":[[[-103.361877,25.561071],[-103.361727,25.560837],[-103.361632,25.560887],[-103.361782,25.561121],[-103.361877,25.561071]]]}},{"type":"Feature","properties":{},"geometry":{"type":"Polygon","coordinates":[[[-103.361971,25.561021],[-103.361821,25.560787],[-103.361727,25.560837],[-103.361877,25.561071],[-103.361971,25.561021]]]}},{"type":"Feature","properties":{},"geometry":{"type":"Polygon","coordinates":[[[-103.362066,25.560971],[-103.361916,25.560737],[-103.361821,25.560787],[-103.361971,25.561021],[-103.362066,25.560971]]]}},{"type":"Feature","properties":{},"geometry":{"type":"Polygon","coordinates":[[[-103.362161,25.560921],[-103.36201,25.560687],[-103.361916,25.560737],[-103.362066,25.560971],[-103.362161,25.560921]]]}},{"type":"Feature","properties":{},"geometry":{"type":"Polygon","coordinates":[[[-103.362255,25.560871],[-103.362105,25.560637],[-103.36201,25.560687],[-103.362161,25.560921],[-103.362255,25.560871]]]}},{"type":"Feature","properties":{},"geometry":{"type":"Polygon","coordinates":[[[-103.36235,25.560821],[-103.362199,25.560587],[-103.362105,25.560637],[-103.362255,25.560871],[-103.36235,25.560821]]]}},{"type":"Feature","properties":{},"geometry":{"type":"Polygon","coordinates":[[[-103.362444,25.560771],[-103.362294,25.560537],[-103.362199,25.560587],[-103.36235,25.560821],[-103.362444,25.560771]]]}},{"type":"Feature","properties":{},"geometry":{"type":"Polygon","coordinates":[[[-103.362539,25.560721],[-103.362388,25.560487],[-103.362294,25.560537],[-103.362444,25.560771],[-103.362539,25.560721]]]}},{"type":"Feature","properties":{},"geometry":{"type":"Polygon","coordinates":[[[-103.362737,25.560616],[-103.362586,25.560382],[-103.362492,25.560432],[-103.362642,25.560666],[-103.362737,25.560616]]]}},{"type":"Feature","properties":{},"geometry":{"type":"Polygon","coordinates":[[[-103.362831,25.560566],[-103.362681,25.560332],[-103.362586,25.560382],[-103.362737,25.560616],[-103.362831,25.560566]]]}},{"type":"Feature","properties":{},"geometry":{"type":"Polygon","coordinates":[[[-103.362926,25.560516],[-103.362775,25.560282],[-103.362681,25.560332],[-103.362831,25.560566],[-103.362926,25.560516]]]}},{"type":"Feature","properties":{},"geometry":{"type":"Polygon","coordinates":[[[-103.36302,25.560466],[-103.36287,25.560232],[-103.362775,25.560282],[-103.362926,25.560516],[-103.36302,25.560466]]]}},{"type":"Feature","properties":{},"geometry":{"type":"Polygon","coordinates":[[[-103.363115,25.560416],[-103.362964,25.560182],[-103.36287,25.560232],[-103.36302,25.560466],[-103.363115,25.560416]]]}},{"type":"Feature","properties":{},"geometry":{"type":"Polygon","coordinates":[[[-103.363209,25.560366],[-103.363059,25.560132],[-103.362964,25.560182],[-103.363115,25.560416],[-103.363209,25.560366]]]}},{"type":"Feature","properties":{},"geometry":{"type":"Polygon","coordinates":[[[-103.363304,25.560316],[-103.363154,25.560082],[-103.363059,25.560132],[-103.363209,25.560366],[-103.363304,25.560316]]]}},{"type":"Feature","properties":{},"geometry":{"type":"Polygon","coordinates":[[[-103.363399,25.560266],[-103.363248,25.560032],[-103.363154,25.560082],[-103.363304,25.560316],[-103.363399,25.560266]]]}},{"type":"Feature","properties":{},"geometry":{"type":"Polygon","coordinates":[[[-103.363493,25.560216],[-103.363343,25.559982],[-103.363248,25.560032],[-103.363399,25.560266],[-103.363493,25.560216]]]}},{"type":"Feature","properties":{},"geometry":{"type":"Polygon","coordinates":[[[-103.363588,25.560166],[-103.363437,25.559932],[-103.363343,25.559982],[-103.363493,25.560216],[-103.363588,25.560166]]]}},{"type":"Feature","properties":{},"geometry":{"type":"Polygon","coordinates":[[[-103.363682,25.560116],[-103.363532,25.559882],[-103.363437,25.559932],[-103.363588,25.560166],[-103.363682,25.560116]]]}},{"type":"Feature","properties":{},"geometry":{"type":"Polygon","coordinates":[[[-103.363777,25.560066],[-103.363626,25.559832],[-103.363532,25.559882],[-103.363682,25.560116],[-103.363777,25.560066]]]}},{"type":"Feature","properties":{},"geometry":{"type":"Polygon","coordinates":[[[-103.363871,25.560016],[-103.363721,25.559782],[-103.363626,25.559832],[-103.363777,25.560066],[-103.363871,25.560016]]]}},{"type":"Feature","properties":{},"geometry":{"type":"Polygon","coordinates":[[[-103.363966,25.559966],[-103.363816,25.559732],[-103.363721,25.559782],[-103.363871,25.560016],[-103.363966,25.559966]]]}},{"type":"Feature","properties":{},"geometry":{"type":"Polygon","coordinates":[[[-103.364061,25.559916],[-103.36391,25.559682],[-103.363816,25.559732],[-103.363966,25.559966],[-103.364061,25.559916]]]}},{"type":"Feature","properties":{},"geometry":{"type":"Polygon","coordinates":[[[-103.364258,25.559811],[-103.364108,25.559577],[-103.364013,25.559627],[-103.364164,25.559861],[-103.364258,25.559811]]]}},{"type":"Feature","properties":{},"geometry":{"type":"Polygon","coordinates":[[[-103.364353,25.559761],[-103.364202,25.559527],[-103.364108,25.559577],[-103.364258,25.559811],[-103.364353,25.559761]]]}},{"type":"Feature","properties":{},"geometry":{"type":"Polygon","coordinates":[[[-103.364447,25.559711],[-103.364297,25.559477],[-103.364202,25.559527],[-103.364353,25.559761],[-103.364447,25.559711]]]}},{"type":"Feature","properties":{},"geometry":{"type":"Polygon","coordinates":[[[-103.364542,25.559661],[-103.364392,25.559427],[-103.364297,25.559477],[-103.364447,25.559711],[-103.364542,25.559661]]]}},{"type":"Feature","properties":{},"geometry":{"type":"Polygon","coordinates":[[[-103.364637,25.559611],[-103.364486,25.559377],[-103.364392,25.559427],[-103.364542,25.559661],[-103.364637,25.559611]]]}},{"type":"Feature","properties":{},"geometry":{"type":"Polygon","coordinates":[[[-103.364731,25.559561],[-103.364581,25.559327],[-103.364486,25.559377],[-103.364637,25.559611],[-103.364731,25.559561]]]}},{"type":"Feature","properties":{},"geometry":{"type":"Polygon","coordinates":[[[-103.364826,25.559511],[-103.364675,25.559277],[-103.364581,25.559327],[-103.364731,25.559561],[-103.364826,25.559511]]]}},{"type":"Feature","properties":{},"geometry":{"type":"Polygon","coordinates":[[[-103.36492,25.559461],[-103.36477,25.559227],[-103.364675,25.559277],[-103.364826,25.559511],[-103.36492,25.559461]]]}},{"type":"Feature","properties":{},"geometry":{"type":"Polygon","coordinates":[[[-103.365015,25.559411],[-103.364864,25.559177],[-103.36477,25.559227],[-103.36492,25.559461],[-103.365015,25.559411]]]}},{"type":"Feature","properties":{},"geometry":{"type":"Polygon","coordinates":[[[-103.365109,25.559361],[-103.364959,25.559127],[-103.364864,25.559177],[-103.365015,25.559411],[-103.365109,25.559361]]]}},{"type":"Feature","properties":{},"geometry":{"type":"Polygon","coordinates":[[[-103.365204,25.559311],[-103.365054,25.559077],[-103.364959,25.559127],[-103.365109,25.559361],[-103.365204,25.559311]]]}},{"type":"Feature","properties":{},"geometry":{"type":"Polygon","coordinates":[[[-103.365299,25.559261],[-103.365148,25.559027],[-103.365054,25.559077],[-103.365204,25.559311],[-103.365299,25.559261]]]}},{"type":"Feature","properties":{},"geometry":{"type":"Polygon","coordinates":[[[-103.365393,25.559211],[-103.365243,25.558977],[-103.365148,25.559027],[-103.365299,25.559261],[-103.365393,25.559211]]]}},{"type":"Feature","properties":{},"geometry":{"type":"Polygon","coordinates":[[[-103.365488,25.559161],[-103.365337,25.558927],[-103.365243,25.558977],[-103.365393,25.559211],[-103.365488,25.559161]]]}},{"type":"Feature","properties":{},"geometry":{"type":"Polygon","coordinates":[[[-103.365582,25.559111],[-103.365432,25.558877],[-103.365337,25.558927],[-103.365488,25.559161],[-103.365582,25.559111]]]}},{"type":"Feature","properties":{},"geometry":{"type":"Polygon","coordinates":[[[-103.36578,25.559006],[-103.36563,25.558772],[-103.365535,25.558822],[-103.365685,25.559056],[-103.36578,25.559006]]]}},{"type":"Feature","properties":{},"geometry":{"type":"Polygon","coordinates":[[[-103.365874,25.558956],[-103.365724,25.558722],[-103.36563,25.558772],[-103.36578,25.559006],[-103.365874,25.558956]]]}},{"type":"Feature","properties":{},"geometry":{"type":"Polygon","coordinates":[[[-103.365969,25.558906],[-103.365819,25.558672],[-103.365724,25.558722],[-103.365874,25.558956],[-103.365969,25.558906]]]}},{"type":"Feature","properties":{},"geometry":{"type":"Polygon","coordinates":[[[-103.366064,25.558856],[-103.365913,25.558622],[-103.365819,25.558672],[-103.365969,25.558906],[-103.366064,25.558856]]]}},{"type":"Feature","properties":{},"geometry":{"type":"Polygon","coordinates":[[[-103.366158,25.558806],[-103.366008,25.558572],[-103.365913,25.558622],[-103.366064,25.558856],[-103.366158,25.558806]]]}},{"type":"Feature","properties":{},"geometry":{"type":"Polygon","coordinates":[[[-103.366253,25.558756],[-103.366102,25.558522],[-103.366008,25.558572],[-103.366158,25.558806],[-103.366253,25.558756]]]}},{"type":"Feature","properties":{},"geometry":{"type":"Polygon","coordinates":[[[-103.366347,25.558706],[-103.366197,25.558472],[-103.366102,25.558522],[-103.366253,25.558756],[-103.366347,25.558706]]]}},{"type":"Feature","properties":{},"geometry":{"type":"Polygon","coordinates":[[[-103.358056,25.562654],[-103.357905,25.56242],[-103.357811,25.56247],[-103.357961,25.562704],[-103.358056,25.562654]]]}},{"type":"Feature","properties":{},"geometry":{"type":"Polygon","coordinates":[[[-103.35815,25.562604],[-103.358,25.56237],[-103.357905,25.56242],[-103.358056,25.562654],[-103.35815,25.562604]]]}},{"type":"Feature","properties":{},"geometry":{"type":"Polygon","coordinates":[[[-103.358245,25.562553],[-103.358094,25.56232],[-103.358,25.56237],[-103.35815,25.562604],[-103.358245,25.562553]]]}},{"type":"Feature","properties":{},"geometry":{"type":"Polygon","coordinates":[[[-103.358339,25.562503],[-103.358189,25.56227],[-103.358094,25.56232],[-103.358245,25.562553],[-103.358339,25.562503]]]}},{"type":"Feature","properties":{},"geometry":{"type":"Polygon","coordinates":[[[-103.358434,25.562453],[-103.358283,25.562219],[-103.358189,25.56227],[-103.358339,25.562503],[-103.358434,25.562453]]]}},{"type":"Feature","properties":{},"geometry":{"type":"Polygon","coordinates":[[[-103.358528,25.562403],[-103.358378,25.562169],[-103.358283,25.562219],[-103.358434,25.562453],[-103.358528,25.562403]]]}},{"type":"Feature","properties":{},"geometry":{"type":"Polygon","coordinates":[[[-103.358623,25.562353],[-103.358473,25.562119],[-103.358378,25.562169],[-103.358528,25.562403],[-103.358623,25.562353]]]}},{"type":"Feature","properties":{},"geometry":{"type":"Polygon","coordinates":[[[-103.358718,25.562303],[-103.358567,25.562069],[-103.358473,25.562119],[-103.358623,25.562353],[-103.358718,25.562303]]]}},{"type":"Feature","properties":{},"geometry":{"type":"Polygon","coordinates":[[[-103.358812,25.562253],[-103.358662,25.562019],[-103.358567,25.562069],[-103.358718,25.562303],[-103.358812,25.562253]]]}},{"type":"Feature","properties":{},"geometry":{"type":"Polygon","coordinates":[[[-103.358907,25.562203],[-103.358756,25.561969],[-103.358662,25.562019],[-103.358812,25.562253],[-103.358907,25.562203]]]}},{"type":"Feature","properties":{},"geometry":{"type":"Polygon","coordinates":[[[-103.359001,25.562153],[-103.358851,25.561919],[-103.358756,25.561969],[-103.358907,25.562203],[-103.359001,25.562153]]]}},{"type":"Feature","properties":{},"geometry":{"type":"Polygon","coordinates":[[[-103.359096,25.562103],[-103.358945,25.561869],[-103.358851,25.561919],[-103.359001,25.562153],[-103.359096,25.562103]]]}},{"type":"Feature","properties":{},"geometry":{"type":"Polygon","coordinates":[[[-103.35919,25.562053],[-103.35904,25.561819],[-103.358945,25.561869],[-103.359096,25.562103],[-103.35919,25.562053]]]}},{"type":"Feature","properties":{},"geometry":{"type":"Polygon","coordinates":[[[-103.359285,25.562003],[-103.359135,25.561769],[-103.35904,25.561819],[-103.35919,25.562053],[-103.359285,25.562003]]]}},{"type":"Feature","properties":{},"geometry":{"type":"Polygon","coordinates":[[[-103.359483,25.561899],[-103.359332,25.561665],[-103.359238,25.561715],[-103.359388,25.561949],[-103.359483,25.561899]]]}},{"type":"Feature","properties":{},"geometry":{"type":"Polygon","coordinates":[[[-103.359577,25.561849],[-103.359427,25.561615],[-103.359332,25.561665],[-103.359483,25.561899],[-103.359577,25.561849]]]}},{"type":"Feature","properties":{},"geometry":{"type":"Polygon","coordinates":[[[-103.359672,25.561799],[-103.359521,25.561565],[-103.359427,25.561615],[-103.359577,25.561849],[-103.359672,25.561799]]]}},{"type":"Feature","properties":{},"geometry":{"type":"Polygon","coordinates":[[[-103.359766,25.561749],[-103.359616,25.561515],[-103.359521,25.561565],[-103.359672,25.561799],[-103.359766,25.561749]]]}},{"type":"Feature","properties":{},"geometry":{"type":"Polygon","coordinates":[[[-103.359861,25.561699],[-103.359711,25.561465],[-103.359616,25.561515],[-103.359766,25.561749],[-103.359861,25.561699]]]}},{"type":"Feature","properties":{},"geometry":{"type":"Polygon","coordinates":[[[-103.359956,25.561649],[-103.359805,25.561415],[-103.359711,25.561465],[-103.359861,25.561699],[-103.359956,25.561649]]]}},{"type":"Feature","properties":{},"geometry":{"type":"Polygon","coordinates":[[[-103.36005,25.561599],[-103.3599,25.561365],[-103.359805,25.561415],[-103.359956,25.561649],[-103.36005,25.561599]]]}},{"type":"Feature","properties":{},"geometry":{"type":"Polygon","coordinates":[[[-103.360145,25.561548],[-103.359994,25.561315],[-103.3599,25.561365],[-103.36005,25.561599],[-103.360145,25.561548]]]}},{"type":"Feature","properties":{},"geometry":{"type":"Polygon","coordinates":[[[-103.360239,25.561498],[-103.360089,25.561265],[-103.359994,25.561315],[-103.360145,25.561548],[-103.360239,25.561498]]]}},{"type":"Feature","properties":{},"geometry":{"type":"Polygon","coordinates":[[[-103.360334,25.561448],[-103.360183,25.561214],[-103.360089,25.561265],[-103.360239,25.561498],[-103.360334,25.561448]]]}},{"type":"Feature","properties":{},"geometry":{"type":"Polygon","coordinates":[[[-103.360428,25.561398],[-103.360278,25.561164],[-103.360183,25.561214],[-103.360334,25.561448],[-103.360428,25.561398]]]}},{"type":"Feature","properties":{},"geometry":{"type":"Polygon","coordinates":[[[-103.360523,25.561348],[-103.360373,25.561114],[-103.360278,25.561164],[-103.360428,25.561398],[-103.360523,25.561348]]]}},{"type":"Feature","properties":{},"geometry":{"type":"Polygon","coordinates":[[[-103.360617,25.561298],[-103.360467,25.561064],[-103.360373,25.561114],[-103.360523,25.561348],[-103.360617,25.561298]]]}},{"type":"Feature","properties":{},"geometry":{"type":"Polygon","coordinates":[[[-103.360712,25.561248],[-103.360562,25.561014],[-103.360467,25.561064],[-103.360617,25.561298],[-103.360712,25.561248]]]}},{"type":"Feature","properties":{},"geometry":{"type":"Polygon","coordinates":[[[-103.360807,25.561198],[-103.360656,25.560964],[-103.360562,25.561014],[-103.360712,25.561248],[-103.360807,25.561198]]]}},{"type":"Feature","properties":{},"geometry":{"type":"Polygon","coordinates":[[[-103.361004,25.561094],[-103.360854,25.56086],[-103.360759,25.56091],[-103.36091,25.561144],[-103.361004,25.561094]]]}},{"type":"Feature","properties":{},"geometry":{"type":"Polygon","coordinates":[[[-103.361099,25.561044],[-103.360949,25.56081],[-103.360854,25.56086],[-103.361004,25.561094],[-103.361099,25.561044]]]}},{"type":"Feature","properties":{},"geometry":{"type":"Polygon","coordinates":[[[-103.361194,25.560994],[-103.361043,25.56076],[-103.360949,25.56081],[-103.361099,25.561044],[-103.361194,25.560994]]]}},{"type":"Feature","properties":{},"geometry":{"type":"Polygon","coordinates":[[[-103.361288,25.560944],[-103.361138,25.56071],[-103.361043,25.56076],[-103.361194,25.560994],[-103.361288,25.560944]]]}},{"type":"Feature","properties":{},"geometry":{"type":"Polygon","coordinates":[[[-103.361383,25.560894],[-103.361232,25.56066],[-103.361138,25.56071],[-103.361288,25.560944],[-103.361383,25.560894]]]}},{"type":"Feature","properties":{},"geometry":{"type":"Polygon","coordinates":[[[-103.361477,25.560844],[-103.361327,25.56061],[-103.361232,25.56066],[-103.361383,25.560894],[-103.361477,25.560844]]]}},{"type":"Feature","properties":{},"geometry":{"type":"Polygon","coordinates":[[[-103.361572,25.560794],[-103.361421,25.56056],[-103.361327,25.56061],[-103.361477,25.560844],[-103.361572,25.560794]]]}},{"type":"Feature","properties":{},"geometry":{"type":"Polygon","coordinates":[[[-103.361666,25.560744],[-103.361516,25.56051],[-103.361421,25.56056],[-103.361572,25.560794],[-103.361666,25.560744]]]}},{"type":"Feature","properties":{},"geometry":{"type":"Polygon","coordinates":[[[-103.361761,25.560694],[-103.361611,25.56046],[-103.361516,25.56051],[-103.361666,25.560744],[-103.361761,25.560694]]]}},{"type":"Feature","properties":{},"geometry":{"type":"Polygon","coordinates":[[[-103.361855,25.560643],[-103.361705,25.56041],[-103.361611,25.56046],[-103.361761,25.560694],[-103.361855,25.560643]]]}},{"type":"Feature","properties":{},"geometry":{"type":"Polygon","coordinates":[[[-103.36195,25.560593],[-103.3618,25.56036],[-103.361705,25.56041],[-103.361855,25.560643],[-103.36195,25.560593]]]}},{"type":"Feature","properties":{},"geometry":{"type":"Polygon","coordinates":[[[-103.362045,25.560543],[-103.361894,25.560309],[-103.3618,25.56036],[-103.36195,25.560593],[-103.362045,25.560543]]]}},{"type":"Feature","properties":{},"geometry":{"type":"Polygon","coordinates":[[[-103.362139,25.560493],[-103.361989,25.560259],[-103.361894,25.560309],[-103.362045,25.560543],[-103.362139,25.560493]]]}},{"type":"Feature","properties":{},"geometry":{"type":"Polygon","coordinates":[[[-103.362234,25.560443],[-103.362083,25.560209],[-103.361989,25.560259],[-103.362139,25.560493],[-103.362234,25.560443]]]}},{"type":"Feature","properties":{},"geometry":{"type":"Polygon","coordinates":[[[-103.362328,25.560393],[-103.362178,25.560159],[-103.362083,25.560209],[-103.362234,25.560443],[-103.362328,25.560393]]]}},{"type":"Feature","properties":{},"geometry":{"type":"Polygon","coordinates":[[[-103.362526,25.560289],[-103.362376,25.560055],[-103.362281,25.560105],[-103.362431,25.560339],[-103.362526,25.560289]]]}},{"type":"Feature","properties":{},"geometry":{"type":"Polygon","coordinates":[[[-103.362621,25.560239],[-103.36247,25.560005],[-103.362376,25.560055],[-103.362526,25.560289],[-103.362621,25.560239]]]}},{"type":"Feature","properties":{},"geometry":{"type":"Polygon","coordinates":[[[-103.362715,25.560189],[-103.362565,25.559955],[-103.36247,25.560005],[-103.362621,25.560239],[-103.362715,25.560189]]]}},{"type":"Feature","properties":{},"geometry":{"type":"Polygon","coordinates":[[[-103.36281,25.560139],[-103.362659,25.559905],[-103.362565,25.559955],[-103.362715,25.560189],[-103.36281,25.560139]]]}},{"type":"Feature","properties":{},"geometry":{"type":"Polygon","coordinates":[[[-103.362904,25.560089],[-103.362754,25.559855],[-103.362659,25.559905],[-103.36281,25.560139],[-103.362904,25.560089]]]}},{"type":"Feature","properties":{},"geometry":{"type":"Polygon","coordinates":[[[-103.362999,25.560039],[-103.362848,25.559805],[-103.362754,25.559855],[-103.362904,25.560089],[-103.362999,25.560039]]]}},{"type":"Feature","properties":{},"geometry":{"type":"Polygon","coordinates":[[[-103.363093,25.559989],[-103.362943,25.559755],[-103.362848,25.559805],[-103.362999,25.560039],[-103.363093,25.559989]]]}},{"type":"Feature","properties":{},"geometry":{"type":"Polygon","coordinates":[[[-103.363188,25.559939],[-103.363038,25.559705],[-103.362943,25.559755],[-103.363093,25.559989],[-103.363188,25.559939]]]}},{"type":"Feature","properties":{},"geometry":{"type":"Polygon","coordinates":[[[-103.363283,25.559889],[-103.363132,25.559655],[-103.363038,25.559705],[-103.363188,25.559939],[-103.363283,25.559889]]]}},{"type":"Feature","properties":{},"geometry":{"type":"Polygon","coordinates":[[[-103.363377,25.559839],[-103.363227,25.559605],[-103.363132,25.559655],[-103.363283,25.559889],[-103.363377,25.559839]]]}},{"type":"Feature","properties":{},"geometry":{"type":"Polygon","coordinates":[[[-103.363472,25.559789],[-103.363321,25.559555],[-103.363227,25.559605],[-103.363377,25.559839],[-103.363472,25.559789]]]}},{"type":"Feature","properties":{},"geometry":{"type":"Polygon","coordinates":[[[-103.363566,25.559738],[-103.363416,25.559505],[-103.363321,25.559555],[-103.363472,25.559789],[-103.363566,25.559738]]]}},{"type":"Feature","properties":{},"geometry":{"type":"Polygon","coordinates":[[[-103.363661,25.559688],[-103.36351,25.559455],[-103.363416,25.559505],[-103.363566,25.559738],[-103.363661,25.559688]]]}},{"type":"Feature","properties":{},"geometry":{"type":"Polygon","coordinates":[[[-103.363755,25.559638],[-103.363605,25.559404],[-103.36351,25.559455],[-103.363661,25.559688],[-103.363755,25.559638]]]}},{"type":"Feature","properties":{},"geometry":{"type":"Polygon","coordinates":[[[-103.36385,25.559588],[-103.3637,25.559354],[-103.363605,25.559404],[-103.363755,25.559638],[-103.36385,25.559588]]]}},{"type":"Feature","properties":{},"geometry":{"type":"Polygon","coordinates":[[[-103.364048,25.559484],[-103.363897,25.55925],[-103.363803,25.5593],[-103.363953,25.559534],[-103.364048,25.559484]]]}},{"type":"Feature","properties":{},"geometry":{"type":"Polygon","coordinates":[[[-103.364142,25.559434],[-103.363992,25.5592],[-103.363897,25.55925],[-103.364048,25.559484],[-103.364142,25.559434]]]}},{"type":"Feature","properties":{},"geometry":{"type":"Polygon","coordinates":[[[-103.364237,25.559384],[-103.364086,25.55915],[-103.363992,25.5592],[-103.364142,25.559434],[-103.364237,25.559384]]]}},{"type":"Feature","properties":{},"geometry":{"type":"Polygon","coordinates":[[[-103.364331,25.559334],[-103.364181,25.5591],[-103.364086,25.55915],[-103.364237,25.559384],[-103.364331,25.559334]]]}},{"type":"Feature","properties":{},"geometry":{"type":"Polygon","coordinates":[[[-103.364426,25.559284],[-103.364276,25.55905],[-103.364181,25.5591],[-103.364331,25.559334],[-103.364426,25.559284]]]}},{"type":"Feature","properties":{},"geometry":{"type":"Polygon","coordinates":[[[-103.364521,25.559234],[-103.36437,25.559],[-103.364276,25.55905],[-103.364426,25.559284],[-103.364521,25.559234]]]}},{"type":"Feature","properties":{},"geometry":{"type":"Polygon","coordinates":[[[-103.364615,25.559184],[-103.364465,25.55895],[-103.36437,25.559],[-103.364521,25.559234],[-103.364615,25.559184]]]}},{"type":"Feature","properties":{},"geometry":{"type":"Polygon","coordinates":[[[-103.36471,25.559134],[-103.364559,25.5589],[-103.364465,25.55895],[-103.364615,25.559184],[-103.36471,25.559134]]]}},{"type":"Feature","properties":{},"geometry":{"type":"Polygon","coordinates":[[[-103.364804,25.559084],[-103.364654,25.55885],[-103.364559,25.5589],[-103.36471,25.559134],[-103.364804,25.559084]]]}},{"type":"Feature","properties":{},"geometry":{"type":"Polygon","coordinates":[[[-103.364899,25.559034],[-103.364748,25.5588],[-103.364654,25.55885],[-103.364804,25.559084],[-103.364899,25.559034]]]}},{"type":"Feature","properties":{},"geometry":{"type":"Polygon","coordinates":[[[-103.364993,25.558984],[-103.364843,25.55875],[-103.364748,25.5588],[-103.364899,25.559034],[-103.364993,25.558984]]]}},{"type":"Feature","properties":{},"geometry":{"type":"Polygon","coordinates":[[[-103.365088,25.558933],[-103.364938,25.5587],[-103.364843,25.55875],[-103.364993,25.558984],[-103.365088,25.558933]]]}},{"type":"Feature","properties":{},"geometry":{"type":"Polygon","coordinates":[[[-103.365182,25.558883],[-103.365032,25.55865],[-103.364938,25.5587],[-103.365088,25.558933],[-103.365182,25.558883]]]}},{"type":"Feature","properties":{},"geometry":{"type":"Polygon","coordinates":[[[-103.365277,25.558833],[-103.365127,25.558599],[-103.365032,25.55865],[-103.365182,25.558883],[-103.365277,25.558833]]]}},{"type":"Feature","properties":{},"geometry":{"type":"Polygon","coordinates":[[[-103.365372,25.558783],[-103.365221,25.558549],[-103.365127,25.558599],[-103.365277,25.558833],[-103.365372,25.558783]]]}},{"type":"Feature","properties":{},"geometry":{"type":"Polygon","coordinates":[[[-103.365569,25.558679],[-103.365419,25.558445],[-103.365324,25.558495],[-103.365475,25.558729],[-103.365569,25.558679]]]}},{"type":"Feature","properties":{},"geometry":{"type":"Polygon","coordinates":[[[-103.358094,25.56232],[-103.357944,25.562086],[-103.357849,25.562136],[-103.358,25.56237],[-103.358094,25.56232]]]}},{"type":"Feature","properties":{},"geometry":{"type":"Polygon","coordinates":[[[-103.358189,25.56227],[-103.358038,25.562036],[-103.357944,25.562086],[-103.358094,25.56232],[-103.358189,25.56227]]]}},{"type":"Feature","properties":{},"geometry":{"type":"Polygon","coordinates":[[[-103.358283,25.562219],[-103.358133,25.561986],[-103.358038,25.562036],[-103.358189,25.56227],[-103.358283,25.562219]]]}},{"type":"Feature","properties":{},"geometry":{"type":"Polygon","coordinates":[[[-103.358378,25.562169],[-103.358228,25.561936],[-103.358133,25.561986],[-103.358283,25.562219],[-103.358378,25.562169]]]}},{"type":"Feature","properties":{},"geometry":{"type":"Polygon","coordinates":[[[-103.358473,25.562119],[-103.358322,25.561886],[-103.358228,25.561936],[-103.358378,25.562169],[-103.358473,25.562119]]]}},{"type":"Feature","properties":{},"geometry":{"type":"Polygon","coordinates":[[[-103.358567,25.562069],[-103.358417,25.561835],[-103.358322,25.561886],[-103.358473,25.562119],[-103.358567,25.562069]]]}},{"type":"Feature","properties":{},"geometry":{"type":"Polygon","coordinates":[[[-103.358662,25.562019],[-103.358511,25.561785],[-103.358417,25.561835],[-103.358567,25.562069],[-103.358662,25.562019]]]}},{"type":"Feature","properties":{},"geometry":{"type":"Polygon","coordinates":[[[-103.358756,25.561969],[-103.358606,25.561735],[-103.358511,25.561785],[-103.358662,25.562019],[-103.358756,25.561969]]]}},{"type":"Feature","properties":{},"geometry":{"type":"Polygon","coordinates":[[[-103.358851,25.561919],[-103.3587,25.561685],[-103.358606,25.561735],[-103.358756,25.561969],[-103.358851,25.561919]]]}},{"type":"Feature","properties":{},"geometry":{"type":"Polygon","coordinates":[[[-103.358945,25.561869],[-103.358795,25.561635],[-103.3587,25.561685],[-103.358851,25.561919],[-103.358945,25.561869]]]}},{"type":"Feature","properties":{},"geometry":{"type":"Polygon","coordinates":[[[-103.35904,25.561819],[-103.35889,25.561585],[-103.358795,25.561635],[-103.358945,25.561869],[-103.35904,25.561819]]]}},{"type":"Feature","properties":{},"geometry":{"type":"Polygon","coordinates":[[[-103.359135,25.561769],[-103.358984,25.561535],[-103.35889,25.561585],[-103.35904,25.561819],[-103.359135,25.561769]]]}},{"type":"Feature","properties":{},"geometry":{"type":"Polygon","coordinates":[[[-103.359332,25.561665],[-103.359182,25.561431],[-103.359087,25.561481],[-103.359238,25.561715],[-103.359332,25.561665]]]}},{"type":"Feature","properties":{},"geometry":{"type":"Polygon","coordinates":[[[-103.359427,25.561615],[-103.359276,25.561381],[-103.359182,25.561431],[-103.359332,25.561665],[-103.359427,25.561615]]]}},{"type":"Feature","properties":{},"geometry":{"type":"Polygon","coordinates":[[[-103.359521,25.561565],[-103.359371,25.561331],[-103.359276,25.561381],[-103.359427,25.561615],[-103.359521,25.561565]]]}},{"type":"Feature","properties":{},"geometry":{"type":"Polygon","coordinates":[[[-103.359616,25.561515],[-103.359466,25.561281],[-103.359371,25.561331],[-103.359521,25.561565],[-103.359616,25.561515]]]}},{"type":"Feature","properties":{},"geometry":{"type":"Polygon","coordinates":[[[-103.359711,25.561465],[-103.35956,25.561231],[-103.359466,25.561281],[-103.359616,25.561515],[-103.359711,25.561465]]]}},{"type":"Feature","properties":{},"geometry":{"type":"Polygon","coordinates":[[[-103.359805,25.561415],[-103.359655,25.561181],[-103.35956,25.561231],[-103.359711,25.561465],[-103.359805,25.561415]]]}},{"type":"Feature","properties":{},"geometry":{"type":"Polygon","coordinates":[[[-103.3599,25.561365],[-103.359749,25.561131],[-103.359655,25.561181],[-103.359805,25.561415],[-103.3599,25.561365]]]}},{"type":"Feature","properties":{},"geometry":{"type":"Polygon","coordinates":[[[-103.359994,25.561315],[-103.359844,25.561081],[-103.359749,25.561131],[-103.3599,25.561365],[-103.359994,25.561315]]]}},{"type":"Feature","properties":{},"geometry":{"type":"Polygon","coordinates":[[[-103.360089,25.561265],[-103.359938,25.561031],[-103.359844,25.561081],[-103.359994,25.561315],[-103.360089,25.561265]]]}},{"type":"Feature","properties":{},"geometry":{"type":"Polygon","coordinates":[[[-103.360183,25.561214],[-103.360033,25.560981],[-103.359938,25.561031],[-103.360089,25.561265],[-103.360183,25.561214]]]}},{"type":"Feature","properties":{},"geometry":{"type":"Polygon","coordinates":[[[-103.360278,25.561164],[-103.360128,25.560931],[-103.360033,25.560981],[-103.360183,25.561214],[-103.360278,25.561164]]]}},{"type":"Feature","properties":{},"geometry":{"type":"Polygon","coordinates":[[[-103.360373,25.561114],[-103.360222,25.56088],[-103.360128,25.560931],[-103.360278,25.561164],[-103.360373,25.561114]]]}},{"type":"Feature","properties":{},"geometry":{"type":"Polygon","coordinates":[[[-103.360467,25.561064],[-103.360317,25.56083],[-103.360222,25.56088],[-103.360373,25.561114],[-103.360467,25.561064]]]}},{"type":"Feature","properties":{},"geometry":{"type":"Polygon","coordinates":[[[-103.360562,25.561014],[-103.360411,25.56078],[-103.360317,25.56083],[-103.360467,25.561064],[-103.360562,25.561014]]]}},{"type":"Feature","properties":{},"geometry":{"type":"Polygon","coordinates":[[[-103.360656,25.560964],[-103.360506,25.56073],[-103.360411,25.56078],[-103.360562,25.561014],[-103.360656,25.560964]]]}},{"type":"Feature","properties":{},"geometry":{"type":"Polygon","coordinates":[[[-103.360854,25.56086],[-103.360704,25.560626],[-103.360609,25.560676],[-103.360759,25.56091],[-103.360854,25.56086]]]}},{"type":"Feature","properties":{},"geometry":{"type":"Polygon","coordinates":[[[-103.360949,25.56081],[-103.360798,25.560576],[-103.360704,25.560626],[-103.360854,25.56086],[-103.360949,25.56081]]]}},{"type":"Feature","properties":{},"geometry":{"type":"Polygon","coordinates":[[[-103.361043,25.56076],[-103.360893,25.560526],[-103.360798,25.560576],[-103.360949,25.56081],[-103.361043,25.56076]]]}},{"type":"Feature","properties":{},"geometry":{"type":"Polygon","coordinates":[[[-103.361138,25.56071],[-103.360987,25.560476],[-103.360893,25.560526],[-103.361043,25.56076],[-103.361138,25.56071]]]}},{"type":"Feature","properties":{},"geometry":{"type":"Polygon","coordinates":[[[-103.361232,25.56066],[-103.361082,25.560426],[-103.360987,25.560476],[-103.361138,25.56071],[-103.361232,25.56066]]]}},{"type":"Feature","properties":{},"geometry":{"type":"Polygon","coordinates":[[[-103.361327,25.56061],[-103.361176,25.560376],[-103.361082,25.560426],[-103.361232,25.56066],[-103.361327,25.56061]]]}},{"type":"Feature","properties":{},"geometry":{"type":"Polygon","coordinates":[[[-103.361421,25.56056],[-103.361271,25.560326],[-103.361176,25.560376],[-103.361327,25.56061],[-103.361421,25.56056]]]}},{"type":"Feature","properties":{},"geometry":{"type":"Polygon","coordinates":[[[-103.361516,25.56051],[-103.361366,25.560276],[-103.361271,25.560326],[-103.361421,25.56056],[-103.361516,25.56051]]]}},{"type":"Feature","properties":{},"geometry":{"type":"Polygon","coordinates":[[[-103.361611,25.56046],[-103.36146,25.560226],[-103.361366,25.560276],[-103.361516,25.56051],[-103.361611,25.56046]]]}},{"type":"Feature","properties":{},"geometry":{"type":"Polygon","coordinates":[[[-103.361705,25.56041],[-103.361555,25.560176],[-103.36146,25.560226],[-103.361611,25.56046],[-103.361705,25.56041]]]}},{"type":"Feature","properties":{},"geometry":{"type":"Polygon","coordinates":[[[-103.3618,25.56036],[-103.361649,25.560126],[-103.361555,25.560176],[-103.361705,25.56041],[-103.3618,25.56036]]]}},{"type":"Feature","properties":{},"geometry":{"type":"Polygon","coordinates":[[[-103.361894,25.560309],[-103.361744,25.560076],[-103.361649,25.560126],[-103.3618,25.56036],[-103.361894,25.560309]]]}},{"type":"Feature","properties":{},"geometry":{"type":"Polygon","coordinates":[[[-103.361989,25.560259],[-103.361838,25.560026],[-103.361744,25.560076],[-103.361894,25.560309],[-103.361989,25.560259]]]}},{"type":"Feature","properties":{},"geometry":{"type":"Polygon","coordinates":[[[-103.362083,25.560209],[-103.361933,25.559975],[-103.361838,25.560026],[-103.361989,25.560259],[-103.362083,25.560209]]]}},{"type":"Feature","properties":{},"geometry":{"type":"Polygon","coordinates":[[[-103.362178,25.560159],[-103.362027,25.559925],[-103.361933,25.559975],[-103.362083,25.560209],[-103.362178,25.560159]]]}},{"type":"Feature","properties":{},"geometry":{"type":"Polygon","coordinates":[[[-103.362376,25.560055],[-103.362225,25.559821],[-103.362131,25.559871],[-103.362281,25.560105],[-103.362376,25.560055]]]}},{"type":"Feature","properties":{},"geometry":{"type":"Polygon","coordinates":[[[-103.36247,25.560005],[-103.36232,25.559771],[-103.362225,25.559821],[-103.362376,25.560055],[-103.36247,25.560005]]]}},{"type":"Feature","properties":{},"geometry":{"type":"Polygon","coordinates":[[[-103.362565,25.559955],[-103.362414,25.559721],[-103.36232,25.559771],[-103.36247,25.560005],[-103.362565,25.559955]]]}},{"type":"Feature","properties":{},"geometry":{"type":"Polygon","coordinates":[[[-103.362659,25.559905],[-103.362509,25.559671],[-103.362414,25.559721],[-103.362565,25.559955],[-103.362659,25.559905]]]}},{"type":"Feature","properties":{},"geometry":{"type":"Polygon","coordinates":[[[-103.362754,25.559855],[-103.362603,25.559621],[-103.362509,25.559671],[-103.362659,25.559905],[-103.362754,25.559855]]]}},{"type":"Feature","properties":{},"geometry":{"type":"Polygon","coordinates":[[[-103.362848,25.559805],[-103.362698,25.559571],[-103.362603,25.559621],[-103.362754,25.559855],[-103.362848,25.559805]]]}},{"type":"Feature","properties":{},"geometry":{"type":"Polygon","coordinates":[[[-103.362943,25.559755],[-103.362793,25.559521],[-103.362698,25.559571],[-103.362848,25.559805],[-103.362943,25.559755]]]}},{"type":"Feature","properties":{},"geometry":{"type":"Polygon","coordinates":[[[-103.363038,25.559705],[-103.362887,25.559471],[-103.362793,25.559521],[-103.362943,25.559755],[-103.363038,25.559705]]]}},{"type":"Feature","properties":{},"geometry":{"type":"Polygon","coordinates":[[[-103.363132,25.559655],[-103.362982,25.559421],[-103.362887,25.559471],[-103.363038,25.559705],[-103.363132,25.559655]]]}},{"type":"Feature","properties":{},"geometry":{"type":"Polygon","coordinates":[[[-103.363227,25.559605],[-103.363076,25.559371],[-103.362982,25.559421],[-103.363132,25.559655],[-103.363227,25.559605]]]}},{"type":"Feature","properties":{},"geometry":{"type":"Polygon","coordinates":[[[-103.363321,25.559555],[-103.363171,25.559321],[-103.363076,25.559371],[-103.363227,25.559605],[-103.363321,25.559555]]]}},{"type":"Feature","properties":{},"geometry":{"type":"Polygon","coordinates":[[[-103.363416,25.559505],[-103.363265,25.559271],[-103.363171,25.559321],[-103.363321,25.559555],[-103.363416,25.559505]]]}},{"type":"Feature","properties":{},"geometry":{"type":"Polygon","coordinates":[[[-103.36351,25.559455],[-103.36336,25.559221],[-103.363265,25.559271],[-103.363416,25.559505],[-103.36351,25.559455]]]}},{"type":"Feature","properties":{},"geometry":{"type":"Polygon","coordinates":[[[-103.363605,25.559404],[-103.363455,25.559171],[-103.36336,25.559221],[-103.36351,25.559455],[-103.363605,25.559404]]]}},{"type":"Feature","properties":{},"geometry":{"type":"Polygon","coordinates":[[[-103.3637,25.559354],[-103.363549,25.559121],[-103.363455,25.559171],[-103.363605,25.559404],[-103.3637,25.559354]]]}},{"type":"Feature","properties":{},"geometry":{"type":"Polygon","coordinates":[[[-103.363897,25.55925],[-103.363747,25.559016],[-103.363652,25.559066],[-103.363803,25.5593],[-103.363897,25.55925]]]}},{"type":"Feature","properties":{},"geometry":{"type":"Polygon","coordinates":[[[-103.363992,25.5592],[-103.363841,25.558966],[-103.363747,25.559016],[-103.363897,25.55925],[-103.363992,25.5592]]]}},{"type":"Feature","properties":{},"geometry":{"type":"Polygon","coordinates":[[[-103.364086,25.55915],[-103.363936,25.558916],[-103.363841,25.558966],[-103.363992,25.5592],[-103.364086,25.55915]]]}},{"type":"Feature","properties":{},"geometry":{"type":"Polygon","coordinates":[[[-103.364181,25.5591],[-103.364031,25.558866],[-103.363936,25.558916],[-103.364086,25.55915],[-103.364181,25.5591]]]}},{"type":"Feature","properties":{},"geometry":{"type":"Polygon","coordinates":[[[-103.364276,25.55905],[-103.364125,25.558816],[-103.364031,25.558866],[-103.364181,25.5591],[-103.364276,25.55905]]]}},{"type":"Feature","properties":{},"geometry":{"type":"Polygon","coordinates":[[[-103.36437,25.559],[-103.36422,25.558766],[-103.364125,25.558816],[-103.364276,25.55905],[-103.36437,25.559]]]}},{"type":"Feature","properties":{},"geometry":{"type":"Polygon","coordinates":[[[-103.364465,25.55895],[-103.364314,25.558716],[-103.36422,25.558766],[-103.36437,25.559],[-103.364465,25.55895]]]}},{"type":"Feature","properties":{},"geometry":{"type":"Polygon","coordinates":[[[-103.364559,25.5589],[-103.364409,25.558666],[-103.364314,25.558716],[-103.364465,25.55895],[-103.364559,25.5589]]]}},{"type":"Feature","properties":{},"geometry":{"type":"Polygon","coordinates":[[[-103.364654,25.55885],[-103.364503,25.558616],[-103.364409,25.558666],[-103.364559,25.5589],[-103.364654,25.55885]]]}},{"type":"Feature","properties":{},"geometry":{"type":"Polygon","coordinates":[[[-103.364748,25.5588],[-103.364598,25.558566],[-103.364503,25.558616],[-103.364654,25.55885],[-103.364748,25.5588]]]}},{"type":"Feature","properties":{},"geometry":{"type":"Polygon","coordinates":[[[-103.364843,25.55875],[-103.364693,25.558516],[-103.364598,25.558566],[-103.364748,25.5588],[-103.364843,25.55875]]]}},{"type":"Feature","properties":{},"geometry":{"type":"Polygon","coordinates":[[[-103.364938,25.5587],[-103.364787,25.558466],[-103.364693,25.558516],[-103.364843,25.55875],[-103.364938,25.5587]]]}},{"type":"Feature","properties":{},"geometry":{"type":"Polygon","coordinates":[[[-103.357965,25.564896],[-103.357814,25.564662],[-103.35772,25.564712],[-103.35787,25.564946],[-103.357965,25.564896]]]}},{"type":"Feature","properties":{},"geometry":{"type":"Polygon","coordinates":[[[-103.358059,25.564846],[-103.357909,25.564612],[-103.357814,25.564662],[-103.357965,25.564896],[-103.358059,25.564846]]]}},{"type":"Feature","properties":{},"geometry":{"type":"Polygon","coordinates":[[[-103.358154,25.564796],[-103.358004,25.564562],[-103.357909,25.564612],[-103.358059,25.564846],[-103.358154,25.564796]]]}},{"type":"Feature","properties":{},"geometry":{"type":"Polygon","coordinates":[[[-103.358249,25.564746],[-103.358098,25.564512],[-103.358004,25.564562],[-103.358154,25.564796],[-103.358249,25.564746]]]}},{"type":"Feature","properties":{},"geometry":{"type":"Polygon","coordinates":[[[-103.358343,25.564696],[-103.358193,25.564462],[-103.358098,25.564512],[-103.358249,25.564746],[-103.358343,25.564696]]]}},{"type":"Feature","properties":{},"geometry":{"type":"Polygon","coordinates":[[[-103.358438,25.564646],[-103.358287,25.564412],[-103.358193,25.564462],[-103.358343,25.564696],[-103.358438,25.564646]]]}},{"type":"Feature","properties":{},"geometry":{"type":"Polygon","coordinates":[[[-103.358532,25.564596],[-103.358382,25.564362],[-103.358287,25.564412],[-103.358438,25.564646],[-103.358532,25.564596]]]}},{"type":"Feature","properties":{},"geometry":{"type":"Polygon","coordinates":[[[-103.358627,25.564546],[-103.358476,25.564312],[-103.358382,25.564362],[-103.358532,25.564596],[-103.358627,25.564546]]]}},{"type":"Feature","properties":{},"geometry":{"type":"Polygon","coordinates":[[[-103.358721,25.564496],[-103.358571,25.564262],[-103.358476,25.564312],[-103.358627,25.564546],[-103.358721,25.564496]]]}},{"type":"Feature","properties":{},"geometry":{"type":"Polygon","coordinates":[[[-103.358816,25.564446],[-103.358666,25.564212],[-103.358571,25.564262],[-103.358721,25.564496],[-103.358816,25.564446]]]}},{"type":"Feature","properties":{},"geometry":{"type":"Polygon","coordinates":[[[-103.359014,25.564341],[-103.358863,25.564107],[-103.358769,25.564157],[-103.358919,25.564391],[-103.359014,25.564341]]]}},{"type":"Feature","properties":{},"geometry":{"type":"Polygon","coordinates":[[[-103.359108,25.564291],[-103.358958,25.564057],[-103.358863,25.564107],[-103.359014,25.564341],[-103.359108,25.564291]]]}},{"type":"Feature","properties":{},"geometry":{"type":"Polygon","coordinates":[[[-103.359203,25.564241],[-103.359053,25.564007],[-103.358958,25.564057],[-103.359108,25.564291],[-103.359203,25.564241]]]}},{"type":"Feature","properties":{},"geometry":{"type":"Polygon","coordinates":[[[-103.359298,25.564191],[-103.359147,25.563957],[-103.359053,25.564007],[-103.359203,25.564241],[-103.359298,25.564191]]]}},{"type":"Feature","properties":{},"geometry":{"type":"Polygon","coordinates":[[[-103.359392,25.564141],[-103.359242,25.563907],[-103.359147,25.563957],[-103.359298,25.564191],[-103.359392,25.564141]]]}},{"type":"Feature","properties":{},"geometry":{"type":"Polygon","coordinates":[[[-103.359487,25.564091],[-103.359336,25.563857],[-103.359242,25.563907],[-103.359392,25.564141],[-103.359487,25.564091]]]}},{"type":"Feature","properties":{},"geometry":{"type":"Polygon","coordinates":[[[-103.359581,25.564041],[-103.359431,25.563807],[-103.359336,25.563857],[-103.359487,25.564091],[-103.359581,25.564041]]]}},{"type":"Feature","properties":{},"geometry":{"type":"Polygon","coordinates":[[[-103.359676,25.563991],[-103.359525,25.563757],[-103.359431,25.563807],[-103.359581,25.564041],[-103.359676,25.563991]]]}},{"type":"Feature","properties":{},"geometry":{"type":"Polygon","coordinates":[[[-103.35977,25.563941],[-103.35962,25.563707],[-103.359525,25.563757],[-103.359676,25.563991],[-103.35977,25.563941]]]}},{"type":"Feature","properties":{},"geometry":{"type":"Polygon","coordinates":[[[-103.359865,25.563891],[-103.359715,25.563657],[-103.35962,25.563707],[-103.35977,25.563941],[-103.359865,25.563891]]]}},{"type":"Feature","properties":{},"geometry":{"type":"Polygon","coordinates":[[[-103.35996,25.563841],[-103.359809,25.563607],[-103.359715,25.563657],[-103.359865,25.563891],[-103.35996,25.563841]]]}},{"type":"Feature","properties":{},"geometry":{"type":"Polygon","coordinates":[[[-103.361008,25.563286],[-103.360858,25.563052],[-103.360763,25.563102],[-103.360914,25.563336],[-103.361008,25.563286]]]}},{"type":"Feature","properties":{},"geometry":{"type":"Polygon","coordinates":[[[-103.361103,25.563236],[-103.360953,25.563002],[-103.360858,25.563052],[-103.361008,25.563286],[-103.361103,25.563236]]]}},{"type":"Feature","properties":{},"geometry":{"type":"Polygon","coordinates":[[[-103.361198,25.563186],[-103.361047,25.562952],[-103.360953,25.563002],[-103.361103,25.563236],[-103.361198,25.563186]]]}},{"type":"Feature","properties":{},"geometry":{"type":"Polygon","coordinates":[[[-103.361292,25.563136],[-103.361142,25.562902],[-103.361047,25.562952],[-103.361198,25.563186],[-103.361292,25.563136]]]}},{"type":"Feature","properties":{},"geometry":{"type":"Polygon","coordinates":[[[-103.361387,25.563086],[-103.361236,25.562852],[-103.361142,25.562902],[-103.361292,25.563136],[-103.361387,25.563086]]]}},{"type":"Feature","properties":{},"geometry":{"type":"Polygon","coordinates":[[[-103.361481,25.563036],[-103.361331,25.562802],[-103.361236,25.562852],[-103.361387,25.563086],[-103.361481,25.563036]]]}},{"type":"Feature","properties":{},"geometry":{"type":"Polygon","coordinates":[[[-103.361576,25.562986],[-103.361425,25.562752],[-103.361331,25.562802],[-103.361481,25.563036],[-103.361576,25.562986]]]}},{"type":"Feature","properties":{},"geometry":{"type":"Polygon","coordinates":[[[-103.36167,25.562936],[-103.36152,25.562702],[-103.361425,25.562752],[-103.361576,25.562986],[-103.36167,25.562936]]]}},{"type":"Feature","properties":{},"geometry":{"type":"Polygon","coordinates":[[[-103.361765,25.562886],[-103.361615,25.562652],[-103.36152,25.562702],[-103.36167,25.562936],[-103.361765,25.562886]]]}},{"type":"Feature","properties":{},"geometry":{"type":"Polygon","coordinates":[[[-103.36186,25.562836],[-103.361709,25.562602],[-103.361615,25.562652],[-103.361765,25.562886],[-103.36186,25.562836]]]}},{"type":"Feature","properties":{},"geometry":{"type":"Polygon","coordinates":[[[-103.362057,25.562731],[-103.361907,25.562497],[-103.361812,25.562547],[-103.361963,25.562781],[-103.362057,25.562731]]]}},{"type":"Feature","properties":{},"geometry":{"type":"Polygon","coordinates":[[[-103.362152,25.562681],[-103.362001,25.562447],[-103.361907,25.562497],[-103.362057,25.562731],[-103.362152,25.562681]]]}},{"type":"Feature","properties":{},"geometry":{"type":"Polygon","coordinates":[[[-103.362246,25.562631],[-103.362096,25.562397],[-103.362001,25.562447],[-103.362152,25.562681],[-103.362246,25.562631]]]}},{"type":"Feature","properties":{},"geometry":{"type":"Polygon","coordinates":[[[-103.362341,25.562581],[-103.362191,25.562347],[-103.362096,25.562397],[-103.362246,25.562631],[-103.362341,25.562581]]]}},{"type":"Feature","properties":{},"geometry":{"type":"Polygon","coordinates":[[[-103.362436,25.562531],[-103.362285,25.562297],[-103.362191,25.562347],[-103.362341,25.562581],[-103.362436,25.562531]]]}},{"type":"Feature","properties":{},"geometry":{"type":"Polygon","coordinates":[[[-103.36253,25.562481],[-103.36238,25.562247],[-103.362285,25.562297],[-103.362436,25.562531],[-103.36253,25.562481]]]}},{"type":"Feature","properties":{},"geometry":{"type":"Polygon","coordinates":[[[-103.362625,25.562431],[-103.362474,25.562197],[-103.36238,25.562247],[-103.36253,25.562481],[-103.362625,25.562431]]]}},{"type":"Feature","properties":{},"geometry":{"type":"Polygon","coordinates":[[[-103.362719,25.562381],[-103.362569,25.562147],[-103.362474,25.562197],[-103.362625,25.562431],[-103.362719,25.562381]]]}},{"type":"Feature","properties":{},"geometry":{"type":"Polygon","coordinates":[[[-103.362814,25.562331],[-103.362663,25.562097],[-103.362569,25.562147],[-103.362719,25.562381],[-103.362814,25.562331]]]}},{"type":"Feature","properties":{},"geometry":{"type":"Polygon","coordinates":[[[-103.362908,25.562281],[-103.362758,25.562047],[-103.362663,25.562097],[-103.362814,25.562331],[-103.362908,25.562281]]]}},{"type":"Feature","properties":{},"geometry":{"type":"Polygon","coordinates":[[[-103.363003,25.562231],[-103.362853,25.561997],[-103.362758,25.562047],[-103.362908,25.562281],[-103.363003,25.562231]]]}},{"type":"Feature","properties":{},"geometry":{"type":"Polygon","coordinates":[[[-103.363097,25.562181],[-103.362947,25.561947],[-103.362853,25.561997],[-103.363003,25.562231],[-103.363097,25.562181]]]}},{"type":"Feature","properties":{},"geometry":{"type":"Polygon","coordinates":[[[-103.363192,25.562131],[-103.363042,25.561897],[-103.362947,25.561947],[-103.363097,25.562181],[-103.363192,25.562131]]]}},{"type":"Feature","properties":{},"geometry":{"type":"Polygon","coordinates":[[[-103.363287,25.562081],[-103.363136,25.561847],[-103.363042,25.561897],[-103.363192,25.562131],[-103.363287,25.562081]]]}},{"type":"Feature","properties":{},"geometry":{"type":"Polygon","coordinates":[[[-103.363381,25.562031],[-103.363231,25.561797],[-103.363136,25.561847],[-103.363287,25.562081],[-103.363381,25.562031]]]}},{"type":"Feature","properties":{},"geometry":{"type":"Polygon","coordinates":[[[-103.363579,25.561926],[-103.363429,25.561692],[-103.363334,25.561742],[-103.363484,25.561976],[-103.363579,25.561926]]]}},{"type":"Feature","properties":{},"geometry":{"type":"Polygon","coordinates":[[[-103.363673,25.561876],[-103.363523,25.561642],[-103.363429,25.561692],[-103.363579,25.561926],[-103.363673,25.561876]]]}},{"type":"Feature","properties":{},"geometry":{"type":"Polygon","coordinates":[[[-103.363768,25.561826],[-103.363618,25.561592],[-103.363523,25.561642],[-103.363673,25.561876],[-103.363768,25.561826]]]}},{"type":"Feature","properties":{},"geometry":{"type":"Polygon","coordinates":[[[-103.363863,25.561776],[-103.363712,25.561542],[-103.363618,25.561592],[-103.363768,25.561826],[-103.363863,25.561776]]]}},{"type":"Feature","properties":{},"geometry":{"type":"Polygon","coordinates":[[[-103.363957,25.561726],[-103.363807,25.561492],[-103.363712,25.561542],[-103.363863,25.561776],[-103.363957,25.561726]]]}},{"type":"Feature","properties":{},"geometry":{"type":"Polygon","coordinates":[[[-103.364052,25.561676],[-103.363901,25.561442],[-103.363807,25.561492],[-103.363957,25.561726],[-103.364052,25.561676]]]}},{"type":"Feature","properties":{},"geometry":{"type":"Polygon","coordinates":[[[-103.364146,25.561626],[-103.363996,25.561392],[-103.363901,25.561442],[-103.364052,25.561676],[-103.364146,25.561626]]]}},{"type":"Feature","properties":{},"geometry":{"type":"Polygon","coordinates":[[[-103.364241,25.561576],[-103.36409,25.561342],[-103.363996,25.561392],[-103.364146,25.561626],[-103.364241,25.561576]]]}},{"type":"Feature","properties":{},"geometry":{"type":"Polygon","coordinates":[[[-103.364335,25.561526],[-103.364185,25.561292],[-103.36409,25.561342],[-103.364241,25.561576],[-103.364335,25.561526]]]}},{"type":"Feature","properties":{},"geometry":{"type":"Polygon","coordinates":[[[-103.36443,25.561476],[-103.36428,25.561242],[-103.364185,25.561292],[-103.364335,25.561526],[-103.36443,25.561476]]]}},{"type":"Feature","properties":{},"geometry":{"type":"Polygon","coordinates":[[[-103.364525,25.561426],[-103.364374,25.561192],[-103.36428,25.561242],[-103.36443,25.561476],[-103.364525,25.561426]]]}},{"type":"Feature","properties":{},"geometry":{"type":"Polygon","coordinates":[[[-103.364619,25.561376],[-103.364469,25.561142],[-103.364374,25.561192],[-103.364525,25.561426],[-103.364619,25.561376]]]}},{"type":"Feature","properties":{},"geometry":{"type":"Polygon","coordinates":[[[-103.364714,25.561326],[-103.364563,25.561092],[-103.364469,25.561142],[-103.364619,25.561376],[-103.364714,25.561326]]]}},{"type":"Feature","properties":{},"geometry":{"type":"Polygon","coordinates":[[[-103.364808,25.561276],[-103.364658,25.561042],[-103.364563,25.561092],[-103.364714,25.561326],[-103.364808,25.561276]]]}},{"type":"Feature","properties":{},"geometry":{"type":"Polygon","coordinates":[[[-103.364903,25.561226],[-103.364752,25.560992],[-103.364658,25.561042],[-103.364808,25.561276],[-103.364903,25.561226]]]}},{"type":"Feature","properties":{},"geometry":{"type":"Polygon","coordinates":[[[-103.365101,25.561121],[-103.36495,25.560887],[-103.364856,25.560937],[-103.365006,25.561171],[-103.365101,25.561121]]]}},{"type":"Feature","properties":{},"geometry":{"type":"Polygon","coordinates":[[[-103.365195,25.561071],[-103.365045,25.560837],[-103.36495,25.560887],[-103.365101,25.561121],[-103.365195,25.561071]]]}},{"type":"Feature","properties":{},"geometry":{"type":"Polygon","coordinates":[[[-103.36529,25.561021],[-103.365139,25.560787],[-103.365045,25.560837],[-103.365195,25.561071],[-103.36529,25.561021]]]}},{"type":"Feature","properties":{},"geometry":{"type":"Polygon","coordinates":[[[-103.365384,25.560971],[-103.365234,25.560737],[-103.365139,25.560787],[-103.36529,25.561021],[-103.365384,25.560971]]]}},{"type":"Feature","properties":{},"geometry":{"type":"Polygon","coordinates":[[[-103.365479,25.560921],[-103.365328,25.560687],[-103.365234,25.560737],[-103.365384,25.560971],[-103.365479,25.560921]]]}},{"type":"Feature","properties":{},"geometry":{"type":"Polygon","coordinates":[[[-103.365573,25.560871],[-103.365423,25.560637],[-103.365328,25.560687],[-103.365479,25.560921],[-103.365573,25.560871]]]}},{"type":"Feature","properties":{},"geometry":{"type":"Polygon","coordinates":[[[-103.365668,25.560821],[-103.365518,25.560587],[-103.365423,25.560637],[-103.365573,25.560871],[-103.365668,25.560821]]]}},{"type":"Feature","properties":{},"geometry":{"type":"Polygon","coordinates":[[[-103.365763,25.560771],[-103.365612,25.560537],[-103.365518,25.560587],[-103.365668,25.560821],[-103.365763,25.560771]]]}},{"type":"Feature","properties":{},"geometry":{"type":"Polygon","coordinates":[[[-103.365857,25.560721],[-103.365707,25.560487],[-103.365612,25.560537],[-103.365763,25.560771],[-103.365857,25.560721]]]}},{"type":"Feature","properties":{},"geometry":{"type":"Polygon","coordinates":[[[-103.365952,25.560671],[-103.365801,25.560437],[-103.365707,25.560487],[-103.365857,25.560721],[-103.365952,25.560671]]]}},{"type":"Feature","properties":{},"geometry":{"type":"Polygon","coordinates":[[[-103.366046,25.560621],[-103.365896,25.560387],[-103.365801,25.560437],[-103.365952,25.560671],[-103.366046,25.560621]]]}},{"type":"Feature","properties":{},"geometry":{"type":"Polygon","coordinates":[[[-103.366141,25.560571],[-103.36599,25.560337],[-103.365896,25.560387],[-103.366046,25.560621],[-103.366141,25.560571]]]}},{"type":"Feature","properties":{},"geometry":{"type":"Polygon","coordinates":[[[-103.366235,25.560521],[-103.366085,25.560287],[-103.36599,25.560337],[-103.366141,25.560571],[-103.366235,25.560521]]]}},{"type":"Feature","properties":{},"geometry":{"type":"Polygon","coordinates":[[[-103.36633,25.560471],[-103.36618,25.560237],[-103.366085,25.560287],[-103.366235,25.560521],[-103.36633,25.560471]]]}},{"type":"Feature","properties":{},"geometry":{"type":"Polygon","coordinates":[[[-103.366425,25.560421],[-103.366274,25.560187],[-103.36618,25.560237],[-103.36633,25.560471],[-103.366425,25.560421]]]}},{"type":"Feature","properties":{},"geometry":{"type":"Polygon","coordinates":[[[-103.366622,25.560316],[-103.366472,25.560082],[-103.366377,25.560132],[-103.366528,25.560366],[-103.366622,25.560316]]]}},{"type":"Feature","properties":{},"geometry":{"type":"Polygon","coordinates":[[[-103.366717,25.560266],[-103.366566,25.560032],[-103.366472,25.560082],[-103.366622,25.560316],[-103.366717,25.560266]]]}},{"type":"Feature","properties":{},"geometry":{"type":"Polygon","coordinates":[[[-103.366811,25.560216],[-103.366661,25.559982],[-103.366566,25.560032],[-103.366717,25.560266],[-103.366811,25.560216]]]}},{"type":"Feature","properties":{},"geometry":{"type":"Polygon","coordinates":[[[-103.366906,25.560166],[-103.366756,25.559932],[-103.366661,25.559982],[-103.366811,25.560216],[-103.366906,25.560166]]]}},{"type":"Feature","properties":{},"geometry":{"type":"Polygon","coordinates":[[[-103.367001,25.560116],[-103.36685,25.559882],[-103.366756,25.559932],[-103.366906,25.560166],[-103.367001,25.560116]]]}},{"type":"Feature","properties":{},"geometry":{"type":"Polygon","coordinates":[[[-103.367095,25.560066],[-103.366945,25.559832],[-103.36685,25.559882],[-103.367001,25.560116],[-103.367095,25.560066]]]}},{"type":"Feature","properties":{},"geometry":{"type":"Polygon","coordinates":[[[-103.36719,25.560016],[-103.367039,25.559782],[-103.366945,25.559832],[-103.367095,25.560066],[-103.36719,25.560016]]]}},{"type":"Feature","properties":{},"geometry":{"type":"Polygon","coordinates":[[[-103.367284,25.559966],[-103.367134,25.559732],[-103.367039,25.559782],[-103.36719,25.560016],[-103.367284,25.559966]]]}},{"type":"Feature","properties":{},"geometry":{"type":"Polygon","coordinates":[[[-103.367379,25.559916],[-103.367228,25.559682],[-103.367134,25.559732],[-103.367284,25.559966],[-103.367379,25.559916]]]}},{"type":"Feature","properties":{},"geometry":{"type":"Polygon","coordinates":[[[-103.367473,25.559866],[-103.367323,25.559632],[-103.367228,25.559682],[-103.367379,25.559916],[-103.367473,25.559866]]]}},{"type":"Feature","properties":{},"geometry":{"type":"Polygon","coordinates":[[[-103.367568,25.559816],[-103.367417,25.559582],[-103.367323,25.559632],[-103.367473,25.559866],[-103.367568,25.559816]]]}},{"type":"Feature","properties":{},"geometry":{"type":"Polygon","coordinates":[[[-103.367662,25.559766],[-103.367512,25.559532],[-103.367417,25.559582],[-103.367568,25.559816],[-103.367662,25.559766]]]}},{"type":"Feature","properties":{},"geometry":{"type":"Polygon","coordinates":[[[-103.367757,25.559716],[-103.367607,25.559482],[-103.367512,25.559532],[-103.367662,25.559766],[-103.367757,25.559716]]]}},{"type":"Feature","properties":{},"geometry":{"type":"Polygon","coordinates":[[[-103.367852,25.559666],[-103.367701,25.559432],[-103.367607,25.559482],[-103.367757,25.559716],[-103.367852,25.559666]]]}},{"type":"Feature","properties":{},"geometry":{"type":"Polygon","coordinates":[[[-103.367946,25.559616],[-103.367796,25.559382],[-103.367701,25.559432],[-103.367852,25.559666],[-103.367946,25.559616]]]}},{"type":"Feature","properties":{},"geometry":{"type":"Polygon","coordinates":[[[-103.368144,25.559511],[-103.367993,25.559277],[-103.367899,25.559327],[-103.368049,25.559561],[-103.368144,25.559511]]]}},{"type":"Feature","properties":{},"geometry":{"type":"Polygon","coordinates":[[[-103.368238,25.559461],[-103.368088,25.559227],[-103.367993,25.559277],[-103.368144,25.559511],[-103.368238,25.559461]]]}},{"type":"Feature","properties":{},"geometry":{"type":"Polygon","coordinates":[[[-103.368333,25.559411],[-103.368183,25.559177],[-103.368088,25.559227],[-103.368238,25.559461],[-103.368333,25.559411]]]}},{"type":"Feature","properties":{},"geometry":{"type":"Polygon","coordinates":[[[-103.368428,25.559361],[-103.368277,25.559127],[-103.368183,25.559177],[-103.368333,25.559411],[-103.368428,25.559361]]]}},{"type":"Feature","properties":{},"geometry":{"type":"Polygon","coordinates":[[[-103.368522,25.559311],[-103.368372,25.559077],[-103.368277,25.559127],[-103.368428,25.559361],[-103.368522,25.559311]]]}},{"type":"Feature","properties":{},"geometry":{"type":"Polygon","coordinates":[[[-103.368617,25.559261],[-103.368466,25.559027],[-103.368372,25.559077],[-103.368522,25.559311],[-103.368617,25.559261]]]}},{"type":"Feature","properties":{},"geometry":{"type":"Polygon","coordinates":[[[-103.368711,25.559211],[-103.368561,25.558977],[-103.368466,25.559027],[-103.368617,25.559261],[-103.368711,25.559211]]]}},{"type":"Feature","properties":{},"geometry":{"type":"Polygon","coordinates":[[[-103.358021,25.56518],[-103.35787,25.564946],[-103.357776,25.564996],[-103.357926,25.56523],[-103.358021,25.56518]]]}},{"type":"Feature","properties":{},"geometry":{"type":"Polygon","coordinates":[[[-103.358115,25.56513],[-103.357965,25.564896],[-103.35787,25.564946],[-103.358021,25.56518],[-103.358115,25.56513]]]}},{"type":"Feature","properties":{},"geometry":{"type":"Polygon","coordinates":[[[-103.35821,25.56508],[-103.358059,25.564846],[-103.357965,25.564896],[-103.358115,25.56513],[-103.35821,25.56508]]]}},{"type":"Feature","properties":{},"geometry":{"type":"Polygon","coordinates":[[[-103.358304,25.56503],[-103.358154,25.564796],[-103.358059,25.564846],[-103.35821,25.56508],[-103.358304,25.56503]]]}},{"type":"Feature","properties":{},"geometry":{"type":"Polygon","coordinates":[[[-103.358399,25.56498],[-103.358249,25.564746],[-103.358154,25.564796],[-103.358304,25.56503],[-103.358399,25.56498]]]}},{"type":"Feature","properties":{},"geometry":{"type":"Polygon","coordinates":[[[-103.358494,25.56493],[-103.358343,25.564696],[-103.358249,25.564746],[-103.358399,25.56498],[-103.358494,25.56493]]]}},{"type":"Feature","properties":{},"geometry":{"type":"Polygon","coordinates":[[[-103.358588,25.56488],[-103.358438,25.564646],[-103.358343,25.564696],[-103.358494,25.56493],[-103.358588,25.56488]]]}},{"type":"Feature","properties":{},"geometry":{"type":"Polygon","coordinates":[[[-103.358683,25.56483],[-103.358532,25.564596],[-103.358438,25.564646],[-103.358588,25.56488],[-103.358683,25.56483]]]}},{"type":"Feature","properties":{},"geometry":{"type":"Polygon","coordinates":[[[-103.358777,25.56478],[-103.358627,25.564546],[-103.358532,25.564596],[-103.358683,25.56483],[-103.358777,25.56478]]]}},{"type":"Feature","properties":{},"geometry":{"type":"Polygon","coordinates":[[[-103.358872,25.56473],[-103.358721,25.564496],[-103.358627,25.564546],[-103.358777,25.56478],[-103.358872,25.56473]]]}},{"type":"Feature","properties":{},"geometry":{"type":"Polygon","coordinates":[[[-103.358966,25.56468],[-103.358816,25.564446],[-103.358721,25.564496],[-103.358872,25.56473],[-103.358966,25.56468]]]}},{"type":"Feature","properties":{},"geometry":{"type":"Polygon","coordinates":[[[-103.359164,25.564575],[-103.359014,25.564341],[-103.358919,25.564391],[-103.35907,25.564625],[-103.359164,25.564575]]]}},{"type":"Feature","properties":{},"geometry":{"type":"Polygon","coordinates":[[[-103.359259,25.564525],[-103.359108,25.564291],[-103.359014,25.564341],[-103.359164,25.564575],[-103.359259,25.564525]]]}},{"type":"Feature","properties":{},"geometry":{"type":"Polygon","coordinates":[[[-103.359353,25.564475],[-103.359203,25.564241],[-103.359108,25.564291],[-103.359259,25.564525],[-103.359353,25.564475]]]}},{"type":"Feature","properties":{},"geometry":{"type":"Polygon","coordinates":[[[-103.359448,25.564425],[-103.359298,25.564191],[-103.359203,25.564241],[-103.359353,25.564475],[-103.359448,25.564425]]]}},{"type":"Feature","properties":{},"geometry":{"type":"Polygon","coordinates":[[[-103.359542,25.564375],[-103.359392,25.564141],[-103.359298,25.564191],[-103.359448,25.564425],[-103.359542,25.564375]]]}},{"type":"Feature","properties":{},"geometry":{"type":"Polygon","coordinates":[[[-103.359637,25.564325],[-103.359487,25.564091],[-103.359392,25.564141],[-103.359542,25.564375],[-103.359637,25.564325]]]}},{"type":"Feature","properties":{},"geometry":{"type":"Polygon","coordinates":[[[-103.359732,25.564275],[-103.359581,25.564041],[-103.359487,25.564091],[-103.359637,25.564325],[-103.359732,25.564275]]]}},{"type":"Feature","properties":{},"geometry":{"type":"Polygon","coordinates":[[[-103.359826,25.564225],[-103.359676,25.563991],[-103.359581,25.564041],[-103.359732,25.564275],[-103.359826,25.564225]]]}},{"type":"Feature","properties":{},"geometry":{"type":"Polygon","coordinates":[[[-103.359921,25.564175],[-103.35977,25.563941],[-103.359676,25.563991],[-103.359826,25.564225],[-103.359921,25.564175]]]}},{"type":"Feature","properties":{},"geometry":{"type":"Polygon","coordinates":[[[-103.360015,25.564125],[-103.359865,25.563891],[-103.35977,25.563941],[-103.359921,25.564175],[-103.360015,25.564125]]]}},{"type":"Feature","properties":{},"geometry":{"type":"Polygon","coordinates":[[[-103.36011,25.564075],[-103.35996,25.563841],[-103.359865,25.563891],[-103.360015,25.564125],[-103.36011,25.564075]]]}},{"type":"Feature","properties":{},"geometry":{"type":"Polygon","coordinates":[[[-103.361159,25.56352],[-103.361008,25.563286],[-103.360914,25.563336],[-103.361064,25.56357],[-103.361159,25.56352]]]}},{"type":"Feature","properties":{},"geometry":{"type":"Polygon","coordinates":[[[-103.361253,25.56347],[-103.361103,25.563236],[-103.361008,25.563286],[-103.361159,25.56352],[-103.361253,25.56347]]]}},{"type":"Feature","properties":{},"geometry":{"type":"Polygon","coordinates":[[[-103.361348,25.56342],[-103.361198,25.563186],[-103.361103,25.563236],[-103.361253,25.56347],[-103.361348,25.56342]]]}},{"type":"Feature","properties":{},"geometry":{"type":"Polygon","coordinates":[[[-103.361442,25.56337],[-103.361292,25.563136],[-103.361198,25.563186],[-103.361348,25.56342],[-103.361442,25.56337]]]}},{"type":"Feature","properties":{},"geometry":{"type":"Polygon","coordinates":[[[-103.361537,25.56332],[-103.361387,25.563086],[-103.361292,25.563136],[-103.361442,25.56337],[-103.361537,25.56332]]]}},{"type":"Feature","properties":{},"geometry":{"type":"Polygon","coordinates":[[[-103.361632,25.56327],[-103.361481,25.563036],[-103.361387,25.563086],[-103.361537,25.56332],[-103.361632,25.56327]]]}},{"type":"Feature","properties":{},"geometry":{"type":"Polygon","coordinates":[[[-103.361726,25.56322],[-103.361576,25.562986],[-103.361481,25.563036],[-103.361632,25.56327],[-103.361726,25.56322]]]}},{"type":"Feature","properties":{},"geometry":{"type":"Polygon","coordinates":[[[-103.361821,25.56317],[-103.36167,25.562936],[-103.361576,25.562986],[-103.361726,25.56322],[-103.361821,25.56317]]]}},{"type":"Feature","properties":{},"geometry":{"type":"Polygon","coordinates":[[[-103.361915,25.56312],[-103.361765,25.562886],[-103.36167,25.562936],[-103.361821,25.56317],[-103.361915,25.56312]]]}},{"type":"Feature","properties":{},"geometry":{"type":"Polygon","coordinates":[[[-103.36201,25.56307],[-103.36186,25.562836],[-103.361765,25.562886],[-103.361915,25.56312],[-103.36201,25.56307]]]}},{"type":"Feature","properties":{},"geometry":{"type":"Polygon","coordinates":[[[-103.362208,25.562965],[-103.362057,25.562731],[-103.361963,25.562781],[-103.362113,25.563015],[-103.362208,25.562965]]]}},{"type":"Feature","properties":{},"geometry":{"type":"Polygon","coordinates":[[[-103.362302,25.562915],[-103.362152,25.562681],[-103.362057,25.562731],[-103.362208,25.562965],[-103.362302,25.562915]]]}},{"type":"Feature","properties":{},"geometry":{"type":"Polygon","coordinates":[[[-103.362397,25.562865],[-103.362246,25.562631],[-103.362152,25.562681],[-103.362302,25.562915],[-103.362397,25.562865]]]}},{"type":"Feature","properties":{},"geometry":{"type":"Polygon","coordinates":[[[-103.362491,25.562815],[-103.362341,25.562581],[-103.362246,25.562631],[-103.362397,25.562865],[-103.362491,25.562815]]]}},{"type":"Feature","properties":{},"geometry":{"type":"Polygon","coordinates":[[[-103.362586,25.562765],[-103.362436,25.562531],[-103.362341,25.562581],[-103.362491,25.562815],[-103.362586,25.562765]]]}},{"type":"Feature","properties":{},"geometry":{"type":"Polygon","coordinates":[[[-103.36268,25.562715],[-103.36253,25.562481],[-103.362436,25.562531],[-103.362586,25.562765],[-103.36268,25.562715]]]}},{"type":"Feature","properties":{},"geometry":{"type":"Polygon","coordinates":[[[-103.362775,25.562665],[-103.362625,25.562431],[-103.36253,25.562481],[-103.36268,25.562715],[-103.362775,25.562665]]]}},{"type":"Feature","properties":{},"geometry":{"type":"Polygon","coordinates":[[[-103.36287,25.562615],[-103.362719,25.562381],[-103.362625,25.562431],[-103.362775,25.562665],[-103.36287,25.562615]]]}},{"type":"Feature","properties":{},"geometry":{"type":"Polygon","coordinates":[[[-103.362964,25.562565],[-103.362814,25.562331],[-103.362719,25.562381],[-103.36287,25.562615],[-103.362964,25.562565]]]}},{"type":"Feature","properties":{},"geometry":{"type":"Polygon","coordinates":[[[-103.363059,25.562515],[-103.362908,25.562281],[-103.362814,25.562331],[-103.362964,25.562565],[-103.363059,25.562515]]]}},{"type":"Feature","properties":{},"geometry":{"type":"Polygon","coordinates":[[[-103.363153,25.562465],[-103.363003,25.562231],[-103.362908,25.562281],[-103.363059,25.562515],[-103.363153,25.562465]]]}},{"type":"Feature","properties":{},"geometry":{"type":"Polygon","coordinates":[[[-103.363248,25.562415],[-103.363097,25.562181],[-103.363003,25.562231],[-103.363153,25.562465],[-103.363248,25.562415]]]}},{"type":"Feature","properties":{},"geometry":{"type":"Polygon","coordinates":[[[-103.363342,25.562365],[-103.363192,25.562131],[-103.363097,25.562181],[-103.363248,25.562415],[-103.363342,25.562365]]]}},{"type":"Feature","properties":{},"geometry":{"type":"Polygon","coordinates":[[[-103.363437,25.562315],[-103.363287,25.562081],[-103.363192,25.562131],[-103.363342,25.562365],[-103.363437,25.562315]]]}},{"type":"Feature","properties":{},"geometry":{"type":"Polygon","coordinates":[[[-103.363532,25.562265],[-103.363381,25.562031],[-103.363287,25.562081],[-103.363437,25.562315],[-103.363532,25.562265]]]}},{"type":"Feature","properties":{},"geometry":{"type":"Polygon","coordinates":[[[-103.363729,25.56216],[-103.363579,25.561926],[-103.363484,25.561976],[-103.363635,25.56221],[-103.363729,25.56216]]]}},{"type":"Feature","properties":{},"geometry":{"type":"Polygon","coordinates":[[[-103.363824,25.56211],[-103.363673,25.561876],[-103.363579,25.561926],[-103.363729,25.56216],[-103.363824,25.56211]]]}},{"type":"Feature","properties":{},"geometry":{"type":"Polygon","coordinates":[[[-103.363918,25.56206],[-103.363768,25.561826],[-103.363673,25.561876],[-103.363824,25.56211],[-103.363918,25.56206]]]}},{"type":"Feature","properties":{},"geometry":{"type":"Polygon","coordinates":[[[-103.364013,25.56201],[-103.363863,25.561776],[-103.363768,25.561826],[-103.363918,25.56206],[-103.364013,25.56201]]]}},{"type":"Feature","properties":{},"geometry":{"type":"Polygon","coordinates":[[[-103.364108,25.56196],[-103.363957,25.561726],[-103.363863,25.561776],[-103.364013,25.56201],[-103.364108,25.56196]]]}},{"type":"Feature","properties":{},"geometry":{"type":"Polygon","coordinates":[[[-103.364202,25.56191],[-103.364052,25.561676],[-103.363957,25.561726],[-103.364108,25.56196],[-103.364202,25.56191]]]}},{"type":"Feature","properties":{},"geometry":{"type":"Polygon","coordinates":[[[-103.364297,25.56186],[-103.364146,25.561626],[-103.364052,25.561676],[-103.364202,25.56191],[-103.364297,25.56186]]]}},{"type":"Feature","properties":{},"geometry":{"type":"Polygon","coordinates":[[[-103.364391,25.56181],[-103.364241,25.561576],[-103.364146,25.561626],[-103.364297,25.56186],[-103.364391,25.56181]]]}},{"type":"Feature","properties":{},"geometry":{"type":"Polygon","coordinates":[[[-103.364486,25.56176],[-103.364335,25.561526],[-103.364241,25.561576],[-103.364391,25.56181],[-103.364486,25.56176]]]}},{"type":"Feature","properties":{},"geometry":{"type":"Polygon","coordinates":[[[-103.36458,25.56171],[-103.36443,25.561476],[-103.364335,25.561526],[-103.364486,25.56176],[-103.36458,25.56171]]]}},{"type":"Feature","properties":{},"geometry":{"type":"Polygon","coordinates":[[[-103.364675,25.56166],[-103.364525,25.561426],[-103.36443,25.561476],[-103.36458,25.56171],[-103.364675,25.56166]]]}},{"type":"Feature","properties":{},"geometry":{"type":"Polygon","coordinates":[[[-103.36477,25.56161],[-103.364619,25.561376],[-103.364525,25.561426],[-103.364675,25.56166],[-103.36477,25.56161]]]}},{"type":"Feature","properties":{},"geometry":{"type":"Polygon","coordinates":[[[-103.364864,25.56156],[-103.364714,25.561326],[-103.364619,25.561376],[-103.36477,25.56161],[-103.364864,25.56156]]]}},{"type":"Feature","properties":{},"geometry":{"type":"Polygon","coordinates":[[[-103.364959,25.56151],[-103.364808,25.561276],[-103.364714,25.561326],[-103.364864,25.56156],[-103.364959,25.56151]]]}},{"type":"Feature","properties":{},"geometry":{"type":"Polygon","coordinates":[[[-103.365053,25.56146],[-103.364903,25.561226],[-103.364808,25.561276],[-103.364959,25.56151],[-103.365053,25.56146]]]}},{"type":"Feature","properties":{},"geometry":{"type":"Polygon","coordinates":[[[-103.365251,25.561355],[-103.365101,25.561121],[-103.365006,25.561171],[-103.365156,25.561405],[-103.365251,25.561355]]]}},{"type":"Feature","properties":{},"geometry":{"type":"Polygon","coordinates":[[[-103.365346,25.561305],[-103.365195,25.561071],[-103.365101,25.561121],[-103.365251,25.561355],[-103.365346,25.561305]]]}},{"type":"Feature","properties":{},"geometry":{"type":"Polygon","coordinates":[[[-103.36544,25.561255],[-103.36529,25.561021],[-103.365195,25.561071],[-103.365346,25.561305],[-103.36544,25.561255]]]}},{"type":"Feature","properties":{},"geometry":{"type":"Polygon","coordinates":[[[-103.365535,25.561205],[-103.365384,25.560971],[-103.36529,25.561021],[-103.36544,25.561255],[-103.365535,25.561205]]]}},{"type":"Feature","properties":{},"geometry":{"type":"Polygon","coordinates":[[[-103.365629,25.561155],[-103.365479,25.560921],[-103.365384,25.560971],[-103.365535,25.561205],[-103.365629,25.561155]]]}},{"type":"Feature","properties":{},"geometry":{"type":"Polygon","coordinates":[[[-103.365724,25.561105],[-103.365573,25.560871],[-103.365479,25.560921],[-103.365629,25.561155],[-103.365724,25.561105]]]}},{"type":"Feature","properties":{},"geometry":{"type":"Polygon","coordinates":[[[-103.365818,25.561055],[-103.365668,25.560821],[-103.365573,25.560871],[-103.365724,25.561105],[-103.365818,25.561055]]]}},{"type":"Feature","properties":{},"geometry":{"type":"Polygon","coordinates":[[[-103.365913,25.561005],[-103.365763,25.560771],[-103.365668,25.560821],[-103.365818,25.561055],[-103.365913,25.561005]]]}},{"type":"Feature","properties":{},"geometry":{"type":"Polygon","coordinates":[[[-103.366008,25.560955],[-103.365857,25.560721],[-103.365763,25.560771],[-103.365913,25.561005],[-103.366008,25.560955]]]}},{"type":"Feature","properties":{},"geometry":{"type":"Polygon","coordinates":[[[-103.366102,25.560905],[-103.365952,25.560671],[-103.365857,25.560721],[-103.366008,25.560955],[-103.366102,25.560905]]]}},{"type":"Feature","properties":{},"geometry":{"type":"Polygon","coordinates":[[[-103.366197,25.560855],[-103.366046,25.560621],[-103.365952,25.560671],[-103.366102,25.560905],[-103.366197,25.560855]]]}},{"type":"Feature","properties":{},"geometry":{"type":"Polygon","coordinates":[[[-103.366291,25.560805],[-103.366141,25.560571],[-103.366046,25.560621],[-103.366197,25.560855],[-103.366291,25.560805]]]}},{"type":"Feature","properties":{},"geometry":{"type":"Polygon","coordinates":[[[-103.366386,25.560755],[-103.366235,25.560521],[-103.366141,25.560571],[-103.366291,25.560805],[-103.366386,25.560755]]]}},{"type":"Feature","properties":{},"geometry":{"type":"Polygon","coordinates":[[[-103.36648,25.560705],[-103.36633,25.560471],[-103.366235,25.560521],[-103.366386,25.560755],[-103.36648,25.560705]]]}},{"type":"Feature","properties":{},"geometry":{"type":"Polygon","coordinates":[[[-103.366575,25.560655],[-103.366425,25.560421],[-103.36633,25.560471],[-103.36648,25.560705],[-103.366575,25.560655]]]}},{"type":"Feature","properties":{},"geometry":{"type":"Polygon","coordinates":[[[-103.366773,25.56055],[-103.366622,25.560316],[-103.366528,25.560366],[-103.366678,25.5606],[-103.366773,25.56055]]]}},{"type":"Feature","properties":{},"geometry":{"type":"Polygon","coordinates":[[[-103.366867,25.5605],[-103.366717,25.560266],[-103.366622,25.560316],[-103.366773,25.56055],[-103.366867,25.5605]]]}},{"type":"Feature","properties":{},"geometry":{"type":"Polygon","coordinates":[[[-103.366962,25.56045],[-103.366811,25.560216],[-103.366717,25.560266],[-103.366867,25.5605],[-103.366962,25.56045]]]}},{"type":"Feature","properties":{},"geometry":{"type":"Polygon","coordinates":[[[-103.367056,25.5604],[-103.366906,25.560166],[-103.366811,25.560216],[-103.366962,25.56045],[-103.367056,25.5604]]]}},{"type":"Feature","properties":{},"geometry":{"type":"Polygon","coordinates":[[[-103.367151,25.56035],[-103.367001,25.560116],[-103.366906,25.560166],[-103.367056,25.5604],[-103.367151,25.56035]]]}},{"type":"Feature","properties":{},"geometry":{"type":"Polygon","coordinates":[[[-103.367246,25.5603],[-103.367095,25.560066],[-103.367001,25.560116],[-103.367151,25.56035],[-103.367246,25.5603]]]}},{"type":"Feature","properties":{},"geometry":{"type":"Polygon","coordinates":[[[-103.36734,25.56025],[-103.36719,25.560016],[-103.367095,25.560066],[-103.367246,25.5603],[-103.36734,25.56025]]]}},{"type":"Feature","properties":{},"geometry":{"type":"Polygon","coordinates":[[[-103.367435,25.5602],[-103.367284,25.559966],[-103.36719,25.560016],[-103.36734,25.56025],[-103.367435,25.5602]]]}},{"type":"Feature","properties":{},"geometry":{"type":"Polygon","coordinates":[[[-103.367529,25.56015],[-103.367379,25.559916],[-103.367284,25.559966],[-103.367435,25.5602],[-103.367529,25.56015]]]}},{"type":"Feature","properties":{},"geometry":{"type":"Polygon","coordinates":[[[-103.367624,25.5601],[-103.367473,25.559866],[-103.367379,25.559916],[-103.367529,25.56015],[-103.367624,25.5601]]]}},{"type":"Feature","properties":{},"geometry":{"type":"Polygon","coordinates":[[[-103.367718,25.56005],[-103.367568,25.559816],[-103.367473,25.559866],[-103.367624,25.5601],[-103.367718,25.56005]]]}},{"type":"Feature","properties":{},"geometry":{"type":"Polygon","coordinates":[[[-103.367813,25.56],[-103.367662,25.559766],[-103.367568,25.559816],[-103.367718,25.56005],[-103.367813,25.56]]]}},{"type":"Feature","properties":{},"geometry":{"type":"Polygon","coordinates":[[[-103.367907,25.55995],[-103.367757,25.559716],[-103.367662,25.559766],[-103.367813,25.56],[-103.367907,25.55995]]]}},{"type":"Feature","properties":{},"geometry":{"type":"Polygon","coordinates":[[[-103.368002,25.5599],[-103.367852,25.559666],[-103.367757,25.559716],[-103.367907,25.55995],[-103.368002,25.5599]]]}},{"type":"Feature","properties":{},"geometry":{"type":"Polygon","coordinates":[[[-103.368097,25.55985],[-103.367946,25.559616],[-103.367852,25.559666],[-103.368002,25.5599],[-103.368097,25.55985]]]}},{"type":"Feature","properties":{},"geometry":{"type":"Polygon","coordinates":[[[-103.368294,25.559745],[-103.368144,25.559511],[-103.368049,25.559561],[-103.3682,25.559795],[-103.368294,25.559745]]]}},{"type":"Feature","properties":{},"geometry":{"type":"Polygon","coordinates":[[[-103.368389,25.559695],[-103.368238,25.559461],[-103.368144,25.559511],[-103.368294,25.559745],[-103.368389,25.559695]]]}},{"type":"Feature","properties":{},"geometry":{"type":"Polygon","coordinates":[[[-103.368483,25.559645],[-103.368333,25.559411],[-103.368238,25.559461],[-103.368389,25.559695],[-103.368483,25.559645]]]}},{"type":"Feature","properties":{},"geometry":{"type":"Polygon","coordinates":[[[-103.368578,25.559595],[-103.368428,25.559361],[-103.368333,25.559411],[-103.368483,25.559645],[-103.368578,25.559595]]]}},{"type":"Feature","properties":{},"geometry":{"type":"Polygon","coordinates":[[[-103.368673,25.559545],[-103.368522,25.559311],[-103.368428,25.559361],[-103.368578,25.559595],[-103.368673,25.559545]]]}},{"type":"Feature","properties":{},"geometry":{"type":"Polygon","coordinates":[[[-103.368767,25.559495],[-103.368617,25.559261],[-103.368522,25.559311],[-103.368673,25.559545],[-103.368767,25.559495]]]}},{"type":"Feature","properties":{},"geometry":{"type":"Polygon","coordinates":[[[-103.358137,25.565558],[-103.357986,25.565324],[-103.357892,25.565374],[-103.358042,25.565608],[-103.358137,25.565558]]]}},{"type":"Feature","properties":{},"geometry":{"type":"Polygon","coordinates":[[[-103.358231,25.565508],[-103.358081,25.565274],[-103.357986,25.565324],[-103.358137,25.565558],[-103.358231,25.565508]]]}},{"type":"Feature","properties":{},"geometry":{"type":"Polygon","coordinates":[[[-103.358326,25.565457],[-103.358175,25.565224],[-103.358081,25.565274],[-103.358231,25.565508],[-103.358326,25.565457]]]}},{"type":"Feature","properties":{},"geometry":{"type":"Polygon","coordinates":[[[-103.35842,25.565407],[-103.35827,25.565174],[-103.358175,25.565224],[-103.358326,25.565457],[-103.35842,25.565407]]]}},{"type":"Feature","properties":{},"geometry":{"type":"Polygon","coordinates":[[[-103.358515,25.565357],[-103.358365,25.565123],[-103.35827,25.565174],[-103.35842,25.565407],[-103.358515,25.565357]]]}},{"type":"Feature","properties":{},"geometry":{"type":"Polygon","coordinates":[[[-103.35861,25.565307],[-103.358459,25.565073],[-103.358365,25.565123],[-103.358515,25.565357],[-103.35861,25.565307]]]}},{"type":"Feature","properties":{},"geometry":{"type":"Polygon","coordinates":[[[-103.358704,25.565257],[-103.358554,25.565023],[-103.358459,25.565073],[-103.35861,25.565307],[-103.358704,25.565257]]]}},{"type":"Feature","properties":{},"geometry":{"type":"Polygon","coordinates":[[[-103.358799,25.565207],[-103.358648,25.564973],[-103.358554,25.565023],[-103.358704,25.565257],[-103.358799,25.565207]]]}},{"type":"Feature","properties":{},"geometry":{"type":"Polygon","coordinates":[[[-103.358893,25.565157],[-103.358743,25.564923],[-103.358648,25.564973],[-103.358799,25.565207],[-103.358893,25.565157]]]}},{"type":"Feature","properties":{},"geometry":{"type":"Polygon","coordinates":[[[-103.358988,25.565107],[-103.358837,25.564873],[-103.358743,25.564923],[-103.358893,25.565157],[-103.358988,25.565107]]]}},{"type":"Feature","properties":{},"geometry":{"type":"Polygon","coordinates":[[[-103.359082,25.565057],[-103.358932,25.564823],[-103.358837,25.564873],[-103.358988,25.565107],[-103.359082,25.565057]]]}},{"type":"Feature","properties":{},"geometry":{"type":"Polygon","coordinates":[[[-103.359177,25.565007],[-103.359027,25.564773],[-103.358932,25.564823],[-103.359082,25.565057],[-103.359177,25.565007]]]}},{"type":"Feature","properties":{},"geometry":{"type":"Polygon","coordinates":[[[-103.359375,25.564903],[-103.359224,25.564669],[-103.35913,25.564719],[-103.35928,25.564953],[-103.359375,25.564903]]]}},{"type":"Feature","properties":{},"geometry":{"type":"Polygon","coordinates":[[[-103.359469,25.564853],[-103.359319,25.564619],[-103.359224,25.564669],[-103.359375,25.564903],[-103.359469,25.564853]]]}},{"type":"Feature","properties":{},"geometry":{"type":"Polygon","coordinates":[[[-103.359564,25.564803],[-103.359414,25.564569],[-103.359319,25.564619],[-103.359469,25.564853],[-103.359564,25.564803]]]}},{"type":"Feature","properties":{},"geometry":{"type":"Polygon","coordinates":[[[-103.359658,25.564753],[-103.359508,25.564519],[-103.359414,25.564569],[-103.359564,25.564803],[-103.359658,25.564753]]]}},{"type":"Feature","properties":{},"geometry":{"type":"Polygon","coordinates":[[[-103.359753,25.564703],[-103.359603,25.564469],[-103.359508,25.564519],[-103.359658,25.564753],[-103.359753,25.564703]]]}},{"type":"Feature","properties":{},"geometry":{"type":"Polygon","coordinates":[[[-103.359848,25.564653],[-103.359697,25.564419],[-103.359603,25.564469],[-103.359753,25.564703],[-103.359848,25.564653]]]}},{"type":"Feature","properties":{},"geometry":{"type":"Polygon","coordinates":[[[-103.359942,25.564603],[-103.359792,25.564369],[-103.359697,25.564419],[-103.359848,25.564653],[-103.359942,25.564603]]]}},{"type":"Feature","properties":{},"geometry":{"type":"Polygon","coordinates":[[[-103.360037,25.564553],[-103.359886,25.564319],[-103.359792,25.564369],[-103.359942,25.564603],[-103.360037,25.564553]]]}},{"type":"Feature","properties":{},"geometry":{"type":"Polygon","coordinates":[[[-103.360131,25.564502],[-103.359981,25.564269],[-103.359886,25.564319],[-103.360037,25.564553],[-103.360131,25.564502]]]}},{"type":"Feature","properties":{},"geometry":{"type":"Polygon","coordinates":[[[-103.360226,25.564452],[-103.360076,25.564219],[-103.359981,25.564269],[-103.360131,25.564502],[-103.360226,25.564452]]]}},{"type":"Feature","properties":{},"geometry":{"type":"Polygon","coordinates":[[[-103.36032,25.564402],[-103.36017,25.564168],[-103.360076,25.564219],[-103.360226,25.564452],[-103.36032,25.564402]]]}},{"type":"Feature","properties":{},"geometry":{"type":"Polygon","coordinates":[[[-103.361369,25.563848],[-103.361219,25.563614],[-103.361124,25.563664],[-103.361275,25.563898],[-103.361369,25.563848]]]}},{"type":"Feature","properties":{},"geometry":{"type":"Polygon","coordinates":[[[-103.361464,25.563798],[-103.361314,25.563564],[-103.361219,25.563614],[-103.361369,25.563848],[-103.361464,25.563798]]]}},{"type":"Feature","properties":{},"geometry":{"type":"Polygon","coordinates":[[[-103.361559,25.563748],[-103.361408,25.563514],[-103.361314,25.563564],[-103.361464,25.563798],[-103.361559,25.563748]]]}},{"type":"Feature","properties":{},"geometry":{"type":"Polygon","coordinates":[[[-103.361653,25.563698],[-103.361503,25.563464],[-103.361408,25.563514],[-103.361559,25.563748],[-103.361653,25.563698]]]}},{"type":"Feature","properties":{},"geometry":{"type":"Polygon","coordinates":[[[-103.361748,25.563648],[-103.361597,25.563414],[-103.361503,25.563464],[-103.361653,25.563698],[-103.361748,25.563648]]]}},{"type":"Feature","properties":{},"geometry":{"type":"Polygon","coordinates":[[[-103.361842,25.563598],[-103.361692,25.563364],[-103.361597,25.563414],[-103.361748,25.563648],[-103.361842,25.563598]]]}},{"type":"Feature","properties":{},"geometry":{"type":"Polygon","coordinates":[[[-103.361937,25.563547],[-103.361786,25.563314],[-103.361692,25.563364],[-103.361842,25.563598],[-103.361937,25.563547]]]}},{"type":"Feature","properties":{},"geometry":{"type":"Polygon","coordinates":[[[-103.362031,25.563497],[-103.361881,25.563264],[-103.361786,25.563314],[-103.361937,25.563547],[-103.362031,25.563497]]]}},{"type":"Feature","properties":{},"geometry":{"type":"Polygon","coordinates":[[[-103.362126,25.563447],[-103.361976,25.563213],[-103.361881,25.563264],[-103.362031,25.563497],[-103.362126,25.563447]]]}},{"type":"Feature","properties":{},"geometry":{"type":"Polygon","coordinates":[[[-103.36222,25.563397],[-103.36207,25.563163],[-103.361976,25.563213],[-103.362126,25.563447],[-103.36222,25.563397]]]}},{"type":"Feature","properties":{},"geometry":{"type":"Polygon","coordinates":[[[-103.362418,25.563293],[-103.362268,25.563059],[-103.362173,25.563109],[-103.362324,25.563343],[-103.362418,25.563293]]]}},{"type":"Feature","properties":{},"geometry":{"type":"Polygon","coordinates":[[[-103.362513,25.563243],[-103.362362,25.563009],[-103.362268,25.563059],[-103.362418,25.563293],[-103.362513,25.563243]]]}},{"type":"Feature","properties":{},"geometry":{"type":"Polygon","coordinates":[[[-103.362607,25.563193],[-103.362457,25.562959],[-103.362362,25.563009],[-103.362513,25.563243],[-103.362607,25.563193]]]}},{"type":"Feature","properties":{},"geometry":{"type":"Polygon","coordinates":[[[-103.362702,25.563143],[-103.362552,25.562909],[-103.362457,25.562959],[-103.362607,25.563193],[-103.362702,25.563143]]]}},{"type":"Feature","properties":{},"geometry":{"type":"Polygon","coordinates":[[[-103.362797,25.563093],[-103.362646,25.562859],[-103.362552,25.562909],[-103.362702,25.563143],[-103.362797,25.563093]]]}},{"type":"Feature","properties":{},"geometry":{"type":"Polygon","coordinates":[[[-103.362891,25.563043],[-103.362741,25.562809],[-103.362646,25.562859],[-103.362797,25.563093],[-103.362891,25.563043]]]}},{"type":"Feature","properties":{},"geometry":{"type":"Polygon","coordinates":[[[-103.362986,25.562993],[-103.362835,25.562759],[-103.362741,25.562809],[-103.362891,25.563043],[-103.362986,25.562993]]]}},{"type":"Feature","properties":{},"geometry":{"type":"Polygon","coordinates":[[[-103.36308,25.562943],[-103.36293,25.562709],[-103.362835,25.562759],[-103.362986,25.562993],[-103.36308,25.562943]]]}},{"type":"Feature","properties":{},"geometry":{"type":"Polygon","coordinates":[[[-103.363175,25.562893],[-103.363024,25.562659],[-103.36293,25.562709],[-103.36308,25.562943],[-103.363175,25.562893]]]}},{"type":"Feature","properties":{},"geometry":{"type":"Polygon","coordinates":[[[-103.363269,25.562843],[-103.363119,25.562609],[-103.363024,25.562659],[-103.363175,25.562893],[-103.363269,25.562843]]]}},{"type":"Feature","properties":{},"geometry":{"type":"Polygon","coordinates":[[[-103.363364,25.562793],[-103.363214,25.562559],[-103.363119,25.562609],[-103.363269,25.562843],[-103.363364,25.562793]]]}},{"type":"Feature","properties":{},"geometry":{"type":"Polygon","coordinates":[[[-103.363458,25.562743],[-103.363308,25.562509],[-103.363214,25.562559],[-103.363364,25.562793],[-103.363458,25.562743]]]}},{"type":"Feature","properties":{},"geometry":{"type":"Polygon","coordinates":[[[-103.363553,25.562692],[-103.363403,25.562459],[-103.363308,25.562509],[-103.363458,25.562743],[-103.363553,25.562692]]]}},{"type":"Feature","properties":{},"geometry":{"type":"Polygon","coordinates":[[[-103.363648,25.562642],[-103.363497,25.562409],[-103.363403,25.562459],[-103.363553,25.562692],[-103.363648,25.562642]]]}},{"type":"Feature","properties":{},"geometry":{"type":"Polygon","coordinates":[[[-103.363742,25.562592],[-103.363592,25.562358],[-103.363497,25.562409],[-103.363648,25.562642],[-103.363742,25.562592]]]}},{"type":"Feature","properties":{},"geometry":{"type":"Polygon","coordinates":[[[-103.36394,25.562488],[-103.36379,25.562254],[-103.363695,25.562304],[-103.363845,25.562538],[-103.36394,25.562488]]]}},{"type":"Feature","properties":{},"geometry":{"type":"Polygon","coordinates":[[[-103.364034,25.562438],[-103.363884,25.562204],[-103.36379,25.562254],[-103.36394,25.562488],[-103.364034,25.562438]]]}},{"type":"Feature","properties":{},"geometry":{"type":"Polygon","coordinates":[[[-103.364129,25.562388],[-103.363979,25.562154],[-103.363884,25.562204],[-103.364034,25.562438],[-103.364129,25.562388]]]}},{"type":"Feature","properties":{},"geometry":{"type":"Polygon","coordinates":[[[-103.364224,25.562338],[-103.364073,25.562104],[-103.363979,25.562154],[-103.364129,25.562388],[-103.364224,25.562338]]]}},{"type":"Feature","properties":{},"geometry":{"type":"Polygon","coordinates":[[[-103.364318,25.562288],[-103.364168,25.562054],[-103.364073,25.562104],[-103.364224,25.562338],[-103.364318,25.562288]]]}},{"type":"Feature","properties":{},"geometry":{"type":"Polygon","coordinates":[[[-103.364413,25.562238],[-103.364262,25.562004],[-103.364168,25.562054],[-103.364318,25.562288],[-103.364413,25.562238]]]}},{"type":"Feature","properties":{},"geometry":{"type":"Polygon","coordinates":[[[-103.364507,25.562188],[-103.364357,25.561954],[-103.364262,25.562004],[-103.364413,25.562238],[-103.364507,25.562188]]]}},{"type":"Feature","properties":{},"geometry":{"type":"Polygon","coordinates":[[[-103.364602,25.562138],[-103.364451,25.561904],[-103.364357,25.561954],[-103.364507,25.562188],[-103.364602,25.562138]]]}},{"type":"Feature","properties":{},"geometry":{"type":"Polygon","coordinates":[[[-103.364696,25.562088],[-103.364546,25.561854],[-103.364451,25.561904],[-103.364602,25.562138],[-103.364696,25.562088]]]}},{"type":"Feature","properties":{},"geometry":{"type":"Polygon","coordinates":[[[-103.364791,25.562038],[-103.364641,25.561804],[-103.364546,25.561854],[-103.364696,25.562088],[-103.364791,25.562038]]]}},{"type":"Feature","properties":{},"geometry":{"type":"Polygon","coordinates":[[[-103.364886,25.561988],[-103.364735,25.561754],[-103.364641,25.561804],[-103.364791,25.562038],[-103.364886,25.561988]]]}},{"type":"Feature","properties":{},"geometry":{"type":"Polygon","coordinates":[[[-103.36498,25.561938],[-103.36483,25.561704],[-103.364735,25.561754],[-103.364886,25.561988],[-103.36498,25.561938]]]}},{"type":"Feature","properties":{},"geometry":{"type":"Polygon","coordinates":[[[-103.365075,25.561888],[-103.364924,25.561654],[-103.36483,25.561704],[-103.36498,25.561938],[-103.365075,25.561888]]]}},{"type":"Feature","properties":{},"geometry":{"type":"Polygon","coordinates":[[[-103.365169,25.561837],[-103.365019,25.561604],[-103.364924,25.561654],[-103.365075,25.561888],[-103.365169,25.561837]]]}},{"type":"Feature","properties":{},"geometry":{"type":"Polygon","coordinates":[[[-103.365264,25.561787],[-103.365113,25.561554],[-103.365019,25.561604],[-103.365169,25.561837],[-103.365264,25.561787]]]}},{"type":"Feature","properties":{},"geometry":{"type":"Polygon","coordinates":[[[-103.365462,25.561683],[-103.365311,25.561449],[-103.365217,25.561499],[-103.365367,25.561733],[-103.365462,25.561683]]]}},{"type":"Feature","properties":{},"geometry":{"type":"Polygon","coordinates":[[[-103.365556,25.561633],[-103.365406,25.561399],[-103.365311,25.561449],[-103.365462,25.561683],[-103.365556,25.561633]]]}},{"type":"Feature","properties":{},"geometry":{"type":"Polygon","coordinates":[[[-103.365651,25.561583],[-103.3655,25.561349],[-103.365406,25.561399],[-103.365556,25.561633],[-103.365651,25.561583]]]}},{"type":"Feature","properties":{},"geometry":{"type":"Polygon","coordinates":[[[-103.365745,25.561533],[-103.365595,25.561299],[-103.3655,25.561349],[-103.365651,25.561583],[-103.365745,25.561533]]]}},{"type":"Feature","properties":{},"geometry":{"type":"Polygon","coordinates":[[[-103.36584,25.561483],[-103.365689,25.561249],[-103.365595,25.561299],[-103.365745,25.561533],[-103.36584,25.561483]]]}},{"type":"Feature","properties":{},"geometry":{"type":"Polygon","coordinates":[[[-103.365934,25.561433],[-103.365784,25.561199],[-103.365689,25.561249],[-103.36584,25.561483],[-103.365934,25.561433]]]}},{"type":"Feature","properties":{},"geometry":{"type":"Polygon","coordinates":[[[-103.366029,25.561383],[-103.365879,25.561149],[-103.365784,25.561199],[-103.365934,25.561433],[-103.366029,25.561383]]]}},{"type":"Feature","properties":{},"geometry":{"type":"Polygon","coordinates":[[[-103.366124,25.561333],[-103.365973,25.561099],[-103.365879,25.561149],[-103.366029,25.561383],[-103.366124,25.561333]]]}},{"type":"Feature","properties":{},"geometry":{"type":"Polygon","coordinates":[[[-103.366218,25.561283],[-103.366068,25.561049],[-103.365973,25.561099],[-103.366124,25.561333],[-103.366218,25.561283]]]}},{"type":"Feature","properties":{},"geometry":{"type":"Polygon","coordinates":[[[-103.366313,25.561233],[-103.366162,25.560999],[-103.366068,25.561049],[-103.366218,25.561283],[-103.366313,25.561233]]]}},{"type":"Feature","properties":{},"geometry":{"type":"Polygon","coordinates":[[[-103.366407,25.561183],[-103.366257,25.560949],[-103.366162,25.560999],[-103.366313,25.561233],[-103.366407,25.561183]]]}},{"type":"Feature","properties":{},"geometry":{"type":"Polygon","coordinates":[[[-103.366502,25.561133],[-103.366351,25.560899],[-103.366257,25.560949],[-103.366407,25.561183],[-103.366502,25.561133]]]}},{"type":"Feature","properties":{},"geometry":{"type":"Polygon","coordinates":[[[-103.366596,25.561083],[-103.366446,25.560849],[-103.366351,25.560899],[-103.366502,25.561133],[-103.366596,25.561083]]]}},{"type":"Feature","properties":{},"geometry":{"type":"Polygon","coordinates":[[[-103.366691,25.561032],[-103.366541,25.560799],[-103.366446,25.560849],[-103.366596,25.561083],[-103.366691,25.561032]]]}},{"type":"Feature","properties":{},"geometry":{"type":"Polygon","coordinates":[[[-103.366786,25.560982],[-103.366635,25.560749],[-103.366541,25.560799],[-103.366691,25.561032],[-103.366786,25.560982]]]}},{"type":"Feature","properties":{},"geometry":{"type":"Polygon","coordinates":[[[-103.366983,25.560878],[-103.366833,25.560644],[-103.366738,25.560694],[-103.366889,25.560928],[-103.366983,25.560878]]]}},{"type":"Feature","properties":{},"geometry":{"type":"Polygon","coordinates":[[[-103.367078,25.560828],[-103.366927,25.560594],[-103.366833,25.560644],[-103.366983,25.560878],[-103.367078,25.560828]]]}},{"type":"Feature","properties":{},"geometry":{"type":"Polygon","coordinates":[[[-103.367172,25.560778],[-103.367022,25.560544],[-103.366927,25.560594],[-103.367078,25.560828],[-103.367172,25.560778]]]}},{"type":"Feature","properties":{},"geometry":{"type":"Polygon","coordinates":[[[-103.367267,25.560728],[-103.367117,25.560494],[-103.367022,25.560544],[-103.367172,25.560778],[-103.367267,25.560728]]]}},{"type":"Feature","properties":{},"geometry":{"type":"Polygon","coordinates":[[[-103.367362,25.560678],[-103.367211,25.560444],[-103.367117,25.560494],[-103.367267,25.560728],[-103.367362,25.560678]]]}},{"type":"Feature","properties":{},"geometry":{"type":"Polygon","coordinates":[[[-103.367456,25.560628],[-103.367306,25.560394],[-103.367211,25.560444],[-103.367362,25.560678],[-103.367456,25.560628]]]}},{"type":"Feature","properties":{},"geometry":{"type":"Polygon","coordinates":[[[-103.367551,25.560578],[-103.3674,25.560344],[-103.367306,25.560394],[-103.367456,25.560628],[-103.367551,25.560578]]]}},{"type":"Feature","properties":{},"geometry":{"type":"Polygon","coordinates":[[[-103.367645,25.560528],[-103.367495,25.560294],[-103.3674,25.560344],[-103.367551,25.560578],[-103.367645,25.560528]]]}},{"type":"Feature","properties":{},"geometry":{"type":"Polygon","coordinates":[[[-103.36774,25.560478],[-103.367589,25.560244],[-103.367495,25.560294],[-103.367645,25.560528],[-103.36774,25.560478]]]}},{"type":"Feature","properties":{},"geometry":{"type":"Polygon","coordinates":[[[-103.367834,25.560428],[-103.367684,25.560194],[-103.367589,25.560244],[-103.36774,25.560478],[-103.367834,25.560428]]]}},{"type":"Feature","properties":{},"geometry":{"type":"Polygon","coordinates":[[[-103.367929,25.560378],[-103.367778,25.560144],[-103.367684,25.560194],[-103.367834,25.560428],[-103.367929,25.560378]]]}},{"type":"Feature","properties":{},"geometry":{"type":"Polygon","coordinates":[[[-103.368023,25.560328],[-103.367873,25.560094],[-103.367778,25.560144],[-103.367929,25.560378],[-103.368023,25.560328]]]}},{"type":"Feature","properties":{},"geometry":{"type":"Polygon","coordinates":[[[-103.368118,25.560278],[-103.367968,25.560044],[-103.367873,25.560094],[-103.368023,25.560328],[-103.368118,25.560278]]]}},{"type":"Feature","properties":{},"geometry":{"type":"Polygon","coordinates":[[[-103.368213,25.560227],[-103.368062,25.559994],[-103.367968,25.560044],[-103.368118,25.560278],[-103.368213,25.560227]]]}},{"type":"Feature","properties":{},"geometry":{"type":"Polygon","coordinates":[[[-103.368307,25.560177],[-103.368157,25.559944],[-103.368062,25.559994],[-103.368213,25.560227],[-103.368307,25.560177]]]}},{"type":"Feature","properties":{},"geometry":{"type":"Polygon","coordinates":[[[-103.368505,25.560073],[-103.368354,25.559839],[-103.36826,25.559889],[-103.36841,25.560123],[-103.368505,25.560073]]]}},{"type":"Feature","properties":{},"geometry":{"type":"Polygon","coordinates":[[[-103.368599,25.560023],[-103.368449,25.559789],[-103.368354,25.559839],[-103.368505,25.560073],[-103.368599,25.560023]]]}},{"type":"Feature","properties":{},"geometry":{"type":"Polygon","coordinates":[[[-103.368694,25.559973],[-103.368544,25.559739],[-103.368449,25.559789],[-103.368599,25.560023],[-103.368694,25.559973]]]}},{"type":"Feature","properties":{},"geometry":{"type":"Polygon","coordinates":[[[-103.368789,25.559923],[-103.368638,25.559689],[-103.368544,25.559739],[-103.368694,25.559973],[-103.368789,25.559923]]]}},{"type":"Feature","properties":{},"geometry":{"type":"Polygon","coordinates":[[[-103.368883,25.559873],[-103.368733,25.559639],[-103.368638,25.559689],[-103.368789,25.559923],[-103.368883,25.559873]]]}},{"type":"Feature","properties":{},"geometry":{"type":"Polygon","coordinates":[[[-103.368978,25.559823],[-103.368827,25.559589],[-103.368733,25.559639],[-103.368883,25.559873],[-103.368978,25.559823]]]}},{"type":"Feature","properties":{},"geometry":{"type":"Polygon","coordinates":[[[-103.358098,25.565892],[-103.357948,25.565658],[-103.357853,25.565708],[-103.358003,25.565942],[-103.358098,25.565892]]]}},{"type":"Feature","properties":{},"geometry":{"type":"Polygon","coordinates":[[[-103.358193,25.565841],[-103.358042,25.565608],[-103.357948,25.565658],[-103.358098,25.565892],[-103.358193,25.565841]]]}},{"type":"Feature","properties":{},"geometry":{"type":"Polygon","coordinates":[[[-103.358287,25.565791],[-103.358137,25.565558],[-103.358042,25.565608],[-103.358193,25.565841],[-103.358287,25.565791]]]}},{"type":"Feature","properties":{},"geometry":{"type":"Polygon","coordinates":[[[-103.358382,25.565741],[-103.358231,25.565508],[-103.358137,25.565558],[-103.358287,25.565791],[-103.358382,25.565741]]]}},{"type":"Feature","properties":{},"geometry":{"type":"Polygon","coordinates":[[[-103.358476,25.565691],[-103.358326,25.565457],[-103.358231,25.565508],[-103.358382,25.565741],[-103.358476,25.565691]]]}},{"type":"Feature","properties":{},"geometry":{"type":"Polygon","coordinates":[[[-103.358571,25.565641],[-103.35842,25.565407],[-103.358326,25.565457],[-103.358476,25.565691],[-103.358571,25.565641]]]}},{"type":"Feature","properties":{},"geometry":{"type":"Polygon","coordinates":[[[-103.358665,25.565591],[-103.358515,25.565357],[-103.35842,25.565407],[-103.358571,25.565641],[-103.358665,25.565591]]]}},{"type":"Feature","properties":{},"geometry":{"type":"Polygon","coordinates":[[[-103.35876,25.565541],[-103.35861,25.565307],[-103.358515,25.565357],[-103.358665,25.565591],[-103.35876,25.565541]]]}},{"type":"Feature","properties":{},"geometry":{"type":"Polygon","coordinates":[[[-103.358855,25.565491],[-103.358704,25.565257],[-103.35861,25.565307],[-103.35876,25.565541],[-103.358855,25.565491]]]}},{"type":"Feature","properties":{},"geometry":{"type":"Polygon","coordinates":[[[-103.358949,25.565441],[-103.358799,25.565207],[-103.358704,25.565257],[-103.358855,25.565491],[-103.358949,25.565441]]]}},{"type":"Feature","properties":{},"geometry":{"type":"Polygon","coordinates":[[[-103.359044,25.565391],[-103.358893,25.565157],[-103.358799,25.565207],[-103.358949,25.565441],[-103.359044,25.565391]]]}},{"type":"Feature","properties":{},"geometry":{"type":"Polygon","coordinates":[[[-103.359138,25.565341],[-103.358988,25.565107],[-103.358893,25.565157],[-103.359044,25.565391],[-103.359138,25.565341]]]}},{"type":"Feature","properties":{},"geometry":{"type":"Polygon","coordinates":[[[-103.359233,25.565291],[-103.359082,25.565057],[-103.358988,25.565107],[-103.359138,25.565341],[-103.359233,25.565291]]]}},{"type":"Feature","properties":{},"geometry":{"type":"Polygon","coordinates":[[[-103.359327,25.565241],[-103.359177,25.565007],[-103.359082,25.565057],[-103.359233,25.565291],[-103.359327,25.565241]]]}},{"type":"Feature","properties":{},"geometry":{"type":"Polygon","coordinates":[[[-103.359525,25.565137],[-103.359375,25.564903],[-103.35928,25.564953],[-103.359431,25.565187],[-103.359525,25.565137]]]}},{"type":"Feature","properties":{},"geometry":{"type":"Polygon","coordinates":[[[-103.35962,25.565087],[-103.359469,25.564853],[-103.359375,25.564903],[-103.359525,25.565137],[-103.35962,25.565087]]]}},{"type":"Feature","properties":{},"geometry":{"type":"Polygon","coordinates":[[[-103.359714,25.565037],[-103.359564,25.564803],[-103.359469,25.564853],[-103.35962,25.565087],[-103.359714,25.565037]]]}},{"type":"Feature","properties":{},"geometry":{"type":"Polygon","coordinates":[[[-103.359809,25.564987],[-103.359658,25.564753],[-103.359564,25.564803],[-103.359714,25.565037],[-103.359809,25.564987]]]}},{"type":"Feature","properties":{},"geometry":{"type":"Polygon","coordinates":[[[-103.359903,25.564937],[-103.359753,25.564703],[-103.359658,25.564753],[-103.359809,25.564987],[-103.359903,25.564937]]]}},{"type":"Feature","properties":{},"geometry":{"type":"Polygon","coordinates":[[[-103.359998,25.564887],[-103.359848,25.564653],[-103.359753,25.564703],[-103.359903,25.564937],[-103.359998,25.564887]]]}},{"type":"Feature","properties":{},"geometry":{"type":"Polygon","coordinates":[[[-103.360093,25.564836],[-103.359942,25.564603],[-103.359848,25.564653],[-103.359998,25.564887],[-103.360093,25.564836]]]}},{"type":"Feature","properties":{},"geometry":{"type":"Polygon","coordinates":[[[-103.360187,25.564786],[-103.360037,25.564553],[-103.359942,25.564603],[-103.360093,25.564836],[-103.360187,25.564786]]]}},{"type":"Feature","properties":{},"geometry":{"type":"Polygon","coordinates":[[[-103.360282,25.564736],[-103.360131,25.564502],[-103.360037,25.564553],[-103.360187,25.564786],[-103.360282,25.564736]]]}},{"type":"Feature","properties":{},"geometry":{"type":"Polygon","coordinates":[[[-103.360376,25.564686],[-103.360226,25.564452],[-103.360131,25.564502],[-103.360282,25.564736],[-103.360376,25.564686]]]}},{"type":"Feature","properties":{},"geometry":{"type":"Polygon","coordinates":[[[-103.360471,25.564636],[-103.36032,25.564402],[-103.360226,25.564452],[-103.360376,25.564686],[-103.360471,25.564636]]]}},{"type":"Feature","properties":{},"geometry":{"type":"Polygon","coordinates":[[[-103.360565,25.564586],[-103.360415,25.564352],[-103.36032,25.564402],[-103.360471,25.564636],[-103.360565,25.564586]]]}},{"type":"Feature","properties":{},"geometry":{"type":"Polygon","coordinates":[[[-103.36066,25.564536],[-103.36051,25.564302],[-103.360415,25.564352],[-103.360565,25.564586],[-103.36066,25.564536]]]}},{"type":"Feature","properties":{},"geometry":{"type":"Polygon","coordinates":[[[-103.360755,25.564486],[-103.360604,25.564252],[-103.36051,25.564302],[-103.36066,25.564536],[-103.360755,25.564486]]]}},{"type":"Feature","properties":{},"geometry":{"type":"Polygon","coordinates":[[[-103.360849,25.564436],[-103.360699,25.564202],[-103.360604,25.564252],[-103.360755,25.564486],[-103.360849,25.564436]]]}},{"type":"Feature","properties":{},"geometry":{"type":"Polygon","coordinates":[[[-103.361047,25.564332],[-103.360897,25.564098],[-103.360802,25.564148],[-103.360952,25.564382],[-103.361047,25.564332]]]}},{"type":"Feature","properties":{},"geometry":{"type":"Polygon","coordinates":[[[-103.361141,25.564282],[-103.360991,25.564048],[-103.360897,25.564098],[-103.361047,25.564332],[-103.361141,25.564282]]]}},{"type":"Feature","properties":{},"geometry":{"type":"Polygon","coordinates":[[[-103.361236,25.564232],[-103.361086,25.563998],[-103.360991,25.564048],[-103.361141,25.564282],[-103.361236,25.564232]]]}},{"type":"Feature","properties":{},"geometry":{"type":"Polygon","coordinates":[[[-103.361331,25.564182],[-103.36118,25.563948],[-103.361086,25.563998],[-103.361236,25.564232],[-103.361331,25.564182]]]}},{"type":"Feature","properties":{},"geometry":{"type":"Polygon","coordinates":[[[-103.361425,25.564132],[-103.361275,25.563898],[-103.36118,25.563948],[-103.361331,25.564182],[-103.361425,25.564132]]]}},{"type":"Feature","properties":{},"geometry":{"type":"Polygon","coordinates":[[[-103.36152,25.564082],[-103.361369,25.563848],[-103.361275,25.563898],[-103.361425,25.564132],[-103.36152,25.564082]]]}},{"type":"Feature","properties":{},"geometry":{"type":"Polygon","coordinates":[[[-103.361614,25.564032],[-103.361464,25.563798],[-103.361369,25.563848],[-103.36152,25.564082],[-103.361614,25.564032]]]}},{"type":"Feature","properties":{},"geometry":{"type":"Polygon","coordinates":[[[-103.361709,25.563982],[-103.361559,25.563748],[-103.361464,25.563798],[-103.361614,25.564032],[-103.361709,25.563982]]]}},{"type":"Feature","properties":{},"geometry":{"type":"Polygon","coordinates":[[[-103.361803,25.563931],[-103.361653,25.563698],[-103.361559,25.563748],[-103.361709,25.563982],[-103.361803,25.563931]]]}},{"type":"Feature","properties":{},"geometry":{"type":"Polygon","coordinates":[[[-103.361898,25.563881],[-103.361748,25.563648],[-103.361653,25.563698],[-103.361803,25.563931],[-103.361898,25.563881]]]}},{"type":"Feature","properties":{},"geometry":{"type":"Polygon","coordinates":[[[-103.361993,25.563831],[-103.361842,25.563598],[-103.361748,25.563648],[-103.361898,25.563881],[-103.361993,25.563831]]]}},{"type":"Feature","properties":{},"geometry":{"type":"Polygon","coordinates":[[[-103.362087,25.563781],[-103.361937,25.563547],[-103.361842,25.563598],[-103.361993,25.563831],[-103.362087,25.563781]]]}},{"type":"Feature","properties":{},"geometry":{"type":"Polygon","coordinates":[[[-103.362182,25.563731],[-103.362031,25.563497],[-103.361937,25.563547],[-103.362087,25.563781],[-103.362182,25.563731]]]}},{"type":"Feature","properties":{},"geometry":{"type":"Polygon","coordinates":[[[-103.362276,25.563681],[-103.362126,25.563447],[-103.362031,25.563497],[-103.362182,25.563731],[-103.362276,25.563681]]]}},{"type":"Feature","properties":{},"geometry":{"type":"Polygon","coordinates":[[[-103.362371,25.563631],[-103.36222,25.563397],[-103.362126,25.563447],[-103.362276,25.563681],[-103.362371,25.563631]]]}},{"type":"Feature","properties":{},"geometry":{"type":"Polygon","coordinates":[[[-103.362569,25.563527],[-103.362418,25.563293],[-103.362324,25.563343],[-103.362474,25.563577],[-103.362569,25.563527]]]}},{"type":"Feature","properties":{},"geometry":{"type":"Polygon","coordinates":[[[-103.362663,25.563477],[-103.362513,25.563243],[-103.362418,25.563293],[-103.362569,25.563527],[-103.362663,25.563477]]]}},{"type":"Feature","properties":{},"geometry":{"type":"Polygon","coordinates":[[[-103.362758,25.563427],[-103.362607,25.563193],[-103.362513,25.563243],[-103.362663,25.563477],[-103.362758,25.563427]]]}},{"type":"Feature","properties":{},"geometry":{"type":"Polygon","coordinates":[[[-103.362852,25.563377],[-103.362702,25.563143],[-103.362607,25.563193],[-103.362758,25.563427],[-103.362852,25.563377]]]}},{"type":"Feature","properties":{},"geometry":{"type":"Polygon","coordinates":[[[-103.362947,25.563327],[-103.362797,25.563093],[-103.362702,25.563143],[-103.362852,25.563377],[-103.362947,25.563327]]]}},{"type":"Feature","properties":{},"geometry":{"type":"Polygon","coordinates":[[[-103.363041,25.563277],[-103.362891,25.563043],[-103.362797,25.563093],[-103.362947,25.563327],[-103.363041,25.563277]]]}},{"type":"Feature","properties":{},"geometry":{"type":"Polygon","coordinates":[[[-103.363136,25.563227],[-103.362986,25.562993],[-103.362891,25.563043],[-103.363041,25.563277],[-103.363136,25.563227]]]}},{"type":"Feature","properties":{},"geometry":{"type":"Polygon","coordinates":[[[-103.363231,25.563177],[-103.36308,25.562943],[-103.362986,25.562993],[-103.363136,25.563227],[-103.363231,25.563177]]]}},{"type":"Feature","properties":{},"geometry":{"type":"Polygon","coordinates":[[[-103.363325,25.563127],[-103.363175,25.562893],[-103.36308,25.562943],[-103.363231,25.563177],[-103.363325,25.563127]]]}},{"type":"Feature","properties":{},"geometry":{"type":"Polygon","coordinates":[[[-103.36342,25.563077],[-103.363269,25.562843],[-103.363175,25.562893],[-103.363325,25.563127],[-103.36342,25.563077]]]}},{"type":"Feature","properties":{},"geometry":{"type":"Polygon","coordinates":[[[-103.363514,25.563026],[-103.363364,25.562793],[-103.363269,25.562843],[-103.36342,25.563077],[-103.363514,25.563026]]]}},{"type":"Feature","properties":{},"geometry":{"type":"Polygon","coordinates":[[[-103.363609,25.562976],[-103.363458,25.562743],[-103.363364,25.562793],[-103.363514,25.563026],[-103.363609,25.562976]]]}},{"type":"Feature","properties":{},"geometry":{"type":"Polygon","coordinates":[[[-103.363703,25.562926],[-103.363553,25.562692],[-103.363458,25.562743],[-103.363609,25.562976],[-103.363703,25.562926]]]}},{"type":"Feature","properties":{},"geometry":{"type":"Polygon","coordinates":[[[-103.363798,25.562876],[-103.363648,25.562642],[-103.363553,25.562692],[-103.363703,25.562926],[-103.363798,25.562876]]]}},{"type":"Feature","properties":{},"geometry":{"type":"Polygon","coordinates":[[[-103.363893,25.562826],[-103.363742,25.562592],[-103.363648,25.562642],[-103.363798,25.562876],[-103.363893,25.562826]]]}},{"type":"Feature","properties":{},"geometry":{"type":"Polygon","coordinates":[[[-103.36409,25.562722],[-103.36394,25.562488],[-103.363845,25.562538],[-103.363996,25.562772],[-103.36409,25.562722]]]}},{"type":"Feature","properties":{},"geometry":{"type":"Polygon","coordinates":[[[-103.364185,25.562672],[-103.364034,25.562438],[-103.36394,25.562488],[-103.36409,25.562722],[-103.364185,25.562672]]]}},{"type":"Feature","properties":{},"geometry":{"type":"Polygon","coordinates":[[[-103.364279,25.562622],[-103.364129,25.562388],[-103.364034,25.562438],[-103.364185,25.562672],[-103.364279,25.562622]]]}},{"type":"Feature","properties":{},"geometry":{"type":"Polygon","coordinates":[[[-103.364374,25.562572],[-103.364224,25.562338],[-103.364129,25.562388],[-103.364279,25.562622],[-103.364374,25.562572]]]}},{"type":"Feature","properties":{},"geometry":{"type":"Polygon","coordinates":[[[-103.364469,25.562522],[-103.364318,25.562288],[-103.364224,25.562338],[-103.364374,25.562572],[-103.364469,25.562522]]]}},{"type":"Feature","properties":{},"geometry":{"type":"Polygon","coordinates":[[[-103.364563,25.562472],[-103.364413,25.562238],[-103.364318,25.562288],[-103.364469,25.562522],[-103.364563,25.562472]]]}},{"type":"Feature","properties":{},"geometry":{"type":"Polygon","coordinates":[[[-103.364658,25.562422],[-103.364507,25.562188],[-103.364413,25.562238],[-103.364563,25.562472],[-103.364658,25.562422]]]}},{"type":"Feature","properties":{},"geometry":{"type":"Polygon","coordinates":[[[-103.364752,25.562372],[-103.364602,25.562138],[-103.364507,25.562188],[-103.364658,25.562422],[-103.364752,25.562372]]]}},{"type":"Feature","properties":{},"geometry":{"type":"Polygon","coordinates":[[[-103.364847,25.562322],[-103.364696,25.562088],[-103.364602,25.562138],[-103.364752,25.562372],[-103.364847,25.562322]]]}},{"type":"Feature","properties":{},"geometry":{"type":"Polygon","coordinates":[[[-103.364941,25.562272],[-103.364791,25.562038],[-103.364696,25.562088],[-103.364847,25.562322],[-103.364941,25.562272]]]}},{"type":"Feature","properties":{},"geometry":{"type":"Polygon","coordinates":[[[-103.365036,25.562222],[-103.364886,25.561988],[-103.364791,25.562038],[-103.364941,25.562272],[-103.365036,25.562222]]]}},{"type":"Feature","properties":{},"geometry":{"type":"Polygon","coordinates":[[[-103.365131,25.562171],[-103.36498,25.561938],[-103.364886,25.561988],[-103.365036,25.562222],[-103.365131,25.562171]]]}},{"type":"Feature","properties":{},"geometry":{"type":"Polygon","coordinates":[[[-103.365225,25.562121],[-103.365075,25.561888],[-103.36498,25.561938],[-103.365131,25.562171],[-103.365225,25.562121]]]}},{"type":"Feature","properties":{},"geometry":{"type":"Polygon","coordinates":[[[-103.36532,25.562071],[-103.365169,25.561837],[-103.365075,25.561888],[-103.365225,25.562121],[-103.36532,25.562071]]]}},{"type":"Feature","properties":{},"geometry":{"type":"Polygon","coordinates":[[[-103.365414,25.562021],[-103.365264,25.561787],[-103.365169,25.561837],[-103.36532,25.562071],[-103.365414,25.562021]]]}},{"type":"Feature","properties":{},"geometry":{"type":"Polygon","coordinates":[[[-103.365612,25.561917],[-103.365462,25.561683],[-103.365367,25.561733],[-103.365517,25.561967],[-103.365612,25.561917]]]}},{"type":"Feature","properties":{},"geometry":{"type":"Polygon","coordinates":[[[-103.365707,25.561867],[-103.365556,25.561633],[-103.365462,25.561683],[-103.365612,25.561917],[-103.365707,25.561867]]]}},{"type":"Feature","properties":{},"geometry":{"type":"Polygon","coordinates":[[[-103.365801,25.561817],[-103.365651,25.561583],[-103.365556,25.561633],[-103.365707,25.561867],[-103.365801,25.561817]]]}},{"type":"Feature","properties":{},"geometry":{"type":"Polygon","coordinates":[[[-103.365896,25.561767],[-103.365745,25.561533],[-103.365651,25.561583],[-103.365801,25.561817],[-103.365896,25.561767]]]}},{"type":"Feature","properties":{},"geometry":{"type":"Polygon","coordinates":[[[-103.36599,25.561717],[-103.36584,25.561483],[-103.365745,25.561533],[-103.365896,25.561767],[-103.36599,25.561717]]]}},{"type":"Feature","properties":{},"geometry":{"type":"Polygon","coordinates":[[[-103.366085,25.561667],[-103.365934,25.561433],[-103.36584,25.561483],[-103.36599,25.561717],[-103.366085,25.561667]]]}},{"type":"Feature","properties":{},"geometry":{"type":"Polygon","coordinates":[[[-103.366179,25.561617],[-103.366029,25.561383],[-103.365934,25.561433],[-103.366085,25.561667],[-103.366179,25.561617]]]}},{"type":"Feature","properties":{},"geometry":{"type":"Polygon","coordinates":[[[-103.366274,25.561567],[-103.366124,25.561333],[-103.366029,25.561383],[-103.366179,25.561617],[-103.366274,25.561567]]]}},{"type":"Feature","properties":{},"geometry":{"type":"Polygon","coordinates":[[[-103.366369,25.561517],[-103.366218,25.561283],[-103.366124,25.561333],[-103.366274,25.561567],[-103.366369,25.561517]]]}},{"type":"Feature","properties":{},"geometry":{"type":"Polygon","coordinates":[[[-103.366463,25.561467],[-103.366313,25.561233],[-103.366218,25.561283],[-103.366369,25.561517],[-103.366463,25.561467]]]}},{"type":"Feature","properties":{},"geometry":{"type":"Polygon","coordinates":[[[-103.366558,25.561417],[-103.366407,25.561183],[-103.366313,25.561233],[-103.366463,25.561467],[-103.366558,25.561417]]]}},{"type":"Feature","properties":{},"geometry":{"type":"Polygon","coordinates":[[[-103.366652,25.561366],[-103.366502,25.561133],[-103.366407,25.561183],[-103.366558,25.561417],[-103.366652,25.561366]]]}},{"type":"Feature","properties":{},"geometry":{"type":"Polygon","coordinates":[[[-103.366747,25.561316],[-103.366596,25.561083],[-103.366502,25.561133],[-103.366652,25.561366],[-103.366747,25.561316]]]}},{"type":"Feature","properties":{},"geometry":{"type":"Polygon","coordinates":[[[-103.366841,25.561266],[-103.366691,25.561032],[-103.366596,25.561083],[-103.366747,25.561316],[-103.366841,25.561266]]]}},{"type":"Feature","properties":{},"geometry":{"type":"Polygon","coordinates":[[[-103.366936,25.561216],[-103.366786,25.560982],[-103.366691,25.561032],[-103.366841,25.561266],[-103.366936,25.561216]]]}},{"type":"Feature","properties":{},"geometry":{"type":"Polygon","coordinates":[[[-103.367134,25.561112],[-103.366983,25.560878],[-103.366889,25.560928],[-103.367039,25.561162],[-103.367134,25.561112]]]}},{"type":"Feature","properties":{},"geometry":{"type":"Polygon","coordinates":[[[-103.367228,25.561062],[-103.367078,25.560828],[-103.366983,25.560878],[-103.367134,25.561112],[-103.367228,25.561062]]]}},{"type":"Feature","properties":{},"geometry":{"type":"Polygon","coordinates":[[[-103.367323,25.561012],[-103.367172,25.560778],[-103.367078,25.560828],[-103.367228,25.561062],[-103.367323,25.561012]]]}},{"type":"Feature","properties":{},"geometry":{"type":"Polygon","coordinates":[[[-103.367417,25.560962],[-103.367267,25.560728],[-103.367172,25.560778],[-103.367323,25.561012],[-103.367417,25.560962]]]}},{"type":"Feature","properties":{},"geometry":{"type":"Polygon","coordinates":[[[-103.367512,25.560912],[-103.367362,25.560678],[-103.367267,25.560728],[-103.367417,25.560962],[-103.367512,25.560912]]]}},{"type":"Feature","properties":{},"geometry":{"type":"Polygon","coordinates":[[[-103.367607,25.560862],[-103.367456,25.560628],[-103.367362,25.560678],[-103.367512,25.560912],[-103.367607,25.560862]]]}},{"type":"Feature","properties":{},"geometry":{"type":"Polygon","coordinates":[[[-103.367701,25.560812],[-103.367551,25.560578],[-103.367456,25.560628],[-103.367607,25.560862],[-103.367701,25.560812]]]}},{"type":"Feature","properties":{},"geometry":{"type":"Polygon","coordinates":[[[-103.367796,25.560762],[-103.367645,25.560528],[-103.367551,25.560578],[-103.367701,25.560812],[-103.367796,25.560762]]]}},{"type":"Feature","properties":{},"geometry":{"type":"Polygon","coordinates":[[[-103.36789,25.560712],[-103.36774,25.560478],[-103.367645,25.560528],[-103.367796,25.560762],[-103.36789,25.560712]]]}},{"type":"Feature","properties":{},"geometry":{"type":"Polygon","coordinates":[[[-103.367985,25.560662],[-103.367834,25.560428],[-103.36774,25.560478],[-103.36789,25.560712],[-103.367985,25.560662]]]}},{"type":"Feature","properties":{},"geometry":{"type":"Polygon","coordinates":[[[-103.368079,25.560612],[-103.367929,25.560378],[-103.367834,25.560428],[-103.367985,25.560662],[-103.368079,25.560612]]]}},{"type":"Feature","properties":{},"geometry":{"type":"Polygon","coordinates":[[[-103.368174,25.560561],[-103.368023,25.560328],[-103.367929,25.560378],[-103.368079,25.560612],[-103.368174,25.560561]]]}},{"type":"Feature","properties":{},"geometry":{"type":"Polygon","coordinates":[[[-103.368268,25.560511],[-103.368118,25.560278],[-103.368023,25.560328],[-103.368174,25.560561],[-103.368268,25.560511]]]}},{"type":"Feature","properties":{},"geometry":{"type":"Polygon","coordinates":[[[-103.368363,25.560461],[-103.368213,25.560227],[-103.368118,25.560278],[-103.368268,25.560511],[-103.368363,25.560461]]]}},{"type":"Feature","properties":{},"geometry":{"type":"Polygon","coordinates":[[[-103.368458,25.560411],[-103.368307,25.560177],[-103.368213,25.560227],[-103.368363,25.560461],[-103.368458,25.560411]]]}},{"type":"Feature","properties":{},"geometry":{"type":"Polygon","coordinates":[[[-103.368655,25.560307],[-103.368505,25.560073],[-103.36841,25.560123],[-103.368561,25.560357],[-103.368655,25.560307]]]}},{"type":"Feature","properties":{},"geometry":{"type":"Polygon","coordinates":[[[-103.36875,25.560257],[-103.368599,25.560023],[-103.368505,25.560073],[-103.368655,25.560307],[-103.36875,25.560257]]]}},{"type":"Feature","properties":{},"geometry":{"type":"Polygon","coordinates":[[[-103.368844,25.560207],[-103.368694,25.559973],[-103.368599,25.560023],[-103.36875,25.560257],[-103.368844,25.560207]]]}},{"type":"Feature","properties":{},"geometry":{"type":"Polygon","coordinates":[[[-103.368939,25.560157],[-103.368789,25.559923],[-103.368694,25.559973],[-103.368844,25.560207],[-103.368939,25.560157]]]}},{"type":"Feature","properties":{},"geometry":{"type":"Polygon","coordinates":[[[-103.369034,25.560107],[-103.368883,25.559873],[-103.368789,25.559923],[-103.368939,25.560157],[-103.369034,25.560107]]]}},{"type":"Feature","properties":{},"geometry":{"type":"Polygon","coordinates":[[[-103.358971,25.565869],[-103.35882,25.565635],[-103.358726,25.565685],[-103.358876,25.565919],[-103.358971,25.565869]]]}},{"type":"Feature","properties":{},"geometry":{"type":"Polygon","coordinates":[[[-103.359065,25.565819],[-103.358915,25.565585],[-103.35882,25.565635],[-103.358971,25.565869],[-103.359065,25.565819]]]}},{"type":"Feature","properties":{},"geometry":{"type":"Polygon","coordinates":[[[-103.35916,25.565769],[-103.359009,25.565535],[-103.358915,25.565585],[-103.359065,25.565819],[-103.35916,25.565769]]]}},{"type":"Feature","properties":{},"geometry":{"type":"Polygon","coordinates":[[[-103.359254,25.565719],[-103.359104,25.565485],[-103.359009,25.565535],[-103.35916,25.565769],[-103.359254,25.565719]]]}},{"type":"Feature","properties":{},"geometry":{"type":"Polygon","coordinates":[[[-103.359349,25.565669],[-103.359198,25.565435],[-103.359104,25.565485],[-103.359254,25.565719],[-103.359349,25.565669]]]}},{"type":"Feature","properties":{},"geometry":{"type":"Polygon","coordinates":[[[-103.359443,25.565619],[-103.359293,25.565385],[-103.359198,25.565435],[-103.359349,25.565669],[-103.359443,25.565619]]]}},{"type":"Feature","properties":{},"geometry":{"type":"Polygon","coordinates":[[[-103.359538,25.565569],[-103.359388,25.565335],[-103.359293,25.565385],[-103.359443,25.565619],[-103.359538,25.565569]]]}},{"type":"Feature","properties":{},"geometry":{"type":"Polygon","coordinates":[[[-103.359736,25.565464],[-103.359585,25.56523],[-103.359491,25.56528],[-103.359641,25.565514],[-103.359736,25.565464]]]}},{"type":"Feature","properties":{},"geometry":{"type":"Polygon","coordinates":[[[-103.35983,25.565414],[-103.35968,25.56518],[-103.359585,25.56523],[-103.359736,25.565464],[-103.35983,25.565414]]]}},{"type":"Feature","properties":{},"geometry":{"type":"Polygon","coordinates":[[[-103.359925,25.565364],[-103.359774,25.56513],[-103.35968,25.56518],[-103.35983,25.565414],[-103.359925,25.565364]]]}},{"type":"Feature","properties":{},"geometry":{"type":"Polygon","coordinates":[[[-103.360019,25.565314],[-103.359869,25.56508],[-103.359774,25.56513],[-103.359925,25.565364],[-103.360019,25.565314]]]}},{"type":"Feature","properties":{},"geometry":{"type":"Polygon","coordinates":[[[-103.360114,25.565264],[-103.359964,25.56503],[-103.359869,25.56508],[-103.360019,25.565314],[-103.360114,25.565264]]]}},{"type":"Feature","properties":{},"geometry":{"type":"Polygon","coordinates":[[[-103.360209,25.565214],[-103.360058,25.56498],[-103.359964,25.56503],[-103.360114,25.565264],[-103.360209,25.565214]]]}},{"type":"Feature","properties":{},"geometry":{"type":"Polygon","coordinates":[[[-103.360303,25.565164],[-103.360153,25.56493],[-103.360058,25.56498],[-103.360209,25.565214],[-103.360303,25.565164]]]}},{"type":"Feature","properties":{},"geometry":{"type":"Polygon","coordinates":[[[-103.360398,25.565114],[-103.360247,25.56488],[-103.360153,25.56493],[-103.360303,25.565164],[-103.360398,25.565114]]]}},{"type":"Feature","properties":{},"geometry":{"type":"Polygon","coordinates":[[[-103.360492,25.565064],[-103.360342,25.56483],[-103.360247,25.56488],[-103.360398,25.565114],[-103.360492,25.565064]]]}},{"type":"Feature","properties":{},"geometry":{"type":"Polygon","coordinates":[[[-103.360587,25.565014],[-103.360436,25.56478],[-103.360342,25.56483],[-103.360492,25.565064],[-103.360587,25.565014]]]}},{"type":"Feature","properties":{},"geometry":{"type":"Polygon","coordinates":[[[-103.360681,25.564964],[-103.360531,25.56473],[-103.360436,25.56478],[-103.360587,25.565014],[-103.360681,25.564964]]]}},{"type":"Feature","properties":{},"geometry":{"type":"Polygon","coordinates":[[[-103.360776,25.564914],[-103.360626,25.56468],[-103.360531,25.56473],[-103.360681,25.564964],[-103.360776,25.564914]]]}},{"type":"Feature","properties":{},"geometry":{"type":"Polygon","coordinates":[[[-103.360871,25.564864],[-103.36072,25.56463],[-103.360626,25.56468],[-103.360776,25.564914],[-103.360871,25.564864]]]}},{"type":"Feature","properties":{},"geometry":{"type":"Polygon","coordinates":[[[-103.360965,25.564814],[-103.360815,25.56458],[-103.36072,25.56463],[-103.360871,25.564864],[-103.360965,25.564814]]]}},{"type":"Feature","properties":{},"geometry":{"type":"Polygon","coordinates":[[[-103.36106,25.564764],[-103.360909,25.56453],[-103.360815,25.56458],[-103.360965,25.564814],[-103.36106,25.564764]]]}},{"type":"Feature","properties":{},"geometry":{"type":"Polygon","coordinates":[[[-103.361257,25.564659],[-103.361107,25.564425],[-103.361013,25.564475],[-103.361163,25.564709],[-103.361257,25.564659]]]}},{"type":"Feature","properties":{},"geometry":{"type":"Polygon","coordinates":[[[-103.361352,25.564609],[-103.361202,25.564375],[-103.361107,25.564425],[-103.361257,25.564659],[-103.361352,25.564609]]]}},{"type":"Feature","properties":{},"geometry":{"type":"Polygon","coordinates":[[[-103.361447,25.564559],[-103.361296,25.564325],[-103.361202,25.564375],[-103.361352,25.564609],[-103.361447,25.564559]]]}},{"type":"Feature","properties":{},"geometry":{"type":"Polygon","coordinates":[[[-103.361541,25.564509],[-103.361391,25.564275],[-103.361296,25.564325],[-103.361447,25.564559],[-103.361541,25.564509]]]}},{"type":"Feature","properties":{},"geometry":{"type":"Polygon","coordinates":[[[-103.361636,25.564459],[-103.361485,25.564225],[-103.361391,25.564275],[-103.361541,25.564509],[-103.361636,25.564459]]]}},{"type":"Feature","properties":{},"geometry":{"type":"Polygon","coordinates":[[[-103.36173,25.564409],[-103.36158,25.564175],[-103.361485,25.564225],[-103.361636,25.564459],[-103.36173,25.564409]]]}},{"type":"Feature","properties":{},"geometry":{"type":"Polygon","coordinates":[[[-103.361825,25.564359],[-103.361675,25.564125],[-103.36158,25.564175],[-103.36173,25.564409],[-103.361825,25.564359]]]}},{"type":"Feature","properties":{},"geometry":{"type":"Polygon","coordinates":[[[-103.361919,25.564309],[-103.361769,25.564075],[-103.361675,25.564125],[-103.361825,25.564359],[-103.361919,25.564309]]]}},{"type":"Feature","properties":{},"geometry":{"type":"Polygon","coordinates":[[[-103.362014,25.564259],[-103.361864,25.564025],[-103.361769,25.564075],[-103.361919,25.564309],[-103.362014,25.564259]]]}},{"type":"Feature","properties":{},"geometry":{"type":"Polygon","coordinates":[[[-103.362109,25.564209],[-103.361958,25.563975],[-103.361864,25.564025],[-103.362014,25.564259],[-103.362109,25.564209]]]}},{"type":"Feature","properties":{},"geometry":{"type":"Polygon","coordinates":[[[-103.362203,25.564159],[-103.362053,25.563925],[-103.361958,25.563975],[-103.362109,25.564209],[-103.362203,25.564159]]]}},{"type":"Feature","properties":{},"geometry":{"type":"Polygon","coordinates":[[[-103.362298,25.564109],[-103.362147,25.563875],[-103.362053,25.563925],[-103.362203,25.564159],[-103.362298,25.564109]]]}},{"type":"Feature","properties":{},"geometry":{"type":"Polygon","coordinates":[[[-103.362392,25.564059],[-103.362242,25.563825],[-103.362147,25.563875],[-103.362298,25.564109],[-103.362392,25.564059]]]}},{"type":"Feature","properties":{},"geometry":{"type":"Polygon","coordinates":[[[-103.362487,25.564009],[-103.362336,25.563775],[-103.362242,25.563825],[-103.362392,25.564059],[-103.362487,25.564009]]]}},{"type":"Feature","properties":{},"geometry":{"type":"Polygon","coordinates":[[[-103.362581,25.563959],[-103.362431,25.563725],[-103.362336,25.563775],[-103.362487,25.564009],[-103.362581,25.563959]]]}},{"type":"Feature","properties":{},"geometry":{"type":"Polygon","coordinates":[[[-103.362779,25.563854],[-103.362629,25.56362],[-103.362534,25.56367],[-103.362685,25.563904],[-103.362779,25.563854]]]}},{"type":"Feature","properties":{},"geometry":{"type":"Polygon","coordinates":[[[-103.362874,25.563804],[-103.362723,25.56357],[-103.362629,25.56362],[-103.362779,25.563854],[-103.362874,25.563804]]]}},{"type":"Feature","properties":{},"geometry":{"type":"Polygon","coordinates":[[[-103.362968,25.563754],[-103.362818,25.56352],[-103.362723,25.56357],[-103.362874,25.563804],[-103.362968,25.563754]]]}},{"type":"Feature","properties":{},"geometry":{"type":"Polygon","coordinates":[[[-103.363063,25.563704],[-103.362913,25.56347],[-103.362818,25.56352],[-103.362968,25.563754],[-103.363063,25.563704]]]}},{"type":"Feature","properties":{},"geometry":{"type":"Polygon","coordinates":[[[-103.363157,25.563654],[-103.363007,25.56342],[-103.362913,25.56347],[-103.363063,25.563704],[-103.363157,25.563654]]]}},{"type":"Feature","properties":{},"geometry":{"type":"Polygon","coordinates":[[[-103.363252,25.563604],[-103.363102,25.56337],[-103.363007,25.56342],[-103.363157,25.563654],[-103.363252,25.563604]]]}},{"type":"Feature","properties":{},"geometry":{"type":"Polygon","coordinates":[[[-103.363347,25.563554],[-103.363196,25.56332],[-103.363102,25.56337],[-103.363252,25.563604],[-103.363347,25.563554]]]}},{"type":"Feature","properties":{},"geometry":{"type":"Polygon","coordinates":[[[-103.363441,25.563504],[-103.363291,25.56327],[-103.363196,25.56332],[-103.363347,25.563554],[-103.363441,25.563504]]]}},{"type":"Feature","properties":{},"geometry":{"type":"Polygon","coordinates":[[[-103.363536,25.563454],[-103.363385,25.56322],[-103.363291,25.56327],[-103.363441,25.563504],[-103.363536,25.563454]]]}},{"type":"Feature","properties":{},"geometry":{"type":"Polygon","coordinates":[[[-103.36363,25.563404],[-103.36348,25.56317],[-103.363385,25.56322],[-103.363536,25.563454],[-103.36363,25.563404]]]}},{"type":"Feature","properties":{},"geometry":{"type":"Polygon","coordinates":[[[-103.363725,25.563354],[-103.363574,25.56312],[-103.36348,25.56317],[-103.36363,25.563404],[-103.363725,25.563354]]]}},{"type":"Feature","properties":{},"geometry":{"type":"Polygon","coordinates":[[[-103.363819,25.563304],[-103.363669,25.56307],[-103.363574,25.56312],[-103.363725,25.563354],[-103.363819,25.563304]]]}},{"type":"Feature","properties":{},"geometry":{"type":"Polygon","coordinates":[[[-103.363914,25.563254],[-103.363764,25.56302],[-103.363669,25.56307],[-103.363819,25.563304],[-103.363914,25.563254]]]}},{"type":"Feature","properties":{},"geometry":{"type":"Polygon","coordinates":[[[-103.364009,25.563204],[-103.363858,25.56297],[-103.363764,25.56302],[-103.363914,25.563254],[-103.364009,25.563204]]]}},{"type":"Feature","properties":{},"geometry":{"type":"Polygon","coordinates":[[[-103.364103,25.563154],[-103.363953,25.56292],[-103.363858,25.56297],[-103.364009,25.563204],[-103.364103,25.563154]]]}},{"type":"Feature","properties":{},"geometry":{"type":"Polygon","coordinates":[[[-103.364301,25.563049],[-103.364151,25.562815],[-103.364056,25.562865],[-103.364206,25.563099],[-103.364301,25.563049]]]}},{"type":"Feature","properties":{},"geometry":{"type":"Polygon","coordinates":[[[-103.364395,25.562999],[-103.364245,25.562765],[-103.364151,25.562815],[-103.364301,25.563049],[-103.364395,25.562999]]]}},{"type":"Feature","properties":{},"geometry":{"type":"Polygon","coordinates":[[[-103.36449,25.562949],[-103.36434,25.562715],[-103.364245,25.562765],[-103.364395,25.562999],[-103.36449,25.562949]]]}},{"type":"Feature","properties":{},"geometry":{"type":"Polygon","coordinates":[[[-103.364585,25.562899],[-103.364434,25.562665],[-103.36434,25.562715],[-103.36449,25.562949],[-103.364585,25.562899]]]}},{"type":"Feature","properties":{},"geometry":{"type":"Polygon","coordinates":[[[-103.364679,25.562849],[-103.364529,25.562615],[-103.364434,25.562665],[-103.364585,25.562899],[-103.364679,25.562849]]]}},{"type":"Feature","properties":{},"geometry":{"type":"Polygon","coordinates":[[[-103.364774,25.562799],[-103.364623,25.562565],[-103.364529,25.562615],[-103.364679,25.562849],[-103.364774,25.562799]]]}},{"type":"Feature","properties":{},"geometry":{"type":"Polygon","coordinates":[[[-103.364868,25.562749],[-103.364718,25.562515],[-103.364623,25.562565],[-103.364774,25.562799],[-103.364868,25.562749]]]}},{"type":"Feature","properties":{},"geometry":{"type":"Polygon","coordinates":[[[-103.364963,25.562699],[-103.364812,25.562465],[-103.364718,25.562515],[-103.364868,25.562749],[-103.364963,25.562699]]]}},{"type":"Feature","properties":{},"geometry":{"type":"Polygon","coordinates":[[[-103.365057,25.562649],[-103.364907,25.562415],[-103.364812,25.562465],[-103.364963,25.562699],[-103.365057,25.562649]]]}},{"type":"Feature","properties":{},"geometry":{"type":"Polygon","coordinates":[[[-103.365152,25.562599],[-103.365002,25.562365],[-103.364907,25.562415],[-103.365057,25.562649],[-103.365152,25.562599]]]}},{"type":"Feature","properties":{},"geometry":{"type":"Polygon","coordinates":[[[-103.365247,25.562549],[-103.365096,25.562315],[-103.365002,25.562365],[-103.365152,25.562599],[-103.365247,25.562549]]]}},{"type":"Feature","properties":{},"geometry":{"type":"Polygon","coordinates":[[[-103.365341,25.562499],[-103.365191,25.562265],[-103.365096,25.562315],[-103.365247,25.562549],[-103.365341,25.562499]]]}},{"type":"Feature","properties":{},"geometry":{"type":"Polygon","coordinates":[[[-103.365436,25.562449],[-103.365285,25.562215],[-103.365191,25.562265],[-103.365341,25.562499],[-103.365436,25.562449]]]}},{"type":"Feature","properties":{},"geometry":{"type":"Polygon","coordinates":[[[-103.36553,25.562399],[-103.36538,25.562165],[-103.365285,25.562215],[-103.365436,25.562449],[-103.36553,25.562399]]]}},{"type":"Feature","properties":{},"geometry":{"type":"Polygon","coordinates":[[[-103.365625,25.562349],[-103.365474,25.562115],[-103.36538,25.562165],[-103.36553,25.562399],[-103.365625,25.562349]]]}},{"type":"Feature","properties":{},"geometry":{"type":"Polygon","coordinates":[[[-103.365823,25.562244],[-103.365672,25.56201],[-103.365578,25.56206],[-103.365728,25.562294],[-103.365823,25.562244]]]}},{"type":"Feature","properties":{},"geometry":{"type":"Polygon","coordinates":[[[-103.365917,25.562194],[-103.365767,25.56196],[-103.365672,25.56201],[-103.365823,25.562244],[-103.365917,25.562194]]]}},{"type":"Feature","properties":{},"geometry":{"type":"Polygon","coordinates":[[[-103.366012,25.562144],[-103.365861,25.56191],[-103.365767,25.56196],[-103.365917,25.562194],[-103.366012,25.562144]]]}},{"type":"Feature","properties":{},"geometry":{"type":"Polygon","coordinates":[[[-103.366106,25.562094],[-103.365956,25.56186],[-103.365861,25.56191],[-103.366012,25.562144],[-103.366106,25.562094]]]}},{"type":"Feature","properties":{},"geometry":{"type":"Polygon","coordinates":[[[-103.366201,25.562044],[-103.36605,25.56181],[-103.365956,25.56186],[-103.366106,25.562094],[-103.366201,25.562044]]]}},{"type":"Feature","properties":{},"geometry":{"type":"Polygon","coordinates":[[[-103.366295,25.561994],[-103.366145,25.56176],[-103.36605,25.56181],[-103.366201,25.562044],[-103.366295,25.561994]]]}},{"type":"Feature","properties":{},"geometry":{"type":"Polygon","coordinates":[[[-103.36639,25.561944],[-103.36624,25.56171],[-103.366145,25.56176],[-103.366295,25.561994],[-103.36639,25.561944]]]}},{"type":"Feature","properties":{},"geometry":{"type":"Polygon","coordinates":[[[-103.366485,25.561894],[-103.366334,25.56166],[-103.36624,25.56171],[-103.36639,25.561944],[-103.366485,25.561894]]]}},{"type":"Feature","properties":{},"geometry":{"type":"Polygon","coordinates":[[[-103.366579,25.561844],[-103.366429,25.56161],[-103.366334,25.56166],[-103.366485,25.561894],[-103.366579,25.561844]]]}},{"type":"Feature","properties":{},"geometry":{"type":"Polygon","coordinates":[[[-103.366674,25.561794],[-103.366523,25.56156],[-103.366429,25.56161],[-103.366579,25.561844],[-103.366674,25.561794]]]}},{"type":"Feature","properties":{},"geometry":{"type":"Polygon","coordinates":[[[-103.366768,25.561744],[-103.366618,25.56151],[-103.366523,25.56156],[-103.366674,25.561794],[-103.366768,25.561744]]]}},{"type":"Feature","properties":{},"geometry":{"type":"Polygon","coordinates":[[[-103.366863,25.561694],[-103.366712,25.56146],[-103.366618,25.56151],[-103.366768,25.561744],[-103.366863,25.561694]]]}},{"type":"Feature","properties":{},"geometry":{"type":"Polygon","coordinates":[[[-103.366957,25.561644],[-103.366807,25.56141],[-103.366712,25.56146],[-103.366863,25.561694],[-103.366957,25.561644]]]}},{"type":"Feature","properties":{},"geometry":{"type":"Polygon","coordinates":[[[-103.367052,25.561594],[-103.366902,25.56136],[-103.366807,25.56141],[-103.366957,25.561644],[-103.367052,25.561594]]]}},{"type":"Feature","properties":{},"geometry":{"type":"Polygon","coordinates":[[[-103.367147,25.561544],[-103.366996,25.56131],[-103.366902,25.56136],[-103.367052,25.561594],[-103.367147,25.561544]]]}},{"type":"Feature","properties":{},"geometry":{"type":"Polygon","coordinates":[[[-103.367344,25.561439],[-103.367194,25.561205],[-103.367099,25.561255],[-103.36725,25.561489],[-103.367344,25.561439]]]}},{"type":"Feature","properties":{},"geometry":{"type":"Polygon","coordinates":[[[-103.367439,25.561389],[-103.367288,25.561155],[-103.367194,25.561205],[-103.367344,25.561439],[-103.367439,25.561389]]]}},{"type":"Feature","properties":{},"geometry":{"type":"Polygon","coordinates":[[[-103.367533,25.561339],[-103.367383,25.561105],[-103.367288,25.561155],[-103.367439,25.561389],[-103.367533,25.561339]]]}},{"type":"Feature","properties":{},"geometry":{"type":"Polygon","coordinates":[[[-103.367628,25.561289],[-103.367478,25.561055],[-103.367383,25.561105],[-103.367533,25.561339],[-103.367628,25.561289]]]}},{"type":"Feature","properties":{},"geometry":{"type":"Polygon","coordinates":[[[-103.367723,25.561239],[-103.367572,25.561005],[-103.367478,25.561055],[-103.367628,25.561289],[-103.367723,25.561239]]]}},{"type":"Feature","properties":{},"geometry":{"type":"Polygon","coordinates":[[[-103.367817,25.561189],[-103.367667,25.560955],[-103.367572,25.561005],[-103.367723,25.561239],[-103.367817,25.561189]]]}},{"type":"Feature","properties":{},"geometry":{"type":"Polygon","coordinates":[[[-103.367912,25.561139],[-103.367761,25.560905],[-103.367667,25.560955],[-103.367817,25.561189],[-103.367912,25.561139]]]}},{"type":"Feature","properties":{},"geometry":{"type":"Polygon","coordinates":[[[-103.368006,25.561089],[-103.367856,25.560855],[-103.367761,25.560905],[-103.367912,25.561139],[-103.368006,25.561089]]]}},{"type":"Feature","properties":{},"geometry":{"type":"Polygon","coordinates":[[[-103.368101,25.561039],[-103.36795,25.560805],[-103.367856,25.560855],[-103.368006,25.561089],[-103.368101,25.561039]]]}},{"type":"Feature","properties":{},"geometry":{"type":"Polygon","coordinates":[[[-103.368195,25.560989],[-103.368045,25.560755],[-103.36795,25.560805],[-103.368101,25.561039],[-103.368195,25.560989]]]}},{"type":"Feature","properties":{},"geometry":{"type":"Polygon","coordinates":[[[-103.36829,25.560939],[-103.36814,25.560705],[-103.368045,25.560755],[-103.368195,25.560989],[-103.36829,25.560939]]]}},{"type":"Feature","properties":{},"geometry":{"type":"Polygon","coordinates":[[[-103.368384,25.560889],[-103.368234,25.560655],[-103.36814,25.560705],[-103.36829,25.560939],[-103.368384,25.560889]]]}},{"type":"Feature","properties":{},"geometry":{"type":"Polygon","coordinates":[[[-103.368479,25.560839],[-103.368329,25.560605],[-103.368234,25.560655],[-103.368384,25.560889],[-103.368479,25.560839]]]}},{"type":"Feature","properties":{},"geometry":{"type":"Polygon","coordinates":[[[-103.368574,25.560789],[-103.368423,25.560555],[-103.368329,25.560605],[-103.368479,25.560839],[-103.368574,25.560789]]]}},{"type":"Feature","properties":{},"geometry":{"type":"Polygon","coordinates":[[[-103.368668,25.560739],[-103.368518,25.560505],[-103.368423,25.560555],[-103.368574,25.560789],[-103.368668,25.560739]]]}},{"type":"Feature","properties":{},"geometry":{"type":"Polygon","coordinates":[[[-103.368866,25.560634],[-103.368715,25.5604],[-103.368621,25.56045],[-103.368771,25.560684],[-103.368866,25.560634]]]}},{"type":"Feature","properties":{},"geometry":{"type":"Polygon","coordinates":[[[-103.36896,25.560584],[-103.36881,25.56035],[-103.368715,25.5604],[-103.368866,25.560634],[-103.36896,25.560584]]]}},{"type":"Feature","properties":{},"geometry":{"type":"Polygon","coordinates":[[[-103.369055,25.560534],[-103.368905,25.5603],[-103.36881,25.56035],[-103.36896,25.560584],[-103.369055,25.560534]]]}},{"type":"Feature","properties":{},"geometry":{"type":"Polygon","coordinates":[[[-103.36915,25.560484],[-103.368999,25.56025],[-103.368905,25.5603],[-103.369055,25.560534],[-103.36915,25.560484]]]}},{"type":"Feature","properties":{},"geometry":{"type":"Polygon","coordinates":[[[-103.361408,25.564893],[-103.361257,25.564659],[-103.361163,25.564709],[-103.361313,25.564943],[-103.361408,25.564893]]]}},{"type":"Feature","properties":{},"geometry":{"type":"Polygon","coordinates":[[[-103.361502,25.564843],[-103.361352,25.564609],[-103.361257,25.564659],[-103.361408,25.564893],[-103.361502,25.564843]]]}},{"type":"Feature","properties":{},"geometry":{"type":"Polygon","coordinates":[[[-103.361597,25.564793],[-103.361447,25.564559],[-103.361352,25.564609],[-103.361502,25.564843],[-103.361597,25.564793]]]}},{"type":"Feature","properties":{},"geometry":{"type":"Polygon","coordinates":[[[-103.361692,25.564743],[-103.361541,25.564509],[-103.361447,25.564559],[-103.361597,25.564793],[-103.361692,25.564743]]]}},{"type":"Feature","properties":{},"geometry":{"type":"Polygon","coordinates":[[[-103.361786,25.564693],[-103.361636,25.564459],[-103.361541,25.564509],[-103.361692,25.564743],[-103.361786,25.564693]]]}},{"type":"Feature","properties":{},"geometry":{"type":"Polygon","coordinates":[[[-103.361881,25.564643],[-103.36173,25.564409],[-103.361636,25.564459],[-103.361786,25.564693],[-103.361881,25.564643]]]}},{"type":"Feature","properties":{},"geometry":{"type":"Polygon","coordinates":[[[-103.361975,25.564593],[-103.361825,25.564359],[-103.36173,25.564409],[-103.361881,25.564643],[-103.361975,25.564593]]]}},{"type":"Feature","properties":{},"geometry":{"type":"Polygon","coordinates":[[[-103.36207,25.564543],[-103.361919,25.564309],[-103.361825,25.564359],[-103.361975,25.564593],[-103.36207,25.564543]]]}},{"type":"Feature","properties":{},"geometry":{"type":"Polygon","coordinates":[[[-103.362164,25.564493],[-103.362014,25.564259],[-103.361919,25.564309],[-103.36207,25.564543],[-103.362164,25.564493]]]}},{"type":"Feature","properties":{},"geometry":{"type":"Polygon","coordinates":[[[-103.362259,25.564443],[-103.362109,25.564209],[-103.362014,25.564259],[-103.362164,25.564493],[-103.362259,25.564443]]]}},{"type":"Feature","properties":{},"geometry":{"type":"Polygon","coordinates":[[[-103.362354,25.564393],[-103.362203,25.564159],[-103.362109,25.564209],[-103.362259,25.564443],[-103.362354,25.564393]]]}},{"type":"Feature","properties":{},"geometry":{"type":"Polygon","coordinates":[[[-103.362448,25.564343],[-103.362298,25.564109],[-103.362203,25.564159],[-103.362354,25.564393],[-103.362448,25.564343]]]}},{"type":"Feature","properties":{},"geometry":{"type":"Polygon","coordinates":[[[-103.362543,25.564293],[-103.362392,25.564059],[-103.362298,25.564109],[-103.362448,25.564343],[-103.362543,25.564293]]]}},{"type":"Feature","properties":{},"geometry":{"type":"Polygon","coordinates":[[[-103.362637,25.564243],[-103.362487,25.564009],[-103.362392,25.564059],[-103.362543,25.564293],[-103.362637,25.564243]]]}},{"type":"Feature","properties":{},"geometry":{"type":"Polygon","coordinates":[[[-103.362732,25.564193],[-103.362581,25.563959],[-103.362487,25.564009],[-103.362637,25.564243],[-103.362732,25.564193]]]}},{"type":"Feature","properties":{},"geometry":{"type":"Polygon","coordinates":[[[-103.36293,25.564088],[-103.362779,25.563854],[-103.362685,25.563904],[-103.362835,25.564138],[-103.36293,25.564088]]]}},{"type":"Feature","properties":{},"geometry":{"type":"Polygon","coordinates":[[[-103.363024,25.564038],[-103.362874,25.563804],[-103.362779,25.563854],[-103.36293,25.564088],[-103.363024,25.564038]]]}},{"type":"Feature","properties":{},"geometry":{"type":"Polygon","coordinates":[[[-103.363119,25.563988],[-103.362968,25.563754],[-103.362874,25.563804],[-103.363024,25.564038],[-103.363119,25.563988]]]}},{"type":"Feature","properties":{},"geometry":{"type":"Polygon","coordinates":[[[-103.363213,25.563938],[-103.363063,25.563704],[-103.362968,25.563754],[-103.363119,25.563988],[-103.363213,25.563938]]]}},{"type":"Feature","properties":{},"geometry":{"type":"Polygon","coordinates":[[[-103.363308,25.563888],[-103.363157,25.563654],[-103.363063,25.563704],[-103.363213,25.563938],[-103.363308,25.563888]]]}},{"type":"Feature","properties":{},"geometry":{"type":"Polygon","coordinates":[[[-103.363402,25.563838],[-103.363252,25.563604],[-103.363157,25.563654],[-103.363308,25.563888],[-103.363402,25.563838]]]}},{"type":"Feature","properties":{},"geometry":{"type":"Polygon","coordinates":[[[-103.363497,25.563788],[-103.363347,25.563554],[-103.363252,25.563604],[-103.363402,25.563838],[-103.363497,25.563788]]]}},{"type":"Feature","properties":{},"geometry":{"type":"Polygon","coordinates":[[[-103.363592,25.563738],[-103.363441,25.563504],[-103.363347,25.563554],[-103.363497,25.563788],[-103.363592,25.563738]]]}},{"type":"Feature","properties":{},"geometry":{"type":"Polygon","coordinates":[[[-103.363686,25.563688],[-103.363536,25.563454],[-103.363441,25.563504],[-103.363592,25.563738],[-103.363686,25.563688]]]}},{"type":"Feature","properties":{},"geometry":{"type":"Polygon","coordinates":[[[-103.363781,25.563638],[-103.36363,25.563404],[-103.363536,25.563454],[-103.363686,25.563688],[-103.363781,25.563638]]]}},{"type":"Feature","properties":{},"geometry":{"type":"Polygon","coordinates":[[[-103.363875,25.563588],[-103.363725,25.563354],[-103.36363,25.563404],[-103.363781,25.563638],[-103.363875,25.563588]]]}},{"type":"Feature","properties":{},"geometry":{"type":"Polygon","coordinates":[[[-103.36397,25.563538],[-103.363819,25.563304],[-103.363725,25.563354],[-103.363875,25.563588],[-103.36397,25.563538]]]}},{"type":"Feature","properties":{},"geometry":{"type":"Polygon","coordinates":[[[-103.364064,25.563488],[-103.363914,25.563254],[-103.363819,25.563304],[-103.36397,25.563538],[-103.364064,25.563488]]]}},{"type":"Feature","properties":{},"geometry":{"type":"Polygon","coordinates":[[[-103.364159,25.563438],[-103.364009,25.563204],[-103.363914,25.563254],[-103.364064,25.563488],[-103.364159,25.563438]]]}},{"type":"Feature","properties":{},"geometry":{"type":"Polygon","coordinates":[[[-103.364254,25.563388],[-103.364103,25.563154],[-103.364009,25.563204],[-103.364159,25.563438],[-103.364254,25.563388]]]}},{"type":"Feature","properties":{},"geometry":{"type":"Polygon","coordinates":[[[-103.364451,25.563283],[-103.364301,25.563049],[-103.364206,25.563099],[-103.364357,25.563333],[-103.364451,25.563283]]]}},{"type":"Feature","properties":{},"geometry":{"type":"Polygon","coordinates":[[[-103.364546,25.563233],[-103.364395,25.562999],[-103.364301,25.563049],[-103.364451,25.563283],[-103.364546,25.563233]]]}},{"type":"Feature","properties":{},"geometry":{"type":"Polygon","coordinates":[[[-103.36464,25.563183],[-103.36449,25.562949],[-103.364395,25.562999],[-103.364546,25.563233],[-103.36464,25.563183]]]}},{"type":"Feature","properties":{},"geometry":{"type":"Polygon","coordinates":[[[-103.364735,25.563133],[-103.364585,25.562899],[-103.36449,25.562949],[-103.36464,25.563183],[-103.364735,25.563133]]]}},{"type":"Feature","properties":{},"geometry":{"type":"Polygon","coordinates":[[[-103.36483,25.563083],[-103.364679,25.562849],[-103.364585,25.562899],[-103.364735,25.563133],[-103.36483,25.563083]]]}},{"type":"Feature","properties":{},"geometry":{"type":"Polygon","coordinates":[[[-103.364924,25.563033],[-103.364774,25.562799],[-103.364679,25.562849],[-103.36483,25.563083],[-103.364924,25.563033]]]}},{"type":"Feature","properties":{},"geometry":{"type":"Polygon","coordinates":[[[-103.365019,25.562983],[-103.364868,25.562749],[-103.364774,25.562799],[-103.364924,25.563033],[-103.365019,25.562983]]]}},{"type":"Feature","properties":{},"geometry":{"type":"Polygon","coordinates":[[[-103.365113,25.562933],[-103.364963,25.562699],[-103.364868,25.562749],[-103.365019,25.562983],[-103.365113,25.562933]]]}},{"type":"Feature","properties":{},"geometry":{"type":"Polygon","coordinates":[[[-103.365208,25.562883],[-103.365057,25.562649],[-103.364963,25.562699],[-103.365113,25.562933],[-103.365208,25.562883]]]}},{"type":"Feature","properties":{},"geometry":{"type":"Polygon","coordinates":[[[-103.365302,25.562833],[-103.365152,25.562599],[-103.365057,25.562649],[-103.365208,25.562883],[-103.365302,25.562833]]]}},{"type":"Feature","properties":{},"geometry":{"type":"Polygon","coordinates":[[[-103.365397,25.562783],[-103.365247,25.562549],[-103.365152,25.562599],[-103.365302,25.562833],[-103.365397,25.562783]]]}},{"type":"Feature","properties":{},"geometry":{"type":"Polygon","coordinates":[[[-103.365492,25.562733],[-103.365341,25.562499],[-103.365247,25.562549],[-103.365397,25.562783],[-103.365492,25.562733]]]}},{"type":"Feature","properties":{},"geometry":{"type":"Polygon","coordinates":[[[-103.365586,25.562683],[-103.365436,25.562449],[-103.365341,25.562499],[-103.365492,25.562733],[-103.365586,25.562683]]]}},{"type":"Feature","properties":{},"geometry":{"type":"Polygon","coordinates":[[[-103.365681,25.562633],[-103.36553,25.562399],[-103.365436,25.562449],[-103.365586,25.562683],[-103.365681,25.562633]]]}},{"type":"Feature","properties":{},"geometry":{"type":"Polygon","coordinates":[[[-103.365775,25.562583],[-103.365625,25.562349],[-103.36553,25.562399],[-103.365681,25.562633],[-103.365775,25.562583]]]}},{"type":"Feature","properties":{},"geometry":{"type":"Polygon","coordinates":[[[-103.365973,25.562478],[-103.365823,25.562244],[-103.365728,25.562294],[-103.365878,25.562528],[-103.365973,25.562478]]]}},{"type":"Feature","properties":{},"geometry":{"type":"Polygon","coordinates":[[[-103.366068,25.562428],[-103.365917,25.562194],[-103.365823,25.562244],[-103.365973,25.562478],[-103.366068,25.562428]]]}},{"type":"Feature","properties":{},"geometry":{"type":"Polygon","coordinates":[[[-103.366162,25.562378],[-103.366012,25.562144],[-103.365917,25.562194],[-103.366068,25.562428],[-103.366162,25.562378]]]}},{"type":"Feature","properties":{},"geometry":{"type":"Polygon","coordinates":[[[-103.366257,25.562328],[-103.366106,25.562094],[-103.366012,25.562144],[-103.366162,25.562378],[-103.366257,25.562328]]]}},{"type":"Feature","properties":{},"geometry":{"type":"Polygon","coordinates":[[[-103.366351,25.562278],[-103.366201,25.562044],[-103.366106,25.562094],[-103.366257,25.562328],[-103.366351,25.562278]]]}},{"type":"Feature","properties":{},"geometry":{"type":"Polygon","coordinates":[[[-103.366446,25.562228],[-103.366295,25.561994],[-103.366201,25.562044],[-103.366351,25.562278],[-103.366446,25.562228]]]}},{"type":"Feature","properties":{},"geometry":{"type":"Polygon","coordinates":[[[-103.36654,25.562178],[-103.36639,25.561944],[-103.366295,25.561994],[-103.366446,25.562228],[-103.36654,25.562178]]]}},{"type":"Feature","properties":{},"geometry":{"type":"Polygon","coordinates":[[[-103.366635,25.562128],[-103.366485,25.561894],[-103.36639,25.561944],[-103.36654,25.562178],[-103.366635,25.562128]]]}},{"type":"Feature","properties":{},"geometry":{"type":"Polygon","coordinates":[[[-103.36673,25.562078],[-103.366579,25.561844],[-103.366485,25.561894],[-103.366635,25.562128],[-103.36673,25.562078]]]}},{"type":"Feature","properties":{},"geometry":{"type":"Polygon","coordinates":[[[-103.366824,25.562028],[-103.366674,25.561794],[-103.366579,25.561844],[-103.36673,25.562078],[-103.366824,25.562028]]]}},{"type":"Feature","properties":{},"geometry":{"type":"Polygon","coordinates":[[[-103.366919,25.561978],[-103.366768,25.561744],[-103.366674,25.561794],[-103.366824,25.562028],[-103.366919,25.561978]]]}},{"type":"Feature","properties":{},"geometry":{"type":"Polygon","coordinates":[[[-103.367013,25.561928],[-103.366863,25.561694],[-103.366768,25.561744],[-103.366919,25.561978],[-103.367013,25.561928]]]}},{"type":"Feature","properties":{},"geometry":{"type":"Polygon","coordinates":[[[-103.367108,25.561878],[-103.366957,25.561644],[-103.366863,25.561694],[-103.367013,25.561928],[-103.367108,25.561878]]]}},{"type":"Feature","properties":{},"geometry":{"type":"Polygon","coordinates":[[[-103.367202,25.561828],[-103.367052,25.561594],[-103.366957,25.561644],[-103.367108,25.561878],[-103.367202,25.561828]]]}},{"type":"Feature","properties":{},"geometry":{"type":"Polygon","coordinates":[[[-103.367297,25.561778],[-103.367147,25.561544],[-103.367052,25.561594],[-103.367202,25.561828],[-103.367297,25.561778]]]}},{"type":"Feature","properties":{},"geometry":{"type":"Polygon","coordinates":[[[-103.367495,25.561673],[-103.367344,25.561439],[-103.36725,25.561489],[-103.3674,25.561723],[-103.367495,25.561673]]]}},{"type":"Feature","properties":{},"geometry":{"type":"Polygon","coordinates":[[[-103.367589,25.561623],[-103.367439,25.561389],[-103.367344,25.561439],[-103.367495,25.561673],[-103.367589,25.561623]]]}},{"type":"Feature","properties":{},"geometry":{"type":"Polygon","coordinates":[[[-103.367684,25.561573],[-103.367533,25.561339],[-103.367439,25.561389],[-103.367589,25.561623],[-103.367684,25.561573]]]}}]}