{"type":"FeatureCollection","features":[{"type":"Feature","properties":{},"geometry":{"type":"Polygon","coordinates":[[[-103.357969,25.564204],[-103.357834,25.563993],[-103.357734,25.564046],[-103.357869,25.564257],[-103.357969,25.564204]]]}},{"type":"Feature","properties":{},"geometry":{"type":"Polygon","coordinates":[[[-103.35807,25.564151],[-103.357934,25.56394],[-103.357834,25.563993],[-103.357969,25.564204],[-103.35807,25.564151]]]}},{"type":"Feature","properties":{},"geometry":{"type":"Polygon","coordinates":[[[-103.35817,25.564098],[-103.358035,25.563887],[-103.357934,25.56394],[-103.35807,25.564151],[-103.35817,25.564098]]]}},{"type":"Feature","properties":{},"geometry":{"type":"Polygon","coordinates":[[[-103.35827,25.564045],[-103.358135,25.563834],[-103.358035,25.563887],[-103.35817,25.564098],[-103.35827,25.564045]]]}},{"type":"Feature","properties":{},"geometry":{"type":"Polygon","coordinates":[[[-103.358371,25.563992],[-103.358235,25.563781],[-103.358135,25.563834],[-103.35827,25.564045],[-103.358371,25.563992]]]}},{"type":"Feature","properties":{},"geometry":{"type":"Polygon","coordinates":[[[-103.358471,25.563939],[-103.358335,25.563728],[-103.358235,25.563781],[-103.358371,25.563992],[-103.358471,25.563939]]]}},{"type":"Feature","properties":{},"geometry":{"type":"Polygon","coordinates":[[[-103.358571,25.563886],[-103.358436,25.563675],[-103.358335,25.563728],[-103.358471,25.563939],[-103.358571,25.563886]]]}},{"type":"Feature","properties":{},"geometry":{"type":"Polygon","coordinates":[[[-103.358775,25.563778],[-103.358639,25.563567],[-103.358539,25.563621],[-103.358674,25.563831],[-103.358775,25.563778]]]}},{"type":"Feature","properties":{},"geometry":{"type":"Polygon","coordinates":[[[-103.358875,25.563725],[-103.35874,25.563514],[-103.358639,25.563567],[-103.358775,25.563778],[-103.358875,25.563725]]]}},{"type":"Feature","properties":{},"geometry":{"type":"Polygon","coordinates":[[[-103.358975,25.563672],[-103.35884,25.563461],[-103.35874,25.563514],[-103.358875,25.563725],[-103.358975,25.563672]]]}},{"type":"Feature","properties":{},"geometry":{"type":"Polygon","coordinates":[[[-103.359076,25.563619],[-103.35894,25.563408],[-103.35884,25.563461],[-103.358975,25.563672],[-103.359076,25.563619]]]}},{"type":"Feature","properties":{},"geometry":{"type":"Polygon","coordinates":[[[-103.359176,25.563566],[-103.35904,25.563355],[-103.35894,25.563408],[-103.359076,25.563619],[-103.359176,25.563566]]]}},{"type":"Feature","properties":{},"geometry":{"type":"Polygon","coordinates":[[[-103.359276,25.563513],[-103.359141,25.563302],[-103.35904,25.563355],[-103.359176,25.563566],[-103.359276,25.563513]]]}},{"type":"Feature","properties":{},"geometry":{"type":"Polygon","coordinates":[[[-103.359376,25.56346],[-103.359241,25.563249],[-103.359141,25.563302],[-103.359276,25.563513],[-103.359376,25.56346]]]}},{"type":"Feature","properties":{},"geometry":{"type":"Polygon","coordinates":[[[-103.359477,25.563407],[-103.359341,25.563196],[-103.359241,25.563249],[-103.359376,25.56346],[-103.359477,25.563407]]]}},{"type":"Feature","properties":{},"geometry":{"type":"Polygon","coordinates":[[[-103.359577,25.563354],[-103.359442,25.563143],[-103.359341,25.563196],[-103.359477,25.563407],[-103.359577,25.563354]]]}},{"type":"Feature","properties":{},"geometry":{"type":"Polygon","coordinates":[[[-103.359677,25.563301],[-103.359542,25.56309],[-103.359442,25.563143],[-103.359577,25.563354],[-103.359677,25.563301]]]}},{"type":"Feature","properties":{},"geometry":{"type":"Polygon","coordinates":[[[-103.359778,25.563247],[-103.359642,25.563037],[-103.359542,25.56309],[-103.359677,25.563301],[-103.359778,25.563247]]]}},{"type":"Feature","properties":{},"geometry":{"type":"Polygon","coordinates":[[[-103.359878,25.563194],[-103.359743,25.562984],[-103.359642,25.563037],[-103.359778,25.563247],[-103.359878,25.563194]]]}},{"type":"Feature","properties":{},"geometry":{"type":"Polygon","coordinates":[[[-103.359978,25.563141],[-103.359843,25.562931],[-103.359743,25.562984],[-103.359878,25.563194],[-103.359978,25.563141]]]}},{"type":"Feature","properties":{},"geometry":{"type":"Polygon","coordinates":[[[-103.360079,25.563088],[-103.359943,25.562878],[-103.359843,25.562931],[-103.359978,25.563141],[-103.360079,25.563088]]]}},{"type":"Feature","properties":{},"geometry":{"type":"Polygon","coordinates":[[[-103.360179,25.563035],[-103.360043,25.562825],[-103.359943,25.562878],[-103.360079,25.563088],[-103.360179,25.563035]]]}},{"type":"Feature","properties":{},"geometry":{"type":"Polygon","coordinates":[[[-103.360382,25.562928],[-103.360247,25.562717],[-103.360147,25.56277],[-103.360282,25.562981],[-103.360382,25.562928]]]}},{"type":"Feature","properties":{},"geometry":{"type":"Polygon","coordinates":[[[-103.360483,25.562875],[-103.360347,25.562664],[-103.360247,25.562717],[-103.360382,25.562928],[-103.360483,25.562875]]]}},{"type":"Feature","properties":{},"geometry":{"type":"Polygon","coordinates":[[[-103.360583,25.562821],[-103.360448,25.562611],[-103.360347,25.562664],[-103.360483,25.562875],[-103.360583,25.562821]]]}},{"type":"Feature","properties":{},"geometry":{"type":"Polygon","coordinates":[[[-103.360683,25.562768],[-103.360548,25.562558],[-103.360448,25.562611],[-103.360583,25.562821],[-103.360683,25.562768]]]}},{"type":"Feature","properties":{},"geometry":{"type":"Polygon","coordinates":[[[-103.360784,25.562715],[-103.360648,25.562505],[-103.360548,25.562558],[-103.360683,25.562768],[-103.360784,25.562715]]]}},{"type":"Feature","properties":{},"geometry":{"type":"Polygon","coordinates":[[[-103.360884,25.562662],[-103.360748,25.562452],[-103.360648,25.562505],[-103.360784,25.562715],[-103.360884,25.562662]]]}},{"type":"Feature","properties":{},"geometry":{"type":"Polygon","coordinates":[[[-103.360984,25.562609],[-103.360849,25.562399],[-103.360748,25.562452],[-103.360884,25.562662],[-103.360984,25.562609]]]}},{"type":"Feature","properties":{},"geometry":{"type":"Polygon","coordinates":[[[-103.361084,25.562556],[-103.360949,25.562346],[-103.360849,25.562399],[-103.360984,25.562609],[-103.361084,25.562556]]]}},{"type":"Feature","properties":{},"geometry":{"type":"Polygon","coordinates":[[[-103.361185,25.562503],[-103.361049,25.562293],[-103.360949,25.562346],[-103.361084,25.562556],[-103.361185,25.562503]]]}},{"type":"Feature","properties":{},"geometry":{"type":"Polygon","coordinates":[[[-103.361285,25.56245],[-103.36115,25.56224],[-103.361049,25.562293],[-103.361185,25.562503],[-103.361285,25.56245]]]}},{"type":"Feature","properties":{},"geometry":{"type":"Polygon","coordinates":[[[-103.361385,25.562397],[-103.36125,25.562186],[-103.36115,25.56224],[-103.361285,25.56245],[-103.361385,25.562397]]]}},{"type":"Feature","properties":{},"geometry":{"type":"Polygon","coordinates":[[[-103.361486,25.562344],[-103.36135,25.562133],[-103.36125,25.562186],[-103.361385,25.562397],[-103.361486,25.562344]]]}},{"type":"Feature","properties":{},"geometry":{"type":"Polygon","coordinates":[[[-103.361586,25.562291],[-103.361451,25.56208],[-103.36135,25.562133],[-103.361486,25.562344],[-103.361586,25.562291]]]}},{"type":"Feature","properties":{},"geometry":{"type":"Polygon","coordinates":[[[-103.361686,25.562238],[-103.361551,25.562027],[-103.361451,25.56208],[-103.361586,25.562291],[-103.361686,25.562238]]]}},{"type":"Feature","properties":{},"geometry":{"type":"Polygon","coordinates":[[[-103.361787,25.562185],[-103.361651,25.561974],[-103.361551,25.562027],[-103.361686,25.562238],[-103.361787,25.562185]]]}},{"type":"Feature","properties":{},"geometry":{"type":"Polygon","coordinates":[[[-103.36199,25.562077],[-103.361855,25.561867],[-103.361754,25.56192],[-103.36189,25.56213],[-103.36199,25.562077]]]}},{"type":"Feature","properties":{},"geometry":{"type":"Polygon","coordinates":[[[-103.36209,25.562024],[-103.361955,25.561814],[-103.361855,25.561867],[-103.36199,25.562077],[-103.36209,25.562024]]]}},{"type":"Feature","properties":{},"geometry":{"type":"Polygon","coordinates":[[[-103.362191,25.561971],[-103.362055,25.561761],[-103.361955,25.561814],[-103.36209,25.562024],[-103.362191,25.561971]]]}},{"type":"Feature","properties":{},"geometry":{"type":"Polygon","coordinates":[[[-103.362291,25.561918],[-103.362156,25.561707],[-103.362055,25.561761],[-103.362191,25.561971],[-103.362291,25.561918]]]}},{"type":"Feature","properties":{},"geometry":{"type":"Polygon","coordinates":[[[-103.363394,25.561334],[-103.363259,25.561124],[-103.363158,25.561177],[-103.363294,25.561387],[-103.363394,25.561334]]]}},{"type":"Feature","properties":{},"geometry":{"type":"Polygon","coordinates":[[[-103.363598,25.561227],[-103.363462,25.561016],[-103.363362,25.561069],[-103.363497,25.56128],[-103.363598,25.561227]]]}},{"type":"Feature","properties":{},"geometry":{"type":"Polygon","coordinates":[[[-103.363698,25.561174],[-103.363563,25.560963],[-103.363462,25.561016],[-103.363598,25.561227],[-103.363698,25.561174]]]}},{"type":"Feature","properties":{},"geometry":{"type":"Polygon","coordinates":[[[-103.363798,25.561121],[-103.363663,25.56091],[-103.363563,25.560963],[-103.363698,25.561174],[-103.363798,25.561121]]]}},{"type":"Feature","properties":{},"geometry":{"type":"Polygon","coordinates":[[[-103.363899,25.561068],[-103.363763,25.560857],[-103.363663,25.56091],[-103.363798,25.561121],[-103.363899,25.561068]]]}},{"type":"Feature","properties":{},"geometry":{"type":"Polygon","coordinates":[[[-103.363999,25.561015],[-103.363863,25.560804],[-103.363763,25.560857],[-103.363899,25.561068],[-103.363999,25.561015]]]}},{"type":"Feature","properties":{},"geometry":{"type":"Polygon","coordinates":[[[-103.364099,25.560961],[-103.363964,25.560751],[-103.363863,25.560804],[-103.363999,25.561015],[-103.364099,25.560961]]]}},{"type":"Feature","properties":{},"geometry":{"type":"Polygon","coordinates":[[[-103.364199,25.560908],[-103.364064,25.560698],[-103.363964,25.560751],[-103.364099,25.560961],[-103.364199,25.560908]]]}},{"type":"Feature","properties":{},"geometry":{"type":"Polygon","coordinates":[[[-103.3643,25.560855],[-103.364164,25.560645],[-103.364064,25.560698],[-103.364199,25.560908],[-103.3643,25.560855]]]}},{"type":"Feature","properties":{},"geometry":{"type":"Polygon","coordinates":[[[-103.3644,25.560802],[-103.364265,25.560592],[-103.364164,25.560645],[-103.3643,25.560855],[-103.3644,25.560802]]]}},{"type":"Feature","properties":{},"geometry":{"type":"Polygon","coordinates":[[[-103.3645,25.560749],[-103.364365,25.560539],[-103.364265,25.560592],[-103.3644,25.560802],[-103.3645,25.560749]]]}},{"type":"Feature","properties":{},"geometry":{"type":"Polygon","coordinates":[[[-103.364601,25.560696],[-103.364465,25.560486],[-103.364365,25.560539],[-103.3645,25.560749],[-103.364601,25.560696]]]}},{"type":"Feature","properties":{},"geometry":{"type":"Polygon","coordinates":[[[-103.364701,25.560643],[-103.364566,25.560433],[-103.364465,25.560486],[-103.364601,25.560696],[-103.364701,25.560643]]]}},{"type":"Feature","properties":{},"geometry":{"type":"Polygon","coordinates":[[[-103.364801,25.56059],[-103.364666,25.560379],[-103.364566,25.560433],[-103.364701,25.560643],[-103.364801,25.56059]]]}},{"type":"Feature","properties":{},"geometry":{"type":"Polygon","coordinates":[[[-103.364902,25.560537],[-103.364766,25.560326],[-103.364666,25.560379],[-103.364801,25.56059],[-103.364902,25.560537]]]}},{"type":"Feature","properties":{},"geometry":{"type":"Polygon","coordinates":[[[-103.365002,25.560484],[-103.364866,25.560273],[-103.364766,25.560326],[-103.364902,25.560537],[-103.365002,25.560484]]]}},{"type":"Feature","properties":{},"geometry":{"type":"Polygon","coordinates":[[[-103.366108,25.559899],[-103.365973,25.559688],[-103.365872,25.559741],[-103.366008,25.559952],[-103.366108,25.559899]]]}},{"type":"Feature","properties":{},"geometry":{"type":"Polygon","coordinates":[[[-103.366208,25.559846],[-103.366073,25.559635],[-103.365973,25.559688],[-103.366108,25.559899],[-103.366208,25.559846]]]}},{"type":"Feature","properties":{},"geometry":{"type":"Polygon","coordinates":[[[-103.366309,25.559793],[-103.366173,25.559582],[-103.366073,25.559635],[-103.366208,25.559846],[-103.366309,25.559793]]]}},{"type":"Feature","properties":{},"geometry":{"type":"Polygon","coordinates":[[[-103.366409,25.55974],[-103.366273,25.559529],[-103.366173,25.559582],[-103.366309,25.559793],[-103.366409,25.55974]]]}},{"type":"Feature","properties":{},"geometry":{"type":"Polygon","coordinates":[[[-103.366509,25.559687],[-103.366374,25.559476],[-103.366273,25.559529],[-103.366409,25.55974],[-103.366509,25.559687]]]}},{"type":"Feature","properties":{},"geometry":{"type":"Polygon","coordinates":[[[-103.366609,25.559633],[-103.366474,25.559423],[-103.366374,25.559476],[-103.366509,25.559687],[-103.366609,25.559633]]]}},{"type":"Feature","properties":{},"geometry":{"type":"Polygon","coordinates":[[[-103.366813,25.559526],[-103.366678,25.559315],[-103.366577,25.559368],[-103.366713,25.559579],[-103.366813,25.559526]]]}},{"type":"Feature","properties":{},"geometry":{"type":"Polygon","coordinates":[[[-103.366913,25.559473],[-103.366778,25.559262],[-103.366678,25.559315],[-103.366813,25.559526],[-103.366913,25.559473]]]}},{"type":"Feature","properties":{},"geometry":{"type":"Polygon","coordinates":[[[-103.367013,25.55942],[-103.366878,25.559209],[-103.366778,25.559262],[-103.366913,25.559473],[-103.367013,25.55942]]]}},{"type":"Feature","properties":{},"geometry":{"type":"Polygon","coordinates":[[[-103.367114,25.559367],[-103.366978,25.559156],[-103.366878,25.559209],[-103.367013,25.55942],[-103.367114,25.559367]]]}},{"type":"Feature","properties":{},"geometry":{"type":"Polygon","coordinates":[[[-103.367214,25.559314],[-103.367079,25.559103],[-103.366978,25.559156],[-103.367114,25.559367],[-103.367214,25.559314]]]}},{"type":"Feature","properties":{},"geometry":{"type":"Polygon","coordinates":[[[-103.367314,25.559261],[-103.367179,25.55905],[-103.367079,25.559103],[-103.367214,25.559314],[-103.367314,25.559261]]]}},{"type":"Feature","properties":{},"geometry":{"type":"Polygon","coordinates":[[[-103.367415,25.559207],[-103.367279,25.558997],[-103.367179,25.55905],[-103.367314,25.559261],[-103.367415,25.559207]]]}},{"type":"Feature","properties":{},"geometry":{"type":"Polygon","coordinates":[[[-103.367515,25.559154],[-103.36738,25.558944],[-103.367279,25.558997],[-103.367415,25.559207],[-103.367515,25.559154]]]}},{"type":"Feature","properties":{},"geometry":{"type":"Polygon","coordinates":[[[-103.367615,25.559101],[-103.36748,25.558891],[-103.36738,25.558944],[-103.367515,25.559154],[-103.367615,25.559101]]]}},{"type":"Feature","properties":{},"geometry":{"type":"Polygon","coordinates":[[[-103.367716,25.559048],[-103.36758,25.558838],[-103.36748,25.558891],[-103.367615,25.559101],[-103.367716,25.559048]]]}},{"type":"Feature","properties":{},"geometry":{"type":"Polygon","coordinates":[[[-103.367816,25.558995],[-103.36768,25.558785],[-103.36758,25.558838],[-103.367716,25.559048],[-103.367816,25.558995]]]}},{"type":"Feature","properties":{},"geometry":{"type":"Polygon","coordinates":[[[-103.367916,25.558942],[-103.367781,25.558732],[-103.36768,25.558785],[-103.367816,25.558995],[-103.367916,25.558942]]]}},{"type":"Feature","properties":{},"geometry":{"type":"Polygon","coordinates":[[[-103.368016,25.558889],[-103.367881,25.558679],[-103.367781,25.558732],[-103.367916,25.558942],[-103.368016,25.558889]]]}},{"type":"Feature","properties":{},"geometry":{"type":"Polygon","coordinates":[[[-103.368117,25.558836],[-103.367981,25.558625],[-103.367881,25.558679],[-103.368016,25.558889],[-103.368117,25.558836]]]}},{"type":"Feature","properties":{},"geometry":{"type":"Polygon","coordinates":[[[-103.368217,25.558783],[-103.368082,25.558572],[-103.367981,25.558625],[-103.368117,25.558836],[-103.368217,25.558783]]]}},{"type":"Feature","properties":{},"geometry":{"type":"Polygon","coordinates":[[[-103.358035,25.563887],[-103.357899,25.563677],[-103.357799,25.56373],[-103.357934,25.56394],[-103.358035,25.563887]]]}},{"type":"Feature","properties":{},"geometry":{"type":"Polygon","coordinates":[[[-103.358135,25.563834],[-103.357999,25.563624],[-103.357899,25.563677],[-103.358035,25.563887],[-103.358135,25.563834]]]}},{"type":"Feature","properties":{},"geometry":{"type":"Polygon","coordinates":[[[-103.358235,25.563781],[-103.3581,25.563571],[-103.357999,25.563624],[-103.358135,25.563834],[-103.358235,25.563781]]]}},{"type":"Feature","properties":{},"geometry":{"type":"Polygon","coordinates":[[[-103.358335,25.563728],[-103.3582,25.563518],[-103.3581,25.563571],[-103.358235,25.563781],[-103.358335,25.563728]]]}},{"type":"Feature","properties":{},"geometry":{"type":"Polygon","coordinates":[[[-103.358436,25.563675],[-103.3583,25.563465],[-103.3582,25.563518],[-103.358335,25.563728],[-103.358436,25.563675]]]}},{"type":"Feature","properties":{},"geometry":{"type":"Polygon","coordinates":[[[-103.358639,25.563567],[-103.358504,25.563357],[-103.358404,25.56341],[-103.358539,25.563621],[-103.358639,25.563567]]]}},{"type":"Feature","properties":{},"geometry":{"type":"Polygon","coordinates":[[[-103.35874,25.563514],[-103.358604,25.563304],[-103.358504,25.563357],[-103.358639,25.563567],[-103.35874,25.563514]]]}},{"type":"Feature","properties":{},"geometry":{"type":"Polygon","coordinates":[[[-103.35884,25.563461],[-103.358704,25.563251],[-103.358604,25.563304],[-103.35874,25.563514],[-103.35884,25.563461]]]}},{"type":"Feature","properties":{},"geometry":{"type":"Polygon","coordinates":[[[-103.35894,25.563408],[-103.358805,25.563198],[-103.358704,25.563251],[-103.35884,25.563461],[-103.35894,25.563408]]]}},{"type":"Feature","properties":{},"geometry":{"type":"Polygon","coordinates":[[[-103.35904,25.563355],[-103.358905,25.563145],[-103.358805,25.563198],[-103.35894,25.563408],[-103.35904,25.563355]]]}},{"type":"Feature","properties":{},"geometry":{"type":"Polygon","coordinates":[[[-103.359141,25.563302],[-103.359005,25.563092],[-103.358905,25.563145],[-103.35904,25.563355],[-103.359141,25.563302]]]}},{"type":"Feature","properties":{},"geometry":{"type":"Polygon","coordinates":[[[-103.359241,25.563249],[-103.359106,25.563039],[-103.359005,25.563092],[-103.359141,25.563302],[-103.359241,25.563249]]]}},{"type":"Feature","properties":{},"geometry":{"type":"Polygon","coordinates":[[[-103.359341,25.563196],[-103.359206,25.562986],[-103.359106,25.563039],[-103.359241,25.563249],[-103.359341,25.563196]]]}},{"type":"Feature","properties":{},"geometry":{"type":"Polygon","coordinates":[[[-103.359442,25.563143],[-103.359306,25.562932],[-103.359206,25.562986],[-103.359341,25.563196],[-103.359442,25.563143]]]}},{"type":"Feature","properties":{},"geometry":{"type":"Polygon","coordinates":[[[-103.359542,25.56309],[-103.359407,25.562879],[-103.359306,25.562932],[-103.359442,25.563143],[-103.359542,25.56309]]]}},{"type":"Feature","properties":{},"geometry":{"type":"Polygon","coordinates":[[[-103.359642,25.563037],[-103.359507,25.562826],[-103.359407,25.562879],[-103.359542,25.56309],[-103.359642,25.563037]]]}},{"type":"Feature","properties":{},"geometry":{"type":"Polygon","coordinates":[[[-103.359743,25.562984],[-103.359607,25.562773],[-103.359507,25.562826],[-103.359642,25.563037],[-103.359743,25.562984]]]}},{"type":"Feature","properties":{},"geometry":{"type":"Polygon","coordinates":[[[-103.359843,25.562931],[-103.359707,25.56272],[-103.359607,25.562773],[-103.359743,25.562984],[-103.359843,25.562931]]]}},{"type":"Feature","properties":{},"geometry":{"type":"Polygon","coordinates":[[[-103.359943,25.562878],[-103.359808,25.562667],[-103.359707,25.56272],[-103.359843,25.562931],[-103.359943,25.562878]]]}},{"type":"Feature","properties":{},"geometry":{"type":"Polygon","coordinates":[[[-103.360043,25.562825],[-103.359908,25.562614],[-103.359808,25.562667],[-103.359943,25.562878],[-103.360043,25.562825]]]}},{"type":"Feature","properties":{},"geometry":{"type":"Polygon","coordinates":[[[-103.360247,25.562717],[-103.360112,25.562507],[-103.360011,25.56256],[-103.360147,25.56277],[-103.360247,25.562717]]]}},{"type":"Feature","properties":{},"geometry":{"type":"Polygon","coordinates":[[[-103.360347,25.562664],[-103.360212,25.562453],[-103.360112,25.562507],[-103.360247,25.562717],[-103.360347,25.562664]]]}},{"type":"Feature","properties":{},"geometry":{"type":"Polygon","coordinates":[[[-103.360448,25.562611],[-103.360312,25.5624],[-103.360212,25.562453],[-103.360347,25.562664],[-103.360448,25.562611]]]}},{"type":"Feature","properties":{},"geometry":{"type":"Polygon","coordinates":[[[-103.360548,25.562558],[-103.360412,25.562347],[-103.360312,25.5624],[-103.360448,25.562611],[-103.360548,25.562558]]]}},{"type":"Feature","properties":{},"geometry":{"type":"Polygon","coordinates":[[[-103.360648,25.562505],[-103.360513,25.562294],[-103.360412,25.562347],[-103.360548,25.562558],[-103.360648,25.562505]]]}},{"type":"Feature","properties":{},"geometry":{"type":"Polygon","coordinates":[[[-103.360748,25.562452],[-103.360613,25.562241],[-103.360513,25.562294],[-103.360648,25.562505],[-103.360748,25.562452]]]}},{"type":"Feature","properties":{},"geometry":{"type":"Polygon","coordinates":[[[-103.360849,25.562399],[-103.360713,25.562188],[-103.360613,25.562241],[-103.360748,25.562452],[-103.360849,25.562399]]]}},{"type":"Feature","properties":{},"geometry":{"type":"Polygon","coordinates":[[[-103.360949,25.562346],[-103.360814,25.562135],[-103.360713,25.562188],[-103.360849,25.562399],[-103.360949,25.562346]]]}},{"type":"Feature","properties":{},"geometry":{"type":"Polygon","coordinates":[[[-103.361049,25.562293],[-103.360914,25.562082],[-103.360814,25.562135],[-103.360949,25.562346],[-103.361049,25.562293]]]}},{"type":"Feature","properties":{},"geometry":{"type":"Polygon","coordinates":[[[-103.36115,25.56224],[-103.361014,25.562029],[-103.360914,25.562082],[-103.361049,25.562293],[-103.36115,25.56224]]]}},{"type":"Feature","properties":{},"geometry":{"type":"Polygon","coordinates":[[[-103.36125,25.562186],[-103.361115,25.561976],[-103.361014,25.562029],[-103.36115,25.56224],[-103.36125,25.562186]]]}},{"type":"Feature","properties":{},"geometry":{"type":"Polygon","coordinates":[[[-103.36135,25.562133],[-103.361215,25.561923],[-103.361115,25.561976],[-103.36125,25.562186],[-103.36135,25.562133]]]}},{"type":"Feature","properties":{},"geometry":{"type":"Polygon","coordinates":[[[-103.361451,25.56208],[-103.361315,25.56187],[-103.361215,25.561923],[-103.36135,25.562133],[-103.361451,25.56208]]]}},{"type":"Feature","properties":{},"geometry":{"type":"Polygon","coordinates":[[[-103.361551,25.562027],[-103.361415,25.561817],[-103.361315,25.56187],[-103.361451,25.56208],[-103.361551,25.562027]]]}},{"type":"Feature","properties":{},"geometry":{"type":"Polygon","coordinates":[[[-103.361651,25.561974],[-103.361516,25.561764],[-103.361415,25.561817],[-103.361551,25.562027],[-103.361651,25.561974]]]}},{"type":"Feature","properties":{},"geometry":{"type":"Polygon","coordinates":[[[-103.361855,25.561867],[-103.361719,25.561656],[-103.361619,25.561709],[-103.361754,25.56192],[-103.361855,25.561867]]]}},{"type":"Feature","properties":{},"geometry":{"type":"Polygon","coordinates":[[[-103.361955,25.561814],[-103.36182,25.561603],[-103.361719,25.561656],[-103.361855,25.561867],[-103.361955,25.561814]]]}},{"type":"Feature","properties":{},"geometry":{"type":"Polygon","coordinates":[[[-103.362055,25.561761],[-103.36192,25.56155],[-103.36182,25.561603],[-103.361955,25.561814],[-103.362055,25.561761]]]}},{"type":"Feature","properties":{},"geometry":{"type":"Polygon","coordinates":[[[-103.362156,25.561707],[-103.36202,25.561497],[-103.36192,25.56155],[-103.362055,25.561761],[-103.362156,25.561707]]]}},{"type":"Feature","properties":{},"geometry":{"type":"Polygon","coordinates":[[[-103.363259,25.561124],[-103.363123,25.560913],[-103.363023,25.560966],[-103.363158,25.561177],[-103.363259,25.561124]]]}},{"type":"Feature","properties":{},"geometry":{"type":"Polygon","coordinates":[[[-103.363462,25.561016],[-103.363327,25.560806],[-103.363227,25.560859],[-103.363362,25.561069],[-103.363462,25.561016]]]}},{"type":"Feature","properties":{},"geometry":{"type":"Polygon","coordinates":[[[-103.363563,25.560963],[-103.363427,25.560753],[-103.363327,25.560806],[-103.363462,25.561016],[-103.363563,25.560963]]]}},{"type":"Feature","properties":{},"geometry":{"type":"Polygon","coordinates":[[[-103.363663,25.56091],[-103.363527,25.5607],[-103.363427,25.560753],[-103.363563,25.560963],[-103.363663,25.56091]]]}},{"type":"Feature","properties":{},"geometry":{"type":"Polygon","coordinates":[[[-103.363763,25.560857],[-103.363628,25.560646],[-103.363527,25.5607],[-103.363663,25.56091],[-103.363763,25.560857]]]}},{"type":"Feature","properties":{},"geometry":{"type":"Polygon","coordinates":[[[-103.363863,25.560804],[-103.363728,25.560593],[-103.363628,25.560646],[-103.363763,25.560857],[-103.363863,25.560804]]]}},{"type":"Feature","properties":{},"geometry":{"type":"Polygon","coordinates":[[[-103.363964,25.560751],[-103.363828,25.56054],[-103.363728,25.560593],[-103.363863,25.560804],[-103.363964,25.560751]]]}},{"type":"Feature","properties":{},"geometry":{"type":"Polygon","coordinates":[[[-103.364064,25.560698],[-103.363929,25.560487],[-103.363828,25.56054],[-103.363964,25.560751],[-103.364064,25.560698]]]}},{"type":"Feature","properties":{},"geometry":{"type":"Polygon","coordinates":[[[-103.364164,25.560645],[-103.364029,25.560434],[-103.363929,25.560487],[-103.364064,25.560698],[-103.364164,25.560645]]]}},{"type":"Feature","properties":{},"geometry":{"type":"Polygon","coordinates":[[[-103.364265,25.560592],[-103.364129,25.560381],[-103.364029,25.560434],[-103.364164,25.560645],[-103.364265,25.560592]]]}},{"type":"Feature","properties":{},"geometry":{"type":"Polygon","coordinates":[[[-103.364365,25.560539],[-103.36423,25.560328],[-103.364129,25.560381],[-103.364265,25.560592],[-103.364365,25.560539]]]}},{"type":"Feature","properties":{},"geometry":{"type":"Polygon","coordinates":[[[-103.364465,25.560486],[-103.36433,25.560275],[-103.36423,25.560328],[-103.364365,25.560539],[-103.364465,25.560486]]]}},{"type":"Feature","properties":{},"geometry":{"type":"Polygon","coordinates":[[[-103.364566,25.560433],[-103.36443,25.560222],[-103.36433,25.560275],[-103.364465,25.560486],[-103.364566,25.560433]]]}},{"type":"Feature","properties":{},"geometry":{"type":"Polygon","coordinates":[[[-103.364666,25.560379],[-103.36453,25.560169],[-103.36443,25.560222],[-103.364566,25.560433],[-103.364666,25.560379]]]}},{"type":"Feature","properties":{},"geometry":{"type":"Polygon","coordinates":[[[-103.364766,25.560326],[-103.364631,25.560116],[-103.36453,25.560169],[-103.364666,25.560379],[-103.364766,25.560326]]]}},{"type":"Feature","properties":{},"geometry":{"type":"Polygon","coordinates":[[[-103.364866,25.560273],[-103.364731,25.560063],[-103.364631,25.560116],[-103.364766,25.560326],[-103.364866,25.560273]]]}},{"type":"Feature","properties":{},"geometry":{"type":"Polygon","coordinates":[[[-103.365973,25.559688],[-103.365837,25.559478],[-103.365737,25.559531],[-103.365872,25.559741],[-103.365973,25.559688]]]}},{"type":"Feature","properties":{},"geometry":{"type":"Polygon","coordinates":[[[-103.366073,25.559635],[-103.365937,25.559425],[-103.365837,25.559478],[-103.365973,25.559688],[-103.366073,25.559635]]]}},{"type":"Feature","properties":{},"geometry":{"type":"Polygon","coordinates":[[[-103.366173,25.559582],[-103.366038,25.559372],[-103.365937,25.559425],[-103.366073,25.559635],[-103.366173,25.559582]]]}},{"type":"Feature","properties":{},"geometry":{"type":"Polygon","coordinates":[[[-103.366273,25.559529],[-103.366138,25.559318],[-103.366038,25.559372],[-103.366173,25.559582],[-103.366273,25.559529]]]}},{"type":"Feature","properties":{},"geometry":{"type":"Polygon","coordinates":[[[-103.366374,25.559476],[-103.366238,25.559265],[-103.366138,25.559318],[-103.366273,25.559529],[-103.366374,25.559476]]]}},{"type":"Feature","properties":{},"geometry":{"type":"Polygon","coordinates":[[[-103.366474,25.559423],[-103.366339,25.559212],[-103.366238,25.559265],[-103.366374,25.559476],[-103.366474,25.559423]]]}},{"type":"Feature","properties":{},"geometry":{"type":"Polygon","coordinates":[[[-103.366678,25.559315],[-103.366542,25.559105],[-103.366442,25.559158],[-103.366577,25.559368],[-103.366678,25.559315]]]}},{"type":"Feature","properties":{},"geometry":{"type":"Polygon","coordinates":[[[-103.366778,25.559262],[-103.366642,25.559052],[-103.366542,25.559105],[-103.366678,25.559315],[-103.366778,25.559262]]]}},{"type":"Feature","properties":{},"geometry":{"type":"Polygon","coordinates":[[[-103.366878,25.559209],[-103.366743,25.558999],[-103.366642,25.559052],[-103.366778,25.559262],[-103.366878,25.559209]]]}},{"type":"Feature","properties":{},"geometry":{"type":"Polygon","coordinates":[[[-103.366978,25.559156],[-103.366843,25.558946],[-103.366743,25.558999],[-103.366878,25.559209],[-103.366978,25.559156]]]}},{"type":"Feature","properties":{},"geometry":{"type":"Polygon","coordinates":[[[-103.367079,25.559103],[-103.366943,25.558892],[-103.366843,25.558946],[-103.366978,25.559156],[-103.367079,25.559103]]]}},{"type":"Feature","properties":{},"geometry":{"type":"Polygon","coordinates":[[[-103.367179,25.55905],[-103.367044,25.558839],[-103.366943,25.558892],[-103.367079,25.559103],[-103.367179,25.55905]]]}},{"type":"Feature","properties":{},"geometry":{"type":"Polygon","coordinates":[[[-103.367279,25.558997],[-103.367144,25.558786],[-103.367044,25.558839],[-103.367179,25.55905],[-103.367279,25.558997]]]}},{"type":"Feature","properties":{},"geometry":{"type":"Polygon","coordinates":[[[-103.36738,25.558944],[-103.367244,25.558733],[-103.367144,25.558786],[-103.367279,25.558997],[-103.36738,25.558944]]]}},{"type":"Feature","properties":{},"geometry":{"type":"Polygon","coordinates":[[[-103.36748,25.558891],[-103.367344,25.55868],[-103.367244,25.558733],[-103.36738,25.558944],[-103.36748,25.558891]]]}},{"type":"Feature","properties":{},"geometry":{"type":"Polygon","coordinates":[[[-103.36758,25.558838],[-103.367445,25.558627],[-103.367344,25.55868],[-103.36748,25.558891],[-103.36758,25.558838]]]}},{"type":"Feature","properties":{},"geometry":{"type":"Polygon","coordinates":[[[-103.36768,25.558785],[-103.367545,25.558574],[-103.367445,25.558627],[-103.36758,25.558838],[-103.36768,25.558785]]]}},{"type":"Feature","properties":{},"geometry":{"type":"Polygon","coordinates":[[[-103.367781,25.558732],[-103.367645,25.558521],[-103.367545,25.558574],[-103.36768,25.558785],[-103.367781,25.558732]]]}},{"type":"Feature","properties":{},"geometry":{"type":"Polygon","coordinates":[[[-103.367881,25.558679],[-103.367746,25.558468],[-103.367645,25.558521],[-103.367781,25.558732],[-103.367881,25.558679]]]}},{"type":"Feature","properties":{},"geometry":{"type":"Polygon","coordinates":[[[-103.35804,25.563477],[-103.357904,25.563267],[-103.357804,25.56332],[-103.357939,25.56353],[-103.35804,25.563477]]]}},{"type":"Feature","properties":{},"geometry":{"type":"Polygon","coordinates":[[[-103.35814,25.563424],[-103.358005,25.563213],[-103.357904,25.563267],[-103.35804,25.563477],[-103.35814,25.563424]]]}},{"type":"Feature","properties":{},"geometry":{"type":"Polygon","coordinates":[[[-103.35824,25.563371],[-103.358105,25.56316],[-103.358005,25.563213],[-103.35814,25.563424],[-103.35824,25.563371]]]}},{"type":"Feature","properties":{},"geometry":{"type":"Polygon","coordinates":[[[-103.358444,25.563263],[-103.358308,25.563053],[-103.358208,25.563106],[-103.358343,25.563316],[-103.358444,25.563263]]]}},{"type":"Feature","properties":{},"geometry":{"type":"Polygon","coordinates":[[[-103.358544,25.56321],[-103.358409,25.563],[-103.358308,25.563053],[-103.358444,25.563263],[-103.358544,25.56321]]]}},{"type":"Feature","properties":{},"geometry":{"type":"Polygon","coordinates":[[[-103.358644,25.563157],[-103.358509,25.562947],[-103.358409,25.563],[-103.358544,25.56321],[-103.358644,25.563157]]]}},{"type":"Feature","properties":{},"geometry":{"type":"Polygon","coordinates":[[[-103.358745,25.563104],[-103.358609,25.562894],[-103.358509,25.562947],[-103.358644,25.563157],[-103.358745,25.563104]]]}},{"type":"Feature","properties":{},"geometry":{"type":"Polygon","coordinates":[[[-103.358845,25.563051],[-103.35871,25.562841],[-103.358609,25.562894],[-103.358745,25.563104],[-103.358845,25.563051]]]}},{"type":"Feature","properties":{},"geometry":{"type":"Polygon","coordinates":[[[-103.358945,25.562998],[-103.35881,25.562787],[-103.35871,25.562841],[-103.358845,25.563051],[-103.358945,25.562998]]]}},{"type":"Feature","properties":{},"geometry":{"type":"Polygon","coordinates":[[[-103.359046,25.562945],[-103.35891,25.562734],[-103.35881,25.562787],[-103.358945,25.562998],[-103.359046,25.562945]]]}},{"type":"Feature","properties":{},"geometry":{"type":"Polygon","coordinates":[[[-103.359146,25.562892],[-103.35901,25.562681],[-103.35891,25.562734],[-103.359046,25.562945],[-103.359146,25.562892]]]}},{"type":"Feature","properties":{},"geometry":{"type":"Polygon","coordinates":[[[-103.359246,25.562839],[-103.359111,25.562628],[-103.35901,25.562681],[-103.359146,25.562892],[-103.359246,25.562839]]]}},{"type":"Feature","properties":{},"geometry":{"type":"Polygon","coordinates":[[[-103.359346,25.562786],[-103.359211,25.562575],[-103.359111,25.562628],[-103.359246,25.562839],[-103.359346,25.562786]]]}},{"type":"Feature","properties":{},"geometry":{"type":"Polygon","coordinates":[[[-103.359447,25.562733],[-103.359311,25.562522],[-103.359211,25.562575],[-103.359346,25.562786],[-103.359447,25.562733]]]}},{"type":"Feature","properties":{},"geometry":{"type":"Polygon","coordinates":[[[-103.359547,25.56268],[-103.359412,25.562469],[-103.359311,25.562522],[-103.359447,25.562733],[-103.359547,25.56268]]]}},{"type":"Feature","properties":{},"geometry":{"type":"Polygon","coordinates":[[[-103.359647,25.562627],[-103.359512,25.562416],[-103.359412,25.562469],[-103.359547,25.56268],[-103.359647,25.562627]]]}},{"type":"Feature","properties":{},"geometry":{"type":"Polygon","coordinates":[[[-103.359748,25.562574],[-103.359612,25.562363],[-103.359512,25.562416],[-103.359647,25.562627],[-103.359748,25.562574]]]}},{"type":"Feature","properties":{},"geometry":{"type":"Polygon","coordinates":[[[-103.359848,25.562521],[-103.359713,25.56231],[-103.359612,25.562363],[-103.359748,25.562574],[-103.359848,25.562521]]]}},{"type":"Feature","properties":{},"geometry":{"type":"Polygon","coordinates":[[[-103.360051,25.562413],[-103.359916,25.562202],[-103.359816,25.562255],[-103.359951,25.562466],[-103.360051,25.562413]]]}},{"type":"Feature","properties":{},"geometry":{"type":"Polygon","coordinates":[[[-103.360152,25.56236],[-103.360016,25.562149],[-103.359916,25.562202],[-103.360051,25.562413],[-103.360152,25.56236]]]}},{"type":"Feature","properties":{},"geometry":{"type":"Polygon","coordinates":[[[-103.360252,25.562307],[-103.360117,25.562096],[-103.360016,25.562149],[-103.360152,25.56236],[-103.360252,25.562307]]]}},{"type":"Feature","properties":{},"geometry":{"type":"Polygon","coordinates":[[[-103.360352,25.562254],[-103.360217,25.562043],[-103.360117,25.562096],[-103.360252,25.562307],[-103.360352,25.562254]]]}},{"type":"Feature","properties":{},"geometry":{"type":"Polygon","coordinates":[[[-103.360453,25.562201],[-103.360317,25.56199],[-103.360217,25.562043],[-103.360352,25.562254],[-103.360453,25.562201]]]}},{"type":"Feature","properties":{},"geometry":{"type":"Polygon","coordinates":[[[-103.360553,25.562148],[-103.360418,25.561937],[-103.360317,25.56199],[-103.360453,25.562201],[-103.360553,25.562148]]]}},{"type":"Feature","properties":{},"geometry":{"type":"Polygon","coordinates":[[[-103.360653,25.562095],[-103.360518,25.561884],[-103.360418,25.561937],[-103.360553,25.562148],[-103.360653,25.562095]]]}},{"type":"Feature","properties":{},"geometry":{"type":"Polygon","coordinates":[[[-103.360754,25.562042],[-103.360618,25.561831],[-103.360518,25.561884],[-103.360653,25.562095],[-103.360754,25.562042]]]}},{"type":"Feature","properties":{},"geometry":{"type":"Polygon","coordinates":[[[-103.360854,25.561988],[-103.360718,25.561778],[-103.360618,25.561831],[-103.360754,25.562042],[-103.360854,25.561988]]]}},{"type":"Feature","properties":{},"geometry":{"type":"Polygon","coordinates":[[[-103.360954,25.561935],[-103.360819,25.561725],[-103.360718,25.561778],[-103.360854,25.561988],[-103.360954,25.561935]]]}},{"type":"Feature","properties":{},"geometry":{"type":"Polygon","coordinates":[[[-103.361054,25.561882],[-103.360919,25.561672],[-103.360819,25.561725],[-103.360954,25.561935],[-103.361054,25.561882]]]}},{"type":"Feature","properties":{},"geometry":{"type":"Polygon","coordinates":[[[-103.361155,25.561829],[-103.361019,25.561619],[-103.360919,25.561672],[-103.361054,25.561882],[-103.361155,25.561829]]]}},{"type":"Feature","properties":{},"geometry":{"type":"Polygon","coordinates":[[[-103.361255,25.561776],[-103.36112,25.561566],[-103.361019,25.561619],[-103.361155,25.561829],[-103.361255,25.561776]]]}},{"type":"Feature","properties":{},"geometry":{"type":"Polygon","coordinates":[[[-103.361355,25.561723],[-103.36122,25.561513],[-103.36112,25.561566],[-103.361255,25.561776],[-103.361355,25.561723]]]}},{"type":"Feature","properties":{},"geometry":{"type":"Polygon","coordinates":[[[-103.361456,25.56167],[-103.36132,25.56146],[-103.36122,25.561513],[-103.361355,25.561723],[-103.361456,25.56167]]]}},{"type":"Feature","properties":{},"geometry":{"type":"Polygon","coordinates":[[[-103.361659,25.561563],[-103.361524,25.561352],[-103.361423,25.561405],[-103.361559,25.561616],[-103.361659,25.561563]]]}},{"type":"Feature","properties":{},"geometry":{"type":"Polygon","coordinates":[[[-103.361759,25.561509],[-103.361624,25.561299],[-103.361524,25.561352],[-103.361659,25.561563],[-103.361759,25.561509]]]}},{"type":"Feature","properties":{},"geometry":{"type":"Polygon","coordinates":[[[-103.36186,25.561456],[-103.361724,25.561246],[-103.361624,25.561299],[-103.361759,25.561509],[-103.36186,25.561456]]]}},{"type":"Feature","properties":{},"geometry":{"type":"Polygon","coordinates":[[[-103.36196,25.561403],[-103.361825,25.561193],[-103.361724,25.561246],[-103.36186,25.561456],[-103.36196,25.561403]]]}},{"type":"Feature","properties":{},"geometry":{"type":"Polygon","coordinates":[[[-103.363063,25.56082],[-103.362928,25.560609],[-103.362828,25.560662],[-103.362963,25.560873],[-103.363063,25.56082]]]}},{"type":"Feature","properties":{},"geometry":{"type":"Polygon","coordinates":[[[-103.363267,25.560712],[-103.363131,25.560502],[-103.363031,25.560555],[-103.363166,25.560765],[-103.363267,25.560712]]]}},{"type":"Feature","properties":{},"geometry":{"type":"Polygon","coordinates":[[[-103.363367,25.560659],[-103.363232,25.560448],[-103.363131,25.560502],[-103.363267,25.560712],[-103.363367,25.560659]]]}},{"type":"Feature","properties":{},"geometry":{"type":"Polygon","coordinates":[[[-103.363467,25.560606],[-103.363332,25.560395],[-103.363232,25.560448],[-103.363367,25.560659],[-103.363467,25.560606]]]}},{"type":"Feature","properties":{},"geometry":{"type":"Polygon","coordinates":[[[-103.363568,25.560553],[-103.363432,25.560342],[-103.363332,25.560395],[-103.363467,25.560606],[-103.363568,25.560553]]]}},{"type":"Feature","properties":{},"geometry":{"type":"Polygon","coordinates":[[[-103.363668,25.5605],[-103.363533,25.560289],[-103.363432,25.560342],[-103.363568,25.560553],[-103.363668,25.5605]]]}},{"type":"Feature","properties":{},"geometry":{"type":"Polygon","coordinates":[[[-103.363768,25.560447],[-103.363633,25.560236],[-103.363533,25.560289],[-103.363668,25.5605],[-103.363768,25.560447]]]}},{"type":"Feature","properties":{},"geometry":{"type":"Polygon","coordinates":[[[-103.363869,25.560394],[-103.363733,25.560183],[-103.363633,25.560236],[-103.363768,25.560447],[-103.363869,25.560394]]]}},{"type":"Feature","properties":{},"geometry":{"type":"Polygon","coordinates":[[[-103.363969,25.560341],[-103.363833,25.56013],[-103.363733,25.560183],[-103.363869,25.560394],[-103.363969,25.560341]]]}},{"type":"Feature","properties":{},"geometry":{"type":"Polygon","coordinates":[[[-103.364069,25.560288],[-103.363934,25.560077],[-103.363833,25.56013],[-103.363969,25.560341],[-103.364069,25.560288]]]}},{"type":"Feature","properties":{},"geometry":{"type":"Polygon","coordinates":[[[-103.364169,25.560235],[-103.364034,25.560024],[-103.363934,25.560077],[-103.364069,25.560288],[-103.364169,25.560235]]]}},{"type":"Feature","properties":{},"geometry":{"type":"Polygon","coordinates":[[[-103.36427,25.560181],[-103.364134,25.559971],[-103.364034,25.560024],[-103.364169,25.560235],[-103.36427,25.560181]]]}},{"type":"Feature","properties":{},"geometry":{"type":"Polygon","coordinates":[[[-103.36437,25.560128],[-103.364235,25.559918],[-103.364134,25.559971],[-103.36427,25.560181],[-103.36437,25.560128]]]}},{"type":"Feature","properties":{},"geometry":{"type":"Polygon","coordinates":[[[-103.36447,25.560075],[-103.364335,25.559865],[-103.364235,25.559918],[-103.36437,25.560128],[-103.36447,25.560075]]]}},{"type":"Feature","properties":{},"geometry":{"type":"Polygon","coordinates":[[[-103.364571,25.560022],[-103.364435,25.559812],[-103.364335,25.559865],[-103.36447,25.560075],[-103.364571,25.560022]]]}},{"type":"Feature","properties":{},"geometry":{"type":"Polygon","coordinates":[[[-103.364671,25.559969],[-103.364536,25.559759],[-103.364435,25.559812],[-103.364571,25.560022],[-103.364671,25.559969]]]}},{"type":"Feature","properties":{},"geometry":{"type":"Polygon","coordinates":[[[-103.365777,25.559384],[-103.365642,25.559174],[-103.365541,25.559227],[-103.365677,25.559437],[-103.365777,25.559384]]]}},{"type":"Feature","properties":{},"geometry":{"type":"Polygon","coordinates":[[[-103.365877,25.559331],[-103.365742,25.55912],[-103.365642,25.559174],[-103.365777,25.559384],[-103.365877,25.559331]]]}},{"type":"Feature","properties":{},"geometry":{"type":"Polygon","coordinates":[[[-103.365978,25.559278],[-103.365842,25.559067],[-103.365742,25.55912],[-103.365877,25.559331],[-103.365978,25.559278]]]}},{"type":"Feature","properties":{},"geometry":{"type":"Polygon","coordinates":[[[-103.366078,25.559225],[-103.365943,25.559014],[-103.365842,25.559067],[-103.365978,25.559278],[-103.366078,25.559225]]]}},{"type":"Feature","properties":{},"geometry":{"type":"Polygon","coordinates":[[[-103.366178,25.559172],[-103.366043,25.558961],[-103.365943,25.559014],[-103.366078,25.559225],[-103.366178,25.559172]]]}},{"type":"Feature","properties":{},"geometry":{"type":"Polygon","coordinates":[[[-103.366279,25.559119],[-103.366143,25.558908],[-103.366043,25.558961],[-103.366178,25.559172],[-103.366279,25.559119]]]}},{"type":"Feature","properties":{},"geometry":{"type":"Polygon","coordinates":[[[-103.366482,25.559011],[-103.366347,25.558801],[-103.366246,25.558854],[-103.366382,25.559064],[-103.366482,25.559011]]]}},{"type":"Feature","properties":{},"geometry":{"type":"Polygon","coordinates":[[[-103.366582,25.558958],[-103.366447,25.558748],[-103.366347,25.558801],[-103.366482,25.559011],[-103.366582,25.558958]]]}},{"type":"Feature","properties":{},"geometry":{"type":"Polygon","coordinates":[[[-103.366683,25.558905],[-103.366547,25.558694],[-103.366447,25.558748],[-103.366582,25.558958],[-103.366683,25.558905]]]}},{"type":"Feature","properties":{},"geometry":{"type":"Polygon","coordinates":[[[-103.366783,25.558852],[-103.366647,25.558641],[-103.366547,25.558694],[-103.366683,25.558905],[-103.366783,25.558852]]]}},{"type":"Feature","properties":{},"geometry":{"type":"Polygon","coordinates":[[[-103.366883,25.558799],[-103.366748,25.558588],[-103.366647,25.558641],[-103.366783,25.558852],[-103.366883,25.558799]]]}},{"type":"Feature","properties":{},"geometry":{"type":"Polygon","coordinates":[[[-103.366983,25.558746],[-103.366848,25.558535],[-103.366748,25.558588],[-103.366883,25.558799],[-103.366983,25.558746]]]}},{"type":"Feature","properties":{},"geometry":{"type":"Polygon","coordinates":[[[-103.367084,25.558693],[-103.366948,25.558482],[-103.366848,25.558535],[-103.366983,25.558746],[-103.367084,25.558693]]]}},{"type":"Feature","properties":{},"geometry":{"type":"Polygon","coordinates":[[[-103.358005,25.563213],[-103.357869,25.563003],[-103.357769,25.563056],[-103.357904,25.563267],[-103.358005,25.563213]]]}},{"type":"Feature","properties":{},"geometry":{"type":"Polygon","coordinates":[[[-103.358105,25.56316],[-103.35797,25.56295],[-103.357869,25.563003],[-103.358005,25.563213],[-103.358105,25.56316]]]}},{"type":"Feature","properties":{},"geometry":{"type":"Polygon","coordinates":[[[-103.358308,25.563053],[-103.358173,25.562842],[-103.358073,25.562895],[-103.358208,25.563106],[-103.358308,25.563053]]]}},{"type":"Feature","properties":{},"geometry":{"type":"Polygon","coordinates":[[[-103.358409,25.563],[-103.358273,25.562789],[-103.358173,25.562842],[-103.358308,25.563053],[-103.358409,25.563]]]}},{"type":"Feature","properties":{},"geometry":{"type":"Polygon","coordinates":[[[-103.358509,25.562947],[-103.358374,25.562736],[-103.358273,25.562789],[-103.358409,25.563],[-103.358509,25.562947]]]}},{"type":"Feature","properties":{},"geometry":{"type":"Polygon","coordinates":[[[-103.358609,25.562894],[-103.358474,25.562683],[-103.358374,25.562736],[-103.358509,25.562947],[-103.358609,25.562894]]]}},{"type":"Feature","properties":{},"geometry":{"type":"Polygon","coordinates":[[[-103.35871,25.562841],[-103.358574,25.56263],[-103.358474,25.562683],[-103.358609,25.562894],[-103.35871,25.562841]]]}},{"type":"Feature","properties":{},"geometry":{"type":"Polygon","coordinates":[[[-103.35881,25.562787],[-103.358674,25.562577],[-103.358574,25.56263],[-103.35871,25.562841],[-103.35881,25.562787]]]}},{"type":"Feature","properties":{},"geometry":{"type":"Polygon","coordinates":[[[-103.35891,25.562734],[-103.358775,25.562524],[-103.358674,25.562577],[-103.35881,25.562787],[-103.35891,25.562734]]]}},{"type":"Feature","properties":{},"geometry":{"type":"Polygon","coordinates":[[[-103.35901,25.562681],[-103.358875,25.562471],[-103.358775,25.562524],[-103.35891,25.562734],[-103.35901,25.562681]]]}},{"type":"Feature","properties":{},"geometry":{"type":"Polygon","coordinates":[[[-103.359111,25.562628],[-103.358975,25.562418],[-103.358875,25.562471],[-103.35901,25.562681],[-103.359111,25.562628]]]}},{"type":"Feature","properties":{},"geometry":{"type":"Polygon","coordinates":[[[-103.359211,25.562575],[-103.359076,25.562365],[-103.358975,25.562418],[-103.359111,25.562628],[-103.359211,25.562575]]]}},{"type":"Feature","properties":{},"geometry":{"type":"Polygon","coordinates":[[[-103.359311,25.562522],[-103.359176,25.562312],[-103.359076,25.562365],[-103.359211,25.562575],[-103.359311,25.562522]]]}},{"type":"Feature","properties":{},"geometry":{"type":"Polygon","coordinates":[[[-103.359412,25.562469],[-103.359276,25.562259],[-103.359176,25.562312],[-103.359311,25.562522],[-103.359412,25.562469]]]}},{"type":"Feature","properties":{},"geometry":{"type":"Polygon","coordinates":[[[-103.359512,25.562416],[-103.359377,25.562206],[-103.359276,25.562259],[-103.359412,25.562469],[-103.359512,25.562416]]]}},{"type":"Feature","properties":{},"geometry":{"type":"Polygon","coordinates":[[[-103.359612,25.562363],[-103.359477,25.562153],[-103.359377,25.562206],[-103.359512,25.562416],[-103.359612,25.562363]]]}},{"type":"Feature","properties":{},"geometry":{"type":"Polygon","coordinates":[[[-103.359713,25.56231],[-103.359577,25.562099],[-103.359477,25.562153],[-103.359612,25.562363],[-103.359713,25.56231]]]}},{"type":"Feature","properties":{},"geometry":{"type":"Polygon","coordinates":[[[-103.359916,25.562202],[-103.359781,25.561992],[-103.35968,25.562045],[-103.359816,25.562255],[-103.359916,25.562202]]]}},{"type":"Feature","properties":{},"geometry":{"type":"Polygon","coordinates":[[[-103.360016,25.562149],[-103.359881,25.561939],[-103.359781,25.561992],[-103.359916,25.562202],[-103.360016,25.562149]]]}},{"type":"Feature","properties":{},"geometry":{"type":"Polygon","coordinates":[[[-103.360117,25.562096],[-103.359981,25.561886],[-103.359881,25.561939],[-103.360016,25.562149],[-103.360117,25.562096]]]}},{"type":"Feature","properties":{},"geometry":{"type":"Polygon","coordinates":[[[-103.360217,25.562043],[-103.360082,25.561833],[-103.359981,25.561886],[-103.360117,25.562096],[-103.360217,25.562043]]]}},{"type":"Feature","properties":{},"geometry":{"type":"Polygon","coordinates":[[[-103.360317,25.56199],[-103.360182,25.56178],[-103.360082,25.561833],[-103.360217,25.562043],[-103.360317,25.56199]]]}},{"type":"Feature","properties":{},"geometry":{"type":"Polygon","coordinates":[[[-103.360418,25.561937],[-103.360282,25.561727],[-103.360182,25.56178],[-103.360317,25.56199],[-103.360418,25.561937]]]}},{"type":"Feature","properties":{},"geometry":{"type":"Polygon","coordinates":[[[-103.360518,25.561884],[-103.360382,25.561673],[-103.360282,25.561727],[-103.360418,25.561937],[-103.360518,25.561884]]]}},{"type":"Feature","properties":{},"geometry":{"type":"Polygon","coordinates":[[[-103.360618,25.561831],[-103.360483,25.56162],[-103.360382,25.561673],[-103.360518,25.561884],[-103.360618,25.561831]]]}},{"type":"Feature","properties":{},"geometry":{"type":"Polygon","coordinates":[[[-103.360718,25.561778],[-103.360583,25.561567],[-103.360483,25.56162],[-103.360618,25.561831],[-103.360718,25.561778]]]}},{"type":"Feature","properties":{},"geometry":{"type":"Polygon","coordinates":[[[-103.360819,25.561725],[-103.360683,25.561514],[-103.360583,25.561567],[-103.360718,25.561778],[-103.360819,25.561725]]]}},{"type":"Feature","properties":{},"geometry":{"type":"Polygon","coordinates":[[[-103.360919,25.561672],[-103.360784,25.561461],[-103.360683,25.561514],[-103.360819,25.561725],[-103.360919,25.561672]]]}},{"type":"Feature","properties":{},"geometry":{"type":"Polygon","coordinates":[[[-103.361019,25.561619],[-103.360884,25.561408],[-103.360784,25.561461],[-103.360919,25.561672],[-103.361019,25.561619]]]}},{"type":"Feature","properties":{},"geometry":{"type":"Polygon","coordinates":[[[-103.36112,25.561566],[-103.360984,25.561355],[-103.360884,25.561408],[-103.361019,25.561619],[-103.36112,25.561566]]]}},{"type":"Feature","properties":{},"geometry":{"type":"Polygon","coordinates":[[[-103.36122,25.561513],[-103.361085,25.561302],[-103.360984,25.561355],[-103.36112,25.561566],[-103.36122,25.561513]]]}},{"type":"Feature","properties":{},"geometry":{"type":"Polygon","coordinates":[[[-103.36132,25.56146],[-103.361185,25.561249],[-103.361085,25.561302],[-103.36122,25.561513],[-103.36132,25.56146]]]}},{"type":"Feature","properties":{},"geometry":{"type":"Polygon","coordinates":[[[-103.361524,25.561352],[-103.361388,25.561141],[-103.361288,25.561194],[-103.361423,25.561405],[-103.361524,25.561352]]]}},{"type":"Feature","properties":{},"geometry":{"type":"Polygon","coordinates":[[[-103.361624,25.561299],[-103.361489,25.561088],[-103.361388,25.561141],[-103.361524,25.561352],[-103.361624,25.561299]]]}},{"type":"Feature","properties":{},"geometry":{"type":"Polygon","coordinates":[[[-103.361724,25.561246],[-103.361589,25.561035],[-103.361489,25.561088],[-103.361624,25.561299],[-103.361724,25.561246]]]}},{"type":"Feature","properties":{},"geometry":{"type":"Polygon","coordinates":[[[-103.361825,25.561193],[-103.361689,25.560982],[-103.361589,25.561035],[-103.361724,25.561246],[-103.361825,25.561193]]]}},{"type":"Feature","properties":{},"geometry":{"type":"Polygon","coordinates":[[[-103.361925,25.56114],[-103.36179,25.560929],[-103.361689,25.560982],[-103.361825,25.561193],[-103.361925,25.56114]]]}},{"type":"Feature","properties":{},"geometry":{"type":"Polygon","coordinates":[[[-103.362025,25.561087],[-103.36189,25.560876],[-103.36179,25.560929],[-103.361925,25.56114],[-103.362025,25.561087]]]}},{"type":"Feature","properties":{},"geometry":{"type":"Polygon","coordinates":[[[-103.362126,25.561034],[-103.36199,25.560823],[-103.36189,25.560876],[-103.362025,25.561087],[-103.362126,25.561034]]]}},{"type":"Feature","properties":{},"geometry":{"type":"Polygon","coordinates":[[[-103.362226,25.560981],[-103.36209,25.56077],[-103.36199,25.560823],[-103.362126,25.561034],[-103.362226,25.560981]]]}},{"type":"Feature","properties":{},"geometry":{"type":"Polygon","coordinates":[[[-103.362326,25.560928],[-103.362191,25.560717],[-103.36209,25.56077],[-103.362226,25.560981],[-103.362326,25.560928]]]}},{"type":"Feature","properties":{},"geometry":{"type":"Polygon","coordinates":[[[-103.362426,25.560874],[-103.362291,25.560664],[-103.362191,25.560717],[-103.362326,25.560928],[-103.362426,25.560874]]]}},{"type":"Feature","properties":{},"geometry":{"type":"Polygon","coordinates":[[[-103.362527,25.560821],[-103.362391,25.560611],[-103.362291,25.560664],[-103.362426,25.560874],[-103.362527,25.560821]]]}},{"type":"Feature","properties":{},"geometry":{"type":"Polygon","coordinates":[[[-103.362627,25.560768],[-103.362492,25.560558],[-103.362391,25.560611],[-103.362527,25.560821],[-103.362627,25.560768]]]}},{"type":"Feature","properties":{},"geometry":{"type":"Polygon","coordinates":[[[-103.362727,25.560715],[-103.362592,25.560505],[-103.362492,25.560558],[-103.362627,25.560768],[-103.362727,25.560715]]]}},{"type":"Feature","properties":{},"geometry":{"type":"Polygon","coordinates":[[[-103.362828,25.560662],[-103.362692,25.560452],[-103.362592,25.560505],[-103.362727,25.560715],[-103.362828,25.560662]]]}},{"type":"Feature","properties":{},"geometry":{"type":"Polygon","coordinates":[[[-103.362928,25.560609],[-103.362793,25.560399],[-103.362692,25.560452],[-103.362828,25.560662],[-103.362928,25.560609]]]}},{"type":"Feature","properties":{},"geometry":{"type":"Polygon","coordinates":[[[-103.363131,25.560502],[-103.362996,25.560291],[-103.362896,25.560344],[-103.363031,25.560555],[-103.363131,25.560502]]]}},{"type":"Feature","properties":{},"geometry":{"type":"Polygon","coordinates":[[[-103.363232,25.560448],[-103.363096,25.560238],[-103.362996,25.560291],[-103.363131,25.560502],[-103.363232,25.560448]]]}},{"type":"Feature","properties":{},"geometry":{"type":"Polygon","coordinates":[[[-103.363332,25.560395],[-103.363197,25.560185],[-103.363096,25.560238],[-103.363232,25.560448],[-103.363332,25.560395]]]}},{"type":"Feature","properties":{},"geometry":{"type":"Polygon","coordinates":[[[-103.363432,25.560342],[-103.363297,25.560132],[-103.363197,25.560185],[-103.363332,25.560395],[-103.363432,25.560342]]]}},{"type":"Feature","properties":{},"geometry":{"type":"Polygon","coordinates":[[[-103.363533,25.560289],[-103.363397,25.560079],[-103.363297,25.560132],[-103.363432,25.560342],[-103.363533,25.560289]]]}},{"type":"Feature","properties":{},"geometry":{"type":"Polygon","coordinates":[[[-103.363633,25.560236],[-103.363497,25.560026],[-103.363397,25.560079],[-103.363533,25.560289],[-103.363633,25.560236]]]}},{"type":"Feature","properties":{},"geometry":{"type":"Polygon","coordinates":[[[-103.363733,25.560183],[-103.363598,25.559973],[-103.363497,25.560026],[-103.363633,25.560236],[-103.363733,25.560183]]]}},{"type":"Feature","properties":{},"geometry":{"type":"Polygon","coordinates":[[[-103.363833,25.56013],[-103.363698,25.55992],[-103.363598,25.559973],[-103.363733,25.560183],[-103.363833,25.56013]]]}},{"type":"Feature","properties":{},"geometry":{"type":"Polygon","coordinates":[[[-103.363934,25.560077],[-103.363798,25.559867],[-103.363698,25.55992],[-103.363833,25.56013],[-103.363934,25.560077]]]}},{"type":"Feature","properties":{},"geometry":{"type":"Polygon","coordinates":[[[-103.364034,25.560024],[-103.363899,25.559813],[-103.363798,25.559867],[-103.363934,25.560077],[-103.364034,25.560024]]]}},{"type":"Feature","properties":{},"geometry":{"type":"Polygon","coordinates":[[[-103.364134,25.559971],[-103.363999,25.55976],[-103.363899,25.559813],[-103.364034,25.560024],[-103.364134,25.559971]]]}},{"type":"Feature","properties":{},"geometry":{"type":"Polygon","coordinates":[[[-103.364235,25.559918],[-103.364099,25.559707],[-103.363999,25.55976],[-103.364134,25.559971],[-103.364235,25.559918]]]}},{"type":"Feature","properties":{},"geometry":{"type":"Polygon","coordinates":[[[-103.364335,25.559865],[-103.3642,25.559654],[-103.364099,25.559707],[-103.364235,25.559918],[-103.364335,25.559865]]]}},{"type":"Feature","properties":{},"geometry":{"type":"Polygon","coordinates":[[[-103.364435,25.559812],[-103.3643,25.559601],[-103.3642,25.559654],[-103.364335,25.559865],[-103.364435,25.559812]]]}},{"type":"Feature","properties":{},"geometry":{"type":"Polygon","coordinates":[[[-103.364536,25.559759],[-103.3644,25.559548],[-103.3643,25.559601],[-103.364435,25.559812],[-103.364536,25.559759]]]}},{"type":"Feature","properties":{},"geometry":{"type":"Polygon","coordinates":[[[-103.364739,25.559651],[-103.364604,25.559441],[-103.364503,25.559494],[-103.364639,25.559704],[-103.364739,25.559651]]]}},{"type":"Feature","properties":{},"geometry":{"type":"Polygon","coordinates":[[[-103.364839,25.559598],[-103.364704,25.559387],[-103.364604,25.559441],[-103.364739,25.559651],[-103.364839,25.559598]]]}},{"type":"Feature","properties":{},"geometry":{"type":"Polygon","coordinates":[[[-103.36494,25.559545],[-103.364804,25.559334],[-103.364704,25.559387],[-103.364839,25.559598],[-103.36494,25.559545]]]}},{"type":"Feature","properties":{},"geometry":{"type":"Polygon","coordinates":[[[-103.36504,25.559492],[-103.364904,25.559281],[-103.364804,25.559334],[-103.36494,25.559545],[-103.36504,25.559492]]]}},{"type":"Feature","properties":{},"geometry":{"type":"Polygon","coordinates":[[[-103.36514,25.559439],[-103.365005,25.559228],[-103.364904,25.559281],[-103.36504,25.559492],[-103.36514,25.559439]]]}},{"type":"Feature","properties":{},"geometry":{"type":"Polygon","coordinates":[[[-103.36524,25.559386],[-103.365105,25.559175],[-103.365005,25.559228],[-103.36514,25.559439],[-103.36524,25.559386]]]}},{"type":"Feature","properties":{},"geometry":{"type":"Polygon","coordinates":[[[-103.365341,25.559333],[-103.365205,25.559122],[-103.365105,25.559175],[-103.36524,25.559386],[-103.365341,25.559333]]]}},{"type":"Feature","properties":{},"geometry":{"type":"Polygon","coordinates":[[[-103.365441,25.55928],[-103.365306,25.559069],[-103.365205,25.559122],[-103.365341,25.559333],[-103.365441,25.55928]]]}},{"type":"Feature","properties":{},"geometry":{"type":"Polygon","coordinates":[[[-103.365541,25.559227],[-103.365406,25.559016],[-103.365306,25.559069],[-103.365441,25.55928],[-103.365541,25.559227]]]}},{"type":"Feature","properties":{},"geometry":{"type":"Polygon","coordinates":[[[-103.365642,25.559174],[-103.365506,25.558963],[-103.365406,25.559016],[-103.365541,25.559227],[-103.365642,25.559174]]]}},{"type":"Feature","properties":{},"geometry":{"type":"Polygon","coordinates":[[[-103.365742,25.55912],[-103.365607,25.55891],[-103.365506,25.558963],[-103.365642,25.559174],[-103.365742,25.55912]]]}},{"type":"Feature","properties":{},"geometry":{"type":"Polygon","coordinates":[[[-103.365842,25.559067],[-103.365707,25.558857],[-103.365607,25.55891],[-103.365742,25.55912],[-103.365842,25.559067]]]}},{"type":"Feature","properties":{},"geometry":{"type":"Polygon","coordinates":[[[-103.365943,25.559014],[-103.365807,25.558804],[-103.365707,25.558857],[-103.365842,25.559067],[-103.365943,25.559014]]]}},{"type":"Feature","properties":{},"geometry":{"type":"Polygon","coordinates":[[[-103.366043,25.558961],[-103.365907,25.558751],[-103.365807,25.558804],[-103.365943,25.559014],[-103.366043,25.558961]]]}},{"type":"Feature","properties":{},"geometry":{"type":"Polygon","coordinates":[[[-103.366143,25.558908],[-103.366008,25.558698],[-103.365907,25.558751],[-103.366043,25.558961],[-103.366143,25.558908]]]}},{"type":"Feature","properties":{},"geometry":{"type":"Polygon","coordinates":[[[-103.366347,25.558801],[-103.366211,25.55859],[-103.366111,25.558643],[-103.366246,25.558854],[-103.366347,25.558801]]]}},{"type":"Feature","properties":{},"geometry":{"type":"Polygon","coordinates":[[[-103.366447,25.558748],[-103.366312,25.558537],[-103.366211,25.55859],[-103.366347,25.558801],[-103.366447,25.558748]]]}},{"type":"Feature","properties":{},"geometry":{"type":"Polygon","coordinates":[[[-103.366547,25.558694],[-103.366412,25.558484],[-103.366312,25.558537],[-103.366447,25.558748],[-103.366547,25.558694]]]}},{"type":"Feature","properties":{},"geometry":{"type":"Polygon","coordinates":[[[-103.358113,25.562749],[-103.357977,25.562538],[-103.357877,25.562591],[-103.358013,25.562802],[-103.358113,25.562749]]]}},{"type":"Feature","properties":{},"geometry":{"type":"Polygon","coordinates":[[[-103.358213,25.562696],[-103.358078,25.562485],[-103.357977,25.562538],[-103.358113,25.562749],[-103.358213,25.562696]]]}},{"type":"Feature","properties":{},"geometry":{"type":"Polygon","coordinates":[[[-103.358313,25.562643],[-103.358178,25.562432],[-103.358078,25.562485],[-103.358213,25.562696],[-103.358313,25.562643]]]}},{"type":"Feature","properties":{},"geometry":{"type":"Polygon","coordinates":[[[-103.358414,25.562589],[-103.358278,25.562379],[-103.358178,25.562432],[-103.358313,25.562643],[-103.358414,25.562589]]]}},{"type":"Feature","properties":{},"geometry":{"type":"Polygon","coordinates":[[[-103.358514,25.562536],[-103.358379,25.562326],[-103.358278,25.562379],[-103.358414,25.562589],[-103.358514,25.562536]]]}},{"type":"Feature","properties":{},"geometry":{"type":"Polygon","coordinates":[[[-103.358614,25.562483],[-103.358479,25.562273],[-103.358379,25.562326],[-103.358514,25.562536],[-103.358614,25.562483]]]}},{"type":"Feature","properties":{},"geometry":{"type":"Polygon","coordinates":[[[-103.358715,25.56243],[-103.358579,25.56222],[-103.358479,25.562273],[-103.358614,25.562483],[-103.358715,25.56243]]]}},{"type":"Feature","properties":{},"geometry":{"type":"Polygon","coordinates":[[[-103.358815,25.562377],[-103.35868,25.562167],[-103.358579,25.56222],[-103.358715,25.56243],[-103.358815,25.562377]]]}},{"type":"Feature","properties":{},"geometry":{"type":"Polygon","coordinates":[[[-103.358915,25.562324],[-103.35878,25.562114],[-103.35868,25.562167],[-103.358815,25.562377],[-103.358915,25.562324]]]}},{"type":"Feature","properties":{},"geometry":{"type":"Polygon","coordinates":[[[-103.359016,25.562271],[-103.35888,25.562061],[-103.35878,25.562114],[-103.358915,25.562324],[-103.359016,25.562271]]]}},{"type":"Feature","properties":{},"geometry":{"type":"Polygon","coordinates":[[[-103.359116,25.562218],[-103.35898,25.562008],[-103.35888,25.562061],[-103.359016,25.562271],[-103.359116,25.562218]]]}},{"type":"Feature","properties":{},"geometry":{"type":"Polygon","coordinates":[[[-103.359216,25.562165],[-103.359081,25.561954],[-103.35898,25.562008],[-103.359116,25.562218],[-103.359216,25.562165]]]}},{"type":"Feature","properties":{},"geometry":{"type":"Polygon","coordinates":[[[-103.359316,25.562112],[-103.359181,25.561901],[-103.359081,25.561954],[-103.359216,25.562165],[-103.359316,25.562112]]]}},{"type":"Feature","properties":{},"geometry":{"type":"Polygon","coordinates":[[[-103.359417,25.562059],[-103.359281,25.561848],[-103.359181,25.561901],[-103.359316,25.562112],[-103.359417,25.562059]]]}},{"type":"Feature","properties":{},"geometry":{"type":"Polygon","coordinates":[[[-103.359517,25.562006],[-103.359382,25.561795],[-103.359281,25.561848],[-103.359417,25.562059],[-103.359517,25.562006]]]}},{"type":"Feature","properties":{},"geometry":{"type":"Polygon","coordinates":[[[-103.359721,25.561898],[-103.359585,25.561688],[-103.359485,25.561741],[-103.35962,25.561951],[-103.359721,25.561898]]]}},{"type":"Feature","properties":{},"geometry":{"type":"Polygon","coordinates":[[[-103.359821,25.561845],[-103.359685,25.561635],[-103.359585,25.561688],[-103.359721,25.561898],[-103.359821,25.561845]]]}},{"type":"Feature","properties":{},"geometry":{"type":"Polygon","coordinates":[[[-103.359921,25.561792],[-103.359786,25.561582],[-103.359685,25.561635],[-103.359821,25.561845],[-103.359921,25.561792]]]}},{"type":"Feature","properties":{},"geometry":{"type":"Polygon","coordinates":[[[-103.360021,25.561739],[-103.359886,25.561529],[-103.359786,25.561582],[-103.359921,25.561792],[-103.360021,25.561739]]]}},{"type":"Feature","properties":{},"geometry":{"type":"Polygon","coordinates":[[[-103.360122,25.561686],[-103.359986,25.561475],[-103.359886,25.561529],[-103.360021,25.561739],[-103.360122,25.561686]]]}},{"type":"Feature","properties":{},"geometry":{"type":"Polygon","coordinates":[[[-103.360222,25.561633],[-103.360087,25.561422],[-103.359986,25.561475],[-103.360122,25.561686],[-103.360222,25.561633]]]}},{"type":"Feature","properties":{},"geometry":{"type":"Polygon","coordinates":[[[-103.360322,25.56158],[-103.360187,25.561369],[-103.360087,25.561422],[-103.360222,25.561633],[-103.360322,25.56158]]]}},{"type":"Feature","properties":{},"geometry":{"type":"Polygon","coordinates":[[[-103.360423,25.561527],[-103.360287,25.561316],[-103.360187,25.561369],[-103.360322,25.56158],[-103.360423,25.561527]]]}},{"type":"Feature","properties":{},"geometry":{"type":"Polygon","coordinates":[[[-103.360523,25.561474],[-103.360388,25.561263],[-103.360287,25.561316],[-103.360423,25.561527],[-103.360523,25.561474]]]}},{"type":"Feature","properties":{},"geometry":{"type":"Polygon","coordinates":[[[-103.360623,25.561421],[-103.360488,25.56121],[-103.360388,25.561263],[-103.360523,25.561474],[-103.360623,25.561421]]]}},{"type":"Feature","properties":{},"geometry":{"type":"Polygon","coordinates":[[[-103.360724,25.561368],[-103.360588,25.561157],[-103.360488,25.56121],[-103.360623,25.561421],[-103.360724,25.561368]]]}},{"type":"Feature","properties":{},"geometry":{"type":"Polygon","coordinates":[[[-103.360824,25.561315],[-103.360688,25.561104],[-103.360588,25.561157],[-103.360724,25.561368],[-103.360824,25.561315]]]}},{"type":"Feature","properties":{},"geometry":{"type":"Polygon","coordinates":[[[-103.360924,25.561262],[-103.360789,25.561051],[-103.360688,25.561104],[-103.360824,25.561315],[-103.360924,25.561262]]]}},{"type":"Feature","properties":{},"geometry":{"type":"Polygon","coordinates":[[[-103.361024,25.561209],[-103.360889,25.560998],[-103.360789,25.561051],[-103.360924,25.561262],[-103.361024,25.561209]]]}},{"type":"Feature","properties":{},"geometry":{"type":"Polygon","coordinates":[[[-103.361125,25.561155],[-103.360989,25.560945],[-103.360889,25.560998],[-103.361024,25.561209],[-103.361125,25.561155]]]}},{"type":"Feature","properties":{},"geometry":{"type":"Polygon","coordinates":[[[-103.361328,25.561048],[-103.361193,25.560837],[-103.361093,25.56089],[-103.361228,25.561101],[-103.361328,25.561048]]]}},{"type":"Feature","properties":{},"geometry":{"type":"Polygon","coordinates":[[[-103.361428,25.560995],[-103.361293,25.560784],[-103.361193,25.560837],[-103.361328,25.561048],[-103.361428,25.560995]]]}},{"type":"Feature","properties":{},"geometry":{"type":"Polygon","coordinates":[[[-103.361529,25.560942],[-103.361393,25.560731],[-103.361293,25.560784],[-103.361428,25.560995],[-103.361529,25.560942]]]}},{"type":"Feature","properties":{},"geometry":{"type":"Polygon","coordinates":[[[-103.361629,25.560889],[-103.361494,25.560678],[-103.361393,25.560731],[-103.361529,25.560942],[-103.361629,25.560889]]]}},{"type":"Feature","properties":{},"geometry":{"type":"Polygon","coordinates":[[[-103.361729,25.560836],[-103.361594,25.560625],[-103.361494,25.560678],[-103.361629,25.560889],[-103.361729,25.560836]]]}},{"type":"Feature","properties":{},"geometry":{"type":"Polygon","coordinates":[[[-103.36183,25.560783],[-103.361694,25.560572],[-103.361594,25.560625],[-103.361729,25.560836],[-103.36183,25.560783]]]}},{"type":"Feature","properties":{},"geometry":{"type":"Polygon","coordinates":[[[-103.36193,25.560729],[-103.361795,25.560519],[-103.361694,25.560572],[-103.36183,25.560783],[-103.36193,25.560729]]]}},{"type":"Feature","properties":{},"geometry":{"type":"Polygon","coordinates":[[[-103.36203,25.560676],[-103.361895,25.560466],[-103.361795,25.560519],[-103.36193,25.560729],[-103.36203,25.560676]]]}},{"type":"Feature","properties":{},"geometry":{"type":"Polygon","coordinates":[[[-103.362131,25.560623],[-103.361995,25.560413],[-103.361895,25.560466],[-103.36203,25.560676],[-103.362131,25.560623]]]}},{"type":"Feature","properties":{},"geometry":{"type":"Polygon","coordinates":[[[-103.362231,25.56057],[-103.362095,25.56036],[-103.361995,25.560413],[-103.362131,25.560623],[-103.362231,25.56057]]]}},{"type":"Feature","properties":{},"geometry":{"type":"Polygon","coordinates":[[[-103.362331,25.560517],[-103.362196,25.560307],[-103.362095,25.56036],[-103.362231,25.56057],[-103.362331,25.560517]]]}},{"type":"Feature","properties":{},"geometry":{"type":"Polygon","coordinates":[[[-103.362431,25.560464],[-103.362296,25.560254],[-103.362196,25.560307],[-103.362331,25.560517],[-103.362431,25.560464]]]}},{"type":"Feature","properties":{},"geometry":{"type":"Polygon","coordinates":[[[-103.362532,25.560411],[-103.362396,25.560201],[-103.362296,25.560254],[-103.362431,25.560464],[-103.362532,25.560411]]]}},{"type":"Feature","properties":{},"geometry":{"type":"Polygon","coordinates":[[[-103.362632,25.560358],[-103.362497,25.560148],[-103.362396,25.560201],[-103.362532,25.560411],[-103.362632,25.560358]]]}},{"type":"Feature","properties":{},"geometry":{"type":"Polygon","coordinates":[[[-103.362732,25.560305],[-103.362597,25.560094],[-103.362497,25.560148],[-103.362632,25.560358],[-103.362732,25.560305]]]}},{"type":"Feature","properties":{},"geometry":{"type":"Polygon","coordinates":[[[-103.362936,25.560197],[-103.3628,25.559987],[-103.3627,25.56004],[-103.362836,25.56025],[-103.362936,25.560197]]]}},{"type":"Feature","properties":{},"geometry":{"type":"Polygon","coordinates":[[[-103.363036,25.560144],[-103.362901,25.559934],[-103.3628,25.559987],[-103.362936,25.560197],[-103.363036,25.560144]]]}},{"type":"Feature","properties":{},"geometry":{"type":"Polygon","coordinates":[[[-103.363136,25.560091],[-103.363001,25.559881],[-103.362901,25.559934],[-103.363036,25.560144],[-103.363136,25.560091]]]}},{"type":"Feature","properties":{},"geometry":{"type":"Polygon","coordinates":[[[-103.363237,25.560038],[-103.363101,25.559828],[-103.363001,25.559881],[-103.363136,25.560091],[-103.363237,25.560038]]]}},{"type":"Feature","properties":{},"geometry":{"type":"Polygon","coordinates":[[[-103.363337,25.559985],[-103.363202,25.559775],[-103.363101,25.559828],[-103.363237,25.560038],[-103.363337,25.559985]]]}},{"type":"Feature","properties":{},"geometry":{"type":"Polygon","coordinates":[[[-103.363437,25.559932],[-103.363302,25.559722],[-103.363202,25.559775],[-103.363337,25.559985],[-103.363437,25.559932]]]}},{"type":"Feature","properties":{},"geometry":{"type":"Polygon","coordinates":[[[-103.363538,25.559879],[-103.363402,25.559668],[-103.363302,25.559722],[-103.363437,25.559932],[-103.363538,25.559879]]]}},{"type":"Feature","properties":{},"geometry":{"type":"Polygon","coordinates":[[[-103.363638,25.559826],[-103.363503,25.559615],[-103.363402,25.559668],[-103.363538,25.559879],[-103.363638,25.559826]]]}},{"type":"Feature","properties":{},"geometry":{"type":"Polygon","coordinates":[[[-103.363738,25.559773],[-103.363603,25.559562],[-103.363503,25.559615],[-103.363638,25.559826],[-103.363738,25.559773]]]}},{"type":"Feature","properties":{},"geometry":{"type":"Polygon","coordinates":[[[-103.363839,25.55972],[-103.363703,25.559509],[-103.363603,25.559562],[-103.363738,25.559773],[-103.363839,25.55972]]]}},{"type":"Feature","properties":{},"geometry":{"type":"Polygon","coordinates":[[[-103.363939,25.559667],[-103.363803,25.559456],[-103.363703,25.559509],[-103.363839,25.55972],[-103.363939,25.559667]]]}},{"type":"Feature","properties":{},"geometry":{"type":"Polygon","coordinates":[[[-103.364039,25.559614],[-103.363904,25.559403],[-103.363803,25.559456],[-103.363939,25.559667],[-103.364039,25.559614]]]}},{"type":"Feature","properties":{},"geometry":{"type":"Polygon","coordinates":[[[-103.364139,25.559561],[-103.364004,25.55935],[-103.363904,25.559403],[-103.364039,25.559614],[-103.364139,25.559561]]]}},{"type":"Feature","properties":{},"geometry":{"type":"Polygon","coordinates":[[[-103.36424,25.559508],[-103.364104,25.559297],[-103.364004,25.55935],[-103.364139,25.559561],[-103.36424,25.559508]]]}},{"type":"Feature","properties":{},"geometry":{"type":"Polygon","coordinates":[[[-103.36434,25.559455],[-103.364205,25.559244],[-103.364104,25.559297],[-103.36424,25.559508],[-103.36434,25.559455]]]}},{"type":"Feature","properties":{},"geometry":{"type":"Polygon","coordinates":[[[-103.364543,25.559347],[-103.364408,25.559136],[-103.364308,25.559189],[-103.364443,25.5594],[-103.364543,25.559347]]]}},{"type":"Feature","properties":{},"geometry":{"type":"Polygon","coordinates":[[[-103.364644,25.559294],[-103.364508,25.559083],[-103.364408,25.559136],[-103.364543,25.559347],[-103.364644,25.559294]]]}},{"type":"Feature","properties":{},"geometry":{"type":"Polygon","coordinates":[[[-103.364744,25.559241],[-103.364609,25.55903],[-103.364508,25.559083],[-103.364644,25.559294],[-103.364744,25.559241]]]}},{"type":"Feature","properties":{},"geometry":{"type":"Polygon","coordinates":[[[-103.364844,25.559188],[-103.364709,25.558977],[-103.364609,25.55903],[-103.364744,25.559241],[-103.364844,25.559188]]]}},{"type":"Feature","properties":{},"geometry":{"type":"Polygon","coordinates":[[[-103.364945,25.559135],[-103.364809,25.558924],[-103.364709,25.558977],[-103.364844,25.559188],[-103.364945,25.559135]]]}},{"type":"Feature","properties":{},"geometry":{"type":"Polygon","coordinates":[[[-103.365045,25.559082],[-103.36491,25.558871],[-103.364809,25.558924],[-103.364945,25.559135],[-103.365045,25.559082]]]}},{"type":"Feature","properties":{},"geometry":{"type":"Polygon","coordinates":[[[-103.365145,25.559029],[-103.36501,25.558818],[-103.36491,25.558871],[-103.365045,25.559082],[-103.365145,25.559029]]]}},{"type":"Feature","properties":{},"geometry":{"type":"Polygon","coordinates":[[[-103.365246,25.558976],[-103.36511,25.558765],[-103.36501,25.558818],[-103.365145,25.559029],[-103.365246,25.558976]]]}},{"type":"Feature","properties":{},"geometry":{"type":"Polygon","coordinates":[[[-103.365346,25.558922],[-103.36521,25.558712],[-103.36511,25.558765],[-103.365246,25.558976],[-103.365346,25.558922]]]}},{"type":"Feature","properties":{},"geometry":{"type":"Polygon","coordinates":[[[-103.365446,25.558869],[-103.365311,25.558659],[-103.36521,25.558712],[-103.365346,25.558922],[-103.365446,25.558869]]]}},{"type":"Feature","properties":{},"geometry":{"type":"Polygon","coordinates":[[[-103.365546,25.558816],[-103.365411,25.558606],[-103.365311,25.558659],[-103.365446,25.558869],[-103.365546,25.558816]]]}},{"type":"Feature","properties":{},"geometry":{"type":"Polygon","coordinates":[[[-103.365647,25.558763],[-103.365511,25.558553],[-103.365411,25.558606],[-103.365546,25.558816],[-103.365647,25.558763]]]}},{"type":"Feature","properties":{},"geometry":{"type":"Polygon","coordinates":[[[-103.365747,25.55871],[-103.365612,25.5585],[-103.365511,25.558553],[-103.365647,25.558763],[-103.365747,25.55871]]]}},{"type":"Feature","properties":{},"geometry":{"type":"Polygon","coordinates":[[[-103.365847,25.558657],[-103.365712,25.558447],[-103.365612,25.5585],[-103.365747,25.55871],[-103.365847,25.558657]]]}},{"type":"Feature","properties":{},"geometry":{"type":"Polygon","coordinates":[[[-103.358078,25.562485],[-103.357942,25.562274],[-103.357842,25.562328],[-103.357977,25.562538],[-103.358078,25.562485]]]}},{"type":"Feature","properties":{},"geometry":{"type":"Polygon","coordinates":[[[-103.358178,25.562432],[-103.358043,25.562221],[-103.357942,25.562274],[-103.358078,25.562485],[-103.358178,25.562432]]]}},{"type":"Feature","properties":{},"geometry":{"type":"Polygon","coordinates":[[[-103.358278,25.562379],[-103.358143,25.562168],[-103.358043,25.562221],[-103.358178,25.562432],[-103.358278,25.562379]]]}},{"type":"Feature","properties":{},"geometry":{"type":"Polygon","coordinates":[[[-103.358379,25.562326],[-103.358243,25.562115],[-103.358143,25.562168],[-103.358278,25.562379],[-103.358379,25.562326]]]}},{"type":"Feature","properties":{},"geometry":{"type":"Polygon","coordinates":[[[-103.358479,25.562273],[-103.358344,25.562062],[-103.358243,25.562115],[-103.358379,25.562326],[-103.358479,25.562273]]]}},{"type":"Feature","properties":{},"geometry":{"type":"Polygon","coordinates":[[[-103.358579,25.56222],[-103.358444,25.562009],[-103.358344,25.562062],[-103.358479,25.562273],[-103.358579,25.56222]]]}},{"type":"Feature","properties":{},"geometry":{"type":"Polygon","coordinates":[[[-103.35868,25.562167],[-103.358544,25.561956],[-103.358444,25.562009],[-103.358579,25.56222],[-103.35868,25.562167]]]}},{"type":"Feature","properties":{},"geometry":{"type":"Polygon","coordinates":[[[-103.35878,25.562114],[-103.358645,25.561903],[-103.358544,25.561956],[-103.35868,25.562167],[-103.35878,25.562114]]]}},{"type":"Feature","properties":{},"geometry":{"type":"Polygon","coordinates":[[[-103.35888,25.562061],[-103.358745,25.56185],[-103.358645,25.561903],[-103.35878,25.562114],[-103.35888,25.562061]]]}},{"type":"Feature","properties":{},"geometry":{"type":"Polygon","coordinates":[[[-103.35898,25.562008],[-103.358845,25.561797],[-103.358745,25.56185],[-103.35888,25.562061],[-103.35898,25.562008]]]}},{"type":"Feature","properties":{},"geometry":{"type":"Polygon","coordinates":[[[-103.359081,25.561954],[-103.358945,25.561744],[-103.358845,25.561797],[-103.35898,25.562008],[-103.359081,25.561954]]]}},{"type":"Feature","properties":{},"geometry":{"type":"Polygon","coordinates":[[[-103.359181,25.561901],[-103.359046,25.561691],[-103.358945,25.561744],[-103.359081,25.561954],[-103.359181,25.561901]]]}},{"type":"Feature","properties":{},"geometry":{"type":"Polygon","coordinates":[[[-103.359281,25.561848],[-103.359146,25.561638],[-103.359046,25.561691],[-103.359181,25.561901],[-103.359281,25.561848]]]}},{"type":"Feature","properties":{},"geometry":{"type":"Polygon","coordinates":[[[-103.359382,25.561795],[-103.359246,25.561585],[-103.359146,25.561638],[-103.359281,25.561848],[-103.359382,25.561795]]]}},{"type":"Feature","properties":{},"geometry":{"type":"Polygon","coordinates":[[[-103.359585,25.561688],[-103.35945,25.561477],[-103.359349,25.56153],[-103.359485,25.561741],[-103.359585,25.561688]]]}},{"type":"Feature","properties":{},"geometry":{"type":"Polygon","coordinates":[[[-103.359685,25.561635],[-103.35955,25.561424],[-103.35945,25.561477],[-103.359585,25.561688],[-103.359685,25.561635]]]}},{"type":"Feature","properties":{},"geometry":{"type":"Polygon","coordinates":[[[-103.359786,25.561582],[-103.35965,25.561371],[-103.35955,25.561424],[-103.359685,25.561635],[-103.359786,25.561582]]]}},{"type":"Feature","properties":{},"geometry":{"type":"Polygon","coordinates":[[[-103.359886,25.561529],[-103.359751,25.561318],[-103.35965,25.561371],[-103.359786,25.561582],[-103.359886,25.561529]]]}},{"type":"Feature","properties":{},"geometry":{"type":"Polygon","coordinates":[[[-103.359986,25.561475],[-103.359851,25.561265],[-103.359751,25.561318],[-103.359886,25.561529],[-103.359986,25.561475]]]}},{"type":"Feature","properties":{},"geometry":{"type":"Polygon","coordinates":[[[-103.360087,25.561422],[-103.359951,25.561212],[-103.359851,25.561265],[-103.359986,25.561475],[-103.360087,25.561422]]]}},{"type":"Feature","properties":{},"geometry":{"type":"Polygon","coordinates":[[[-103.360187,25.561369],[-103.360052,25.561159],[-103.359951,25.561212],[-103.360087,25.561422],[-103.360187,25.561369]]]}},{"type":"Feature","properties":{},"geometry":{"type":"Polygon","coordinates":[[[-103.360287,25.561316],[-103.360152,25.561106],[-103.360052,25.561159],[-103.360187,25.561369],[-103.360287,25.561316]]]}},{"type":"Feature","properties":{},"geometry":{"type":"Polygon","coordinates":[[[-103.360388,25.561263],[-103.360252,25.561053],[-103.360152,25.561106],[-103.360287,25.561316],[-103.360388,25.561263]]]}},{"type":"Feature","properties":{},"geometry":{"type":"Polygon","coordinates":[[[-103.360488,25.56121],[-103.360352,25.561],[-103.360252,25.561053],[-103.360388,25.561263],[-103.360488,25.56121]]]}},{"type":"Feature","properties":{},"geometry":{"type":"Polygon","coordinates":[[[-103.360588,25.561157],[-103.360453,25.560947],[-103.360352,25.561],[-103.360488,25.56121],[-103.360588,25.561157]]]}},{"type":"Feature","properties":{},"geometry":{"type":"Polygon","coordinates":[[[-103.360688,25.561104],[-103.360553,25.560894],[-103.360453,25.560947],[-103.360588,25.561157],[-103.360688,25.561104]]]}},{"type":"Feature","properties":{},"geometry":{"type":"Polygon","coordinates":[[[-103.360789,25.561051],[-103.360653,25.56084],[-103.360553,25.560894],[-103.360688,25.561104],[-103.360789,25.561051]]]}},{"type":"Feature","properties":{},"geometry":{"type":"Polygon","coordinates":[[[-103.360889,25.560998],[-103.360754,25.560787],[-103.360653,25.56084],[-103.360789,25.561051],[-103.360889,25.560998]]]}},{"type":"Feature","properties":{},"geometry":{"type":"Polygon","coordinates":[[[-103.360989,25.560945],[-103.360854,25.560734],[-103.360754,25.560787],[-103.360889,25.560998],[-103.360989,25.560945]]]}},{"type":"Feature","properties":{},"geometry":{"type":"Polygon","coordinates":[[[-103.361193,25.560837],[-103.361057,25.560627],[-103.360957,25.56068],[-103.361093,25.56089],[-103.361193,25.560837]]]}},{"type":"Feature","properties":{},"geometry":{"type":"Polygon","coordinates":[[[-103.361293,25.560784],[-103.361158,25.560574],[-103.361057,25.560627],[-103.361193,25.560837],[-103.361293,25.560784]]]}},{"type":"Feature","properties":{},"geometry":{"type":"Polygon","coordinates":[[[-103.361393,25.560731],[-103.361258,25.560521],[-103.361158,25.560574],[-103.361293,25.560784],[-103.361393,25.560731]]]}},{"type":"Feature","properties":{},"geometry":{"type":"Polygon","coordinates":[[[-103.361494,25.560678],[-103.361358,25.560468],[-103.361258,25.560521],[-103.361393,25.560731],[-103.361494,25.560678]]]}},{"type":"Feature","properties":{},"geometry":{"type":"Polygon","coordinates":[[[-103.361594,25.560625],[-103.361459,25.560414],[-103.361358,25.560468],[-103.361494,25.560678],[-103.361594,25.560625]]]}},{"type":"Feature","properties":{},"geometry":{"type":"Polygon","coordinates":[[[-103.361694,25.560572],[-103.361559,25.560361],[-103.361459,25.560414],[-103.361594,25.560625],[-103.361694,25.560572]]]}},{"type":"Feature","properties":{},"geometry":{"type":"Polygon","coordinates":[[[-103.361795,25.560519],[-103.361659,25.560308],[-103.361559,25.560361],[-103.361694,25.560572],[-103.361795,25.560519]]]}},{"type":"Feature","properties":{},"geometry":{"type":"Polygon","coordinates":[[[-103.361895,25.560466],[-103.36176,25.560255],[-103.361659,25.560308],[-103.361795,25.560519],[-103.361895,25.560466]]]}},{"type":"Feature","properties":{},"geometry":{"type":"Polygon","coordinates":[[[-103.361995,25.560413],[-103.36186,25.560202],[-103.36176,25.560255],[-103.361895,25.560466],[-103.361995,25.560413]]]}},{"type":"Feature","properties":{},"geometry":{"type":"Polygon","coordinates":[[[-103.362095,25.56036],[-103.36196,25.560149],[-103.36186,25.560202],[-103.361995,25.560413],[-103.362095,25.56036]]]}},{"type":"Feature","properties":{},"geometry":{"type":"Polygon","coordinates":[[[-103.362196,25.560307],[-103.36206,25.560096],[-103.36196,25.560149],[-103.362095,25.56036],[-103.362196,25.560307]]]}},{"type":"Feature","properties":{},"geometry":{"type":"Polygon","coordinates":[[[-103.362296,25.560254],[-103.362161,25.560043],[-103.36206,25.560096],[-103.362196,25.560307],[-103.362296,25.560254]]]}},{"type":"Feature","properties":{},"geometry":{"type":"Polygon","coordinates":[[[-103.362396,25.560201],[-103.362261,25.55999],[-103.362161,25.560043],[-103.362296,25.560254],[-103.362396,25.560201]]]}},{"type":"Feature","properties":{},"geometry":{"type":"Polygon","coordinates":[[[-103.362497,25.560148],[-103.362361,25.559937],[-103.362261,25.55999],[-103.362396,25.560201],[-103.362497,25.560148]]]}},{"type":"Feature","properties":{},"geometry":{"type":"Polygon","coordinates":[[[-103.362597,25.560094],[-103.362462,25.559884],[-103.362361,25.559937],[-103.362497,25.560148],[-103.362597,25.560094]]]}},{"type":"Feature","properties":{},"geometry":{"type":"Polygon","coordinates":[[[-103.3628,25.559987],[-103.362665,25.559776],[-103.362565,25.559829],[-103.3627,25.56004],[-103.3628,25.559987]]]}},{"type":"Feature","properties":{},"geometry":{"type":"Polygon","coordinates":[[[-103.362901,25.559934],[-103.362765,25.559723],[-103.362665,25.559776],[-103.3628,25.559987],[-103.362901,25.559934]]]}},{"type":"Feature","properties":{},"geometry":{"type":"Polygon","coordinates":[[[-103.363001,25.559881],[-103.362866,25.55967],[-103.362765,25.559723],[-103.362901,25.559934],[-103.363001,25.559881]]]}},{"type":"Feature","properties":{},"geometry":{"type":"Polygon","coordinates":[[[-103.363101,25.559828],[-103.362966,25.559617],[-103.362866,25.55967],[-103.363001,25.559881],[-103.363101,25.559828]]]}},{"type":"Feature","properties":{},"geometry":{"type":"Polygon","coordinates":[[[-103.363202,25.559775],[-103.363066,25.559564],[-103.362966,25.559617],[-103.363101,25.559828],[-103.363202,25.559775]]]}},{"type":"Feature","properties":{},"geometry":{"type":"Polygon","coordinates":[[[-103.363302,25.559722],[-103.363167,25.559511],[-103.363066,25.559564],[-103.363202,25.559775],[-103.363302,25.559722]]]}},{"type":"Feature","properties":{},"geometry":{"type":"Polygon","coordinates":[[[-103.363402,25.559668],[-103.363267,25.559458],[-103.363167,25.559511],[-103.363302,25.559722],[-103.363402,25.559668]]]}},{"type":"Feature","properties":{},"geometry":{"type":"Polygon","coordinates":[[[-103.363503,25.559615],[-103.363367,25.559405],[-103.363267,25.559458],[-103.363402,25.559668],[-103.363503,25.559615]]]}},{"type":"Feature","properties":{},"geometry":{"type":"Polygon","coordinates":[[[-103.363603,25.559562],[-103.363467,25.559352],[-103.363367,25.559405],[-103.363503,25.559615],[-103.363603,25.559562]]]}},{"type":"Feature","properties":{},"geometry":{"type":"Polygon","coordinates":[[[-103.363703,25.559509],[-103.363568,25.559299],[-103.363467,25.559352],[-103.363603,25.559562],[-103.363703,25.559509]]]}},{"type":"Feature","properties":{},"geometry":{"type":"Polygon","coordinates":[[[-103.363803,25.559456],[-103.363668,25.559246],[-103.363568,25.559299],[-103.363703,25.559509],[-103.363803,25.559456]]]}},{"type":"Feature","properties":{},"geometry":{"type":"Polygon","coordinates":[[[-103.363904,25.559403],[-103.363768,25.559193],[-103.363668,25.559246],[-103.363803,25.559456],[-103.363904,25.559403]]]}},{"type":"Feature","properties":{},"geometry":{"type":"Polygon","coordinates":[[[-103.364004,25.55935],[-103.363869,25.55914],[-103.363768,25.559193],[-103.363904,25.559403],[-103.364004,25.55935]]]}},{"type":"Feature","properties":{},"geometry":{"type":"Polygon","coordinates":[[[-103.364104,25.559297],[-103.363969,25.559087],[-103.363869,25.55914],[-103.364004,25.55935],[-103.364104,25.559297]]]}},{"type":"Feature","properties":{},"geometry":{"type":"Polygon","coordinates":[[[-103.364205,25.559244],[-103.364069,25.559033],[-103.363969,25.559087],[-103.364104,25.559297],[-103.364205,25.559244]]]}},{"type":"Feature","properties":{},"geometry":{"type":"Polygon","coordinates":[[[-103.364408,25.559136],[-103.364273,25.558926],[-103.364172,25.558979],[-103.364308,25.559189],[-103.364408,25.559136]]]}},{"type":"Feature","properties":{},"geometry":{"type":"Polygon","coordinates":[[[-103.364508,25.559083],[-103.364373,25.558873],[-103.364273,25.558926],[-103.364408,25.559136],[-103.364508,25.559083]]]}},{"type":"Feature","properties":{},"geometry":{"type":"Polygon","coordinates":[[[-103.364609,25.55903],[-103.364473,25.55882],[-103.364373,25.558873],[-103.364508,25.559083],[-103.364609,25.55903]]]}},{"type":"Feature","properties":{},"geometry":{"type":"Polygon","coordinates":[[[-103.364709,25.558977],[-103.364574,25.558767],[-103.364473,25.55882],[-103.364609,25.55903],[-103.364709,25.558977]]]}},{"type":"Feature","properties":{},"geometry":{"type":"Polygon","coordinates":[[[-103.364809,25.558924],[-103.364674,25.558714],[-103.364574,25.558767],[-103.364709,25.558977],[-103.364809,25.558924]]]}},{"type":"Feature","properties":{},"geometry":{"type":"Polygon","coordinates":[[[-103.36491,25.558871],[-103.364774,25.558661],[-103.364674,25.558714],[-103.364809,25.558924],[-103.36491,25.558871]]]}},{"type":"Feature","properties":{},"geometry":{"type":"Polygon","coordinates":[[[-103.36501,25.558818],[-103.364874,25.558607],[-103.364774,25.558661],[-103.36491,25.558871],[-103.36501,25.558818]]]}},{"type":"Feature","properties":{},"geometry":{"type":"Polygon","coordinates":[[[-103.36511,25.558765],[-103.364975,25.558554],[-103.364874,25.558607],[-103.36501,25.558818],[-103.36511,25.558765]]]}},{"type":"Feature","properties":{},"geometry":{"type":"Polygon","coordinates":[[[-103.36521,25.558712],[-103.365075,25.558501],[-103.364975,25.558554],[-103.36511,25.558765],[-103.36521,25.558712]]]}},{"type":"Feature","properties":{},"geometry":{"type":"Polygon","coordinates":[[[-103.365311,25.558659],[-103.365175,25.558448],[-103.365075,25.558501],[-103.36521,25.558712],[-103.365311,25.558659]]]}},{"type":"Feature","properties":{},"geometry":{"type":"Polygon","coordinates":[[[-103.358083,25.562075],[-103.357947,25.561864],[-103.357847,25.561917],[-103.357983,25.562128],[-103.358083,25.562075]]]}},{"type":"Feature","properties":{},"geometry":{"type":"Polygon","coordinates":[[[-103.358183,25.562022],[-103.358048,25.561811],[-103.357947,25.561864],[-103.358083,25.562075],[-103.358183,25.562022]]]}},{"type":"Feature","properties":{},"geometry":{"type":"Polygon","coordinates":[[[-103.358283,25.561969],[-103.358148,25.561758],[-103.358048,25.561811],[-103.358183,25.562022],[-103.358283,25.561969]]]}},{"type":"Feature","properties":{},"geometry":{"type":"Polygon","coordinates":[[[-103.358384,25.561916],[-103.358248,25.561705],[-103.358148,25.561758],[-103.358283,25.561969],[-103.358384,25.561916]]]}},{"type":"Feature","properties":{},"geometry":{"type":"Polygon","coordinates":[[[-103.358484,25.561863],[-103.358349,25.561652],[-103.358248,25.561705],[-103.358384,25.561916],[-103.358484,25.561863]]]}},{"type":"Feature","properties":{},"geometry":{"type":"Polygon","coordinates":[[[-103.358584,25.56181],[-103.358449,25.561599],[-103.358349,25.561652],[-103.358484,25.561863],[-103.358584,25.56181]]]}},{"type":"Feature","properties":{},"geometry":{"type":"Polygon","coordinates":[[[-103.358685,25.561756],[-103.358549,25.561546],[-103.358449,25.561599],[-103.358584,25.56181],[-103.358685,25.561756]]]}},{"type":"Feature","properties":{},"geometry":{"type":"Polygon","coordinates":[[[-103.358785,25.561703],[-103.35865,25.561493],[-103.358549,25.561546],[-103.358685,25.561756],[-103.358785,25.561703]]]}},{"type":"Feature","properties":{},"geometry":{"type":"Polygon","coordinates":[[[-103.358885,25.56165],[-103.35875,25.56144],[-103.35865,25.561493],[-103.358785,25.561703],[-103.358885,25.56165]]]}},{"type":"Feature","properties":{},"geometry":{"type":"Polygon","coordinates":[[[-103.358986,25.561597],[-103.35885,25.561387],[-103.35875,25.56144],[-103.358885,25.56165],[-103.358986,25.561597]]]}},{"type":"Feature","properties":{},"geometry":{"type":"Polygon","coordinates":[[[-103.359086,25.561544],[-103.35895,25.561334],[-103.35885,25.561387],[-103.358986,25.561597],[-103.359086,25.561544]]]}},{"type":"Feature","properties":{},"geometry":{"type":"Polygon","coordinates":[[[-103.359186,25.561491],[-103.359051,25.561281],[-103.35895,25.561334],[-103.359086,25.561544],[-103.359186,25.561491]]]}},{"type":"Feature","properties":{},"geometry":{"type":"Polygon","coordinates":[[[-103.35939,25.561384],[-103.359254,25.561173],[-103.359154,25.561226],[-103.359289,25.561437],[-103.35939,25.561384]]]}},{"type":"Feature","properties":{},"geometry":{"type":"Polygon","coordinates":[[[-103.35949,25.561331],[-103.359355,25.56112],[-103.359254,25.561173],[-103.35939,25.561384],[-103.35949,25.561331]]]}},{"type":"Feature","properties":{},"geometry":{"type":"Polygon","coordinates":[[[-103.35959,25.561277],[-103.359455,25.561067],[-103.359355,25.56112],[-103.35949,25.561331],[-103.35959,25.561277]]]}},{"type":"Feature","properties":{},"geometry":{"type":"Polygon","coordinates":[[[-103.359691,25.561224],[-103.359555,25.561014],[-103.359455,25.561067],[-103.35959,25.561277],[-103.359691,25.561224]]]}},{"type":"Feature","properties":{},"geometry":{"type":"Polygon","coordinates":[[[-103.359791,25.561171],[-103.359655,25.560961],[-103.359555,25.561014],[-103.359691,25.561224],[-103.359791,25.561171]]]}},{"type":"Feature","properties":{},"geometry":{"type":"Polygon","coordinates":[[[-103.359891,25.561118],[-103.359756,25.560908],[-103.359655,25.560961],[-103.359791,25.561171],[-103.359891,25.561118]]]}},{"type":"Feature","properties":{},"geometry":{"type":"Polygon","coordinates":[[[-103.359991,25.561065],[-103.359856,25.560855],[-103.359756,25.560908],[-103.359891,25.561118],[-103.359991,25.561065]]]}},{"type":"Feature","properties":{},"geometry":{"type":"Polygon","coordinates":[[[-103.360092,25.561012],[-103.359956,25.560802],[-103.359856,25.560855],[-103.359991,25.561065],[-103.360092,25.561012]]]}},{"type":"Feature","properties":{},"geometry":{"type":"Polygon","coordinates":[[[-103.360192,25.560959],[-103.360057,25.560749],[-103.359956,25.560802],[-103.360092,25.561012],[-103.360192,25.560959]]]}},{"type":"Feature","properties":{},"geometry":{"type":"Polygon","coordinates":[[[-103.360292,25.560906],[-103.360157,25.560696],[-103.360057,25.560749],[-103.360192,25.560959],[-103.360292,25.560906]]]}},{"type":"Feature","properties":{},"geometry":{"type":"Polygon","coordinates":[[[-103.360393,25.560853],[-103.360257,25.560642],[-103.360157,25.560696],[-103.360292,25.560906],[-103.360393,25.560853]]]}},{"type":"Feature","properties":{},"geometry":{"type":"Polygon","coordinates":[[[-103.360493,25.5608],[-103.360358,25.560589],[-103.360257,25.560642],[-103.360393,25.560853],[-103.360493,25.5608]]]}},{"type":"Feature","properties":{},"geometry":{"type":"Polygon","coordinates":[[[-103.360593,25.560747],[-103.360458,25.560536],[-103.360358,25.560589],[-103.360493,25.5608],[-103.360593,25.560747]]]}},{"type":"Feature","properties":{},"geometry":{"type":"Polygon","coordinates":[[[-103.360694,25.560694],[-103.360558,25.560483],[-103.360458,25.560536],[-103.360593,25.560747],[-103.360694,25.560694]]]}},{"type":"Feature","properties":{},"geometry":{"type":"Polygon","coordinates":[[[-103.360794,25.560641],[-103.360658,25.56043],[-103.360558,25.560483],[-103.360694,25.560694],[-103.360794,25.560641]]]}},{"type":"Feature","properties":{},"geometry":{"type":"Polygon","coordinates":[[[-103.360997,25.560533],[-103.360862,25.560323],[-103.360762,25.560376],[-103.360897,25.560586],[-103.360997,25.560533]]]}},{"type":"Feature","properties":{},"geometry":{"type":"Polygon","coordinates":[[[-103.361098,25.56048],[-103.360962,25.56027],[-103.360862,25.560323],[-103.360997,25.560533],[-103.361098,25.56048]]]}},{"type":"Feature","properties":{},"geometry":{"type":"Polygon","coordinates":[[[-103.361198,25.560427],[-103.361063,25.560216],[-103.360962,25.56027],[-103.361098,25.56048],[-103.361198,25.560427]]]}},{"type":"Feature","properties":{},"geometry":{"type":"Polygon","coordinates":[[[-103.361298,25.560374],[-103.361163,25.560163],[-103.361063,25.560216],[-103.361198,25.560427],[-103.361298,25.560374]]]}},{"type":"Feature","properties":{},"geometry":{"type":"Polygon","coordinates":[[[-103.361398,25.560321],[-103.361263,25.56011],[-103.361163,25.560163],[-103.361298,25.560374],[-103.361398,25.560321]]]}},{"type":"Feature","properties":{},"geometry":{"type":"Polygon","coordinates":[[[-103.361499,25.560268],[-103.361363,25.560057],[-103.361263,25.56011],[-103.361398,25.560321],[-103.361499,25.560268]]]}},{"type":"Feature","properties":{},"geometry":{"type":"Polygon","coordinates":[[[-103.361599,25.560215],[-103.361464,25.560004],[-103.361363,25.560057],[-103.361499,25.560268],[-103.361599,25.560215]]]}},{"type":"Feature","properties":{},"geometry":{"type":"Polygon","coordinates":[[[-103.361699,25.560162],[-103.361564,25.559951],[-103.361464,25.560004],[-103.361599,25.560215],[-103.361699,25.560162]]]}},{"type":"Feature","properties":{},"geometry":{"type":"Polygon","coordinates":[[[-103.3618,25.560109],[-103.361664,25.559898],[-103.361564,25.559951],[-103.361699,25.560162],[-103.3618,25.560109]]]}},{"type":"Feature","properties":{},"geometry":{"type":"Polygon","coordinates":[[[-103.3619,25.560056],[-103.361765,25.559845],[-103.361664,25.559898],[-103.3618,25.560109],[-103.3619,25.560056]]]}},{"type":"Feature","properties":{},"geometry":{"type":"Polygon","coordinates":[[[-103.362,25.560003],[-103.361865,25.559792],[-103.361765,25.559845],[-103.3619,25.560056],[-103.362,25.560003]]]}},{"type":"Feature","properties":{},"geometry":{"type":"Polygon","coordinates":[[[-103.362101,25.55995],[-103.361965,25.559739],[-103.361865,25.559792],[-103.362,25.560003],[-103.362101,25.55995]]]}},{"type":"Feature","properties":{},"geometry":{"type":"Polygon","coordinates":[[[-103.362201,25.559896],[-103.362065,25.559686],[-103.361965,25.559739],[-103.362101,25.55995],[-103.362201,25.559896]]]}},{"type":"Feature","properties":{},"geometry":{"type":"Polygon","coordinates":[[[-103.362301,25.559843],[-103.362166,25.559633],[-103.362065,25.559686],[-103.362201,25.559896],[-103.362301,25.559843]]]}},{"type":"Feature","properties":{},"geometry":{"type":"Polygon","coordinates":[[[-103.362401,25.55979],[-103.362266,25.55958],[-103.362166,25.559633],[-103.362301,25.559843],[-103.362401,25.55979]]]}},{"type":"Feature","properties":{},"geometry":{"type":"Polygon","coordinates":[[[-103.362605,25.559683],[-103.36247,25.559472],[-103.362369,25.559525],[-103.362505,25.559736],[-103.362605,25.559683]]]}},{"type":"Feature","properties":{},"geometry":{"type":"Polygon","coordinates":[[[-103.362705,25.55963],[-103.36257,25.559419],[-103.36247,25.559472],[-103.362605,25.559683],[-103.362705,25.55963]]]}},{"type":"Feature","properties":{},"geometry":{"type":"Polygon","coordinates":[[[-103.362806,25.559577],[-103.36267,25.559366],[-103.36257,25.559419],[-103.362705,25.55963],[-103.362806,25.559577]]]}},{"type":"Feature","properties":{},"geometry":{"type":"Polygon","coordinates":[[[-103.362906,25.559524],[-103.36277,25.559313],[-103.36267,25.559366],[-103.362806,25.559577],[-103.362906,25.559524]]]}},{"type":"Feature","properties":{},"geometry":{"type":"Polygon","coordinates":[[[-103.363006,25.55947],[-103.362871,25.55926],[-103.36277,25.559313],[-103.362906,25.559524],[-103.363006,25.55947]]]}},{"type":"Feature","properties":{},"geometry":{"type":"Polygon","coordinates":[[[-103.363106,25.559417],[-103.362971,25.559207],[-103.362871,25.55926],[-103.363006,25.55947],[-103.363106,25.559417]]]}},{"type":"Feature","properties":{},"geometry":{"type":"Polygon","coordinates":[[[-103.363207,25.559364],[-103.363071,25.559154],[-103.362971,25.559207],[-103.363106,25.559417],[-103.363207,25.559364]]]}},{"type":"Feature","properties":{},"geometry":{"type":"Polygon","coordinates":[[[-103.363307,25.559311],[-103.363172,25.559101],[-103.363071,25.559154],[-103.363207,25.559364],[-103.363307,25.559311]]]}},{"type":"Feature","properties":{},"geometry":{"type":"Polygon","coordinates":[[[-103.363407,25.559258],[-103.363272,25.559048],[-103.363172,25.559101],[-103.363307,25.559311],[-103.363407,25.559258]]]}},{"type":"Feature","properties":{},"geometry":{"type":"Polygon","coordinates":[[[-103.363508,25.559205],[-103.363372,25.558995],[-103.363272,25.559048],[-103.363407,25.559258],[-103.363508,25.559205]]]}},{"type":"Feature","properties":{},"geometry":{"type":"Polygon","coordinates":[[[-103.363608,25.559152],[-103.363473,25.558942],[-103.363372,25.558995],[-103.363508,25.559205],[-103.363608,25.559152]]]}},{"type":"Feature","properties":{},"geometry":{"type":"Polygon","coordinates":[[[-103.363708,25.559099],[-103.363573,25.558889],[-103.363473,25.558942],[-103.363608,25.559152],[-103.363708,25.559099]]]}},{"type":"Feature","properties":{},"geometry":{"type":"Polygon","coordinates":[[[-103.363808,25.559046],[-103.363673,25.558835],[-103.363573,25.558889],[-103.363708,25.559099],[-103.363808,25.559046]]]}},{"type":"Feature","properties":{},"geometry":{"type":"Polygon","coordinates":[[[-103.363909,25.558993],[-103.363773,25.558782],[-103.363673,25.558835],[-103.363808,25.559046],[-103.363909,25.558993]]]}},{"type":"Feature","properties":{},"geometry":{"type":"Polygon","coordinates":[[[-103.364009,25.55894],[-103.363874,25.558729],[-103.363773,25.558782],[-103.363909,25.558993],[-103.364009,25.55894]]]}},{"type":"Feature","properties":{},"geometry":{"type":"Polygon","coordinates":[[[-103.364213,25.558832],[-103.364077,25.558622],[-103.363977,25.558675],[-103.364112,25.558885],[-103.364213,25.558832]]]}},{"type":"Feature","properties":{},"geometry":{"type":"Polygon","coordinates":[[[-103.364313,25.558779],[-103.364177,25.558569],[-103.364077,25.558622],[-103.364213,25.558832],[-103.364313,25.558779]]]}},{"type":"Feature","properties":{},"geometry":{"type":"Polygon","coordinates":[[[-103.364413,25.558726],[-103.364278,25.558516],[-103.364177,25.558569],[-103.364313,25.558779],[-103.364413,25.558726]]]}},{"type":"Feature","properties":{},"geometry":{"type":"Polygon","coordinates":[[[-103.364513,25.558673],[-103.364378,25.558463],[-103.364278,25.558516],[-103.364413,25.558726],[-103.364513,25.558673]]]}},{"type":"Feature","properties":{},"geometry":{"type":"Polygon","coordinates":[[[-103.357984,25.564854],[-103.357849,25.564644],[-103.357749,25.564697],[-103.357884,25.564907],[-103.357984,25.564854]]]}},{"type":"Feature","properties":{},"geometry":{"type":"Polygon","coordinates":[[[-103.358085,25.564801],[-103.357949,25.564591],[-103.357849,25.564644],[-103.357984,25.564854],[-103.358085,25.564801]]]}},{"type":"Feature","properties":{},"geometry":{"type":"Polygon","coordinates":[[[-103.358185,25.564748],[-103.358049,25.564538],[-103.357949,25.564591],[-103.358085,25.564801],[-103.358185,25.564748]]]}},{"type":"Feature","properties":{},"geometry":{"type":"Polygon","coordinates":[[[-103.358285,25.564695],[-103.35815,25.564485],[-103.358049,25.564538],[-103.358185,25.564748],[-103.358285,25.564695]]]}},{"type":"Feature","properties":{},"geometry":{"type":"Polygon","coordinates":[[[-103.358385,25.564642],[-103.35825,25.564432],[-103.35815,25.564485],[-103.358285,25.564695],[-103.358385,25.564642]]]}},{"type":"Feature","properties":{},"geometry":{"type":"Polygon","coordinates":[[[-103.358486,25.564589],[-103.35835,25.564379],[-103.35825,25.564432],[-103.358385,25.564642],[-103.358486,25.564589]]]}},{"type":"Feature","properties":{},"geometry":{"type":"Polygon","coordinates":[[[-103.358586,25.564536],[-103.358451,25.564326],[-103.35835,25.564379],[-103.358486,25.564589],[-103.358586,25.564536]]]}},{"type":"Feature","properties":{},"geometry":{"type":"Polygon","coordinates":[[[-103.358686,25.564483],[-103.358551,25.564272],[-103.358451,25.564326],[-103.358586,25.564536],[-103.358686,25.564483]]]}},{"type":"Feature","properties":{},"geometry":{"type":"Polygon","coordinates":[[[-103.358787,25.56443],[-103.358651,25.564219],[-103.358551,25.564272],[-103.358686,25.564483],[-103.358787,25.56443]]]}},{"type":"Feature","properties":{},"geometry":{"type":"Polygon","coordinates":[[[-103.358887,25.564377],[-103.358752,25.564166],[-103.358651,25.564219],[-103.358787,25.56443],[-103.358887,25.564377]]]}},{"type":"Feature","properties":{},"geometry":{"type":"Polygon","coordinates":[[[-103.35909,25.564269],[-103.358955,25.564059],[-103.358855,25.564112],[-103.35899,25.564322],[-103.35909,25.564269]]]}},{"type":"Feature","properties":{},"geometry":{"type":"Polygon","coordinates":[[[-103.359191,25.564216],[-103.359055,25.564006],[-103.358955,25.564059],[-103.35909,25.564269],[-103.359191,25.564216]]]}},{"type":"Feature","properties":{},"geometry":{"type":"Polygon","coordinates":[[[-103.359291,25.564163],[-103.359156,25.563953],[-103.359055,25.564006],[-103.359191,25.564216],[-103.359291,25.564163]]]}},{"type":"Feature","properties":{},"geometry":{"type":"Polygon","coordinates":[[[-103.359391,25.56411],[-103.359256,25.5639],[-103.359156,25.563953],[-103.359291,25.564163],[-103.359391,25.56411]]]}},{"type":"Feature","properties":{},"geometry":{"type":"Polygon","coordinates":[[[-103.359492,25.564057],[-103.359356,25.563847],[-103.359256,25.5639],[-103.359391,25.56411],[-103.359492,25.564057]]]}},{"type":"Feature","properties":{},"geometry":{"type":"Polygon","coordinates":[[[-103.359592,25.564004],[-103.359457,25.563793],[-103.359356,25.563847],[-103.359492,25.564057],[-103.359592,25.564004]]]}},{"type":"Feature","properties":{},"geometry":{"type":"Polygon","coordinates":[[[-103.359692,25.563951],[-103.359557,25.56374],[-103.359457,25.563793],[-103.359592,25.564004],[-103.359692,25.563951]]]}},{"type":"Feature","properties":{},"geometry":{"type":"Polygon","coordinates":[[[-103.359793,25.563898],[-103.359657,25.563687],[-103.359557,25.56374],[-103.359692,25.563951],[-103.359793,25.563898]]]}},{"type":"Feature","properties":{},"geometry":{"type":"Polygon","coordinates":[[[-103.359893,25.563845],[-103.359758,25.563634],[-103.359657,25.563687],[-103.359793,25.563898],[-103.359893,25.563845]]]}},{"type":"Feature","properties":{},"geometry":{"type":"Polygon","coordinates":[[[-103.360999,25.56326],[-103.360864,25.563049],[-103.360763,25.563102],[-103.360899,25.563313],[-103.360999,25.56326]]]}},{"type":"Feature","properties":{},"geometry":{"type":"Polygon","coordinates":[[[-103.361099,25.563207],[-103.360964,25.562996],[-103.360864,25.563049],[-103.360999,25.56326],[-103.361099,25.563207]]]}},{"type":"Feature","properties":{},"geometry":{"type":"Polygon","coordinates":[[[-103.3612,25.563154],[-103.361064,25.562943],[-103.360964,25.562996],[-103.361099,25.563207],[-103.3612,25.563154]]]}},{"type":"Feature","properties":{},"geometry":{"type":"Polygon","coordinates":[[[-103.3613,25.563101],[-103.361165,25.56289],[-103.361064,25.562943],[-103.3612,25.563154],[-103.3613,25.563101]]]}},{"type":"Feature","properties":{},"geometry":{"type":"Polygon","coordinates":[[[-103.3614,25.563048],[-103.361265,25.562837],[-103.361165,25.56289],[-103.3613,25.563101],[-103.3614,25.563048]]]}},{"type":"Feature","properties":{},"geometry":{"type":"Polygon","coordinates":[[[-103.361501,25.562994],[-103.361365,25.562784],[-103.361265,25.562837],[-103.3614,25.563048],[-103.361501,25.562994]]]}},{"type":"Feature","properties":{},"geometry":{"type":"Polygon","coordinates":[[[-103.361601,25.562941],[-103.361466,25.562731],[-103.361365,25.562784],[-103.361501,25.562994],[-103.361601,25.562941]]]}},{"type":"Feature","properties":{},"geometry":{"type":"Polygon","coordinates":[[[-103.361701,25.562888],[-103.361566,25.562678],[-103.361466,25.562731],[-103.361601,25.562941],[-103.361701,25.562888]]]}},{"type":"Feature","properties":{},"geometry":{"type":"Polygon","coordinates":[[[-103.361801,25.562835],[-103.361666,25.562625],[-103.361566,25.562678],[-103.361701,25.562888],[-103.361801,25.562835]]]}},{"type":"Feature","properties":{},"geometry":{"type":"Polygon","coordinates":[[[-103.361902,25.562782],[-103.361766,25.562572],[-103.361666,25.562625],[-103.361801,25.562835],[-103.361902,25.562782]]]}},{"type":"Feature","properties":{},"geometry":{"type":"Polygon","coordinates":[[[-103.362002,25.562729],[-103.361867,25.562519],[-103.361766,25.562572],[-103.361902,25.562782],[-103.362002,25.562729]]]}},{"type":"Feature","properties":{},"geometry":{"type":"Polygon","coordinates":[[[-103.362102,25.562676],[-103.361967,25.562466],[-103.361867,25.562519],[-103.362002,25.562729],[-103.362102,25.562676]]]}},{"type":"Feature","properties":{},"geometry":{"type":"Polygon","coordinates":[[[-103.362306,25.562568],[-103.36217,25.562358],[-103.36207,25.562411],[-103.362206,25.562622],[-103.362306,25.562568]]]}},{"type":"Feature","properties":{},"geometry":{"type":"Polygon","coordinates":[[[-103.362406,25.562515],[-103.362271,25.562305],[-103.36217,25.562358],[-103.362306,25.562568],[-103.362406,25.562515]]]}},{"type":"Feature","properties":{},"geometry":{"type":"Polygon","coordinates":[[[-103.362506,25.562462],[-103.362371,25.562252],[-103.362271,25.562305],[-103.362406,25.562515],[-103.362506,25.562462]]]}},{"type":"Feature","properties":{},"geometry":{"type":"Polygon","coordinates":[[[-103.362607,25.562409],[-103.362471,25.562199],[-103.362371,25.562252],[-103.362506,25.562462],[-103.362607,25.562409]]]}},{"type":"Feature","properties":{},"geometry":{"type":"Polygon","coordinates":[[[-103.362707,25.562356],[-103.362572,25.562146],[-103.362471,25.562199],[-103.362607,25.562409],[-103.362707,25.562356]]]}},{"type":"Feature","properties":{},"geometry":{"type":"Polygon","coordinates":[[[-103.362807,25.562303],[-103.362672,25.562093],[-103.362572,25.562146],[-103.362707,25.562356],[-103.362807,25.562303]]]}},{"type":"Feature","properties":{},"geometry":{"type":"Polygon","coordinates":[[[-103.362908,25.56225],[-103.362772,25.56204],[-103.362672,25.562093],[-103.362807,25.562303],[-103.362908,25.56225]]]}},{"type":"Feature","properties":{},"geometry":{"type":"Polygon","coordinates":[[[-103.363008,25.562197],[-103.362873,25.561987],[-103.362772,25.56204],[-103.362908,25.56225],[-103.363008,25.562197]]]}},{"type":"Feature","properties":{},"geometry":{"type":"Polygon","coordinates":[[[-103.363108,25.562144],[-103.362973,25.561933],[-103.362873,25.561987],[-103.363008,25.562197],[-103.363108,25.562144]]]}},{"type":"Feature","properties":{},"geometry":{"type":"Polygon","coordinates":[[[-103.363209,25.562091],[-103.363073,25.56188],[-103.362973,25.561933],[-103.363108,25.562144],[-103.363209,25.562091]]]}},{"type":"Feature","properties":{},"geometry":{"type":"Polygon","coordinates":[[[-103.363309,25.562038],[-103.363173,25.561827],[-103.363073,25.56188],[-103.363209,25.562091],[-103.363309,25.562038]]]}},{"type":"Feature","properties":{},"geometry":{"type":"Polygon","coordinates":[[[-103.363409,25.561985],[-103.363274,25.561774],[-103.363173,25.561827],[-103.363309,25.562038],[-103.363409,25.561985]]]}},{"type":"Feature","properties":{},"geometry":{"type":"Polygon","coordinates":[[[-103.363509,25.561932],[-103.363374,25.561721],[-103.363274,25.561774],[-103.363409,25.561985],[-103.363509,25.561932]]]}},{"type":"Feature","properties":{},"geometry":{"type":"Polygon","coordinates":[[[-103.36361,25.561879],[-103.363474,25.561668],[-103.363374,25.561721],[-103.363509,25.561932],[-103.36361,25.561879]]]}},{"type":"Feature","properties":{},"geometry":{"type":"Polygon","coordinates":[[[-103.36371,25.561826],[-103.363575,25.561615],[-103.363474,25.561668],[-103.36361,25.561879],[-103.36371,25.561826]]]}},{"type":"Feature","properties":{},"geometry":{"type":"Polygon","coordinates":[[[-103.363914,25.561718],[-103.363778,25.561507],[-103.363678,25.561561],[-103.363813,25.561771],[-103.363914,25.561718]]]}},{"type":"Feature","properties":{},"geometry":{"type":"Polygon","coordinates":[[[-103.364014,25.561665],[-103.363878,25.561454],[-103.363778,25.561507],[-103.363914,25.561718],[-103.364014,25.561665]]]}},{"type":"Feature","properties":{},"geometry":{"type":"Polygon","coordinates":[[[-103.364114,25.561612],[-103.363979,25.561401],[-103.363878,25.561454],[-103.364014,25.561665],[-103.364114,25.561612]]]}},{"type":"Feature","properties":{},"geometry":{"type":"Polygon","coordinates":[[[-103.364214,25.561559],[-103.364079,25.561348],[-103.363979,25.561401],[-103.364114,25.561612],[-103.364214,25.561559]]]}},{"type":"Feature","properties":{},"geometry":{"type":"Polygon","coordinates":[[[-103.364315,25.561506],[-103.364179,25.561295],[-103.364079,25.561348],[-103.364214,25.561559],[-103.364315,25.561506]]]}},{"type":"Feature","properties":{},"geometry":{"type":"Polygon","coordinates":[[[-103.364415,25.561453],[-103.36428,25.561242],[-103.364179,25.561295],[-103.364315,25.561506],[-103.364415,25.561453]]]}},{"type":"Feature","properties":{},"geometry":{"type":"Polygon","coordinates":[[[-103.364515,25.5614],[-103.36438,25.561189],[-103.36428,25.561242],[-103.364415,25.561453],[-103.364515,25.5614]]]}},{"type":"Feature","properties":{},"geometry":{"type":"Polygon","coordinates":[[[-103.364616,25.561347],[-103.36448,25.561136],[-103.36438,25.561189],[-103.364515,25.5614],[-103.364616,25.561347]]]}},{"type":"Feature","properties":{},"geometry":{"type":"Polygon","coordinates":[[[-103.364716,25.561294],[-103.364581,25.561083],[-103.36448,25.561136],[-103.364616,25.561347],[-103.364716,25.561294]]]}},{"type":"Feature","properties":{},"geometry":{"type":"Polygon","coordinates":[[[-103.364816,25.561241],[-103.364681,25.56103],[-103.364581,25.561083],[-103.364716,25.561294],[-103.364816,25.561241]]]}},{"type":"Feature","properties":{},"geometry":{"type":"Polygon","coordinates":[[[-103.364916,25.561187],[-103.364781,25.560977],[-103.364681,25.56103],[-103.364816,25.561241],[-103.364916,25.561187]]]}},{"type":"Feature","properties":{},"geometry":{"type":"Polygon","coordinates":[[[-103.365017,25.561134],[-103.364881,25.560924],[-103.364781,25.560977],[-103.364916,25.561187],[-103.365017,25.561134]]]}},{"type":"Feature","properties":{},"geometry":{"type":"Polygon","coordinates":[[[-103.365117,25.561081],[-103.364982,25.560871],[-103.364881,25.560924],[-103.365017,25.561134],[-103.365117,25.561081]]]}},{"type":"Feature","properties":{},"geometry":{"type":"Polygon","coordinates":[[[-103.365217,25.561028],[-103.365082,25.560818],[-103.364982,25.560871],[-103.365117,25.561081],[-103.365217,25.561028]]]}},{"type":"Feature","properties":{},"geometry":{"type":"Polygon","coordinates":[[[-103.365318,25.560975],[-103.365182,25.560765],[-103.365082,25.560818],[-103.365217,25.561028],[-103.365318,25.560975]]]}},{"type":"Feature","properties":{},"geometry":{"type":"Polygon","coordinates":[[[-103.365521,25.560868],[-103.365386,25.560657],[-103.365285,25.56071],[-103.365421,25.560921],[-103.365521,25.560868]]]}},{"type":"Feature","properties":{},"geometry":{"type":"Polygon","coordinates":[[[-103.365621,25.560815],[-103.365486,25.560604],[-103.365386,25.560657],[-103.365521,25.560868],[-103.365621,25.560815]]]}},{"type":"Feature","properties":{},"geometry":{"type":"Polygon","coordinates":[[[-103.365722,25.560761],[-103.365586,25.560551],[-103.365486,25.560604],[-103.365621,25.560815],[-103.365722,25.560761]]]}},{"type":"Feature","properties":{},"geometry":{"type":"Polygon","coordinates":[[[-103.365822,25.560708],[-103.365687,25.560498],[-103.365586,25.560551],[-103.365722,25.560761],[-103.365822,25.560708]]]}},{"type":"Feature","properties":{},"geometry":{"type":"Polygon","coordinates":[[[-103.365922,25.560655],[-103.365787,25.560445],[-103.365687,25.560498],[-103.365822,25.560708],[-103.365922,25.560655]]]}},{"type":"Feature","properties":{},"geometry":{"type":"Polygon","coordinates":[[[-103.366023,25.560602],[-103.365887,25.560392],[-103.365787,25.560445],[-103.365922,25.560655],[-103.366023,25.560602]]]}},{"type":"Feature","properties":{},"geometry":{"type":"Polygon","coordinates":[[[-103.366123,25.560549],[-103.365988,25.560339],[-103.365887,25.560392],[-103.366023,25.560602],[-103.366123,25.560549]]]}},{"type":"Feature","properties":{},"geometry":{"type":"Polygon","coordinates":[[[-103.366223,25.560496],[-103.366088,25.560286],[-103.365988,25.560339],[-103.366123,25.560549],[-103.366223,25.560496]]]}},{"type":"Feature","properties":{},"geometry":{"type":"Polygon","coordinates":[[[-103.366324,25.560443],[-103.366188,25.560233],[-103.366088,25.560286],[-103.366223,25.560496],[-103.366324,25.560443]]]}},{"type":"Feature","properties":{},"geometry":{"type":"Polygon","coordinates":[[[-103.366424,25.56039],[-103.366288,25.560179],[-103.366188,25.560233],[-103.366324,25.560443],[-103.366424,25.56039]]]}},{"type":"Feature","properties":{},"geometry":{"type":"Polygon","coordinates":[[[-103.366524,25.560337],[-103.366389,25.560126],[-103.366288,25.560179],[-103.366424,25.56039],[-103.366524,25.560337]]]}},{"type":"Feature","properties":{},"geometry":{"type":"Polygon","coordinates":[[[-103.366624,25.560284],[-103.366489,25.560073],[-103.366389,25.560126],[-103.366524,25.560337],[-103.366624,25.560284]]]}},{"type":"Feature","properties":{},"geometry":{"type":"Polygon","coordinates":[[[-103.366725,25.560231],[-103.366589,25.56002],[-103.366489,25.560073],[-103.366624,25.560284],[-103.366725,25.560231]]]}},{"type":"Feature","properties":{},"geometry":{"type":"Polygon","coordinates":[[[-103.366825,25.560178],[-103.36669,25.559967],[-103.366589,25.56002],[-103.366725,25.560231],[-103.366825,25.560178]]]}},{"type":"Feature","properties":{},"geometry":{"type":"Polygon","coordinates":[[[-103.366925,25.560125],[-103.36679,25.559914],[-103.36669,25.559967],[-103.366825,25.560178],[-103.366925,25.560125]]]}},{"type":"Feature","properties":{},"geometry":{"type":"Polygon","coordinates":[[[-103.367129,25.560017],[-103.366993,25.559807],[-103.366893,25.55986],[-103.367028,25.56007],[-103.367129,25.560017]]]}},{"type":"Feature","properties":{},"geometry":{"type":"Polygon","coordinates":[[[-103.367229,25.559964],[-103.367094,25.559753],[-103.366993,25.559807],[-103.367129,25.560017],[-103.367229,25.559964]]]}},{"type":"Feature","properties":{},"geometry":{"type":"Polygon","coordinates":[[[-103.367329,25.559911],[-103.367194,25.5597],[-103.367094,25.559753],[-103.367229,25.559964],[-103.367329,25.559911]]]}},{"type":"Feature","properties":{},"geometry":{"type":"Polygon","coordinates":[[[-103.36743,25.559858],[-103.367294,25.559647],[-103.367194,25.5597],[-103.367329,25.559911],[-103.36743,25.559858]]]}},{"type":"Feature","properties":{},"geometry":{"type":"Polygon","coordinates":[[[-103.36753,25.559805],[-103.367395,25.559594],[-103.367294,25.559647],[-103.36743,25.559858],[-103.36753,25.559805]]]}},{"type":"Feature","properties":{},"geometry":{"type":"Polygon","coordinates":[[[-103.36763,25.559752],[-103.367495,25.559541],[-103.367395,25.559594],[-103.36753,25.559805],[-103.36763,25.559752]]]}},{"type":"Feature","properties":{},"geometry":{"type":"Polygon","coordinates":[[[-103.367731,25.559699],[-103.367595,25.559488],[-103.367495,25.559541],[-103.36763,25.559752],[-103.367731,25.559699]]]}},{"type":"Feature","properties":{},"geometry":{"type":"Polygon","coordinates":[[[-103.367831,25.559646],[-103.367695,25.559435],[-103.367595,25.559488],[-103.367731,25.559699],[-103.367831,25.559646]]]}},{"type":"Feature","properties":{},"geometry":{"type":"Polygon","coordinates":[[[-103.367931,25.559593],[-103.367796,25.559382],[-103.367695,25.559435],[-103.367831,25.559646],[-103.367931,25.559593]]]}},{"type":"Feature","properties":{},"geometry":{"type":"Polygon","coordinates":[[[-103.368031,25.55954],[-103.367896,25.559329],[-103.367796,25.559382],[-103.367931,25.559593],[-103.368031,25.55954]]]}},{"type":"Feature","properties":{},"geometry":{"type":"Polygon","coordinates":[[[-103.368132,25.559486],[-103.367996,25.559276],[-103.367896,25.559329],[-103.368031,25.55954],[-103.368132,25.559486]]]}},{"type":"Feature","properties":{},"geometry":{"type":"Polygon","coordinates":[[[-103.368232,25.559433],[-103.368097,25.559223],[-103.367996,25.559276],[-103.368132,25.559486],[-103.368232,25.559433]]]}},{"type":"Feature","properties":{},"geometry":{"type":"Polygon","coordinates":[[[-103.368332,25.55938],[-103.368197,25.55917],[-103.368097,25.559223],[-103.368232,25.559433],[-103.368332,25.55938]]]}},{"type":"Feature","properties":{},"geometry":{"type":"Polygon","coordinates":[[[-103.368433,25.559327],[-103.368297,25.559117],[-103.368197,25.55917],[-103.368332,25.55938],[-103.368433,25.559327]]]}},{"type":"Feature","properties":{},"geometry":{"type":"Polygon","coordinates":[[[-103.368533,25.559274],[-103.368398,25.559064],[-103.368297,25.559117],[-103.368433,25.559327],[-103.368533,25.559274]]]}},{"type":"Feature","properties":{},"geometry":{"type":"Polygon","coordinates":[[[-103.368736,25.559167],[-103.368601,25.558956],[-103.368501,25.559009],[-103.368636,25.55922],[-103.368736,25.559167]]]}},{"type":"Feature","properties":{},"geometry":{"type":"Polygon","coordinates":[[[-103.358019,25.565118],[-103.357884,25.564907],[-103.357784,25.564961],[-103.357919,25.565171],[-103.358019,25.565118]]]}},{"type":"Feature","properties":{},"geometry":{"type":"Polygon","coordinates":[[[-103.35812,25.565065],[-103.357984,25.564854],[-103.357884,25.564907],[-103.358019,25.565118],[-103.35812,25.565065]]]}},{"type":"Feature","properties":{},"geometry":{"type":"Polygon","coordinates":[[[-103.35822,25.565012],[-103.358085,25.564801],[-103.357984,25.564854],[-103.35812,25.565065],[-103.35822,25.565012]]]}},{"type":"Feature","properties":{},"geometry":{"type":"Polygon","coordinates":[[[-103.35832,25.564959],[-103.358185,25.564748],[-103.358085,25.564801],[-103.35822,25.565012],[-103.35832,25.564959]]]}},{"type":"Feature","properties":{},"geometry":{"type":"Polygon","coordinates":[[[-103.358421,25.564906],[-103.358285,25.564695],[-103.358185,25.564748],[-103.35832,25.564959],[-103.358421,25.564906]]]}},{"type":"Feature","properties":{},"geometry":{"type":"Polygon","coordinates":[[[-103.358521,25.564853],[-103.358385,25.564642],[-103.358285,25.564695],[-103.358421,25.564906],[-103.358521,25.564853]]]}},{"type":"Feature","properties":{},"geometry":{"type":"Polygon","coordinates":[[[-103.358621,25.5648],[-103.358486,25.564589],[-103.358385,25.564642],[-103.358521,25.564853],[-103.358621,25.5648]]]}},{"type":"Feature","properties":{},"geometry":{"type":"Polygon","coordinates":[[[-103.358721,25.564747],[-103.358586,25.564536],[-103.358486,25.564589],[-103.358621,25.5648],[-103.358721,25.564747]]]}},{"type":"Feature","properties":{},"geometry":{"type":"Polygon","coordinates":[[[-103.358822,25.564694],[-103.358686,25.564483],[-103.358586,25.564536],[-103.358721,25.564747],[-103.358822,25.564694]]]}},{"type":"Feature","properties":{},"geometry":{"type":"Polygon","coordinates":[[[-103.358922,25.564641],[-103.358787,25.56443],[-103.358686,25.564483],[-103.358822,25.564694],[-103.358922,25.564641]]]}},{"type":"Feature","properties":{},"geometry":{"type":"Polygon","coordinates":[[[-103.359022,25.564587],[-103.358887,25.564377],[-103.358787,25.56443],[-103.358922,25.564641],[-103.359022,25.564587]]]}},{"type":"Feature","properties":{},"geometry":{"type":"Polygon","coordinates":[[[-103.359226,25.56448],[-103.35909,25.564269],[-103.35899,25.564322],[-103.359126,25.564533],[-103.359226,25.56448]]]}},{"type":"Feature","properties":{},"geometry":{"type":"Polygon","coordinates":[[[-103.359326,25.564427],[-103.359191,25.564216],[-103.35909,25.564269],[-103.359226,25.56448],[-103.359326,25.564427]]]}},{"type":"Feature","properties":{},"geometry":{"type":"Polygon","coordinates":[[[-103.359426,25.564374],[-103.359291,25.564163],[-103.359191,25.564216],[-103.359326,25.564427],[-103.359426,25.564374]]]}},{"type":"Feature","properties":{},"geometry":{"type":"Polygon","coordinates":[[[-103.359527,25.564321],[-103.359391,25.56411],[-103.359291,25.564163],[-103.359426,25.564374],[-103.359527,25.564321]]]}},{"type":"Feature","properties":{},"geometry":{"type":"Polygon","coordinates":[[[-103.359627,25.564268],[-103.359492,25.564057],[-103.359391,25.56411],[-103.359527,25.564321],[-103.359627,25.564268]]]}},{"type":"Feature","properties":{},"geometry":{"type":"Polygon","coordinates":[[[-103.359727,25.564215],[-103.359592,25.564004],[-103.359492,25.564057],[-103.359627,25.564268],[-103.359727,25.564215]]]}},{"type":"Feature","properties":{},"geometry":{"type":"Polygon","coordinates":[[[-103.359828,25.564162],[-103.359692,25.563951],[-103.359592,25.564004],[-103.359727,25.564215],[-103.359828,25.564162]]]}},{"type":"Feature","properties":{},"geometry":{"type":"Polygon","coordinates":[[[-103.359928,25.564108],[-103.359793,25.563898],[-103.359692,25.563951],[-103.359828,25.564162],[-103.359928,25.564108]]]}},{"type":"Feature","properties":{},"geometry":{"type":"Polygon","coordinates":[[[-103.360028,25.564055],[-103.359893,25.563845],[-103.359793,25.563898],[-103.359928,25.564108],[-103.360028,25.564055]]]}},{"type":"Feature","properties":{},"geometry":{"type":"Polygon","coordinates":[[[-103.361134,25.56347],[-103.360999,25.56326],[-103.360899,25.563313],[-103.361034,25.563523],[-103.361134,25.56347]]]}},{"type":"Feature","properties":{},"geometry":{"type":"Polygon","coordinates":[[[-103.361235,25.563417],[-103.361099,25.563207],[-103.360999,25.56326],[-103.361134,25.56347],[-103.361235,25.563417]]]}},{"type":"Feature","properties":{},"geometry":{"type":"Polygon","coordinates":[[[-103.361335,25.563364],[-103.3612,25.563154],[-103.361099,25.563207],[-103.361235,25.563417],[-103.361335,25.563364]]]}},{"type":"Feature","properties":{},"geometry":{"type":"Polygon","coordinates":[[[-103.361435,25.563311],[-103.3613,25.563101],[-103.3612,25.563154],[-103.361335,25.563364],[-103.361435,25.563311]]]}},{"type":"Feature","properties":{},"geometry":{"type":"Polygon","coordinates":[[[-103.361536,25.563258],[-103.3614,25.563048],[-103.3613,25.563101],[-103.361435,25.563311],[-103.361536,25.563258]]]}},{"type":"Feature","properties":{},"geometry":{"type":"Polygon","coordinates":[[[-103.361636,25.563205],[-103.361501,25.562994],[-103.3614,25.563048],[-103.361536,25.563258],[-103.361636,25.563205]]]}},{"type":"Feature","properties":{},"geometry":{"type":"Polygon","coordinates":[[[-103.361736,25.563152],[-103.361601,25.562941],[-103.361501,25.562994],[-103.361636,25.563205],[-103.361736,25.563152]]]}},{"type":"Feature","properties":{},"geometry":{"type":"Polygon","coordinates":[[[-103.361837,25.563099],[-103.361701,25.562888],[-103.361601,25.562941],[-103.361736,25.563152],[-103.361837,25.563099]]]}},{"type":"Feature","properties":{},"geometry":{"type":"Polygon","coordinates":[[[-103.361937,25.563046],[-103.361801,25.562835],[-103.361701,25.562888],[-103.361837,25.563099],[-103.361937,25.563046]]]}},{"type":"Feature","properties":{},"geometry":{"type":"Polygon","coordinates":[[[-103.362037,25.562993],[-103.361902,25.562782],[-103.361801,25.562835],[-103.361937,25.563046],[-103.362037,25.562993]]]}},{"type":"Feature","properties":{},"geometry":{"type":"Polygon","coordinates":[[[-103.362137,25.56294],[-103.362002,25.562729],[-103.361902,25.562782],[-103.362037,25.562993],[-103.362137,25.56294]]]}},{"type":"Feature","properties":{},"geometry":{"type":"Polygon","coordinates":[[[-103.362238,25.562887],[-103.362102,25.562676],[-103.362002,25.562729],[-103.362137,25.56294],[-103.362238,25.562887]]]}},{"type":"Feature","properties":{},"geometry":{"type":"Polygon","coordinates":[[[-103.362441,25.562779],[-103.362306,25.562568],[-103.362206,25.562622],[-103.362341,25.562832],[-103.362441,25.562779]]]}},{"type":"Feature","properties":{},"geometry":{"type":"Polygon","coordinates":[[[-103.362542,25.562726],[-103.362406,25.562515],[-103.362306,25.562568],[-103.362441,25.562779],[-103.362542,25.562726]]]}},{"type":"Feature","properties":{},"geometry":{"type":"Polygon","coordinates":[[[-103.362642,25.562673],[-103.362506,25.562462],[-103.362406,25.562515],[-103.362542,25.562726],[-103.362642,25.562673]]]}},{"type":"Feature","properties":{},"geometry":{"type":"Polygon","coordinates":[[[-103.362742,25.56262],[-103.362607,25.562409],[-103.362506,25.562462],[-103.362642,25.562673],[-103.362742,25.56262]]]}},{"type":"Feature","properties":{},"geometry":{"type":"Polygon","coordinates":[[[-103.362842,25.562567],[-103.362707,25.562356],[-103.362607,25.562409],[-103.362742,25.56262],[-103.362842,25.562567]]]}},{"type":"Feature","properties":{},"geometry":{"type":"Polygon","coordinates":[[[-103.362943,25.562514],[-103.362807,25.562303],[-103.362707,25.562356],[-103.362842,25.562567],[-103.362943,25.562514]]]}},{"type":"Feature","properties":{},"geometry":{"type":"Polygon","coordinates":[[[-103.363043,25.562461],[-103.362908,25.56225],[-103.362807,25.562303],[-103.362943,25.562514],[-103.363043,25.562461]]]}},{"type":"Feature","properties":{},"geometry":{"type":"Polygon","coordinates":[[[-103.363143,25.562408],[-103.363008,25.562197],[-103.362908,25.56225],[-103.363043,25.562461],[-103.363143,25.562408]]]}},{"type":"Feature","properties":{},"geometry":{"type":"Polygon","coordinates":[[[-103.363244,25.562355],[-103.363108,25.562144],[-103.363008,25.562197],[-103.363143,25.562408],[-103.363244,25.562355]]]}},{"type":"Feature","properties":{},"geometry":{"type":"Polygon","coordinates":[[[-103.363344,25.562302],[-103.363209,25.562091],[-103.363108,25.562144],[-103.363244,25.562355],[-103.363344,25.562302]]]}},{"type":"Feature","properties":{},"geometry":{"type":"Polygon","coordinates":[[[-103.363444,25.562248],[-103.363309,25.562038],[-103.363209,25.562091],[-103.363344,25.562302],[-103.363444,25.562248]]]}},{"type":"Feature","properties":{},"geometry":{"type":"Polygon","coordinates":[[[-103.363545,25.562195],[-103.363409,25.561985],[-103.363309,25.562038],[-103.363444,25.562248],[-103.363545,25.562195]]]}},{"type":"Feature","properties":{},"geometry":{"type":"Polygon","coordinates":[[[-103.363645,25.562142],[-103.363509,25.561932],[-103.363409,25.561985],[-103.363545,25.562195],[-103.363645,25.562142]]]}},{"type":"Feature","properties":{},"geometry":{"type":"Polygon","coordinates":[[[-103.363745,25.562089],[-103.36361,25.561879],[-103.363509,25.561932],[-103.363645,25.562142],[-103.363745,25.562089]]]}},{"type":"Feature","properties":{},"geometry":{"type":"Polygon","coordinates":[[[-103.363845,25.562036],[-103.36371,25.561826],[-103.36361,25.561879],[-103.363745,25.562089],[-103.363845,25.562036]]]}},{"type":"Feature","properties":{},"geometry":{"type":"Polygon","coordinates":[[[-103.364049,25.561929],[-103.363914,25.561718],[-103.363813,25.561771],[-103.363949,25.561982],[-103.364049,25.561929]]]}},{"type":"Feature","properties":{},"geometry":{"type":"Polygon","coordinates":[[[-103.364149,25.561876],[-103.364014,25.561665],[-103.363914,25.561718],[-103.364049,25.561929],[-103.364149,25.561876]]]}},{"type":"Feature","properties":{},"geometry":{"type":"Polygon","coordinates":[[[-103.364249,25.561822],[-103.364114,25.561612],[-103.364014,25.561665],[-103.364149,25.561876],[-103.364249,25.561822]]]}},{"type":"Feature","properties":{},"geometry":{"type":"Polygon","coordinates":[[[-103.36435,25.561769],[-103.364214,25.561559],[-103.364114,25.561612],[-103.364249,25.561822],[-103.36435,25.561769]]]}},{"type":"Feature","properties":{},"geometry":{"type":"Polygon","coordinates":[[[-103.36445,25.561716],[-103.364315,25.561506],[-103.364214,25.561559],[-103.36435,25.561769],[-103.36445,25.561716]]]}},{"type":"Feature","properties":{},"geometry":{"type":"Polygon","coordinates":[[[-103.36455,25.561663],[-103.364415,25.561453],[-103.364315,25.561506],[-103.36445,25.561716],[-103.36455,25.561663]]]}},{"type":"Feature","properties":{},"geometry":{"type":"Polygon","coordinates":[[[-103.364651,25.56161],[-103.364515,25.5614],[-103.364415,25.561453],[-103.36455,25.561663],[-103.364651,25.56161]]]}},{"type":"Feature","properties":{},"geometry":{"type":"Polygon","coordinates":[[[-103.364751,25.561557],[-103.364616,25.561347],[-103.364515,25.5614],[-103.364651,25.56161],[-103.364751,25.561557]]]}},{"type":"Feature","properties":{},"geometry":{"type":"Polygon","coordinates":[[[-103.364851,25.561504],[-103.364716,25.561294],[-103.364616,25.561347],[-103.364751,25.561557],[-103.364851,25.561504]]]}},{"type":"Feature","properties":{},"geometry":{"type":"Polygon","coordinates":[[[-103.364952,25.561451],[-103.364816,25.561241],[-103.364716,25.561294],[-103.364851,25.561504],[-103.364952,25.561451]]]}},{"type":"Feature","properties":{},"geometry":{"type":"Polygon","coordinates":[[[-103.365052,25.561398],[-103.364916,25.561187],[-103.364816,25.561241],[-103.364952,25.561451],[-103.365052,25.561398]]]}},{"type":"Feature","properties":{},"geometry":{"type":"Polygon","coordinates":[[[-103.365152,25.561345],[-103.365017,25.561134],[-103.364916,25.561187],[-103.365052,25.561398],[-103.365152,25.561345]]]}},{"type":"Feature","properties":{},"geometry":{"type":"Polygon","coordinates":[[[-103.365252,25.561292],[-103.365117,25.561081],[-103.365017,25.561134],[-103.365152,25.561345],[-103.365252,25.561292]]]}},{"type":"Feature","properties":{},"geometry":{"type":"Polygon","coordinates":[[[-103.365353,25.561239],[-103.365217,25.561028],[-103.365117,25.561081],[-103.365252,25.561292],[-103.365353,25.561239]]]}},{"type":"Feature","properties":{},"geometry":{"type":"Polygon","coordinates":[[[-103.365453,25.561186],[-103.365318,25.560975],[-103.365217,25.561028],[-103.365353,25.561239],[-103.365453,25.561186]]]}},{"type":"Feature","properties":{},"geometry":{"type":"Polygon","coordinates":[[[-103.365657,25.561078],[-103.365521,25.560868],[-103.365421,25.560921],[-103.365556,25.561131],[-103.365657,25.561078]]]}},{"type":"Feature","properties":{},"geometry":{"type":"Polygon","coordinates":[[[-103.365757,25.561025],[-103.365621,25.560815],[-103.365521,25.560868],[-103.365657,25.561078],[-103.365757,25.561025]]]}},{"type":"Feature","properties":{},"geometry":{"type":"Polygon","coordinates":[[[-103.365857,25.560972],[-103.365722,25.560761],[-103.365621,25.560815],[-103.365757,25.561025],[-103.365857,25.560972]]]}},{"type":"Feature","properties":{},"geometry":{"type":"Polygon","coordinates":[[[-103.365957,25.560919],[-103.365822,25.560708],[-103.365722,25.560761],[-103.365857,25.560972],[-103.365957,25.560919]]]}},{"type":"Feature","properties":{},"geometry":{"type":"Polygon","coordinates":[[[-103.366058,25.560866],[-103.365922,25.560655],[-103.365822,25.560708],[-103.365957,25.560919],[-103.366058,25.560866]]]}},{"type":"Feature","properties":{},"geometry":{"type":"Polygon","coordinates":[[[-103.366158,25.560813],[-103.366023,25.560602],[-103.365922,25.560655],[-103.366058,25.560866],[-103.366158,25.560813]]]}},{"type":"Feature","properties":{},"geometry":{"type":"Polygon","coordinates":[[[-103.366258,25.56076],[-103.366123,25.560549],[-103.366023,25.560602],[-103.366158,25.560813],[-103.366258,25.56076]]]}},{"type":"Feature","properties":{},"geometry":{"type":"Polygon","coordinates":[[[-103.366359,25.560707],[-103.366223,25.560496],[-103.366123,25.560549],[-103.366258,25.56076],[-103.366359,25.560707]]]}},{"type":"Feature","properties":{},"geometry":{"type":"Polygon","coordinates":[[[-103.366459,25.560654],[-103.366324,25.560443],[-103.366223,25.560496],[-103.366359,25.560707],[-103.366459,25.560654]]]}},{"type":"Feature","properties":{},"geometry":{"type":"Polygon","coordinates":[[[-103.366559,25.560601],[-103.366424,25.56039],[-103.366324,25.560443],[-103.366459,25.560654],[-103.366559,25.560601]]]}},{"type":"Feature","properties":{},"geometry":{"type":"Polygon","coordinates":[[[-103.366659,25.560548],[-103.366524,25.560337],[-103.366424,25.56039],[-103.366559,25.560601],[-103.366659,25.560548]]]}},{"type":"Feature","properties":{},"geometry":{"type":"Polygon","coordinates":[[[-103.36676,25.560494],[-103.366624,25.560284],[-103.366524,25.560337],[-103.366659,25.560548],[-103.36676,25.560494]]]}},{"type":"Feature","properties":{},"geometry":{"type":"Polygon","coordinates":[[[-103.36686,25.560441],[-103.366725,25.560231],[-103.366624,25.560284],[-103.36676,25.560494],[-103.36686,25.560441]]]}},{"type":"Feature","properties":{},"geometry":{"type":"Polygon","coordinates":[[[-103.36696,25.560388],[-103.366825,25.560178],[-103.366725,25.560231],[-103.36686,25.560441],[-103.36696,25.560388]]]}},{"type":"Feature","properties":{},"geometry":{"type":"Polygon","coordinates":[[[-103.367061,25.560335],[-103.366925,25.560125],[-103.366825,25.560178],[-103.36696,25.560388],[-103.367061,25.560335]]]}},{"type":"Feature","properties":{},"geometry":{"type":"Polygon","coordinates":[[[-103.367264,25.560228],[-103.367129,25.560017],[-103.367028,25.56007],[-103.367164,25.560281],[-103.367264,25.560228]]]}},{"type":"Feature","properties":{},"geometry":{"type":"Polygon","coordinates":[[[-103.367364,25.560175],[-103.367229,25.559964],[-103.367129,25.560017],[-103.367264,25.560228],[-103.367364,25.560175]]]}},{"type":"Feature","properties":{},"geometry":{"type":"Polygon","coordinates":[[[-103.367465,25.560122],[-103.367329,25.559911],[-103.367229,25.559964],[-103.367364,25.560175],[-103.367465,25.560122]]]}},{"type":"Feature","properties":{},"geometry":{"type":"Polygon","coordinates":[[[-103.367565,25.560068],[-103.36743,25.559858],[-103.367329,25.559911],[-103.367465,25.560122],[-103.367565,25.560068]]]}},{"type":"Feature","properties":{},"geometry":{"type":"Polygon","coordinates":[[[-103.367665,25.560015],[-103.36753,25.559805],[-103.36743,25.559858],[-103.367565,25.560068],[-103.367665,25.560015]]]}},{"type":"Feature","properties":{},"geometry":{"type":"Polygon","coordinates":[[[-103.367766,25.559962],[-103.36763,25.559752],[-103.36753,25.559805],[-103.367665,25.560015],[-103.367766,25.559962]]]}},{"type":"Feature","properties":{},"geometry":{"type":"Polygon","coordinates":[[[-103.367866,25.559909],[-103.367731,25.559699],[-103.36763,25.559752],[-103.367766,25.559962],[-103.367866,25.559909]]]}},{"type":"Feature","properties":{},"geometry":{"type":"Polygon","coordinates":[[[-103.367966,25.559856],[-103.367831,25.559646],[-103.367731,25.559699],[-103.367866,25.559909],[-103.367966,25.559856]]]}},{"type":"Feature","properties":{},"geometry":{"type":"Polygon","coordinates":[[[-103.368067,25.559803],[-103.367931,25.559593],[-103.367831,25.559646],[-103.367966,25.559856],[-103.368067,25.559803]]]}},{"type":"Feature","properties":{},"geometry":{"type":"Polygon","coordinates":[[[-103.368167,25.55975],[-103.368031,25.55954],[-103.367931,25.559593],[-103.368067,25.559803],[-103.368167,25.55975]]]}},{"type":"Feature","properties":{},"geometry":{"type":"Polygon","coordinates":[[[-103.368267,25.559697],[-103.368132,25.559486],[-103.368031,25.55954],[-103.368167,25.55975],[-103.368267,25.559697]]]}},{"type":"Feature","properties":{},"geometry":{"type":"Polygon","coordinates":[[[-103.368367,25.559644],[-103.368232,25.559433],[-103.368132,25.559486],[-103.368267,25.559697],[-103.368367,25.559644]]]}},{"type":"Feature","properties":{},"geometry":{"type":"Polygon","coordinates":[[[-103.368468,25.559591],[-103.368332,25.55938],[-103.368232,25.559433],[-103.368367,25.559644],[-103.368468,25.559591]]]}},{"type":"Feature","properties":{},"geometry":{"type":"Polygon","coordinates":[[[-103.368568,25.559538],[-103.368433,25.559327],[-103.368332,25.55938],[-103.368468,25.559591],[-103.368568,25.559538]]]}},{"type":"Feature","properties":{},"geometry":{"type":"Polygon","coordinates":[[[-103.368668,25.559485],[-103.368533,25.559274],[-103.368433,25.559327],[-103.368568,25.559538],[-103.368668,25.559485]]]}},{"type":"Feature","properties":{},"geometry":{"type":"Polygon","coordinates":[[[-103.358115,25.565475],[-103.357979,25.565265],[-103.357879,25.565318],[-103.358014,25.565528],[-103.358115,25.565475]]]}},{"type":"Feature","properties":{},"geometry":{"type":"Polygon","coordinates":[[[-103.358215,25.565422],[-103.358079,25.565212],[-103.357979,25.565265],[-103.358115,25.565475],[-103.358215,25.565422]]]}},{"type":"Feature","properties":{},"geometry":{"type":"Polygon","coordinates":[[[-103.358315,25.565369],[-103.35818,25.565159],[-103.358079,25.565212],[-103.358215,25.565422],[-103.358315,25.565369]]]}},{"type":"Feature","properties":{},"geometry":{"type":"Polygon","coordinates":[[[-103.358415,25.565316],[-103.35828,25.565105],[-103.35818,25.565159],[-103.358315,25.565369],[-103.358415,25.565316]]]}},{"type":"Feature","properties":{},"geometry":{"type":"Polygon","coordinates":[[[-103.358516,25.565263],[-103.35838,25.565052],[-103.35828,25.565105],[-103.358415,25.565316],[-103.358516,25.565263]]]}},{"type":"Feature","properties":{},"geometry":{"type":"Polygon","coordinates":[[[-103.358616,25.56521],[-103.358481,25.564999],[-103.35838,25.565052],[-103.358516,25.565263],[-103.358616,25.56521]]]}},{"type":"Feature","properties":{},"geometry":{"type":"Polygon","coordinates":[[[-103.358716,25.565157],[-103.358581,25.564946],[-103.358481,25.564999],[-103.358616,25.56521],[-103.358716,25.565157]]]}},{"type":"Feature","properties":{},"geometry":{"type":"Polygon","coordinates":[[[-103.358817,25.565104],[-103.358681,25.564893],[-103.358581,25.564946],[-103.358716,25.565157],[-103.358817,25.565104]]]}},{"type":"Feature","properties":{},"geometry":{"type":"Polygon","coordinates":[[[-103.358917,25.565051],[-103.358782,25.56484],[-103.358681,25.564893],[-103.358817,25.565104],[-103.358917,25.565051]]]}},{"type":"Feature","properties":{},"geometry":{"type":"Polygon","coordinates":[[[-103.359017,25.564998],[-103.358882,25.564787],[-103.358782,25.56484],[-103.358917,25.565051],[-103.359017,25.564998]]]}},{"type":"Feature","properties":{},"geometry":{"type":"Polygon","coordinates":[[[-103.359118,25.564945],[-103.358982,25.564734],[-103.358882,25.564787],[-103.359017,25.564998],[-103.359118,25.564945]]]}},{"type":"Feature","properties":{},"geometry":{"type":"Polygon","coordinates":[[[-103.359218,25.564892],[-103.359083,25.564681],[-103.358982,25.564734],[-103.359118,25.564945],[-103.359218,25.564892]]]}},{"type":"Feature","properties":{},"geometry":{"type":"Polygon","coordinates":[[[-103.359421,25.564784],[-103.359286,25.564573],[-103.359186,25.564626],[-103.359321,25.564837],[-103.359421,25.564784]]]}},{"type":"Feature","properties":{},"geometry":{"type":"Polygon","coordinates":[[[-103.359522,25.564731],[-103.359386,25.56452],[-103.359286,25.564573],[-103.359421,25.564784],[-103.359522,25.564731]]]}},{"type":"Feature","properties":{},"geometry":{"type":"Polygon","coordinates":[[[-103.359622,25.564678],[-103.359487,25.564467],[-103.359386,25.56452],[-103.359522,25.564731],[-103.359622,25.564678]]]}},{"type":"Feature","properties":{},"geometry":{"type":"Polygon","coordinates":[[[-103.359722,25.564625],[-103.359587,25.564414],[-103.359487,25.564467],[-103.359622,25.564678],[-103.359722,25.564625]]]}},{"type":"Feature","properties":{},"geometry":{"type":"Polygon","coordinates":[[[-103.359823,25.564572],[-103.359687,25.564361],[-103.359587,25.564414],[-103.359722,25.564625],[-103.359823,25.564572]]]}},{"type":"Feature","properties":{},"geometry":{"type":"Polygon","coordinates":[[[-103.359923,25.564519],[-103.359788,25.564308],[-103.359687,25.564361],[-103.359823,25.564572],[-103.359923,25.564519]]]}},{"type":"Feature","properties":{},"geometry":{"type":"Polygon","coordinates":[[[-103.360023,25.564466],[-103.359888,25.564255],[-103.359788,25.564308],[-103.359923,25.564519],[-103.360023,25.564466]]]}},{"type":"Feature","properties":{},"geometry":{"type":"Polygon","coordinates":[[[-103.360123,25.564413],[-103.359988,25.564202],[-103.359888,25.564255],[-103.360023,25.564466],[-103.360123,25.564413]]]}},{"type":"Feature","properties":{},"geometry":{"type":"Polygon","coordinates":[[[-103.360224,25.56436],[-103.360088,25.564149],[-103.359988,25.564202],[-103.360123,25.564413],[-103.360224,25.56436]]]}},{"type":"Feature","properties":{},"geometry":{"type":"Polygon","coordinates":[[[-103.36133,25.563774],[-103.361195,25.563564],[-103.361094,25.563617],[-103.36123,25.563827],[-103.36133,25.563774]]]}},{"type":"Feature","properties":{},"geometry":{"type":"Polygon","coordinates":[[[-103.36143,25.563721],[-103.361295,25.563511],[-103.361195,25.563564],[-103.36133,25.563774],[-103.36143,25.563721]]]}},{"type":"Feature","properties":{},"geometry":{"type":"Polygon","coordinates":[[[-103.361531,25.563668],[-103.361395,25.563458],[-103.361295,25.563511],[-103.36143,25.563721],[-103.361531,25.563668]]]}},{"type":"Feature","properties":{},"geometry":{"type":"Polygon","coordinates":[[[-103.361631,25.563615],[-103.361496,25.563405],[-103.361395,25.563458],[-103.361531,25.563668],[-103.361631,25.563615]]]}},{"type":"Feature","properties":{},"geometry":{"type":"Polygon","coordinates":[[[-103.361731,25.563562],[-103.361596,25.563352],[-103.361496,25.563405],[-103.361631,25.563615],[-103.361731,25.563562]]]}},{"type":"Feature","properties":{},"geometry":{"type":"Polygon","coordinates":[[[-103.361831,25.563509],[-103.361696,25.563299],[-103.361596,25.563352],[-103.361731,25.563562],[-103.361831,25.563509]]]}},{"type":"Feature","properties":{},"geometry":{"type":"Polygon","coordinates":[[[-103.361932,25.563456],[-103.361796,25.563246],[-103.361696,25.563299],[-103.361831,25.563509],[-103.361932,25.563456]]]}},{"type":"Feature","properties":{},"geometry":{"type":"Polygon","coordinates":[[[-103.362032,25.563403],[-103.361897,25.563192],[-103.361796,25.563246],[-103.361932,25.563456],[-103.362032,25.563403]]]}},{"type":"Feature","properties":{},"geometry":{"type":"Polygon","coordinates":[[[-103.362132,25.56335],[-103.361997,25.563139],[-103.361897,25.563192],[-103.362032,25.563403],[-103.362132,25.56335]]]}},{"type":"Feature","properties":{},"geometry":{"type":"Polygon","coordinates":[[[-103.362233,25.563297],[-103.362097,25.563086],[-103.361997,25.563139],[-103.362132,25.56335],[-103.362233,25.563297]]]}},{"type":"Feature","properties":{},"geometry":{"type":"Polygon","coordinates":[[[-103.362333,25.563244],[-103.362198,25.563033],[-103.362097,25.563086],[-103.362233,25.563297],[-103.362333,25.563244]]]}},{"type":"Feature","properties":{},"geometry":{"type":"Polygon","coordinates":[[[-103.362433,25.563191],[-103.362298,25.56298],[-103.362198,25.563033],[-103.362333,25.563244],[-103.362433,25.563191]]]}},{"type":"Feature","properties":{},"geometry":{"type":"Polygon","coordinates":[[[-103.362637,25.563083],[-103.362501,25.562873],[-103.362401,25.562926],[-103.362536,25.563136],[-103.362637,25.563083]]]}},{"type":"Feature","properties":{},"geometry":{"type":"Polygon","coordinates":[[[-103.362737,25.56303],[-103.362602,25.56282],[-103.362501,25.562873],[-103.362637,25.563083],[-103.362737,25.56303]]]}},{"type":"Feature","properties":{},"geometry":{"type":"Polygon","coordinates":[[[-103.362837,25.562977],[-103.362702,25.562766],[-103.362602,25.56282],[-103.362737,25.56303],[-103.362837,25.562977]]]}},{"type":"Feature","properties":{},"geometry":{"type":"Polygon","coordinates":[[[-103.362938,25.562924],[-103.362802,25.562713],[-103.362702,25.562766],[-103.362837,25.562977],[-103.362938,25.562924]]]}},{"type":"Feature","properties":{},"geometry":{"type":"Polygon","coordinates":[[[-103.363038,25.562871],[-103.362903,25.56266],[-103.362802,25.562713],[-103.362938,25.562924],[-103.363038,25.562871]]]}},{"type":"Feature","properties":{},"geometry":{"type":"Polygon","coordinates":[[[-103.363138,25.562818],[-103.363003,25.562607],[-103.362903,25.56266],[-103.363038,25.562871],[-103.363138,25.562818]]]}},{"type":"Feature","properties":{},"geometry":{"type":"Polygon","coordinates":[[[-103.363239,25.562765],[-103.363103,25.562554],[-103.363003,25.562607],[-103.363138,25.562818],[-103.363239,25.562765]]]}},{"type":"Feature","properties":{},"geometry":{"type":"Polygon","coordinates":[[[-103.363339,25.562712],[-103.363203,25.562501],[-103.363103,25.562554],[-103.363239,25.562765],[-103.363339,25.562712]]]}},{"type":"Feature","properties":{},"geometry":{"type":"Polygon","coordinates":[[[-103.363439,25.562659],[-103.363304,25.562448],[-103.363203,25.562501],[-103.363339,25.562712],[-103.363439,25.562659]]]}},{"type":"Feature","properties":{},"geometry":{"type":"Polygon","coordinates":[[[-103.363539,25.562606],[-103.363404,25.562395],[-103.363304,25.562448],[-103.363439,25.562659],[-103.363539,25.562606]]]}},{"type":"Feature","properties":{},"geometry":{"type":"Polygon","coordinates":[[[-103.36364,25.562553],[-103.363504,25.562342],[-103.363404,25.562395],[-103.363539,25.562606],[-103.36364,25.562553]]]}},{"type":"Feature","properties":{},"geometry":{"type":"Polygon","coordinates":[[[-103.36374,25.5625],[-103.363605,25.562289],[-103.363504,25.562342],[-103.36364,25.562553],[-103.36374,25.5625]]]}},{"type":"Feature","properties":{},"geometry":{"type":"Polygon","coordinates":[[[-103.36384,25.562446],[-103.363705,25.562236],[-103.363605,25.562289],[-103.36374,25.5625],[-103.36384,25.562446]]]}},{"type":"Feature","properties":{},"geometry":{"type":"Polygon","coordinates":[[[-103.363941,25.562393],[-103.363805,25.562183],[-103.363705,25.562236],[-103.36384,25.562446],[-103.363941,25.562393]]]}},{"type":"Feature","properties":{},"geometry":{"type":"Polygon","coordinates":[[[-103.364041,25.56234],[-103.363906,25.56213],[-103.363805,25.562183],[-103.363941,25.562393],[-103.364041,25.56234]]]}},{"type":"Feature","properties":{},"geometry":{"type":"Polygon","coordinates":[[[-103.364244,25.562233],[-103.364109,25.562022],[-103.364009,25.562075],[-103.364144,25.562286],[-103.364244,25.562233]]]}},{"type":"Feature","properties":{},"geometry":{"type":"Polygon","coordinates":[[[-103.364345,25.56218],[-103.364209,25.561969],[-103.364109,25.562022],[-103.364244,25.562233],[-103.364345,25.56218]]]}},{"type":"Feature","properties":{},"geometry":{"type":"Polygon","coordinates":[[[-103.364445,25.562127],[-103.36431,25.561916],[-103.364209,25.561969],[-103.364345,25.56218],[-103.364445,25.562127]]]}},{"type":"Feature","properties":{},"geometry":{"type":"Polygon","coordinates":[[[-103.364545,25.562074],[-103.36441,25.561863],[-103.36431,25.561916],[-103.364445,25.562127],[-103.364545,25.562074]]]}},{"type":"Feature","properties":{},"geometry":{"type":"Polygon","coordinates":[[[-103.364646,25.56202],[-103.36451,25.56181],[-103.36441,25.561863],[-103.364545,25.562074],[-103.364646,25.56202]]]}},{"type":"Feature","properties":{},"geometry":{"type":"Polygon","coordinates":[[[-103.364746,25.561967],[-103.364611,25.561757],[-103.36451,25.56181],[-103.364646,25.56202],[-103.364746,25.561967]]]}},{"type":"Feature","properties":{},"geometry":{"type":"Polygon","coordinates":[[[-103.364846,25.561914],[-103.364711,25.561704],[-103.364611,25.561757],[-103.364746,25.561967],[-103.364846,25.561914]]]}},{"type":"Feature","properties":{},"geometry":{"type":"Polygon","coordinates":[[[-103.364947,25.561861],[-103.364811,25.561651],[-103.364711,25.561704],[-103.364846,25.561914],[-103.364947,25.561861]]]}},{"type":"Feature","properties":{},"geometry":{"type":"Polygon","coordinates":[[[-103.365047,25.561808],[-103.364911,25.561598],[-103.364811,25.561651],[-103.364947,25.561861],[-103.365047,25.561808]]]}},{"type":"Feature","properties":{},"geometry":{"type":"Polygon","coordinates":[[[-103.365147,25.561755],[-103.365012,25.561545],[-103.364911,25.561598],[-103.365047,25.561808],[-103.365147,25.561755]]]}},{"type":"Feature","properties":{},"geometry":{"type":"Polygon","coordinates":[[[-103.365247,25.561702],[-103.365112,25.561492],[-103.365012,25.561545],[-103.365147,25.561755],[-103.365247,25.561702]]]}},{"type":"Feature","properties":{},"geometry":{"type":"Polygon","coordinates":[[[-103.365348,25.561649],[-103.365212,25.561439],[-103.365112,25.561492],[-103.365247,25.561702],[-103.365348,25.561649]]]}},{"type":"Feature","properties":{},"geometry":{"type":"Polygon","coordinates":[[[-103.365448,25.561596],[-103.365313,25.561385],[-103.365212,25.561439],[-103.365348,25.561649],[-103.365448,25.561596]]]}},{"type":"Feature","properties":{},"geometry":{"type":"Polygon","coordinates":[[[-103.365548,25.561543],[-103.365413,25.561332],[-103.365313,25.561385],[-103.365448,25.561596],[-103.365548,25.561543]]]}},{"type":"Feature","properties":{},"geometry":{"type":"Polygon","coordinates":[[[-103.365649,25.56149],[-103.365513,25.561279],[-103.365413,25.561332],[-103.365548,25.561543],[-103.365649,25.56149]]]}},{"type":"Feature","properties":{},"geometry":{"type":"Polygon","coordinates":[[[-103.365852,25.561382],[-103.365717,25.561172],[-103.365616,25.561225],[-103.365752,25.561435],[-103.365852,25.561382]]]}},{"type":"Feature","properties":{},"geometry":{"type":"Polygon","coordinates":[[[-103.365952,25.561329],[-103.365817,25.561119],[-103.365717,25.561172],[-103.365852,25.561382],[-103.365952,25.561329]]]}},{"type":"Feature","properties":{},"geometry":{"type":"Polygon","coordinates":[[[-103.366053,25.561276],[-103.365917,25.561066],[-103.365817,25.561119],[-103.365952,25.561329],[-103.366053,25.561276]]]}},{"type":"Feature","properties":{},"geometry":{"type":"Polygon","coordinates":[[[-103.366153,25.561223],[-103.366018,25.561013],[-103.365917,25.561066],[-103.366053,25.561276],[-103.366153,25.561223]]]}},{"type":"Feature","properties":{},"geometry":{"type":"Polygon","coordinates":[[[-103.366253,25.56117],[-103.366118,25.560959],[-103.366018,25.561013],[-103.366153,25.561223],[-103.366253,25.56117]]]}},{"type":"Feature","properties":{},"geometry":{"type":"Polygon","coordinates":[[[-103.366354,25.561117],[-103.366218,25.560906],[-103.366118,25.560959],[-103.366253,25.56117],[-103.366354,25.561117]]]}},{"type":"Feature","properties":{},"geometry":{"type":"Polygon","coordinates":[[[-103.366454,25.561064],[-103.366318,25.560853],[-103.366218,25.560906],[-103.366354,25.561117],[-103.366454,25.561064]]]}},{"type":"Feature","properties":{},"geometry":{"type":"Polygon","coordinates":[[[-103.366554,25.561011],[-103.366419,25.5608],[-103.366318,25.560853],[-103.366454,25.561064],[-103.366554,25.561011]]]}},{"type":"Feature","properties":{},"geometry":{"type":"Polygon","coordinates":[[[-103.366654,25.560958],[-103.366519,25.560747],[-103.366419,25.5608],[-103.366554,25.561011],[-103.366654,25.560958]]]}},{"type":"Feature","properties":{},"geometry":{"type":"Polygon","coordinates":[[[-103.366755,25.560905],[-103.366619,25.560694],[-103.366519,25.560747],[-103.366654,25.560958],[-103.366755,25.560905]]]}},{"type":"Feature","properties":{},"geometry":{"type":"Polygon","coordinates":[[[-103.366855,25.560852],[-103.36672,25.560641],[-103.366619,25.560694],[-103.366755,25.560905],[-103.366855,25.560852]]]}},{"type":"Feature","properties":{},"geometry":{"type":"Polygon","coordinates":[[[-103.366955,25.560799],[-103.36682,25.560588],[-103.36672,25.560641],[-103.366855,25.560852],[-103.366955,25.560799]]]}},{"type":"Feature","properties":{},"geometry":{"type":"Polygon","coordinates":[[[-103.367056,25.560746],[-103.36692,25.560535],[-103.36682,25.560588],[-103.366955,25.560799],[-103.367056,25.560746]]]}},{"type":"Feature","properties":{},"geometry":{"type":"Polygon","coordinates":[[[-103.367156,25.560692],[-103.367021,25.560482],[-103.36692,25.560535],[-103.367056,25.560746],[-103.367156,25.560692]]]}},{"type":"Feature","properties":{},"geometry":{"type":"Polygon","coordinates":[[[-103.367256,25.560639],[-103.367121,25.560429],[-103.367021,25.560482],[-103.367156,25.560692],[-103.367256,25.560639]]]}},{"type":"Feature","properties":{},"geometry":{"type":"Polygon","coordinates":[[[-103.36746,25.560532],[-103.367324,25.560321],[-103.367224,25.560374],[-103.367359,25.560585],[-103.36746,25.560532]]]}},{"type":"Feature","properties":{},"geometry":{"type":"Polygon","coordinates":[[[-103.36756,25.560479],[-103.367425,25.560268],[-103.367324,25.560321],[-103.36746,25.560532],[-103.36756,25.560479]]]}},{"type":"Feature","properties":{},"geometry":{"type":"Polygon","coordinates":[[[-103.36766,25.560426],[-103.367525,25.560215],[-103.367425,25.560268],[-103.36756,25.560479],[-103.36766,25.560426]]]}},{"type":"Feature","properties":{},"geometry":{"type":"Polygon","coordinates":[[[-103.367761,25.560373],[-103.367625,25.560162],[-103.367525,25.560215],[-103.36766,25.560426],[-103.367761,25.560373]]]}},{"type":"Feature","properties":{},"geometry":{"type":"Polygon","coordinates":[[[-103.367861,25.56032],[-103.367725,25.560109],[-103.367625,25.560162],[-103.367761,25.560373],[-103.367861,25.56032]]]}},{"type":"Feature","properties":{},"geometry":{"type":"Polygon","coordinates":[[[-103.367961,25.560266],[-103.367826,25.560056],[-103.367725,25.560109],[-103.367861,25.56032],[-103.367961,25.560266]]]}},{"type":"Feature","properties":{},"geometry":{"type":"Polygon","coordinates":[[[-103.368061,25.560213],[-103.367926,25.560003],[-103.367826,25.560056],[-103.367961,25.560266],[-103.368061,25.560213]]]}},{"type":"Feature","properties":{},"geometry":{"type":"Polygon","coordinates":[[[-103.368162,25.56016],[-103.368026,25.55995],[-103.367926,25.560003],[-103.368061,25.560213],[-103.368162,25.56016]]]}},{"type":"Feature","properties":{},"geometry":{"type":"Polygon","coordinates":[[[-103.368262,25.560107],[-103.368127,25.559897],[-103.368026,25.55995],[-103.368162,25.56016],[-103.368262,25.560107]]]}},{"type":"Feature","properties":{},"geometry":{"type":"Polygon","coordinates":[[[-103.368362,25.560054],[-103.368227,25.559844],[-103.368127,25.559897],[-103.368262,25.560107],[-103.368362,25.560054]]]}},{"type":"Feature","properties":{},"geometry":{"type":"Polygon","coordinates":[[[-103.368463,25.560001],[-103.368327,25.559791],[-103.368227,25.559844],[-103.368362,25.560054],[-103.368463,25.560001]]]}},{"type":"Feature","properties":{},"geometry":{"type":"Polygon","coordinates":[[[-103.368563,25.559948],[-103.368428,25.559738],[-103.368327,25.559791],[-103.368463,25.560001],[-103.368563,25.559948]]]}},{"type":"Feature","properties":{},"geometry":{"type":"Polygon","coordinates":[[[-103.368663,25.559895],[-103.368528,25.559684],[-103.368428,25.559738],[-103.368563,25.559948],[-103.368663,25.559895]]]}},{"type":"Feature","properties":{},"geometry":{"type":"Polygon","coordinates":[[[-103.368764,25.559842],[-103.368628,25.559631],[-103.368528,25.559684],[-103.368663,25.559895],[-103.368764,25.559842]]]}},{"type":"Feature","properties":{},"geometry":{"type":"Polygon","coordinates":[[[-103.368864,25.559789],[-103.368728,25.559578],[-103.368628,25.559631],[-103.368764,25.559842],[-103.368864,25.559789]]]}},{"type":"Feature","properties":{},"geometry":{"type":"Polygon","coordinates":[[[-103.35815,25.565739],[-103.358014,25.565528],[-103.357914,25.565581],[-103.358049,25.565792],[-103.35815,25.565739]]]}},{"type":"Feature","properties":{},"geometry":{"type":"Polygon","coordinates":[[[-103.35825,25.565686],[-103.358115,25.565475],[-103.358014,25.565528],[-103.35815,25.565739],[-103.35825,25.565686]]]}},{"type":"Feature","properties":{},"geometry":{"type":"Polygon","coordinates":[[[-103.35835,25.565633],[-103.358215,25.565422],[-103.358115,25.565475],[-103.35825,25.565686],[-103.35835,25.565633]]]}},{"type":"Feature","properties":{},"geometry":{"type":"Polygon","coordinates":[[[-103.358451,25.56558],[-103.358315,25.565369],[-103.358215,25.565422],[-103.35835,25.565633],[-103.358451,25.56558]]]}},{"type":"Feature","properties":{},"geometry":{"type":"Polygon","coordinates":[[[-103.358551,25.565527],[-103.358415,25.565316],[-103.358315,25.565369],[-103.358451,25.56558],[-103.358551,25.565527]]]}},{"type":"Feature","properties":{},"geometry":{"type":"Polygon","coordinates":[[[-103.358651,25.565474],[-103.358516,25.565263],[-103.358415,25.565316],[-103.358551,25.565527],[-103.358651,25.565474]]]}},{"type":"Feature","properties":{},"geometry":{"type":"Polygon","coordinates":[[[-103.358751,25.56542],[-103.358616,25.56521],[-103.358516,25.565263],[-103.358651,25.565474],[-103.358751,25.56542]]]}},{"type":"Feature","properties":{},"geometry":{"type":"Polygon","coordinates":[[[-103.358852,25.565367],[-103.358716,25.565157],[-103.358616,25.56521],[-103.358751,25.56542],[-103.358852,25.565367]]]}},{"type":"Feature","properties":{},"geometry":{"type":"Polygon","coordinates":[[[-103.358952,25.565314],[-103.358817,25.565104],[-103.358716,25.565157],[-103.358852,25.565367],[-103.358952,25.565314]]]}},{"type":"Feature","properties":{},"geometry":{"type":"Polygon","coordinates":[[[-103.359052,25.565261],[-103.358917,25.565051],[-103.358817,25.565104],[-103.358952,25.565314],[-103.359052,25.565261]]]}},{"type":"Feature","properties":{},"geometry":{"type":"Polygon","coordinates":[[[-103.359153,25.565208],[-103.359017,25.564998],[-103.358917,25.565051],[-103.359052,25.565261],[-103.359153,25.565208]]]}},{"type":"Feature","properties":{},"geometry":{"type":"Polygon","coordinates":[[[-103.359253,25.565155],[-103.359118,25.564945],[-103.359017,25.564998],[-103.359153,25.565208],[-103.359253,25.565155]]]}},{"type":"Feature","properties":{},"geometry":{"type":"Polygon","coordinates":[[[-103.359353,25.565102],[-103.359218,25.564892],[-103.359118,25.564945],[-103.359253,25.565155],[-103.359353,25.565102]]]}},{"type":"Feature","properties":{},"geometry":{"type":"Polygon","coordinates":[[[-103.359557,25.564995],[-103.359421,25.564784],[-103.359321,25.564837],[-103.359456,25.565048],[-103.359557,25.564995]]]}},{"type":"Feature","properties":{},"geometry":{"type":"Polygon","coordinates":[[[-103.359657,25.564941],[-103.359522,25.564731],[-103.359421,25.564784],[-103.359557,25.564995],[-103.359657,25.564941]]]}},{"type":"Feature","properties":{},"geometry":{"type":"Polygon","coordinates":[[[-103.359757,25.564888],[-103.359622,25.564678],[-103.359522,25.564731],[-103.359657,25.564941],[-103.359757,25.564888]]]}},{"type":"Feature","properties":{},"geometry":{"type":"Polygon","coordinates":[[[-103.359858,25.564835],[-103.359722,25.564625],[-103.359622,25.564678],[-103.359757,25.564888],[-103.359858,25.564835]]]}},{"type":"Feature","properties":{},"geometry":{"type":"Polygon","coordinates":[[[-103.359958,25.564782],[-103.359823,25.564572],[-103.359722,25.564625],[-103.359858,25.564835],[-103.359958,25.564782]]]}},{"type":"Feature","properties":{},"geometry":{"type":"Polygon","coordinates":[[[-103.360058,25.564729],[-103.359923,25.564519],[-103.359823,25.564572],[-103.359958,25.564782],[-103.360058,25.564729]]]}},{"type":"Feature","properties":{},"geometry":{"type":"Polygon","coordinates":[[[-103.360159,25.564676],[-103.360023,25.564466],[-103.359923,25.564519],[-103.360058,25.564729],[-103.360159,25.564676]]]}},{"type":"Feature","properties":{},"geometry":{"type":"Polygon","coordinates":[[[-103.360259,25.564623],[-103.360123,25.564413],[-103.360023,25.564466],[-103.360159,25.564676],[-103.360259,25.564623]]]}},{"type":"Feature","properties":{},"geometry":{"type":"Polygon","coordinates":[[[-103.360359,25.56457],[-103.360224,25.56436],[-103.360123,25.564413],[-103.360259,25.564623],[-103.360359,25.56457]]]}},{"type":"Feature","properties":{},"geometry":{"type":"Polygon","coordinates":[[[-103.360459,25.564517],[-103.360324,25.564306],[-103.360224,25.56436],[-103.360359,25.56457],[-103.360459,25.564517]]]}},{"type":"Feature","properties":{},"geometry":{"type":"Polygon","coordinates":[[[-103.36056,25.564464],[-103.360424,25.564253],[-103.360324,25.564306],[-103.360459,25.564517],[-103.36056,25.564464]]]}},{"type":"Feature","properties":{},"geometry":{"type":"Polygon","coordinates":[[[-103.36066,25.564411],[-103.360525,25.5642],[-103.360424,25.564253],[-103.36056,25.564464],[-103.36066,25.564411]]]}},{"type":"Feature","properties":{},"geometry":{"type":"Polygon","coordinates":[[[-103.36076,25.564358],[-103.360625,25.564147],[-103.360525,25.5642],[-103.36066,25.564411],[-103.36076,25.564358]]]}},{"type":"Feature","properties":{},"geometry":{"type":"Polygon","coordinates":[[[-103.360861,25.564305],[-103.360725,25.564094],[-103.360625,25.564147],[-103.36076,25.564358],[-103.360861,25.564305]]]}},{"type":"Feature","properties":{},"geometry":{"type":"Polygon","coordinates":[[[-103.360961,25.564252],[-103.360826,25.564041],[-103.360725,25.564094],[-103.360861,25.564305],[-103.360961,25.564252]]]}},{"type":"Feature","properties":{},"geometry":{"type":"Polygon","coordinates":[[[-103.361164,25.564144],[-103.361029,25.563934],[-103.360929,25.563987],[-103.361064,25.564197],[-103.361164,25.564144]]]}},{"type":"Feature","properties":{},"geometry":{"type":"Polygon","coordinates":[[[-103.361265,25.564091],[-103.361129,25.563881],[-103.361029,25.563934],[-103.361164,25.564144],[-103.361265,25.564091]]]}},{"type":"Feature","properties":{},"geometry":{"type":"Polygon","coordinates":[[[-103.361365,25.564038],[-103.36123,25.563827],[-103.361129,25.563881],[-103.361265,25.564091],[-103.361365,25.564038]]]}},{"type":"Feature","properties":{},"geometry":{"type":"Polygon","coordinates":[[[-103.361465,25.563985],[-103.36133,25.563774],[-103.36123,25.563827],[-103.361365,25.564038],[-103.361465,25.563985]]]}},{"type":"Feature","properties":{},"geometry":{"type":"Polygon","coordinates":[[[-103.361566,25.563932],[-103.36143,25.563721],[-103.36133,25.563774],[-103.361465,25.563985],[-103.361566,25.563932]]]}},{"type":"Feature","properties":{},"geometry":{"type":"Polygon","coordinates":[[[-103.361666,25.563879],[-103.361531,25.563668],[-103.36143,25.563721],[-103.361566,25.563932],[-103.361666,25.563879]]]}},{"type":"Feature","properties":{},"geometry":{"type":"Polygon","coordinates":[[[-103.361766,25.563826],[-103.361631,25.563615],[-103.361531,25.563668],[-103.361666,25.563879],[-103.361766,25.563826]]]}},{"type":"Feature","properties":{},"geometry":{"type":"Polygon","coordinates":[[[-103.361867,25.563773],[-103.361731,25.563562],[-103.361631,25.563615],[-103.361766,25.563826],[-103.361867,25.563773]]]}},{"type":"Feature","properties":{},"geometry":{"type":"Polygon","coordinates":[[[-103.361967,25.56372],[-103.361831,25.563509],[-103.361731,25.563562],[-103.361867,25.563773],[-103.361967,25.56372]]]}},{"type":"Feature","properties":{},"geometry":{"type":"Polygon","coordinates":[[[-103.362067,25.563667],[-103.361932,25.563456],[-103.361831,25.563509],[-103.361967,25.56372],[-103.362067,25.563667]]]}},{"type":"Feature","properties":{},"geometry":{"type":"Polygon","coordinates":[[[-103.362167,25.563614],[-103.362032,25.563403],[-103.361932,25.563456],[-103.362067,25.563667],[-103.362167,25.563614]]]}},{"type":"Feature","properties":{},"geometry":{"type":"Polygon","coordinates":[[[-103.362268,25.563561],[-103.362132,25.56335],[-103.362032,25.563403],[-103.362167,25.563614],[-103.362268,25.563561]]]}},{"type":"Feature","properties":{},"geometry":{"type":"Polygon","coordinates":[[[-103.362368,25.563507],[-103.362233,25.563297],[-103.362132,25.56335],[-103.362268,25.563561],[-103.362368,25.563507]]]}},{"type":"Feature","properties":{},"geometry":{"type":"Polygon","coordinates":[[[-103.362468,25.563454],[-103.362333,25.563244],[-103.362233,25.563297],[-103.362368,25.563507],[-103.362468,25.563454]]]}},{"type":"Feature","properties":{},"geometry":{"type":"Polygon","coordinates":[[[-103.362569,25.563401],[-103.362433,25.563191],[-103.362333,25.563244],[-103.362468,25.563454],[-103.362569,25.563401]]]}},{"type":"Feature","properties":{},"geometry":{"type":"Polygon","coordinates":[[[-103.362772,25.563294],[-103.362637,25.563083],[-103.362536,25.563136],[-103.362672,25.563347],[-103.362772,25.563294]]]}},{"type":"Feature","properties":{},"geometry":{"type":"Polygon","coordinates":[[[-103.362872,25.563241],[-103.362737,25.56303],[-103.362637,25.563083],[-103.362772,25.563294],[-103.362872,25.563241]]]}},{"type":"Feature","properties":{},"geometry":{"type":"Polygon","coordinates":[[[-103.362973,25.563188],[-103.362837,25.562977],[-103.362737,25.56303],[-103.362872,25.563241],[-103.362973,25.563188]]]}},{"type":"Feature","properties":{},"geometry":{"type":"Polygon","coordinates":[[[-103.363073,25.563135],[-103.362938,25.562924],[-103.362837,25.562977],[-103.362973,25.563188],[-103.363073,25.563135]]]}},{"type":"Feature","properties":{},"geometry":{"type":"Polygon","coordinates":[[[-103.363173,25.563081],[-103.363038,25.562871],[-103.362938,25.562924],[-103.363073,25.563135],[-103.363173,25.563081]]]}},{"type":"Feature","properties":{},"geometry":{"type":"Polygon","coordinates":[[[-103.363274,25.563028],[-103.363138,25.562818],[-103.363038,25.562871],[-103.363173,25.563081],[-103.363274,25.563028]]]}},{"type":"Feature","properties":{},"geometry":{"type":"Polygon","coordinates":[[[-103.363374,25.562975],[-103.363239,25.562765],[-103.363138,25.562818],[-103.363274,25.563028],[-103.363374,25.562975]]]}},{"type":"Feature","properties":{},"geometry":{"type":"Polygon","coordinates":[[[-103.363474,25.562922],[-103.363339,25.562712],[-103.363239,25.562765],[-103.363374,25.562975],[-103.363474,25.562922]]]}},{"type":"Feature","properties":{},"geometry":{"type":"Polygon","coordinates":[[[-103.363575,25.562869],[-103.363439,25.562659],[-103.363339,25.562712],[-103.363474,25.562922],[-103.363575,25.562869]]]}},{"type":"Feature","properties":{},"geometry":{"type":"Polygon","coordinates":[[[-103.363675,25.562816],[-103.363539,25.562606],[-103.363439,25.562659],[-103.363575,25.562869],[-103.363675,25.562816]]]}},{"type":"Feature","properties":{},"geometry":{"type":"Polygon","coordinates":[[[-103.363775,25.562763],[-103.36364,25.562553],[-103.363539,25.562606],[-103.363675,25.562816],[-103.363775,25.562763]]]}},{"type":"Feature","properties":{},"geometry":{"type":"Polygon","coordinates":[[[-103.363875,25.56271],[-103.36374,25.5625],[-103.36364,25.562553],[-103.363775,25.562763],[-103.363875,25.56271]]]}},{"type":"Feature","properties":{},"geometry":{"type":"Polygon","coordinates":[[[-103.363976,25.562657],[-103.36384,25.562446],[-103.36374,25.5625],[-103.363875,25.56271],[-103.363976,25.562657]]]}},{"type":"Feature","properties":{},"geometry":{"type":"Polygon","coordinates":[[[-103.364076,25.562604],[-103.363941,25.562393],[-103.36384,25.562446],[-103.363976,25.562657],[-103.364076,25.562604]]]}},{"type":"Feature","properties":{},"geometry":{"type":"Polygon","coordinates":[[[-103.364176,25.562551],[-103.364041,25.56234],[-103.363941,25.562393],[-103.364076,25.562604],[-103.364176,25.562551]]]}},{"type":"Feature","properties":{},"geometry":{"type":"Polygon","coordinates":[[[-103.36438,25.562443],[-103.364244,25.562233],[-103.364144,25.562286],[-103.364279,25.562496],[-103.36438,25.562443]]]}},{"type":"Feature","properties":{},"geometry":{"type":"Polygon","coordinates":[[[-103.36448,25.56239],[-103.364345,25.56218],[-103.364244,25.562233],[-103.36438,25.562443],[-103.36448,25.56239]]]}},{"type":"Feature","properties":{},"geometry":{"type":"Polygon","coordinates":[[[-103.36458,25.562337],[-103.364445,25.562127],[-103.364345,25.56218],[-103.36448,25.56239],[-103.36458,25.562337]]]}},{"type":"Feature","properties":{},"geometry":{"type":"Polygon","coordinates":[[[-103.364681,25.562284],[-103.364545,25.562074],[-103.364445,25.562127],[-103.36458,25.562337],[-103.364681,25.562284]]]}},{"type":"Feature","properties":{},"geometry":{"type":"Polygon","coordinates":[[[-103.364781,25.562231],[-103.364646,25.56202],[-103.364545,25.562074],[-103.364681,25.562284],[-103.364781,25.562231]]]}},{"type":"Feature","properties":{},"geometry":{"type":"Polygon","coordinates":[[[-103.364881,25.562178],[-103.364746,25.561967],[-103.364646,25.56202],[-103.364781,25.562231],[-103.364881,25.562178]]]}},{"type":"Feature","properties":{},"geometry":{"type":"Polygon","coordinates":[[[-103.364982,25.562125],[-103.364846,25.561914],[-103.364746,25.561967],[-103.364881,25.562178],[-103.364982,25.562125]]]}},{"type":"Feature","properties":{},"geometry":{"type":"Polygon","coordinates":[[[-103.365082,25.562072],[-103.364947,25.561861],[-103.364846,25.561914],[-103.364982,25.562125],[-103.365082,25.562072]]]}},{"type":"Feature","properties":{},"geometry":{"type":"Polygon","coordinates":[[[-103.365182,25.562019],[-103.365047,25.561808],[-103.364947,25.561861],[-103.365082,25.562072],[-103.365182,25.562019]]]}},{"type":"Feature","properties":{},"geometry":{"type":"Polygon","coordinates":[[[-103.365282,25.561966],[-103.365147,25.561755],[-103.365047,25.561808],[-103.365182,25.562019],[-103.365282,25.561966]]]}},{"type":"Feature","properties":{},"geometry":{"type":"Polygon","coordinates":[[[-103.365383,25.561913],[-103.365247,25.561702],[-103.365147,25.561755],[-103.365282,25.561966],[-103.365383,25.561913]]]}},{"type":"Feature","properties":{},"geometry":{"type":"Polygon","coordinates":[[[-103.365483,25.56186],[-103.365348,25.561649],[-103.365247,25.561702],[-103.365383,25.561913],[-103.365483,25.56186]]]}},{"type":"Feature","properties":{},"geometry":{"type":"Polygon","coordinates":[[[-103.365583,25.561807],[-103.365448,25.561596],[-103.365348,25.561649],[-103.365483,25.56186],[-103.365583,25.561807]]]}},{"type":"Feature","properties":{},"geometry":{"type":"Polygon","coordinates":[[[-103.365684,25.561753],[-103.365548,25.561543],[-103.365448,25.561596],[-103.365583,25.561807],[-103.365684,25.561753]]]}},{"type":"Feature","properties":{},"geometry":{"type":"Polygon","coordinates":[[[-103.365784,25.5617],[-103.365649,25.56149],[-103.365548,25.561543],[-103.365684,25.561753],[-103.365784,25.5617]]]}},{"type":"Feature","properties":{},"geometry":{"type":"Polygon","coordinates":[[[-103.365987,25.561593],[-103.365852,25.561382],[-103.365752,25.561435],[-103.365887,25.561646],[-103.365987,25.561593]]]}},{"type":"Feature","properties":{},"geometry":{"type":"Polygon","coordinates":[[[-103.366088,25.56154],[-103.365952,25.561329],[-103.365852,25.561382],[-103.365987,25.561593],[-103.366088,25.56154]]]}},{"type":"Feature","properties":{},"geometry":{"type":"Polygon","coordinates":[[[-103.366188,25.561487],[-103.366053,25.561276],[-103.365952,25.561329],[-103.366088,25.56154],[-103.366188,25.561487]]]}},{"type":"Feature","properties":{},"geometry":{"type":"Polygon","coordinates":[[[-103.366288,25.561434],[-103.366153,25.561223],[-103.366053,25.561276],[-103.366188,25.561487],[-103.366288,25.561434]]]}},{"type":"Feature","properties":{},"geometry":{"type":"Polygon","coordinates":[[[-103.366389,25.561381],[-103.366253,25.56117],[-103.366153,25.561223],[-103.366288,25.561434],[-103.366389,25.561381]]]}},{"type":"Feature","properties":{},"geometry":{"type":"Polygon","coordinates":[[[-103.366489,25.561327],[-103.366354,25.561117],[-103.366253,25.56117],[-103.366389,25.561381],[-103.366489,25.561327]]]}},{"type":"Feature","properties":{},"geometry":{"type":"Polygon","coordinates":[[[-103.366589,25.561274],[-103.366454,25.561064],[-103.366354,25.561117],[-103.366489,25.561327],[-103.366589,25.561274]]]}},{"type":"Feature","properties":{},"geometry":{"type":"Polygon","coordinates":[[[-103.36669,25.561221],[-103.366554,25.561011],[-103.366454,25.561064],[-103.366589,25.561274],[-103.36669,25.561221]]]}},{"type":"Feature","properties":{},"geometry":{"type":"Polygon","coordinates":[[[-103.36679,25.561168],[-103.366654,25.560958],[-103.366554,25.561011],[-103.36669,25.561221],[-103.36679,25.561168]]]}},{"type":"Feature","properties":{},"geometry":{"type":"Polygon","coordinates":[[[-103.36689,25.561115],[-103.366755,25.560905],[-103.366654,25.560958],[-103.36679,25.561168],[-103.36689,25.561115]]]}},{"type":"Feature","properties":{},"geometry":{"type":"Polygon","coordinates":[[[-103.36699,25.561062],[-103.366855,25.560852],[-103.366755,25.560905],[-103.36689,25.561115],[-103.36699,25.561062]]]}},{"type":"Feature","properties":{},"geometry":{"type":"Polygon","coordinates":[[[-103.367091,25.561009],[-103.366955,25.560799],[-103.366855,25.560852],[-103.36699,25.561062],[-103.367091,25.561009]]]}},{"type":"Feature","properties":{},"geometry":{"type":"Polygon","coordinates":[[[-103.367191,25.560956],[-103.367056,25.560746],[-103.366955,25.560799],[-103.367091,25.561009],[-103.367191,25.560956]]]}},{"type":"Feature","properties":{},"geometry":{"type":"Polygon","coordinates":[[[-103.367291,25.560903],[-103.367156,25.560692],[-103.367056,25.560746],[-103.367191,25.560956],[-103.367291,25.560903]]]}},{"type":"Feature","properties":{},"geometry":{"type":"Polygon","coordinates":[[[-103.367392,25.56085],[-103.367256,25.560639],[-103.367156,25.560692],[-103.367291,25.560903],[-103.367392,25.56085]]]}},{"type":"Feature","properties":{},"geometry":{"type":"Polygon","coordinates":[[[-103.367595,25.560742],[-103.36746,25.560532],[-103.367359,25.560585],[-103.367495,25.560795],[-103.367595,25.560742]]]}},{"type":"Feature","properties":{},"geometry":{"type":"Polygon","coordinates":[[[-103.367695,25.560689],[-103.36756,25.560479],[-103.36746,25.560532],[-103.367595,25.560742],[-103.367695,25.560689]]]}},{"type":"Feature","properties":{},"geometry":{"type":"Polygon","coordinates":[[[-103.367796,25.560636],[-103.36766,25.560426],[-103.36756,25.560479],[-103.367695,25.560689],[-103.367796,25.560636]]]}},{"type":"Feature","properties":{},"geometry":{"type":"Polygon","coordinates":[[[-103.367896,25.560583],[-103.367761,25.560373],[-103.36766,25.560426],[-103.367796,25.560636],[-103.367896,25.560583]]]}},{"type":"Feature","properties":{},"geometry":{"type":"Polygon","coordinates":[[[-103.367996,25.56053],[-103.367861,25.56032],[-103.367761,25.560373],[-103.367896,25.560583],[-103.367996,25.56053]]]}},{"type":"Feature","properties":{},"geometry":{"type":"Polygon","coordinates":[[[-103.368097,25.560477],[-103.367961,25.560266],[-103.367861,25.56032],[-103.367996,25.56053],[-103.368097,25.560477]]]}},{"type":"Feature","properties":{},"geometry":{"type":"Polygon","coordinates":[[[-103.368197,25.560424],[-103.368061,25.560213],[-103.367961,25.560266],[-103.368097,25.560477],[-103.368197,25.560424]]]}},{"type":"Feature","properties":{},"geometry":{"type":"Polygon","coordinates":[[[-103.368297,25.560371],[-103.368162,25.56016],[-103.368061,25.560213],[-103.368197,25.560424],[-103.368297,25.560371]]]}},{"type":"Feature","properties":{},"geometry":{"type":"Polygon","coordinates":[[[-103.368397,25.560318],[-103.368262,25.560107],[-103.368162,25.56016],[-103.368297,25.560371],[-103.368397,25.560318]]]}},{"type":"Feature","properties":{},"geometry":{"type":"Polygon","coordinates":[[[-103.368498,25.560265],[-103.368362,25.560054],[-103.368262,25.560107],[-103.368397,25.560318],[-103.368498,25.560265]]]}},{"type":"Feature","properties":{},"geometry":{"type":"Polygon","coordinates":[[[-103.368598,25.560212],[-103.368463,25.560001],[-103.368362,25.560054],[-103.368498,25.560265],[-103.368598,25.560212]]]}},{"type":"Feature","properties":{},"geometry":{"type":"Polygon","coordinates":[[[-103.368698,25.560159],[-103.368563,25.559948],[-103.368463,25.560001],[-103.368598,25.560212],[-103.368698,25.560159]]]}},{"type":"Feature","properties":{},"geometry":{"type":"Polygon","coordinates":[[[-103.368799,25.560106],[-103.368663,25.559895],[-103.368563,25.559948],[-103.368698,25.560159],[-103.368799,25.560106]]]}},{"type":"Feature","properties":{},"geometry":{"type":"Polygon","coordinates":[[[-103.368899,25.560053],[-103.368764,25.559842],[-103.368663,25.559895],[-103.368799,25.560106],[-103.368899,25.560053]]]}},{"type":"Feature","properties":{},"geometry":{"type":"Polygon","coordinates":[[[-103.368999,25.559999],[-103.368864,25.559789],[-103.368764,25.559842],[-103.368899,25.560053],[-103.368999,25.559999]]]}},{"type":"Feature","properties":{},"geometry":{"type":"Polygon","coordinates":[[[-103.358546,25.565937],[-103.35841,25.565726],[-103.35831,25.565779],[-103.358445,25.56599],[-103.358546,25.565937]]]}},{"type":"Feature","properties":{},"geometry":{"type":"Polygon","coordinates":[[[-103.358646,25.565884],[-103.358511,25.565673],[-103.35841,25.565726],[-103.358546,25.565937],[-103.358646,25.565884]]]}},{"type":"Feature","properties":{},"geometry":{"type":"Polygon","coordinates":[[[-103.358746,25.565831],[-103.358611,25.56562],[-103.358511,25.565673],[-103.358646,25.565884],[-103.358746,25.565831]]]}},{"type":"Feature","properties":{},"geometry":{"type":"Polygon","coordinates":[[[-103.358847,25.565778],[-103.358711,25.565567],[-103.358611,25.56562],[-103.358746,25.565831],[-103.358847,25.565778]]]}},{"type":"Feature","properties":{},"geometry":{"type":"Polygon","coordinates":[[[-103.358947,25.565725],[-103.358812,25.565514],[-103.358711,25.565567],[-103.358847,25.565778],[-103.358947,25.565725]]]}},{"type":"Feature","properties":{},"geometry":{"type":"Polygon","coordinates":[[[-103.359047,25.565672],[-103.358912,25.565461],[-103.358812,25.565514],[-103.358947,25.565725],[-103.359047,25.565672]]]}},{"type":"Feature","properties":{},"geometry":{"type":"Polygon","coordinates":[[[-103.359148,25.565619],[-103.359012,25.565408],[-103.358912,25.565461],[-103.359047,25.565672],[-103.359148,25.565619]]]}},{"type":"Feature","properties":{},"geometry":{"type":"Polygon","coordinates":[[[-103.359248,25.565565],[-103.359112,25.565355],[-103.359012,25.565408],[-103.359148,25.565619],[-103.359248,25.565565]]]}},{"type":"Feature","properties":{},"geometry":{"type":"Polygon","coordinates":[[[-103.359348,25.565512],[-103.359213,25.565302],[-103.359112,25.565355],[-103.359248,25.565565],[-103.359348,25.565512]]]}},{"type":"Feature","properties":{},"geometry":{"type":"Polygon","coordinates":[[[-103.359448,25.565459],[-103.359313,25.565249],[-103.359213,25.565302],[-103.359348,25.565512],[-103.359448,25.565459]]]}},{"type":"Feature","properties":{},"geometry":{"type":"Polygon","coordinates":[[[-103.359549,25.565406],[-103.359413,25.565196],[-103.359313,25.565249],[-103.359448,25.565459],[-103.359549,25.565406]]]}},{"type":"Feature","properties":{},"geometry":{"type":"Polygon","coordinates":[[[-103.359752,25.565299],[-103.359617,25.565088],[-103.359517,25.565141],[-103.359652,25.565352],[-103.359752,25.565299]]]}},{"type":"Feature","properties":{},"geometry":{"type":"Polygon","coordinates":[[[-103.359853,25.565246],[-103.359717,25.565035],[-103.359617,25.565088],[-103.359752,25.565299],[-103.359853,25.565246]]]}},{"type":"Feature","properties":{},"geometry":{"type":"Polygon","coordinates":[[[-103.359953,25.565193],[-103.359817,25.564982],[-103.359717,25.565035],[-103.359853,25.565246],[-103.359953,25.565193]]]}},{"type":"Feature","properties":{},"geometry":{"type":"Polygon","coordinates":[[[-103.360053,25.56514],[-103.359918,25.564929],[-103.359817,25.564982],[-103.359953,25.565193],[-103.360053,25.56514]]]}},{"type":"Feature","properties":{},"geometry":{"type":"Polygon","coordinates":[[[-103.360153,25.565086],[-103.360018,25.564876],[-103.359918,25.564929],[-103.360053,25.56514],[-103.360153,25.565086]]]}},{"type":"Feature","properties":{},"geometry":{"type":"Polygon","coordinates":[[[-103.360254,25.565033],[-103.360118,25.564823],[-103.360018,25.564876],[-103.360153,25.565086],[-103.360254,25.565033]]]}},{"type":"Feature","properties":{},"geometry":{"type":"Polygon","coordinates":[[[-103.360354,25.56498],[-103.360219,25.56477],[-103.360118,25.564823],[-103.360254,25.565033],[-103.360354,25.56498]]]}},{"type":"Feature","properties":{},"geometry":{"type":"Polygon","coordinates":[[[-103.360454,25.564927],[-103.360319,25.564717],[-103.360219,25.56477],[-103.360354,25.56498],[-103.360454,25.564927]]]}},{"type":"Feature","properties":{},"geometry":{"type":"Polygon","coordinates":[[[-103.360555,25.564874],[-103.360419,25.564664],[-103.360319,25.564717],[-103.360454,25.564927],[-103.360555,25.564874]]]}},{"type":"Feature","properties":{},"geometry":{"type":"Polygon","coordinates":[[[-103.360655,25.564821],[-103.36052,25.564611],[-103.360419,25.564664],[-103.360555,25.564874],[-103.360655,25.564821]]]}},{"type":"Feature","properties":{},"geometry":{"type":"Polygon","coordinates":[[[-103.360755,25.564768],[-103.36062,25.564558],[-103.36052,25.564611],[-103.360655,25.564821],[-103.360755,25.564768]]]}},{"type":"Feature","properties":{},"geometry":{"type":"Polygon","coordinates":[[[-103.360856,25.564715],[-103.36072,25.564505],[-103.36062,25.564558],[-103.360755,25.564768],[-103.360856,25.564715]]]}},{"type":"Feature","properties":{},"geometry":{"type":"Polygon","coordinates":[[[-103.360956,25.564662],[-103.360821,25.564451],[-103.36072,25.564505],[-103.360856,25.564715],[-103.360956,25.564662]]]}},{"type":"Feature","properties":{},"geometry":{"type":"Polygon","coordinates":[[[-103.361056,25.564609],[-103.360921,25.564398],[-103.360821,25.564451],[-103.360956,25.564662],[-103.361056,25.564609]]]}},{"type":"Feature","properties":{},"geometry":{"type":"Polygon","coordinates":[[[-103.361156,25.564556],[-103.361021,25.564345],[-103.360921,25.564398],[-103.361056,25.564609],[-103.361156,25.564556]]]}},{"type":"Feature","properties":{},"geometry":{"type":"Polygon","coordinates":[[[-103.36136,25.564448],[-103.361225,25.564238],[-103.361124,25.564291],[-103.36126,25.564501],[-103.36136,25.564448]]]}},{"type":"Feature","properties":{},"geometry":{"type":"Polygon","coordinates":[[[-103.36146,25.564395],[-103.361325,25.564185],[-103.361225,25.564238],[-103.36136,25.564448],[-103.36146,25.564395]]]}},{"type":"Feature","properties":{},"geometry":{"type":"Polygon","coordinates":[[[-103.361561,25.564342],[-103.361425,25.564132],[-103.361325,25.564185],[-103.36146,25.564395],[-103.361561,25.564342]]]}},{"type":"Feature","properties":{},"geometry":{"type":"Polygon","coordinates":[[[-103.361661,25.564289],[-103.361526,25.564079],[-103.361425,25.564132],[-103.361561,25.564342],[-103.361661,25.564289]]]}},{"type":"Feature","properties":{},"geometry":{"type":"Polygon","coordinates":[[[-103.361761,25.564236],[-103.361626,25.564025],[-103.361526,25.564079],[-103.361661,25.564289],[-103.361761,25.564236]]]}},{"type":"Feature","properties":{},"geometry":{"type":"Polygon","coordinates":[[[-103.361861,25.564183],[-103.361726,25.563972],[-103.361626,25.564025],[-103.361761,25.564236],[-103.361861,25.564183]]]}},{"type":"Feature","properties":{},"geometry":{"type":"Polygon","coordinates":[[[-103.361962,25.56413],[-103.361826,25.563919],[-103.361726,25.563972],[-103.361861,25.564183],[-103.361962,25.56413]]]}},{"type":"Feature","properties":{},"geometry":{"type":"Polygon","coordinates":[[[-103.362062,25.564077],[-103.361927,25.563866],[-103.361826,25.563919],[-103.361962,25.56413],[-103.362062,25.564077]]]}},{"type":"Feature","properties":{},"geometry":{"type":"Polygon","coordinates":[[[-103.362162,25.564024],[-103.362027,25.563813],[-103.361927,25.563866],[-103.362062,25.564077],[-103.362162,25.564024]]]}},{"type":"Feature","properties":{},"geometry":{"type":"Polygon","coordinates":[[[-103.362263,25.563971],[-103.362127,25.56376],[-103.362027,25.563813],[-103.362162,25.564024],[-103.362263,25.563971]]]}},{"type":"Feature","properties":{},"geometry":{"type":"Polygon","coordinates":[[[-103.362363,25.563918],[-103.362228,25.563707],[-103.362127,25.56376],[-103.362263,25.563971],[-103.362363,25.563918]]]}},{"type":"Feature","properties":{},"geometry":{"type":"Polygon","coordinates":[[[-103.362463,25.563865],[-103.362328,25.563654],[-103.362228,25.563707],[-103.362363,25.563918],[-103.362463,25.563865]]]}},{"type":"Feature","properties":{},"geometry":{"type":"Polygon","coordinates":[[[-103.362564,25.563812],[-103.362428,25.563601],[-103.362328,25.563654],[-103.362463,25.563865],[-103.362564,25.563812]]]}},{"type":"Feature","properties":{},"geometry":{"type":"Polygon","coordinates":[[[-103.362664,25.563759],[-103.362529,25.563548],[-103.362428,25.563601],[-103.362564,25.563812],[-103.362664,25.563759]]]}},{"type":"Feature","properties":{},"geometry":{"type":"Polygon","coordinates":[[[-103.362764,25.563705],[-103.362629,25.563495],[-103.362529,25.563548],[-103.362664,25.563759],[-103.362764,25.563705]]]}},{"type":"Feature","properties":{},"geometry":{"type":"Polygon","coordinates":[[[-103.362968,25.563598],[-103.362832,25.563387],[-103.362732,25.56344],[-103.362867,25.563651],[-103.362968,25.563598]]]}},{"type":"Feature","properties":{},"geometry":{"type":"Polygon","coordinates":[[[-103.363068,25.563545],[-103.362933,25.563334],[-103.362832,25.563387],[-103.362968,25.563598],[-103.363068,25.563545]]]}},{"type":"Feature","properties":{},"geometry":{"type":"Polygon","coordinates":[[[-103.363168,25.563492],[-103.363033,25.563281],[-103.362933,25.563334],[-103.363068,25.563545],[-103.363168,25.563492]]]}},{"type":"Feature","properties":{},"geometry":{"type":"Polygon","coordinates":[[[-103.363269,25.563439],[-103.363133,25.563228],[-103.363033,25.563281],[-103.363168,25.563492],[-103.363269,25.563439]]]}},{"type":"Feature","properties":{},"geometry":{"type":"Polygon","coordinates":[[[-103.363369,25.563386],[-103.363233,25.563175],[-103.363133,25.563228],[-103.363269,25.563439],[-103.363369,25.563386]]]}},{"type":"Feature","properties":{},"geometry":{"type":"Polygon","coordinates":[[[-103.363469,25.563333],[-103.363334,25.563122],[-103.363233,25.563175],[-103.363369,25.563386],[-103.363469,25.563333]]]}},{"type":"Feature","properties":{},"geometry":{"type":"Polygon","coordinates":[[[-103.363569,25.563279],[-103.363434,25.563069],[-103.363334,25.563122],[-103.363469,25.563333],[-103.363569,25.563279]]]}},{"type":"Feature","properties":{},"geometry":{"type":"Polygon","coordinates":[[[-103.36367,25.563226],[-103.363534,25.563016],[-103.363434,25.563069],[-103.363569,25.563279],[-103.36367,25.563226]]]}},{"type":"Feature","properties":{},"geometry":{"type":"Polygon","coordinates":[[[-103.36377,25.563173],[-103.363635,25.562963],[-103.363534,25.563016],[-103.36367,25.563226],[-103.36377,25.563173]]]}},{"type":"Feature","properties":{},"geometry":{"type":"Polygon","coordinates":[[[-103.36387,25.56312],[-103.363735,25.56291],[-103.363635,25.562963],[-103.36377,25.563173],[-103.36387,25.56312]]]}},{"type":"Feature","properties":{},"geometry":{"type":"Polygon","coordinates":[[[-103.363971,25.563067],[-103.363835,25.562857],[-103.363735,25.56291],[-103.36387,25.56312],[-103.363971,25.563067]]]}},{"type":"Feature","properties":{},"geometry":{"type":"Polygon","coordinates":[[[-103.364071,25.563014],[-103.363936,25.562804],[-103.363835,25.562857],[-103.363971,25.563067],[-103.364071,25.563014]]]}},{"type":"Feature","properties":{},"geometry":{"type":"Polygon","coordinates":[[[-103.364171,25.562961],[-103.364036,25.562751],[-103.363936,25.562804],[-103.364071,25.563014],[-103.364171,25.562961]]]}},{"type":"Feature","properties":{},"geometry":{"type":"Polygon","coordinates":[[[-103.364272,25.562908],[-103.364136,25.562698],[-103.364036,25.562751],[-103.364171,25.562961],[-103.364272,25.562908]]]}},{"type":"Feature","properties":{},"geometry":{"type":"Polygon","coordinates":[[[-103.364372,25.562855],[-103.364236,25.562644],[-103.364136,25.562698],[-103.364272,25.562908],[-103.364372,25.562855]]]}},{"type":"Feature","properties":{},"geometry":{"type":"Polygon","coordinates":[[[-103.364575,25.562747],[-103.36444,25.562537],[-103.36434,25.56259],[-103.364475,25.5628],[-103.364575,25.562747]]]}},{"type":"Feature","properties":{},"geometry":{"type":"Polygon","coordinates":[[[-103.364676,25.562694],[-103.36454,25.562484],[-103.36444,25.562537],[-103.364575,25.562747],[-103.364676,25.562694]]]}},{"type":"Feature","properties":{},"geometry":{"type":"Polygon","coordinates":[[[-103.364776,25.562641],[-103.364641,25.562431],[-103.36454,25.562484],[-103.364676,25.562694],[-103.364776,25.562641]]]}},{"type":"Feature","properties":{},"geometry":{"type":"Polygon","coordinates":[[[-103.364876,25.562588],[-103.364741,25.562378],[-103.364641,25.562431],[-103.364776,25.562641],[-103.364876,25.562588]]]}},{"type":"Feature","properties":{},"geometry":{"type":"Polygon","coordinates":[[[-103.364977,25.562535],[-103.364841,25.562325],[-103.364741,25.562378],[-103.364876,25.562588],[-103.364977,25.562535]]]}},{"type":"Feature","properties":{},"geometry":{"type":"Polygon","coordinates":[[[-103.365077,25.562482],[-103.364941,25.562272],[-103.364841,25.562325],[-103.364977,25.562535],[-103.365077,25.562482]]]}},{"type":"Feature","properties":{},"geometry":{"type":"Polygon","coordinates":[[[-103.365177,25.562429],[-103.365042,25.562218],[-103.364941,25.562272],[-103.365077,25.562482],[-103.365177,25.562429]]]}},{"type":"Feature","properties":{},"geometry":{"type":"Polygon","coordinates":[[[-103.365277,25.562376],[-103.365142,25.562165],[-103.365042,25.562218],[-103.365177,25.562429],[-103.365277,25.562376]]]}},{"type":"Feature","properties":{},"geometry":{"type":"Polygon","coordinates":[[[-103.365378,25.562323],[-103.365242,25.562112],[-103.365142,25.562165],[-103.365277,25.562376],[-103.365378,25.562323]]]}},{"type":"Feature","properties":{},"geometry":{"type":"Polygon","coordinates":[[[-103.365478,25.56227],[-103.365343,25.562059],[-103.365242,25.562112],[-103.365378,25.562323],[-103.365478,25.56227]]]}},{"type":"Feature","properties":{},"geometry":{"type":"Polygon","coordinates":[[[-103.365578,25.562217],[-103.365443,25.562006],[-103.365343,25.562059],[-103.365478,25.56227],[-103.365578,25.562217]]]}},{"type":"Feature","properties":{},"geometry":{"type":"Polygon","coordinates":[[[-103.365679,25.562164],[-103.365543,25.561953],[-103.365443,25.562006],[-103.365578,25.562217],[-103.365679,25.562164]]]}},{"type":"Feature","properties":{},"geometry":{"type":"Polygon","coordinates":[[[-103.365779,25.562111],[-103.365644,25.5619],[-103.365543,25.561953],[-103.365679,25.562164],[-103.365779,25.562111]]]}},{"type":"Feature","properties":{},"geometry":{"type":"Polygon","coordinates":[[[-103.365879,25.562058],[-103.365744,25.561847],[-103.365644,25.5619],[-103.365779,25.562111],[-103.365879,25.562058]]]}},{"type":"Feature","properties":{},"geometry":{"type":"Polygon","coordinates":[[[-103.36598,25.562005],[-103.365844,25.561794],[-103.365744,25.561847],[-103.365879,25.562058],[-103.36598,25.562005]]]}},{"type":"Feature","properties":{},"geometry":{"type":"Polygon","coordinates":[[[-103.366183,25.561897],[-103.366048,25.561686],[-103.365947,25.561739],[-103.366083,25.56195],[-103.366183,25.561897]]]}},{"type":"Feature","properties":{},"geometry":{"type":"Polygon","coordinates":[[[-103.366283,25.561844],[-103.366148,25.561633],[-103.366048,25.561686],[-103.366183,25.561897],[-103.366283,25.561844]]]}},{"type":"Feature","properties":{},"geometry":{"type":"Polygon","coordinates":[[[-103.366384,25.561791],[-103.366248,25.56158],[-103.366148,25.561633],[-103.366283,25.561844],[-103.366384,25.561791]]]}},{"type":"Feature","properties":{},"geometry":{"type":"Polygon","coordinates":[[[-103.366484,25.561738],[-103.366348,25.561527],[-103.366248,25.56158],[-103.366384,25.561791],[-103.366484,25.561738]]]}},{"type":"Feature","properties":{},"geometry":{"type":"Polygon","coordinates":[[[-103.366584,25.561685],[-103.366449,25.561474],[-103.366348,25.561527],[-103.366484,25.561738],[-103.366584,25.561685]]]}},{"type":"Feature","properties":{},"geometry":{"type":"Polygon","coordinates":[[[-103.366684,25.561632],[-103.366549,25.561421],[-103.366449,25.561474],[-103.366584,25.561685],[-103.366684,25.561632]]]}},{"type":"Feature","properties":{},"geometry":{"type":"Polygon","coordinates":[[[-103.366785,25.561579],[-103.366649,25.561368],[-103.366549,25.561421],[-103.366684,25.561632],[-103.366785,25.561579]]]}},{"type":"Feature","properties":{},"geometry":{"type":"Polygon","coordinates":[[[-103.366885,25.561525],[-103.36675,25.561315],[-103.366649,25.561368],[-103.366785,25.561579],[-103.366885,25.561525]]]}},{"type":"Feature","properties":{},"geometry":{"type":"Polygon","coordinates":[[[-103.366985,25.561472],[-103.36685,25.561262],[-103.36675,25.561315],[-103.366885,25.561525],[-103.366985,25.561472]]]}},{"type":"Feature","properties":{},"geometry":{"type":"Polygon","coordinates":[[[-103.367086,25.561419],[-103.36695,25.561209],[-103.36685,25.561262],[-103.366985,25.561472],[-103.367086,25.561419]]]}},{"type":"Feature","properties":{},"geometry":{"type":"Polygon","coordinates":[[[-103.367186,25.561366],[-103.367051,25.561156],[-103.36695,25.561209],[-103.367086,25.561419],[-103.367186,25.561366]]]}},{"type":"Feature","properties":{},"geometry":{"type":"Polygon","coordinates":[[[-103.367286,25.561313],[-103.367151,25.561103],[-103.367051,25.561156],[-103.367186,25.561366],[-103.367286,25.561313]]]}},{"type":"Feature","properties":{},"geometry":{"type":"Polygon","coordinates":[[[-103.367387,25.56126],[-103.367251,25.56105],[-103.367151,25.561103],[-103.367286,25.561313],[-103.367387,25.56126]]]}},{"type":"Feature","properties":{},"geometry":{"type":"Polygon","coordinates":[[[-103.367487,25.561207],[-103.367351,25.560997],[-103.367251,25.56105],[-103.367387,25.56126],[-103.367487,25.561207]]]}},{"type":"Feature","properties":{},"geometry":{"type":"Polygon","coordinates":[[[-103.367587,25.561154],[-103.367452,25.560944],[-103.367351,25.560997],[-103.367487,25.561207],[-103.367587,25.561154]]]}},{"type":"Feature","properties":{},"geometry":{"type":"Polygon","coordinates":[[[-103.367791,25.561046],[-103.367655,25.560836],[-103.367555,25.560889],[-103.36769,25.561099],[-103.367791,25.561046]]]}},{"type":"Feature","properties":{},"geometry":{"type":"Polygon","coordinates":[[[-103.367891,25.560993],[-103.367756,25.560783],[-103.367655,25.560836],[-103.367791,25.561046],[-103.367891,25.560993]]]}},{"type":"Feature","properties":{},"geometry":{"type":"Polygon","coordinates":[[[-103.367991,25.56094],[-103.367856,25.56073],[-103.367756,25.560783],[-103.367891,25.560993],[-103.367991,25.56094]]]}},{"type":"Feature","properties":{},"geometry":{"type":"Polygon","coordinates":[[[-103.368091,25.560887],[-103.367956,25.560677],[-103.367856,25.56073],[-103.367991,25.56094],[-103.368091,25.560887]]]}},{"type":"Feature","properties":{},"geometry":{"type":"Polygon","coordinates":[[[-103.368192,25.560834],[-103.368056,25.560624],[-103.367956,25.560677],[-103.368091,25.560887],[-103.368192,25.560834]]]}},{"type":"Feature","properties":{},"geometry":{"type":"Polygon","coordinates":[[[-103.368292,25.560781],[-103.368157,25.560571],[-103.368056,25.560624],[-103.368192,25.560834],[-103.368292,25.560781]]]}},{"type":"Feature","properties":{},"geometry":{"type":"Polygon","coordinates":[[[-103.368392,25.560728],[-103.368257,25.560518],[-103.368157,25.560571],[-103.368292,25.560781],[-103.368392,25.560728]]]}},{"type":"Feature","properties":{},"geometry":{"type":"Polygon","coordinates":[[[-103.368493,25.560675],[-103.368357,25.560464],[-103.368257,25.560518],[-103.368392,25.560728],[-103.368493,25.560675]]]}},{"type":"Feature","properties":{},"geometry":{"type":"Polygon","coordinates":[[[-103.368593,25.560622],[-103.368458,25.560411],[-103.368357,25.560464],[-103.368493,25.560675],[-103.368593,25.560622]]]}},{"type":"Feature","properties":{},"geometry":{"type":"Polygon","coordinates":[[[-103.368693,25.560569],[-103.368558,25.560358],[-103.368458,25.560411],[-103.368593,25.560622],[-103.368693,25.560569]]]}},{"type":"Feature","properties":{},"geometry":{"type":"Polygon","coordinates":[[[-103.368794,25.560516],[-103.368658,25.560305],[-103.368558,25.560358],[-103.368693,25.560569],[-103.368794,25.560516]]]}},{"type":"Feature","properties":{},"geometry":{"type":"Polygon","coordinates":[[[-103.368894,25.560463],[-103.368758,25.560252],[-103.368658,25.560305],[-103.368794,25.560516],[-103.368894,25.560463]]]}},{"type":"Feature","properties":{},"geometry":{"type":"Polygon","coordinates":[[[-103.368994,25.56041],[-103.368859,25.560199],[-103.368758,25.560252],[-103.368894,25.560463],[-103.368994,25.56041]]]}},{"type":"Feature","properties":{},"geometry":{"type":"Polygon","coordinates":[[[-103.369094,25.560357],[-103.368959,25.560146],[-103.368859,25.560199],[-103.368994,25.56041],[-103.369094,25.560357]]]}},{"type":"Feature","properties":{},"geometry":{"type":"Polygon","coordinates":[[[-103.359584,25.56567],[-103.359448,25.565459],[-103.359348,25.565512],[-103.359484,25.565723],[-103.359584,25.56567]]]}},{"type":"Feature","properties":{},"geometry":{"type":"Polygon","coordinates":[[[-103.359684,25.565617],[-103.359549,25.565406],[-103.359448,25.565459],[-103.359584,25.56567],[-103.359684,25.565617]]]}},{"type":"Feature","properties":{},"geometry":{"type":"Polygon","coordinates":[[[-103.359888,25.565509],[-103.359752,25.565299],[-103.359652,25.565352],[-103.359787,25.565562],[-103.359888,25.565509]]]}},{"type":"Feature","properties":{},"geometry":{"type":"Polygon","coordinates":[[[-103.359988,25.565456],[-103.359853,25.565246],[-103.359752,25.565299],[-103.359888,25.565509],[-103.359988,25.565456]]]}},{"type":"Feature","properties":{},"geometry":{"type":"Polygon","coordinates":[[[-103.360088,25.565403],[-103.359953,25.565193],[-103.359853,25.565246],[-103.359988,25.565456],[-103.360088,25.565403]]]}},{"type":"Feature","properties":{},"geometry":{"type":"Polygon","coordinates":[[[-103.360189,25.56535],[-103.360053,25.56514],[-103.359953,25.565193],[-103.360088,25.565403],[-103.360189,25.56535]]]}},{"type":"Feature","properties":{},"geometry":{"type":"Polygon","coordinates":[[[-103.360289,25.565297],[-103.360153,25.565086],[-103.360053,25.56514],[-103.360189,25.56535],[-103.360289,25.565297]]]}},{"type":"Feature","properties":{},"geometry":{"type":"Polygon","coordinates":[[[-103.360389,25.565244],[-103.360254,25.565033],[-103.360153,25.565086],[-103.360289,25.565297],[-103.360389,25.565244]]]}},{"type":"Feature","properties":{},"geometry":{"type":"Polygon","coordinates":[[[-103.360489,25.565191],[-103.360354,25.56498],[-103.360254,25.565033],[-103.360389,25.565244],[-103.360489,25.565191]]]}},{"type":"Feature","properties":{},"geometry":{"type":"Polygon","coordinates":[[[-103.36059,25.565138],[-103.360454,25.564927],[-103.360354,25.56498],[-103.360489,25.565191],[-103.36059,25.565138]]]}},{"type":"Feature","properties":{},"geometry":{"type":"Polygon","coordinates":[[[-103.36069,25.565085],[-103.360555,25.564874],[-103.360454,25.564927],[-103.36059,25.565138],[-103.36069,25.565085]]]}},{"type":"Feature","properties":{},"geometry":{"type":"Polygon","coordinates":[[[-103.36079,25.565032],[-103.360655,25.564821],[-103.360555,25.564874],[-103.36069,25.565085],[-103.36079,25.565032]]]}},{"type":"Feature","properties":{},"geometry":{"type":"Polygon","coordinates":[[[-103.360891,25.564979],[-103.360755,25.564768],[-103.360655,25.564821],[-103.36079,25.565032],[-103.360891,25.564979]]]}},{"type":"Feature","properties":{},"geometry":{"type":"Polygon","coordinates":[[[-103.360991,25.564926],[-103.360856,25.564715],[-103.360755,25.564768],[-103.360891,25.564979],[-103.360991,25.564926]]]}},{"type":"Feature","properties":{},"geometry":{"type":"Polygon","coordinates":[[[-103.361091,25.564873],[-103.360956,25.564662],[-103.360856,25.564715],[-103.360991,25.564926],[-103.361091,25.564873]]]}},{"type":"Feature","properties":{},"geometry":{"type":"Polygon","coordinates":[[[-103.361192,25.564819],[-103.361056,25.564609],[-103.360956,25.564662],[-103.361091,25.564873],[-103.361192,25.564819]]]}},{"type":"Feature","properties":{},"geometry":{"type":"Polygon","coordinates":[[[-103.361292,25.564766],[-103.361156,25.564556],[-103.361056,25.564609],[-103.361192,25.564819],[-103.361292,25.564766]]]}},{"type":"Feature","properties":{},"geometry":{"type":"Polygon","coordinates":[[[-103.361495,25.564659],[-103.36136,25.564448],[-103.36126,25.564501],[-103.361395,25.564712],[-103.361495,25.564659]]]}},{"type":"Feature","properties":{},"geometry":{"type":"Polygon","coordinates":[[[-103.361596,25.564606],[-103.36146,25.564395],[-103.36136,25.564448],[-103.361495,25.564659],[-103.361596,25.564606]]]}},{"type":"Feature","properties":{},"geometry":{"type":"Polygon","coordinates":[[[-103.361696,25.564553],[-103.361561,25.564342],[-103.36146,25.564395],[-103.361596,25.564606],[-103.361696,25.564553]]]}},{"type":"Feature","properties":{},"geometry":{"type":"Polygon","coordinates":[[[-103.361796,25.5645],[-103.361661,25.564289],[-103.361561,25.564342],[-103.361696,25.564553],[-103.361796,25.5645]]]}},{"type":"Feature","properties":{},"geometry":{"type":"Polygon","coordinates":[[[-103.361897,25.564447],[-103.361761,25.564236],[-103.361661,25.564289],[-103.361796,25.5645],[-103.361897,25.564447]]]}},{"type":"Feature","properties":{},"geometry":{"type":"Polygon","coordinates":[[[-103.361997,25.564394],[-103.361861,25.564183],[-103.361761,25.564236],[-103.361897,25.564447],[-103.361997,25.564394]]]}},{"type":"Feature","properties":{},"geometry":{"type":"Polygon","coordinates":[[[-103.362097,25.56434],[-103.361962,25.56413],[-103.361861,25.564183],[-103.361997,25.564394],[-103.362097,25.56434]]]}},{"type":"Feature","properties":{},"geometry":{"type":"Polygon","coordinates":[[[-103.362197,25.564287],[-103.362062,25.564077],[-103.361962,25.56413],[-103.362097,25.56434],[-103.362197,25.564287]]]}},{"type":"Feature","properties":{},"geometry":{"type":"Polygon","coordinates":[[[-103.362298,25.564234],[-103.362162,25.564024],[-103.362062,25.564077],[-103.362197,25.564287],[-103.362298,25.564234]]]}},{"type":"Feature","properties":{},"geometry":{"type":"Polygon","coordinates":[[[-103.362398,25.564181],[-103.362263,25.563971],[-103.362162,25.564024],[-103.362298,25.564234],[-103.362398,25.564181]]]}},{"type":"Feature","properties":{},"geometry":{"type":"Polygon","coordinates":[[[-103.362498,25.564128],[-103.362363,25.563918],[-103.362263,25.563971],[-103.362398,25.564181],[-103.362498,25.564128]]]}},{"type":"Feature","properties":{},"geometry":{"type":"Polygon","coordinates":[[[-103.362599,25.564075],[-103.362463,25.563865],[-103.362363,25.563918],[-103.362498,25.564128],[-103.362599,25.564075]]]}},{"type":"Feature","properties":{},"geometry":{"type":"Polygon","coordinates":[[[-103.362699,25.564022],[-103.362564,25.563812],[-103.362463,25.563865],[-103.362599,25.564075],[-103.362699,25.564022]]]}},{"type":"Feature","properties":{},"geometry":{"type":"Polygon","coordinates":[[[-103.362799,25.563969],[-103.362664,25.563759],[-103.362564,25.563812],[-103.362699,25.564022],[-103.362799,25.563969]]]}},{"type":"Feature","properties":{},"geometry":{"type":"Polygon","coordinates":[[[-103.3629,25.563916],[-103.362764,25.563705],[-103.362664,25.563759],[-103.362799,25.563969],[-103.3629,25.563916]]]}},{"type":"Feature","properties":{},"geometry":{"type":"Polygon","coordinates":[[[-103.363103,25.563808],[-103.362968,25.563598],[-103.362867,25.563651],[-103.363003,25.563861],[-103.363103,25.563808]]]}},{"type":"Feature","properties":{},"geometry":{"type":"Polygon","coordinates":[[[-103.363203,25.563755],[-103.363068,25.563545],[-103.362968,25.563598],[-103.363103,25.563808],[-103.363203,25.563755]]]}},{"type":"Feature","properties":{},"geometry":{"type":"Polygon","coordinates":[[[-103.363304,25.563702],[-103.363168,25.563492],[-103.363068,25.563545],[-103.363203,25.563755],[-103.363304,25.563702]]]}},{"type":"Feature","properties":{},"geometry":{"type":"Polygon","coordinates":[[[-103.363404,25.563649],[-103.363269,25.563439],[-103.363168,25.563492],[-103.363304,25.563702],[-103.363404,25.563649]]]}},{"type":"Feature","properties":{},"geometry":{"type":"Polygon","coordinates":[[[-103.363504,25.563596],[-103.363369,25.563386],[-103.363269,25.563439],[-103.363404,25.563649],[-103.363504,25.563596]]]}},{"type":"Feature","properties":{},"geometry":{"type":"Polygon","coordinates":[[[-103.363605,25.563543],[-103.363469,25.563333],[-103.363369,25.563386],[-103.363504,25.563596],[-103.363605,25.563543]]]}},{"type":"Feature","properties":{},"geometry":{"type":"Polygon","coordinates":[[[-103.363705,25.56349],[-103.363569,25.563279],[-103.363469,25.563333],[-103.363605,25.563543],[-103.363705,25.56349]]]}},{"type":"Feature","properties":{},"geometry":{"type":"Polygon","coordinates":[[[-103.363805,25.563437],[-103.36367,25.563226],[-103.363569,25.563279],[-103.363705,25.56349],[-103.363805,25.563437]]]}},{"type":"Feature","properties":{},"geometry":{"type":"Polygon","coordinates":[[[-103.363905,25.563384],[-103.36377,25.563173],[-103.36367,25.563226],[-103.363805,25.563437],[-103.363905,25.563384]]]}},{"type":"Feature","properties":{},"geometry":{"type":"Polygon","coordinates":[[[-103.364006,25.563331],[-103.36387,25.56312],[-103.36377,25.563173],[-103.363905,25.563384],[-103.364006,25.563331]]]}},{"type":"Feature","properties":{},"geometry":{"type":"Polygon","coordinates":[[[-103.364106,25.563278],[-103.363971,25.563067],[-103.36387,25.56312],[-103.364006,25.563331],[-103.364106,25.563278]]]}},{"type":"Feature","properties":{},"geometry":{"type":"Polygon","coordinates":[[[-103.364206,25.563225],[-103.364071,25.563014],[-103.363971,25.563067],[-103.364106,25.563278],[-103.364206,25.563225]]]}},{"type":"Feature","properties":{},"geometry":{"type":"Polygon","coordinates":[[[-103.364307,25.563172],[-103.364171,25.562961],[-103.364071,25.563014],[-103.364206,25.563225],[-103.364307,25.563172]]]}},{"type":"Feature","properties":{},"geometry":{"type":"Polygon","coordinates":[[[-103.364407,25.563119],[-103.364272,25.562908],[-103.364171,25.562961],[-103.364307,25.563172],[-103.364407,25.563119]]]}},{"type":"Feature","properties":{},"geometry":{"type":"Polygon","coordinates":[[[-103.364507,25.563066],[-103.364372,25.562855],[-103.364272,25.562908],[-103.364407,25.563119],[-103.364507,25.563066]]]}},{"type":"Feature","properties":{},"geometry":{"type":"Polygon","coordinates":[[[-103.364711,25.562958],[-103.364575,25.562747],[-103.364475,25.5628],[-103.36461,25.563011],[-103.364711,25.562958]]]}},{"type":"Feature","properties":{},"geometry":{"type":"Polygon","coordinates":[[[-103.364811,25.562905],[-103.364676,25.562694],[-103.364575,25.562747],[-103.364711,25.562958],[-103.364811,25.562905]]]}},{"type":"Feature","properties":{},"geometry":{"type":"Polygon","coordinates":[[[-103.364911,25.562852],[-103.364776,25.562641],[-103.364676,25.562694],[-103.364811,25.562905],[-103.364911,25.562852]]]}},{"type":"Feature","properties":{},"geometry":{"type":"Polygon","coordinates":[[[-103.365012,25.562799],[-103.364876,25.562588],[-103.364776,25.562641],[-103.364911,25.562852],[-103.365012,25.562799]]]}},{"type":"Feature","properties":{},"geometry":{"type":"Polygon","coordinates":[[[-103.365112,25.562746],[-103.364977,25.562535],[-103.364876,25.562588],[-103.365012,25.562799],[-103.365112,25.562746]]]}},{"type":"Feature","properties":{},"geometry":{"type":"Polygon","coordinates":[[[-103.365212,25.562693],[-103.365077,25.562482],[-103.364977,25.562535],[-103.365112,25.562746],[-103.365212,25.562693]]]}},{"type":"Feature","properties":{},"geometry":{"type":"Polygon","coordinates":[[[-103.365313,25.56264],[-103.365177,25.562429],[-103.365077,25.562482],[-103.365212,25.562693],[-103.365313,25.56264]]]}},{"type":"Feature","properties":{},"geometry":{"type":"Polygon","coordinates":[[[-103.365413,25.562587],[-103.365277,25.562376],[-103.365177,25.562429],[-103.365313,25.56264],[-103.365413,25.562587]]]}},{"type":"Feature","properties":{},"geometry":{"type":"Polygon","coordinates":[[[-103.365513,25.562533],[-103.365378,25.562323],[-103.365277,25.562376],[-103.365413,25.562587],[-103.365513,25.562533]]]}},{"type":"Feature","properties":{},"geometry":{"type":"Polygon","coordinates":[[[-103.365613,25.56248],[-103.365478,25.56227],[-103.365378,25.562323],[-103.365513,25.562533],[-103.365613,25.56248]]]}},{"type":"Feature","properties":{},"geometry":{"type":"Polygon","coordinates":[[[-103.365714,25.562427],[-103.365578,25.562217],[-103.365478,25.56227],[-103.365613,25.56248],[-103.365714,25.562427]]]}},{"type":"Feature","properties":{},"geometry":{"type":"Polygon","coordinates":[[[-103.365814,25.562374],[-103.365679,25.562164],[-103.365578,25.562217],[-103.365714,25.562427],[-103.365814,25.562374]]]}},{"type":"Feature","properties":{},"geometry":{"type":"Polygon","coordinates":[[[-103.365914,25.562321],[-103.365779,25.562111],[-103.365679,25.562164],[-103.365814,25.562374],[-103.365914,25.562321]]]}},{"type":"Feature","properties":{},"geometry":{"type":"Polygon","coordinates":[[[-103.366015,25.562268],[-103.365879,25.562058],[-103.365779,25.562111],[-103.365914,25.562321],[-103.366015,25.562268]]]}},{"type":"Feature","properties":{},"geometry":{"type":"Polygon","coordinates":[[[-103.366115,25.562215],[-103.36598,25.562005],[-103.365879,25.562058],[-103.366015,25.562268],[-103.366115,25.562215]]]}},{"type":"Feature","properties":{},"geometry":{"type":"Polygon","coordinates":[[[-103.366318,25.562107],[-103.366183,25.561897],[-103.366083,25.56195],[-103.366218,25.562161],[-103.366318,25.562107]]]}},{"type":"Feature","properties":{},"geometry":{"type":"Polygon","coordinates":[[[-103.366419,25.562054],[-103.366283,25.561844],[-103.366183,25.561897],[-103.366318,25.562107],[-103.366419,25.562054]]]}},{"type":"Feature","properties":{},"geometry":{"type":"Polygon","coordinates":[[[-103.366519,25.562001],[-103.366384,25.561791],[-103.366283,25.561844],[-103.366419,25.562054],[-103.366519,25.562001]]]}},{"type":"Feature","properties":{},"geometry":{"type":"Polygon","coordinates":[[[-103.366619,25.561948],[-103.366484,25.561738],[-103.366384,25.561791],[-103.366519,25.562001],[-103.366619,25.561948]]]}},{"type":"Feature","properties":{},"geometry":{"type":"Polygon","coordinates":[[[-103.36672,25.561895],[-103.366584,25.561685],[-103.366484,25.561738],[-103.366619,25.561948],[-103.36672,25.561895]]]}},{"type":"Feature","properties":{},"geometry":{"type":"Polygon","coordinates":[[[-103.36682,25.561842],[-103.366684,25.561632],[-103.366584,25.561685],[-103.36672,25.561895],[-103.36682,25.561842]]]}},{"type":"Feature","properties":{},"geometry":{"type":"Polygon","coordinates":[[[-103.36692,25.561789],[-103.366785,25.561579],[-103.366684,25.561632],[-103.36682,25.561842],[-103.36692,25.561789]]]}},{"type":"Feature","properties":{},"geometry":{"type":"Polygon","coordinates":[[[-103.36702,25.561736],[-103.366885,25.561525],[-103.366785,25.561579],[-103.36692,25.561789],[-103.36702,25.561736]]]}},{"type":"Feature","properties":{},"geometry":{"type":"Polygon","coordinates":[[[-103.367121,25.561683],[-103.366985,25.561472],[-103.366885,25.561525],[-103.36702,25.561736],[-103.367121,25.561683]]]}},{"type":"Feature","properties":{},"geometry":{"type":"Polygon","coordinates":[[[-103.367221,25.56163],[-103.367086,25.561419],[-103.366985,25.561472],[-103.367121,25.561683],[-103.367221,25.56163]]]}},{"type":"Feature","properties":{},"geometry":{"type":"Polygon","coordinates":[[[-103.367321,25.561577],[-103.367186,25.561366],[-103.367086,25.561419],[-103.367221,25.56163],[-103.367321,25.561577]]]}},{"type":"Feature","properties":{},"geometry":{"type":"Polygon","coordinates":[[[-103.367422,25.561524],[-103.367286,25.561313],[-103.367186,25.561366],[-103.367321,25.561577],[-103.367422,25.561524]]]}},{"type":"Feature","properties":{},"geometry":{"type":"Polygon","coordinates":[[[-103.367522,25.561471],[-103.367387,25.56126],[-103.367286,25.561313],[-103.367422,25.561524],[-103.367522,25.561471]]]}},{"type":"Feature","properties":{},"geometry":{"type":"Polygon","coordinates":[[[-103.367622,25.561418],[-103.367487,25.561207],[-103.367387,25.56126],[-103.367522,25.561471],[-103.367622,25.561418]]]}},{"type":"Feature","properties":{},"geometry":{"type":"Polygon","coordinates":[[[-103.367723,25.561365],[-103.367587,25.561154],[-103.367487,25.561207],[-103.367622,25.561418],[-103.367723,25.561365]]]}},{"type":"Feature","properties":{},"geometry":{"type":"Polygon","coordinates":[[[-103.367926,25.561257],[-103.367791,25.561046],[-103.36769,25.561099],[-103.367826,25.56131],[-103.367926,25.561257]]]}},{"type":"Feature","properties":{},"geometry":{"type":"Polygon","coordinates":[[[-103.368026,25.561204],[-103.367891,25.560993],[-103.367791,25.561046],[-103.367926,25.561257],[-103.368026,25.561204]]]}},{"type":"Feature","properties":{},"geometry":{"type":"Polygon","coordinates":[[[-103.368127,25.561151],[-103.367991,25.56094],[-103.367891,25.560993],[-103.368026,25.561204],[-103.368127,25.561151]]]}},{"type":"Feature","properties":{},"geometry":{"type":"Polygon","coordinates":[[[-103.368227,25.561098],[-103.368091,25.560887],[-103.367991,25.56094],[-103.368127,25.561151],[-103.368227,25.561098]]]}},{"type":"Feature","properties":{},"geometry":{"type":"Polygon","coordinates":[[[-103.368327,25.561045],[-103.368192,25.560834],[-103.368091,25.560887],[-103.368227,25.561098],[-103.368327,25.561045]]]}},{"type":"Feature","properties":{},"geometry":{"type":"Polygon","coordinates":[[[-103.368427,25.560992],[-103.368292,25.560781],[-103.368192,25.560834],[-103.368327,25.561045],[-103.368427,25.560992]]]}},{"type":"Feature","properties":{},"geometry":{"type":"Polygon","coordinates":[[[-103.368528,25.560939],[-103.368392,25.560728],[-103.368292,25.560781],[-103.368427,25.560992],[-103.368528,25.560939]]]}},{"type":"Feature","properties":{},"geometry":{"type":"Polygon","coordinates":[[[-103.368628,25.560886],[-103.368493,25.560675],[-103.368392,25.560728],[-103.368528,25.560939],[-103.368628,25.560886]]]}},{"type":"Feature","properties":{},"geometry":{"type":"Polygon","coordinates":[[[-103.368728,25.560832],[-103.368593,25.560622],[-103.368493,25.560675],[-103.368628,25.560886],[-103.368728,25.560832]]]}},{"type":"Feature","properties":{},"geometry":{"type":"Polygon","coordinates":[[[-103.368829,25.560779],[-103.368693,25.560569],[-103.368593,25.560622],[-103.368728,25.560832],[-103.368829,25.560779]]]}},{"type":"Feature","properties":{},"geometry":{"type":"Polygon","coordinates":[[[-103.368929,25.560726],[-103.368794,25.560516],[-103.368693,25.560569],[-103.368829,25.560779],[-103.368929,25.560726]]]}},{"type":"Feature","properties":{},"geometry":{"type":"Polygon","coordinates":[[[-103.369029,25.560673],[-103.368894,25.560463],[-103.368794,25.560516],[-103.368929,25.560726],[-103.369029,25.560673]]]}},{"type":"Feature","properties":{},"geometry":{"type":"Polygon","coordinates":[[[-103.36913,25.56062],[-103.368994,25.56041],[-103.368894,25.560463],[-103.369029,25.560673],[-103.36913,25.56062]]]}},{"type":"Feature","properties":{},"geometry":{"type":"Polygon","coordinates":[[[-103.36923,25.560567],[-103.369094,25.560357],[-103.368994,25.56041],[-103.36913,25.56062],[-103.36923,25.560567]]]}},{"type":"Feature","properties":{},"geometry":{"type":"Polygon","coordinates":[[[-103.363599,25.563953],[-103.363464,25.563743],[-103.363364,25.563796],[-103.363499,25.564006],[-103.363599,25.563953]]]}},{"type":"Feature","properties":{},"geometry":{"type":"Polygon","coordinates":[[[-103.3637,25.5639],[-103.363564,25.56369],[-103.363464,25.563743],[-103.363599,25.563953],[-103.3637,25.5639]]]}}]}