{"type":"FeatureCollection","features":[{"type":"Feature","properties":{},"geometry":{"type":"Polygon","coordinates":[[[-103.358012,25.564181],[-103.357862,25.563947],[-103.357776,25.563993],[-103.357926,25.564227],[-103.358012,25.564181]]]}},{"type":"Feature","properties":{},"geometry":{"type":"Polygon","coordinates":[[[-103.358098,25.564136],[-103.357948,25.563902],[-103.357862,25.563947],[-103.358012,25.564181],[-103.358098,25.564136]]]}},{"type":"Feature","properties":{},"geometry":{"type":"Polygon","coordinates":[[[-103.358184,25.56409],[-103.358034,25.563856],[-103.357948,25.563902],[-103.358098,25.564136],[-103.358184,25.56409]]]}},{"type":"Feature","properties":{},"geometry":{"type":"Polygon","coordinates":[[[-103.35827,25.564045],[-103.35812,25.563811],[-103.358034,25.563856],[-103.358184,25.56409],[-103.35827,25.564045]]]}},{"type":"Feature","properties":{},"geometry":{"type":"Polygon","coordinates":[[[-103.358356,25.563999],[-103.358206,25.563765],[-103.35812,25.563811],[-103.35827,25.564045],[-103.358356,25.563999]]]}},{"type":"Feature","properties":{},"geometry":{"type":"Polygon","coordinates":[[[-103.358442,25.563954],[-103.358292,25.56372],[-103.358206,25.563765],[-103.358356,25.563999],[-103.358442,25.563954]]]}},{"type":"Feature","properties":{},"geometry":{"type":"Polygon","coordinates":[[[-103.358528,25.563908],[-103.358378,25.563674],[-103.358292,25.56372],[-103.358442,25.563954],[-103.358528,25.563908]]]}},{"type":"Feature","properties":{},"geometry":{"type":"Polygon","coordinates":[[[-103.358717,25.563808],[-103.358567,25.563574],[-103.358481,25.56362],[-103.358631,25.563854],[-103.358717,25.563808]]]}},{"type":"Feature","properties":{},"geometry":{"type":"Polygon","coordinates":[[[-103.358803,25.563763],[-103.358653,25.563529],[-103.358567,25.563574],[-103.358717,25.563808],[-103.358803,25.563763]]]}},{"type":"Feature","properties":{},"geometry":{"type":"Polygon","coordinates":[[[-103.358889,25.563717],[-103.358739,25.563483],[-103.358653,25.563529],[-103.358803,25.563763],[-103.358889,25.563717]]]}},{"type":"Feature","properties":{},"geometry":{"type":"Polygon","coordinates":[[[-103.358975,25.563672],[-103.358825,25.563438],[-103.358739,25.563483],[-103.358889,25.563717],[-103.358975,25.563672]]]}},{"type":"Feature","properties":{},"geometry":{"type":"Polygon","coordinates":[[[-103.359061,25.563626],[-103.358911,25.563392],[-103.358825,25.563438],[-103.358975,25.563672],[-103.359061,25.563626]]]}},{"type":"Feature","properties":{},"geometry":{"type":"Polygon","coordinates":[[[-103.359147,25.563581],[-103.358997,25.563347],[-103.358911,25.563392],[-103.359061,25.563626],[-103.359147,25.563581]]]}},{"type":"Feature","properties":{},"geometry":{"type":"Polygon","coordinates":[[[-103.359233,25.563535],[-103.359083,25.563302],[-103.358997,25.563347],[-103.359147,25.563581],[-103.359233,25.563535]]]}},{"type":"Feature","properties":{},"geometry":{"type":"Polygon","coordinates":[[[-103.359319,25.56349],[-103.359169,25.563256],[-103.359083,25.563302],[-103.359233,25.563535],[-103.359319,25.56349]]]}},{"type":"Feature","properties":{},"geometry":{"type":"Polygon","coordinates":[[[-103.359405,25.563445],[-103.359255,25.563211],[-103.359169,25.563256],[-103.359319,25.56349],[-103.359405,25.563445]]]}},{"type":"Feature","properties":{},"geometry":{"type":"Polygon","coordinates":[[[-103.359491,25.563399],[-103.359341,25.563165],[-103.359255,25.563211],[-103.359405,25.563445],[-103.359491,25.563399]]]}},{"type":"Feature","properties":{},"geometry":{"type":"Polygon","coordinates":[[[-103.359577,25.563354],[-103.359427,25.56312],[-103.359341,25.563165],[-103.359491,25.563399],[-103.359577,25.563354]]]}},{"type":"Feature","properties":{},"geometry":{"type":"Polygon","coordinates":[[[-103.359663,25.563308],[-103.359513,25.563074],[-103.359427,25.56312],[-103.359577,25.563354],[-103.359663,25.563308]]]}},{"type":"Feature","properties":{},"geometry":{"type":"Polygon","coordinates":[[[-103.359749,25.563263],[-103.359599,25.563029],[-103.359513,25.563074],[-103.359663,25.563308],[-103.359749,25.563263]]]}},{"type":"Feature","properties":{},"geometry":{"type":"Polygon","coordinates":[[[-103.359835,25.563217],[-103.359685,25.562983],[-103.359599,25.563029],[-103.359749,25.563263],[-103.359835,25.563217]]]}},{"type":"Feature","properties":{},"geometry":{"type":"Polygon","coordinates":[[[-103.359921,25.563172],[-103.359771,25.562938],[-103.359685,25.562983],[-103.359835,25.563217],[-103.359921,25.563172]]]}},{"type":"Feature","properties":{},"geometry":{"type":"Polygon","coordinates":[[[-103.360007,25.563126],[-103.359856,25.562892],[-103.359771,25.562938],[-103.359921,25.563172],[-103.360007,25.563126]]]}},{"type":"Feature","properties":{},"geometry":{"type":"Polygon","coordinates":[[[-103.360093,25.563081],[-103.359942,25.562847],[-103.359856,25.562892],[-103.360007,25.563126],[-103.360093,25.563081]]]}},{"type":"Feature","properties":{},"geometry":{"type":"Polygon","coordinates":[[[-103.360282,25.562981],[-103.360132,25.562747],[-103.360046,25.562792],[-103.360196,25.563026],[-103.360282,25.562981]]]}},{"type":"Feature","properties":{},"geometry":{"type":"Polygon","coordinates":[[[-103.360368,25.562935],[-103.360218,25.562701],[-103.360132,25.562747],[-103.360282,25.562981],[-103.360368,25.562935]]]}},{"type":"Feature","properties":{},"geometry":{"type":"Polygon","coordinates":[[[-103.360454,25.56289],[-103.360304,25.562656],[-103.360218,25.562701],[-103.360368,25.562935],[-103.360454,25.56289]]]}},{"type":"Feature","properties":{},"geometry":{"type":"Polygon","coordinates":[[[-103.36054,25.562844],[-103.36039,25.56261],[-103.360304,25.562656],[-103.360454,25.56289],[-103.36054,25.562844]]]}},{"type":"Feature","properties":{},"geometry":{"type":"Polygon","coordinates":[[[-103.360626,25.562799],[-103.360475,25.562565],[-103.36039,25.56261],[-103.36054,25.562844],[-103.360626,25.562799]]]}},{"type":"Feature","properties":{},"geometry":{"type":"Polygon","coordinates":[[[-103.360712,25.562753],[-103.360561,25.562519],[-103.360475,25.562565],[-103.360626,25.562799],[-103.360712,25.562753]]]}},{"type":"Feature","properties":{},"geometry":{"type":"Polygon","coordinates":[[[-103.360798,25.562708],[-103.360647,25.562474],[-103.360561,25.562519],[-103.360712,25.562753],[-103.360798,25.562708]]]}},{"type":"Feature","properties":{},"geometry":{"type":"Polygon","coordinates":[[[-103.360884,25.562662],[-103.360733,25.562428],[-103.360647,25.562474],[-103.360798,25.562708],[-103.360884,25.562662]]]}},{"type":"Feature","properties":{},"geometry":{"type":"Polygon","coordinates":[[[-103.36097,25.562617],[-103.360819,25.562383],[-103.360733,25.562428],[-103.360884,25.562662],[-103.36097,25.562617]]]}},{"type":"Feature","properties":{},"geometry":{"type":"Polygon","coordinates":[[[-103.361056,25.562571],[-103.360905,25.562337],[-103.360819,25.562383],[-103.36097,25.562617],[-103.361056,25.562571]]]}},{"type":"Feature","properties":{},"geometry":{"type":"Polygon","coordinates":[[[-103.361142,25.562526],[-103.360991,25.562292],[-103.360905,25.562337],[-103.361056,25.562571],[-103.361142,25.562526]]]}},{"type":"Feature","properties":{},"geometry":{"type":"Polygon","coordinates":[[[-103.361228,25.56248],[-103.361077,25.562246],[-103.360991,25.562292],[-103.361142,25.562526],[-103.361228,25.56248]]]}},{"type":"Feature","properties":{},"geometry":{"type":"Polygon","coordinates":[[[-103.361314,25.562435],[-103.361163,25.562201],[-103.361077,25.562246],[-103.361228,25.56248],[-103.361314,25.562435]]]}},{"type":"Feature","properties":{},"geometry":{"type":"Polygon","coordinates":[[[-103.3614,25.562389],[-103.361249,25.562156],[-103.361163,25.562201],[-103.361314,25.562435],[-103.3614,25.562389]]]}},{"type":"Feature","properties":{},"geometry":{"type":"Polygon","coordinates":[[[-103.361486,25.562344],[-103.361335,25.56211],[-103.361249,25.562156],[-103.3614,25.562389],[-103.361486,25.562344]]]}},{"type":"Feature","properties":{},"geometry":{"type":"Polygon","coordinates":[[[-103.361572,25.562299],[-103.361421,25.562065],[-103.361335,25.56211],[-103.361486,25.562344],[-103.361572,25.562299]]]}},{"type":"Feature","properties":{},"geometry":{"type":"Polygon","coordinates":[[[-103.361658,25.562253],[-103.361507,25.562019],[-103.361421,25.562065],[-103.361572,25.562299],[-103.361658,25.562253]]]}},{"type":"Feature","properties":{},"geometry":{"type":"Polygon","coordinates":[[[-103.361847,25.562153],[-103.361696,25.561919],[-103.36161,25.561965],[-103.361761,25.562198],[-103.361847,25.562153]]]}},{"type":"Feature","properties":{},"geometry":{"type":"Polygon","coordinates":[[[-103.361933,25.562108],[-103.361782,25.561874],[-103.361696,25.561919],[-103.361847,25.562153],[-103.361933,25.562108]]]}},{"type":"Feature","properties":{},"geometry":{"type":"Polygon","coordinates":[[[-103.362019,25.562062],[-103.361868,25.561828],[-103.361782,25.561874],[-103.361933,25.562108],[-103.362019,25.562062]]]}},{"type":"Feature","properties":{},"geometry":{"type":"Polygon","coordinates":[[[-103.362105,25.562017],[-103.361954,25.561783],[-103.361868,25.561828],[-103.362019,25.562062],[-103.362105,25.562017]]]}},{"type":"Feature","properties":{},"geometry":{"type":"Polygon","coordinates":[[[-103.362191,25.561971],[-103.36204,25.561737],[-103.361954,25.561783],[-103.362105,25.562017],[-103.362191,25.561971]]]}},{"type":"Feature","properties":{},"geometry":{"type":"Polygon","coordinates":[[[-103.362277,25.561926],[-103.362126,25.561692],[-103.36204,25.561737],[-103.362191,25.561971],[-103.362277,25.561926]]]}},{"type":"Feature","properties":{},"geometry":{"type":"Polygon","coordinates":[[[-103.362363,25.56188],[-103.362212,25.561646],[-103.362126,25.561692],[-103.362277,25.561926],[-103.362363,25.56188]]]}},{"type":"Feature","properties":{},"geometry":{"type":"Polygon","coordinates":[[[-103.363411,25.561325],[-103.363261,25.561091],[-103.363175,25.561137],[-103.363325,25.561371],[-103.363411,25.561325]]]}},{"type":"Feature","properties":{},"geometry":{"type":"Polygon","coordinates":[[[-103.363497,25.56128],[-103.363347,25.561046],[-103.363261,25.561091],[-103.363411,25.561325],[-103.363497,25.56128]]]}},{"type":"Feature","properties":{},"geometry":{"type":"Polygon","coordinates":[[[-103.363583,25.561234],[-103.363433,25.561],[-103.363347,25.561046],[-103.363497,25.56128],[-103.363583,25.561234]]]}},{"type":"Feature","properties":{},"geometry":{"type":"Polygon","coordinates":[[[-103.363669,25.561189],[-103.363519,25.560955],[-103.363433,25.561],[-103.363583,25.561234],[-103.363669,25.561189]]]}},{"type":"Feature","properties":{},"geometry":{"type":"Polygon","coordinates":[[[-103.363755,25.561143],[-103.363605,25.560909],[-103.363519,25.560955],[-103.363669,25.561189],[-103.363755,25.561143]]]}},{"type":"Feature","properties":{},"geometry":{"type":"Polygon","coordinates":[[[-103.363841,25.561098],[-103.363691,25.560864],[-103.363605,25.560909],[-103.363755,25.561143],[-103.363841,25.561098]]]}},{"type":"Feature","properties":{},"geometry":{"type":"Polygon","coordinates":[[[-103.363927,25.561052],[-103.363777,25.560818],[-103.363691,25.560864],[-103.363841,25.561098],[-103.363927,25.561052]]]}},{"type":"Feature","properties":{},"geometry":{"type":"Polygon","coordinates":[[[-103.364013,25.561007],[-103.363863,25.560773],[-103.363777,25.560818],[-103.363927,25.561052],[-103.364013,25.561007]]]}},{"type":"Feature","properties":{},"geometry":{"type":"Polygon","coordinates":[[[-103.364099,25.560961],[-103.363949,25.560728],[-103.363863,25.560773],[-103.364013,25.561007],[-103.364099,25.560961]]]}},{"type":"Feature","properties":{},"geometry":{"type":"Polygon","coordinates":[[[-103.364185,25.560916],[-103.364035,25.560682],[-103.363949,25.560728],[-103.364099,25.560961],[-103.364185,25.560916]]]}},{"type":"Feature","properties":{},"geometry":{"type":"Polygon","coordinates":[[[-103.364271,25.56087],[-103.364121,25.560637],[-103.364035,25.560682],[-103.364185,25.560916],[-103.364271,25.56087]]]}},{"type":"Feature","properties":{},"geometry":{"type":"Polygon","coordinates":[[[-103.364357,25.560825],[-103.364207,25.560591],[-103.364121,25.560637],[-103.364271,25.56087],[-103.364357,25.560825]]]}},{"type":"Feature","properties":{},"geometry":{"type":"Polygon","coordinates":[[[-103.364443,25.56078],[-103.364293,25.560546],[-103.364207,25.560591],[-103.364357,25.560825],[-103.364443,25.56078]]]}},{"type":"Feature","properties":{},"geometry":{"type":"Polygon","coordinates":[[[-103.364529,25.560734],[-103.364379,25.5605],[-103.364293,25.560546],[-103.364443,25.56078],[-103.364529,25.560734]]]}},{"type":"Feature","properties":{},"geometry":{"type":"Polygon","coordinates":[[[-103.364615,25.560689],[-103.364465,25.560455],[-103.364379,25.5605],[-103.364529,25.560734],[-103.364615,25.560689]]]}},{"type":"Feature","properties":{},"geometry":{"type":"Polygon","coordinates":[[[-103.364701,25.560643],[-103.36455,25.560409],[-103.364465,25.560455],[-103.364615,25.560689],[-103.364701,25.560643]]]}},{"type":"Feature","properties":{},"geometry":{"type":"Polygon","coordinates":[[[-103.364787,25.560598],[-103.364636,25.560364],[-103.36455,25.560409],[-103.364701,25.560643],[-103.364787,25.560598]]]}},{"type":"Feature","properties":{},"geometry":{"type":"Polygon","coordinates":[[[-103.364976,25.560498],[-103.364826,25.560264],[-103.36474,25.560309],[-103.36489,25.560543],[-103.364976,25.560498]]]}},{"type":"Feature","properties":{},"geometry":{"type":"Polygon","coordinates":[[[-103.365062,25.560452],[-103.364912,25.560218],[-103.364826,25.560264],[-103.364976,25.560498],[-103.365062,25.560452]]]}},{"type":"Feature","properties":{},"geometry":{"type":"Polygon","coordinates":[[[-103.366094,25.559906],[-103.365943,25.559672],[-103.365857,25.559718],[-103.366008,25.559952],[-103.366094,25.559906]]]}},{"type":"Feature","properties":{},"geometry":{"type":"Polygon","coordinates":[[[-103.36618,25.559861],[-103.366029,25.559627],[-103.365943,25.559672],[-103.366094,25.559906],[-103.36618,25.559861]]]}},{"type":"Feature","properties":{},"geometry":{"type":"Polygon","coordinates":[[[-103.366266,25.559815],[-103.366115,25.559581],[-103.366029,25.559627],[-103.36618,25.559861],[-103.366266,25.559815]]]}},{"type":"Feature","properties":{},"geometry":{"type":"Polygon","coordinates":[[[-103.366352,25.55977],[-103.366201,25.559536],[-103.366115,25.559581],[-103.366266,25.559815],[-103.366352,25.55977]]]}},{"type":"Feature","properties":{},"geometry":{"type":"Polygon","coordinates":[[[-103.366541,25.55967],[-103.36639,25.559436],[-103.366304,25.559481],[-103.366455,25.559715],[-103.366541,25.55967]]]}},{"type":"Feature","properties":{},"geometry":{"type":"Polygon","coordinates":[[[-103.366627,25.559624],[-103.366476,25.55939],[-103.36639,25.559436],[-103.366541,25.55967],[-103.366627,25.559624]]]}},{"type":"Feature","properties":{},"geometry":{"type":"Polygon","coordinates":[[[-103.366713,25.559579],[-103.366562,25.559345],[-103.366476,25.55939],[-103.366627,25.559624],[-103.366713,25.559579]]]}},{"type":"Feature","properties":{},"geometry":{"type":"Polygon","coordinates":[[[-103.366799,25.559533],[-103.366648,25.559299],[-103.366562,25.559345],[-103.366713,25.559579],[-103.366799,25.559533]]]}},{"type":"Feature","properties":{},"geometry":{"type":"Polygon","coordinates":[[[-103.366885,25.559488],[-103.366734,25.559254],[-103.366648,25.559299],[-103.366799,25.559533],[-103.366885,25.559488]]]}},{"type":"Feature","properties":{},"geometry":{"type":"Polygon","coordinates":[[[-103.36697,25.559442],[-103.36682,25.559208],[-103.366734,25.559254],[-103.366885,25.559488],[-103.36697,25.559442]]]}},{"type":"Feature","properties":{},"geometry":{"type":"Polygon","coordinates":[[[-103.367056,25.559397],[-103.366906,25.559163],[-103.36682,25.559208],[-103.36697,25.559442],[-103.367056,25.559397]]]}},{"type":"Feature","properties":{},"geometry":{"type":"Polygon","coordinates":[[[-103.367142,25.559351],[-103.366992,25.559118],[-103.366906,25.559163],[-103.367056,25.559397],[-103.367142,25.559351]]]}},{"type":"Feature","properties":{},"geometry":{"type":"Polygon","coordinates":[[[-103.367228,25.559306],[-103.367078,25.559072],[-103.366992,25.559118],[-103.367142,25.559351],[-103.367228,25.559306]]]}},{"type":"Feature","properties":{},"geometry":{"type":"Polygon","coordinates":[[[-103.367314,25.559261],[-103.367164,25.559027],[-103.367078,25.559072],[-103.367228,25.559306],[-103.367314,25.559261]]]}},{"type":"Feature","properties":{},"geometry":{"type":"Polygon","coordinates":[[[-103.3674,25.559215],[-103.36725,25.558981],[-103.367164,25.559027],[-103.367314,25.559261],[-103.3674,25.559215]]]}},{"type":"Feature","properties":{},"geometry":{"type":"Polygon","coordinates":[[[-103.367486,25.55917],[-103.367336,25.558936],[-103.36725,25.558981],[-103.3674,25.559215],[-103.367486,25.55917]]]}},{"type":"Feature","properties":{},"geometry":{"type":"Polygon","coordinates":[[[-103.367572,25.559124],[-103.367422,25.55889],[-103.367336,25.558936],[-103.367486,25.55917],[-103.367572,25.559124]]]}},{"type":"Feature","properties":{},"geometry":{"type":"Polygon","coordinates":[[[-103.367658,25.559079],[-103.367508,25.558845],[-103.367422,25.55889],[-103.367572,25.559124],[-103.367658,25.559079]]]}},{"type":"Feature","properties":{},"geometry":{"type":"Polygon","coordinates":[[[-103.367744,25.559033],[-103.367594,25.558799],[-103.367508,25.558845],[-103.367658,25.559079],[-103.367744,25.559033]]]}},{"type":"Feature","properties":{},"geometry":{"type":"Polygon","coordinates":[[[-103.36783,25.558988],[-103.36768,25.558754],[-103.367594,25.558799],[-103.367744,25.559033],[-103.36783,25.558988]]]}},{"type":"Feature","properties":{},"geometry":{"type":"Polygon","coordinates":[[[-103.367916,25.558942],[-103.367766,25.558708],[-103.36768,25.558754],[-103.36783,25.558988],[-103.367916,25.558942]]]}},{"type":"Feature","properties":{},"geometry":{"type":"Polygon","coordinates":[[[-103.368105,25.558842],[-103.367955,25.558608],[-103.367869,25.558654],[-103.368019,25.558888],[-103.368105,25.558842]]]}},{"type":"Feature","properties":{},"geometry":{"type":"Polygon","coordinates":[[[-103.368191,25.558797],[-103.368041,25.558563],[-103.367955,25.558608],[-103.368105,25.558842],[-103.368191,25.558797]]]}},{"type":"Feature","properties":{},"geometry":{"type":"Polygon","coordinates":[[[-103.368277,25.558751],[-103.368127,25.558517],[-103.368041,25.558563],[-103.368191,25.558797],[-103.368277,25.558751]]]}},{"type":"Feature","properties":{},"geometry":{"type":"Polygon","coordinates":[[[-103.358034,25.563856],[-103.357883,25.563622],[-103.357797,25.563668],[-103.357948,25.563902],[-103.358034,25.563856]]]}},{"type":"Feature","properties":{},"geometry":{"type":"Polygon","coordinates":[[[-103.35812,25.563811],[-103.357969,25.563577],[-103.357883,25.563622],[-103.358034,25.563856],[-103.35812,25.563811]]]}},{"type":"Feature","properties":{},"geometry":{"type":"Polygon","coordinates":[[[-103.358206,25.563765],[-103.358055,25.563531],[-103.357969,25.563577],[-103.35812,25.563811],[-103.358206,25.563765]]]}},{"type":"Feature","properties":{},"geometry":{"type":"Polygon","coordinates":[[[-103.358292,25.56372],[-103.358141,25.563486],[-103.358055,25.563531],[-103.358206,25.563765],[-103.358292,25.56372]]]}},{"type":"Feature","properties":{},"geometry":{"type":"Polygon","coordinates":[[[-103.358378,25.563674],[-103.358227,25.56344],[-103.358141,25.563486],[-103.358292,25.56372],[-103.358378,25.563674]]]}},{"type":"Feature","properties":{},"geometry":{"type":"Polygon","coordinates":[[[-103.358567,25.563574],[-103.358416,25.56334],[-103.35833,25.563386],[-103.358481,25.56362],[-103.358567,25.563574]]]}},{"type":"Feature","properties":{},"geometry":{"type":"Polygon","coordinates":[[[-103.358653,25.563529],[-103.358502,25.563295],[-103.358416,25.56334],[-103.358567,25.563574],[-103.358653,25.563529]]]}},{"type":"Feature","properties":{},"geometry":{"type":"Polygon","coordinates":[[[-103.358739,25.563483],[-103.358588,25.563249],[-103.358502,25.563295],[-103.358653,25.563529],[-103.358739,25.563483]]]}},{"type":"Feature","properties":{},"geometry":{"type":"Polygon","coordinates":[[[-103.358825,25.563438],[-103.358674,25.563204],[-103.358588,25.563249],[-103.358739,25.563483],[-103.358825,25.563438]]]}},{"type":"Feature","properties":{},"geometry":{"type":"Polygon","coordinates":[[[-103.358911,25.563392],[-103.35876,25.563159],[-103.358674,25.563204],[-103.358825,25.563438],[-103.358911,25.563392]]]}},{"type":"Feature","properties":{},"geometry":{"type":"Polygon","coordinates":[[[-103.358997,25.563347],[-103.358846,25.563113],[-103.35876,25.563159],[-103.358911,25.563392],[-103.358997,25.563347]]]}},{"type":"Feature","properties":{},"geometry":{"type":"Polygon","coordinates":[[[-103.359083,25.563302],[-103.358932,25.563068],[-103.358846,25.563113],[-103.358997,25.563347],[-103.359083,25.563302]]]}},{"type":"Feature","properties":{},"geometry":{"type":"Polygon","coordinates":[[[-103.359169,25.563256],[-103.359018,25.563022],[-103.358932,25.563068],[-103.359083,25.563302],[-103.359169,25.563256]]]}},{"type":"Feature","properties":{},"geometry":{"type":"Polygon","coordinates":[[[-103.359255,25.563211],[-103.359104,25.562977],[-103.359018,25.563022],[-103.359169,25.563256],[-103.359255,25.563211]]]}},{"type":"Feature","properties":{},"geometry":{"type":"Polygon","coordinates":[[[-103.359341,25.563165],[-103.35919,25.562931],[-103.359104,25.562977],[-103.359255,25.563211],[-103.359341,25.563165]]]}},{"type":"Feature","properties":{},"geometry":{"type":"Polygon","coordinates":[[[-103.359427,25.56312],[-103.359276,25.562886],[-103.35919,25.562931],[-103.359341,25.563165],[-103.359427,25.56312]]]}},{"type":"Feature","properties":{},"geometry":{"type":"Polygon","coordinates":[[[-103.359513,25.563074],[-103.359362,25.56284],[-103.359276,25.562886],[-103.359427,25.56312],[-103.359513,25.563074]]]}},{"type":"Feature","properties":{},"geometry":{"type":"Polygon","coordinates":[[[-103.359599,25.563029],[-103.359448,25.562795],[-103.359362,25.56284],[-103.359513,25.563074],[-103.359599,25.563029]]]}},{"type":"Feature","properties":{},"geometry":{"type":"Polygon","coordinates":[[[-103.359685,25.562983],[-103.359534,25.562749],[-103.359448,25.562795],[-103.359599,25.563029],[-103.359685,25.562983]]]}},{"type":"Feature","properties":{},"geometry":{"type":"Polygon","coordinates":[[[-103.359771,25.562938],[-103.35962,25.562704],[-103.359534,25.562749],[-103.359685,25.562983],[-103.359771,25.562938]]]}},{"type":"Feature","properties":{},"geometry":{"type":"Polygon","coordinates":[[[-103.359856,25.562892],[-103.359706,25.562658],[-103.35962,25.562704],[-103.359771,25.562938],[-103.359856,25.562892]]]}},{"type":"Feature","properties":{},"geometry":{"type":"Polygon","coordinates":[[[-103.359942,25.562847],[-103.359792,25.562613],[-103.359706,25.562658],[-103.359856,25.562892],[-103.359942,25.562847]]]}},{"type":"Feature","properties":{},"geometry":{"type":"Polygon","coordinates":[[[-103.360132,25.562747],[-103.359981,25.562513],[-103.359895,25.562558],[-103.360046,25.562792],[-103.360132,25.562747]]]}},{"type":"Feature","properties":{},"geometry":{"type":"Polygon","coordinates":[[[-103.360218,25.562701],[-103.360067,25.562467],[-103.359981,25.562513],[-103.360132,25.562747],[-103.360218,25.562701]]]}},{"type":"Feature","properties":{},"geometry":{"type":"Polygon","coordinates":[[[-103.360304,25.562656],[-103.360153,25.562422],[-103.360067,25.562467],[-103.360218,25.562701],[-103.360304,25.562656]]]}},{"type":"Feature","properties":{},"geometry":{"type":"Polygon","coordinates":[[[-103.36039,25.56261],[-103.360239,25.562376],[-103.360153,25.562422],[-103.360304,25.562656],[-103.36039,25.56261]]]}},{"type":"Feature","properties":{},"geometry":{"type":"Polygon","coordinates":[[[-103.360475,25.562565],[-103.360325,25.562331],[-103.360239,25.562376],[-103.36039,25.56261],[-103.360475,25.562565]]]}},{"type":"Feature","properties":{},"geometry":{"type":"Polygon","coordinates":[[[-103.360561,25.562519],[-103.360411,25.562285],[-103.360325,25.562331],[-103.360475,25.562565],[-103.360561,25.562519]]]}},{"type":"Feature","properties":{},"geometry":{"type":"Polygon","coordinates":[[[-103.360647,25.562474],[-103.360497,25.56224],[-103.360411,25.562285],[-103.360561,25.562519],[-103.360647,25.562474]]]}},{"type":"Feature","properties":{},"geometry":{"type":"Polygon","coordinates":[[[-103.360733,25.562428],[-103.360583,25.562194],[-103.360497,25.56224],[-103.360647,25.562474],[-103.360733,25.562428]]]}},{"type":"Feature","properties":{},"geometry":{"type":"Polygon","coordinates":[[[-103.360819,25.562383],[-103.360669,25.562149],[-103.360583,25.562194],[-103.360733,25.562428],[-103.360819,25.562383]]]}},{"type":"Feature","properties":{},"geometry":{"type":"Polygon","coordinates":[[[-103.360905,25.562337],[-103.360755,25.562103],[-103.360669,25.562149],[-103.360819,25.562383],[-103.360905,25.562337]]]}},{"type":"Feature","properties":{},"geometry":{"type":"Polygon","coordinates":[[[-103.360991,25.562292],[-103.360841,25.562058],[-103.360755,25.562103],[-103.360905,25.562337],[-103.360991,25.562292]]]}},{"type":"Feature","properties":{},"geometry":{"type":"Polygon","coordinates":[[[-103.361077,25.562246],[-103.360927,25.562013],[-103.360841,25.562058],[-103.360991,25.562292],[-103.361077,25.562246]]]}},{"type":"Feature","properties":{},"geometry":{"type":"Polygon","coordinates":[[[-103.361163,25.562201],[-103.361013,25.561967],[-103.360927,25.562013],[-103.361077,25.562246],[-103.361163,25.562201]]]}},{"type":"Feature","properties":{},"geometry":{"type":"Polygon","coordinates":[[[-103.361249,25.562156],[-103.361099,25.561922],[-103.361013,25.561967],[-103.361163,25.562201],[-103.361249,25.562156]]]}},{"type":"Feature","properties":{},"geometry":{"type":"Polygon","coordinates":[[[-103.361335,25.56211],[-103.361185,25.561876],[-103.361099,25.561922],[-103.361249,25.562156],[-103.361335,25.56211]]]}},{"type":"Feature","properties":{},"geometry":{"type":"Polygon","coordinates":[[[-103.361421,25.562065],[-103.361271,25.561831],[-103.361185,25.561876],[-103.361335,25.56211],[-103.361421,25.562065]]]}},{"type":"Feature","properties":{},"geometry":{"type":"Polygon","coordinates":[[[-103.361507,25.562019],[-103.361357,25.561785],[-103.361271,25.561831],[-103.361421,25.562065],[-103.361507,25.562019]]]}},{"type":"Feature","properties":{},"geometry":{"type":"Polygon","coordinates":[[[-103.361696,25.561919],[-103.361546,25.561685],[-103.36146,25.561731],[-103.36161,25.561965],[-103.361696,25.561919]]]}},{"type":"Feature","properties":{},"geometry":{"type":"Polygon","coordinates":[[[-103.361782,25.561874],[-103.361632,25.56164],[-103.361546,25.561685],[-103.361696,25.561919],[-103.361782,25.561874]]]}},{"type":"Feature","properties":{},"geometry":{"type":"Polygon","coordinates":[[[-103.361868,25.561828],[-103.361718,25.561594],[-103.361632,25.56164],[-103.361782,25.561874],[-103.361868,25.561828]]]}},{"type":"Feature","properties":{},"geometry":{"type":"Polygon","coordinates":[[[-103.361954,25.561783],[-103.361804,25.561549],[-103.361718,25.561594],[-103.361868,25.561828],[-103.361954,25.561783]]]}},{"type":"Feature","properties":{},"geometry":{"type":"Polygon","coordinates":[[[-103.36204,25.561737],[-103.36189,25.561503],[-103.361804,25.561549],[-103.361954,25.561783],[-103.36204,25.561737]]]}},{"type":"Feature","properties":{},"geometry":{"type":"Polygon","coordinates":[[[-103.362126,25.561692],[-103.361976,25.561458],[-103.36189,25.561503],[-103.36204,25.561737],[-103.362126,25.561692]]]}},{"type":"Feature","properties":{},"geometry":{"type":"Polygon","coordinates":[[[-103.362212,25.561646],[-103.362062,25.561412],[-103.361976,25.561458],[-103.362126,25.561692],[-103.362212,25.561646]]]}},{"type":"Feature","properties":{},"geometry":{"type":"Polygon","coordinates":[[[-103.363261,25.561091],[-103.363111,25.560857],[-103.363025,25.560903],[-103.363175,25.561137],[-103.363261,25.561091]]]}},{"type":"Feature","properties":{},"geometry":{"type":"Polygon","coordinates":[[[-103.363347,25.561046],[-103.363197,25.560812],[-103.363111,25.560857],[-103.363261,25.561091],[-103.363347,25.561046]]]}},{"type":"Feature","properties":{},"geometry":{"type":"Polygon","coordinates":[[[-103.363433,25.561],[-103.363282,25.560766],[-103.363197,25.560812],[-103.363347,25.561046],[-103.363433,25.561]]]}},{"type":"Feature","properties":{},"geometry":{"type":"Polygon","coordinates":[[[-103.363519,25.560955],[-103.363368,25.560721],[-103.363282,25.560766],[-103.363433,25.561],[-103.363519,25.560955]]]}},{"type":"Feature","properties":{},"geometry":{"type":"Polygon","coordinates":[[[-103.363605,25.560909],[-103.363454,25.560675],[-103.363368,25.560721],[-103.363519,25.560955],[-103.363605,25.560909]]]}},{"type":"Feature","properties":{},"geometry":{"type":"Polygon","coordinates":[[[-103.363691,25.560864],[-103.36354,25.56063],[-103.363454,25.560675],[-103.363605,25.560909],[-103.363691,25.560864]]]}},{"type":"Feature","properties":{},"geometry":{"type":"Polygon","coordinates":[[[-103.363777,25.560818],[-103.363626,25.560585],[-103.36354,25.56063],[-103.363691,25.560864],[-103.363777,25.560818]]]}},{"type":"Feature","properties":{},"geometry":{"type":"Polygon","coordinates":[[[-103.363863,25.560773],[-103.363712,25.560539],[-103.363626,25.560585],[-103.363777,25.560818],[-103.363863,25.560773]]]}},{"type":"Feature","properties":{},"geometry":{"type":"Polygon","coordinates":[[[-103.363949,25.560728],[-103.363798,25.560494],[-103.363712,25.560539],[-103.363863,25.560773],[-103.363949,25.560728]]]}},{"type":"Feature","properties":{},"geometry":{"type":"Polygon","coordinates":[[[-103.364035,25.560682],[-103.363884,25.560448],[-103.363798,25.560494],[-103.363949,25.560728],[-103.364035,25.560682]]]}},{"type":"Feature","properties":{},"geometry":{"type":"Polygon","coordinates":[[[-103.364121,25.560637],[-103.36397,25.560403],[-103.363884,25.560448],[-103.364035,25.560682],[-103.364121,25.560637]]]}},{"type":"Feature","properties":{},"geometry":{"type":"Polygon","coordinates":[[[-103.364207,25.560591],[-103.364056,25.560357],[-103.36397,25.560403],[-103.364121,25.560637],[-103.364207,25.560591]]]}},{"type":"Feature","properties":{},"geometry":{"type":"Polygon","coordinates":[[[-103.364293,25.560546],[-103.364142,25.560312],[-103.364056,25.560357],[-103.364207,25.560591],[-103.364293,25.560546]]]}},{"type":"Feature","properties":{},"geometry":{"type":"Polygon","coordinates":[[[-103.364379,25.5605],[-103.364228,25.560266],[-103.364142,25.560312],[-103.364293,25.560546],[-103.364379,25.5605]]]}},{"type":"Feature","properties":{},"geometry":{"type":"Polygon","coordinates":[[[-103.364465,25.560455],[-103.364314,25.560221],[-103.364228,25.560266],[-103.364379,25.5605],[-103.364465,25.560455]]]}},{"type":"Feature","properties":{},"geometry":{"type":"Polygon","coordinates":[[[-103.36455,25.560409],[-103.3644,25.560175],[-103.364314,25.560221],[-103.364465,25.560455],[-103.36455,25.560409]]]}},{"type":"Feature","properties":{},"geometry":{"type":"Polygon","coordinates":[[[-103.364636,25.560364],[-103.364486,25.56013],[-103.3644,25.560175],[-103.36455,25.560409],[-103.364636,25.560364]]]}},{"type":"Feature","properties":{},"geometry":{"type":"Polygon","coordinates":[[[-103.364826,25.560264],[-103.364675,25.56003],[-103.364589,25.560075],[-103.36474,25.560309],[-103.364826,25.560264]]]}},{"type":"Feature","properties":{},"geometry":{"type":"Polygon","coordinates":[[[-103.364912,25.560218],[-103.364761,25.559984],[-103.364675,25.56003],[-103.364826,25.560264],[-103.364912,25.560218]]]}},{"type":"Feature","properties":{},"geometry":{"type":"Polygon","coordinates":[[[-103.365943,25.559672],[-103.365793,25.559438],[-103.365707,25.559484],[-103.365857,25.559718],[-103.365943,25.559672]]]}},{"type":"Feature","properties":{},"geometry":{"type":"Polygon","coordinates":[[[-103.366029,25.559627],[-103.365879,25.559393],[-103.365793,25.559438],[-103.365943,25.559672],[-103.366029,25.559627]]]}},{"type":"Feature","properties":{},"geometry":{"type":"Polygon","coordinates":[[[-103.366115,25.559581],[-103.365965,25.559347],[-103.365879,25.559393],[-103.366029,25.559627],[-103.366115,25.559581]]]}},{"type":"Feature","properties":{},"geometry":{"type":"Polygon","coordinates":[[[-103.366201,25.559536],[-103.366051,25.559302],[-103.365965,25.559347],[-103.366115,25.559581],[-103.366201,25.559536]]]}},{"type":"Feature","properties":{},"geometry":{"type":"Polygon","coordinates":[[[-103.36639,25.559436],[-103.36624,25.559202],[-103.366154,25.559247],[-103.366304,25.559481],[-103.36639,25.559436]]]}},{"type":"Feature","properties":{},"geometry":{"type":"Polygon","coordinates":[[[-103.366476,25.55939],[-103.366326,25.559156],[-103.36624,25.559202],[-103.36639,25.559436],[-103.366476,25.55939]]]}},{"type":"Feature","properties":{},"geometry":{"type":"Polygon","coordinates":[[[-103.366562,25.559345],[-103.366412,25.559111],[-103.366326,25.559156],[-103.366476,25.55939],[-103.366562,25.559345]]]}},{"type":"Feature","properties":{},"geometry":{"type":"Polygon","coordinates":[[[-103.366648,25.559299],[-103.366498,25.559066],[-103.366412,25.559111],[-103.366562,25.559345],[-103.366648,25.559299]]]}},{"type":"Feature","properties":{},"geometry":{"type":"Polygon","coordinates":[[[-103.366734,25.559254],[-103.366584,25.55902],[-103.366498,25.559066],[-103.366648,25.559299],[-103.366734,25.559254]]]}},{"type":"Feature","properties":{},"geometry":{"type":"Polygon","coordinates":[[[-103.36682,25.559208],[-103.36667,25.558975],[-103.366584,25.55902],[-103.366734,25.559254],[-103.36682,25.559208]]]}},{"type":"Feature","properties":{},"geometry":{"type":"Polygon","coordinates":[[[-103.366906,25.559163],[-103.366756,25.558929],[-103.36667,25.558975],[-103.36682,25.559208],[-103.366906,25.559163]]]}},{"type":"Feature","properties":{},"geometry":{"type":"Polygon","coordinates":[[[-103.366992,25.559118],[-103.366842,25.558884],[-103.366756,25.558929],[-103.366906,25.559163],[-103.366992,25.559118]]]}},{"type":"Feature","properties":{},"geometry":{"type":"Polygon","coordinates":[[[-103.367078,25.559072],[-103.366928,25.558838],[-103.366842,25.558884],[-103.366992,25.559118],[-103.367078,25.559072]]]}},{"type":"Feature","properties":{},"geometry":{"type":"Polygon","coordinates":[[[-103.367164,25.559027],[-103.367014,25.558793],[-103.366928,25.558838],[-103.367078,25.559072],[-103.367164,25.559027]]]}},{"type":"Feature","properties":{},"geometry":{"type":"Polygon","coordinates":[[[-103.36725,25.558981],[-103.367099,25.558747],[-103.367014,25.558793],[-103.367164,25.559027],[-103.36725,25.558981]]]}},{"type":"Feature","properties":{},"geometry":{"type":"Polygon","coordinates":[[[-103.367336,25.558936],[-103.367185,25.558702],[-103.367099,25.558747],[-103.36725,25.558981],[-103.367336,25.558936]]]}},{"type":"Feature","properties":{},"geometry":{"type":"Polygon","coordinates":[[[-103.367422,25.55889],[-103.367271,25.558656],[-103.367185,25.558702],[-103.367336,25.558936],[-103.367422,25.55889]]]}},{"type":"Feature","properties":{},"geometry":{"type":"Polygon","coordinates":[[[-103.367508,25.558845],[-103.367357,25.558611],[-103.367271,25.558656],[-103.367422,25.55889],[-103.367508,25.558845]]]}},{"type":"Feature","properties":{},"geometry":{"type":"Polygon","coordinates":[[[-103.367594,25.558799],[-103.367443,25.558565],[-103.367357,25.558611],[-103.367508,25.558845],[-103.367594,25.558799]]]}},{"type":"Feature","properties":{},"geometry":{"type":"Polygon","coordinates":[[[-103.36768,25.558754],[-103.367529,25.55852],[-103.367443,25.558565],[-103.367594,25.558799],[-103.36768,25.558754]]]}},{"type":"Feature","properties":{},"geometry":{"type":"Polygon","coordinates":[[[-103.367766,25.558708],[-103.367615,25.558474],[-103.367529,25.55852],[-103.36768,25.558754],[-103.367766,25.558708]]]}},{"type":"Feature","properties":{},"geometry":{"type":"Polygon","coordinates":[[[-103.357995,25.563438],[-103.357845,25.563204],[-103.357759,25.563249],[-103.357909,25.563483],[-103.357995,25.563438]]]}},{"type":"Feature","properties":{},"geometry":{"type":"Polygon","coordinates":[[[-103.358081,25.563392],[-103.357931,25.563158],[-103.357845,25.563204],[-103.357995,25.563438],[-103.358081,25.563392]]]}},{"type":"Feature","properties":{},"geometry":{"type":"Polygon","coordinates":[[[-103.358167,25.563347],[-103.358017,25.563113],[-103.357931,25.563158],[-103.358081,25.563392],[-103.358167,25.563347]]]}},{"type":"Feature","properties":{},"geometry":{"type":"Polygon","coordinates":[[[-103.358356,25.563247],[-103.358206,25.563013],[-103.35812,25.563058],[-103.35827,25.563292],[-103.358356,25.563247]]]}},{"type":"Feature","properties":{},"geometry":{"type":"Polygon","coordinates":[[[-103.358442,25.563201],[-103.358292,25.562967],[-103.358206,25.563013],[-103.358356,25.563247],[-103.358442,25.563201]]]}},{"type":"Feature","properties":{},"geometry":{"type":"Polygon","coordinates":[[[-103.358528,25.563156],[-103.358378,25.562922],[-103.358292,25.562967],[-103.358442,25.563201],[-103.358528,25.563156]]]}},{"type":"Feature","properties":{},"geometry":{"type":"Polygon","coordinates":[[[-103.358614,25.56311],[-103.358464,25.562876],[-103.358378,25.562922],[-103.358528,25.563156],[-103.358614,25.56311]]]}},{"type":"Feature","properties":{},"geometry":{"type":"Polygon","coordinates":[[[-103.3587,25.563065],[-103.35855,25.562831],[-103.358464,25.562876],[-103.358614,25.56311],[-103.3587,25.563065]]]}},{"type":"Feature","properties":{},"geometry":{"type":"Polygon","coordinates":[[[-103.358786,25.563019],[-103.358636,25.562786],[-103.35855,25.562831],[-103.3587,25.563065],[-103.358786,25.563019]]]}},{"type":"Feature","properties":{},"geometry":{"type":"Polygon","coordinates":[[[-103.358872,25.562974],[-103.358722,25.56274],[-103.358636,25.562786],[-103.358786,25.563019],[-103.358872,25.562974]]]}},{"type":"Feature","properties":{},"geometry":{"type":"Polygon","coordinates":[[[-103.358958,25.562929],[-103.358808,25.562695],[-103.358722,25.56274],[-103.358872,25.562974],[-103.358958,25.562929]]]}},{"type":"Feature","properties":{},"geometry":{"type":"Polygon","coordinates":[[[-103.359044,25.562883],[-103.358894,25.562649],[-103.358808,25.562695],[-103.358958,25.562929],[-103.359044,25.562883]]]}},{"type":"Feature","properties":{},"geometry":{"type":"Polygon","coordinates":[[[-103.35913,25.562838],[-103.35898,25.562604],[-103.358894,25.562649],[-103.359044,25.562883],[-103.35913,25.562838]]]}},{"type":"Feature","properties":{},"geometry":{"type":"Polygon","coordinates":[[[-103.359216,25.562792],[-103.359066,25.562558],[-103.35898,25.562604],[-103.35913,25.562838],[-103.359216,25.562792]]]}},{"type":"Feature","properties":{},"geometry":{"type":"Polygon","coordinates":[[[-103.359302,25.562747],[-103.359152,25.562513],[-103.359066,25.562558],[-103.359216,25.562792],[-103.359302,25.562747]]]}},{"type":"Feature","properties":{},"geometry":{"type":"Polygon","coordinates":[[[-103.359388,25.562701],[-103.359238,25.562467],[-103.359152,25.562513],[-103.359302,25.562747],[-103.359388,25.562701]]]}},{"type":"Feature","properties":{},"geometry":{"type":"Polygon","coordinates":[[[-103.359474,25.562656],[-103.359324,25.562422],[-103.359238,25.562467],[-103.359388,25.562701],[-103.359474,25.562656]]]}},{"type":"Feature","properties":{},"geometry":{"type":"Polygon","coordinates":[[[-103.35956,25.56261],[-103.35941,25.562376],[-103.359324,25.562422],[-103.359474,25.562656],[-103.35956,25.56261]]]}},{"type":"Feature","properties":{},"geometry":{"type":"Polygon","coordinates":[[[-103.359646,25.562565],[-103.359496,25.562331],[-103.35941,25.562376],[-103.35956,25.56261],[-103.359646,25.562565]]]}},{"type":"Feature","properties":{},"geometry":{"type":"Polygon","coordinates":[[[-103.359732,25.562519],[-103.359581,25.562285],[-103.359496,25.562331],[-103.359646,25.562565],[-103.359732,25.562519]]]}},{"type":"Feature","properties":{},"geometry":{"type":"Polygon","coordinates":[[[-103.359921,25.562419],[-103.359771,25.562185],[-103.359685,25.562231],[-103.359835,25.562465],[-103.359921,25.562419]]]}},{"type":"Feature","properties":{},"geometry":{"type":"Polygon","coordinates":[[[-103.360007,25.562374],[-103.359857,25.56214],[-103.359771,25.562185],[-103.359921,25.562419],[-103.360007,25.562374]]]}},{"type":"Feature","properties":{},"geometry":{"type":"Polygon","coordinates":[[[-103.360093,25.562328],[-103.359943,25.562094],[-103.359857,25.56214],[-103.360007,25.562374],[-103.360093,25.562328]]]}},{"type":"Feature","properties":{},"geometry":{"type":"Polygon","coordinates":[[[-103.360179,25.562283],[-103.360029,25.562049],[-103.359943,25.562094],[-103.360093,25.562328],[-103.360179,25.562283]]]}},{"type":"Feature","properties":{},"geometry":{"type":"Polygon","coordinates":[[[-103.360265,25.562237],[-103.360115,25.562003],[-103.360029,25.562049],[-103.360179,25.562283],[-103.360265,25.562237]]]}},{"type":"Feature","properties":{},"geometry":{"type":"Polygon","coordinates":[[[-103.360351,25.562192],[-103.3602,25.561958],[-103.360115,25.562003],[-103.360265,25.562237],[-103.360351,25.562192]]]}},{"type":"Feature","properties":{},"geometry":{"type":"Polygon","coordinates":[[[-103.360437,25.562146],[-103.360286,25.561912],[-103.3602,25.561958],[-103.360351,25.562192],[-103.360437,25.562146]]]}},{"type":"Feature","properties":{},"geometry":{"type":"Polygon","coordinates":[[[-103.360523,25.562101],[-103.360372,25.561867],[-103.360286,25.561912],[-103.360437,25.562146],[-103.360523,25.562101]]]}},{"type":"Feature","properties":{},"geometry":{"type":"Polygon","coordinates":[[[-103.360609,25.562055],[-103.360458,25.561821],[-103.360372,25.561867],[-103.360523,25.562101],[-103.360609,25.562055]]]}},{"type":"Feature","properties":{},"geometry":{"type":"Polygon","coordinates":[[[-103.360695,25.56201],[-103.360544,25.561776],[-103.360458,25.561821],[-103.360609,25.562055],[-103.360695,25.56201]]]}},{"type":"Feature","properties":{},"geometry":{"type":"Polygon","coordinates":[[[-103.360781,25.561964],[-103.36063,25.56173],[-103.360544,25.561776],[-103.360695,25.56201],[-103.360781,25.561964]]]}},{"type":"Feature","properties":{},"geometry":{"type":"Polygon","coordinates":[[[-103.360867,25.561919],[-103.360716,25.561685],[-103.36063,25.56173],[-103.360781,25.561964],[-103.360867,25.561919]]]}},{"type":"Feature","properties":{},"geometry":{"type":"Polygon","coordinates":[[[-103.360953,25.561873],[-103.360802,25.56164],[-103.360716,25.561685],[-103.360867,25.561919],[-103.360953,25.561873]]]}},{"type":"Feature","properties":{},"geometry":{"type":"Polygon","coordinates":[[[-103.361039,25.561828],[-103.360888,25.561594],[-103.360802,25.56164],[-103.360953,25.561873],[-103.361039,25.561828]]]}},{"type":"Feature","properties":{},"geometry":{"type":"Polygon","coordinates":[[[-103.361125,25.561783],[-103.360974,25.561549],[-103.360888,25.561594],[-103.361039,25.561828],[-103.361125,25.561783]]]}},{"type":"Feature","properties":{},"geometry":{"type":"Polygon","coordinates":[[[-103.361211,25.561737],[-103.36106,25.561503],[-103.360974,25.561549],[-103.361125,25.561783],[-103.361211,25.561737]]]}},{"type":"Feature","properties":{},"geometry":{"type":"Polygon","coordinates":[[[-103.361297,25.561692],[-103.361146,25.561458],[-103.36106,25.561503],[-103.361211,25.561737],[-103.361297,25.561692]]]}},{"type":"Feature","properties":{},"geometry":{"type":"Polygon","coordinates":[[[-103.361486,25.561592],[-103.361335,25.561358],[-103.361249,25.561403],[-103.3614,25.561637],[-103.361486,25.561592]]]}},{"type":"Feature","properties":{},"geometry":{"type":"Polygon","coordinates":[[[-103.361572,25.561546],[-103.361421,25.561312],[-103.361335,25.561358],[-103.361486,25.561592],[-103.361572,25.561546]]]}},{"type":"Feature","properties":{},"geometry":{"type":"Polygon","coordinates":[[[-103.361658,25.561501],[-103.361507,25.561267],[-103.361421,25.561312],[-103.361572,25.561546],[-103.361658,25.561501]]]}},{"type":"Feature","properties":{},"geometry":{"type":"Polygon","coordinates":[[[-103.361744,25.561455],[-103.361593,25.561221],[-103.361507,25.561267],[-103.361658,25.561501],[-103.361744,25.561455]]]}},{"type":"Feature","properties":{},"geometry":{"type":"Polygon","coordinates":[[[-103.36183,25.56141],[-103.361679,25.561176],[-103.361593,25.561221],[-103.361744,25.561455],[-103.36183,25.56141]]]}},{"type":"Feature","properties":{},"geometry":{"type":"Polygon","coordinates":[[[-103.361916,25.561364],[-103.361765,25.56113],[-103.361679,25.561176],[-103.36183,25.56141],[-103.361916,25.561364]]]}},{"type":"Feature","properties":{},"geometry":{"type":"Polygon","coordinates":[[[-103.362002,25.561319],[-103.361851,25.561085],[-103.361765,25.56113],[-103.361916,25.561364],[-103.362002,25.561319]]]}},{"type":"Feature","properties":{},"geometry":{"type":"Polygon","coordinates":[[[-103.36305,25.560764],[-103.3629,25.56053],[-103.362814,25.560575],[-103.362964,25.560809],[-103.36305,25.560764]]]}},{"type":"Feature","properties":{},"geometry":{"type":"Polygon","coordinates":[[[-103.363136,25.560718],[-103.362986,25.560484],[-103.3629,25.56053],[-103.36305,25.560764],[-103.363136,25.560718]]]}},{"type":"Feature","properties":{},"geometry":{"type":"Polygon","coordinates":[[[-103.363222,25.560673],[-103.363072,25.560439],[-103.362986,25.560484],[-103.363136,25.560718],[-103.363222,25.560673]]]}},{"type":"Feature","properties":{},"geometry":{"type":"Polygon","coordinates":[[[-103.363308,25.560627],[-103.363158,25.560393],[-103.363072,25.560439],[-103.363222,25.560673],[-103.363308,25.560627]]]}},{"type":"Feature","properties":{},"geometry":{"type":"Polygon","coordinates":[[[-103.363394,25.560582],[-103.363244,25.560348],[-103.363158,25.560393],[-103.363308,25.560627],[-103.363394,25.560582]]]}},{"type":"Feature","properties":{},"geometry":{"type":"Polygon","coordinates":[[[-103.36348,25.560536],[-103.36333,25.560302],[-103.363244,25.560348],[-103.363394,25.560582],[-103.36348,25.560536]]]}},{"type":"Feature","properties":{},"geometry":{"type":"Polygon","coordinates":[[[-103.363566,25.560491],[-103.363416,25.560257],[-103.36333,25.560302],[-103.36348,25.560536],[-103.363566,25.560491]]]}},{"type":"Feature","properties":{},"geometry":{"type":"Polygon","coordinates":[[[-103.363652,25.560445],[-103.363502,25.560212],[-103.363416,25.560257],[-103.363566,25.560491],[-103.363652,25.560445]]]}},{"type":"Feature","properties":{},"geometry":{"type":"Polygon","coordinates":[[[-103.363738,25.5604],[-103.363588,25.560166],[-103.363502,25.560212],[-103.363652,25.560445],[-103.363738,25.5604]]]}},{"type":"Feature","properties":{},"geometry":{"type":"Polygon","coordinates":[[[-103.363824,25.560355],[-103.363674,25.560121],[-103.363588,25.560166],[-103.363738,25.5604],[-103.363824,25.560355]]]}},{"type":"Feature","properties":{},"geometry":{"type":"Polygon","coordinates":[[[-103.36391,25.560309],[-103.36376,25.560075],[-103.363674,25.560121],[-103.363824,25.560355],[-103.36391,25.560309]]]}},{"type":"Feature","properties":{},"geometry":{"type":"Polygon","coordinates":[[[-103.363996,25.560264],[-103.363846,25.56003],[-103.36376,25.560075],[-103.36391,25.560309],[-103.363996,25.560264]]]}},{"type":"Feature","properties":{},"geometry":{"type":"Polygon","coordinates":[[[-103.364082,25.560218],[-103.363932,25.559984],[-103.363846,25.56003],[-103.363996,25.560264],[-103.364082,25.560218]]]}},{"type":"Feature","properties":{},"geometry":{"type":"Polygon","coordinates":[[[-103.364168,25.560173],[-103.364018,25.559939],[-103.363932,25.559984],[-103.364082,25.560218],[-103.364168,25.560173]]]}},{"type":"Feature","properties":{},"geometry":{"type":"Polygon","coordinates":[[[-103.364254,25.560127],[-103.364104,25.559893],[-103.364018,25.559939],[-103.364168,25.560173],[-103.364254,25.560127]]]}},{"type":"Feature","properties":{},"geometry":{"type":"Polygon","coordinates":[[[-103.36434,25.560082],[-103.36419,25.559848],[-103.364104,25.559893],[-103.364254,25.560127],[-103.36434,25.560082]]]}},{"type":"Feature","properties":{},"geometry":{"type":"Polygon","coordinates":[[[-103.364426,25.560036],[-103.364275,25.559802],[-103.36419,25.559848],[-103.36434,25.560082],[-103.364426,25.560036]]]}},{"type":"Feature","properties":{},"geometry":{"type":"Polygon","coordinates":[[[-103.364615,25.559936],[-103.364465,25.559702],[-103.364379,25.559748],[-103.364529,25.559982],[-103.364615,25.559936]]]}},{"type":"Feature","properties":{},"geometry":{"type":"Polygon","coordinates":[[[-103.364701,25.559891],[-103.364551,25.559657],[-103.364465,25.559702],[-103.364615,25.559936],[-103.364701,25.559891]]]}},{"type":"Feature","properties":{},"geometry":{"type":"Polygon","coordinates":[[[-103.365733,25.559345],[-103.365582,25.559111],[-103.365496,25.559156],[-103.365647,25.55939],[-103.365733,25.559345]]]}},{"type":"Feature","properties":{},"geometry":{"type":"Polygon","coordinates":[[[-103.365819,25.559299],[-103.365668,25.559065],[-103.365582,25.559111],[-103.365733,25.559345],[-103.365819,25.559299]]]}},{"type":"Feature","properties":{},"geometry":{"type":"Polygon","coordinates":[[[-103.365905,25.559254],[-103.365754,25.55902],[-103.365668,25.559065],[-103.365819,25.559299],[-103.365905,25.559254]]]}},{"type":"Feature","properties":{},"geometry":{"type":"Polygon","coordinates":[[[-103.365991,25.559208],[-103.36584,25.558974],[-103.365754,25.55902],[-103.365905,25.559254],[-103.365991,25.559208]]]}},{"type":"Feature","properties":{},"geometry":{"type":"Polygon","coordinates":[[[-103.36618,25.559108],[-103.366029,25.558874],[-103.365943,25.55892],[-103.366094,25.559154],[-103.36618,25.559108]]]}},{"type":"Feature","properties":{},"geometry":{"type":"Polygon","coordinates":[[[-103.366266,25.559063],[-103.366115,25.558829],[-103.366029,25.558874],[-103.36618,25.559108],[-103.366266,25.559063]]]}},{"type":"Feature","properties":{},"geometry":{"type":"Polygon","coordinates":[[[-103.366352,25.559017],[-103.366201,25.558783],[-103.366115,25.558829],[-103.366266,25.559063],[-103.366352,25.559017]]]}},{"type":"Feature","properties":{},"geometry":{"type":"Polygon","coordinates":[[[-103.366438,25.558972],[-103.366287,25.558738],[-103.366201,25.558783],[-103.366352,25.559017],[-103.366438,25.558972]]]}},{"type":"Feature","properties":{},"geometry":{"type":"Polygon","coordinates":[[[-103.366524,25.558926],[-103.366373,25.558693],[-103.366287,25.558738],[-103.366438,25.558972],[-103.366524,25.558926]]]}},{"type":"Feature","properties":{},"geometry":{"type":"Polygon","coordinates":[[[-103.366609,25.558881],[-103.366459,25.558647],[-103.366373,25.558693],[-103.366524,25.558926],[-103.366609,25.558881]]]}},{"type":"Feature","properties":{},"geometry":{"type":"Polygon","coordinates":[[[-103.366695,25.558835],[-103.366545,25.558602],[-103.366459,25.558647],[-103.366609,25.558881],[-103.366695,25.558835]]]}},{"type":"Feature","properties":{},"geometry":{"type":"Polygon","coordinates":[[[-103.366781,25.55879],[-103.366631,25.558556],[-103.366545,25.558602],[-103.366695,25.558835],[-103.366781,25.55879]]]}},{"type":"Feature","properties":{},"geometry":{"type":"Polygon","coordinates":[[[-103.366867,25.558745],[-103.366717,25.558511],[-103.366631,25.558556],[-103.366781,25.55879],[-103.366867,25.558745]]]}},{"type":"Feature","properties":{},"geometry":{"type":"Polygon","coordinates":[[[-103.366953,25.558699],[-103.366803,25.558465],[-103.366717,25.558511],[-103.366867,25.558745],[-103.366953,25.558699]]]}},{"type":"Feature","properties":{},"geometry":{"type":"Polygon","coordinates":[[[-103.358017,25.563113],[-103.357866,25.562879],[-103.35778,25.562924],[-103.357931,25.563158],[-103.358017,25.563113]]]}},{"type":"Feature","properties":{},"geometry":{"type":"Polygon","coordinates":[[[-103.358206,25.563013],[-103.358056,25.562779],[-103.35797,25.562824],[-103.35812,25.563058],[-103.358206,25.563013]]]}},{"type":"Feature","properties":{},"geometry":{"type":"Polygon","coordinates":[[[-103.358292,25.562967],[-103.358141,25.562733],[-103.358056,25.562779],[-103.358206,25.563013],[-103.358292,25.562967]]]}},{"type":"Feature","properties":{},"geometry":{"type":"Polygon","coordinates":[[[-103.358378,25.562922],[-103.358227,25.562688],[-103.358141,25.562733],[-103.358292,25.562967],[-103.358378,25.562922]]]}},{"type":"Feature","properties":{},"geometry":{"type":"Polygon","coordinates":[[[-103.358464,25.562876],[-103.358313,25.562643],[-103.358227,25.562688],[-103.358378,25.562922],[-103.358464,25.562876]]]}},{"type":"Feature","properties":{},"geometry":{"type":"Polygon","coordinates":[[[-103.35855,25.562831],[-103.358399,25.562597],[-103.358313,25.562643],[-103.358464,25.562876],[-103.35855,25.562831]]]}},{"type":"Feature","properties":{},"geometry":{"type":"Polygon","coordinates":[[[-103.358636,25.562786],[-103.358485,25.562552],[-103.358399,25.562597],[-103.35855,25.562831],[-103.358636,25.562786]]]}},{"type":"Feature","properties":{},"geometry":{"type":"Polygon","coordinates":[[[-103.358722,25.56274],[-103.358571,25.562506],[-103.358485,25.562552],[-103.358636,25.562786],[-103.358722,25.56274]]]}},{"type":"Feature","properties":{},"geometry":{"type":"Polygon","coordinates":[[[-103.358808,25.562695],[-103.358657,25.562461],[-103.358571,25.562506],[-103.358722,25.56274],[-103.358808,25.562695]]]}},{"type":"Feature","properties":{},"geometry":{"type":"Polygon","coordinates":[[[-103.358894,25.562649],[-103.358743,25.562415],[-103.358657,25.562461],[-103.358808,25.562695],[-103.358894,25.562649]]]}},{"type":"Feature","properties":{},"geometry":{"type":"Polygon","coordinates":[[[-103.35898,25.562604],[-103.358829,25.56237],[-103.358743,25.562415],[-103.358894,25.562649],[-103.35898,25.562604]]]}},{"type":"Feature","properties":{},"geometry":{"type":"Polygon","coordinates":[[[-103.359066,25.562558],[-103.358915,25.562324],[-103.358829,25.56237],[-103.35898,25.562604],[-103.359066,25.562558]]]}},{"type":"Feature","properties":{},"geometry":{"type":"Polygon","coordinates":[[[-103.359152,25.562513],[-103.359001,25.562279],[-103.358915,25.562324],[-103.359066,25.562558],[-103.359152,25.562513]]]}},{"type":"Feature","properties":{},"geometry":{"type":"Polygon","coordinates":[[[-103.359238,25.562467],[-103.359087,25.562233],[-103.359001,25.562279],[-103.359152,25.562513],[-103.359238,25.562467]]]}},{"type":"Feature","properties":{},"geometry":{"type":"Polygon","coordinates":[[[-103.359324,25.562422],[-103.359173,25.562188],[-103.359087,25.562233],[-103.359238,25.562467],[-103.359324,25.562422]]]}},{"type":"Feature","properties":{},"geometry":{"type":"Polygon","coordinates":[[[-103.35941,25.562376],[-103.359259,25.562142],[-103.359173,25.562188],[-103.359324,25.562422],[-103.35941,25.562376]]]}},{"type":"Feature","properties":{},"geometry":{"type":"Polygon","coordinates":[[[-103.359496,25.562331],[-103.359345,25.562097],[-103.359259,25.562142],[-103.35941,25.562376],[-103.359496,25.562331]]]}},{"type":"Feature","properties":{},"geometry":{"type":"Polygon","coordinates":[[[-103.359581,25.562285],[-103.359431,25.562051],[-103.359345,25.562097],[-103.359496,25.562331],[-103.359581,25.562285]]]}},{"type":"Feature","properties":{},"geometry":{"type":"Polygon","coordinates":[[[-103.359771,25.562185],[-103.35962,25.561951],[-103.359534,25.561997],[-103.359685,25.562231],[-103.359771,25.562185]]]}},{"type":"Feature","properties":{},"geometry":{"type":"Polygon","coordinates":[[[-103.359857,25.56214],[-103.359706,25.561906],[-103.35962,25.561951],[-103.359771,25.562185],[-103.359857,25.56214]]]}},{"type":"Feature","properties":{},"geometry":{"type":"Polygon","coordinates":[[[-103.359943,25.562094],[-103.359792,25.56186],[-103.359706,25.561906],[-103.359857,25.56214],[-103.359943,25.562094]]]}},{"type":"Feature","properties":{},"geometry":{"type":"Polygon","coordinates":[[[-103.360029,25.562049],[-103.359878,25.561815],[-103.359792,25.56186],[-103.359943,25.562094],[-103.360029,25.562049]]]}},{"type":"Feature","properties":{},"geometry":{"type":"Polygon","coordinates":[[[-103.360115,25.562003],[-103.359964,25.561769],[-103.359878,25.561815],[-103.360029,25.562049],[-103.360115,25.562003]]]}},{"type":"Feature","properties":{},"geometry":{"type":"Polygon","coordinates":[[[-103.3602,25.561958],[-103.36005,25.561724],[-103.359964,25.561769],[-103.360115,25.562003],[-103.3602,25.561958]]]}},{"type":"Feature","properties":{},"geometry":{"type":"Polygon","coordinates":[[[-103.360286,25.561912],[-103.360136,25.561678],[-103.36005,25.561724],[-103.3602,25.561958],[-103.360286,25.561912]]]}},{"type":"Feature","properties":{},"geometry":{"type":"Polygon","coordinates":[[[-103.360372,25.561867],[-103.360222,25.561633],[-103.360136,25.561678],[-103.360286,25.561912],[-103.360372,25.561867]]]}},{"type":"Feature","properties":{},"geometry":{"type":"Polygon","coordinates":[[[-103.360458,25.561821],[-103.360308,25.561587],[-103.360222,25.561633],[-103.360372,25.561867],[-103.360458,25.561821]]]}},{"type":"Feature","properties":{},"geometry":{"type":"Polygon","coordinates":[[[-103.360544,25.561776],[-103.360394,25.561542],[-103.360308,25.561587],[-103.360458,25.561821],[-103.360544,25.561776]]]}},{"type":"Feature","properties":{},"geometry":{"type":"Polygon","coordinates":[[[-103.36063,25.56173],[-103.36048,25.561497],[-103.360394,25.561542],[-103.360544,25.561776],[-103.36063,25.56173]]]}},{"type":"Feature","properties":{},"geometry":{"type":"Polygon","coordinates":[[[-103.360716,25.561685],[-103.360566,25.561451],[-103.36048,25.561497],[-103.36063,25.56173],[-103.360716,25.561685]]]}},{"type":"Feature","properties":{},"geometry":{"type":"Polygon","coordinates":[[[-103.360802,25.56164],[-103.360652,25.561406],[-103.360566,25.561451],[-103.360716,25.561685],[-103.360802,25.56164]]]}},{"type":"Feature","properties":{},"geometry":{"type":"Polygon","coordinates":[[[-103.360888,25.561594],[-103.360738,25.56136],[-103.360652,25.561406],[-103.360802,25.56164],[-103.360888,25.561594]]]}},{"type":"Feature","properties":{},"geometry":{"type":"Polygon","coordinates":[[[-103.360974,25.561549],[-103.360824,25.561315],[-103.360738,25.56136],[-103.360888,25.561594],[-103.360974,25.561549]]]}},{"type":"Feature","properties":{},"geometry":{"type":"Polygon","coordinates":[[[-103.36106,25.561503],[-103.36091,25.561269],[-103.360824,25.561315],[-103.360974,25.561549],[-103.36106,25.561503]]]}},{"type":"Feature","properties":{},"geometry":{"type":"Polygon","coordinates":[[[-103.361146,25.561458],[-103.360996,25.561224],[-103.36091,25.561269],[-103.36106,25.561503],[-103.361146,25.561458]]]}},{"type":"Feature","properties":{},"geometry":{"type":"Polygon","coordinates":[[[-103.361335,25.561358],[-103.361185,25.561124],[-103.361099,25.561169],[-103.361249,25.561403],[-103.361335,25.561358]]]}},{"type":"Feature","properties":{},"geometry":{"type":"Polygon","coordinates":[[[-103.361421,25.561312],[-103.361271,25.561078],[-103.361185,25.561124],[-103.361335,25.561358],[-103.361421,25.561312]]]}},{"type":"Feature","properties":{},"geometry":{"type":"Polygon","coordinates":[[[-103.361507,25.561267],[-103.361357,25.561033],[-103.361271,25.561078],[-103.361421,25.561312],[-103.361507,25.561267]]]}},{"type":"Feature","properties":{},"geometry":{"type":"Polygon","coordinates":[[[-103.361593,25.561221],[-103.361443,25.560987],[-103.361357,25.561033],[-103.361507,25.561267],[-103.361593,25.561221]]]}},{"type":"Feature","properties":{},"geometry":{"type":"Polygon","coordinates":[[[-103.361679,25.561176],[-103.361529,25.560942],[-103.361443,25.560987],[-103.361593,25.561221],[-103.361679,25.561176]]]}},{"type":"Feature","properties":{},"geometry":{"type":"Polygon","coordinates":[[[-103.361765,25.56113],[-103.361615,25.560896],[-103.361529,25.560942],[-103.361679,25.561176],[-103.361765,25.56113]]]}},{"type":"Feature","properties":{},"geometry":{"type":"Polygon","coordinates":[[[-103.361851,25.561085],[-103.361701,25.560851],[-103.361615,25.560896],[-103.361765,25.56113],[-103.361851,25.561085]]]}},{"type":"Feature","properties":{},"geometry":{"type":"Polygon","coordinates":[[[-103.361937,25.561039],[-103.361787,25.560805],[-103.361701,25.560851],[-103.361851,25.561085],[-103.361937,25.561039]]]}},{"type":"Feature","properties":{},"geometry":{"type":"Polygon","coordinates":[[[-103.362023,25.560994],[-103.361873,25.56076],[-103.361787,25.560805],[-103.361937,25.561039],[-103.362023,25.560994]]]}},{"type":"Feature","properties":{},"geometry":{"type":"Polygon","coordinates":[[[-103.362109,25.560948],[-103.361959,25.560714],[-103.361873,25.56076],[-103.362023,25.560994],[-103.362109,25.560948]]]}},{"type":"Feature","properties":{},"geometry":{"type":"Polygon","coordinates":[[[-103.362195,25.560903],[-103.362045,25.560669],[-103.361959,25.560714],[-103.362109,25.560948],[-103.362195,25.560903]]]}},{"type":"Feature","properties":{},"geometry":{"type":"Polygon","coordinates":[[[-103.362281,25.560857],[-103.362131,25.560623],[-103.362045,25.560669],[-103.362195,25.560903],[-103.362281,25.560857]]]}},{"type":"Feature","properties":{},"geometry":{"type":"Polygon","coordinates":[[[-103.362367,25.560812],[-103.362217,25.560578],[-103.362131,25.560623],[-103.362281,25.560857],[-103.362367,25.560812]]]}},{"type":"Feature","properties":{},"geometry":{"type":"Polygon","coordinates":[[[-103.362453,25.560766],[-103.362303,25.560532],[-103.362217,25.560578],[-103.362367,25.560812],[-103.362453,25.560766]]]}},{"type":"Feature","properties":{},"geometry":{"type":"Polygon","coordinates":[[[-103.362539,25.560721],[-103.362388,25.560487],[-103.362303,25.560532],[-103.362453,25.560766],[-103.362539,25.560721]]]}},{"type":"Feature","properties":{},"geometry":{"type":"Polygon","coordinates":[[[-103.362625,25.560675],[-103.362474,25.560441],[-103.362388,25.560487],[-103.362539,25.560721],[-103.362625,25.560675]]]}},{"type":"Feature","properties":{},"geometry":{"type":"Polygon","coordinates":[[[-103.362711,25.56063],[-103.36256,25.560396],[-103.362474,25.560441],[-103.362625,25.560675],[-103.362711,25.56063]]]}},{"type":"Feature","properties":{},"geometry":{"type":"Polygon","coordinates":[[[-103.3629,25.56053],[-103.36275,25.560296],[-103.362664,25.560341],[-103.362814,25.560575],[-103.3629,25.56053]]]}},{"type":"Feature","properties":{},"geometry":{"type":"Polygon","coordinates":[[[-103.362986,25.560484],[-103.362836,25.56025],[-103.36275,25.560296],[-103.3629,25.56053],[-103.362986,25.560484]]]}},{"type":"Feature","properties":{},"geometry":{"type":"Polygon","coordinates":[[[-103.363072,25.560439],[-103.362921,25.560205],[-103.362836,25.56025],[-103.362986,25.560484],[-103.363072,25.560439]]]}},{"type":"Feature","properties":{},"geometry":{"type":"Polygon","coordinates":[[[-103.363158,25.560393],[-103.363007,25.560159],[-103.362921,25.560205],[-103.363072,25.560439],[-103.363158,25.560393]]]}},{"type":"Feature","properties":{},"geometry":{"type":"Polygon","coordinates":[[[-103.363244,25.560348],[-103.363093,25.560114],[-103.363007,25.560159],[-103.363158,25.560393],[-103.363244,25.560348]]]}},{"type":"Feature","properties":{},"geometry":{"type":"Polygon","coordinates":[[[-103.36333,25.560302],[-103.363179,25.560069],[-103.363093,25.560114],[-103.363244,25.560348],[-103.36333,25.560302]]]}},{"type":"Feature","properties":{},"geometry":{"type":"Polygon","coordinates":[[[-103.363416,25.560257],[-103.363265,25.560023],[-103.363179,25.560069],[-103.36333,25.560302],[-103.363416,25.560257]]]}},{"type":"Feature","properties":{},"geometry":{"type":"Polygon","coordinates":[[[-103.363502,25.560212],[-103.363351,25.559978],[-103.363265,25.560023],[-103.363416,25.560257],[-103.363502,25.560212]]]}},{"type":"Feature","properties":{},"geometry":{"type":"Polygon","coordinates":[[[-103.363588,25.560166],[-103.363437,25.559932],[-103.363351,25.559978],[-103.363502,25.560212],[-103.363588,25.560166]]]}},{"type":"Feature","properties":{},"geometry":{"type":"Polygon","coordinates":[[[-103.363674,25.560121],[-103.363523,25.559887],[-103.363437,25.559932],[-103.363588,25.560166],[-103.363674,25.560121]]]}},{"type":"Feature","properties":{},"geometry":{"type":"Polygon","coordinates":[[[-103.36376,25.560075],[-103.363609,25.559841],[-103.363523,25.559887],[-103.363674,25.560121],[-103.36376,25.560075]]]}},{"type":"Feature","properties":{},"geometry":{"type":"Polygon","coordinates":[[[-103.363846,25.56003],[-103.363695,25.559796],[-103.363609,25.559841],[-103.36376,25.560075],[-103.363846,25.56003]]]}},{"type":"Feature","properties":{},"geometry":{"type":"Polygon","coordinates":[[[-103.363932,25.559984],[-103.363781,25.55975],[-103.363695,25.559796],[-103.363846,25.56003],[-103.363932,25.559984]]]}},{"type":"Feature","properties":{},"geometry":{"type":"Polygon","coordinates":[[[-103.364018,25.559939],[-103.363867,25.559705],[-103.363781,25.55975],[-103.363932,25.559984],[-103.364018,25.559939]]]}},{"type":"Feature","properties":{},"geometry":{"type":"Polygon","coordinates":[[[-103.364104,25.559893],[-103.363953,25.559659],[-103.363867,25.559705],[-103.364018,25.559939],[-103.364104,25.559893]]]}},{"type":"Feature","properties":{},"geometry":{"type":"Polygon","coordinates":[[[-103.36419,25.559848],[-103.364039,25.559614],[-103.363953,25.559659],[-103.364104,25.559893],[-103.36419,25.559848]]]}},{"type":"Feature","properties":{},"geometry":{"type":"Polygon","coordinates":[[[-103.364275,25.559802],[-103.364125,25.559568],[-103.364039,25.559614],[-103.36419,25.559848],[-103.364275,25.559802]]]}},{"type":"Feature","properties":{},"geometry":{"type":"Polygon","coordinates":[[[-103.364465,25.559702],[-103.364314,25.559468],[-103.364228,25.559514],[-103.364379,25.559748],[-103.364465,25.559702]]]}},{"type":"Feature","properties":{},"geometry":{"type":"Polygon","coordinates":[[[-103.364551,25.559657],[-103.3644,25.559423],[-103.364314,25.559468],[-103.364465,25.559702],[-103.364551,25.559657]]]}},{"type":"Feature","properties":{},"geometry":{"type":"Polygon","coordinates":[[[-103.364637,25.559611],[-103.364486,25.559377],[-103.3644,25.559423],[-103.364551,25.559657],[-103.364637,25.559611]]]}},{"type":"Feature","properties":{},"geometry":{"type":"Polygon","coordinates":[[[-103.364723,25.559566],[-103.364572,25.559332],[-103.364486,25.559377],[-103.364637,25.559611],[-103.364723,25.559566]]]}},{"type":"Feature","properties":{},"geometry":{"type":"Polygon","coordinates":[[[-103.364808,25.55952],[-103.364658,25.559286],[-103.364572,25.559332],[-103.364723,25.559566],[-103.364808,25.55952]]]}},{"type":"Feature","properties":{},"geometry":{"type":"Polygon","coordinates":[[[-103.364894,25.559475],[-103.364744,25.559241],[-103.364658,25.559286],[-103.364808,25.55952],[-103.364894,25.559475]]]}},{"type":"Feature","properties":{},"geometry":{"type":"Polygon","coordinates":[[[-103.36498,25.559429],[-103.36483,25.559195],[-103.364744,25.559241],[-103.364894,25.559475],[-103.36498,25.559429]]]}},{"type":"Feature","properties":{},"geometry":{"type":"Polygon","coordinates":[[[-103.365066,25.559384],[-103.364916,25.55915],[-103.36483,25.559195],[-103.36498,25.559429],[-103.365066,25.559384]]]}},{"type":"Feature","properties":{},"geometry":{"type":"Polygon","coordinates":[[[-103.365152,25.559338],[-103.365002,25.559104],[-103.364916,25.55915],[-103.365066,25.559384],[-103.365152,25.559338]]]}},{"type":"Feature","properties":{},"geometry":{"type":"Polygon","coordinates":[[[-103.365238,25.559293],[-103.365088,25.559059],[-103.365002,25.559104],[-103.365152,25.559338],[-103.365238,25.559293]]]}},{"type":"Feature","properties":{},"geometry":{"type":"Polygon","coordinates":[[[-103.365324,25.559247],[-103.365174,25.559013],[-103.365088,25.559059],[-103.365238,25.559293],[-103.365324,25.559247]]]}},{"type":"Feature","properties":{},"geometry":{"type":"Polygon","coordinates":[[[-103.36541,25.559202],[-103.36526,25.558968],[-103.365174,25.559013],[-103.365324,25.559247],[-103.36541,25.559202]]]}},{"type":"Feature","properties":{},"geometry":{"type":"Polygon","coordinates":[[[-103.365496,25.559156],[-103.365346,25.558922],[-103.36526,25.558968],[-103.36541,25.559202],[-103.365496,25.559156]]]}},{"type":"Feature","properties":{},"geometry":{"type":"Polygon","coordinates":[[[-103.365582,25.559111],[-103.365432,25.558877],[-103.365346,25.558922],[-103.365496,25.559156],[-103.365582,25.559111]]]}},{"type":"Feature","properties":{},"geometry":{"type":"Polygon","coordinates":[[[-103.365668,25.559065],[-103.365518,25.558832],[-103.365432,25.558877],[-103.365582,25.559111],[-103.365668,25.559065]]]}},{"type":"Feature","properties":{},"geometry":{"type":"Polygon","coordinates":[[[-103.365754,25.55902],[-103.365604,25.558786],[-103.365518,25.558832],[-103.365668,25.559065],[-103.365754,25.55902]]]}},{"type":"Feature","properties":{},"geometry":{"type":"Polygon","coordinates":[[[-103.36584,25.558974],[-103.36569,25.558741],[-103.365604,25.558786],[-103.365754,25.55902],[-103.36584,25.558974]]]}},{"type":"Feature","properties":{},"geometry":{"type":"Polygon","coordinates":[[[-103.366029,25.558874],[-103.365879,25.55864],[-103.365793,25.558686],[-103.365943,25.55892],[-103.366029,25.558874]]]}},{"type":"Feature","properties":{},"geometry":{"type":"Polygon","coordinates":[[[-103.366115,25.558829],[-103.365965,25.558595],[-103.365879,25.55864],[-103.366029,25.558874],[-103.366115,25.558829]]]}},{"type":"Feature","properties":{},"geometry":{"type":"Polygon","coordinates":[[[-103.366201,25.558783],[-103.366051,25.55855],[-103.365965,25.558595],[-103.366115,25.558829],[-103.366201,25.558783]]]}},{"type":"Feature","properties":{},"geometry":{"type":"Polygon","coordinates":[[[-103.366287,25.558738],[-103.366137,25.558504],[-103.366051,25.55855],[-103.366201,25.558783],[-103.366287,25.558738]]]}},{"type":"Feature","properties":{},"geometry":{"type":"Polygon","coordinates":[[[-103.366373,25.558693],[-103.366223,25.558459],[-103.366137,25.558504],[-103.366287,25.558738],[-103.366373,25.558693]]]}},{"type":"Feature","properties":{},"geometry":{"type":"Polygon","coordinates":[[[-103.357995,25.562685],[-103.357845,25.562451],[-103.357759,25.562497],[-103.357909,25.562731],[-103.357995,25.562685]]]}},{"type":"Feature","properties":{},"geometry":{"type":"Polygon","coordinates":[[[-103.358081,25.56264],[-103.357931,25.562406],[-103.357845,25.562451],[-103.357995,25.562685],[-103.358081,25.56264]]]}},{"type":"Feature","properties":{},"geometry":{"type":"Polygon","coordinates":[[[-103.358167,25.562594],[-103.358017,25.56236],[-103.357931,25.562406],[-103.358081,25.56264],[-103.358167,25.562594]]]}},{"type":"Feature","properties":{},"geometry":{"type":"Polygon","coordinates":[[[-103.358253,25.562549],[-103.358103,25.562315],[-103.358017,25.56236],[-103.358167,25.562594],[-103.358253,25.562549]]]}},{"type":"Feature","properties":{},"geometry":{"type":"Polygon","coordinates":[[[-103.358339,25.562503],[-103.358189,25.56227],[-103.358103,25.562315],[-103.358253,25.562549],[-103.358339,25.562503]]]}},{"type":"Feature","properties":{},"geometry":{"type":"Polygon","coordinates":[[[-103.358425,25.562458],[-103.358275,25.562224],[-103.358189,25.56227],[-103.358339,25.562503],[-103.358425,25.562458]]]}},{"type":"Feature","properties":{},"geometry":{"type":"Polygon","coordinates":[[[-103.358511,25.562413],[-103.358361,25.562179],[-103.358275,25.562224],[-103.358425,25.562458],[-103.358511,25.562413]]]}},{"type":"Feature","properties":{},"geometry":{"type":"Polygon","coordinates":[[[-103.358597,25.562367],[-103.358447,25.562133],[-103.358361,25.562179],[-103.358511,25.562413],[-103.358597,25.562367]]]}},{"type":"Feature","properties":{},"geometry":{"type":"Polygon","coordinates":[[[-103.358683,25.562322],[-103.358533,25.562088],[-103.358447,25.562133],[-103.358597,25.562367],[-103.358683,25.562322]]]}},{"type":"Feature","properties":{},"geometry":{"type":"Polygon","coordinates":[[[-103.358769,25.562276],[-103.358619,25.562042],[-103.358533,25.562088],[-103.358683,25.562322],[-103.358769,25.562276]]]}},{"type":"Feature","properties":{},"geometry":{"type":"Polygon","coordinates":[[[-103.358855,25.562231],[-103.358705,25.561997],[-103.358619,25.562042],[-103.358769,25.562276],[-103.358855,25.562231]]]}},{"type":"Feature","properties":{},"geometry":{"type":"Polygon","coordinates":[[[-103.358941,25.562185],[-103.358791,25.561951],[-103.358705,25.561997],[-103.358855,25.562231],[-103.358941,25.562185]]]}},{"type":"Feature","properties":{},"geometry":{"type":"Polygon","coordinates":[[[-103.359027,25.56214],[-103.358877,25.561906],[-103.358791,25.561951],[-103.358941,25.562185],[-103.359027,25.56214]]]}},{"type":"Feature","properties":{},"geometry":{"type":"Polygon","coordinates":[[[-103.359113,25.562094],[-103.358963,25.56186],[-103.358877,25.561906],[-103.359027,25.56214],[-103.359113,25.562094]]]}},{"type":"Feature","properties":{},"geometry":{"type":"Polygon","coordinates":[[[-103.359199,25.562049],[-103.359049,25.561815],[-103.358963,25.56186],[-103.359113,25.562094],[-103.359199,25.562049]]]}},{"type":"Feature","properties":{},"geometry":{"type":"Polygon","coordinates":[[[-103.359285,25.562003],[-103.359135,25.561769],[-103.359049,25.561815],[-103.359199,25.562049],[-103.359285,25.562003]]]}},{"type":"Feature","properties":{},"geometry":{"type":"Polygon","coordinates":[[[-103.359371,25.561958],[-103.359221,25.561724],[-103.359135,25.561769],[-103.359285,25.562003],[-103.359371,25.561958]]]}},{"type":"Feature","properties":{},"geometry":{"type":"Polygon","coordinates":[[[-103.35956,25.561858],[-103.35941,25.561624],[-103.359324,25.561669],[-103.359474,25.561903],[-103.35956,25.561858]]]}},{"type":"Feature","properties":{},"geometry":{"type":"Polygon","coordinates":[[[-103.359646,25.561812],[-103.359496,25.561578],[-103.35941,25.561624],[-103.35956,25.561858],[-103.359646,25.561812]]]}},{"type":"Feature","properties":{},"geometry":{"type":"Polygon","coordinates":[[[-103.359732,25.561767],[-103.359582,25.561533],[-103.359496,25.561578],[-103.359646,25.561812],[-103.359732,25.561767]]]}},{"type":"Feature","properties":{},"geometry":{"type":"Polygon","coordinates":[[[-103.359818,25.561721],[-103.359668,25.561487],[-103.359582,25.561533],[-103.359732,25.561767],[-103.359818,25.561721]]]}},{"type":"Feature","properties":{},"geometry":{"type":"Polygon","coordinates":[[[-103.359904,25.561676],[-103.359754,25.561442],[-103.359668,25.561487],[-103.359818,25.561721],[-103.359904,25.561676]]]}},{"type":"Feature","properties":{},"geometry":{"type":"Polygon","coordinates":[[[-103.35999,25.56163],[-103.359839,25.561396],[-103.359754,25.561442],[-103.359904,25.561676],[-103.35999,25.56163]]]}},{"type":"Feature","properties":{},"geometry":{"type":"Polygon","coordinates":[[[-103.360076,25.561585],[-103.359925,25.561351],[-103.359839,25.561396],[-103.35999,25.56163],[-103.360076,25.561585]]]}},{"type":"Feature","properties":{},"geometry":{"type":"Polygon","coordinates":[[[-103.360162,25.561539],[-103.360011,25.561305],[-103.359925,25.561351],[-103.360076,25.561585],[-103.360162,25.561539]]]}},{"type":"Feature","properties":{},"geometry":{"type":"Polygon","coordinates":[[[-103.360248,25.561494],[-103.360097,25.56126],[-103.360011,25.561305],[-103.360162,25.561539],[-103.360248,25.561494]]]}},{"type":"Feature","properties":{},"geometry":{"type":"Polygon","coordinates":[[[-103.360334,25.561448],[-103.360183,25.561214],[-103.360097,25.56126],[-103.360248,25.561494],[-103.360334,25.561448]]]}},{"type":"Feature","properties":{},"geometry":{"type":"Polygon","coordinates":[[[-103.36042,25.561403],[-103.360269,25.561169],[-103.360183,25.561214],[-103.360334,25.561448],[-103.36042,25.561403]]]}},{"type":"Feature","properties":{},"geometry":{"type":"Polygon","coordinates":[[[-103.360506,25.561357],[-103.360355,25.561124],[-103.360269,25.561169],[-103.36042,25.561403],[-103.360506,25.561357]]]}},{"type":"Feature","properties":{},"geometry":{"type":"Polygon","coordinates":[[[-103.360592,25.561312],[-103.360441,25.561078],[-103.360355,25.561124],[-103.360506,25.561357],[-103.360592,25.561312]]]}},{"type":"Feature","properties":{},"geometry":{"type":"Polygon","coordinates":[[[-103.360678,25.561267],[-103.360527,25.561033],[-103.360441,25.561078],[-103.360592,25.561312],[-103.360678,25.561267]]]}},{"type":"Feature","properties":{},"geometry":{"type":"Polygon","coordinates":[[[-103.360764,25.561221],[-103.360613,25.560987],[-103.360527,25.561033],[-103.360678,25.561267],[-103.360764,25.561221]]]}},{"type":"Feature","properties":{},"geometry":{"type":"Polygon","coordinates":[[[-103.36085,25.561176],[-103.360699,25.560942],[-103.360613,25.560987],[-103.360764,25.561221],[-103.36085,25.561176]]]}},{"type":"Feature","properties":{},"geometry":{"type":"Polygon","coordinates":[[[-103.360936,25.56113],[-103.360785,25.560896],[-103.360699,25.560942],[-103.36085,25.561176],[-103.360936,25.56113]]]}},{"type":"Feature","properties":{},"geometry":{"type":"Polygon","coordinates":[[[-103.361125,25.56103],[-103.360974,25.560796],[-103.360888,25.560842],[-103.361039,25.561076],[-103.361125,25.56103]]]}},{"type":"Feature","properties":{},"geometry":{"type":"Polygon","coordinates":[[[-103.361211,25.560985],[-103.36106,25.560751],[-103.360974,25.560796],[-103.361125,25.56103],[-103.361211,25.560985]]]}},{"type":"Feature","properties":{},"geometry":{"type":"Polygon","coordinates":[[[-103.361297,25.560939],[-103.361146,25.560705],[-103.36106,25.560751],[-103.361211,25.560985],[-103.361297,25.560939]]]}},{"type":"Feature","properties":{},"geometry":{"type":"Polygon","coordinates":[[[-103.361383,25.560894],[-103.361232,25.56066],[-103.361146,25.560705],[-103.361297,25.560939],[-103.361383,25.560894]]]}},{"type":"Feature","properties":{},"geometry":{"type":"Polygon","coordinates":[[[-103.361469,25.560848],[-103.361318,25.560614],[-103.361232,25.56066],[-103.361383,25.560894],[-103.361469,25.560848]]]}},{"type":"Feature","properties":{},"geometry":{"type":"Polygon","coordinates":[[[-103.361555,25.560803],[-103.361404,25.560569],[-103.361318,25.560614],[-103.361469,25.560848],[-103.361555,25.560803]]]}},{"type":"Feature","properties":{},"geometry":{"type":"Polygon","coordinates":[[[-103.361641,25.560757],[-103.36149,25.560523],[-103.361404,25.560569],[-103.361555,25.560803],[-103.361641,25.560757]]]}},{"type":"Feature","properties":{},"geometry":{"type":"Polygon","coordinates":[[[-103.361727,25.560712],[-103.361576,25.560478],[-103.36149,25.560523],[-103.361641,25.560757],[-103.361727,25.560712]]]}},{"type":"Feature","properties":{},"geometry":{"type":"Polygon","coordinates":[[[-103.361812,25.560666],[-103.361662,25.560432],[-103.361576,25.560478],[-103.361727,25.560712],[-103.361812,25.560666]]]}},{"type":"Feature","properties":{},"geometry":{"type":"Polygon","coordinates":[[[-103.361898,25.560621],[-103.361748,25.560387],[-103.361662,25.560432],[-103.361812,25.560666],[-103.361898,25.560621]]]}},{"type":"Feature","properties":{},"geometry":{"type":"Polygon","coordinates":[[[-103.361984,25.560575],[-103.361834,25.560341],[-103.361748,25.560387],[-103.361898,25.560621],[-103.361984,25.560575]]]}},{"type":"Feature","properties":{},"geometry":{"type":"Polygon","coordinates":[[[-103.36207,25.56053],[-103.36192,25.560296],[-103.361834,25.560341],[-103.361984,25.560575],[-103.36207,25.56053]]]}},{"type":"Feature","properties":{},"geometry":{"type":"Polygon","coordinates":[[[-103.362156,25.560484],[-103.362006,25.56025],[-103.36192,25.560296],[-103.36207,25.56053],[-103.362156,25.560484]]]}},{"type":"Feature","properties":{},"geometry":{"type":"Polygon","coordinates":[[[-103.362242,25.560439],[-103.362092,25.560205],[-103.362006,25.56025],[-103.362156,25.560484],[-103.362242,25.560439]]]}},{"type":"Feature","properties":{},"geometry":{"type":"Polygon","coordinates":[[[-103.362328,25.560393],[-103.362178,25.560159],[-103.362092,25.560205],[-103.362242,25.560439],[-103.362328,25.560393]]]}},{"type":"Feature","properties":{},"geometry":{"type":"Polygon","coordinates":[[[-103.362414,25.560348],[-103.362264,25.560114],[-103.362178,25.560159],[-103.362328,25.560393],[-103.362414,25.560348]]]}},{"type":"Feature","properties":{},"geometry":{"type":"Polygon","coordinates":[[[-103.3625,25.560302],[-103.36235,25.560068],[-103.362264,25.560114],[-103.362414,25.560348],[-103.3625,25.560302]]]}},{"type":"Feature","properties":{},"geometry":{"type":"Polygon","coordinates":[[[-103.362689,25.560202],[-103.362539,25.559968],[-103.362453,25.560014],[-103.362603,25.560248],[-103.362689,25.560202]]]}},{"type":"Feature","properties":{},"geometry":{"type":"Polygon","coordinates":[[[-103.362775,25.560157],[-103.362625,25.559923],[-103.362539,25.559968],[-103.362689,25.560202],[-103.362775,25.560157]]]}},{"type":"Feature","properties":{},"geometry":{"type":"Polygon","coordinates":[[[-103.362861,25.560111],[-103.362711,25.559877],[-103.362625,25.559923],[-103.362775,25.560157],[-103.362861,25.560111]]]}},{"type":"Feature","properties":{},"geometry":{"type":"Polygon","coordinates":[[[-103.362947,25.560066],[-103.362797,25.559832],[-103.362711,25.559877],[-103.362861,25.560111],[-103.362947,25.560066]]]}},{"type":"Feature","properties":{},"geometry":{"type":"Polygon","coordinates":[[[-103.363033,25.56002],[-103.362883,25.559786],[-103.362797,25.559832],[-103.362947,25.560066],[-103.363033,25.56002]]]}},{"type":"Feature","properties":{},"geometry":{"type":"Polygon","coordinates":[[[-103.363119,25.559975],[-103.362969,25.559741],[-103.362883,25.559786],[-103.363033,25.56002],[-103.363119,25.559975]]]}},{"type":"Feature","properties":{},"geometry":{"type":"Polygon","coordinates":[[[-103.363205,25.559929],[-103.363055,25.559696],[-103.362969,25.559741],[-103.363119,25.559975],[-103.363205,25.559929]]]}},{"type":"Feature","properties":{},"geometry":{"type":"Polygon","coordinates":[[[-103.363291,25.559884],[-103.363141,25.55965],[-103.363055,25.559696],[-103.363205,25.559929],[-103.363291,25.559884]]]}},{"type":"Feature","properties":{},"geometry":{"type":"Polygon","coordinates":[[[-103.363377,25.559839],[-103.363227,25.559605],[-103.363141,25.55965],[-103.363291,25.559884],[-103.363377,25.559839]]]}},{"type":"Feature","properties":{},"geometry":{"type":"Polygon","coordinates":[[[-103.363463,25.559793],[-103.363313,25.559559],[-103.363227,25.559605],[-103.363377,25.559839],[-103.363463,25.559793]]]}},{"type":"Feature","properties":{},"geometry":{"type":"Polygon","coordinates":[[[-103.363549,25.559748],[-103.363399,25.559514],[-103.363313,25.559559],[-103.363463,25.559793],[-103.363549,25.559748]]]}},{"type":"Feature","properties":{},"geometry":{"type":"Polygon","coordinates":[[[-103.363635,25.559702],[-103.363485,25.559468],[-103.363399,25.559514],[-103.363549,25.559748],[-103.363635,25.559702]]]}},{"type":"Feature","properties":{},"geometry":{"type":"Polygon","coordinates":[[[-103.363721,25.559657],[-103.363571,25.559423],[-103.363485,25.559468],[-103.363635,25.559702],[-103.363721,25.559657]]]}},{"type":"Feature","properties":{},"geometry":{"type":"Polygon","coordinates":[[[-103.363807,25.559611],[-103.363657,25.559377],[-103.363571,25.559423],[-103.363721,25.559657],[-103.363807,25.559611]]]}},{"type":"Feature","properties":{},"geometry":{"type":"Polygon","coordinates":[[[-103.363893,25.559566],[-103.363743,25.559332],[-103.363657,25.559377],[-103.363807,25.559611],[-103.363893,25.559566]]]}},{"type":"Feature","properties":{},"geometry":{"type":"Polygon","coordinates":[[[-103.363979,25.55952],[-103.363829,25.559286],[-103.363743,25.559332],[-103.363893,25.559566],[-103.363979,25.55952]]]}},{"type":"Feature","properties":{},"geometry":{"type":"Polygon","coordinates":[[[-103.364065,25.559475],[-103.363914,25.559241],[-103.363829,25.559286],[-103.363979,25.55952],[-103.364065,25.559475]]]}},{"type":"Feature","properties":{},"geometry":{"type":"Polygon","coordinates":[[[-103.364254,25.559375],[-103.364104,25.559141],[-103.364018,25.559186],[-103.364168,25.55942],[-103.364254,25.559375]]]}},{"type":"Feature","properties":{},"geometry":{"type":"Polygon","coordinates":[[[-103.36434,25.559329],[-103.36419,25.559095],[-103.364104,25.559141],[-103.364254,25.559375],[-103.36434,25.559329]]]}},{"type":"Feature","properties":{},"geometry":{"type":"Polygon","coordinates":[[[-103.364426,25.559284],[-103.364276,25.55905],[-103.36419,25.559095],[-103.36434,25.559329],[-103.364426,25.559284]]]}},{"type":"Feature","properties":{},"geometry":{"type":"Polygon","coordinates":[[[-103.364512,25.559238],[-103.364362,25.559004],[-103.364276,25.55905],[-103.364426,25.559284],[-103.364512,25.559238]]]}},{"type":"Feature","properties":{},"geometry":{"type":"Polygon","coordinates":[[[-103.364598,25.559193],[-103.364447,25.558959],[-103.364362,25.559004],[-103.364512,25.559238],[-103.364598,25.559193]]]}},{"type":"Feature","properties":{},"geometry":{"type":"Polygon","coordinates":[[[-103.364684,25.559147],[-103.364533,25.558913],[-103.364447,25.558959],[-103.364598,25.559193],[-103.364684,25.559147]]]}},{"type":"Feature","properties":{},"geometry":{"type":"Polygon","coordinates":[[[-103.36477,25.559102],[-103.364619,25.558868],[-103.364533,25.558913],[-103.364684,25.559147],[-103.36477,25.559102]]]}},{"type":"Feature","properties":{},"geometry":{"type":"Polygon","coordinates":[[[-103.364856,25.559056],[-103.364705,25.558822],[-103.364619,25.558868],[-103.36477,25.559102],[-103.364856,25.559056]]]}},{"type":"Feature","properties":{},"geometry":{"type":"Polygon","coordinates":[[[-103.364942,25.559011],[-103.364791,25.558777],[-103.364705,25.558822],[-103.364856,25.559056],[-103.364942,25.559011]]]}},{"type":"Feature","properties":{},"geometry":{"type":"Polygon","coordinates":[[[-103.365028,25.558965],[-103.364877,25.558731],[-103.364791,25.558777],[-103.364942,25.559011],[-103.365028,25.558965]]]}},{"type":"Feature","properties":{},"geometry":{"type":"Polygon","coordinates":[[[-103.365114,25.55892],[-103.364963,25.558686],[-103.364877,25.558731],[-103.365028,25.558965],[-103.365114,25.55892]]]}},{"type":"Feature","properties":{},"geometry":{"type":"Polygon","coordinates":[[[-103.3652,25.558874],[-103.365049,25.55864],[-103.364963,25.558686],[-103.365114,25.55892],[-103.3652,25.558874]]]}},{"type":"Feature","properties":{},"geometry":{"type":"Polygon","coordinates":[[[-103.365286,25.558829],[-103.365135,25.558595],[-103.365049,25.55864],[-103.3652,25.558874],[-103.365286,25.558829]]]}},{"type":"Feature","properties":{},"geometry":{"type":"Polygon","coordinates":[[[-103.365372,25.558783],[-103.365221,25.558549],[-103.365135,25.558595],[-103.365286,25.558829],[-103.365372,25.558783]]]}},{"type":"Feature","properties":{},"geometry":{"type":"Polygon","coordinates":[[[-103.365458,25.558738],[-103.365307,25.558504],[-103.365221,25.558549],[-103.365372,25.558783],[-103.365458,25.558738]]]}},{"type":"Feature","properties":{},"geometry":{"type":"Polygon","coordinates":[[[-103.365544,25.558692],[-103.365393,25.558459],[-103.365307,25.558504],[-103.365458,25.558738],[-103.365544,25.558692]]]}},{"type":"Feature","properties":{},"geometry":{"type":"Polygon","coordinates":[[[-103.358017,25.56236],[-103.357866,25.562127],[-103.357781,25.562172],[-103.357931,25.562406],[-103.358017,25.56236]]]}},{"type":"Feature","properties":{},"geometry":{"type":"Polygon","coordinates":[[[-103.358103,25.562315],[-103.357952,25.562081],[-103.357866,25.562127],[-103.358017,25.56236],[-103.358103,25.562315]]]}},{"type":"Feature","properties":{},"geometry":{"type":"Polygon","coordinates":[[[-103.358189,25.56227],[-103.358038,25.562036],[-103.357952,25.562081],[-103.358103,25.562315],[-103.358189,25.56227]]]}},{"type":"Feature","properties":{},"geometry":{"type":"Polygon","coordinates":[[[-103.358275,25.562224],[-103.358124,25.56199],[-103.358038,25.562036],[-103.358189,25.56227],[-103.358275,25.562224]]]}},{"type":"Feature","properties":{},"geometry":{"type":"Polygon","coordinates":[[[-103.358361,25.562179],[-103.35821,25.561945],[-103.358124,25.56199],[-103.358275,25.562224],[-103.358361,25.562179]]]}},{"type":"Feature","properties":{},"geometry":{"type":"Polygon","coordinates":[[[-103.358447,25.562133],[-103.358296,25.561899],[-103.35821,25.561945],[-103.358361,25.562179],[-103.358447,25.562133]]]}},{"type":"Feature","properties":{},"geometry":{"type":"Polygon","coordinates":[[[-103.358533,25.562088],[-103.358382,25.561854],[-103.358296,25.561899],[-103.358447,25.562133],[-103.358533,25.562088]]]}},{"type":"Feature","properties":{},"geometry":{"type":"Polygon","coordinates":[[[-103.358619,25.562042],[-103.358468,25.561808],[-103.358382,25.561854],[-103.358533,25.562088],[-103.358619,25.562042]]]}},{"type":"Feature","properties":{},"geometry":{"type":"Polygon","coordinates":[[[-103.358705,25.561997],[-103.358554,25.561763],[-103.358468,25.561808],[-103.358619,25.562042],[-103.358705,25.561997]]]}},{"type":"Feature","properties":{},"geometry":{"type":"Polygon","coordinates":[[[-103.358791,25.561951],[-103.35864,25.561717],[-103.358554,25.561763],[-103.358705,25.561997],[-103.358791,25.561951]]]}},{"type":"Feature","properties":{},"geometry":{"type":"Polygon","coordinates":[[[-103.358877,25.561906],[-103.358726,25.561672],[-103.35864,25.561717],[-103.358791,25.561951],[-103.358877,25.561906]]]}},{"type":"Feature","properties":{},"geometry":{"type":"Polygon","coordinates":[[[-103.358963,25.56186],[-103.358812,25.561626],[-103.358726,25.561672],[-103.358877,25.561906],[-103.358963,25.56186]]]}},{"type":"Feature","properties":{},"geometry":{"type":"Polygon","coordinates":[[[-103.359049,25.561815],[-103.358898,25.561581],[-103.358812,25.561626],[-103.358963,25.56186],[-103.359049,25.561815]]]}},{"type":"Feature","properties":{},"geometry":{"type":"Polygon","coordinates":[[[-103.359135,25.561769],[-103.358984,25.561535],[-103.358898,25.561581],[-103.359049,25.561815],[-103.359135,25.561769]]]}},{"type":"Feature","properties":{},"geometry":{"type":"Polygon","coordinates":[[[-103.359221,25.561724],[-103.35907,25.56149],[-103.358984,25.561535],[-103.359135,25.561769],[-103.359221,25.561724]]]}},{"type":"Feature","properties":{},"geometry":{"type":"Polygon","coordinates":[[[-103.35941,25.561624],[-103.359259,25.56139],[-103.359173,25.561435],[-103.359324,25.561669],[-103.35941,25.561624]]]}},{"type":"Feature","properties":{},"geometry":{"type":"Polygon","coordinates":[[[-103.359496,25.561578],[-103.359345,25.561344],[-103.359259,25.56139],[-103.35941,25.561624],[-103.359496,25.561578]]]}},{"type":"Feature","properties":{},"geometry":{"type":"Polygon","coordinates":[[[-103.359582,25.561533],[-103.359431,25.561299],[-103.359345,25.561344],[-103.359496,25.561578],[-103.359582,25.561533]]]}},{"type":"Feature","properties":{},"geometry":{"type":"Polygon","coordinates":[[[-103.359668,25.561487],[-103.359517,25.561253],[-103.359431,25.561299],[-103.359582,25.561533],[-103.359668,25.561487]]]}},{"type":"Feature","properties":{},"geometry":{"type":"Polygon","coordinates":[[[-103.359754,25.561442],[-103.359603,25.561208],[-103.359517,25.561253],[-103.359668,25.561487],[-103.359754,25.561442]]]}},{"type":"Feature","properties":{},"geometry":{"type":"Polygon","coordinates":[[[-103.359839,25.561396],[-103.359689,25.561162],[-103.359603,25.561208],[-103.359754,25.561442],[-103.359839,25.561396]]]}},{"type":"Feature","properties":{},"geometry":{"type":"Polygon","coordinates":[[[-103.359925,25.561351],[-103.359775,25.561117],[-103.359689,25.561162],[-103.359839,25.561396],[-103.359925,25.561351]]]}},{"type":"Feature","properties":{},"geometry":{"type":"Polygon","coordinates":[[[-103.360011,25.561305],[-103.359861,25.561071],[-103.359775,25.561117],[-103.359925,25.561351],[-103.360011,25.561305]]]}},{"type":"Feature","properties":{},"geometry":{"type":"Polygon","coordinates":[[[-103.360097,25.56126],[-103.359947,25.561026],[-103.359861,25.561071],[-103.360011,25.561305],[-103.360097,25.56126]]]}},{"type":"Feature","properties":{},"geometry":{"type":"Polygon","coordinates":[[[-103.360183,25.561214],[-103.360033,25.560981],[-103.359947,25.561026],[-103.360097,25.56126],[-103.360183,25.561214]]]}},{"type":"Feature","properties":{},"geometry":{"type":"Polygon","coordinates":[[[-103.360269,25.561169],[-103.360119,25.560935],[-103.360033,25.560981],[-103.360183,25.561214],[-103.360269,25.561169]]]}},{"type":"Feature","properties":{},"geometry":{"type":"Polygon","coordinates":[[[-103.360355,25.561124],[-103.360205,25.56089],[-103.360119,25.560935],[-103.360269,25.561169],[-103.360355,25.561124]]]}},{"type":"Feature","properties":{},"geometry":{"type":"Polygon","coordinates":[[[-103.360441,25.561078],[-103.360291,25.560844],[-103.360205,25.56089],[-103.360355,25.561124],[-103.360441,25.561078]]]}},{"type":"Feature","properties":{},"geometry":{"type":"Polygon","coordinates":[[[-103.360527,25.561033],[-103.360377,25.560799],[-103.360291,25.560844],[-103.360441,25.561078],[-103.360527,25.561033]]]}},{"type":"Feature","properties":{},"geometry":{"type":"Polygon","coordinates":[[[-103.360613,25.560987],[-103.360463,25.560753],[-103.360377,25.560799],[-103.360527,25.561033],[-103.360613,25.560987]]]}},{"type":"Feature","properties":{},"geometry":{"type":"Polygon","coordinates":[[[-103.360699,25.560942],[-103.360549,25.560708],[-103.360463,25.560753],[-103.360613,25.560987],[-103.360699,25.560942]]]}},{"type":"Feature","properties":{},"geometry":{"type":"Polygon","coordinates":[[[-103.360785,25.560896],[-103.360635,25.560662],[-103.360549,25.560708],[-103.360699,25.560942],[-103.360785,25.560896]]]}},{"type":"Feature","properties":{},"geometry":{"type":"Polygon","coordinates":[[[-103.360974,25.560796],[-103.360824,25.560562],[-103.360738,25.560608],[-103.360888,25.560842],[-103.360974,25.560796]]]}},{"type":"Feature","properties":{},"geometry":{"type":"Polygon","coordinates":[[[-103.36106,25.560751],[-103.36091,25.560517],[-103.360824,25.560562],[-103.360974,25.560796],[-103.36106,25.560751]]]}},{"type":"Feature","properties":{},"geometry":{"type":"Polygon","coordinates":[[[-103.361146,25.560705],[-103.360996,25.560471],[-103.36091,25.560517],[-103.36106,25.560751],[-103.361146,25.560705]]]}},{"type":"Feature","properties":{},"geometry":{"type":"Polygon","coordinates":[[[-103.361232,25.56066],[-103.361082,25.560426],[-103.360996,25.560471],[-103.361146,25.560705],[-103.361232,25.56066]]]}},{"type":"Feature","properties":{},"geometry":{"type":"Polygon","coordinates":[[[-103.361318,25.560614],[-103.361168,25.56038],[-103.361082,25.560426],[-103.361232,25.56066],[-103.361318,25.560614]]]}},{"type":"Feature","properties":{},"geometry":{"type":"Polygon","coordinates":[[[-103.361404,25.560569],[-103.361254,25.560335],[-103.361168,25.56038],[-103.361318,25.560614],[-103.361404,25.560569]]]}},{"type":"Feature","properties":{},"geometry":{"type":"Polygon","coordinates":[[[-103.36149,25.560523],[-103.36134,25.560289],[-103.361254,25.560335],[-103.361404,25.560569],[-103.36149,25.560523]]]}},{"type":"Feature","properties":{},"geometry":{"type":"Polygon","coordinates":[[[-103.361576,25.560478],[-103.361426,25.560244],[-103.36134,25.560289],[-103.36149,25.560523],[-103.361576,25.560478]]]}},{"type":"Feature","properties":{},"geometry":{"type":"Polygon","coordinates":[[[-103.361662,25.560432],[-103.361512,25.560198],[-103.361426,25.560244],[-103.361576,25.560478],[-103.361662,25.560432]]]}},{"type":"Feature","properties":{},"geometry":{"type":"Polygon","coordinates":[[[-103.361748,25.560387],[-103.361598,25.560153],[-103.361512,25.560198],[-103.361662,25.560432],[-103.361748,25.560387]]]}},{"type":"Feature","properties":{},"geometry":{"type":"Polygon","coordinates":[[[-103.361834,25.560341],[-103.361684,25.560107],[-103.361598,25.560153],[-103.361748,25.560387],[-103.361834,25.560341]]]}},{"type":"Feature","properties":{},"geometry":{"type":"Polygon","coordinates":[[[-103.36192,25.560296],[-103.36177,25.560062],[-103.361684,25.560107],[-103.361834,25.560341],[-103.36192,25.560296]]]}},{"type":"Feature","properties":{},"geometry":{"type":"Polygon","coordinates":[[[-103.362006,25.56025],[-103.361856,25.560016],[-103.36177,25.560062],[-103.36192,25.560296],[-103.362006,25.56025]]]}},{"type":"Feature","properties":{},"geometry":{"type":"Polygon","coordinates":[[[-103.362092,25.560205],[-103.361942,25.559971],[-103.361856,25.560016],[-103.362006,25.56025],[-103.362092,25.560205]]]}},{"type":"Feature","properties":{},"geometry":{"type":"Polygon","coordinates":[[[-103.362178,25.560159],[-103.362027,25.559925],[-103.361942,25.559971],[-103.362092,25.560205],[-103.362178,25.560159]]]}},{"type":"Feature","properties":{},"geometry":{"type":"Polygon","coordinates":[[[-103.362264,25.560114],[-103.362113,25.55988],[-103.362027,25.559925],[-103.362178,25.560159],[-103.362264,25.560114]]]}},{"type":"Feature","properties":{},"geometry":{"type":"Polygon","coordinates":[[[-103.36235,25.560068],[-103.362199,25.559835],[-103.362113,25.55988],[-103.362264,25.560114],[-103.36235,25.560068]]]}},{"type":"Feature","properties":{},"geometry":{"type":"Polygon","coordinates":[[[-103.362539,25.559968],[-103.362389,25.559734],[-103.362303,25.55978],[-103.362453,25.560014],[-103.362539,25.559968]]]}},{"type":"Feature","properties":{},"geometry":{"type":"Polygon","coordinates":[[[-103.362625,25.559923],[-103.362475,25.559689],[-103.362389,25.559734],[-103.362539,25.559968],[-103.362625,25.559923]]]}},{"type":"Feature","properties":{},"geometry":{"type":"Polygon","coordinates":[[[-103.362711,25.559877],[-103.362561,25.559644],[-103.362475,25.559689],[-103.362625,25.559923],[-103.362711,25.559877]]]}},{"type":"Feature","properties":{},"geometry":{"type":"Polygon","coordinates":[[[-103.362797,25.559832],[-103.362646,25.559598],[-103.362561,25.559644],[-103.362711,25.559877],[-103.362797,25.559832]]]}},{"type":"Feature","properties":{},"geometry":{"type":"Polygon","coordinates":[[[-103.362883,25.559786],[-103.362732,25.559553],[-103.362646,25.559598],[-103.362797,25.559832],[-103.362883,25.559786]]]}},{"type":"Feature","properties":{},"geometry":{"type":"Polygon","coordinates":[[[-103.362969,25.559741],[-103.362818,25.559507],[-103.362732,25.559553],[-103.362883,25.559786],[-103.362969,25.559741]]]}},{"type":"Feature","properties":{},"geometry":{"type":"Polygon","coordinates":[[[-103.363055,25.559696],[-103.362904,25.559462],[-103.362818,25.559507],[-103.362969,25.559741],[-103.363055,25.559696]]]}},{"type":"Feature","properties":{},"geometry":{"type":"Polygon","coordinates":[[[-103.363141,25.55965],[-103.36299,25.559416],[-103.362904,25.559462],[-103.363055,25.559696],[-103.363141,25.55965]]]}},{"type":"Feature","properties":{},"geometry":{"type":"Polygon","coordinates":[[[-103.363227,25.559605],[-103.363076,25.559371],[-103.36299,25.559416],[-103.363141,25.55965],[-103.363227,25.559605]]]}},{"type":"Feature","properties":{},"geometry":{"type":"Polygon","coordinates":[[[-103.363313,25.559559],[-103.363162,25.559325],[-103.363076,25.559371],[-103.363227,25.559605],[-103.363313,25.559559]]]}},{"type":"Feature","properties":{},"geometry":{"type":"Polygon","coordinates":[[[-103.363399,25.559514],[-103.363248,25.55928],[-103.363162,25.559325],[-103.363313,25.559559],[-103.363399,25.559514]]]}},{"type":"Feature","properties":{},"geometry":{"type":"Polygon","coordinates":[[[-103.363485,25.559468],[-103.363334,25.559234],[-103.363248,25.55928],[-103.363399,25.559514],[-103.363485,25.559468]]]}},{"type":"Feature","properties":{},"geometry":{"type":"Polygon","coordinates":[[[-103.363571,25.559423],[-103.36342,25.559189],[-103.363334,25.559234],[-103.363485,25.559468],[-103.363571,25.559423]]]}},{"type":"Feature","properties":{},"geometry":{"type":"Polygon","coordinates":[[[-103.363657,25.559377],[-103.363506,25.559143],[-103.36342,25.559189],[-103.363571,25.559423],[-103.363657,25.559377]]]}},{"type":"Feature","properties":{},"geometry":{"type":"Polygon","coordinates":[[[-103.363743,25.559332],[-103.363592,25.559098],[-103.363506,25.559143],[-103.363657,25.559377],[-103.363743,25.559332]]]}},{"type":"Feature","properties":{},"geometry":{"type":"Polygon","coordinates":[[[-103.363829,25.559286],[-103.363678,25.559052],[-103.363592,25.559098],[-103.363743,25.559332],[-103.363829,25.559286]]]}},{"type":"Feature","properties":{},"geometry":{"type":"Polygon","coordinates":[[[-103.363914,25.559241],[-103.363764,25.559007],[-103.363678,25.559052],[-103.363829,25.559286],[-103.363914,25.559241]]]}},{"type":"Feature","properties":{},"geometry":{"type":"Polygon","coordinates":[[[-103.364104,25.559141],[-103.363953,25.558907],[-103.363867,25.558952],[-103.364018,25.559186],[-103.364104,25.559141]]]}},{"type":"Feature","properties":{},"geometry":{"type":"Polygon","coordinates":[[[-103.36419,25.559095],[-103.364039,25.558861],[-103.363953,25.558907],[-103.364104,25.559141],[-103.36419,25.559095]]]}},{"type":"Feature","properties":{},"geometry":{"type":"Polygon","coordinates":[[[-103.364276,25.55905],[-103.364125,25.558816],[-103.364039,25.558861],[-103.36419,25.559095],[-103.364276,25.55905]]]}},{"type":"Feature","properties":{},"geometry":{"type":"Polygon","coordinates":[[[-103.364362,25.559004],[-103.364211,25.55877],[-103.364125,25.558816],[-103.364276,25.55905],[-103.364362,25.559004]]]}},{"type":"Feature","properties":{},"geometry":{"type":"Polygon","coordinates":[[[-103.364447,25.558959],[-103.364297,25.558725],[-103.364211,25.55877],[-103.364362,25.559004],[-103.364447,25.558959]]]}},{"type":"Feature","properties":{},"geometry":{"type":"Polygon","coordinates":[[[-103.364533,25.558913],[-103.364383,25.558679],[-103.364297,25.558725],[-103.364447,25.558959],[-103.364533,25.558913]]]}},{"type":"Feature","properties":{},"geometry":{"type":"Polygon","coordinates":[[[-103.364619,25.558868],[-103.364469,25.558634],[-103.364383,25.558679],[-103.364533,25.558913],[-103.364619,25.558868]]]}},{"type":"Feature","properties":{},"geometry":{"type":"Polygon","coordinates":[[[-103.364705,25.558822],[-103.364555,25.558588],[-103.364469,25.558634],[-103.364619,25.558868],[-103.364705,25.558822]]]}},{"type":"Feature","properties":{},"geometry":{"type":"Polygon","coordinates":[[[-103.364791,25.558777],[-103.364641,25.558543],[-103.364555,25.558588],[-103.364705,25.558822],[-103.364791,25.558777]]]}},{"type":"Feature","properties":{},"geometry":{"type":"Polygon","coordinates":[[[-103.364877,25.558731],[-103.364727,25.558497],[-103.364641,25.558543],[-103.364791,25.558777],[-103.364877,25.558731]]]}},{"type":"Feature","properties":{},"geometry":{"type":"Polygon","coordinates":[[[-103.364963,25.558686],[-103.364813,25.558452],[-103.364727,25.558497],[-103.364877,25.558731],[-103.364963,25.558686]]]}},{"type":"Feature","properties":{},"geometry":{"type":"Polygon","coordinates":[[[-103.357999,25.564878],[-103.357849,25.564644],[-103.357763,25.564689],[-103.357913,25.564923],[-103.357999,25.564878]]]}},{"type":"Feature","properties":{},"geometry":{"type":"Polygon","coordinates":[[[-103.358085,25.564832],[-103.357935,25.564598],[-103.357849,25.564644],[-103.357999,25.564878],[-103.358085,25.564832]]]}},{"type":"Feature","properties":{},"geometry":{"type":"Polygon","coordinates":[[[-103.358171,25.564787],[-103.358021,25.564553],[-103.357935,25.564598],[-103.358085,25.564832],[-103.358171,25.564787]]]}},{"type":"Feature","properties":{},"geometry":{"type":"Polygon","coordinates":[[[-103.358257,25.564741],[-103.358107,25.564507],[-103.358021,25.564553],[-103.358171,25.564787],[-103.358257,25.564741]]]}},{"type":"Feature","properties":{},"geometry":{"type":"Polygon","coordinates":[[[-103.358343,25.564696],[-103.358193,25.564462],[-103.358107,25.564507],[-103.358257,25.564741],[-103.358343,25.564696]]]}},{"type":"Feature","properties":{},"geometry":{"type":"Polygon","coordinates":[[[-103.358429,25.56465],[-103.358279,25.564416],[-103.358193,25.564462],[-103.358343,25.564696],[-103.358429,25.56465]]]}},{"type":"Feature","properties":{},"geometry":{"type":"Polygon","coordinates":[[[-103.358515,25.564605],[-103.358365,25.564371],[-103.358279,25.564416],[-103.358429,25.56465],[-103.358515,25.564605]]]}},{"type":"Feature","properties":{},"geometry":{"type":"Polygon","coordinates":[[[-103.358601,25.564559],[-103.358451,25.564326],[-103.358365,25.564371],[-103.358515,25.564605],[-103.358601,25.564559]]]}},{"type":"Feature","properties":{},"geometry":{"type":"Polygon","coordinates":[[[-103.358687,25.564514],[-103.358537,25.56428],[-103.358451,25.564326],[-103.358601,25.564559],[-103.358687,25.564514]]]}},{"type":"Feature","properties":{},"geometry":{"type":"Polygon","coordinates":[[[-103.358773,25.564469],[-103.358623,25.564235],[-103.358537,25.56428],[-103.358687,25.564514],[-103.358773,25.564469]]]}},{"type":"Feature","properties":{},"geometry":{"type":"Polygon","coordinates":[[[-103.358859,25.564423],[-103.358709,25.564189],[-103.358623,25.564235],[-103.358773,25.564469],[-103.358859,25.564423]]]}},{"type":"Feature","properties":{},"geometry":{"type":"Polygon","coordinates":[[[-103.359048,25.564323],[-103.358898,25.564089],[-103.358812,25.564135],[-103.358962,25.564368],[-103.359048,25.564323]]]}},{"type":"Feature","properties":{},"geometry":{"type":"Polygon","coordinates":[[[-103.359134,25.564278],[-103.358984,25.564044],[-103.358898,25.564089],[-103.359048,25.564323],[-103.359134,25.564278]]]}},{"type":"Feature","properties":{},"geometry":{"type":"Polygon","coordinates":[[[-103.35922,25.564232],[-103.35907,25.563998],[-103.358984,25.564044],[-103.359134,25.564278],[-103.35922,25.564232]]]}},{"type":"Feature","properties":{},"geometry":{"type":"Polygon","coordinates":[[[-103.359306,25.564187],[-103.359156,25.563953],[-103.35907,25.563998],[-103.35922,25.564232],[-103.359306,25.564187]]]}},{"type":"Feature","properties":{},"geometry":{"type":"Polygon","coordinates":[[[-103.359392,25.564141],[-103.359242,25.563907],[-103.359156,25.563953],[-103.359306,25.564187],[-103.359392,25.564141]]]}},{"type":"Feature","properties":{},"geometry":{"type":"Polygon","coordinates":[[[-103.359478,25.564096],[-103.359328,25.563862],[-103.359242,25.563907],[-103.359392,25.564141],[-103.359478,25.564096]]]}},{"type":"Feature","properties":{},"geometry":{"type":"Polygon","coordinates":[[[-103.359564,25.56405],[-103.359414,25.563816],[-103.359328,25.563862],[-103.359478,25.564096],[-103.359564,25.56405]]]}},{"type":"Feature","properties":{},"geometry":{"type":"Polygon","coordinates":[[[-103.35965,25.564005],[-103.3595,25.563771],[-103.359414,25.563816],[-103.359564,25.56405],[-103.35965,25.564005]]]}},{"type":"Feature","properties":{},"geometry":{"type":"Polygon","coordinates":[[[-103.359736,25.563959],[-103.359586,25.563725],[-103.3595,25.563771],[-103.35965,25.564005],[-103.359736,25.563959]]]}},{"type":"Feature","properties":{},"geometry":{"type":"Polygon","coordinates":[[[-103.359822,25.563914],[-103.359672,25.56368],[-103.359586,25.563725],[-103.359736,25.563959],[-103.359822,25.563914]]]}},{"type":"Feature","properties":{},"geometry":{"type":"Polygon","coordinates":[[[-103.359908,25.563868],[-103.359758,25.563634],[-103.359672,25.56368],[-103.359822,25.563914],[-103.359908,25.563868]]]}},{"type":"Feature","properties":{},"geometry":{"type":"Polygon","coordinates":[[[-103.359994,25.563823],[-103.359843,25.563589],[-103.359758,25.563634],[-103.359908,25.563868],[-103.359994,25.563823]]]}},{"type":"Feature","properties":{},"geometry":{"type":"Polygon","coordinates":[[[-103.360957,25.563313],[-103.360806,25.563079],[-103.36072,25.563125],[-103.360871,25.563359],[-103.360957,25.563313]]]}},{"type":"Feature","properties":{},"geometry":{"type":"Polygon","coordinates":[[[-103.361043,25.563268],[-103.360892,25.563034],[-103.360806,25.563079],[-103.360957,25.563313],[-103.361043,25.563268]]]}},{"type":"Feature","properties":{},"geometry":{"type":"Polygon","coordinates":[[[-103.361129,25.563222],[-103.360978,25.562989],[-103.360892,25.563034],[-103.361043,25.563268],[-103.361129,25.563222]]]}},{"type":"Feature","properties":{},"geometry":{"type":"Polygon","coordinates":[[[-103.361215,25.563177],[-103.361064,25.562943],[-103.360978,25.562989],[-103.361129,25.563222],[-103.361215,25.563177]]]}},{"type":"Feature","properties":{},"geometry":{"type":"Polygon","coordinates":[[[-103.361301,25.563132],[-103.36115,25.562898],[-103.361064,25.562943],[-103.361215,25.563177],[-103.361301,25.563132]]]}},{"type":"Feature","properties":{},"geometry":{"type":"Polygon","coordinates":[[[-103.361387,25.563086],[-103.361236,25.562852],[-103.36115,25.562898],[-103.361301,25.563132],[-103.361387,25.563086]]]}},{"type":"Feature","properties":{},"geometry":{"type":"Polygon","coordinates":[[[-103.361473,25.563041],[-103.361322,25.562807],[-103.361236,25.562852],[-103.361387,25.563086],[-103.361473,25.563041]]]}},{"type":"Feature","properties":{},"geometry":{"type":"Polygon","coordinates":[[[-103.361559,25.562995],[-103.361408,25.562761],[-103.361322,25.562807],[-103.361473,25.563041],[-103.361559,25.562995]]]}},{"type":"Feature","properties":{},"geometry":{"type":"Polygon","coordinates":[[[-103.361645,25.56295],[-103.361494,25.562716],[-103.361408,25.562761],[-103.361559,25.562995],[-103.361645,25.56295]]]}},{"type":"Feature","properties":{},"geometry":{"type":"Polygon","coordinates":[[[-103.361731,25.562904],[-103.36158,25.56267],[-103.361494,25.562716],[-103.361645,25.56295],[-103.361731,25.562904]]]}},{"type":"Feature","properties":{},"geometry":{"type":"Polygon","coordinates":[[[-103.361817,25.562859],[-103.361666,25.562625],[-103.36158,25.56267],[-103.361731,25.562904],[-103.361817,25.562859]]]}},{"type":"Feature","properties":{},"geometry":{"type":"Polygon","coordinates":[[[-103.361902,25.562813],[-103.361752,25.562579],[-103.361666,25.562625],[-103.361817,25.562859],[-103.361902,25.562813]]]}},{"type":"Feature","properties":{},"geometry":{"type":"Polygon","coordinates":[[[-103.361988,25.562768],[-103.361838,25.562534],[-103.361752,25.562579],[-103.361902,25.562813],[-103.361988,25.562768]]]}},{"type":"Feature","properties":{},"geometry":{"type":"Polygon","coordinates":[[[-103.362178,25.562668],[-103.362027,25.562434],[-103.361941,25.562479],[-103.362092,25.562713],[-103.362178,25.562668]]]}},{"type":"Feature","properties":{},"geometry":{"type":"Polygon","coordinates":[[[-103.362264,25.562622],[-103.362113,25.562388],[-103.362027,25.562434],[-103.362178,25.562668],[-103.362264,25.562622]]]}},{"type":"Feature","properties":{},"geometry":{"type":"Polygon","coordinates":[[[-103.36235,25.562577],[-103.362199,25.562343],[-103.362113,25.562388],[-103.362264,25.562622],[-103.36235,25.562577]]]}},{"type":"Feature","properties":{},"geometry":{"type":"Polygon","coordinates":[[[-103.362436,25.562531],[-103.362285,25.562297],[-103.362199,25.562343],[-103.36235,25.562577],[-103.362436,25.562531]]]}},{"type":"Feature","properties":{},"geometry":{"type":"Polygon","coordinates":[[[-103.362521,25.562486],[-103.362371,25.562252],[-103.362285,25.562297],[-103.362436,25.562531],[-103.362521,25.562486]]]}},{"type":"Feature","properties":{},"geometry":{"type":"Polygon","coordinates":[[[-103.362607,25.56244],[-103.362457,25.562206],[-103.362371,25.562252],[-103.362521,25.562486],[-103.362607,25.56244]]]}},{"type":"Feature","properties":{},"geometry":{"type":"Polygon","coordinates":[[[-103.362693,25.562395],[-103.362543,25.562161],[-103.362457,25.562206],[-103.362607,25.56244],[-103.362693,25.562395]]]}},{"type":"Feature","properties":{},"geometry":{"type":"Polygon","coordinates":[[[-103.362779,25.562349],[-103.362629,25.562115],[-103.362543,25.562161],[-103.362693,25.562395],[-103.362779,25.562349]]]}},{"type":"Feature","properties":{},"geometry":{"type":"Polygon","coordinates":[[[-103.362865,25.562304],[-103.362715,25.56207],[-103.362629,25.562115],[-103.362779,25.562349],[-103.362865,25.562304]]]}},{"type":"Feature","properties":{},"geometry":{"type":"Polygon","coordinates":[[[-103.362951,25.562258],[-103.362801,25.562024],[-103.362715,25.56207],[-103.362865,25.562304],[-103.362951,25.562258]]]}},{"type":"Feature","properties":{},"geometry":{"type":"Polygon","coordinates":[[[-103.363037,25.562213],[-103.362887,25.561979],[-103.362801,25.562024],[-103.362951,25.562258],[-103.363037,25.562213]]]}},{"type":"Feature","properties":{},"geometry":{"type":"Polygon","coordinates":[[[-103.363123,25.562167],[-103.362973,25.561933],[-103.362887,25.561979],[-103.363037,25.562213],[-103.363123,25.562167]]]}},{"type":"Feature","properties":{},"geometry":{"type":"Polygon","coordinates":[[[-103.363209,25.562122],[-103.363059,25.561888],[-103.362973,25.561933],[-103.363123,25.562167],[-103.363209,25.562122]]]}},{"type":"Feature","properties":{},"geometry":{"type":"Polygon","coordinates":[[[-103.363295,25.562076],[-103.363145,25.561843],[-103.363059,25.561888],[-103.363209,25.562122],[-103.363295,25.562076]]]}},{"type":"Feature","properties":{},"geometry":{"type":"Polygon","coordinates":[[[-103.363381,25.562031],[-103.363231,25.561797],[-103.363145,25.561843],[-103.363295,25.562076],[-103.363381,25.562031]]]}},{"type":"Feature","properties":{},"geometry":{"type":"Polygon","coordinates":[[[-103.363467,25.561985],[-103.363317,25.561752],[-103.363231,25.561797],[-103.363381,25.562031],[-103.363467,25.561985]]]}},{"type":"Feature","properties":{},"geometry":{"type":"Polygon","coordinates":[[[-103.363553,25.56194],[-103.363403,25.561706],[-103.363317,25.561752],[-103.363467,25.561985],[-103.363553,25.56194]]]}},{"type":"Feature","properties":{},"geometry":{"type":"Polygon","coordinates":[[[-103.363742,25.56184],[-103.363592,25.561606],[-103.363506,25.561651],[-103.363656,25.561885],[-103.363742,25.56184]]]}},{"type":"Feature","properties":{},"geometry":{"type":"Polygon","coordinates":[[[-103.363828,25.561794],[-103.363678,25.561561],[-103.363592,25.561606],[-103.363742,25.56184],[-103.363828,25.561794]]]}},{"type":"Feature","properties":{},"geometry":{"type":"Polygon","coordinates":[[[-103.363914,25.561749],[-103.363764,25.561515],[-103.363678,25.561561],[-103.363828,25.561794],[-103.363914,25.561749]]]}},{"type":"Feature","properties":{},"geometry":{"type":"Polygon","coordinates":[[[-103.364,25.561704],[-103.36385,25.56147],[-103.363764,25.561515],[-103.363914,25.561749],[-103.364,25.561704]]]}},{"type":"Feature","properties":{},"geometry":{"type":"Polygon","coordinates":[[[-103.364086,25.561658],[-103.363936,25.561424],[-103.36385,25.56147],[-103.364,25.561704],[-103.364086,25.561658]]]}},{"type":"Feature","properties":{},"geometry":{"type":"Polygon","coordinates":[[[-103.364172,25.561613],[-103.364022,25.561379],[-103.363936,25.561424],[-103.364086,25.561658],[-103.364172,25.561613]]]}},{"type":"Feature","properties":{},"geometry":{"type":"Polygon","coordinates":[[[-103.364258,25.561567],[-103.364108,25.561333],[-103.364022,25.561379],[-103.364172,25.561613],[-103.364258,25.561567]]]}},{"type":"Feature","properties":{},"geometry":{"type":"Polygon","coordinates":[[[-103.364344,25.561522],[-103.364194,25.561288],[-103.364108,25.561333],[-103.364258,25.561567],[-103.364344,25.561522]]]}},{"type":"Feature","properties":{},"geometry":{"type":"Polygon","coordinates":[[[-103.36443,25.561476],[-103.36428,25.561242],[-103.364194,25.561288],[-103.364344,25.561522],[-103.36443,25.561476]]]}},{"type":"Feature","properties":{},"geometry":{"type":"Polygon","coordinates":[[[-103.364516,25.561431],[-103.364366,25.561197],[-103.36428,25.561242],[-103.36443,25.561476],[-103.364516,25.561431]]]}},{"type":"Feature","properties":{},"geometry":{"type":"Polygon","coordinates":[[[-103.364602,25.561385],[-103.364452,25.561151],[-103.364366,25.561197],[-103.364516,25.561431],[-103.364602,25.561385]]]}},{"type":"Feature","properties":{},"geometry":{"type":"Polygon","coordinates":[[[-103.364688,25.56134],[-103.364538,25.561106],[-103.364452,25.561151],[-103.364602,25.561385],[-103.364688,25.56134]]]}},{"type":"Feature","properties":{},"geometry":{"type":"Polygon","coordinates":[[[-103.364774,25.561294],[-103.364624,25.56106],[-103.364538,25.561106],[-103.364688,25.56134],[-103.364774,25.561294]]]}},{"type":"Feature","properties":{},"geometry":{"type":"Polygon","coordinates":[[[-103.36486,25.561249],[-103.364709,25.561015],[-103.364624,25.56106],[-103.364774,25.561294],[-103.36486,25.561249]]]}},{"type":"Feature","properties":{},"geometry":{"type":"Polygon","coordinates":[[[-103.364946,25.561203],[-103.364795,25.560969],[-103.364709,25.561015],[-103.36486,25.561249],[-103.364946,25.561203]]]}},{"type":"Feature","properties":{},"geometry":{"type":"Polygon","coordinates":[[[-103.365032,25.561158],[-103.364881,25.560924],[-103.364795,25.560969],[-103.364946,25.561203],[-103.365032,25.561158]]]}},{"type":"Feature","properties":{},"geometry":{"type":"Polygon","coordinates":[[[-103.365118,25.561112],[-103.364967,25.560878],[-103.364881,25.560924],[-103.365032,25.561158],[-103.365118,25.561112]]]}},{"type":"Feature","properties":{},"geometry":{"type":"Polygon","coordinates":[[[-103.365307,25.561012],[-103.365157,25.560778],[-103.365071,25.560824],[-103.365221,25.561058],[-103.365307,25.561012]]]}},{"type":"Feature","properties":{},"geometry":{"type":"Polygon","coordinates":[[[-103.365393,25.560967],[-103.365242,25.560733],[-103.365157,25.560778],[-103.365307,25.561012],[-103.365393,25.560967]]]}},{"type":"Feature","properties":{},"geometry":{"type":"Polygon","coordinates":[[[-103.365479,25.560921],[-103.365328,25.560687],[-103.365242,25.560733],[-103.365393,25.560967],[-103.365479,25.560921]]]}},{"type":"Feature","properties":{},"geometry":{"type":"Polygon","coordinates":[[[-103.365565,25.560876],[-103.365414,25.560642],[-103.365328,25.560687],[-103.365479,25.560921],[-103.365565,25.560876]]]}},{"type":"Feature","properties":{},"geometry":{"type":"Polygon","coordinates":[[[-103.365651,25.56083],[-103.3655,25.560596],[-103.365414,25.560642],[-103.365565,25.560876],[-103.365651,25.56083]]]}},{"type":"Feature","properties":{},"geometry":{"type":"Polygon","coordinates":[[[-103.365737,25.560785],[-103.365586,25.560551],[-103.3655,25.560596],[-103.365651,25.56083],[-103.365737,25.560785]]]}},{"type":"Feature","properties":{},"geometry":{"type":"Polygon","coordinates":[[[-103.365823,25.560739],[-103.365672,25.560505],[-103.365586,25.560551],[-103.365737,25.560785],[-103.365823,25.560739]]]}},{"type":"Feature","properties":{},"geometry":{"type":"Polygon","coordinates":[[[-103.365909,25.560694],[-103.365758,25.56046],[-103.365672,25.560505],[-103.365823,25.560739],[-103.365909,25.560694]]]}},{"type":"Feature","properties":{},"geometry":{"type":"Polygon","coordinates":[[[-103.365995,25.560648],[-103.365844,25.560414],[-103.365758,25.56046],[-103.365909,25.560694],[-103.365995,25.560648]]]}},{"type":"Feature","properties":{},"geometry":{"type":"Polygon","coordinates":[[[-103.366081,25.560603],[-103.36593,25.560369],[-103.365844,25.560414],[-103.365995,25.560648],[-103.366081,25.560603]]]}},{"type":"Feature","properties":{},"geometry":{"type":"Polygon","coordinates":[[[-103.366167,25.560557],[-103.366016,25.560324],[-103.36593,25.560369],[-103.366081,25.560603],[-103.366167,25.560557]]]}},{"type":"Feature","properties":{},"geometry":{"type":"Polygon","coordinates":[[[-103.366253,25.560512],[-103.366102,25.560278],[-103.366016,25.560324],[-103.366167,25.560557],[-103.366253,25.560512]]]}},{"type":"Feature","properties":{},"geometry":{"type":"Polygon","coordinates":[[[-103.366339,25.560466],[-103.366188,25.560233],[-103.366102,25.560278],[-103.366253,25.560512],[-103.366339,25.560466]]]}},{"type":"Feature","properties":{},"geometry":{"type":"Polygon","coordinates":[[[-103.366425,25.560421],[-103.366274,25.560187],[-103.366188,25.560233],[-103.366339,25.560466],[-103.366425,25.560421]]]}},{"type":"Feature","properties":{},"geometry":{"type":"Polygon","coordinates":[[[-103.36651,25.560376],[-103.36636,25.560142],[-103.366274,25.560187],[-103.366425,25.560421],[-103.36651,25.560376]]]}},{"type":"Feature","properties":{},"geometry":{"type":"Polygon","coordinates":[[[-103.366596,25.56033],[-103.366446,25.560096],[-103.36636,25.560142],[-103.36651,25.560376],[-103.366596,25.56033]]]}},{"type":"Feature","properties":{},"geometry":{"type":"Polygon","coordinates":[[[-103.366682,25.560285],[-103.366532,25.560051],[-103.366446,25.560096],[-103.366596,25.56033],[-103.366682,25.560285]]]}},{"type":"Feature","properties":{},"geometry":{"type":"Polygon","coordinates":[[[-103.366872,25.560185],[-103.366721,25.559951],[-103.366635,25.559996],[-103.366786,25.56023],[-103.366872,25.560185]]]}},{"type":"Feature","properties":{},"geometry":{"type":"Polygon","coordinates":[[[-103.366958,25.560139],[-103.366807,25.559905],[-103.366721,25.559951],[-103.366872,25.560185],[-103.366958,25.560139]]]}},{"type":"Feature","properties":{},"geometry":{"type":"Polygon","coordinates":[[[-103.367044,25.560094],[-103.366893,25.55986],[-103.366807,25.559905],[-103.366958,25.560139],[-103.367044,25.560094]]]}},{"type":"Feature","properties":{},"geometry":{"type":"Polygon","coordinates":[[[-103.367129,25.560048],[-103.366979,25.559814],[-103.366893,25.55986],[-103.367044,25.560094],[-103.367129,25.560048]]]}},{"type":"Feature","properties":{},"geometry":{"type":"Polygon","coordinates":[[[-103.367215,25.560003],[-103.367065,25.559769],[-103.366979,25.559814],[-103.367129,25.560048],[-103.367215,25.560003]]]}},{"type":"Feature","properties":{},"geometry":{"type":"Polygon","coordinates":[[[-103.367301,25.559957],[-103.367151,25.559723],[-103.367065,25.559769],[-103.367215,25.560003],[-103.367301,25.559957]]]}},{"type":"Feature","properties":{},"geometry":{"type":"Polygon","coordinates":[[[-103.367387,25.559912],[-103.367237,25.559678],[-103.367151,25.559723],[-103.367301,25.559957],[-103.367387,25.559912]]]}},{"type":"Feature","properties":{},"geometry":{"type":"Polygon","coordinates":[[[-103.367473,25.559866],[-103.367323,25.559632],[-103.367237,25.559678],[-103.367387,25.559912],[-103.367473,25.559866]]]}},{"type":"Feature","properties":{},"geometry":{"type":"Polygon","coordinates":[[[-103.367559,25.559821],[-103.367409,25.559587],[-103.367323,25.559632],[-103.367473,25.559866],[-103.367559,25.559821]]]}},{"type":"Feature","properties":{},"geometry":{"type":"Polygon","coordinates":[[[-103.367645,25.559775],[-103.367495,25.559541],[-103.367409,25.559587],[-103.367559,25.559821],[-103.367645,25.559775]]]}},{"type":"Feature","properties":{},"geometry":{"type":"Polygon","coordinates":[[[-103.367731,25.55973],[-103.367581,25.559496],[-103.367495,25.559541],[-103.367645,25.559775],[-103.367731,25.55973]]]}},{"type":"Feature","properties":{},"geometry":{"type":"Polygon","coordinates":[[[-103.367817,25.559684],[-103.367667,25.55945],[-103.367581,25.559496],[-103.367731,25.55973],[-103.367817,25.559684]]]}},{"type":"Feature","properties":{},"geometry":{"type":"Polygon","coordinates":[[[-103.367903,25.559639],[-103.367753,25.559405],[-103.367667,25.55945],[-103.367817,25.559684],[-103.367903,25.559639]]]}},{"type":"Feature","properties":{},"geometry":{"type":"Polygon","coordinates":[[[-103.367989,25.559593],[-103.367839,25.559359],[-103.367753,25.559405],[-103.367903,25.559639],[-103.367989,25.559593]]]}},{"type":"Feature","properties":{},"geometry":{"type":"Polygon","coordinates":[[[-103.368075,25.559548],[-103.367925,25.559314],[-103.367839,25.559359],[-103.367989,25.559593],[-103.368075,25.559548]]]}},{"type":"Feature","properties":{},"geometry":{"type":"Polygon","coordinates":[[[-103.368161,25.559502],[-103.368011,25.559268],[-103.367925,25.559314],[-103.368075,25.559548],[-103.368161,25.559502]]]}},{"type":"Feature","properties":{},"geometry":{"type":"Polygon","coordinates":[[[-103.368247,25.559457],[-103.368097,25.559223],[-103.368011,25.559268],[-103.368161,25.559502],[-103.368247,25.559457]]]}},{"type":"Feature","properties":{},"geometry":{"type":"Polygon","coordinates":[[[-103.368436,25.559357],[-103.368286,25.559123],[-103.3682,25.559168],[-103.36835,25.559402],[-103.368436,25.559357]]]}},{"type":"Feature","properties":{},"geometry":{"type":"Polygon","coordinates":[[[-103.368522,25.559311],[-103.368372,25.559077],[-103.368286,25.559123],[-103.368436,25.559357],[-103.368522,25.559311]]]}},{"type":"Feature","properties":{},"geometry":{"type":"Polygon","coordinates":[[[-103.368608,25.559266],[-103.368458,25.559032],[-103.368372,25.559077],[-103.368522,25.559311],[-103.368608,25.559266]]]}},{"type":"Feature","properties":{},"geometry":{"type":"Polygon","coordinates":[[[-103.368694,25.55922],[-103.368544,25.558986],[-103.368458,25.559032],[-103.368608,25.559266],[-103.368694,25.55922]]]}},{"type":"Feature","properties":{},"geometry":{"type":"Polygon","coordinates":[[[-103.358064,25.565157],[-103.357913,25.564923],[-103.357827,25.564969],[-103.357978,25.565203],[-103.358064,25.565157]]]}},{"type":"Feature","properties":{},"geometry":{"type":"Polygon","coordinates":[[[-103.35815,25.565112],[-103.357999,25.564878],[-103.357913,25.564923],[-103.358064,25.565157],[-103.35815,25.565112]]]}},{"type":"Feature","properties":{},"geometry":{"type":"Polygon","coordinates":[[[-103.358236,25.565066],[-103.358085,25.564832],[-103.357999,25.564878],[-103.35815,25.565112],[-103.358236,25.565066]]]}},{"type":"Feature","properties":{},"geometry":{"type":"Polygon","coordinates":[[[-103.358322,25.565021],[-103.358171,25.564787],[-103.358085,25.564832],[-103.358236,25.565066],[-103.358322,25.565021]]]}},{"type":"Feature","properties":{},"geometry":{"type":"Polygon","coordinates":[[[-103.358408,25.564975],[-103.358257,25.564741],[-103.358171,25.564787],[-103.358322,25.565021],[-103.358408,25.564975]]]}},{"type":"Feature","properties":{},"geometry":{"type":"Polygon","coordinates":[[[-103.358494,25.56493],[-103.358343,25.564696],[-103.358257,25.564741],[-103.358408,25.564975],[-103.358494,25.56493]]]}},{"type":"Feature","properties":{},"geometry":{"type":"Polygon","coordinates":[[[-103.35858,25.564884],[-103.358429,25.56465],[-103.358343,25.564696],[-103.358494,25.56493],[-103.35858,25.564884]]]}},{"type":"Feature","properties":{},"geometry":{"type":"Polygon","coordinates":[[[-103.358666,25.564839],[-103.358515,25.564605],[-103.358429,25.56465],[-103.35858,25.564884],[-103.358666,25.564839]]]}},{"type":"Feature","properties":{},"geometry":{"type":"Polygon","coordinates":[[[-103.358752,25.564793],[-103.358601,25.564559],[-103.358515,25.564605],[-103.358666,25.564839],[-103.358752,25.564793]]]}},{"type":"Feature","properties":{},"geometry":{"type":"Polygon","coordinates":[[[-103.358837,25.564748],[-103.358687,25.564514],[-103.358601,25.564559],[-103.358752,25.564793],[-103.358837,25.564748]]]}},{"type":"Feature","properties":{},"geometry":{"type":"Polygon","coordinates":[[[-103.358923,25.564702],[-103.358773,25.564469],[-103.358687,25.564514],[-103.358837,25.564748],[-103.358923,25.564702]]]}},{"type":"Feature","properties":{},"geometry":{"type":"Polygon","coordinates":[[[-103.359009,25.564657],[-103.358859,25.564423],[-103.358773,25.564469],[-103.358923,25.564702],[-103.359009,25.564657]]]}},{"type":"Feature","properties":{},"geometry":{"type":"Polygon","coordinates":[[[-103.359199,25.564557],[-103.359048,25.564323],[-103.358962,25.564368],[-103.359113,25.564602],[-103.359199,25.564557]]]}},{"type":"Feature","properties":{},"geometry":{"type":"Polygon","coordinates":[[[-103.359285,25.564511],[-103.359134,25.564278],[-103.359048,25.564323],[-103.359199,25.564557],[-103.359285,25.564511]]]}},{"type":"Feature","properties":{},"geometry":{"type":"Polygon","coordinates":[[[-103.359371,25.564466],[-103.35922,25.564232],[-103.359134,25.564278],[-103.359285,25.564511],[-103.359371,25.564466]]]}},{"type":"Feature","properties":{},"geometry":{"type":"Polygon","coordinates":[[[-103.359457,25.564421],[-103.359306,25.564187],[-103.35922,25.564232],[-103.359371,25.564466],[-103.359457,25.564421]]]}},{"type":"Feature","properties":{},"geometry":{"type":"Polygon","coordinates":[[[-103.359542,25.564375],[-103.359392,25.564141],[-103.359306,25.564187],[-103.359457,25.564421],[-103.359542,25.564375]]]}},{"type":"Feature","properties":{},"geometry":{"type":"Polygon","coordinates":[[[-103.359628,25.56433],[-103.359478,25.564096],[-103.359392,25.564141],[-103.359542,25.564375],[-103.359628,25.56433]]]}},{"type":"Feature","properties":{},"geometry":{"type":"Polygon","coordinates":[[[-103.359714,25.564284],[-103.359564,25.56405],[-103.359478,25.564096],[-103.359628,25.56433],[-103.359714,25.564284]]]}},{"type":"Feature","properties":{},"geometry":{"type":"Polygon","coordinates":[[[-103.3598,25.564239],[-103.35965,25.564005],[-103.359564,25.56405],[-103.359714,25.564284],[-103.3598,25.564239]]]}},{"type":"Feature","properties":{},"geometry":{"type":"Polygon","coordinates":[[[-103.359886,25.564193],[-103.359736,25.563959],[-103.35965,25.564005],[-103.3598,25.564239],[-103.359886,25.564193]]]}},{"type":"Feature","properties":{},"geometry":{"type":"Polygon","coordinates":[[[-103.359972,25.564148],[-103.359822,25.563914],[-103.359736,25.563959],[-103.359886,25.564193],[-103.359972,25.564148]]]}},{"type":"Feature","properties":{},"geometry":{"type":"Polygon","coordinates":[[[-103.360058,25.564102],[-103.359908,25.563868],[-103.359822,25.563914],[-103.359972,25.564148],[-103.360058,25.564102]]]}},{"type":"Feature","properties":{},"geometry":{"type":"Polygon","coordinates":[[[-103.360144,25.564057],[-103.359994,25.563823],[-103.359908,25.563868],[-103.360058,25.564102],[-103.360144,25.564057]]]}},{"type":"Feature","properties":{},"geometry":{"type":"Polygon","coordinates":[[[-103.361107,25.563547],[-103.360957,25.563313],[-103.360871,25.563359],[-103.361021,25.563593],[-103.361107,25.563547]]]}},{"type":"Feature","properties":{},"geometry":{"type":"Polygon","coordinates":[[[-103.361193,25.563502],[-103.361043,25.563268],[-103.360957,25.563313],[-103.361107,25.563547],[-103.361193,25.563502]]]}},{"type":"Feature","properties":{},"geometry":{"type":"Polygon","coordinates":[[[-103.361279,25.563456],[-103.361129,25.563222],[-103.361043,25.563268],[-103.361193,25.563502],[-103.361279,25.563456]]]}},{"type":"Feature","properties":{},"geometry":{"type":"Polygon","coordinates":[[[-103.361365,25.563411],[-103.361215,25.563177],[-103.361129,25.563222],[-103.361279,25.563456],[-103.361365,25.563411]]]}},{"type":"Feature","properties":{},"geometry":{"type":"Polygon","coordinates":[[[-103.361451,25.563365],[-103.361301,25.563132],[-103.361215,25.563177],[-103.361365,25.563411],[-103.361451,25.563365]]]}},{"type":"Feature","properties":{},"geometry":{"type":"Polygon","coordinates":[[[-103.361537,25.56332],[-103.361387,25.563086],[-103.361301,25.563132],[-103.361451,25.563365],[-103.361537,25.56332]]]}},{"type":"Feature","properties":{},"geometry":{"type":"Polygon","coordinates":[[[-103.361623,25.563275],[-103.361473,25.563041],[-103.361387,25.563086],[-103.361537,25.56332],[-103.361623,25.563275]]]}},{"type":"Feature","properties":{},"geometry":{"type":"Polygon","coordinates":[[[-103.361709,25.563229],[-103.361559,25.562995],[-103.361473,25.563041],[-103.361623,25.563275],[-103.361709,25.563229]]]}},{"type":"Feature","properties":{},"geometry":{"type":"Polygon","coordinates":[[[-103.361795,25.563184],[-103.361645,25.56295],[-103.361559,25.562995],[-103.361709,25.563229],[-103.361795,25.563184]]]}},{"type":"Feature","properties":{},"geometry":{"type":"Polygon","coordinates":[[[-103.361881,25.563138],[-103.361731,25.562904],[-103.361645,25.56295],[-103.361795,25.563184],[-103.361881,25.563138]]]}},{"type":"Feature","properties":{},"geometry":{"type":"Polygon","coordinates":[[[-103.361967,25.563093],[-103.361817,25.562859],[-103.361731,25.562904],[-103.361881,25.563138],[-103.361967,25.563093]]]}},{"type":"Feature","properties":{},"geometry":{"type":"Polygon","coordinates":[[[-103.362053,25.563047],[-103.361902,25.562813],[-103.361817,25.562859],[-103.361967,25.563093],[-103.362053,25.563047]]]}},{"type":"Feature","properties":{},"geometry":{"type":"Polygon","coordinates":[[[-103.362139,25.563002],[-103.361988,25.562768],[-103.361902,25.562813],[-103.362053,25.563047],[-103.362139,25.563002]]]}},{"type":"Feature","properties":{},"geometry":{"type":"Polygon","coordinates":[[[-103.362328,25.562902],[-103.362178,25.562668],[-103.362092,25.562713],[-103.362242,25.562947],[-103.362328,25.562902]]]}},{"type":"Feature","properties":{},"geometry":{"type":"Polygon","coordinates":[[[-103.362414,25.562856],[-103.362264,25.562622],[-103.362178,25.562668],[-103.362328,25.562902],[-103.362414,25.562856]]]}},{"type":"Feature","properties":{},"geometry":{"type":"Polygon","coordinates":[[[-103.3625,25.562811],[-103.36235,25.562577],[-103.362264,25.562622],[-103.362414,25.562856],[-103.3625,25.562811]]]}},{"type":"Feature","properties":{},"geometry":{"type":"Polygon","coordinates":[[[-103.362586,25.562765],[-103.362436,25.562531],[-103.36235,25.562577],[-103.3625,25.562811],[-103.362586,25.562765]]]}},{"type":"Feature","properties":{},"geometry":{"type":"Polygon","coordinates":[[[-103.362672,25.56272],[-103.362521,25.562486],[-103.362436,25.562531],[-103.362586,25.562765],[-103.362672,25.56272]]]}},{"type":"Feature","properties":{},"geometry":{"type":"Polygon","coordinates":[[[-103.362758,25.562674],[-103.362607,25.56244],[-103.362521,25.562486],[-103.362672,25.56272],[-103.362758,25.562674]]]}},{"type":"Feature","properties":{},"geometry":{"type":"Polygon","coordinates":[[[-103.362844,25.562629],[-103.362693,25.562395],[-103.362607,25.56244],[-103.362758,25.562674],[-103.362844,25.562629]]]}},{"type":"Feature","properties":{},"geometry":{"type":"Polygon","coordinates":[[[-103.36293,25.562583],[-103.362779,25.562349],[-103.362693,25.562395],[-103.362844,25.562629],[-103.36293,25.562583]]]}},{"type":"Feature","properties":{},"geometry":{"type":"Polygon","coordinates":[[[-103.363016,25.562538],[-103.362865,25.562304],[-103.362779,25.562349],[-103.36293,25.562583],[-103.363016,25.562538]]]}},{"type":"Feature","properties":{},"geometry":{"type":"Polygon","coordinates":[[[-103.363102,25.562492],[-103.362951,25.562258],[-103.362865,25.562304],[-103.363016,25.562538],[-103.363102,25.562492]]]}},{"type":"Feature","properties":{},"geometry":{"type":"Polygon","coordinates":[[[-103.363188,25.562447],[-103.363037,25.562213],[-103.362951,25.562258],[-103.363102,25.562492],[-103.363188,25.562447]]]}},{"type":"Feature","properties":{},"geometry":{"type":"Polygon","coordinates":[[[-103.363274,25.562401],[-103.363123,25.562167],[-103.363037,25.562213],[-103.363188,25.562447],[-103.363274,25.562401]]]}},{"type":"Feature","properties":{},"geometry":{"type":"Polygon","coordinates":[[[-103.36336,25.562356],[-103.363209,25.562122],[-103.363123,25.562167],[-103.363274,25.562401],[-103.36336,25.562356]]]}},{"type":"Feature","properties":{},"geometry":{"type":"Polygon","coordinates":[[[-103.363446,25.56231],[-103.363295,25.562076],[-103.363209,25.562122],[-103.36336,25.562356],[-103.363446,25.56231]]]}},{"type":"Feature","properties":{},"geometry":{"type":"Polygon","coordinates":[[[-103.363532,25.562265],[-103.363381,25.562031],[-103.363295,25.562076],[-103.363446,25.56231],[-103.363532,25.562265]]]}},{"type":"Feature","properties":{},"geometry":{"type":"Polygon","coordinates":[[[-103.363618,25.562219],[-103.363467,25.561985],[-103.363381,25.562031],[-103.363532,25.562265],[-103.363618,25.562219]]]}},{"type":"Feature","properties":{},"geometry":{"type":"Polygon","coordinates":[[[-103.363704,25.562174],[-103.363553,25.56194],[-103.363467,25.561985],[-103.363618,25.562219],[-103.363704,25.562174]]]}},{"type":"Feature","properties":{},"geometry":{"type":"Polygon","coordinates":[[[-103.363893,25.562074],[-103.363742,25.56184],[-103.363656,25.561885],[-103.363807,25.562119],[-103.363893,25.562074]]]}},{"type":"Feature","properties":{},"geometry":{"type":"Polygon","coordinates":[[[-103.363979,25.562028],[-103.363828,25.561794],[-103.363742,25.56184],[-103.363893,25.562074],[-103.363979,25.562028]]]}},{"type":"Feature","properties":{},"geometry":{"type":"Polygon","coordinates":[[[-103.364065,25.561983],[-103.363914,25.561749],[-103.363828,25.561794],[-103.363979,25.562028],[-103.364065,25.561983]]]}},{"type":"Feature","properties":{},"geometry":{"type":"Polygon","coordinates":[[[-103.364151,25.561937],[-103.364,25.561704],[-103.363914,25.561749],[-103.364065,25.561983],[-103.364151,25.561937]]]}},{"type":"Feature","properties":{},"geometry":{"type":"Polygon","coordinates":[[[-103.364237,25.561892],[-103.364086,25.561658],[-103.364,25.561704],[-103.364151,25.561937],[-103.364237,25.561892]]]}},{"type":"Feature","properties":{},"geometry":{"type":"Polygon","coordinates":[[[-103.364323,25.561847],[-103.364172,25.561613],[-103.364086,25.561658],[-103.364237,25.561892],[-103.364323,25.561847]]]}},{"type":"Feature","properties":{},"geometry":{"type":"Polygon","coordinates":[[[-103.364409,25.561801],[-103.364258,25.561567],[-103.364172,25.561613],[-103.364323,25.561847],[-103.364409,25.561801]]]}},{"type":"Feature","properties":{},"geometry":{"type":"Polygon","coordinates":[[[-103.364494,25.561756],[-103.364344,25.561522],[-103.364258,25.561567],[-103.364409,25.561801],[-103.364494,25.561756]]]}},{"type":"Feature","properties":{},"geometry":{"type":"Polygon","coordinates":[[[-103.36458,25.56171],[-103.36443,25.561476],[-103.364344,25.561522],[-103.364494,25.561756],[-103.36458,25.56171]]]}},{"type":"Feature","properties":{},"geometry":{"type":"Polygon","coordinates":[[[-103.364666,25.561665],[-103.364516,25.561431],[-103.36443,25.561476],[-103.36458,25.56171],[-103.364666,25.561665]]]}},{"type":"Feature","properties":{},"geometry":{"type":"Polygon","coordinates":[[[-103.364752,25.561619],[-103.364602,25.561385],[-103.364516,25.561431],[-103.364666,25.561665],[-103.364752,25.561619]]]}},{"type":"Feature","properties":{},"geometry":{"type":"Polygon","coordinates":[[[-103.364838,25.561574],[-103.364688,25.56134],[-103.364602,25.561385],[-103.364752,25.561619],[-103.364838,25.561574]]]}},{"type":"Feature","properties":{},"geometry":{"type":"Polygon","coordinates":[[[-103.364924,25.561528],[-103.364774,25.561294],[-103.364688,25.56134],[-103.364838,25.561574],[-103.364924,25.561528]]]}},{"type":"Feature","properties":{},"geometry":{"type":"Polygon","coordinates":[[[-103.36501,25.561483],[-103.36486,25.561249],[-103.364774,25.561294],[-103.364924,25.561528],[-103.36501,25.561483]]]}},{"type":"Feature","properties":{},"geometry":{"type":"Polygon","coordinates":[[[-103.365096,25.561437],[-103.364946,25.561203],[-103.36486,25.561249],[-103.36501,25.561483],[-103.365096,25.561437]]]}},{"type":"Feature","properties":{},"geometry":{"type":"Polygon","coordinates":[[[-103.365182,25.561392],[-103.365032,25.561158],[-103.364946,25.561203],[-103.365096,25.561437],[-103.365182,25.561392]]]}},{"type":"Feature","properties":{},"geometry":{"type":"Polygon","coordinates":[[[-103.365268,25.561346],[-103.365118,25.561112],[-103.365032,25.561158],[-103.365182,25.561392],[-103.365268,25.561346]]]}},{"type":"Feature","properties":{},"geometry":{"type":"Polygon","coordinates":[[[-103.365457,25.561246],[-103.365307,25.561012],[-103.365221,25.561058],[-103.365371,25.561292],[-103.365457,25.561246]]]}},{"type":"Feature","properties":{},"geometry":{"type":"Polygon","coordinates":[[[-103.365543,25.561201],[-103.365393,25.560967],[-103.365307,25.561012],[-103.365457,25.561246],[-103.365543,25.561201]]]}},{"type":"Feature","properties":{},"geometry":{"type":"Polygon","coordinates":[[[-103.365629,25.561155],[-103.365479,25.560921],[-103.365393,25.560967],[-103.365543,25.561201],[-103.365629,25.561155]]]}},{"type":"Feature","properties":{},"geometry":{"type":"Polygon","coordinates":[[[-103.365715,25.56111],[-103.365565,25.560876],[-103.365479,25.560921],[-103.365629,25.561155],[-103.365715,25.56111]]]}},{"type":"Feature","properties":{},"geometry":{"type":"Polygon","coordinates":[[[-103.365801,25.561064],[-103.365651,25.56083],[-103.365565,25.560876],[-103.365715,25.56111],[-103.365801,25.561064]]]}},{"type":"Feature","properties":{},"geometry":{"type":"Polygon","coordinates":[[[-103.365887,25.561019],[-103.365737,25.560785],[-103.365651,25.56083],[-103.365801,25.561064],[-103.365887,25.561019]]]}},{"type":"Feature","properties":{},"geometry":{"type":"Polygon","coordinates":[[[-103.365973,25.560973],[-103.365823,25.560739],[-103.365737,25.560785],[-103.365887,25.561019],[-103.365973,25.560973]]]}},{"type":"Feature","properties":{},"geometry":{"type":"Polygon","coordinates":[[[-103.366059,25.560928],[-103.365909,25.560694],[-103.365823,25.560739],[-103.365973,25.560973],[-103.366059,25.560928]]]}},{"type":"Feature","properties":{},"geometry":{"type":"Polygon","coordinates":[[[-103.366145,25.560882],[-103.365995,25.560648],[-103.365909,25.560694],[-103.366059,25.560928],[-103.366145,25.560882]]]}},{"type":"Feature","properties":{},"geometry":{"type":"Polygon","coordinates":[[[-103.366231,25.560837],[-103.366081,25.560603],[-103.365995,25.560648],[-103.366145,25.560882],[-103.366231,25.560837]]]}},{"type":"Feature","properties":{},"geometry":{"type":"Polygon","coordinates":[[[-103.366317,25.560791],[-103.366167,25.560557],[-103.366081,25.560603],[-103.366231,25.560837],[-103.366317,25.560791]]]}},{"type":"Feature","properties":{},"geometry":{"type":"Polygon","coordinates":[[[-103.366403,25.560746],[-103.366253,25.560512],[-103.366167,25.560557],[-103.366317,25.560791],[-103.366403,25.560746]]]}},{"type":"Feature","properties":{},"geometry":{"type":"Polygon","coordinates":[[[-103.366489,25.5607],[-103.366339,25.560466],[-103.366253,25.560512],[-103.366403,25.560746],[-103.366489,25.5607]]]}},{"type":"Feature","properties":{},"geometry":{"type":"Polygon","coordinates":[[[-103.366575,25.560655],[-103.366425,25.560421],[-103.366339,25.560466],[-103.366489,25.5607],[-103.366575,25.560655]]]}},{"type":"Feature","properties":{},"geometry":{"type":"Polygon","coordinates":[[[-103.366661,25.560609],[-103.36651,25.560376],[-103.366425,25.560421],[-103.366575,25.560655],[-103.366661,25.560609]]]}},{"type":"Feature","properties":{},"geometry":{"type":"Polygon","coordinates":[[[-103.366747,25.560564],[-103.366596,25.56033],[-103.36651,25.560376],[-103.366661,25.560609],[-103.366747,25.560564]]]}},{"type":"Feature","properties":{},"geometry":{"type":"Polygon","coordinates":[[[-103.366833,25.560519],[-103.366682,25.560285],[-103.366596,25.56033],[-103.366747,25.560564],[-103.366833,25.560519]]]}},{"type":"Feature","properties":{},"geometry":{"type":"Polygon","coordinates":[[[-103.367022,25.560418],[-103.366872,25.560185],[-103.366786,25.56023],[-103.366936,25.560464],[-103.367022,25.560418]]]}},{"type":"Feature","properties":{},"geometry":{"type":"Polygon","coordinates":[[[-103.367108,25.560373],[-103.366958,25.560139],[-103.366872,25.560185],[-103.367022,25.560418],[-103.367108,25.560373]]]}},{"type":"Feature","properties":{},"geometry":{"type":"Polygon","coordinates":[[[-103.367194,25.560327],[-103.367044,25.560094],[-103.366958,25.560139],[-103.367108,25.560373],[-103.367194,25.560327]]]}},{"type":"Feature","properties":{},"geometry":{"type":"Polygon","coordinates":[[[-103.36728,25.560282],[-103.367129,25.560048],[-103.367044,25.560094],[-103.367194,25.560327],[-103.36728,25.560282]]]}},{"type":"Feature","properties":{},"geometry":{"type":"Polygon","coordinates":[[[-103.367366,25.560237],[-103.367215,25.560003],[-103.367129,25.560048],[-103.36728,25.560282],[-103.367366,25.560237]]]}},{"type":"Feature","properties":{},"geometry":{"type":"Polygon","coordinates":[[[-103.367452,25.560191],[-103.367301,25.559957],[-103.367215,25.560003],[-103.367366,25.560237],[-103.367452,25.560191]]]}},{"type":"Feature","properties":{},"geometry":{"type":"Polygon","coordinates":[[[-103.367538,25.560146],[-103.367387,25.559912],[-103.367301,25.559957],[-103.367452,25.560191],[-103.367538,25.560146]]]}},{"type":"Feature","properties":{},"geometry":{"type":"Polygon","coordinates":[[[-103.367624,25.5601],[-103.367473,25.559866],[-103.367387,25.559912],[-103.367538,25.560146],[-103.367624,25.5601]]]}},{"type":"Feature","properties":{},"geometry":{"type":"Polygon","coordinates":[[[-103.36771,25.560055],[-103.367559,25.559821],[-103.367473,25.559866],[-103.367624,25.5601],[-103.36771,25.560055]]]}},{"type":"Feature","properties":{},"geometry":{"type":"Polygon","coordinates":[[[-103.367796,25.560009],[-103.367645,25.559775],[-103.367559,25.559821],[-103.36771,25.560055],[-103.367796,25.560009]]]}},{"type":"Feature","properties":{},"geometry":{"type":"Polygon","coordinates":[[[-103.367882,25.559964],[-103.367731,25.55973],[-103.367645,25.559775],[-103.367796,25.560009],[-103.367882,25.559964]]]}},{"type":"Feature","properties":{},"geometry":{"type":"Polygon","coordinates":[[[-103.367968,25.559918],[-103.367817,25.559684],[-103.367731,25.55973],[-103.367882,25.559964],[-103.367968,25.559918]]]}},{"type":"Feature","properties":{},"geometry":{"type":"Polygon","coordinates":[[[-103.368054,25.559873],[-103.367903,25.559639],[-103.367817,25.559684],[-103.367968,25.559918],[-103.368054,25.559873]]]}},{"type":"Feature","properties":{},"geometry":{"type":"Polygon","coordinates":[[[-103.36814,25.559827],[-103.367989,25.559593],[-103.367903,25.559639],[-103.368054,25.559873],[-103.36814,25.559827]]]}},{"type":"Feature","properties":{},"geometry":{"type":"Polygon","coordinates":[[[-103.368226,25.559782],[-103.368075,25.559548],[-103.367989,25.559593],[-103.36814,25.559827],[-103.368226,25.559782]]]}},{"type":"Feature","properties":{},"geometry":{"type":"Polygon","coordinates":[[[-103.368312,25.559736],[-103.368161,25.559502],[-103.368075,25.559548],[-103.368226,25.559782],[-103.368312,25.559736]]]}},{"type":"Feature","properties":{},"geometry":{"type":"Polygon","coordinates":[[[-103.368397,25.559691],[-103.368247,25.559457],[-103.368161,25.559502],[-103.368312,25.559736],[-103.368397,25.559691]]]}},{"type":"Feature","properties":{},"geometry":{"type":"Polygon","coordinates":[[[-103.368587,25.559591],[-103.368436,25.559357],[-103.36835,25.559402],[-103.368501,25.559636],[-103.368587,25.559591]]]}},{"type":"Feature","properties":{},"geometry":{"type":"Polygon","coordinates":[[[-103.368673,25.559545],[-103.368522,25.559311],[-103.368436,25.559357],[-103.368587,25.559591],[-103.368673,25.559545]]]}},{"type":"Feature","properties":{},"geometry":{"type":"Polygon","coordinates":[[[-103.368759,25.5595],[-103.368608,25.559266],[-103.368522,25.559311],[-103.368673,25.559545],[-103.368759,25.5595]]]}},{"type":"Feature","properties":{},"geometry":{"type":"Polygon","coordinates":[[[-103.358102,25.565576],[-103.357952,25.565342],[-103.357866,25.565387],[-103.358016,25.565621],[-103.358102,25.565576]]]}},{"type":"Feature","properties":{},"geometry":{"type":"Polygon","coordinates":[[[-103.358188,25.56553],[-103.358038,25.565296],[-103.357952,25.565342],[-103.358102,25.565576],[-103.358188,25.56553]]]}},{"type":"Feature","properties":{},"geometry":{"type":"Polygon","coordinates":[[[-103.358274,25.565485],[-103.358124,25.565251],[-103.358038,25.565296],[-103.358188,25.56553],[-103.358274,25.565485]]]}},{"type":"Feature","properties":{},"geometry":{"type":"Polygon","coordinates":[[[-103.35836,25.565439],[-103.35821,25.565205],[-103.358124,25.565251],[-103.358274,25.565485],[-103.35836,25.565439]]]}},{"type":"Feature","properties":{},"geometry":{"type":"Polygon","coordinates":[[[-103.358446,25.565394],[-103.358296,25.56516],[-103.35821,25.565205],[-103.35836,25.565439],[-103.358446,25.565394]]]}},{"type":"Feature","properties":{},"geometry":{"type":"Polygon","coordinates":[[[-103.358532,25.565348],[-103.358382,25.565114],[-103.358296,25.56516],[-103.358446,25.565394],[-103.358532,25.565348]]]}},{"type":"Feature","properties":{},"geometry":{"type":"Polygon","coordinates":[[[-103.358618,25.565303],[-103.358468,25.565069],[-103.358382,25.565114],[-103.358532,25.565348],[-103.358618,25.565303]]]}},{"type":"Feature","properties":{},"geometry":{"type":"Polygon","coordinates":[[[-103.358704,25.565257],[-103.358554,25.565023],[-103.358468,25.565069],[-103.358618,25.565303],[-103.358704,25.565257]]]}},{"type":"Feature","properties":{},"geometry":{"type":"Polygon","coordinates":[[[-103.35879,25.565212],[-103.35864,25.564978],[-103.358554,25.565023],[-103.358704,25.565257],[-103.35879,25.565212]]]}},{"type":"Feature","properties":{},"geometry":{"type":"Polygon","coordinates":[[[-103.358876,25.565166],[-103.358726,25.564932],[-103.35864,25.564978],[-103.35879,25.565212],[-103.358876,25.565166]]]}},{"type":"Feature","properties":{},"geometry":{"type":"Polygon","coordinates":[[[-103.358962,25.565121],[-103.358812,25.564887],[-103.358726,25.564932],[-103.358876,25.565166],[-103.358962,25.565121]]]}},{"type":"Feature","properties":{},"geometry":{"type":"Polygon","coordinates":[[[-103.359048,25.565075],[-103.358898,25.564842],[-103.358812,25.564887],[-103.358962,25.565121],[-103.359048,25.565075]]]}},{"type":"Feature","properties":{},"geometry":{"type":"Polygon","coordinates":[[[-103.359134,25.56503],[-103.358984,25.564796],[-103.358898,25.564842],[-103.359048,25.565075],[-103.359134,25.56503]]]}},{"type":"Feature","properties":{},"geometry":{"type":"Polygon","coordinates":[[[-103.35922,25.564985],[-103.35907,25.564751],[-103.358984,25.564796],[-103.359134,25.56503],[-103.35922,25.564985]]]}},{"type":"Feature","properties":{},"geometry":{"type":"Polygon","coordinates":[[[-103.359409,25.564884],[-103.359259,25.564651],[-103.359173,25.564696],[-103.359323,25.56493],[-103.359409,25.564884]]]}},{"type":"Feature","properties":{},"geometry":{"type":"Polygon","coordinates":[[[-103.359495,25.564839],[-103.359345,25.564605],[-103.359259,25.564651],[-103.359409,25.564884],[-103.359495,25.564839]]]}},{"type":"Feature","properties":{},"geometry":{"type":"Polygon","coordinates":[[[-103.359581,25.564794],[-103.359431,25.56456],[-103.359345,25.564605],[-103.359495,25.564839],[-103.359581,25.564794]]]}},{"type":"Feature","properties":{},"geometry":{"type":"Polygon","coordinates":[[[-103.359667,25.564748],[-103.359517,25.564514],[-103.359431,25.56456],[-103.359581,25.564794],[-103.359667,25.564748]]]}},{"type":"Feature","properties":{},"geometry":{"type":"Polygon","coordinates":[[[-103.359753,25.564703],[-103.359603,25.564469],[-103.359517,25.564514],[-103.359667,25.564748],[-103.359753,25.564703]]]}},{"type":"Feature","properties":{},"geometry":{"type":"Polygon","coordinates":[[[-103.359839,25.564657],[-103.359689,25.564423],[-103.359603,25.564469],[-103.359753,25.564703],[-103.359839,25.564657]]]}},{"type":"Feature","properties":{},"geometry":{"type":"Polygon","coordinates":[[[-103.359925,25.564612],[-103.359775,25.564378],[-103.359689,25.564423],[-103.359839,25.564657],[-103.359925,25.564612]]]}},{"type":"Feature","properties":{},"geometry":{"type":"Polygon","coordinates":[[[-103.360011,25.564566],[-103.359861,25.564332],[-103.359775,25.564378],[-103.359925,25.564612],[-103.360011,25.564566]]]}},{"type":"Feature","properties":{},"geometry":{"type":"Polygon","coordinates":[[[-103.360097,25.564521],[-103.359947,25.564287],[-103.359861,25.564332],[-103.360011,25.564566],[-103.360097,25.564521]]]}},{"type":"Feature","properties":{},"geometry":{"type":"Polygon","coordinates":[[[-103.360183,25.564475],[-103.360033,25.564241],[-103.359947,25.564287],[-103.360097,25.564521],[-103.360183,25.564475]]]}},{"type":"Feature","properties":{},"geometry":{"type":"Polygon","coordinates":[[[-103.360269,25.56443],[-103.360118,25.564196],[-103.360033,25.564241],[-103.360183,25.564475],[-103.360269,25.56443]]]}},{"type":"Feature","properties":{},"geometry":{"type":"Polygon","coordinates":[[[-103.360355,25.564384],[-103.360204,25.56415],[-103.360118,25.564196],[-103.360269,25.56443],[-103.360355,25.564384]]]}},{"type":"Feature","properties":{},"geometry":{"type":"Polygon","coordinates":[[[-103.361318,25.563875],[-103.361167,25.563641],[-103.361081,25.563686],[-103.361232,25.56392],[-103.361318,25.563875]]]}},{"type":"Feature","properties":{},"geometry":{"type":"Polygon","coordinates":[[[-103.361404,25.563829],[-103.361253,25.563595],[-103.361167,25.563641],[-103.361318,25.563875],[-103.361404,25.563829]]]}},{"type":"Feature","properties":{},"geometry":{"type":"Polygon","coordinates":[[[-103.36149,25.563784],[-103.361339,25.56355],[-103.361253,25.563595],[-103.361404,25.563829],[-103.36149,25.563784]]]}},{"type":"Feature","properties":{},"geometry":{"type":"Polygon","coordinates":[[[-103.361576,25.563738],[-103.361425,25.563505],[-103.361339,25.56355],[-103.36149,25.563784],[-103.361576,25.563738]]]}},{"type":"Feature","properties":{},"geometry":{"type":"Polygon","coordinates":[[[-103.361662,25.563693],[-103.361511,25.563459],[-103.361425,25.563505],[-103.361576,25.563738],[-103.361662,25.563693]]]}},{"type":"Feature","properties":{},"geometry":{"type":"Polygon","coordinates":[[[-103.361748,25.563648],[-103.361597,25.563414],[-103.361511,25.563459],[-103.361662,25.563693],[-103.361748,25.563648]]]}},{"type":"Feature","properties":{},"geometry":{"type":"Polygon","coordinates":[[[-103.361834,25.563602],[-103.361683,25.563368],[-103.361597,25.563414],[-103.361748,25.563648],[-103.361834,25.563602]]]}},{"type":"Feature","properties":{},"geometry":{"type":"Polygon","coordinates":[[[-103.36192,25.563557],[-103.361769,25.563323],[-103.361683,25.563368],[-103.361834,25.563602],[-103.36192,25.563557]]]}},{"type":"Feature","properties":{},"geometry":{"type":"Polygon","coordinates":[[[-103.362006,25.563511],[-103.361855,25.563277],[-103.361769,25.563323],[-103.36192,25.563557],[-103.362006,25.563511]]]}},{"type":"Feature","properties":{},"geometry":{"type":"Polygon","coordinates":[[[-103.362092,25.563466],[-103.361941,25.563232],[-103.361855,25.563277],[-103.362006,25.563511],[-103.362092,25.563466]]]}},{"type":"Feature","properties":{},"geometry":{"type":"Polygon","coordinates":[[[-103.362178,25.56342],[-103.362027,25.563186],[-103.361941,25.563232],[-103.362092,25.563466],[-103.362178,25.56342]]]}},{"type":"Feature","properties":{},"geometry":{"type":"Polygon","coordinates":[[[-103.362263,25.563375],[-103.362113,25.563141],[-103.362027,25.563186],[-103.362178,25.56342],[-103.362263,25.563375]]]}},{"type":"Feature","properties":{},"geometry":{"type":"Polygon","coordinates":[[[-103.362349,25.563329],[-103.362199,25.563095],[-103.362113,25.563141],[-103.362263,25.563375],[-103.362349,25.563329]]]}},{"type":"Feature","properties":{},"geometry":{"type":"Polygon","coordinates":[[[-103.362539,25.563229],[-103.362388,25.562995],[-103.362302,25.563041],[-103.362453,25.563275],[-103.362539,25.563229]]]}},{"type":"Feature","properties":{},"geometry":{"type":"Polygon","coordinates":[[[-103.362625,25.563184],[-103.362474,25.56295],[-103.362388,25.562995],[-103.362539,25.563229],[-103.362625,25.563184]]]}},{"type":"Feature","properties":{},"geometry":{"type":"Polygon","coordinates":[[[-103.362711,25.563138],[-103.36256,25.562904],[-103.362474,25.56295],[-103.362625,25.563184],[-103.362711,25.563138]]]}},{"type":"Feature","properties":{},"geometry":{"type":"Polygon","coordinates":[[[-103.362797,25.563093],[-103.362646,25.562859],[-103.36256,25.562904],[-103.362711,25.563138],[-103.362797,25.563093]]]}},{"type":"Feature","properties":{},"geometry":{"type":"Polygon","coordinates":[[[-103.362882,25.563047],[-103.362732,25.562813],[-103.362646,25.562859],[-103.362797,25.563093],[-103.362882,25.563047]]]}},{"type":"Feature","properties":{},"geometry":{"type":"Polygon","coordinates":[[[-103.362968,25.563002],[-103.362818,25.562768],[-103.362732,25.562813],[-103.362882,25.563047],[-103.362968,25.563002]]]}},{"type":"Feature","properties":{},"geometry":{"type":"Polygon","coordinates":[[[-103.363054,25.562956],[-103.362904,25.562722],[-103.362818,25.562768],[-103.362968,25.563002],[-103.363054,25.562956]]]}},{"type":"Feature","properties":{},"geometry":{"type":"Polygon","coordinates":[[[-103.36314,25.562911],[-103.36299,25.562677],[-103.362904,25.562722],[-103.363054,25.562956],[-103.36314,25.562911]]]}},{"type":"Feature","properties":{},"geometry":{"type":"Polygon","coordinates":[[[-103.363226,25.562865],[-103.363076,25.562631],[-103.36299,25.562677],[-103.36314,25.562911],[-103.363226,25.562865]]]}},{"type":"Feature","properties":{},"geometry":{"type":"Polygon","coordinates":[[[-103.363312,25.56282],[-103.363162,25.562586],[-103.363076,25.562631],[-103.363226,25.562865],[-103.363312,25.56282]]]}},{"type":"Feature","properties":{},"geometry":{"type":"Polygon","coordinates":[[[-103.363398,25.562774],[-103.363248,25.56254],[-103.363162,25.562586],[-103.363312,25.56282],[-103.363398,25.562774]]]}},{"type":"Feature","properties":{},"geometry":{"type":"Polygon","coordinates":[[[-103.363484,25.562729],[-103.363334,25.562495],[-103.363248,25.56254],[-103.363398,25.562774],[-103.363484,25.562729]]]}},{"type":"Feature","properties":{},"geometry":{"type":"Polygon","coordinates":[[[-103.36357,25.562683],[-103.36342,25.562449],[-103.363334,25.562495],[-103.363484,25.562729],[-103.36357,25.562683]]]}},{"type":"Feature","properties":{},"geometry":{"type":"Polygon","coordinates":[[[-103.363656,25.562638],[-103.363506,25.562404],[-103.36342,25.562449],[-103.36357,25.562683],[-103.363656,25.562638]]]}},{"type":"Feature","properties":{},"geometry":{"type":"Polygon","coordinates":[[[-103.363742,25.562592],[-103.363592,25.562358],[-103.363506,25.562404],[-103.363656,25.562638],[-103.363742,25.562592]]]}},{"type":"Feature","properties":{},"geometry":{"type":"Polygon","coordinates":[[[-103.363828,25.562547],[-103.363678,25.562313],[-103.363592,25.562358],[-103.363742,25.562592],[-103.363828,25.562547]]]}},{"type":"Feature","properties":{},"geometry":{"type":"Polygon","coordinates":[[[-103.363914,25.562501],[-103.363764,25.562268],[-103.363678,25.562313],[-103.363828,25.562547],[-103.363914,25.562501]]]}},{"type":"Feature","properties":{},"geometry":{"type":"Polygon","coordinates":[[[-103.364103,25.562401],[-103.363953,25.562167],[-103.363867,25.562213],[-103.364017,25.562447],[-103.364103,25.562401]]]}},{"type":"Feature","properties":{},"geometry":{"type":"Polygon","coordinates":[[[-103.364189,25.562356],[-103.364039,25.562122],[-103.363953,25.562167],[-103.364103,25.562401],[-103.364189,25.562356]]]}},{"type":"Feature","properties":{},"geometry":{"type":"Polygon","coordinates":[[[-103.364275,25.56231],[-103.364125,25.562077],[-103.364039,25.562122],[-103.364189,25.562356],[-103.364275,25.56231]]]}},{"type":"Feature","properties":{},"geometry":{"type":"Polygon","coordinates":[[[-103.364361,25.562265],[-103.364211,25.562031],[-103.364125,25.562077],[-103.364275,25.56231],[-103.364361,25.562265]]]}},{"type":"Feature","properties":{},"geometry":{"type":"Polygon","coordinates":[[[-103.364447,25.56222],[-103.364297,25.561986],[-103.364211,25.562031],[-103.364361,25.562265],[-103.364447,25.56222]]]}},{"type":"Feature","properties":{},"geometry":{"type":"Polygon","coordinates":[[[-103.364533,25.562174],[-103.364383,25.56194],[-103.364297,25.561986],[-103.364447,25.56222],[-103.364533,25.562174]]]}},{"type":"Feature","properties":{},"geometry":{"type":"Polygon","coordinates":[[[-103.364619,25.562129],[-103.364469,25.561895],[-103.364383,25.56194],[-103.364533,25.562174],[-103.364619,25.562129]]]}},{"type":"Feature","properties":{},"geometry":{"type":"Polygon","coordinates":[[[-103.364705,25.562083],[-103.364555,25.561849],[-103.364469,25.561895],[-103.364619,25.562129],[-103.364705,25.562083]]]}},{"type":"Feature","properties":{},"geometry":{"type":"Polygon","coordinates":[[[-103.364791,25.562038],[-103.364641,25.561804],[-103.364555,25.561849],[-103.364705,25.562083],[-103.364791,25.562038]]]}},{"type":"Feature","properties":{},"geometry":{"type":"Polygon","coordinates":[[[-103.364877,25.561992],[-103.364727,25.561758],[-103.364641,25.561804],[-103.364791,25.562038],[-103.364877,25.561992]]]}},{"type":"Feature","properties":{},"geometry":{"type":"Polygon","coordinates":[[[-103.364963,25.561947],[-103.364813,25.561713],[-103.364727,25.561758],[-103.364877,25.561992],[-103.364963,25.561947]]]}},{"type":"Feature","properties":{},"geometry":{"type":"Polygon","coordinates":[[[-103.365049,25.561901],[-103.364899,25.561667],[-103.364813,25.561713],[-103.364963,25.561947],[-103.365049,25.561901]]]}},{"type":"Feature","properties":{},"geometry":{"type":"Polygon","coordinates":[[[-103.365135,25.561856],[-103.364984,25.561622],[-103.364899,25.561667],[-103.365049,25.561901],[-103.365135,25.561856]]]}},{"type":"Feature","properties":{},"geometry":{"type":"Polygon","coordinates":[[[-103.365221,25.56181],[-103.36507,25.561576],[-103.364984,25.561622],[-103.365135,25.561856],[-103.365221,25.56181]]]}},{"type":"Feature","properties":{},"geometry":{"type":"Polygon","coordinates":[[[-103.365307,25.561765],[-103.365156,25.561531],[-103.36507,25.561576],[-103.365221,25.56181],[-103.365307,25.561765]]]}},{"type":"Feature","properties":{},"geometry":{"type":"Polygon","coordinates":[[[-103.365393,25.561719],[-103.365242,25.561485],[-103.365156,25.561531],[-103.365307,25.561765],[-103.365393,25.561719]]]}},{"type":"Feature","properties":{},"geometry":{"type":"Polygon","coordinates":[[[-103.365479,25.561674],[-103.365328,25.56144],[-103.365242,25.561485],[-103.365393,25.561719],[-103.365479,25.561674]]]}},{"type":"Feature","properties":{},"geometry":{"type":"Polygon","coordinates":[[[-103.365668,25.561574],[-103.365518,25.56134],[-103.365432,25.561385],[-103.365582,25.561619],[-103.365668,25.561574]]]}},{"type":"Feature","properties":{},"geometry":{"type":"Polygon","coordinates":[[[-103.365754,25.561528],[-103.365603,25.561294],[-103.365518,25.56134],[-103.365668,25.561574],[-103.365754,25.561528]]]}},{"type":"Feature","properties":{},"geometry":{"type":"Polygon","coordinates":[[[-103.36584,25.561483],[-103.365689,25.561249],[-103.365603,25.561294],[-103.365754,25.561528],[-103.36584,25.561483]]]}},{"type":"Feature","properties":{},"geometry":{"type":"Polygon","coordinates":[[[-103.365926,25.561437],[-103.365775,25.561203],[-103.365689,25.561249],[-103.36584,25.561483],[-103.365926,25.561437]]]}},{"type":"Feature","properties":{},"geometry":{"type":"Polygon","coordinates":[[[-103.366012,25.561392],[-103.365861,25.561158],[-103.365775,25.561203],[-103.365926,25.561437],[-103.366012,25.561392]]]}},{"type":"Feature","properties":{},"geometry":{"type":"Polygon","coordinates":[[[-103.366098,25.561346],[-103.365947,25.561112],[-103.365861,25.561158],[-103.366012,25.561392],[-103.366098,25.561346]]]}},{"type":"Feature","properties":{},"geometry":{"type":"Polygon","coordinates":[[[-103.366184,25.561301],[-103.366033,25.561067],[-103.365947,25.561112],[-103.366098,25.561346],[-103.366184,25.561301]]]}},{"type":"Feature","properties":{},"geometry":{"type":"Polygon","coordinates":[[[-103.36627,25.561255],[-103.366119,25.561021],[-103.366033,25.561067],[-103.366184,25.561301],[-103.36627,25.561255]]]}},{"type":"Feature","properties":{},"geometry":{"type":"Polygon","coordinates":[[[-103.366356,25.56121],[-103.366205,25.560976],[-103.366119,25.561021],[-103.36627,25.561255],[-103.366356,25.56121]]]}},{"type":"Feature","properties":{},"geometry":{"type":"Polygon","coordinates":[[[-103.366442,25.561164],[-103.366291,25.56093],[-103.366205,25.560976],[-103.366356,25.56121],[-103.366442,25.561164]]]}},{"type":"Feature","properties":{},"geometry":{"type":"Polygon","coordinates":[[[-103.366528,25.561119],[-103.366377,25.560885],[-103.366291,25.56093],[-103.366442,25.561164],[-103.366528,25.561119]]]}},{"type":"Feature","properties":{},"geometry":{"type":"Polygon","coordinates":[[[-103.366614,25.561073],[-103.366463,25.560839],[-103.366377,25.560885],[-103.366528,25.561119],[-103.366614,25.561073]]]}},{"type":"Feature","properties":{},"geometry":{"type":"Polygon","coordinates":[[[-103.3667,25.561028],[-103.366549,25.560794],[-103.366463,25.560839],[-103.366614,25.561073],[-103.3667,25.561028]]]}},{"type":"Feature","properties":{},"geometry":{"type":"Polygon","coordinates":[[[-103.366786,25.560982],[-103.366635,25.560749],[-103.366549,25.560794],[-103.3667,25.561028],[-103.366786,25.560982]]]}},{"type":"Feature","properties":{},"geometry":{"type":"Polygon","coordinates":[[[-103.366872,25.560937],[-103.366721,25.560703],[-103.366635,25.560749],[-103.366786,25.560982],[-103.366872,25.560937]]]}},{"type":"Feature","properties":{},"geometry":{"type":"Polygon","coordinates":[[[-103.366957,25.560892],[-103.366807,25.560658],[-103.366721,25.560703],[-103.366872,25.560937],[-103.366957,25.560892]]]}},{"type":"Feature","properties":{},"geometry":{"type":"Polygon","coordinates":[[[-103.367043,25.560846],[-103.366893,25.560612],[-103.366807,25.560658],[-103.366957,25.560892],[-103.367043,25.560846]]]}},{"type":"Feature","properties":{},"geometry":{"type":"Polygon","coordinates":[[[-103.367233,25.560746],[-103.367082,25.560512],[-103.366996,25.560558],[-103.367147,25.560791],[-103.367233,25.560746]]]}},{"type":"Feature","properties":{},"geometry":{"type":"Polygon","coordinates":[[[-103.367319,25.5607],[-103.367168,25.560467],[-103.367082,25.560512],[-103.367233,25.560746],[-103.367319,25.5607]]]}},{"type":"Feature","properties":{},"geometry":{"type":"Polygon","coordinates":[[[-103.367405,25.560655],[-103.367254,25.560421],[-103.367168,25.560467],[-103.367319,25.5607],[-103.367405,25.560655]]]}},{"type":"Feature","properties":{},"geometry":{"type":"Polygon","coordinates":[[[-103.36749,25.56061],[-103.36734,25.560376],[-103.367254,25.560421],[-103.367405,25.560655],[-103.36749,25.56061]]]}},{"type":"Feature","properties":{},"geometry":{"type":"Polygon","coordinates":[[[-103.367576,25.560564],[-103.367426,25.56033],[-103.36734,25.560376],[-103.36749,25.56061],[-103.367576,25.560564]]]}},{"type":"Feature","properties":{},"geometry":{"type":"Polygon","coordinates":[[[-103.367662,25.560519],[-103.367512,25.560285],[-103.367426,25.56033],[-103.367576,25.560564],[-103.367662,25.560519]]]}},{"type":"Feature","properties":{},"geometry":{"type":"Polygon","coordinates":[[[-103.367748,25.560473],[-103.367598,25.560239],[-103.367512,25.560285],[-103.367662,25.560519],[-103.367748,25.560473]]]}},{"type":"Feature","properties":{},"geometry":{"type":"Polygon","coordinates":[[[-103.367834,25.560428],[-103.367684,25.560194],[-103.367598,25.560239],[-103.367748,25.560473],[-103.367834,25.560428]]]}},{"type":"Feature","properties":{},"geometry":{"type":"Polygon","coordinates":[[[-103.36792,25.560382],[-103.36777,25.560148],[-103.367684,25.560194],[-103.367834,25.560428],[-103.36792,25.560382]]]}},{"type":"Feature","properties":{},"geometry":{"type":"Polygon","coordinates":[[[-103.368006,25.560337],[-103.367856,25.560103],[-103.36777,25.560148],[-103.36792,25.560382],[-103.368006,25.560337]]]}},{"type":"Feature","properties":{},"geometry":{"type":"Polygon","coordinates":[[[-103.368092,25.560291],[-103.367942,25.560057],[-103.367856,25.560103],[-103.368006,25.560337],[-103.368092,25.560291]]]}},{"type":"Feature","properties":{},"geometry":{"type":"Polygon","coordinates":[[[-103.368178,25.560246],[-103.368028,25.560012],[-103.367942,25.560057],[-103.368092,25.560291],[-103.368178,25.560246]]]}},{"type":"Feature","properties":{},"geometry":{"type":"Polygon","coordinates":[[[-103.368264,25.5602],[-103.368114,25.559966],[-103.368028,25.560012],[-103.368178,25.560246],[-103.368264,25.5602]]]}},{"type":"Feature","properties":{},"geometry":{"type":"Polygon","coordinates":[[[-103.36835,25.560155],[-103.3682,25.559921],[-103.368114,25.559966],[-103.368264,25.5602],[-103.36835,25.560155]]]}},{"type":"Feature","properties":{},"geometry":{"type":"Polygon","coordinates":[[[-103.368436,25.560109],[-103.368286,25.559875],[-103.3682,25.559921],[-103.36835,25.560155],[-103.368436,25.560109]]]}},{"type":"Feature","properties":{},"geometry":{"type":"Polygon","coordinates":[[[-103.368522,25.560064],[-103.368372,25.55983],[-103.368286,25.559875],[-103.368436,25.560109],[-103.368522,25.560064]]]}},{"type":"Feature","properties":{},"geometry":{"type":"Polygon","coordinates":[[[-103.368608,25.560018],[-103.368458,25.559784],[-103.368372,25.55983],[-103.368522,25.560064],[-103.368608,25.560018]]]}},{"type":"Feature","properties":{},"geometry":{"type":"Polygon","coordinates":[[[-103.368797,25.559918],[-103.368647,25.559684],[-103.368561,25.55973],[-103.368711,25.559964],[-103.368797,25.559918]]]}},{"type":"Feature","properties":{},"geometry":{"type":"Polygon","coordinates":[[[-103.368883,25.559873],[-103.368733,25.559639],[-103.368647,25.559684],[-103.368797,25.559918],[-103.368883,25.559873]]]}},{"type":"Feature","properties":{},"geometry":{"type":"Polygon","coordinates":[[[-103.368969,25.559827],[-103.368819,25.559593],[-103.368733,25.559639],[-103.368883,25.559873],[-103.368969,25.559827]]]}},{"type":"Feature","properties":{},"geometry":{"type":"Polygon","coordinates":[[[-103.358167,25.565855],[-103.358016,25.565621],[-103.35793,25.565667],[-103.358081,25.565901],[-103.358167,25.565855]]]}},{"type":"Feature","properties":{},"geometry":{"type":"Polygon","coordinates":[[[-103.358253,25.56581],[-103.358102,25.565576],[-103.358016,25.565621],[-103.358167,25.565855],[-103.358253,25.56581]]]}},{"type":"Feature","properties":{},"geometry":{"type":"Polygon","coordinates":[[[-103.358339,25.565764],[-103.358188,25.56553],[-103.358102,25.565576],[-103.358253,25.56581],[-103.358339,25.565764]]]}},{"type":"Feature","properties":{},"geometry":{"type":"Polygon","coordinates":[[[-103.358425,25.565719],[-103.358274,25.565485],[-103.358188,25.56553],[-103.358339,25.565764],[-103.358425,25.565719]]]}},{"type":"Feature","properties":{},"geometry":{"type":"Polygon","coordinates":[[[-103.358511,25.565673],[-103.35836,25.565439],[-103.358274,25.565485],[-103.358425,25.565719],[-103.358511,25.565673]]]}},{"type":"Feature","properties":{},"geometry":{"type":"Polygon","coordinates":[[[-103.358597,25.565628],[-103.358446,25.565394],[-103.35836,25.565439],[-103.358511,25.565673],[-103.358597,25.565628]]]}},{"type":"Feature","properties":{},"geometry":{"type":"Polygon","coordinates":[[[-103.358683,25.565582],[-103.358532,25.565348],[-103.358446,25.565394],[-103.358597,25.565628],[-103.358683,25.565582]]]}},{"type":"Feature","properties":{},"geometry":{"type":"Polygon","coordinates":[[[-103.358769,25.565537],[-103.358618,25.565303],[-103.358532,25.565348],[-103.358683,25.565582],[-103.358769,25.565537]]]}},{"type":"Feature","properties":{},"geometry":{"type":"Polygon","coordinates":[[[-103.358855,25.565491],[-103.358704,25.565257],[-103.358618,25.565303],[-103.358769,25.565537],[-103.358855,25.565491]]]}},{"type":"Feature","properties":{},"geometry":{"type":"Polygon","coordinates":[[[-103.358941,25.565446],[-103.35879,25.565212],[-103.358704,25.565257],[-103.358855,25.565491],[-103.358941,25.565446]]]}},{"type":"Feature","properties":{},"geometry":{"type":"Polygon","coordinates":[[[-103.359027,25.5654],[-103.358876,25.565166],[-103.35879,25.565212],[-103.358941,25.565446],[-103.359027,25.5654]]]}},{"type":"Feature","properties":{},"geometry":{"type":"Polygon","coordinates":[[[-103.359112,25.565355],[-103.358962,25.565121],[-103.358876,25.565166],[-103.359027,25.5654],[-103.359112,25.565355]]]}},{"type":"Feature","properties":{},"geometry":{"type":"Polygon","coordinates":[[[-103.359198,25.565309],[-103.359048,25.565075],[-103.358962,25.565121],[-103.359112,25.565355],[-103.359198,25.565309]]]}},{"type":"Feature","properties":{},"geometry":{"type":"Polygon","coordinates":[[[-103.359284,25.565264],[-103.359134,25.56503],[-103.359048,25.565075],[-103.359198,25.565309],[-103.359284,25.565264]]]}},{"type":"Feature","properties":{},"geometry":{"type":"Polygon","coordinates":[[[-103.35937,25.565218],[-103.35922,25.564985],[-103.359134,25.56503],[-103.359284,25.565264],[-103.35937,25.565218]]]}},{"type":"Feature","properties":{},"geometry":{"type":"Polygon","coordinates":[[[-103.35956,25.565118],[-103.359409,25.564884],[-103.359323,25.56493],[-103.359474,25.565164],[-103.35956,25.565118]]]}},{"type":"Feature","properties":{},"geometry":{"type":"Polygon","coordinates":[[[-103.359646,25.565073],[-103.359495,25.564839],[-103.359409,25.564884],[-103.35956,25.565118],[-103.359646,25.565073]]]}},{"type":"Feature","properties":{},"geometry":{"type":"Polygon","coordinates":[[[-103.359732,25.565027],[-103.359581,25.564794],[-103.359495,25.564839],[-103.359646,25.565073],[-103.359732,25.565027]]]}},{"type":"Feature","properties":{},"geometry":{"type":"Polygon","coordinates":[[[-103.359817,25.564982],[-103.359667,25.564748],[-103.359581,25.564794],[-103.359732,25.565027],[-103.359817,25.564982]]]}},{"type":"Feature","properties":{},"geometry":{"type":"Polygon","coordinates":[[[-103.359903,25.564937],[-103.359753,25.564703],[-103.359667,25.564748],[-103.359817,25.564982],[-103.359903,25.564937]]]}},{"type":"Feature","properties":{},"geometry":{"type":"Polygon","coordinates":[[[-103.359989,25.564891],[-103.359839,25.564657],[-103.359753,25.564703],[-103.359903,25.564937],[-103.359989,25.564891]]]}},{"type":"Feature","properties":{},"geometry":{"type":"Polygon","coordinates":[[[-103.360075,25.564846],[-103.359925,25.564612],[-103.359839,25.564657],[-103.359989,25.564891],[-103.360075,25.564846]]]}},{"type":"Feature","properties":{},"geometry":{"type":"Polygon","coordinates":[[[-103.360161,25.5648],[-103.360011,25.564566],[-103.359925,25.564612],[-103.360075,25.564846],[-103.360161,25.5648]]]}},{"type":"Feature","properties":{},"geometry":{"type":"Polygon","coordinates":[[[-103.360247,25.564755],[-103.360097,25.564521],[-103.360011,25.564566],[-103.360161,25.5648],[-103.360247,25.564755]]]}},{"type":"Feature","properties":{},"geometry":{"type":"Polygon","coordinates":[[[-103.360333,25.564709],[-103.360183,25.564475],[-103.360097,25.564521],[-103.360247,25.564755],[-103.360333,25.564709]]]}},{"type":"Feature","properties":{},"geometry":{"type":"Polygon","coordinates":[[[-103.360419,25.564664],[-103.360269,25.56443],[-103.360183,25.564475],[-103.360333,25.564709],[-103.360419,25.564664]]]}},{"type":"Feature","properties":{},"geometry":{"type":"Polygon","coordinates":[[[-103.360505,25.564618],[-103.360355,25.564384],[-103.360269,25.56443],[-103.360419,25.564664],[-103.360505,25.564618]]]}},{"type":"Feature","properties":{},"geometry":{"type":"Polygon","coordinates":[[[-103.360591,25.564573],[-103.360441,25.564339],[-103.360355,25.564384],[-103.360505,25.564618],[-103.360591,25.564573]]]}},{"type":"Feature","properties":{},"geometry":{"type":"Polygon","coordinates":[[[-103.360677,25.564527],[-103.360527,25.564293],[-103.360441,25.564339],[-103.360591,25.564573],[-103.360677,25.564527]]]}},{"type":"Feature","properties":{},"geometry":{"type":"Polygon","coordinates":[[[-103.360763,25.564482],[-103.360613,25.564248],[-103.360527,25.564293],[-103.360677,25.564527],[-103.360763,25.564482]]]}},{"type":"Feature","properties":{},"geometry":{"type":"Polygon","coordinates":[[[-103.360849,25.564436],[-103.360699,25.564202],[-103.360613,25.564248],[-103.360763,25.564482],[-103.360849,25.564436]]]}},{"type":"Feature","properties":{},"geometry":{"type":"Polygon","coordinates":[[[-103.360935,25.564391],[-103.360785,25.564157],[-103.360699,25.564202],[-103.360849,25.564436],[-103.360935,25.564391]]]}},{"type":"Feature","properties":{},"geometry":{"type":"Polygon","coordinates":[[[-103.361124,25.564291],[-103.360974,25.564057],[-103.360888,25.564102],[-103.361038,25.564336],[-103.361124,25.564291]]]}},{"type":"Feature","properties":{},"geometry":{"type":"Polygon","coordinates":[[[-103.36121,25.564245],[-103.36106,25.564011],[-103.360974,25.564057],[-103.361124,25.564291],[-103.36121,25.564245]]]}},{"type":"Feature","properties":{},"geometry":{"type":"Polygon","coordinates":[[[-103.361296,25.5642],[-103.361146,25.563966],[-103.36106,25.564011],[-103.36121,25.564245],[-103.361296,25.5642]]]}},{"type":"Feature","properties":{},"geometry":{"type":"Polygon","coordinates":[[[-103.361382,25.564154],[-103.361232,25.56392],[-103.361146,25.563966],[-103.361296,25.5642],[-103.361382,25.564154]]]}},{"type":"Feature","properties":{},"geometry":{"type":"Polygon","coordinates":[[[-103.361468,25.564109],[-103.361318,25.563875],[-103.361232,25.56392],[-103.361382,25.564154],[-103.361468,25.564109]]]}},{"type":"Feature","properties":{},"geometry":{"type":"Polygon","coordinates":[[[-103.361554,25.564063],[-103.361404,25.563829],[-103.361318,25.563875],[-103.361468,25.564109],[-103.361554,25.564063]]]}},{"type":"Feature","properties":{},"geometry":{"type":"Polygon","coordinates":[[[-103.36164,25.564018],[-103.36149,25.563784],[-103.361404,25.563829],[-103.361554,25.564063],[-103.36164,25.564018]]]}},{"type":"Feature","properties":{},"geometry":{"type":"Polygon","coordinates":[[[-103.361726,25.563972],[-103.361576,25.563738],[-103.36149,25.563784],[-103.36164,25.564018],[-103.361726,25.563972]]]}},{"type":"Feature","properties":{},"geometry":{"type":"Polygon","coordinates":[[[-103.361812,25.563927],[-103.361662,25.563693],[-103.361576,25.563738],[-103.361726,25.563972],[-103.361812,25.563927]]]}},{"type":"Feature","properties":{},"geometry":{"type":"Polygon","coordinates":[[[-103.361898,25.563881],[-103.361748,25.563648],[-103.361662,25.563693],[-103.361812,25.563927],[-103.361898,25.563881]]]}},{"type":"Feature","properties":{},"geometry":{"type":"Polygon","coordinates":[[[-103.361984,25.563836],[-103.361834,25.563602],[-103.361748,25.563648],[-103.361898,25.563881],[-103.361984,25.563836]]]}},{"type":"Feature","properties":{},"geometry":{"type":"Polygon","coordinates":[[[-103.36207,25.563791],[-103.36192,25.563557],[-103.361834,25.563602],[-103.361984,25.563836],[-103.36207,25.563791]]]}},{"type":"Feature","properties":{},"geometry":{"type":"Polygon","coordinates":[[[-103.362156,25.563745],[-103.362006,25.563511],[-103.36192,25.563557],[-103.36207,25.563791],[-103.362156,25.563745]]]}},{"type":"Feature","properties":{},"geometry":{"type":"Polygon","coordinates":[[[-103.362242,25.5637],[-103.362092,25.563466],[-103.362006,25.563511],[-103.362156,25.563745],[-103.362242,25.5637]]]}},{"type":"Feature","properties":{},"geometry":{"type":"Polygon","coordinates":[[[-103.362328,25.563654],[-103.362178,25.56342],[-103.362092,25.563466],[-103.362242,25.5637],[-103.362328,25.563654]]]}},{"type":"Feature","properties":{},"geometry":{"type":"Polygon","coordinates":[[[-103.362414,25.563609],[-103.362263,25.563375],[-103.362178,25.56342],[-103.362328,25.563654],[-103.362414,25.563609]]]}},{"type":"Feature","properties":{},"geometry":{"type":"Polygon","coordinates":[[[-103.3625,25.563563],[-103.362349,25.563329],[-103.362263,25.563375],[-103.362414,25.563609],[-103.3625,25.563563]]]}},{"type":"Feature","properties":{},"geometry":{"type":"Polygon","coordinates":[[[-103.362689,25.563463],[-103.362539,25.563229],[-103.362453,25.563275],[-103.362603,25.563509],[-103.362689,25.563463]]]}},{"type":"Feature","properties":{},"geometry":{"type":"Polygon","coordinates":[[[-103.362775,25.563418],[-103.362625,25.563184],[-103.362539,25.563229],[-103.362689,25.563463],[-103.362775,25.563418]]]}},{"type":"Feature","properties":{},"geometry":{"type":"Polygon","coordinates":[[[-103.362861,25.563372],[-103.362711,25.563138],[-103.362625,25.563184],[-103.362775,25.563418],[-103.362861,25.563372]]]}},{"type":"Feature","properties":{},"geometry":{"type":"Polygon","coordinates":[[[-103.362947,25.563327],[-103.362797,25.563093],[-103.362711,25.563138],[-103.362861,25.563372],[-103.362947,25.563327]]]}},{"type":"Feature","properties":{},"geometry":{"type":"Polygon","coordinates":[[[-103.363033,25.563281],[-103.362882,25.563047],[-103.362797,25.563093],[-103.362947,25.563327],[-103.363033,25.563281]]]}},{"type":"Feature","properties":{},"geometry":{"type":"Polygon","coordinates":[[[-103.363119,25.563236],[-103.362968,25.563002],[-103.362882,25.563047],[-103.363033,25.563281],[-103.363119,25.563236]]]}},{"type":"Feature","properties":{},"geometry":{"type":"Polygon","coordinates":[[[-103.363205,25.56319],[-103.363054,25.562956],[-103.362968,25.563002],[-103.363119,25.563236],[-103.363205,25.56319]]]}},{"type":"Feature","properties":{},"geometry":{"type":"Polygon","coordinates":[[[-103.363291,25.563145],[-103.36314,25.562911],[-103.363054,25.562956],[-103.363205,25.56319],[-103.363291,25.563145]]]}},{"type":"Feature","properties":{},"geometry":{"type":"Polygon","coordinates":[[[-103.363377,25.563099],[-103.363226,25.562865],[-103.36314,25.562911],[-103.363291,25.563145],[-103.363377,25.563099]]]}},{"type":"Feature","properties":{},"geometry":{"type":"Polygon","coordinates":[[[-103.363463,25.563054],[-103.363312,25.56282],[-103.363226,25.562865],[-103.363377,25.563099],[-103.363463,25.563054]]]}},{"type":"Feature","properties":{},"geometry":{"type":"Polygon","coordinates":[[[-103.363549,25.563008],[-103.363398,25.562774],[-103.363312,25.56282],[-103.363463,25.563054],[-103.363549,25.563008]]]}},{"type":"Feature","properties":{},"geometry":{"type":"Polygon","coordinates":[[[-103.363635,25.562963],[-103.363484,25.562729],[-103.363398,25.562774],[-103.363549,25.563008],[-103.363635,25.562963]]]}},{"type":"Feature","properties":{},"geometry":{"type":"Polygon","coordinates":[[[-103.363721,25.562917],[-103.36357,25.562683],[-103.363484,25.562729],[-103.363635,25.562963],[-103.363721,25.562917]]]}},{"type":"Feature","properties":{},"geometry":{"type":"Polygon","coordinates":[[[-103.363807,25.562872],[-103.363656,25.562638],[-103.36357,25.562683],[-103.363721,25.562917],[-103.363807,25.562872]]]}},{"type":"Feature","properties":{},"geometry":{"type":"Polygon","coordinates":[[[-103.363893,25.562826],[-103.363742,25.562592],[-103.363656,25.562638],[-103.363807,25.562872],[-103.363893,25.562826]]]}},{"type":"Feature","properties":{},"geometry":{"type":"Polygon","coordinates":[[[-103.363979,25.562781],[-103.363828,25.562547],[-103.363742,25.562592],[-103.363893,25.562826],[-103.363979,25.562781]]]}},{"type":"Feature","properties":{},"geometry":{"type":"Polygon","coordinates":[[[-103.364065,25.562735],[-103.363914,25.562501],[-103.363828,25.562547],[-103.363979,25.562781],[-103.364065,25.562735]]]}},{"type":"Feature","properties":{},"geometry":{"type":"Polygon","coordinates":[[[-103.364254,25.562635],[-103.364103,25.562401],[-103.364017,25.562447],[-103.364168,25.562681],[-103.364254,25.562635]]]}},{"type":"Feature","properties":{},"geometry":{"type":"Polygon","coordinates":[[[-103.36434,25.56259],[-103.364189,25.562356],[-103.364103,25.562401],[-103.364254,25.562635],[-103.36434,25.56259]]]}},{"type":"Feature","properties":{},"geometry":{"type":"Polygon","coordinates":[[[-103.364426,25.562544],[-103.364275,25.56231],[-103.364189,25.562356],[-103.36434,25.56259],[-103.364426,25.562544]]]}},{"type":"Feature","properties":{},"geometry":{"type":"Polygon","coordinates":[[[-103.364512,25.562499],[-103.364361,25.562265],[-103.364275,25.56231],[-103.364426,25.562544],[-103.364512,25.562499]]]}},{"type":"Feature","properties":{},"geometry":{"type":"Polygon","coordinates":[[[-103.364598,25.562453],[-103.364447,25.56222],[-103.364361,25.562265],[-103.364512,25.562499],[-103.364598,25.562453]]]}},{"type":"Feature","properties":{},"geometry":{"type":"Polygon","coordinates":[[[-103.364684,25.562408],[-103.364533,25.562174],[-103.364447,25.56222],[-103.364598,25.562453],[-103.364684,25.562408]]]}},{"type":"Feature","properties":{},"geometry":{"type":"Polygon","coordinates":[[[-103.36477,25.562362],[-103.364619,25.562129],[-103.364533,25.562174],[-103.364684,25.562408],[-103.36477,25.562362]]]}},{"type":"Feature","properties":{},"geometry":{"type":"Polygon","coordinates":[[[-103.364855,25.562317],[-103.364705,25.562083],[-103.364619,25.562129],[-103.36477,25.562362],[-103.364855,25.562317]]]}},{"type":"Feature","properties":{},"geometry":{"type":"Polygon","coordinates":[[[-103.364941,25.562272],[-103.364791,25.562038],[-103.364705,25.562083],[-103.364855,25.562317],[-103.364941,25.562272]]]}},{"type":"Feature","properties":{},"geometry":{"type":"Polygon","coordinates":[[[-103.365027,25.562226],[-103.364877,25.561992],[-103.364791,25.562038],[-103.364941,25.562272],[-103.365027,25.562226]]]}},{"type":"Feature","properties":{},"geometry":{"type":"Polygon","coordinates":[[[-103.365113,25.562181],[-103.364963,25.561947],[-103.364877,25.561992],[-103.365027,25.562226],[-103.365113,25.562181]]]}},{"type":"Feature","properties":{},"geometry":{"type":"Polygon","coordinates":[[[-103.365199,25.562135],[-103.365049,25.561901],[-103.364963,25.561947],[-103.365113,25.562181],[-103.365199,25.562135]]]}},{"type":"Feature","properties":{},"geometry":{"type":"Polygon","coordinates":[[[-103.365285,25.56209],[-103.365135,25.561856],[-103.365049,25.561901],[-103.365199,25.562135],[-103.365285,25.56209]]]}},{"type":"Feature","properties":{},"geometry":{"type":"Polygon","coordinates":[[[-103.365371,25.562044],[-103.365221,25.56181],[-103.365135,25.561856],[-103.365285,25.56209],[-103.365371,25.562044]]]}},{"type":"Feature","properties":{},"geometry":{"type":"Polygon","coordinates":[[[-103.365457,25.561999],[-103.365307,25.561765],[-103.365221,25.56181],[-103.365371,25.562044],[-103.365457,25.561999]]]}},{"type":"Feature","properties":{},"geometry":{"type":"Polygon","coordinates":[[[-103.365543,25.561953],[-103.365393,25.561719],[-103.365307,25.561765],[-103.365457,25.561999],[-103.365543,25.561953]]]}},{"type":"Feature","properties":{},"geometry":{"type":"Polygon","coordinates":[[[-103.365629,25.561908],[-103.365479,25.561674],[-103.365393,25.561719],[-103.365543,25.561953],[-103.365629,25.561908]]]}},{"type":"Feature","properties":{},"geometry":{"type":"Polygon","coordinates":[[[-103.365818,25.561808],[-103.365668,25.561574],[-103.365582,25.561619],[-103.365732,25.561853],[-103.365818,25.561808]]]}},{"type":"Feature","properties":{},"geometry":{"type":"Polygon","coordinates":[[[-103.365904,25.561762],[-103.365754,25.561528],[-103.365668,25.561574],[-103.365818,25.561808],[-103.365904,25.561762]]]}},{"type":"Feature","properties":{},"geometry":{"type":"Polygon","coordinates":[[[-103.36599,25.561717],[-103.36584,25.561483],[-103.365754,25.561528],[-103.365904,25.561762],[-103.36599,25.561717]]]}},{"type":"Feature","properties":{},"geometry":{"type":"Polygon","coordinates":[[[-103.366076,25.561671],[-103.365926,25.561437],[-103.36584,25.561483],[-103.36599,25.561717],[-103.366076,25.561671]]]}},{"type":"Feature","properties":{},"geometry":{"type":"Polygon","coordinates":[[[-103.366162,25.561626],[-103.366012,25.561392],[-103.365926,25.561437],[-103.366076,25.561671],[-103.366162,25.561626]]]}},{"type":"Feature","properties":{},"geometry":{"type":"Polygon","coordinates":[[[-103.366248,25.56158],[-103.366098,25.561346],[-103.366012,25.561392],[-103.366162,25.561626],[-103.366248,25.56158]]]}},{"type":"Feature","properties":{},"geometry":{"type":"Polygon","coordinates":[[[-103.366334,25.561535],[-103.366184,25.561301],[-103.366098,25.561346],[-103.366248,25.56158],[-103.366334,25.561535]]]}},{"type":"Feature","properties":{},"geometry":{"type":"Polygon","coordinates":[[[-103.36642,25.561489],[-103.36627,25.561255],[-103.366184,25.561301],[-103.366334,25.561535],[-103.36642,25.561489]]]}},{"type":"Feature","properties":{},"geometry":{"type":"Polygon","coordinates":[[[-103.366506,25.561444],[-103.366356,25.56121],[-103.36627,25.561255],[-103.36642,25.561489],[-103.366506,25.561444]]]}},{"type":"Feature","properties":{},"geometry":{"type":"Polygon","coordinates":[[[-103.366592,25.561398],[-103.366442,25.561164],[-103.366356,25.56121],[-103.366506,25.561444],[-103.366592,25.561398]]]}},{"type":"Feature","properties":{},"geometry":{"type":"Polygon","coordinates":[[[-103.366678,25.561353],[-103.366528,25.561119],[-103.366442,25.561164],[-103.366592,25.561398],[-103.366678,25.561353]]]}},{"type":"Feature","properties":{},"geometry":{"type":"Polygon","coordinates":[[[-103.366764,25.561307],[-103.366614,25.561073],[-103.366528,25.561119],[-103.366678,25.561353],[-103.366764,25.561307]]]}},{"type":"Feature","properties":{},"geometry":{"type":"Polygon","coordinates":[[[-103.36685,25.561262],[-103.3667,25.561028],[-103.366614,25.561073],[-103.366764,25.561307],[-103.36685,25.561262]]]}},{"type":"Feature","properties":{},"geometry":{"type":"Polygon","coordinates":[[[-103.366936,25.561216],[-103.366786,25.560982],[-103.3667,25.561028],[-103.36685,25.561262],[-103.366936,25.561216]]]}},{"type":"Feature","properties":{},"geometry":{"type":"Polygon","coordinates":[[[-103.367022,25.561171],[-103.366872,25.560937],[-103.366786,25.560982],[-103.366936,25.561216],[-103.367022,25.561171]]]}},{"type":"Feature","properties":{},"geometry":{"type":"Polygon","coordinates":[[[-103.367108,25.561125],[-103.366957,25.560892],[-103.366872,25.560937],[-103.367022,25.561171],[-103.367108,25.561125]]]}},{"type":"Feature","properties":{},"geometry":{"type":"Polygon","coordinates":[[[-103.367194,25.56108],[-103.367043,25.560846],[-103.366957,25.560892],[-103.367108,25.561125],[-103.367194,25.56108]]]}},{"type":"Feature","properties":{},"geometry":{"type":"Polygon","coordinates":[[[-103.367383,25.56098],[-103.367233,25.560746],[-103.367147,25.560791],[-103.367297,25.561025],[-103.367383,25.56098]]]}},{"type":"Feature","properties":{},"geometry":{"type":"Polygon","coordinates":[[[-103.367469,25.560934],[-103.367319,25.5607],[-103.367233,25.560746],[-103.367383,25.56098],[-103.367469,25.560934]]]}},{"type":"Feature","properties":{},"geometry":{"type":"Polygon","coordinates":[[[-103.367555,25.560889],[-103.367405,25.560655],[-103.367319,25.5607],[-103.367469,25.560934],[-103.367555,25.560889]]]}},{"type":"Feature","properties":{},"geometry":{"type":"Polygon","coordinates":[[[-103.367641,25.560843],[-103.36749,25.56061],[-103.367405,25.560655],[-103.367555,25.560889],[-103.367641,25.560843]]]}},{"type":"Feature","properties":{},"geometry":{"type":"Polygon","coordinates":[[[-103.367727,25.560798],[-103.367576,25.560564],[-103.36749,25.56061],[-103.367641,25.560843],[-103.367727,25.560798]]]}},{"type":"Feature","properties":{},"geometry":{"type":"Polygon","coordinates":[[[-103.367813,25.560752],[-103.367662,25.560519],[-103.367576,25.560564],[-103.367727,25.560798],[-103.367813,25.560752]]]}},{"type":"Feature","properties":{},"geometry":{"type":"Polygon","coordinates":[[[-103.367899,25.560707],[-103.367748,25.560473],[-103.367662,25.560519],[-103.367813,25.560752],[-103.367899,25.560707]]]}},{"type":"Feature","properties":{},"geometry":{"type":"Polygon","coordinates":[[[-103.367985,25.560662],[-103.367834,25.560428],[-103.367748,25.560473],[-103.367899,25.560707],[-103.367985,25.560662]]]}},{"type":"Feature","properties":{},"geometry":{"type":"Polygon","coordinates":[[[-103.368071,25.560616],[-103.36792,25.560382],[-103.367834,25.560428],[-103.367985,25.560662],[-103.368071,25.560616]]]}},{"type":"Feature","properties":{},"geometry":{"type":"Polygon","coordinates":[[[-103.368157,25.560571],[-103.368006,25.560337],[-103.36792,25.560382],[-103.368071,25.560616],[-103.368157,25.560571]]]}},{"type":"Feature","properties":{},"geometry":{"type":"Polygon","coordinates":[[[-103.368243,25.560525],[-103.368092,25.560291],[-103.368006,25.560337],[-103.368157,25.560571],[-103.368243,25.560525]]]}},{"type":"Feature","properties":{},"geometry":{"type":"Polygon","coordinates":[[[-103.368329,25.56048],[-103.368178,25.560246],[-103.368092,25.560291],[-103.368243,25.560525],[-103.368329,25.56048]]]}},{"type":"Feature","properties":{},"geometry":{"type":"Polygon","coordinates":[[[-103.368415,25.560434],[-103.368264,25.5602],[-103.368178,25.560246],[-103.368329,25.56048],[-103.368415,25.560434]]]}},{"type":"Feature","properties":{},"geometry":{"type":"Polygon","coordinates":[[[-103.368501,25.560389],[-103.36835,25.560155],[-103.368264,25.5602],[-103.368415,25.560434],[-103.368501,25.560389]]]}},{"type":"Feature","properties":{},"geometry":{"type":"Polygon","coordinates":[[[-103.368587,25.560343],[-103.368436,25.560109],[-103.36835,25.560155],[-103.368501,25.560389],[-103.368587,25.560343]]]}},{"type":"Feature","properties":{},"geometry":{"type":"Polygon","coordinates":[[[-103.368673,25.560298],[-103.368522,25.560064],[-103.368436,25.560109],[-103.368587,25.560343],[-103.368673,25.560298]]]}},{"type":"Feature","properties":{},"geometry":{"type":"Polygon","coordinates":[[[-103.368758,25.560252],[-103.368608,25.560018],[-103.368522,25.560064],[-103.368673,25.560298],[-103.368758,25.560252]]]}},{"type":"Feature","properties":{},"geometry":{"type":"Polygon","coordinates":[[[-103.368948,25.560152],[-103.368797,25.559918],[-103.368711,25.559964],[-103.368862,25.560198],[-103.368948,25.560152]]]}},{"type":"Feature","properties":{},"geometry":{"type":"Polygon","coordinates":[[[-103.369034,25.560107],[-103.368883,25.559873],[-103.368797,25.559918],[-103.368948,25.560152],[-103.369034,25.560107]]]}},{"type":"Feature","properties":{},"geometry":{"type":"Polygon","coordinates":[[[-103.358979,25.565864],[-103.358829,25.56563],[-103.358743,25.565676],[-103.358893,25.56591],[-103.358979,25.565864]]]}},{"type":"Feature","properties":{},"geometry":{"type":"Polygon","coordinates":[[[-103.359065,25.565819],[-103.358915,25.565585],[-103.358829,25.56563],[-103.358979,25.565864],[-103.359065,25.565819]]]}},{"type":"Feature","properties":{},"geometry":{"type":"Polygon","coordinates":[[[-103.359151,25.565773],[-103.359001,25.565539],[-103.358915,25.565585],[-103.359065,25.565819],[-103.359151,25.565773]]]}},{"type":"Feature","properties":{},"geometry":{"type":"Polygon","coordinates":[[[-103.359237,25.565728],[-103.359087,25.565494],[-103.359001,25.565539],[-103.359151,25.565773],[-103.359237,25.565728]]]}},{"type":"Feature","properties":{},"geometry":{"type":"Polygon","coordinates":[[[-103.359323,25.565682],[-103.359173,25.565448],[-103.359087,25.565494],[-103.359237,25.565728],[-103.359323,25.565682]]]}},{"type":"Feature","properties":{},"geometry":{"type":"Polygon","coordinates":[[[-103.359409,25.565637],[-103.359259,25.565403],[-103.359173,25.565448],[-103.359323,25.565682],[-103.359409,25.565637]]]}},{"type":"Feature","properties":{},"geometry":{"type":"Polygon","coordinates":[[[-103.359495,25.565591],[-103.359345,25.565358],[-103.359259,25.565403],[-103.359409,25.565637],[-103.359495,25.565591]]]}},{"type":"Feature","properties":{},"geometry":{"type":"Polygon","coordinates":[[[-103.359581,25.565546],[-103.359431,25.565312],[-103.359345,25.565358],[-103.359495,25.565591],[-103.359581,25.565546]]]}},{"type":"Feature","properties":{},"geometry":{"type":"Polygon","coordinates":[[[-103.35977,25.565446],[-103.35962,25.565212],[-103.359534,25.565257],[-103.359684,25.565491],[-103.35977,25.565446]]]}},{"type":"Feature","properties":{},"geometry":{"type":"Polygon","coordinates":[[[-103.359856,25.5654],[-103.359706,25.565167],[-103.35962,25.565212],[-103.35977,25.565446],[-103.359856,25.5654]]]}},{"type":"Feature","properties":{},"geometry":{"type":"Polygon","coordinates":[[[-103.359942,25.565355],[-103.359792,25.565121],[-103.359706,25.565167],[-103.359856,25.5654],[-103.359942,25.565355]]]}},{"type":"Feature","properties":{},"geometry":{"type":"Polygon","coordinates":[[[-103.360028,25.56531],[-103.359878,25.565076],[-103.359792,25.565121],[-103.359942,25.565355],[-103.360028,25.56531]]]}},{"type":"Feature","properties":{},"geometry":{"type":"Polygon","coordinates":[[[-103.360114,25.565264],[-103.359964,25.56503],[-103.359878,25.565076],[-103.360028,25.56531],[-103.360114,25.565264]]]}},{"type":"Feature","properties":{},"geometry":{"type":"Polygon","coordinates":[[[-103.3602,25.565219],[-103.36005,25.564985],[-103.359964,25.56503],[-103.360114,25.565264],[-103.3602,25.565219]]]}},{"type":"Feature","properties":{},"geometry":{"type":"Polygon","coordinates":[[[-103.360286,25.565173],[-103.360136,25.564939],[-103.36005,25.564985],[-103.3602,25.565219],[-103.360286,25.565173]]]}},{"type":"Feature","properties":{},"geometry":{"type":"Polygon","coordinates":[[[-103.360372,25.565128],[-103.360222,25.564894],[-103.360136,25.564939],[-103.360286,25.565173],[-103.360372,25.565128]]]}},{"type":"Feature","properties":{},"geometry":{"type":"Polygon","coordinates":[[[-103.360458,25.565082],[-103.360308,25.564848],[-103.360222,25.564894],[-103.360372,25.565128],[-103.360458,25.565082]]]}},{"type":"Feature","properties":{},"geometry":{"type":"Polygon","coordinates":[[[-103.360544,25.565037],[-103.360394,25.564803],[-103.360308,25.564848],[-103.360458,25.565082],[-103.360544,25.565037]]]}},{"type":"Feature","properties":{},"geometry":{"type":"Polygon","coordinates":[[[-103.36063,25.564991],[-103.360479,25.564757],[-103.360394,25.564803],[-103.360544,25.565037],[-103.36063,25.564991]]]}},{"type":"Feature","properties":{},"geometry":{"type":"Polygon","coordinates":[[[-103.360716,25.564946],[-103.360565,25.564712],[-103.360479,25.564757],[-103.36063,25.564991],[-103.360716,25.564946]]]}},{"type":"Feature","properties":{},"geometry":{"type":"Polygon","coordinates":[[[-103.360802,25.5649],[-103.360651,25.564666],[-103.360565,25.564712],[-103.360716,25.564946],[-103.360802,25.5649]]]}},{"type":"Feature","properties":{},"geometry":{"type":"Polygon","coordinates":[[[-103.360888,25.564855],[-103.360737,25.564621],[-103.360651,25.564666],[-103.360802,25.5649],[-103.360888,25.564855]]]}},{"type":"Feature","properties":{},"geometry":{"type":"Polygon","coordinates":[[[-103.360974,25.564809],[-103.360823,25.564575],[-103.360737,25.564621],[-103.360888,25.564855],[-103.360974,25.564809]]]}},{"type":"Feature","properties":{},"geometry":{"type":"Polygon","coordinates":[[[-103.36106,25.564764],[-103.360909,25.56453],[-103.360823,25.564575],[-103.360974,25.564809],[-103.36106,25.564764]]]}},{"type":"Feature","properties":{},"geometry":{"type":"Polygon","coordinates":[[[-103.361146,25.564718],[-103.360995,25.564484],[-103.360909,25.56453],[-103.36106,25.564764],[-103.361146,25.564718]]]}},{"type":"Feature","properties":{},"geometry":{"type":"Polygon","coordinates":[[[-103.361335,25.564618],[-103.361184,25.564384],[-103.361098,25.56443],[-103.361249,25.564664],[-103.361335,25.564618]]]}},{"type":"Feature","properties":{},"geometry":{"type":"Polygon","coordinates":[[[-103.361421,25.564573],[-103.36127,25.564339],[-103.361184,25.564384],[-103.361335,25.564618],[-103.361421,25.564573]]]}},{"type":"Feature","properties":{},"geometry":{"type":"Polygon","coordinates":[[[-103.361507,25.564527],[-103.361356,25.564293],[-103.36127,25.564339],[-103.361421,25.564573],[-103.361507,25.564527]]]}},{"type":"Feature","properties":{},"geometry":{"type":"Polygon","coordinates":[[[-103.361593,25.564482],[-103.361442,25.564248],[-103.361356,25.564293],[-103.361507,25.564527],[-103.361593,25.564482]]]}},{"type":"Feature","properties":{},"geometry":{"type":"Polygon","coordinates":[[[-103.361679,25.564436],[-103.361528,25.564202],[-103.361442,25.564248],[-103.361593,25.564482],[-103.361679,25.564436]]]}},{"type":"Feature","properties":{},"geometry":{"type":"Polygon","coordinates":[[[-103.361765,25.564391],[-103.361614,25.564157],[-103.361528,25.564202],[-103.361679,25.564436],[-103.361765,25.564391]]]}},{"type":"Feature","properties":{},"geometry":{"type":"Polygon","coordinates":[[[-103.361851,25.564345],[-103.3617,25.564111],[-103.361614,25.564157],[-103.361765,25.564391],[-103.361851,25.564345]]]}},{"type":"Feature","properties":{},"geometry":{"type":"Polygon","coordinates":[[[-103.361937,25.5643],[-103.361786,25.564066],[-103.3617,25.564111],[-103.361851,25.564345],[-103.361937,25.5643]]]}},{"type":"Feature","properties":{},"geometry":{"type":"Polygon","coordinates":[[[-103.362023,25.564254],[-103.361872,25.564021],[-103.361786,25.564066],[-103.361937,25.5643],[-103.362023,25.564254]]]}},{"type":"Feature","properties":{},"geometry":{"type":"Polygon","coordinates":[[[-103.362109,25.564209],[-103.361958,25.563975],[-103.361872,25.564021],[-103.362023,25.564254],[-103.362109,25.564209]]]}},{"type":"Feature","properties":{},"geometry":{"type":"Polygon","coordinates":[[[-103.362195,25.564164],[-103.362044,25.56393],[-103.361958,25.563975],[-103.362109,25.564209],[-103.362195,25.564164]]]}},{"type":"Feature","properties":{},"geometry":{"type":"Polygon","coordinates":[[[-103.362281,25.564118],[-103.36213,25.563884],[-103.362044,25.56393],[-103.362195,25.564164],[-103.362281,25.564118]]]}},{"type":"Feature","properties":{},"geometry":{"type":"Polygon","coordinates":[[[-103.362367,25.564073],[-103.362216,25.563839],[-103.36213,25.563884],[-103.362281,25.564118],[-103.362367,25.564073]]]}},{"type":"Feature","properties":{},"geometry":{"type":"Polygon","coordinates":[[[-103.362453,25.564027],[-103.362302,25.563793],[-103.362216,25.563839],[-103.362367,25.564073],[-103.362453,25.564027]]]}},{"type":"Feature","properties":{},"geometry":{"type":"Polygon","coordinates":[[[-103.362538,25.563982],[-103.362388,25.563748],[-103.362302,25.563793],[-103.362453,25.564027],[-103.362538,25.563982]]]}},{"type":"Feature","properties":{},"geometry":{"type":"Polygon","coordinates":[[[-103.362624,25.563936],[-103.362474,25.563702],[-103.362388,25.563748],[-103.362538,25.563982],[-103.362624,25.563936]]]}},{"type":"Feature","properties":{},"geometry":{"type":"Polygon","coordinates":[[[-103.36271,25.563891],[-103.36256,25.563657],[-103.362474,25.563702],[-103.362624,25.563936],[-103.36271,25.563891]]]}},{"type":"Feature","properties":{},"geometry":{"type":"Polygon","coordinates":[[[-103.3629,25.563791],[-103.362749,25.563557],[-103.362663,25.563602],[-103.362814,25.563836],[-103.3629,25.563791]]]}},{"type":"Feature","properties":{},"geometry":{"type":"Polygon","coordinates":[[[-103.362986,25.563745],[-103.362835,25.563511],[-103.362749,25.563557],[-103.3629,25.563791],[-103.362986,25.563745]]]}},{"type":"Feature","properties":{},"geometry":{"type":"Polygon","coordinates":[[[-103.363072,25.5637],[-103.362921,25.563466],[-103.362835,25.563511],[-103.362986,25.563745],[-103.363072,25.5637]]]}},{"type":"Feature","properties":{},"geometry":{"type":"Polygon","coordinates":[[[-103.363157,25.563654],[-103.363007,25.56342],[-103.362921,25.563466],[-103.363072,25.5637],[-103.363157,25.563654]]]}},{"type":"Feature","properties":{},"geometry":{"type":"Polygon","coordinates":[[[-103.363243,25.563609],[-103.363093,25.563375],[-103.363007,25.56342],[-103.363157,25.563654],[-103.363243,25.563609]]]}},{"type":"Feature","properties":{},"geometry":{"type":"Polygon","coordinates":[[[-103.363329,25.563563],[-103.363179,25.563329],[-103.363093,25.563375],[-103.363243,25.563609],[-103.363329,25.563563]]]}},{"type":"Feature","properties":{},"geometry":{"type":"Polygon","coordinates":[[[-103.363415,25.563518],[-103.363265,25.563284],[-103.363179,25.563329],[-103.363329,25.563563],[-103.363415,25.563518]]]}},{"type":"Feature","properties":{},"geometry":{"type":"Polygon","coordinates":[[[-103.363501,25.563472],[-103.363351,25.563238],[-103.363265,25.563284],[-103.363415,25.563518],[-103.363501,25.563472]]]}},{"type":"Feature","properties":{},"geometry":{"type":"Polygon","coordinates":[[[-103.363587,25.563427],[-103.363437,25.563193],[-103.363351,25.563238],[-103.363501,25.563472],[-103.363587,25.563427]]]}},{"type":"Feature","properties":{},"geometry":{"type":"Polygon","coordinates":[[[-103.363673,25.563381],[-103.363523,25.563147],[-103.363437,25.563193],[-103.363587,25.563427],[-103.363673,25.563381]]]}},{"type":"Feature","properties":{},"geometry":{"type":"Polygon","coordinates":[[[-103.363759,25.563336],[-103.363609,25.563102],[-103.363523,25.563147],[-103.363673,25.563381],[-103.363759,25.563336]]]}},{"type":"Feature","properties":{},"geometry":{"type":"Polygon","coordinates":[[[-103.363845,25.56329],[-103.363695,25.563056],[-103.363609,25.563102],[-103.363759,25.563336],[-103.363845,25.56329]]]}},{"type":"Feature","properties":{},"geometry":{"type":"Polygon","coordinates":[[[-103.363931,25.563245],[-103.363781,25.563011],[-103.363695,25.563056],[-103.363845,25.56329],[-103.363931,25.563245]]]}},{"type":"Feature","properties":{},"geometry":{"type":"Polygon","coordinates":[[[-103.364017,25.563199],[-103.363867,25.562965],[-103.363781,25.563011],[-103.363931,25.563245],[-103.364017,25.563199]]]}},{"type":"Feature","properties":{},"geometry":{"type":"Polygon","coordinates":[[[-103.364103,25.563154],[-103.363953,25.56292],[-103.363867,25.562965],[-103.364017,25.563199],[-103.364103,25.563154]]]}},{"type":"Feature","properties":{},"geometry":{"type":"Polygon","coordinates":[[[-103.364189,25.563108],[-103.364039,25.562874],[-103.363953,25.56292],[-103.364103,25.563154],[-103.364189,25.563108]]]}},{"type":"Feature","properties":{},"geometry":{"type":"Polygon","coordinates":[[[-103.364275,25.563063],[-103.364125,25.562829],[-103.364039,25.562874],[-103.364189,25.563108],[-103.364275,25.563063]]]}},{"type":"Feature","properties":{},"geometry":{"type":"Polygon","coordinates":[[[-103.364464,25.562963],[-103.364314,25.562729],[-103.364228,25.562774],[-103.364378,25.563008],[-103.364464,25.562963]]]}},{"type":"Feature","properties":{},"geometry":{"type":"Polygon","coordinates":[[[-103.36455,25.562917],[-103.3644,25.562683],[-103.364314,25.562729],[-103.364464,25.562963],[-103.36455,25.562917]]]}},{"type":"Feature","properties":{},"geometry":{"type":"Polygon","coordinates":[[[-103.364636,25.562872],[-103.364486,25.562638],[-103.3644,25.562683],[-103.36455,25.562917],[-103.364636,25.562872]]]}},{"type":"Feature","properties":{},"geometry":{"type":"Polygon","coordinates":[[[-103.364722,25.562826],[-103.364572,25.562593],[-103.364486,25.562638],[-103.364636,25.562872],[-103.364722,25.562826]]]}},{"type":"Feature","properties":{},"geometry":{"type":"Polygon","coordinates":[[[-103.364808,25.562781],[-103.364658,25.562547],[-103.364572,25.562593],[-103.364722,25.562826],[-103.364808,25.562781]]]}},{"type":"Feature","properties":{},"geometry":{"type":"Polygon","coordinates":[[[-103.364894,25.562735],[-103.364744,25.562502],[-103.364658,25.562547],[-103.364808,25.562781],[-103.364894,25.562735]]]}},{"type":"Feature","properties":{},"geometry":{"type":"Polygon","coordinates":[[[-103.36498,25.56269],[-103.36483,25.562456],[-103.364744,25.562502],[-103.364894,25.562735],[-103.36498,25.56269]]]}},{"type":"Feature","properties":{},"geometry":{"type":"Polygon","coordinates":[[[-103.365066,25.562645],[-103.364916,25.562411],[-103.36483,25.562456],[-103.36498,25.56269],[-103.365066,25.562645]]]}},{"type":"Feature","properties":{},"geometry":{"type":"Polygon","coordinates":[[[-103.365152,25.562599],[-103.365002,25.562365],[-103.364916,25.562411],[-103.365066,25.562645],[-103.365152,25.562599]]]}},{"type":"Feature","properties":{},"geometry":{"type":"Polygon","coordinates":[[[-103.365238,25.562554],[-103.365088,25.56232],[-103.365002,25.562365],[-103.365152,25.562599],[-103.365238,25.562554]]]}},{"type":"Feature","properties":{},"geometry":{"type":"Polygon","coordinates":[[[-103.365324,25.562508],[-103.365174,25.562274],[-103.365088,25.56232],[-103.365238,25.562554],[-103.365324,25.562508]]]}},{"type":"Feature","properties":{},"geometry":{"type":"Polygon","coordinates":[[[-103.36541,25.562463],[-103.36526,25.562229],[-103.365174,25.562274],[-103.365324,25.562508],[-103.36541,25.562463]]]}},{"type":"Feature","properties":{},"geometry":{"type":"Polygon","coordinates":[[[-103.365496,25.562417],[-103.365346,25.562183],[-103.36526,25.562229],[-103.36541,25.562463],[-103.365496,25.562417]]]}},{"type":"Feature","properties":{},"geometry":{"type":"Polygon","coordinates":[[[-103.365582,25.562372],[-103.365431,25.562138],[-103.365346,25.562183],[-103.365496,25.562417],[-103.365582,25.562372]]]}},{"type":"Feature","properties":{},"geometry":{"type":"Polygon","coordinates":[[[-103.365668,25.562326],[-103.365517,25.562092],[-103.365431,25.562138],[-103.365582,25.562372],[-103.365668,25.562326]]]}},{"type":"Feature","properties":{},"geometry":{"type":"Polygon","coordinates":[[[-103.365754,25.562281],[-103.365603,25.562047],[-103.365517,25.562092],[-103.365668,25.562326],[-103.365754,25.562281]]]}},{"type":"Feature","properties":{},"geometry":{"type":"Polygon","coordinates":[[[-103.36584,25.562235],[-103.365689,25.562001],[-103.365603,25.562047],[-103.365754,25.562281],[-103.36584,25.562235]]]}},{"type":"Feature","properties":{},"geometry":{"type":"Polygon","coordinates":[[[-103.366029,25.562135],[-103.365879,25.561901],[-103.365793,25.561947],[-103.365943,25.562181],[-103.366029,25.562135]]]}},{"type":"Feature","properties":{},"geometry":{"type":"Polygon","coordinates":[[[-103.366115,25.56209],[-103.365964,25.561856],[-103.365879,25.561901],[-103.366029,25.562135],[-103.366115,25.56209]]]}},{"type":"Feature","properties":{},"geometry":{"type":"Polygon","coordinates":[[[-103.366201,25.562044],[-103.36605,25.56181],[-103.365964,25.561856],[-103.366115,25.56209],[-103.366201,25.562044]]]}},{"type":"Feature","properties":{},"geometry":{"type":"Polygon","coordinates":[[[-103.366287,25.561999],[-103.366136,25.561765],[-103.36605,25.56181],[-103.366201,25.562044],[-103.366287,25.561999]]]}},{"type":"Feature","properties":{},"geometry":{"type":"Polygon","coordinates":[[[-103.366373,25.561953],[-103.366222,25.561719],[-103.366136,25.561765],[-103.366287,25.561999],[-103.366373,25.561953]]]}},{"type":"Feature","properties":{},"geometry":{"type":"Polygon","coordinates":[[[-103.366459,25.561908],[-103.366308,25.561674],[-103.366222,25.561719],[-103.366373,25.561953],[-103.366459,25.561908]]]}},{"type":"Feature","properties":{},"geometry":{"type":"Polygon","coordinates":[[[-103.366545,25.561862],[-103.366394,25.561628],[-103.366308,25.561674],[-103.366459,25.561908],[-103.366545,25.561862]]]}},{"type":"Feature","properties":{},"geometry":{"type":"Polygon","coordinates":[[[-103.366631,25.561817],[-103.36648,25.561583],[-103.366394,25.561628],[-103.366545,25.561862],[-103.366631,25.561817]]]}},{"type":"Feature","properties":{},"geometry":{"type":"Polygon","coordinates":[[[-103.366717,25.561771],[-103.366566,25.561537],[-103.36648,25.561583],[-103.366631,25.561817],[-103.366717,25.561771]]]}},{"type":"Feature","properties":{},"geometry":{"type":"Polygon","coordinates":[[[-103.366803,25.561726],[-103.366652,25.561492],[-103.366566,25.561537],[-103.366717,25.561771],[-103.366803,25.561726]]]}},{"type":"Feature","properties":{},"geometry":{"type":"Polygon","coordinates":[[[-103.366889,25.56168],[-103.366738,25.561446],[-103.366652,25.561492],[-103.366803,25.561726],[-103.366889,25.56168]]]}},{"type":"Feature","properties":{},"geometry":{"type":"Polygon","coordinates":[[[-103.366975,25.561635],[-103.366824,25.561401],[-103.366738,25.561446],[-103.366889,25.56168],[-103.366975,25.561635]]]}},{"type":"Feature","properties":{},"geometry":{"type":"Polygon","coordinates":[[[-103.367061,25.561589],[-103.36691,25.561355],[-103.366824,25.561401],[-103.366975,25.561635],[-103.367061,25.561589]]]}},{"type":"Feature","properties":{},"geometry":{"type":"Polygon","coordinates":[[[-103.367147,25.561544],[-103.366996,25.56131],[-103.36691,25.561355],[-103.367061,25.561589],[-103.367147,25.561544]]]}},{"type":"Feature","properties":{},"geometry":{"type":"Polygon","coordinates":[[[-103.367233,25.561498],[-103.367082,25.561264],[-103.366996,25.56131],[-103.367147,25.561544],[-103.367233,25.561498]]]}},{"type":"Feature","properties":{},"geometry":{"type":"Polygon","coordinates":[[[-103.367318,25.561453],[-103.367168,25.561219],[-103.367082,25.561264],[-103.367233,25.561498],[-103.367318,25.561453]]]}},{"type":"Feature","properties":{},"geometry":{"type":"Polygon","coordinates":[[[-103.367404,25.561407],[-103.367254,25.561174],[-103.367168,25.561219],[-103.367318,25.561453],[-103.367404,25.561407]]]}},{"type":"Feature","properties":{},"geometry":{"type":"Polygon","coordinates":[[[-103.367594,25.561307],[-103.367443,25.561073],[-103.367357,25.561119],[-103.367508,25.561353],[-103.367594,25.561307]]]}},{"type":"Feature","properties":{},"geometry":{"type":"Polygon","coordinates":[[[-103.36768,25.561262],[-103.367529,25.561028],[-103.367443,25.561073],[-103.367594,25.561307],[-103.36768,25.561262]]]}},{"type":"Feature","properties":{},"geometry":{"type":"Polygon","coordinates":[[[-103.367766,25.561216],[-103.367615,25.560983],[-103.367529,25.561028],[-103.36768,25.561262],[-103.367766,25.561216]]]}},{"type":"Feature","properties":{},"geometry":{"type":"Polygon","coordinates":[[[-103.367851,25.561171],[-103.367701,25.560937],[-103.367615,25.560983],[-103.367766,25.561216],[-103.367851,25.561171]]]}},{"type":"Feature","properties":{},"geometry":{"type":"Polygon","coordinates":[[[-103.367937,25.561125],[-103.367787,25.560892],[-103.367701,25.560937],[-103.367851,25.561171],[-103.367937,25.561125]]]}},{"type":"Feature","properties":{},"geometry":{"type":"Polygon","coordinates":[[[-103.368023,25.56108],[-103.367873,25.560846],[-103.367787,25.560892],[-103.367937,25.561125],[-103.368023,25.56108]]]}},{"type":"Feature","properties":{},"geometry":{"type":"Polygon","coordinates":[[[-103.368109,25.561035],[-103.367959,25.560801],[-103.367873,25.560846],[-103.368023,25.56108],[-103.368109,25.561035]]]}},{"type":"Feature","properties":{},"geometry":{"type":"Polygon","coordinates":[[[-103.368195,25.560989],[-103.368045,25.560755],[-103.367959,25.560801],[-103.368109,25.561035],[-103.368195,25.560989]]]}},{"type":"Feature","properties":{},"geometry":{"type":"Polygon","coordinates":[[[-103.368281,25.560944],[-103.368131,25.56071],[-103.368045,25.560755],[-103.368195,25.560989],[-103.368281,25.560944]]]}},{"type":"Feature","properties":{},"geometry":{"type":"Polygon","coordinates":[[[-103.368367,25.560898],[-103.368217,25.560664],[-103.368131,25.56071],[-103.368281,25.560944],[-103.368367,25.560898]]]}},{"type":"Feature","properties":{},"geometry":{"type":"Polygon","coordinates":[[[-103.368453,25.560853],[-103.368303,25.560619],[-103.368217,25.560664],[-103.368367,25.560898],[-103.368453,25.560853]]]}},{"type":"Feature","properties":{},"geometry":{"type":"Polygon","coordinates":[[[-103.368539,25.560807],[-103.368389,25.560573],[-103.368303,25.560619],[-103.368453,25.560853],[-103.368539,25.560807]]]}},{"type":"Feature","properties":{},"geometry":{"type":"Polygon","coordinates":[[[-103.368625,25.560762],[-103.368475,25.560528],[-103.368389,25.560573],[-103.368539,25.560807],[-103.368625,25.560762]]]}},{"type":"Feature","properties":{},"geometry":{"type":"Polygon","coordinates":[[[-103.368711,25.560716],[-103.368561,25.560482],[-103.368475,25.560528],[-103.368625,25.560762],[-103.368711,25.560716]]]}},{"type":"Feature","properties":{},"geometry":{"type":"Polygon","coordinates":[[[-103.368797,25.560671],[-103.368647,25.560437],[-103.368561,25.560482],[-103.368711,25.560716],[-103.368797,25.560671]]]}},{"type":"Feature","properties":{},"geometry":{"type":"Polygon","coordinates":[[[-103.368883,25.560625],[-103.368733,25.560391],[-103.368647,25.560437],[-103.368797,25.560671],[-103.368883,25.560625]]]}},{"type":"Feature","properties":{},"geometry":{"type":"Polygon","coordinates":[[[-103.368969,25.56058],[-103.368819,25.560346],[-103.368733,25.560391],[-103.368883,25.560625],[-103.368969,25.56058]]]}},{"type":"Feature","properties":{},"geometry":{"type":"Polygon","coordinates":[[[-103.369158,25.56048],[-103.369008,25.560246],[-103.368922,25.560291],[-103.369072,25.560525],[-103.369158,25.56048]]]}},{"type":"Feature","properties":{},"geometry":{"type":"Polygon","coordinates":[[[-103.361485,25.564852],[-103.361335,25.564618],[-103.361249,25.564664],[-103.361399,25.564898],[-103.361485,25.564852]]]}},{"type":"Feature","properties":{},"geometry":{"type":"Polygon","coordinates":[[[-103.361571,25.564807],[-103.361421,25.564573],[-103.361335,25.564618],[-103.361485,25.564852],[-103.361571,25.564807]]]}},{"type":"Feature","properties":{},"geometry":{"type":"Polygon","coordinates":[[[-103.361657,25.564761],[-103.361507,25.564527],[-103.361421,25.564573],[-103.361571,25.564807],[-103.361657,25.564761]]]}},{"type":"Feature","properties":{},"geometry":{"type":"Polygon","coordinates":[[[-103.361743,25.564716],[-103.361593,25.564482],[-103.361507,25.564527],[-103.361657,25.564761],[-103.361743,25.564716]]]}},{"type":"Feature","properties":{},"geometry":{"type":"Polygon","coordinates":[[[-103.361829,25.56467],[-103.361679,25.564436],[-103.361593,25.564482],[-103.361743,25.564716],[-103.361829,25.56467]]]}},{"type":"Feature","properties":{},"geometry":{"type":"Polygon","coordinates":[[[-103.361915,25.564625],[-103.361765,25.564391],[-103.361679,25.564436],[-103.361829,25.56467],[-103.361915,25.564625]]]}},{"type":"Feature","properties":{},"geometry":{"type":"Polygon","coordinates":[[[-103.362001,25.564579],[-103.361851,25.564345],[-103.361765,25.564391],[-103.361915,25.564625],[-103.362001,25.564579]]]}},{"type":"Feature","properties":{},"geometry":{"type":"Polygon","coordinates":[[[-103.362087,25.564534],[-103.361937,25.5643],[-103.361851,25.564345],[-103.362001,25.564579],[-103.362087,25.564534]]]}},{"type":"Feature","properties":{},"geometry":{"type":"Polygon","coordinates":[[[-103.362173,25.564488],[-103.362023,25.564254],[-103.361937,25.5643],[-103.362087,25.564534],[-103.362173,25.564488]]]}},{"type":"Feature","properties":{},"geometry":{"type":"Polygon","coordinates":[[[-103.362259,25.564443],[-103.362109,25.564209],[-103.362023,25.564254],[-103.362173,25.564488],[-103.362259,25.564443]]]}},{"type":"Feature","properties":{},"geometry":{"type":"Polygon","coordinates":[[[-103.362345,25.564397],[-103.362195,25.564164],[-103.362109,25.564209],[-103.362259,25.564443],[-103.362345,25.564397]]]}},{"type":"Feature","properties":{},"geometry":{"type":"Polygon","coordinates":[[[-103.362431,25.564352],[-103.362281,25.564118],[-103.362195,25.564164],[-103.362345,25.564397],[-103.362431,25.564352]]]}},{"type":"Feature","properties":{},"geometry":{"type":"Polygon","coordinates":[[[-103.362517,25.564307],[-103.362367,25.564073],[-103.362281,25.564118],[-103.362431,25.564352],[-103.362517,25.564307]]]}},{"type":"Feature","properties":{},"geometry":{"type":"Polygon","coordinates":[[[-103.362603,25.564261],[-103.362453,25.564027],[-103.362367,25.564073],[-103.362517,25.564307],[-103.362603,25.564261]]]}},{"type":"Feature","properties":{},"geometry":{"type":"Polygon","coordinates":[[[-103.362689,25.564216],[-103.362538,25.563982],[-103.362453,25.564027],[-103.362603,25.564261],[-103.362689,25.564216]]]}},{"type":"Feature","properties":{},"geometry":{"type":"Polygon","coordinates":[[[-103.362775,25.56417],[-103.362624,25.563936],[-103.362538,25.563982],[-103.362689,25.564216],[-103.362775,25.56417]]]}},{"type":"Feature","properties":{},"geometry":{"type":"Polygon","coordinates":[[[-103.362861,25.564125],[-103.36271,25.563891],[-103.362624,25.563936],[-103.362775,25.56417],[-103.362861,25.564125]]]}},{"type":"Feature","properties":{},"geometry":{"type":"Polygon","coordinates":[[[-103.36305,25.564025],[-103.3629,25.563791],[-103.362814,25.563836],[-103.362964,25.56407],[-103.36305,25.564025]]]}},{"type":"Feature","properties":{},"geometry":{"type":"Polygon","coordinates":[[[-103.363136,25.563979],[-103.362986,25.563745],[-103.3629,25.563791],[-103.36305,25.564025],[-103.363136,25.563979]]]}},{"type":"Feature","properties":{},"geometry":{"type":"Polygon","coordinates":[[[-103.363222,25.563934],[-103.363072,25.5637],[-103.362986,25.563745],[-103.363136,25.563979],[-103.363222,25.563934]]]}},{"type":"Feature","properties":{},"geometry":{"type":"Polygon","coordinates":[[[-103.363308,25.563888],[-103.363157,25.563654],[-103.363072,25.5637],[-103.363222,25.563934],[-103.363308,25.563888]]]}},{"type":"Feature","properties":{},"geometry":{"type":"Polygon","coordinates":[[[-103.363394,25.563843],[-103.363243,25.563609],[-103.363157,25.563654],[-103.363308,25.563888],[-103.363394,25.563843]]]}},{"type":"Feature","properties":{},"geometry":{"type":"Polygon","coordinates":[[[-103.36348,25.563797],[-103.363329,25.563563],[-103.363243,25.563609],[-103.363394,25.563843],[-103.36348,25.563797]]]}},{"type":"Feature","properties":{},"geometry":{"type":"Polygon","coordinates":[[[-103.363566,25.563752],[-103.363415,25.563518],[-103.363329,25.563563],[-103.36348,25.563797],[-103.363566,25.563752]]]}},{"type":"Feature","properties":{},"geometry":{"type":"Polygon","coordinates":[[[-103.363652,25.563706],[-103.363501,25.563472],[-103.363415,25.563518],[-103.363566,25.563752],[-103.363652,25.563706]]]}},{"type":"Feature","properties":{},"geometry":{"type":"Polygon","coordinates":[[[-103.363738,25.563661],[-103.363587,25.563427],[-103.363501,25.563472],[-103.363652,25.563706],[-103.363738,25.563661]]]}},{"type":"Feature","properties":{},"geometry":{"type":"Polygon","coordinates":[[[-103.363824,25.563615],[-103.363673,25.563381],[-103.363587,25.563427],[-103.363738,25.563661],[-103.363824,25.563615]]]}},{"type":"Feature","properties":{},"geometry":{"type":"Polygon","coordinates":[[[-103.36391,25.56357],[-103.363759,25.563336],[-103.363673,25.563381],[-103.363824,25.563615],[-103.36391,25.56357]]]}},{"type":"Feature","properties":{},"geometry":{"type":"Polygon","coordinates":[[[-103.363996,25.563524],[-103.363845,25.56329],[-103.363759,25.563336],[-103.36391,25.56357],[-103.363996,25.563524]]]}},{"type":"Feature","properties":{},"geometry":{"type":"Polygon","coordinates":[[[-103.364082,25.563479],[-103.363931,25.563245],[-103.363845,25.56329],[-103.363996,25.563524],[-103.364082,25.563479]]]}},{"type":"Feature","properties":{},"geometry":{"type":"Polygon","coordinates":[[[-103.364168,25.563433],[-103.364017,25.563199],[-103.363931,25.563245],[-103.364082,25.563479],[-103.364168,25.563433]]]}},{"type":"Feature","properties":{},"geometry":{"type":"Polygon","coordinates":[[[-103.364254,25.563388],[-103.364103,25.563154],[-103.364017,25.563199],[-103.364168,25.563433],[-103.364254,25.563388]]]}},{"type":"Feature","properties":{},"geometry":{"type":"Polygon","coordinates":[[[-103.36434,25.563342],[-103.364189,25.563108],[-103.364103,25.563154],[-103.364254,25.563388],[-103.36434,25.563342]]]}},{"type":"Feature","properties":{},"geometry":{"type":"Polygon","coordinates":[[[-103.364426,25.563297],[-103.364275,25.563063],[-103.364189,25.563108],[-103.36434,25.563342],[-103.364426,25.563297]]]}},{"type":"Feature","properties":{},"geometry":{"type":"Polygon","coordinates":[[[-103.364615,25.563197],[-103.364464,25.562963],[-103.364378,25.563008],[-103.364529,25.563242],[-103.364615,25.563197]]]}},{"type":"Feature","properties":{},"geometry":{"type":"Polygon","coordinates":[[[-103.364701,25.563151],[-103.36455,25.562917],[-103.364464,25.562963],[-103.364615,25.563197],[-103.364701,25.563151]]]}},{"type":"Feature","properties":{},"geometry":{"type":"Polygon","coordinates":[[[-103.364787,25.563106],[-103.364636,25.562872],[-103.36455,25.562917],[-103.364701,25.563151],[-103.364787,25.563106]]]}},{"type":"Feature","properties":{},"geometry":{"type":"Polygon","coordinates":[[[-103.364873,25.56306],[-103.364722,25.562826],[-103.364636,25.562872],[-103.364787,25.563106],[-103.364873,25.56306]]]}},{"type":"Feature","properties":{},"geometry":{"type":"Polygon","coordinates":[[[-103.364959,25.563015],[-103.364808,25.562781],[-103.364722,25.562826],[-103.364873,25.56306],[-103.364959,25.563015]]]}},{"type":"Feature","properties":{},"geometry":{"type":"Polygon","coordinates":[[[-103.365045,25.562969],[-103.364894,25.562735],[-103.364808,25.562781],[-103.364959,25.563015],[-103.365045,25.562969]]]}},{"type":"Feature","properties":{},"geometry":{"type":"Polygon","coordinates":[[[-103.365131,25.562924],[-103.36498,25.56269],[-103.364894,25.562735],[-103.365045,25.562969],[-103.365131,25.562924]]]}},{"type":"Feature","properties":{},"geometry":{"type":"Polygon","coordinates":[[[-103.365216,25.562878],[-103.365066,25.562645],[-103.36498,25.56269],[-103.365131,25.562924],[-103.365216,25.562878]]]}},{"type":"Feature","properties":{},"geometry":{"type":"Polygon","coordinates":[[[-103.365302,25.562833],[-103.365152,25.562599],[-103.365066,25.562645],[-103.365216,25.562878],[-103.365302,25.562833]]]}},{"type":"Feature","properties":{},"geometry":{"type":"Polygon","coordinates":[[[-103.365388,25.562788],[-103.365238,25.562554],[-103.365152,25.562599],[-103.365302,25.562833],[-103.365388,25.562788]]]}},{"type":"Feature","properties":{},"geometry":{"type":"Polygon","coordinates":[[[-103.365474,25.562742],[-103.365324,25.562508],[-103.365238,25.562554],[-103.365388,25.562788],[-103.365474,25.562742]]]}},{"type":"Feature","properties":{},"geometry":{"type":"Polygon","coordinates":[[[-103.36556,25.562697],[-103.36541,25.562463],[-103.365324,25.562508],[-103.365474,25.562742],[-103.36556,25.562697]]]}},{"type":"Feature","properties":{},"geometry":{"type":"Polygon","coordinates":[[[-103.365646,25.562651],[-103.365496,25.562417],[-103.36541,25.562463],[-103.36556,25.562697],[-103.365646,25.562651]]]}},{"type":"Feature","properties":{},"geometry":{"type":"Polygon","coordinates":[[[-103.365732,25.562606],[-103.365582,25.562372],[-103.365496,25.562417],[-103.365646,25.562651],[-103.365732,25.562606]]]}},{"type":"Feature","properties":{},"geometry":{"type":"Polygon","coordinates":[[[-103.365818,25.56256],[-103.365668,25.562326],[-103.365582,25.562372],[-103.365732,25.562606],[-103.365818,25.56256]]]}},{"type":"Feature","properties":{},"geometry":{"type":"Polygon","coordinates":[[[-103.365904,25.562515],[-103.365754,25.562281],[-103.365668,25.562326],[-103.365818,25.56256],[-103.365904,25.562515]]]}},{"type":"Feature","properties":{},"geometry":{"type":"Polygon","coordinates":[[[-103.36599,25.562469],[-103.36584,25.562235],[-103.365754,25.562281],[-103.365904,25.562515],[-103.36599,25.562469]]]}},{"type":"Feature","properties":{},"geometry":{"type":"Polygon","coordinates":[[[-103.366179,25.562369],[-103.366029,25.562135],[-103.365943,25.562181],[-103.366093,25.562415],[-103.366179,25.562369]]]}},{"type":"Feature","properties":{},"geometry":{"type":"Polygon","coordinates":[[[-103.366265,25.562324],[-103.366115,25.56209],[-103.366029,25.562135],[-103.366179,25.562369],[-103.366265,25.562324]]]}},{"type":"Feature","properties":{},"geometry":{"type":"Polygon","coordinates":[[[-103.366351,25.562278],[-103.366201,25.562044],[-103.366115,25.56209],[-103.366265,25.562324],[-103.366351,25.562278]]]}},{"type":"Feature","properties":{},"geometry":{"type":"Polygon","coordinates":[[[-103.366437,25.562233],[-103.366287,25.561999],[-103.366201,25.562044],[-103.366351,25.562278],[-103.366437,25.562233]]]}},{"type":"Feature","properties":{},"geometry":{"type":"Polygon","coordinates":[[[-103.366523,25.562187],[-103.366373,25.561953],[-103.366287,25.561999],[-103.366437,25.562233],[-103.366523,25.562187]]]}},{"type":"Feature","properties":{},"geometry":{"type":"Polygon","coordinates":[[[-103.366609,25.562142],[-103.366459,25.561908],[-103.366373,25.561953],[-103.366523,25.562187],[-103.366609,25.562142]]]}},{"type":"Feature","properties":{},"geometry":{"type":"Polygon","coordinates":[[[-103.366695,25.562096],[-103.366545,25.561862],[-103.366459,25.561908],[-103.366609,25.562142],[-103.366695,25.562096]]]}},{"type":"Feature","properties":{},"geometry":{"type":"Polygon","coordinates":[[[-103.366781,25.562051],[-103.366631,25.561817],[-103.366545,25.561862],[-103.366695,25.562096],[-103.366781,25.562051]]]}},{"type":"Feature","properties":{},"geometry":{"type":"Polygon","coordinates":[[[-103.366867,25.562005],[-103.366717,25.561771],[-103.366631,25.561817],[-103.366781,25.562051],[-103.366867,25.562005]]]}},{"type":"Feature","properties":{},"geometry":{"type":"Polygon","coordinates":[[[-103.366953,25.56196],[-103.366803,25.561726],[-103.366717,25.561771],[-103.366867,25.562005],[-103.366953,25.56196]]]}},{"type":"Feature","properties":{},"geometry":{"type":"Polygon","coordinates":[[[-103.367039,25.561914],[-103.366889,25.56168],[-103.366803,25.561726],[-103.366953,25.56196],[-103.367039,25.561914]]]}},{"type":"Feature","properties":{},"geometry":{"type":"Polygon","coordinates":[[[-103.367125,25.561869],[-103.366975,25.561635],[-103.366889,25.56168],[-103.367039,25.561914],[-103.367125,25.561869]]]}},{"type":"Feature","properties":{},"geometry":{"type":"Polygon","coordinates":[[[-103.367211,25.561823],[-103.367061,25.561589],[-103.366975,25.561635],[-103.367125,25.561869],[-103.367211,25.561823]]]}},{"type":"Feature","properties":{},"geometry":{"type":"Polygon","coordinates":[[[-103.367297,25.561778],[-103.367147,25.561544],[-103.367061,25.561589],[-103.367211,25.561823],[-103.367297,25.561778]]]}},{"type":"Feature","properties":{},"geometry":{"type":"Polygon","coordinates":[[[-103.367383,25.561732],[-103.367233,25.561498],[-103.367147,25.561544],[-103.367297,25.561778],[-103.367383,25.561732]]]}},{"type":"Feature","properties":{},"geometry":{"type":"Polygon","coordinates":[[[-103.367469,25.561687],[-103.367318,25.561453],[-103.367233,25.561498],[-103.367383,25.561732],[-103.367469,25.561687]]]}},{"type":"Feature","properties":{},"geometry":{"type":"Polygon","coordinates":[[[-103.367555,25.561641],[-103.367404,25.561407],[-103.367318,25.561453],[-103.367469,25.561687],[-103.367555,25.561641]]]}}]}